# exported by v3d-codec
mtllib model.mtl
o surface_7
v -0.24997334 0.350098 0.0873621
v -0.24820422 0.35277975 0.041772045
v -0.25716645 0.32929185 0.05647796
v -0.25671238 0.3175652 0.032015212
v -0.25186008 0.28811777 0.0020638185
v -0.25057358 0.31047046 -0.0013379239
v -0.2490716 0.332444 0.013997227
v -0.24210493 0.3767872 0.0770182
v -0.2426239 0.30218914 -0.024427354
v -0.23932643 0.3293389 -0.010813005
v -0.24140754 0.3424816 0.012525604
v -0.24025667 0.27469182 -0.026725607
v -0.23883907 0.37680387 0.038790055
v -0.23903176 0.35956594 -0.00047705276
v -0.23136851 0.38905045 0.019402219
v -0.22641884 0.3220695 -0.03630316
v -0.22902425 0.37874162 -0.023732616
v -0.23450649 0.34133443 -0.023271548
v -0.2296842 0.40800834 0.078409
v -0.23123898 0.3600886 -0.04035433
v -0.22932827 0.3024149 -0.047976542
v -0.23778923 0.38908935 0.11457086
v -0.22945613 0.41314775 0.12233037
v -0.22693186 0.26279747 -0.048245113
v -0.22636521 0.4078284 0.047725018
v -0.23026998 0.29889563 -0.08282419
v -0.22788906 0.26755077 -0.087309234
v -0.22554913 0.41287112 -0.0072204266
v -0.22020021 0.27328753 -0.12830539
v -0.2229173 0.3858187 -0.048451684
v -0.22262108 0.31073102 -0.11683461
v -0.22367781 0.42828202 0.02857942
v -0.21938519 0.42715788 0.09842695
v -0.21595223 0.43925625 0.14288536
v -0.22093987 0.41500992 0.0685968
v -0.2226601 0.31908536 -0.08195337
v -0.21822424 0.43607503 -0.0044956305
v -0.21474926 0.36581385 -0.0888136
v -0.2217299 0.44751728 0.051862735
v -0.22302201 0.46536803 0.055330984
v -0.21693747 0.45867303 0.013394878
v -0.2142839 0.48525432 0.027471062
v -0.21189278 0.4193915 -0.061258275
v -0.21535654 0.48805684 0.06792001
v -0.2173237 0.33173764 -0.066426106
v -0.2124099 0.33163884 -0.11383216
v -0.21866898 0.29568267 -0.14348595
v -0.2076148 0.45028156 -0.018707622
v -0.21245182 0.3913802 -0.10777636
v -0.2092785 0.34001905 -0.09576439
v -0.20653778 0.5041991 0.055316757
v -0.20548931 0.31201455 -0.1643255
v -0.2136677 0.43356997 0.08848155
v -0.21123137 0.44445524 0.11384743
v -0.20919761 0.48728988 0.005048925
v -0.20581032 0.27893445 -0.16953374
v -0.2095522 0.4672419 -0.013996316
v -0.19732757 0.44589096 -0.059126258
v -0.19644482 0.42629367 -0.114300214
v -0.20139523 0.50418985 0.020416198
v -0.20552956 0.45597255 0.14021161
v -0.19270031 0.49345952 -0.018700825
v -0.19977328 0.40120205 -0.15012686
v -0.20699506 0.3778571 -0.13112609
v -0.19439328 0.3344755 -0.16348508
v -0.20139523 0.50418985 0.020416198
v -0.19270031 0.49345952 -0.018700825
v -0.20919761 0.48728988 0.005048925
v -0.1966583 0.47029158 -0.03273191
v -0.1993825 0.35581762 -0.11857356
v -0.19287498 0.2988329 -0.19645637
v -0.20653778 0.5041991 0.055316757
v -0.19388086 0.5183859 0.06525469
v -0.1918151 0.46366292 -0.048207648
v -0.18896347 0.51529664 0.02548356
v -0.19061027 0.49077877 -0.042182405
v -0.1817987 0.42617792 -0.1629103
v -0.19174412 0.38212925 -0.17386223
v -0.17849717 0.41391137 -0.19020222
v -0.1881883 0.46887583 -0.07517517
v -0.18230441 0.45254627 -0.09410683
v -0.18943147 0.34757197 -0.18296464
v -0.1880131 0.32970768 -0.2099183
v -0.18838957 0.36038142 -0.15636413
v -0.1834999 0.30727273 -0.23048714
v -0.18092786 0.5222109 0.047079977
v -0.18126704 0.501539 -0.064030685
v -0.18466431 0.4794273 -0.09231031
v -0.18491173 0.34881112 -0.21110317
v -0.18063338 0.52584064 0.0768135
v -0.18301924 0.36899137 -0.17732047
v -0.17412394 0.474924 -0.12103965
v -0.18347211 0.36394873 -0.18814193
v -0.1690445 0.5261731 -0.007820465
v -0.17624293 0.48927116 -0.10739495
v -0.1723501 0.35008088 -0.24929395
v -0.16849239 0.5346905 0.037316613
v -0.18126704 0.501539 -0.064030685
v -0.17809139 0.44182882 -0.12623304
v -0.16770996 0.4411739 -0.15167877
v -0.17420527 0.40152633 -0.20695025
v -0.16725777 0.37132284 -0.23265846
v -0.174484 0.44977874 -0.11642394
v -0.17234613 0.37851834 -0.20249116
v -0.17447996 0.33071578 -0.25871354
v -0.17624293 0.48927116 -0.10739495
v -0.1669544 0.5002516 -0.10991175
v -0.16460781 0.43476793 -0.17882307
v -0.17221288 0.52798814 0.07470074
v -0.17058742 0.31322107 -0.26763007
v -0.16044264 0.5251114 -0.043207437
v -0.16237767 0.45989013 -0.1435348
v -0.16283348 0.41300833 -0.22070771
v -0.17525141 0.522815 0.11292357
v -0.16245222 0.44858357 -0.14020544
v -0.15597153 0.33908656 -0.2952356
v -0.15961128 0.5142756 -0.09404021
v -0.1669544 0.5002516 -0.10991175
v -0.16006346 0.5390835 0.07978611
v -0.15686981 0.48958558 -0.14203277
v -0.14525229 0.47561225 -0.16407822
v -0.16084924 0.42551768 -0.21049944
v -0.15995383 0.39026076 -0.21872583
v -0.1558745 0.43780097 -0.19378066
v -0.1548175 0.28536183 -0.3103113
v -0.14997086 0.31607705 -0.3237022
v -0.15318029 0.437947 -0.23002636
v -0.1525969 0.41670272 -0.2676747
v -0.1505235 0.5327186 -0.03222829
v -0.15321381 0.44782093 -0.16034876
v -0.1521272 0.3896709 -0.24212645
v -0.14512523 0.37256593 -0.28588247
v -0.14766599 0.50247794 -0.1363092
v -0.15961128 0.5142756 -0.09404021
v -0.1458314 0.5411201 -0.013607894
v -0.14885716 0.4522603 -0.19070438
v -0.14726792 0.42874372 -0.2739845
v -0.1347227 0.4936586 -0.16237792
v -0.14427346 0.46069685 -0.16894476
v -0.13846995 0.44257498 -0.26671398
v -0.14430626 0.29443732 -0.35739288
v -0.13329741 0.54163224 -0.03827504
v -0.13511178 0.4594072 -0.2107892
v -0.14676505 0.40042928 -0.2668961
v -0.14174055 0.33961985 -0.3301169
v -0.1380757 0.46158573 -0.18699904
v -0.119949974 0.45862764 -0.24040714
v -0.13414295 0.43183985 -0.29683158
v -0.13750285 0.31674933 -0.36489418
v -0.13757665 0.53081715 -0.06423761
v -0.13563184 0.35514012 -0.32221425
v -0.13351114 0.33839583 -0.35518855
v -0.12385448 0.42320636 -0.32364178
v -0.13244101 0.46491006 -0.17870298
v -0.13068762 0.392432 -0.29075763
v -0.12983437 0.4104511 -0.31929243
v -0.132783 0.30085588 -0.38535368
v -0.12553799 0.48278853 -0.17822096
v -0.12743735 0.3766394 -0.31460634
v -0.122508995 0.35330322 -0.350894
v -0.12794079 0.46276942 -0.19604498
v -0.12444204 0.33809057 -0.3880654
v -0.11895802 0.44604996 -0.28941166
v -0.119407676 0.3646 -0.33256873
v -0.12484424 0.32544005 -0.3980841
v -0.120006375 0.47471565 -0.20308842
v -0.11308642 0.43895373 -0.31442228
v -0.11448381 0.498775 -0.16798247
v -0.11939097 0.38419482 -0.31858495
v -0.112854935 0.4126011 -0.34519336
v -0.11719193 0.35590386 -0.37053326
v -0.11186447 0.32307327 -0.42060217
v -0.10855409 0.38957134 -0.32389215
v -0.11355888 0.3750875 -0.33805224
v -0.11990392 0.29613972 -0.40529543
v -0.11248598 0.34299132 -0.4097368
v -0.1081685 0.49153182 -0.20063998
v -0.11448202 0.3530842 -0.39306623
v -0.112159185 0.3675305 -0.3488695
v -0.10340683 0.42372167 -0.347596
v -0.0946878 0.5023117 -0.19481315
v -0.103956334 0.47430566 -0.24082144
v -0.10912275 0.30996147 -0.4266323
v -0.094214045 0.43315685 -0.3429838
v -0.10186924 0.45483294 -0.27325937
v -0.094510704 0.44820905 -0.30602556
v -0.09658457 0.38239494 -0.34319025
v -0.10227564 0.3739858 -0.35806188
v -0.10012843 0.54974246 -0.024613878
v -0.111363955 0.5411138 -0.042893022
v -0.104868956 0.5476048 -0.00037197565
v -0.1011275 0.36717162 -0.37674728
v -0.10289271 0.3545474 -0.40571862
v -0.10161557 0.5461664 -0.046248186
v -0.110214226 0.53204614 -0.07791067
v -0.09796835 0.5255792 -0.12362253
v -0.10815062 0.5163631 -0.12810376
v -0.10318636 0.3223174 -0.430376
v -0.09557407 0.35803533 -0.3965825
v -0.09533767 0.54639876 -0.0708977
v -0.10095778 0.53451854 -0.09197645
v -0.0952151 0.3493893 -0.43009144
v -0.09574186 0.5143024 -0.15692541
v -0.09203052 0.33736685 -0.44394693
v -0.09186589 0.48791227 -0.23786469
v -0.09329188 0.466056 -0.2710795
v -0.07624362 0.41500568 -0.37741786
v -0.086895585 0.53786147 -0.11328809
v -0.08259031 0.5139223 -0.17869683
v -0.088721335 0.36937693 -0.38432518
v -0.08218741 0.46296215 -0.29442275
v -0.089276195 0.40540802 -0.37366354
v -0.093582466 0.38498104 -0.3374284
v -0.09229612 0.3860109 -0.33729854
v -0.08525139 0.3592849 -0.4150038
v -0.09254136 0.3849871 -0.3376229
v -0.09975242 0.39006865 -0.3384051
v -0.09254136 0.3849871 -0.3376229
v -0.09658457 0.38239494 -0.34319025
v -0.0853573 0.3844126 -0.3444385
v -0.08377225 0.5493577 -0.0852745
v -0.08085488 0.5264852 -0.1490441
v -0.08395422 0.34985262 -0.44530848
v -0.065387644 0.48143253 -0.277546
v -0.07054026 0.45180416 -0.32751355
v -0.0817423 0.37957975 -0.35725942
v -0.07803478 0.3849029 -0.36737168
v -0.082564756 0.37017673 -0.38971084
v -0.07763295 0.38082457 -0.39839822
v -0.07771199 0.35920563 -0.43323305
v -0.08056499 0.3660159 -0.40404335
v -0.08015851 0.3618632 -0.42253903
v -0.07648059 0.37183696 -0.41572338
v -0.07237678 0.36680403 -0.41492802
v -0.07082495 0.35872433 -0.42359486
v -0.07025142 0.38073784 -0.42578116
v -0.06586487 0.40172604 -0.39045906
v -0.05902413 0.38800302 -0.4367726
v -0.061326776 0.38180956 -0.4460023
v -0.06433228 0.36603594 -0.4286953
v -0.045712035 0.3905224 -0.4651712
v -0.22641884 0.3220695 -0.03630316
v -0.23932643 0.3293389 -0.010813005
v -0.23450649 0.34133443 -0.023271548
v -0.22664444 0.3374969 -0.046960615
v -0.23123898 0.3600886 -0.04035433
v -0.21474926 0.36581385 -0.0888136
v -0.2173237 0.33173764 -0.066426106
v -0.2092785 0.34001905 -0.09576439
v -0.21245182 0.3913802 -0.10777636
v -0.20699506 0.3778571 -0.13112609
v -0.1993825 0.35581762 -0.11857356
v -0.20514943 0.36627963 -0.12114049
v -0.19580047 0.36483964 -0.14781347
v -0.19977328 0.40120205 -0.15012686
v -0.19174412 0.38212925 -0.17386223
v -0.18838957 0.36038142 -0.15636413
v -0.18301924 0.36899137 -0.17732047
v -0.17952806 0.38115385 -0.19664438
v -0.17420527 0.40152633 -0.20695025
v -0.17234613 0.37851834 -0.20249116
v -0.16670017 0.39667773 -0.21814221
v -0.16283348 0.41300833 -0.22070771
v -0.15995383 0.39026076 -0.21872583
v -0.15699732 0.4011013 -0.22958468
v -0.1525969 0.41670272 -0.2676747
v -0.1521272 0.3896709 -0.24212645
v -0.14676505 0.40042928 -0.2668961
v -0.1335918 0.40233117 -0.30275774
v -0.12983437 0.4104511 -0.31929243
v -0.13068762 0.392432 -0.29075763
v -0.10855409 0.38957134 -0.32389215
v -0.115018934 0.40252388 -0.33774766
v -0.112854935 0.4126011 -0.34519336
v -0.09975242 0.39006865 -0.3384051
v -0.09834193 0.39966446 -0.35827923
v -0.089276195 0.40540802 -0.37366354
v -0.08116512 0.3917616 -0.3646574
v -0.09116015 0.38633597 -0.33959302
v -0.09229612 0.3860109 -0.33729854
v -0.10855409 0.38957134 -0.32389215
v -0.09975242 0.39006865 -0.3384051
v -0.09658457 0.38239494 -0.34319025
v -0.09975242 0.39006865 -0.3384051
v -0.09116015 0.38633597 -0.33959302
v -0.09254136 0.3849871 -0.3376229
v -0.0853573 0.3844126 -0.3444385
v -0.09229612 0.3860109 -0.33729854
v -0.08249418 0.39762205 -0.37353674
v -0.07803478 0.3849029 -0.36737168
v -0.06586487 0.40172604 -0.39045906
v -0.06136005 0.39420485 -0.38544118
v -0.051636487 0.39651787 -0.3935595
v -0.044885967 0.40250367 -0.3963843
v -0.03593417 0.39814216 -0.39380136
v -0.21664515 0.011669129 0.12664446
v -0.21054226 0.013581276 0.1391132
v -0.2222847 0.02037543 0.14171214
v -0.2205771 0.015558362 0.14816035
v -0.20318857 0.008484155 0.12691939
v -0.18651524 0.0069580376 0.10629371
v -0.20064758 0.0092128515 0.10176436
v -0.18865184 0.013955116 0.14242199
v -0.17950478 0.007939458 0.12595354
v -0.18251753 0.006140232 0.079753235
v -0.15891515 0.009461522 0.14799756
v -0.16459829 0.015337616 0.15196726
v -0.16210274 0.0042227805 0.06291931
v -0.14427774 0.00779891 0.1276359
v -0.16594428 0.0056479275 0.049324423
v -0.14957434 0.0060237646 0.09025262
v -0.13642815 0.001986742 0.025351508
v -0.15096818 0.006958604 0.009952509
v -0.13685659 0.014193147 0.17169489
v -0.13345057 0.0042980015 0.06850953
v -0.12379193 0.008780897 0.16558847
v -0.13550358 0.0043911934 -0.019697784
v -0.08846822 0.008043706 0.13471201
v -0.123728 0.0046100914 -0.007481044
v -0.106939554 0.0062357187 0.09236144
v -0.12306444 0.006112963 -0.029960353
v -0.10082284 0.0031801164 0.05044473
v -0.12105188 0.014178395 -0.0242083
v -0.12730844 0.011258334 -0.032795664
v -0.1195319 0.015845269 -0.013524388
v -0.11359546 0.011799693 -0.027560674
v -0.11548709 0.009992331 -0.035086922
v -0.11563448 0.01851663 -0.021404566
v -0.11298985 0.002171576 0.0026521494
v -0.11709312 0.014350563 -0.009572549
v -0.115479335 0.014000773 0.19004239
v -0.115241714 0.014936984 -0.011882255
v -0.11056646 0.006372243 -0.014120843
v -0.09585601 0.0108065605 0.16970673
v -0.1046123 0.0025615394 -0.01337243
v -0.09448002 0.0018157363 0.011927784
v -0.10119078 0.006285548 -0.020343337
v -0.08775501 0.0069828928 0.0030338618
v -0.0946252 0.009899795 -0.01475571
v -0.08124197 0.0038921535 0.03398901
v -0.066929415 0.0056183636 0.059512366
v -0.074487194 0.011512607 0.15026939
v -0.05483625 0.006778896 0.096254736
v -0.068944104 0.00882718 0.041736938
v -0.055569027 0.009974927 0.13461252
v -0.044140108 0.0117818415 0.08099425
v -0.026918525 0.010581136 0.12632431
v -0.022712996 0.0129549205 0.117955364
v -0.036371097 0.013259053 0.13374285
v -0.0249183 0.017659098 0.13489303
v -0.012515904 0.010577887 0.14245081
v -0.2125356 0.027965903 0.13757792
v -0.2222847 0.02037543 0.14171214
v -0.2205771 0.015558362 0.14816035
v -0.20594296 0.02079457 0.13888672
v -0.21054226 0.013581276 0.1391132
v -0.18344389 0.022242278 0.14325978
v -0.18865184 0.013955116 0.14242199
v -0.16459829 0.015337616 0.15196726
v -0.15644656 0.01973483 0.15401724
v -0.13685659 0.014193147 0.17169489
v -0.2125356 0.027965903 0.13757792
v -0.18988764 0.026384205 0.12719384
v -0.20251496 0.03239119 0.12335022
v -0.18344389 0.022242278 0.14325978
v -0.20216644 0.027809441 0.11095519
v -0.18022428 0.029784292 0.084905766
v -0.16660334 0.03638789 0.08609703
v -0.15898079 0.020758986 0.13620809
v -0.16584194 0.025312036 0.1006314
v -0.15644656 0.01973483 0.15401724
v -0.1530016 0.04241419 0.051641572
v -0.14876899 0.026785582 0.07795565
v -0.14963311 0.023004115 0.10898087
v -0.14874515 0.041684 0.06729807
v -0.1371476 0.026505858 0.088809505
v -0.13562764 0.023228437 0.12546435
v -0.13819258 0.03042388 0.06746909
v -0.13685659 0.014193147 0.17169489
v -0.1305992 0.021446556 0.15722945
v -0.13150534 0.03130597 0.08198739
v -0.12972727 0.027622372 0.10902653
v -0.12792999 0.026043296 0.13172752
v -0.16044264 0.5251114 -0.043207437
v -0.13757665 0.53081715 -0.06423761
v -0.15961128 0.5142756 -0.09404021
v -0.16849239 0.5346905 0.037316613
v -0.16006346 0.5390835 0.07978611
v -0.13869137 0.54403716 0.05212429
v -0.17525141 0.522815 0.11292357
v -0.13391443 0.54184276 0.09079098
v -0.13412936 0.5436885 0.005777381
v -0.1458314 0.5411201 -0.013607894
v -0.14536792 0.52838284 0.13425757
v -0.13043731 0.519414 -0.1159275
v -0.14766599 0.50247794 -0.1363092
v -0.1505235 0.5327186 -0.03222829
v -0.12353573 0.5062572 -0.14924964
v -0.1347227 0.4936586 -0.16237792
v -0.13329741 0.54163224 -0.03827504
v -0.11921877 0.52726144 -0.09675527
v -0.124056414 0.51958686 0.17476203
v -0.12084194 0.5303483 0.1393685
v -0.12231447 0.54215497 0.08827228
v -0.11448381 0.498775 -0.16798247
v -0.1184717 0.53989744 0.11383436
v -0.11606336 0.5465904 0.043316502
v -0.12193216 0.5421263 0.02537626
v -0.111363955 0.5411138 -0.042893022
v -0.110214226 0.53204614 -0.07791067
v -0.104868956 0.5476048 -0.00037197565
v -0.10815062 0.5163631 -0.12810376
v -0.10054715 0.5570215 0.093423836
v -0.10371366 0.5571134 0.05935613
v -0.11532994 0.5488023 0.08039541
v -0.07560753 0.56474066 0.02389599
v -0.09574186 0.5143024 -0.15692541
v -0.10321253 0.54783225 0.12569223
v -0.07812591 0.5609588 0.097963646
v -0.088573635 0.5544951 0.14028403
v -0.07910725 0.56034565 -0.02885362
v -0.10012843 0.54974246 -0.024613878
v -0.10161557 0.5461664 -0.046248186
v -0.07992226 0.55591565 -0.06279118
v -0.09533767 0.54639876 -0.0708977
v -0.08377225 0.5493577 -0.0852745
v -0.09186589 0.48791227 -0.23786469
v -0.0946878 0.5023117 -0.19481315
v -0.07593262 0.497706 -0.23426051
v -0.086895585 0.53786147 -0.11328809
v -0.070618935 0.5394341 -0.12667754
v -0.08085488 0.5264852 -0.1490441
v -0.056567192 0.574283 0.14030428
v -0.08814165 0.5692171 0.16648535
v -0.07470138 0.5470128 -0.10405654
v -0.065387644 0.48143253 -0.277546
v -0.07624362 0.41500568 -0.37741786
v -0.094214045 0.43315685 -0.3429838
v -0.05762055 0.42826015 -0.37024772
v -0.051449228 0.569245 0.04995613
v -0.055800695 0.5591968 -0.07614205
v -0.08259031 0.5139223 -0.17869683
v -0.06742034 0.50869673 -0.20840389
v -0.07054026 0.45180416 -0.32751355
v -0.06057069 0.5265324 -0.16219553
v -0.060294 0.5614605 0.12138514
v -0.056024328 0.44215718 -0.3509796
v -0.044818673 0.5659651 -0.045243163
v -0.04312795 0.5424992 -0.12697467
v -0.041956995 0.49430957 -0.2519308
v -0.043552224 0.519926 -0.17894572
v -0.048756465 0.57095444 -0.0019068221
v -0.049429514 0.41396174 -0.3883428
v -0.06586487 0.40172604 -0.39045906
v -0.04884464 0.56409025 0.09638168
v -0.044885967 0.40250367 -0.3963843
v -0.03177676 0.50518286 -0.21632098
v -0.042082243 0.5668345 0.12272882
v -0.039918505 0.4474879 -0.34430936
v -0.031074733 0.56824666 -0.022654954
v -0.034846865 0.46491492 -0.31256607
v -0.038769696 0.56199706 0.112815715
v -0.02397546 0.5663549 0.032621905
v -0.025794014 0.5680149 0.0065905983
v -0.018732142 0.47425473 -0.28173378
v -0.031340025 0.41704765 -0.38340813
v -0.027390152 0.55623585 -0.087356046
v -0.016981402 0.5620332 0.07155572
v -0.022942495 0.57819 0.12990235
v -0.020409958 0.42517018 -0.36927506
v -0.018380947 0.5471104 -0.10901399
v -0.026505189 0.5600494 0.09481239
v -0.014246057 0.51118463 -0.1823475
v -0.028426014 0.40828812 -0.39021182
v -0.03593417 0.39814216 -0.39380136
v -0.012784756 0.44117582 -0.3380443
v -0.011725316 0.52950025 -0.14234664
v -0.020104509 0.40179485 -0.38616008
v -0.014020946 0.5610578 0.11254969
v -0.022612816 0.41300315 -0.38122836
v -0.008237769 0.4556045 -0.30672598
v -0.008460179 0.39480296 -0.3980859
v -0.005507607 0.5622312 -0.04320005
v -0.005092967 0.5664419 0.12447214
v 0.0053968746 0.56449544 -0.019512175
v -0.007998578 0.49414384 -0.22553934
v -0.00012776985 0.5591564 0.058885925
v -0.0073612267 0.39989248 -0.39278588
v -0.001214041 0.56296635 0.022473382
v -0.005544408 0.41972542 -0.36231816
v 0.006476893 0.558601 0.09760906
v -0.002581704 0.578022 0.13502203
v 0.0027626737 0.5473772 -0.09354906
v 0.00042223066 0.53265125 -0.124880284
v -0.000081396356 0.46048975 -0.28963655
v -0.0007281911 0.50167716 -0.1900028
v -0.0003151555 0.556393 -0.062062856
v -0.0002639261 0.44196093 -0.32410374
v 0.0018301998 0.51257634 -0.16501519
v 0.00083340117 0.49312168 -0.21734123
v -0.000121046585 0.48360324 -0.24376561
v 0.0012070087 0.5560272 0.11013336
v 0.01962201 0.45791695 -0.31445244
v 0.0022253734 0.4279773 -0.34948832
v 0.0031531758 0.4179743 -0.3618177
v 0.012694709 0.5627237 0.11674366
v 0.014928063 0.55538213 -0.07997116
v 0.010419548 0.52306485 -0.15271604
v 0.012281573 0.5070049 -0.18915927
v 0.011315351 0.484292 -0.25701633
v 0.016819669 0.5817339 0.13291708
v 0.010457282 0.5615257 -0.05069552
v 0.014019755 0.5383804 -0.12447329
v 0.011321695 0.4959473 -0.22604702
v 0.027280945 0.5645793 0.05214547
v 0.008584123 0.42209873 -0.36179912
v 0.01500012 0.39878651 -0.38813168
v 0.025557078 0.5668896 0.01200648
v 0.023013104 0.5595986 0.08885859
v 0.018968368 0.42983603 -0.36498815
v 0.031627018 0.56578195 -0.040898927
v 0.029718459 0.5081475 -0.20391268
v 0.017677836 0.42157754 -0.3733329
v 0.029231312 0.53270787 -0.14546275
v 0.03058635 0.5215444 -0.16938002
v 0.02856105 0.5603471 0.10642796
v 0.03387699 0.5681106 -0.009802867
v 0.033076733 0.49425066 -0.2502978
v 0.03596535 0.5718193 0.1246982
v 0.04268955 0.44679016 -0.3452813
v 0.040524486 0.5468106 -0.11598996
v 0.039864805 0.56114745 -0.06995094
v 0.037488505 0.427512 -0.3731208
v 0.03280548 0.41425955 -0.3846349
v 0.04687041 0.50693244 -0.21839452
v 0.044156767 0.5928635 0.14887889
v 0.050425615 0.56545067 0.08687735
v 0.05295977 0.5767745 0.14013688
v 0.049375493 0.5673263 -0.03091155
v 0.04391678 0.5698067 0.023507174
v 0.048255693 0.5335871 -0.14744106
v 0.04934818 0.47620752 -0.2944916
v 0.044112425 0.414016 -0.38800296
v 0.047628123 0.56282866 0.110997245
v 0.041137084 0.40658575 -0.38926578
v 0.052896947 0.5148598 -0.19313511
v 0.05626031 0.5232782 -0.17029597
v 0.057469573 0.5532691 -0.09442942
v 0.055047538 0.40685922 -0.39201695
v 0.052733682 0.56906724 0.053129636
v 0.058075942 0.5421201 -0.1256468
v 0.057786778 0.5654969 0.1267351
v 0.057069194 0.5697284 0.016292764
v 0.061474018 0.56207675 -0.0554294
v 0.066742666 0.48955864 -0.2604934
v 0.06402496 0.5045347 -0.22269404
v 0.07037436 0.56304467 0.087907106
v 0.07024421 0.52799165 -0.15352204
v 0.0739612 0.422203 -0.37217453
v 0.067304425 0.5602952 0.11919801
v 0.067104846 0.5648184 -0.02262304
v 0.07002342 0.45106602 -0.33042213
v 0.06787399 0.5900116 0.16032305
v 0.08643448 0.5607327 0.039746583
v 0.074708685 0.55433595 -0.074874766
v 0.07355245 0.5136331 -0.18842477
v 0.07258255 0.47035596 -0.29343662
v 0.07242883 0.56583005 0.14471121
v 0.078265876 0.5574859 0.13080227
v 0.07342329 0.56468093 0.007721246
v 0.07895102 0.54298466 -0.108119294
v 0.071777366 0.4045015 -0.38884455
v 0.08104574 0.55622727 -0.050187528
v 0.08306787 0.53079975 -0.13555361
v 0.08676529 0.5568529 0.1094719
v 0.08592439 0.5015952 -0.20947571
v 0.09541465 0.5524295 -0.013216215
v 0.08943402 0.45003736 -0.30665872
v 0.09293336 0.5180778 -0.15200147
v 0.08715777 0.48092657 -0.2579412
v 0.08659151 0.5569508 0.14044367
v 0.099813715 0.5595813 0.08650388
v 0.10180446 0.42725253 -0.34373653
v 0.08607809 0.4063708 -0.37807333
v 0.08320477 0.56608117 0.15677705
v 0.089233816 0.4657166 -0.27888027
v 0.09525897 0.5527867 0.12086579
v 0.09816658 0.5267602 -0.11988136
v 0.10328831 0.48157704 -0.23293708
v 0.09848495 0.5407622 -0.080401346
v 0.10377478 0.5447236 -0.0415838
v 0.10568924 0.49092248 -0.20826429
v 0.10741707 0.5257383 -0.09799573
v 0.10818517 0.50431323 -0.16083476
v 0.114997506 0.45379895 -0.26544046
v 0.104505956 0.4482738 -0.29719812
v 0.10459226 0.4555319 -0.26191786
v 0.10632241 0.55770457 0.06988062
v 0.11378083 0.49337438 -0.18392001
v 0.11110545 0.5510512 0.032307412
v 0.11296126 0.54744667 0.10658559
v 0.099037826 0.54801553 0.13729234
v 0.11413022 0.54055583 0.12777628
v 0.10696063 0.5143895 -0.13218835
v 0.1143062 0.44016773 -0.31060058
v 0.10988693 0.53526354 -0.060545128
v 0.115685254 0.5214207 -0.1133244
v 0.11668195 0.51224405 -0.1405084
v 0.117733136 0.54799676 0.05803705
v 0.11060984 0.53979546 -0.026876602
v 0.117619336 0.5406566 -0.00033723397
v 0.12427009 0.5353651 -0.061619338
v 0.11496379 0.46046975 -0.23422712
v 0.12293864 0.52953905 -0.0846594
v 0.12515439 0.54216224 -0.020908032
v 0.123270325 0.5407526 -0.041467447
v 0.11677351 0.5495606 0.081275314
v 0.11928346 0.5022295 -0.15822317
v 0.12682377 0.45829633 -0.22759421
v 0.12641355 0.44356275 -0.28630203
v 0.1263953 0.42318702 -0.31989872
v 0.12513158 0.49369287 -0.16819802
v 0.13181956 0.5218191 -0.10487275
v 0.12191432 0.5403629 0.10271643
v 0.12247029 0.54110813 0.032688826
v 0.124257885 0.5355603 0.12297308
v 0.124101326 0.54211724 0.07430398
v 0.12956998 0.54190713 0.010451447
v 0.13786335 0.5091113 -0.13242729
v 0.13924001 0.54197913 0.09658667
v 0.13520099 0.54353666 0.03697907
v 0.1264316 0.46141744 -0.2018628
v 0.13132006 0.43243128 -0.3014509
v 0.1367883 0.5444038 0.061653107
v 0.13717481 0.46199018 -0.18843742
v 0.13870275 0.53949475 -0.03529475
v 0.1390569 0.5257895 -0.08033825
v 0.12834556 0.47914377 -0.17608327
v 0.13617635 0.48645547 -0.16895577
v 0.13583237 0.44681507 -0.2617941
v 0.1219529 0.52704 0.14876103
v 0.14556302 0.53021955 0.13015509
v 0.1483211 0.49515918 -0.14728548
v 0.13321742 0.46346766 -0.18065259
v 0.14437428 0.5426536 0.0076162396
v 0.14390223 0.53166044 -0.043890893
v 0.15511715 0.5096603 0.15828173
v 0.12956798 0.51397747 0.17072916
v 0.14371619 0.45379975 -0.2127031
v 0.14267036 0.43504506 -0.27593693
v 0.14278294 0.44965184 -0.23649487
v 0.15502635 0.52450293 -0.05669455
v 0.15460062 0.5177873 -0.08999557
v 0.1451339 0.45974886 -0.16935195
v 0.16035981 0.5356362 0.09793259
v 0.1595368 0.54112226 0.025012324
v 0.15734409 0.5368071 -0.0067001735
v 0.15954457 0.5429841 0.06268575
v 0.1596866 0.52048 0.13802604
v 0.1575919 0.5308595 -0.026908457
v 0.15470862 0.5046467 -0.12337209
v 0.17970046 0.5213757 0.106757335
v 0.16738091 0.504173 -0.101403944
v 0.171983 0.51457924 -0.055275418
v 0.1802967 0.51267964 0.13521035
v 0.19064724 0.5124938 0.11662693
v -0.1530016 0.04241419 0.051641572
v -0.14248586 0.06437945 0.049211998
v -0.14703569 0.06724724 0.025845187
v -0.15069093 0.11367977 0.025224451
v -0.14615722 0.08439848 0.030036915
v -0.14226432 0.091144085 0.040509604
v -0.14377113 0.1267668 0.04562551
v -0.14874515 0.041684 0.06729807
v -0.13508403 0.05923018 0.065425865
v -0.13983317 0.04463616 0.068039216
v -0.13819258 0.03042388 0.06746909
v -0.12785286 0.07162821 0.05996719
v -0.13372071 0.03736767 0.0727406
v -0.12628417 0.0886319 0.0531065
v -0.12885335 0.044661522 0.086705126
v -0.13150534 0.03130597 0.08198739
v -0.12688929 0.03515765 0.1160348
v -0.12972727 0.027622372 0.10902653
v -0.123812385 0.053117305 0.0834708
v -0.1305992 0.021446556 0.15722945
v -0.13685659 0.014193147 0.17169489
v -0.12459549 0.023742795 0.17528261
v -0.12538697 0.03187886 0.1449594
v -0.12792999 0.026043296 0.13172752
v -0.12198257 0.03318894 0.16123645
v -0.11625948 0.044366807 0.11267233
v -0.12173661 0.018787771 0.18802258
v -0.119091064 0.029471636 0.18062578
v -0.115353964 0.037187368 0.14931133
v -0.11782796 0.017991662 0.19836397
v -0.115479335 0.014000773 0.19004239
v -0.11509314 0.05606094 0.083465114
v -0.1144832 0.027386278 0.18717982
v -0.11046636 0.063637495 0.066860534
v -0.13661373 0.017280221 0.009735136
v -0.13769943 0.029620469 0.02522361
v -0.14377968 0.019925833 0.03307635
v -0.13989629 0.027527273 0.0419242
v -0.13828929 0.036839306 0.03635326
v -0.13794926 0.06190428 0.021913206
v -0.13653165 0.06120497 0.037370894
v -0.13886607 0.05144021 0.031233117
v -0.13744083 0.045560986 0.0154055655
v -0.13646737 0.075995415 0.022940112
v -0.13416708 0.0715321 0.011044993
v -0.1329479 0.092609525 0.008813551
v -0.13050382 0.04473433 0.0049736593
v -0.13028479 0.029979825 0.0009090224
v -0.12337911 0.05924204 0.0038000275
v -0.13011804 0.09393972 0.0019434865
v -0.12780076 0.08075771 0.0048211063
v -0.12357724 0.034706086 -0.004349386
v -0.126025 0.021533042 -0.011817425
v -0.11723719 0.045888484 0.00072125776
v -0.11693408 0.06676987 0.0054418836
v -0.11448443 0.03689745 -0.0029426413
v -0.110326104 0.053920507 -0.005087471
v -0.118746124 0.022869349 -0.009457334
v -0.10933592 0.043225557 0.0031238091
v -0.10335657 0.04847938 -0.0024356418
v -0.14377968 0.019925833 0.03307635
v -0.13989629 0.027527273 0.0419242
v -0.12988675 0.027463764 0.03680601
v -0.13661373 0.017280221 0.009735136
v -0.12437275 0.035115182 0.049427193
v -0.12584771 0.022470921 0.009691354
v -0.126025 0.021533042 -0.011817425
v -0.12042411 0.019069225 -0.0078007276
v -0.126025 0.021533042 -0.011817425
v -0.12042411 0.019069225 -0.0078007276
v -0.118746124 0.022869349 -0.009457334
v -0.1103116 0.027600795 0.033333555
v -0.11374382 0.019507945 0.0018212292
v -0.11709312 0.014350563 -0.009572549
v -0.1195319 0.015845269 -0.013524388
v -0.105542794 0.034946382 0.051814925
v -0.11319947 0.020536423 -0.0070761195
v -0.115241714 0.014936984 -0.011882255
v -0.1170588 0.042899787 0.054078534
v -0.10362538 0.022764862 0.0069962656
v -0.09653773 0.019919455 0.02410487
v -0.09077278 0.025235176 0.046631783
v -0.09114009 0.03460917 0.052991044
v -0.13886607 0.05144021 0.031233117
v -0.12801532 0.04405874 0.042559415
v -0.13828929 0.036839306 0.03635326
v -0.13989629 0.027527273 0.0419242
v -0.12645434 0.056275427 0.04842736
v -0.13653165 0.06120497 0.037370894
v -0.13646737 0.075995415 0.022940112
v -0.12318373 0.06889865 0.043915786
v -0.1329479 0.092609525 0.008813551
v -0.12792274 0.09041974 0.016874965
v -0.12437275 0.035115182 0.049427193
v -0.1170588 0.042899787 0.054078534
v -0.1176016 0.07580656 0.039786197
v -0.11641713 0.057306886 0.0569292
v -0.11269787 0.049358845 0.051734045
v -0.10662087 0.052374035 0.05286429
v -0.105542794 0.034946382 0.051814925
v -0.10255872 0.041884184 0.05268582
v -0.09114009 0.03460917 0.052991044
v -0.14377113 0.1267668 0.04562551
v -0.12628417 0.0886319 0.0531065
v -0.12068682 0.10842794 0.047070377
v -0.112338364 0.13887379 0.04447128
v -0.123092756 0.1433534 0.0541564
v -0.11046636 0.063637495 0.066860534
v -0.12785286 0.07162821 0.05996719
v -0.11509314 0.05606094 0.083465114
v -0.110214174 0.0760026 0.05152236
v -0.11210006 0.11060861 0.03974659
v -0.1144832 0.027386278 0.18717982
v -0.10961136 0.031193256 0.17071818
v -0.119091064 0.029471636 0.18062578
v -0.115353964 0.037187368 0.14931133
v -0.10776844 0.019408762 0.18532142
v -0.11782796 0.017991662 0.19836397
v -0.11625948 0.044366807 0.11267233
v -0.10434071 0.039922208 0.10112298
v -0.10676096 0.034122705 0.14168434
v -0.10761027 0.0783374 0.037217926
v -0.09975952 0.040807188 0.07697369
v -0.109652266 0.123381585 0.031126171
v -0.104588434 0.022328913 0.16574419
v -0.10149112 0.066337705 0.04630446
v -0.10303439 0.14610937 0.03422931
v -0.09657236 0.056335986 0.062834315
v -0.10135116 0.025335848 0.13049057
v -0.09853624 0.029052109 0.09381668
v -0.09764063 0.06314531 0.021299073
v -0.09459073 0.036553144 0.06546761
v -0.09928452 0.029400736 0.07215624
v -0.09547802 0.057899117 0.04120629
v -0.08925797 0.04890722 0.057811603
v -0.12792274 0.09041974 0.016874965
v -0.1329479 0.092609525 0.008813551
v -0.13011804 0.09393972 0.0019434865
v -0.12780076 0.08075771 0.0048211063
v -0.12386134 0.08481613 0.012925677
v -0.1176016 0.07580656 0.039786197
v -0.11693408 0.06676987 0.0054418836
v -0.111720614 0.066420555 0.022719873
v -0.118746124 0.022869349 -0.009457334
v -0.1195319 0.015845269 -0.013524388
v -0.115241714 0.014936984 -0.011882255
v -0.11319947 0.020536423 -0.0070761195
v -0.11448443 0.03689745 -0.0029426413
v -0.10662087 0.052374035 0.05286429
v -0.11641713 0.057306886 0.0569292
v -0.10755522 0.053404212 0.033768613
v -0.10933592 0.043225557 0.0031238091
v -0.11723719 0.045888484 0.00072125776
v -0.10812289 0.034710765 0.010903079
v -0.10362538 0.022764862 0.0069962656
v -0.110326104 0.053920507 -0.005087471
v -0.10325713 0.05531326 0.006917467
v -0.10676752 0.043890387 0.012409916
v -0.10335657 0.04847938 -0.0024356418
v -0.10003191 0.030217707 0.029349744
v -0.1035178 0.050548464 0.015285165
v -0.102023214 0.043533385 0.0456068
v -0.10255872 0.041884184 0.05268582
v -0.09653773 0.019919455 0.02410487
v -0.09114009 0.03460917 0.052991044
v -0.09077278 0.025235176 0.046631783
v -0.12640826 0.1327534 -0.019210758
v -0.13161963 0.11277652 -0.018473092
v -0.13534419 0.13301292 -0.026183937
v -0.12639864 0.09753209 -0.010285912
v -0.121886574 0.14007726 -0.009333582
v -0.13143224 0.14428216 -0.02814635
v -0.11950154 0.09422827 -0.0010586297
v -0.12659067 0.0783357 -0.005501781
v -0.11624289 0.1223931 0.0071027307
v -0.11340319 0.075813115 0.0010922767
v -0.11235315 0.09754041 0.024597881
v -0.112648234 0.084647685 0.016823476
v -0.11392908 0.14307329 0.0066428944
v -0.11531651 0.06271839 -0.012101737
v -0.117808625 0.027319252 -0.022954172
v -0.11417573 0.038009554 -0.01507945
v -0.10894261 0.023678005 -0.01786445
v -0.1063143 0.071303636 0.01284918
v -0.11437196 0.01782006 -0.029439457
v -0.11359546 0.011799693 -0.027560674
v -0.11548709 0.009992331 -0.035086922
v -0.11210006 0.11060861 0.03974659
v -0.109652266 0.123381585 0.031126171
v -0.10761027 0.0783374 0.037217926
v -0.0982208 0.050172478 -0.017750325
v -0.103120774 0.014873773 -0.021096557
v -0.10359922 0.02737987 -0.015285445
v -0.10303439 0.14610937 0.03422931
v -0.09764063 0.06314531 0.021299073
v -0.10119078 0.006285548 -0.020343337
v -0.10363995 0.041113853 -0.029866517
v -0.09927396 0.02430442 -0.008579769
v -0.09834208 0.03079608 -0.0107289925
v -0.10073084 0.032467663 -0.025484564
v -0.09927396 0.02430442 -0.008579769
v -0.09834208 0.03079608 -0.0107289925
v -0.096326694 0.04261169 0.01656774
v -0.09173401 0.017169684 -0.0020910935
v -0.0946252 0.009899795 -0.01475571
v -0.09547802 0.057899117 0.04120629
v -0.09239703 0.045196682 0.0024460184
v -0.10359922 0.02737987 -0.015285445
v -0.096326694 0.04261169 0.01656774
v -0.09547802 0.057899117 0.04120629
v -0.0894372 0.039880425 0.035011128
v -0.08925797 0.04890722 0.057811603
v -0.08775501 0.0069828928 0.0030338618
v -0.07005517 0.037368923 0.064710155
v -0.07173226 0.019360214 0.042036872
v -0.068944104 0.00882718 0.041736938
v -0.046117842 0.023573697 0.08455183
v -0.044140108 0.0117818415 0.08099425
v -0.047358043 0.03321609 0.093402155
v -0.024975596 0.025661767 0.116804354
v -0.032636568 0.032293826 0.119445495
v -0.022712996 0.0129549205 0.117955364
v -0.023333644 0.027177691 0.13214314
v -0.012749093 0.017921418 0.1382552
v -0.018943643 0.020463884 0.13922328
v -0.012515904 0.010577887 0.14245081
v -0.118746124 0.022869349 -0.009457334
v -0.12042411 0.019069225 -0.0078007276
v -0.1195319 0.015845269 -0.013524388
v -0.115479335 0.014000773 0.19004239
v -0.10776844 0.019408762 0.18532142
v -0.11782796 0.017991662 0.19836397
v -0.09585601 0.0108065605 0.16970673
v -0.092604354 0.018050402 0.16857038
v -0.074487194 0.011512607 0.15026939
v -0.06735674 0.018379658 0.14736745
v -0.055569027 0.009974927 0.13461252
v -0.040216994 0.022029847 0.13693614
v -0.036371097 0.013259053 0.13374285
v -0.0249183 0.017659098 0.13489303
v -0.023333644 0.027177691 0.13214314
v -0.026918525 0.010581136 0.12632431
v -0.018943643 0.020463884 0.13922328
v -0.012515904 0.010577887 0.14245081
v -0.012749093 0.017921418 0.1382552
v -0.104588434 0.022328913 0.16574419
v -0.10776844 0.019408762 0.18532142
v -0.092604354 0.018050402 0.16857038
v -0.0805673 0.02066809 0.1345769
v -0.10135116 0.025335848 0.13049057
v -0.09853624 0.029052109 0.09381668
v -0.093045935 0.023997992 0.11490106
v -0.09097395 0.026804596 0.07514057
v -0.09459073 0.036553144 0.06546761
v -0.09928452 0.029400736 0.07215624
v -0.089130364 0.029810995 0.06782361
v -0.084008366 0.024260372 0.09646376
v -0.08925797 0.04890722 0.057811603
v -0.0817033 0.043753624 0.0657862
v -0.07531998 0.035823256 0.07934164
v -0.0753919 0.026727855 0.0855045
v -0.07005517 0.037368923 0.064710155
v -0.06735674 0.018379658 0.14736745
v -0.0659302 0.023615867 0.105627194
v -0.06541634 0.038835436 0.08028574
v -0.061093032 0.029524803 0.09953675
v -0.05267105 0.03496909 0.101399355
v -0.043444697 0.025382578 0.13183649
v -0.047358043 0.03321609 0.093402155
v -0.046092033 0.026827782 0.11933896
v -0.032636568 0.032293826 0.119445495
v -0.023333644 0.027177691 0.13214314
v -0.040216994 0.022029847 0.13693614
v -0.09380587 0.31291366 -0.4362598
v -0.10912275 0.30996147 -0.4266323
v -0.10318636 0.3223174 -0.430376
v -0.10126421 0.30297208 -0.42833143
v -0.09126105 0.32429093 -0.4368509
v -0.09203052 0.33736685 -0.44394693
v -0.08494152 0.31900397 -0.43002784
v -0.089828275 0.30339575 -0.42521542
v -0.08386111 0.33361027 -0.44440806
v -0.07345106 0.30896115 -0.43175006
v -0.07039022 0.29376218 -0.42664307
v -0.07921255 0.33526376 -0.4343299
v -0.07902507 0.3427407 -0.44733834
v -0.08395422 0.34985262 -0.44530848
v -0.07370725 0.35215232 -0.43931097
v -0.07771199 0.35920563 -0.43323305
v -0.07082495 0.35872433 -0.42359486
v -0.05778304 0.3305217 -0.43672863
v -0.06319506 0.3495018 -0.4294303
v -0.06433228 0.36603594 -0.4286953
v -0.05797309 0.35986 -0.43139485
v -0.04558087 0.34745756 -0.4325072
v -0.04929599 0.31284666 -0.4352135
v -0.05131808 0.28978842 -0.42449337
v -0.03556073 0.35800433 -0.4383811
v -0.039791737 0.3324625 -0.43422687
v -0.035158817 0.30456725 -0.42225593
v -0.03525741 0.28014016 -0.40507844
v -0.045633093 0.37213498 -0.44804266
v -0.02462096 0.36585605 -0.44232807
v -0.030215299 0.33925548 -0.431937
v -0.033038966 0.32433748 -0.42998677
v -0.02594302 0.29030547 -0.39813098
v -0.026458966 0.3114452 -0.41510227
v -0.020827847 0.3444575 -0.4358505
v -0.019329147 0.32440516 -0.4250676
v -0.0097630005 0.33730447 -0.42970434
v -0.09116015 0.38633597 -0.33959302
v -0.09229612 0.3860109 -0.33729854
v -0.093582466 0.38498104 -0.3374284
v -0.09254136 0.3849871 -0.3376229
v -0.08610665 0.7732464 0.21862705
v -0.074364506 0.75725496 0.2307975
v -0.08282697 0.7637602 0.24622653
v -0.07727542 0.7683276 0.27487594
v -0.06981904 0.75402594 0.2562089
v -0.061255652 0.75974834 0.28184694
v -0.05504077 0.7683093 0.30791447
v -0.06284296 0.7476003 0.24960138
v -0.049300585 0.74733305 0.26685476
v -0.034970365 0.7525983 0.28894624
v -0.034247205 0.7595398 0.31517613
v -0.034635052 0.76723945 0.340759
v -0.026428005 0.7476746 0.27572525
v -0.038071975 0.76312846 0.43802083
v -0.035999544 0.76706344 0.3929029
v -0.025454514 0.7603511 0.42607757
v -0.021504898 0.76249254 0.33131284
v -0.029399721 0.75507617 0.45818716
v -0.022438904 0.7635764 0.38218984
v -0.01628879 0.75989896 0.48576495
v -0.03052169 0.76287943 0.47519425
v -0.016124876 0.7536413 0.30184826
v -0.019782223 0.7576475 0.46133164
v -0.018788708 0.7659485 0.49336225
v -0.010234329 0.759019 0.34494388
v -0.011674943 0.76167774 0.3223067
v 0.0033496178 0.7609148 0.33693027
v -0.0044464134 0.76457 0.43423134
v 0.00023874026 0.7685851 0.50010014
v 0.011349535 0.7633095 0.40717188
v -0.0033487168 0.77706933 0.50179815
v -0.001181952 0.7616695 0.47924018
v -0.0029367171 0.75625724 0.3041739
v 0.01976519 0.76144373 0.35187426
v 0.0008592426 0.75077766 0.2754611
v -0.0010650719 0.75426775 0.2875053
v 0.0028748773 0.76507646 0.32543072
v 0.012182672 0.7615068 0.48792827
v 0.014395273 0.7580693 0.31528226
v 0.01610455 0.751555 0.29300234
v 0.009679953 0.7630094 0.45012295
v 0.016531022 0.7725185 0.49668986
v 0.021120623 0.76152366 0.33131263
v 0.029706337 0.7568379 0.4493487
v 0.033126738 0.7645472 0.39181313
v 0.02266319 0.74813235 0.27931225
v 0.03779143 0.7591264 0.30954033
v 0.03222921 0.76317537 0.4730085
v 0.039322555 0.7520467 0.2850451
v 0.032740925 0.7635567 0.3270327
v 0.03656542 0.7673626 0.3456786
v 0.035351668 0.7466886 0.27295572
v 0.037775446 0.7719326 0.33173293
v 0.0529196 0.7736144 0.31749487
v 0.039759476 0.76513803 0.42900246
v 0.039607998 0.77233243 0.38923612
v 0.043448567 0.7753035 0.35027632
v 0.05919519 0.75170606 0.26528016
v 0.05081409 0.7863648 0.32664722
v 0.061409134 0.7651864 0.2925813
v 0.056952696 0.7471749 0.25644186
v 0.07377126 0.7639582 0.27293155
v 0.07112974 0.75290513 0.2417421
v 0.06839632 0.77843845 0.30388978
v 0.076960206 0.7751711 0.28538692
v 0.07921664 0.75895584 0.24695607
v 0.07865029 0.7646983 0.21878482
v 0.08541441 0.7707473 0.21977125
v 0.08691185 0.7820742 0.27140284
v 0.08367736 0.78049874 0.19900835
v 0.088798046 0.7712196 0.24126273
v -0.07648059 0.37183696 -0.41572338
v -0.07237678 0.36680403 -0.41492802
v -0.08056499 0.3660159 -0.40404335
v -0.061326776 0.38180956 -0.4460023
v -0.051559377 0.37976485 -0.460768
v -0.06433228 0.36603594 -0.4286953
v -0.045712035 0.3905224 -0.4651712
v -0.03558087 0.38893664 -0.48355845
v -0.023316361 0.39880183 -0.48925543
v -0.020092143 0.38986757 -0.49411058
v -0.015993353 0.3968897 -0.49842346
v -0.07763295 0.38082457 -0.39839822
v -0.07803478 0.3849029 -0.36737168
v -0.057336204 0.39252192 -0.4041209
v -0.06136005 0.39420485 -0.38544118
v -0.05902413 0.38800302 -0.4367726
v -0.051636487 0.39651787 -0.3935595
v -0.03593417 0.39814216 -0.39380136
v -0.045712035 0.3905224 -0.4651712
v -0.039523743 0.39594722 -0.45621467
v -0.039769158 0.3967594 -0.42683837
v -0.02836092 0.3959753 -0.40523306
v -0.023316361 0.39880183 -0.48925543
v -0.01688758 0.4013917 -0.46558776
v -0.0157234 0.39800894 -0.42490208
v -0.008460179 0.39480296 -0.3980859
v -0.006365969 0.40227014 -0.49682176
v -0.015993353 0.3968897 -0.49842346
v 0.013358795 0.400564 -0.44436315
v -0.008124685 0.4035633 -0.3668306
v -0.0005457636 0.4012038 -0.37576205
v -0.020104509 0.40179485 -0.38616008
v -0.0073612267 0.39989248 -0.39278588
v 0.01500012 0.39878651 -0.38813168
v 0.0067462227 0.40301996 -0.48055112
v 0.0014737687 0.40059558 -0.50179815
v -0.004839411 0.4057809 -0.35579452
v 0.0031681724 0.40599743 -0.3543813
v 0.021773307 0.39542544 -0.4068395
v 0.01506642 0.4005826 -0.49677196
v 0.012593218 0.403702 -0.3625989
v 0.010278244 0.41022104 -0.3602101
v 0.026114848 0.39970425 -0.47338155
v 0.012729487 0.41331238 -0.35713077
v 0.022056123 0.40301803 -0.3705806
v 0.023627646 0.4075594 -0.3628812
v 0.032132637 0.3952248 -0.4851012
v 0.027296875 0.39841807 -0.38246855
v 0.029579058 0.40365216 -0.372451
v 0.046023518 0.39507866 -0.40834945
v 0.03263396 0.40441427 -0.3828484
v 0.04097967 0.39524096 -0.38760152
v 0.032034818 0.41057602 -0.37032384
v 0.04547943 0.39505494 -0.4375389
v 0.028134463 0.4121531 -0.37568364
v 0.036944598 0.39824897 -0.3813604
v 0.041810162 0.39370275 -0.46490934
v 0.044303197 0.4015147 -0.3826603
v 0.05675752 0.3874126 -0.44686422
v 0.06248513 0.38919747 -0.41685978
v 0.06009566 0.39322352 -0.38957727
v 0.07526403 0.38437203 -0.38922837
v 0.0677059 0.39187068 -0.3783821
v -0.051559377 0.37976485 -0.460768
v -0.045633093 0.37213498 -0.44804266
v -0.06433228 0.36603594 -0.4286953
v -0.05797309 0.35986 -0.43139485
v -0.03556073 0.35800433 -0.4383811
v -0.035642 0.38211626 -0.47167033
v -0.03558087 0.38893664 -0.48355845
v -0.015346431 0.3748571 -0.45293096
v -0.02462096 0.36585605 -0.44232807
v -0.014016128 0.38728616 -0.48542473
v -0.020092143 0.38986757 -0.49411058
v -0.0051690685 0.36938286 -0.438869
v 0.009838222 0.38254094 -0.4706791
v -0.0010465296 0.3932874 -0.50007206
v -0.015993353 0.3968897 -0.49842346
v 0.0014737687 0.40059558 -0.50179815
v 0.012122223 0.37262112 -0.44654518
v 0.014220243 0.39424005 -0.49941725
v 0.01774442 0.3890311 -0.4902833
v 0.016426878 0.36613482 -0.43970874
v 0.03552311 0.37809512 -0.46242487
v 0.033926968 0.38646084 -0.48453712
v 0.038953736 0.36712432 -0.44433603
v 0.035158586 0.3549141 -0.4364066
v 0.053863198 0.37408814 -0.44986176
v 0.05412961 0.38036132 -0.46050188
v 0.0514694 0.36011624 -0.4361162
v 0.060193177 0.37020287 -0.43709198
v 0.068551876 0.3734254 -0.4346937
v 0.06577262 0.36742613 -0.42408282
v 0.075668514 0.37067223 -0.4187216
v -0.020104509 0.40179485 -0.38616008
v -0.022612816 0.41300315 -0.38122836
v -0.017044071 0.40846115 -0.37030736
v -0.020409958 0.42517018 -0.36927506
v -0.005544408 0.41972542 -0.36231816
v -0.0060943477 0.41142583 -0.35776994
v -0.008124685 0.4035633 -0.3668306
v -0.004839411 0.4057809 -0.35579452
v 0.0031681724 0.40599743 -0.3543813
v 0.0031531758 0.4179743 -0.3618177
v 0.010278244 0.41022104 -0.3602101
v 0.012729487 0.41331238 -0.35713077
v 0.028134463 0.4121531 -0.37568364
v 0.008584123 0.42209873 -0.36179912
v 0.017677836 0.42157754 -0.3733329
v 0.023627646 0.4075594 -0.3628812
v 0.03280548 0.41425955 -0.3846349
v 0.027296875 0.39841807 -0.38246855
v 0.03263396 0.40441427 -0.3828484
v 0.036944598 0.39824897 -0.3813604
v 0.032034818 0.41057602 -0.37032384
v 0.03263396 0.40441427 -0.3828484
v 0.029579058 0.40365216 -0.372451
v 0.028134463 0.4121531 -0.37568364
v 0.044303197 0.4015147 -0.3826603
v 0.041137084 0.40658575 -0.38926578
v 0.05116602 0.40093032 -0.3889621
v 0.055047538 0.40685922 -0.39201695
v 0.06009566 0.39322352 -0.38957727
v 0.060726218 0.40217435 -0.3915188
v 0.0677059 0.39187068 -0.3783821
v 0.07699906 0.40050796 -0.38176575
v 0.071777366 0.4045015 -0.38884455
v 0.09088233 0.39663804 -0.36324582
v 0.08355648 0.38912255 -0.35598284
v 0.07962946 0.3821193 -0.3574709
v 0.08607809 0.4063708 -0.37807333
v 0.09152942 0.38524342 -0.34062898
v 0.10036575 0.40641528 -0.36138132
v 0.10715214 0.39525798 -0.337775
v 0.110342115 0.39098686 -0.320027
v 0.11970277 0.40996036 -0.33636066
v 0.12443822 0.3975559 -0.31191614
v 0.12609102 0.39100322 -0.2980873
v 0.13261007 0.41358745 -0.3154707
v 0.14041622 0.4052365 -0.29176316
v 0.14275667 0.39513087 -0.26820156
v 0.15388514 0.4059087 -0.2554427
v 0.14321874 0.4228448 -0.29002437
v 0.15167563 0.41578284 -0.27402207
v 0.15097632 0.3973664 -0.2456103
v 0.1588034 0.39852172 -0.22765929
v -0.02462096 0.36585605 -0.44232807
v -0.008733946 0.35717404 -0.4368741
v -0.020827847 0.3444575 -0.4358505
v -0.0051690685 0.36938286 -0.438869
v -0.0097630005 0.33730447 -0.42970434
v -0.0012143677 0.34245554 -0.43423256
v 0.00091255293 0.35752302 -0.43362433
v 0.016426878 0.36613482 -0.43970874
v 0.015964428 0.35231808 -0.43710172
v 0.016173305 0.3388183 -0.43251842
v 0.035158586 0.3549141 -0.4364066
v 0.033519547 0.33615762 -0.43259183
v 0.029570032 0.32434183 -0.42595294
v 0.038579788 0.31515282 -0.43144375
v 0.041377097 0.3483702 -0.43260857
v 0.04631141 0.33310908 -0.43666714
v 0.058874026 0.3434001 -0.43186328
v 0.05144467 0.31121916 -0.43862373
v 0.0514694 0.36011624 -0.4361162
v 0.054108176 0.3287757 -0.44097286
v 0.061864026 0.36005965 -0.42869
v 0.06524654 0.31648028 -0.435713
v 0.060688533 0.3025498 -0.43557358
v 0.04921402 0.2938704 -0.42948812
v 0.060193177 0.37020287 -0.43709198
v 0.06577262 0.36742613 -0.42408282
v 0.07340609 0.32904667 -0.43318298
v 0.06787416 0.2872699 -0.425024
v 0.07542406 0.29618865 -0.4261884
v 0.072812535 0.3620383 -0.4190119
v 0.070678696 0.35512564 -0.42519054
v 0.0735389 0.34310955 -0.43120632
v 0.07853458 0.31196654 -0.43279833
v 0.075668514 0.37067223 -0.4187216
v 0.08959422 0.28769928 -0.4149809
v 0.08362677 0.32295763 -0.43192124
v 0.08594192 0.30145198 -0.42619035
v -0.020104509 0.40179485 -0.38616008
v -0.017044071 0.40846115 -0.37030736
v -0.008124685 0.4035633 -0.3668306
v -0.0060943477 0.41142583 -0.35776994
v 0.0031478768 0.78401095 0.49679223
v 0.012460852 0.7824248 0.48973474
v -0.00059351046 0.78947365 0.4766852
v 0.017209394 0.7824314 0.47167662
v -0.0013596388 0.7969044 0.45650303
v -0.0033487168 0.77706933 0.50179815
v 0.016531022 0.7725185 0.49668986
v 0.01506642 0.4005826 -0.49677196
v 0.014220243 0.39424005 -0.49941725
v 0.0014737687 0.40059558 -0.50179815
v 0.0047659473 0.81037974 0.43777654
v 0.01922535 0.8283281 0.3913281
v -0.0013019092 0.827182 0.41389683
v 0.015713515 0.7994213 0.43705156
v 0.019100785 0.813169 0.40624595
v 0.022125319 0.8477905 0.37066373
v 0.0321025 0.77587676 0.44205675
v 0.032132637 0.3952248 -0.4851012
v 0.032903362 0.79831946 0.38913217
v 0.03222921 0.76317537 0.4730085
v 0.032800242 0.8399359 0.35293522
v 0.024626555 0.8641765 0.35307157
v 0.033926968 0.38646084 -0.48453712
v 0.030355902 0.790686 0.4156208
v 0.039623547 0.87556696 0.34029633
v 0.039922338 0.796095 0.3507775
v 0.03755301 0.777388 0.40781498
v 0.047289092 0.8070288 0.33718088
v 0.040935453 0.7821057 0.37230656
v 0.039759476 0.76513803 0.42900246
v 0.039607998 0.77233243 0.38923612
v 0.043448567 0.7753035 0.35027632
v 0.05412961 0.38036132 -0.46050188
v 0.041810162 0.39370275 -0.46490934
v 0.05633497 0.86352444 0.31105813
v 0.04273007 0.66264534 0.31346595
v 0.043557342 0.61983085 0.34369177
v 0.055187628 0.6297307 0.32410714
v 0.043165814 0.5818992 0.36748773
v 0.06745305 0.5889885 0.34079257
v 0.05081409 0.7863648 0.32664722
v 0.05765948 0.8959688 0.31039312
v 0.028580185 0.89464855 0.3332495
v 0.056836132 0.8365355 0.31759793
v 0.040774662 0.9189689 0.21503806
v 0.05516387 0.9145109 0.23876531
v 0.05083809 0.90213716 0.19185255
v 0.038024057 0.89189816 0.17085846
v 0.049304277 0.86440563 0.15791309
v 0.057839103 0.66244805 0.29626054
v 0.04660918 0.6948376 0.28705442
v 0.04146584 0.8420908 0.13696645
v 0.057981674 0.8216287 0.14335537
v 0.058688343 0.5674755 0.36335495
v 0.04122368 0.911932 0.30577892
v 0.056088388 0.9119351 0.2831275
v 0.053616565 0.6946317 0.16417629
v 0.0631145 0.6855993 0.1848226
v 0.053227052 0.6721101 0.16942613
v 0.05675752 0.3874126 -0.44686422
v 0.06310433 0.856774 0.29492572
v 0.064844884 0.9022677 0.26567268
v 0.058258157 0.6413541 0.1775108
v 0.063996285 0.6628785 0.1891577
v 0.06008102 0.69658464 0.2727404
v 0.06761091 0.7103492 0.18325835
v 0.059891995 0.7369185 0.15448327
v 0.06752105 0.78536594 0.15065487
v 0.05071268 0.75682986 0.13760695
v 0.056257848 0.7299379 0.26215053
v 0.070532806 0.7391538 0.23902743
v 0.056952696 0.7471749 0.25644186
v 0.06904208 0.79308254 0.3111002
v 0.06974663 0.8329218 0.29624394
v 0.070147865 0.7091315 0.24386463
v 0.06946016 0.63955677 0.19560443
v 0.070079125 0.8111706 0.3078003
v 0.06824261 0.63978994 0.29373094
v 0.07012795 0.6788905 0.2607835
v 0.07017825 0.8946833 0.21318723
v 0.068606 0.8755578 0.19198167
v 0.06777449 0.37984684 -0.4330987
v 0.0529196 0.7736144 0.31749487
v 0.0734186 0.6493201 0.27519205
v 0.068181254 0.8518615 0.17647554
v 0.06248513 0.38919747 -0.41685978
v 0.072334476 0.61750776 0.30678725
v 0.068551876 0.3734254 -0.4346937
v 0.06855744 0.86694294 0.26608634
v 0.07312096 0.89327955 0.23659031
v 0.076246776 0.6102788 0.18983546
v 0.062999725 0.6134593 0.17149124
v 0.06839632 0.77843845 0.30388978
v 0.068295665 0.88283527 0.28339294
v 0.07112974 0.75290513 0.2417421
v 0.07225366 0.8628127 0.21892823
v 0.07312596 0.6624339 0.20769313
v 0.076480314 0.5452523 0.36142683
v 0.076991916 0.8463993 0.2706501
v 0.07093747 0.8811459 0.26184693
v 0.078593925 0.82377505 0.16945226
v 0.07423581 0.87475234 0.23999861
v 0.07340823 0.69368446 0.20966604
v 0.07438669 0.7448639 0.1758581
v 0.087429546 0.8326925 0.2530884
v 0.08793221 0.57841516 0.17947227
v 0.06787399 0.5900116 0.16032305
v 0.080735 0.78036964 0.16996962
v 0.08562228 0.5514908 0.34354046
v 0.07994377 0.793169 0.29428825
v 0.0755138 0.69859135 0.2284929
v 0.083390824 0.8415574 0.21248016
v 0.08320477 0.56608117 0.15677705
v 0.07242883 0.56583005 0.14471121
v 0.07526403 0.38437203 -0.38922837
v 0.075668514 0.37067223 -0.4187216
v 0.08155461 0.8164057 0.28887892
v 0.0764925 0.66517615 0.24698858
v 0.07510449 0.87665045 0.21855482
v 0.07589201 0.7271854 0.19947107
v 0.08315412 0.8213892 0.19047391
v 0.07987589 0.63405406 0.21663053
v 0.079749174 0.3754187 -0.40274602
v 0.09187443 0.5749774 0.31656685
v 0.07865029 0.7646983 0.21878482
v 0.07656556 0.65966594 0.2272519
v 0.081516065 0.7617028 0.20924714
v 0.084697485 0.6132014 0.21135484
v 0.08550517 0.6191219 0.27895245
v 0.07736099 0.7272714 0.21810956
v 0.076960206 0.7751711 0.28538692
v 0.082081065 0.6390034 0.25307038
v 0.081209846 0.75500417 0.1914749
v 0.07962946 0.3821193 -0.3574709
v 0.0677059 0.39187068 -0.3783821
v 0.08254495 0.79932547 0.16766056
v 0.08691185 0.7820742 0.27140284
v 0.081444144 0.36533698 -0.4058432
v 0.072812535 0.3620383 -0.4190119
v 0.08340083 0.37344772 -0.376869
v 0.08367736 0.78049874 0.19900835
v 0.08652456 0.78431636 0.1848287
v 0.078762725 0.35950306 -0.42886665
v 0.08580897 0.519531 0.36179692
v 0.094759054 0.53782976 0.34636337
v 0.09003593 0.61853534 0.24184775
v 0.08596964 0.80873805 0.17915891
v 0.09583645 0.36106402 -0.39658722
v 0.092309915 0.3481261 -0.43596137
v 0.08010053 0.35056135 -0.4463955
v 0.09240996 0.38043505 -0.35233048
v 0.08769001 0.34159392 -0.44829372
v 0.09664976 0.5904623 0.28253344
v 0.090546474 0.8079315 0.2713493
v 0.0923668 0.78583646 0.21147394
v 0.08541441 0.7707473 0.21977125
v 0.092478275 0.808148 0.2028847
v 0.08619408 0.79456735 0.19161372
v 0.09152942 0.38524342 -0.34062898
v 0.09358272 0.37063783 -0.37484887
v 0.09083501 0.3554354 -0.41997162
v 0.07447765 0.49608913 0.37944055
v 0.097245 0.4908963 0.3585478
v 0.093776934 0.6081828 0.26116177
v 0.095556684 0.5848464 0.21072122
v 0.10100357 0.5461508 0.15905511
v 0.08659151 0.5569508 0.14044367
v 0.09525897 0.5527867 0.12086579
v 0.099037826 0.54801553 0.13729234
v 0.094701335 0.808809 0.2465585
v 0.10036575 0.40641528 -0.36138132
v 0.08607809 0.4063708 -0.37807333
v 0.0739612 0.422203 -0.37217453
v 0.088798046 0.7712196 0.24126273
v 0.09491756 0.8170142 0.22177912
v 0.095802404 0.47382838 0.3644132
v 0.09470378 0.7968368 0.25521654
v 0.09530243 0.78496635 0.2379894
v 0.09720542 0.79690135 0.22209862
v 0.1026195 0.58663744 0.24246757
v 0.09772731 0.33575636 -0.43854797
v 0.1075107 0.53521353 0.3226896
v 0.1071058 0.5512896 0.19082113
v 0.10180446 0.42725253 -0.34373653
v 0.08715777 0.48092657 -0.2579412
v 0.102298394 0.46394575 -0.25808844
v 0.089233816 0.4657166 -0.27888027
v 0.1075487 0.42684084 0.35420176
v 0.100228325 0.4513784 0.356869
v 0.08607429 0.45826644 0.37175056
v 0.11242562 0.55205804 0.2949911
v 0.105755605 0.47170788 0.3502186
v 0.10328831 0.48157704 -0.23293708
v 0.10459226 0.4555319 -0.26191786
v 0.08943402 0.45003736 -0.30665872
v 0.106190726 0.36879203 -0.36295384
v 0.1125079 0.5644684 0.26244363
v 0.106339 0.37992805 -0.34343076
v 0.107586235 0.5100851 0.34053248
v 0.105249025 0.31957877 -0.42928395
v 0.11345624 0.33628005 -0.4141594
v 0.1184371 0.54602504 0.23025285
v 0.114221185 0.385024 -0.32305115
v 0.10767376 0.36078125 -0.37607446
v 0.11520904 0.4404064 0.34018996
v 0.112184584 0.46913797 -0.2331773
v 0.110342115 0.39098686 -0.320027
v 0.11647222 0.34895754 -0.39200896
v 0.11883736 0.47999096 0.33251354
v 0.1139934 0.37197578 -0.3389707
v 0.120192885 0.35516247 -0.35379404
v 0.11496379 0.46046975 -0.23422712
v 0.12097389 0.31476188 -0.40566635
v 0.111113146 0.30544344 -0.42213193
v 0.12528992 0.5207723 0.19360314
v 0.1219529 0.52704 0.14876103
v 0.11946744 0.5001557 0.31949484
v 0.114546254 0.5279894 0.16433424
v 0.11970277 0.40996036 -0.33636066
v 0.11976518 0.4608039 0.32967874
v 0.10568924 0.49092248 -0.20826429
v 0.1223526 0.47448385 -0.19942276
v 0.11543601 0.3570093 -0.37797174
v 0.11413022 0.54055583 0.12777628
v 0.11378083 0.49337438 -0.18392001
v 0.1263953 0.42318702 -0.31989872
v 0.12907349 0.5171504 0.2795759
v 0.12609102 0.39100322 -0.2980873
v 0.12623543 0.41160414 0.3385218
v 0.12168719 0.52132577 0.3021895
v 0.12956798 0.51397747 0.17072916
v 0.12667297 0.37705162 -0.3151685
v 0.124257885 0.5355603 0.12297308
v 0.12690908 0.36610964 -0.31905058
v 0.12731484 0.3001869 -0.39639997
v 0.12541366 0.33060658 -0.39206028
v 0.1263995 0.49776834 0.29736915
v 0.13108183 0.5195668 0.2573299
v 0.12834556 0.47914377 -0.17608327
v 0.1264316 0.46141744 -0.2018628
v 0.1315014 0.33367437 -0.36752218
v 0.12513158 0.49369287 -0.16819802
v 0.12893252 0.43389088 0.32001486
v 0.13456383 0.46858817 0.29391202
v 0.13177387 0.4538688 0.30529395
v 0.13586201 0.31275386 -0.37290236
v 0.13425839 0.5070678 0.22162217
v 0.13732237 0.38022465 -0.29054195
v 0.13666879 0.5040704 0.19347459
v 0.13321742 0.46346766 -0.18065259
v 0.13261007 0.41358745 -0.3154707
v 0.13352774 0.3455923 -0.33998394
v 0.14088938 0.4743696 0.26953796
v 0.13617635 0.48645547 -0.16895577
v 0.14042205 0.47214773 -0.17179914
v 0.14026737 0.41509712 0.31717882
v 0.14441222 0.35208127 -0.3099316
v 0.14160852 0.48754382 0.24450096
v 0.13132006 0.43243128 -0.3014509
v 0.14321874 0.4228448 -0.29002437
v 0.14275667 0.39513087 -0.26820156
v 0.14900412 0.4248199 0.29686332
v 0.14282086 0.3320512 -0.3335179
v 0.14141697 0.28684914 -0.3608327
v 0.15511715 0.5096603 0.15828173
v 0.15039769 0.50073487 0.1731951
v 0.14041622 0.4052365 -0.29176316
v 0.14490515 0.44570565 0.2823762
v 0.14582652 0.48912606 0.21248919
v 0.15171123 0.37706593 0.3107527
v 0.1451339 0.45974886 -0.16935195
v 0.14267036 0.43504506 -0.27593693
v 0.15113512 0.44925326 -0.1895887
v 0.13717481 0.46199018 -0.18843742
v 0.14371619 0.45379975 -0.2127031
v 0.14278294 0.44965184 -0.23649487
v 0.15157105 0.4334529 -0.25323522
v 0.13583237 0.44681507 -0.2617941
v 0.1501482 0.47123876 0.23738308
v 0.14564341 0.3840402 -0.2675279
v 0.15621756 0.35196158 -0.28633726
v 0.1485483 0.30160552 -0.34300536
v 0.15269741 0.48259985 -0.15517317
v 0.15849657 0.3730613 -0.25707686
v 0.15222289 0.31797007 -0.31531024
v 0.15222397 0.45026523 0.2614595
v 0.15799664 0.48896214 0.19026639
v 0.1483211 0.49515918 -0.14728548
v 0.15577643 0.46392834 -0.15526769
v 0.15301104 0.3891576 -0.24222404
v 0.15097632 0.3973664 -0.2456103
v 0.15527998 0.4020673 0.30730584
v 0.1568158 0.43391374 0.2750059
v 0.1528644 0.44802186 -0.15728
v 0.15167563 0.41578284 -0.27402207
v 0.16575515 0.46966338 0.2168448
v 0.16483535 0.4403522 0.25425208
v 0.15958574 0.42893136 -0.22316761
v 0.16352707 0.41817358 0.28162667
v 0.16594118 0.48231822 -0.13458797
v 0.16804175 0.49386784 -0.119693324
v 0.15470862 0.5046467 -0.12337209
v 0.15881969 0.4331938 -0.19250509
v 0.1588034 0.39852172 -0.22765929
v 0.15731801 0.2958544 -0.31309134
v 0.16309997 0.4490285 -0.1400123
v 0.1617788 0.4416523 -0.16323058
v 0.15388514 0.4059087 -0.2554427
v 0.16024023 0.4169245 -0.24008703
v 0.16412784 0.31472167 -0.28549314
v 0.16210304 0.3890701 -0.2203123
v 0.16381311 0.4029189 0.29100928
v 0.16676879 0.45650116 0.23451121
v 0.16753747 0.4317226 -0.18386823
v 0.16476154 0.37957346 -0.22825554
v 0.17389858 0.48452285 0.17285424
v 0.16985346 0.45898652 -0.13209347
v 0.16829172 0.38891572 0.28669143
v 0.15954457 0.5429841 0.06268575
v 0.17227522 0.53143686 0.07140369
v 0.1595368 0.54112226 0.025012324
v 0.17614405 0.5237631 0.00832906
v 0.15734409 0.5368071 -0.0067001735
v 0.16189644 0.4175685 -0.21689582
v 0.17032784 0.40470368 -0.21092835
v 0.17205077 0.521593 -0.018794673
v 0.1575919 0.5308595 -0.026908457
v 0.178221 0.43869933 -0.13685954
v 0.1672625 0.289407 -0.27314678
v 0.16738091 0.504173 -0.101403944
v 0.17108521 0.3397632 -0.26263714
v 0.16035981 0.5356362 0.09793259
v 0.17462657 0.41517782 -0.19772522
v 0.17622276 0.35670027 -0.2303719
v 0.17771037 0.496451 0.15885888
v 0.17466173 0.38832957 -0.2077774
v 0.17693347 0.5294462 0.034864675
v 0.171983 0.51457924 -0.055275418
v 0.17966126 0.50322974 -0.06841606
v 0.15460062 0.5177873 -0.08999557
v 0.17732292 0.37248334 -0.19485284
v 0.17787297 0.4009941 0.27006528
v 0.18162163 0.43244886 0.24323437
v 0.17833531 0.44903636 -0.108996585
v 0.17552276 0.37071294 -0.20988572
v 0.18374471 0.4618686 0.20389491
v 0.17846671 0.31567043 -0.24644506
v 0.18379319 0.42333543 -0.16513298
v 0.18115994 0.41447046 0.2594709
v 0.1802967 0.51267964 0.13521035
v 0.17983963 0.4777665 -0.11036822
v 0.18158822 0.49414194 -0.08646211
v 0.18043363 0.2968098 -0.23956224
v 0.18134084 0.5242752 0.055089395
v 0.1900876 0.39294654 0.25362566
v 0.1898928 0.47770602 0.15911976
v 0.17970046 0.5213757 0.106757335
v 0.18647042 0.52284724 0.08059288
v 0.18412323 0.3947124 -0.19245198
v 0.18630321 0.35525042 -0.19450971
v 0.18532205 0.51465017 0.020285774
v 0.18498598 0.3259856 -0.22553295
v 0.18821332 0.49955267 -0.040175736
v 0.18736103 0.50592095 -0.0076745213
v 0.1841201 0.45327675 -0.08560814
v 0.1851417 0.46717688 -0.09555292
v 0.18695197 0.37449956 -0.17943966
v 0.19403133 0.5165311 0.041961893
v 0.19310395 0.4415758 -0.08481949
v 0.18772012 0.29403904 -0.2098558
v 0.19110666 0.40494645 -0.17227057
v 0.18842311 0.3402018 -0.20806694
v 0.18884526 0.48357713 -0.07302876
v 0.19751972 0.42523736 -0.11498583
v 0.18978041 0.35514927 -0.15345867
v 0.19004296 0.34983954 -0.17639653
v 0.19510515 0.41886538 -0.14232844
v 0.18817434 0.49835226 0.1505881
v 0.19510847 0.5084089 0.012549966
v 0.19879954 0.4430282 0.20785058
v 0.19565983 0.49449635 0.13775678
v 0.19071622 0.4629819 -0.06257353
v 0.19181703 0.4532063 -0.05659562
v 0.19097205 0.31133416 -0.1963087
v 0.19937316 0.45823467 0.1789176
v 0.19835454 0.49706224 -0.005657191
v 0.1917899 0.49068218 -0.022946157
v 0.19612306 0.38034305 -0.16567828
v 0.20233853 0.41952547 0.22615153
v 0.19064724 0.5124938 0.11662693
v 0.19539642 0.2861312 -0.1890018
v 0.19250564 0.4843341 -0.043854717
v 0.20146614 0.3410443 -0.13542177
v 0.20091695 0.34820953 -0.11319129
v 0.19144762 0.33069217 -0.1778769
v 0.19842575 0.44662243 -0.056326706
v 0.1985445 0.32758528 -0.16500334
v 0.19778587 0.30938208 -0.17900355
v 0.19904709 0.46345356 0.1518667
v 0.20308772 0.5008543 0.10681962
v 0.20205337 0.48175424 -0.021005366
v 0.19637436 0.4696283 -0.03405053
v 0.1942312 0.45866334 -0.039402626
v 0.2045777 0.37466055 -0.13384801
v 0.20253496 0.509279 0.07560459
v 0.2042959 0.47410393 0.13650091
v 0.20267391 0.39631456 -0.14686254
v 0.20764165 0.44244963 -0.03581032
v 0.20731518 0.49974594 0.023657067
v 0.20812361 0.45258608 -0.019569753
v 0.20821987 0.42567718 -0.06870811
v 0.2099281 0.4850027 -0.000023083994
v 0.21093436 0.4001084 0.21905741
v 0.20948735 0.44833872 0.15736575
v 0.2094584 0.46779442 -0.015358305
v 0.20830396 0.3057066 -0.16247538
v 0.2082082 0.4497438 0.13111633
v 0.20932095 0.4041779 -0.11465472
v 0.21627404 0.4331214 0.17665055
v 0.2090587 0.36536616 -0.101148404
v 0.21589726 0.35606277 -0.07876889
v 0.21358825 0.48836777 0.090449885
v 0.21406154 0.49343503 0.05093844
v 0.21621944 0.3262428 -0.11288877
v 0.21109894 0.28251427 -0.15865472
v 0.21664268 0.30928636 -0.13929452
v 0.21221176 0.42903617 0.19715363
v 0.22014318 0.43153358 0.14366129
v 0.21397944 0.45850134 0.11535892
v 0.21383499 0.37625098 0.21281962
v 0.21256138 0.48239022 0.112950675
v 0.21960774 0.41298172 0.19256157
v 0.22346808 0.31553477 -0.08892513
v 0.21250604 0.39192998 -0.110258915
v 0.21603616 0.4356914 0.108623765
v 0.21607667 0.4006405 -0.075491056
v 0.22006255 0.47987697 0.06726744
v 0.21797492 0.4626609 0.00964569
v 0.21567196 0.4486603 0.0067723542
v 0.22039557 0.43629113 0.004366309
v 0.21981074 0.42401263 -0.021272719
v 0.22028129 0.40894398 -0.04126564
v 0.21794254 0.32852703 -0.062051382
v 0.21960753 0.46963048 0.09067909
v 0.21773678 0.44170228 0.0888749
v 0.21661296 0.42569345 0.08225045
v 0.21810901 0.4808213 0.030063044
v 0.22701226 0.34057593 -0.048136495
v 0.21653967 0.3840855 -0.08421562
v 0.21984576 0.28960502 -0.13771206
v 0.22445059 0.38850045 0.18721521
v 0.22766769 0.4133214 0.08181391
v 0.22190313 0.43861064 0.028914846
v 0.2226503 0.4246397 0.05245575
v 0.22113238 0.44063267 0.05810496
v 0.22305179 0.46379897 0.03968
v 0.22289869 0.38118643 -0.053989448
v 0.2243231 0.3149704 -0.056899983
v 0.224364 0.29817238 -0.11961659
v 0.22341953 0.45607755 0.07221397
v 0.21831994 0.36311758 0.19514737
v 0.22293326 0.31709042 -0.04305439
v 0.22900973 0.4144602 0.105240785
v 0.22779085 0.4090835 0.062173262
v 0.22822829 0.3693707 0.16982874
v 0.23154761 0.40036136 0.14996864
v 0.22855914 0.4071354 0.022696191
v 0.2316412 0.3902533 0.038221195
v 0.22851154 0.40174216 -0.008932766
v 0.22853191 0.38588285 -0.023468398
v 0.23582189 0.38858026 0.12625112
v 0.23043156 0.32148558 -0.030774062
v 0.22928795 0.2980219 -0.046386514
v 0.2248757 0.2752875 -0.11496447
v 0.23002434 0.30226508 -0.07759633
v 0.22959842 0.28677762 -0.09641667
v 0.2339822 0.36315337 -0.029854795
v 0.23141944 0.2873708 -0.06549113
v 0.23088096 0.27454376 -0.04480463
v 0.22786428 0.2625112 -0.0643679
v 0.22594176 0.2642778 -0.09550565
v 0.23185253 0.3831086 0.0036820755
v 0.23442101 0.3695026 0.14589272
v 0.23816584 0.38403863 0.05838957
v 0.2384688 0.36143783 -0.002556225
v 0.23618117 0.34260172 -0.015450872
v 0.24029721 0.2950908 -0.02940379
v 0.24308935 0.335302 0.11620547
v 0.22669978 0.34880403 0.13862908
v 0.23004022 0.324471 0.13619107
v 0.24027634 0.3829322 0.088258564
v 0.23927629 0.3715676 0.019747615
v 0.23900905 0.35968122 0.12197386
v 0.24020101 0.3369508 0.0018239478
v 0.23959862 0.32090887 -0.018784782
v 0.23663573 0.30195418 0.12786645
v 0.24794964 0.30553275 0.10740436
v 0.24353425 0.367463 0.1028963
v 0.24419129 0.35116798 0.024901329
v 0.24238534 0.29044065 0.11473138
v 0.24726823 0.30801606 -0.013410425
v 0.24963501 0.33916152 0.098580144
v 0.24857576 0.35564065 0.049053904
v 0.2521819 0.32714176 0.018537592
v 0.2493684 0.28587762 0.09360722
v 0.25201243 0.29967207 0.00087250106
v 0.25013137 0.3528083 0.077246316
v 0.25429058 0.336344 0.041198
v 0.25626183 0.33192784 0.06503782
v 0.2572574 0.30867678 0.07882861
v 0.25376177 0.28103104 0.017010888
v 0.2568364 0.30161557 0.023490423
v 0.25883883 0.31446892 0.051341355
v 0.25745267 0.29295176 0.04950055
v 0.014919328 0.012835264 0.13969088
v 0.018771812 0.02103576 0.14031279
v 0.014765403 0.019728571 0.1357366
v 0.024639497 0.016638398 0.13592854
v 0.02508108 0.01177609 0.13001016
v 0.031220809 0.02431202 0.13485447
v 0.04626835 0.012466341 0.13534209
v 0.055446155 0.022054255 0.1420956
v 0.06799942 0.01679936 0.14915092
v 0.07817572 0.010163397 0.14692934
v 0.014765403 0.019728571 0.1357366
v 0.029142842 0.0144711435 0.10683949
v 0.014919328 0.012835264 0.13969088
v 0.02657202 0.030644238 0.12458434
v 0.03470964 0.025838047 0.103495166
v 0.046638045 0.03458026 0.10743135
v 0.059741903 0.037430406 0.08699355
v 0.057726037 0.025465727 0.07045669
v 0.05878987 0.0117791295 0.0586928
v 0.07234884 0.03928083 0.0666588
v 0.080876015 0.021628976 0.028317628
v 0.08096907 0.005276352 0.027134562
v 0.084847905 0.04409671 0.04829108
v 0.0893446 0.012113541 -0.0031945922
v 0.0946021 0.023740202 0.00077771547
v 0.09291969 0.036318153 0.025845679
v 0.09769332 0.003268987 -0.008944742
v 0.093937404 0.03832206 -0.004202672
v 0.094492435 0.05562362 0.0056665046
v 0.09495005 0.046966463 -0.015608234
v 0.09731384 0.046813548 0.026344633
v 0.097487204 0.03633663 0.0068535246
v 0.094862975 0.05592209 0.04338783
v 0.104445785 0.025086075 -0.014444266
v 0.10970163 0.014171034 -0.02635643
v 0.097487204 0.03633663 0.0068535246
v 0.106408015 0.06334823 -0.011233313
v 0.09978856 0.030235827 -0.009921208
v 0.099535175 0.029312402 -0.019363752
v 0.09731384 0.046813548 0.026344633
v 0.094862975 0.05592209 0.04338783
v 0.101077974 0.032651395 -0.029632224
v 0.10100872 0.043991804 -0.028780987
v 0.09978856 0.030235827 -0.009921208
v 0.10723752 0.008187562 -0.024704615
v 0.10741842 0.053631365 -0.023285627
v 0.104445785 0.025086075 -0.014444266
v 0.10903024 0.14374489 0.015934432
v 0.10991737 0.12792954 0.025457876
v 0.10730976 0.1421428 0.040127974
v 0.11015535 0.07672799 0.012393938
v 0.112508014 0.119726 0.03935626
v 0.11616505 0.13345578 0.0066413344
v 0.11294528 0.07282582 -0.002905392
v 0.11553671 0.14340517 0.0062450385
v 0.10192884 0.067727 0.033141766
v 0.111127675 0.093524724 0.037023865
v 0.11535702 0.09976074 0.01465596
v 0.1169404 0.028764546 -0.022248566
v 0.109009154 0.033730447 -0.018222744
v 0.1233118 0.0738785 -0.006663306
v 0.11965796 0.04642397 -0.012655064
v 0.11985435 0.08733818 -0.0026644785
v 0.114678994 0.05292785 -0.01903054
v 0.11947189 0.016296 -0.032665554
v 0.12303491 0.11673549 -0.009728768
v 0.11817761 0.14320299 -0.010854025
v 0.121421024 0.0060409606 -0.037915275
v 0.1283786 0.13488877 -0.022647358
v 0.12737255 0.14512628 -0.027460251
v 0.13128173 0.11277804 -0.018019876
v 0.13500567 0.08013296 -0.0043540425
v 0.13566421 0.13540334 -0.026762342
v 0.13416182 0.14351013 -0.030174414
v 0.02657202 0.030644238 0.12458434
v 0.014765403 0.019728571 0.1357366
v 0.018771812 0.02103576 0.14031279
v 0.031220809 0.02431202 0.13485447
v 0.037652884 0.028238893 0.13182789
v 0.046638045 0.03458026 0.10743135
v 0.045722023 0.028831154 0.11923134
v 0.055446155 0.022054255 0.1420956
v 0.06329706 0.02264455 0.12217972
v 0.061278094 0.03396219 0.09605768
v 0.07023823 0.025380403 0.09577977
v 0.059741903 0.037430406 0.08699355
v 0.077566594 0.03346905 0.08002212
v 0.07693746 0.04095158 0.07381548
v 0.06799942 0.01679936 0.14915092
v 0.08763198 0.020428598 0.14256379
v 0.08162051 0.022296578 0.11859326
v 0.07234884 0.03928083 0.0666588
v 0.08303979 0.012022853 0.15958288
v 0.08884276 0.01841113 0.16429435
v 0.08696212 0.027478784 0.0748225
v 0.08425136 0.024824977 0.09280442
v 0.089128636 0.048316747 0.061916113
v 0.09198882 0.041829556 0.0665058
v 0.09706523 0.028234452 0.08335019
v 0.095916964 0.03367412 0.06587061
v 0.09760202 0.024723053 0.11870919
v 0.10195267 0.016168088 0.17784661
v 0.10329709 0.02302128 0.15264073
v 0.10085061 0.032904536 0.073804274
v 0.014919328 0.012835264 0.13969088
v 0.029142842 0.0144711435 0.10683949
v 0.02508108 0.01177609 0.13001016
v 0.034255788 0.00898549 0.1175331
v 0.04626835 0.012466341 0.13534209
v 0.061601125 0.0058833957 0.079687566
v 0.083685346 0.007959247 0.12693906
v 0.05878987 0.0117791295 0.0586928
v 0.07817572 0.010163397 0.14692934
v 0.09709818 0.00397712 0.058313165
v 0.08096907 0.005276352 0.027134562
v 0.08303979 0.012022853 0.15958288
v 0.06799942 0.01679936 0.14915092
v 0.10686397 0.0008467734 0.024773978
v 0.09769332 0.003268987 -0.008944742
v 0.10662293 0.009568542 0.16887772
v 0.10195267 0.016168088 0.17784661
v 0.10992531 0.003800571 -0.014556519
v 0.10723752 0.008187562 -0.024704615
v 0.11576821 0.0035339296 -0.0008739797
v 0.13472652 0.008580297 0.15099601
v 0.125978 0.007072091 0.10300604
v 0.13174377 0.0037035346 0.06074027
v 0.12025461 0.0142682195 0.18640476
v 0.11536881 0.013086319 0.20050006
v 0.1122676 0.016735524 0.1911307
v 0.10970163 0.014171034 -0.02635643
v 0.121588916 0.011063427 -0.019632136
v 0.11463077 0.016496658 -0.02030399
v 0.11820052 0.015897036 -0.012095071
v 0.113488466 0.008300841 -0.005925634
v 0.113495134 0.013828337 -0.013151431
v 0.11576821 0.0035339296 -0.0008739797
v 0.12044259 0.006851405 -0.030886164
v 0.121421024 0.0060409606 -0.037915275
v 0.11820052 0.015897036 -0.012095071
v 0.12129122 0 -0.0043002474
v 0.12699525 0.0014488101 -0.018955149
v 0.13594241 0.010316521 0.16777426
v 0.13099594 0.0053594112 -0.028612979
v 0.14757924 0.0030162036 0.038222454
v 0.13410373 0.00012028217 0.010102775
v 0.14929698 0.0065154433 0.0072922665
v 0.16885774 0.0059169233 0.08122752
v 0.1614708 0.0085451305 0.13422196
v 0.15572554 0.010657132 0.15213136
v 0.16712391 0.008343935 0.047061205
v 0.17424822 0.012025595 0.14375879
v 0.18931259 0.009909153 0.08336865
v 0.18851802 0.0080779195 0.1237145
v 0.19830719 0.011733323 0.13676655
v 0.20671715 0.009761721 0.115801826
v 0.2116962 0.01180774 0.135149
v 0.21963152 0.013065994 0.14346483
v 0.061864026 0.36005965 -0.42869
v 0.041377097 0.3483702 -0.43260857
v 0.0514694 0.36011624 -0.4361162
v 0.0735389 0.34310955 -0.43120632
v 0.070678696 0.35512564 -0.42519054
v 0.07413577 0.3527193 -0.44005704
v 0.078762725 0.35950306 -0.42886665
v 0.075962305 0.34076482 -0.441366
v 0.072812535 0.3620383 -0.4190119
v 0.079740964 0.34321788 -0.4496826
v 0.08010053 0.35056135 -0.4463955
v 0.08362677 0.32295763 -0.43192124
v 0.08516437 0.3306896 -0.44330522
v 0.096790284 0.31234905 -0.43615735
v 0.090919904 0.30436993 -0.43277267
v 0.08594192 0.30145198 -0.42619035
v 0.078762725 0.35950306 -0.42886665
v 0.08010053 0.35056135 -0.4463955
v 0.07413577 0.3527193 -0.44005704
v 0.089128636 0.048316747 0.061916113
v 0.084847905 0.04409671 0.04829108
v 0.07234884 0.03928083 0.0666588
v 0.094862975 0.05592209 0.04338783
v 0.09198882 0.041829556 0.0665058
v 0.09847819 0.04404062 0.07356368
v 0.10406234 0.05712098 0.07182184
v 0.09706523 0.028234452 0.08335019
v 0.09760202 0.024723053 0.11870919
v 0.10152044 0.032466233 0.095580004
v 0.10192884 0.067727 0.033141766
v 0.094492435 0.05562362 0.0056665046
v 0.095916964 0.03367412 0.06587061
v 0.10085061 0.032904536 0.073804274
v 0.10374038 0.044444233 0.088882625
v 0.10479801 0.035844028 0.12197176
v 0.10329709 0.02302128 0.15264073
v 0.11015535 0.07672799 0.012393938
v 0.108310476 0.073634356 0.05259539
v 0.107640184 0.032482088 0.15458554
v 0.10803934 0.025678784 0.17607307
v 0.110857 0.042926818 0.11844581
v 0.10195267 0.016168088 0.17784661
v 0.115567446 0.049131483 0.09681088
v 0.1122676 0.016735524 0.1911307
v 0.114092045 0.02953577 0.18360561
v 0.111127675 0.093524724 0.037023865
v 0.11239259 0.020815283 0.19592242
v 0.115267605 0.037342876 0.15357192
v 0.119460024 0.055808306 0.081570275
v 0.11788954 0.07505703 0.059371863
v 0.116291516 0.14045992 0.048936203
v 0.112508014 0.119726 0.03935626
v 0.124016136 0.128411 0.049177147
v 0.10730976 0.1421428 0.040127974
v 0.10991737 0.12792954 0.025457876
v 0.11536881 0.013086319 0.20050006
v 0.117821604 0.019461215 0.20026144
v 0.119058415 0.09850457 0.048403557
v 0.12706278 0.076043725 0.060827058
v 0.12934259 0.101270586 0.050436396
v 0.079740964 0.34321788 -0.4496826
v 0.08010053 0.35056135 -0.4463955
v 0.08769001 0.34159392 -0.44829372
v 0.08516437 0.3306896 -0.44330522
v 0.0932861 0.32803005 -0.44069248
v 0.096790284 0.31234905 -0.43615735
v 0.09772731 0.33575636 -0.43854797
v 0.105249025 0.31957877 -0.42928395
v 0.111113146 0.30544344 -0.42213193
v 0.10054166 0.026660293 0.019000316
v 0.095659405 0.022163242 0.030938411
v 0.0981868 0.015529096 0.009407008
v 0.101605855 0.049649358 0.009401184
v 0.103927076 0.043658793 0.003608198
v 0.10364428 0.05067146 -0.0043513207
v 0.100816794 0.037993908 0.038481858
v 0.10701867 0.045800745 0.031444807
v 0.104744576 0.05802217 0.013461505
v 0.1092208 0.052900553 -0.00559534
v 0.10614879 0.044596493 0.017499553
v 0.10762183 0.034463108 0.008314777
v 0.1073249 0.026153117 -0.00008616084
v 0.1085705 0.018764734 -0.003073755
v 0.10723756 0.05622217 0.033943206
v 0.11235923 0.067026466 0.03382704
v 0.11169131 0.06193027 0.049468637
v 0.11345943 0.04410979 0.041447677
v 0.10880748 0.04380983 0.03854458
v 0.11111925 0.04087758 0.00058215286
v 0.11212929 0.06416023 0.009387514
v 0.11640766 0.028884292 -0.006380244
v 0.113495134 0.013828337 -0.013151431
v 0.10992531 0.003800571 -0.014556519
v 0.11463077 0.016496658 -0.02030399
v 0.10723752 0.008187562 -0.024704615
v 0.113488466 0.008300841 -0.005925634
v 0.10970163 0.014171034 -0.02635643
v 0.11576821 0.0035339296 -0.0008739797
v 0.11648027 0.053432733 0.054647915
v 0.11961151 0.07425454 0.011917671
v 0.11710584 0.060782135 0.056140818
v 0.120442405 0.08583945 0.027471248
v 0.1242231 0.06788695 0.04290674
v 0.12479898 0.08789775 0.0078541655
v 0.12841785 0.0831078 0.0040157037
v 0.12961292 0.09733915 0.0066606686
v 0.11905614 0.059945166 0.0016803101
v 0.106295586 0.030177474 0.035438046
v 0.095659405 0.022163242 0.030938411
v 0.100816794 0.037993908 0.038481858
v 0.113756604 0.026126832 0.018945187
v 0.0981868 0.015529096 0.009407008
v 0.1085705 0.018764734 -0.003073755
v 0.10880748 0.04380983 0.03854458
v 0.11345943 0.04410979 0.041447677
v 0.11691473 0.019390851 0.002852799
v 0.113495134 0.013828337 -0.013151431
v 0.11648027 0.053432733 0.054647915
v 0.11916039 0.04551682 0.046276655
v 0.11820052 0.015897036 -0.012095071
v 0.12915125 0.054314286 0.042721413
v 0.12433029 0.03469807 0.032460634
v 0.1278128 0.046613872 0.037877478
v 0.12308453 0.021628857 -0.0033575378
v 0.12398181 0.021855831 -0.011054556
v 0.12716761 0.024070144 0.012124349
v 0.13378105 0.014779717 0.0005191491
v 0.13379306 0.034688383 0.03857867
v 0.13580064 0.024857968 0.030907027
v 0.13579005 0.022316366 0.017026093
v 0.13057497 0.031026095 -0.016124425
v 0.1169404 0.028764546 -0.022248566
v 0.11965796 0.04642397 -0.012655064
v 0.12751713 0.015283614 -0.031677887
v 0.11947189 0.016296 -0.032665554
v 0.1092208 0.052900553 -0.00559534
v 0.11111925 0.04087758 0.00058215286
v 0.12055359 0.047261536 0.0029514285
v 0.11640766 0.028884292 -0.006380244
v 0.11905614 0.059945166 0.0016803101
v 0.11961151 0.07425454 0.011917671
v 0.12398181 0.021855831 -0.011054556
v 0.11463077 0.016496658 -0.02030399
v 0.12622233 0.038819402 -0.00045480713
v 0.11820052 0.015897036 -0.012095071
v 0.13040696 0.026954502 0.0014692639
v 0.1310512 0.06420994 0.007780277
v 0.12841785 0.0831078 0.0040157037
v 0.13378105 0.014779717 0.0005191491
v 0.13446979 0.07939911 0.015320748
v 0.1343807 0.048336923 0.009504794
v 0.12961292 0.09733915 0.0066606686
v 0.13526133 0.032817602 0.01818056
v 0.110857 0.042926818 0.11844581
v 0.115267605 0.037342876 0.15357192
v 0.12446633 0.03948751 0.11401692
v 0.115567446 0.049131483 0.09681088
v 0.121450424 0.028077692 0.17982855
v 0.114092045 0.02953577 0.18360561
v 0.123332806 0.031654626 0.15729125
v 0.117821604 0.019461215 0.20026144
v 0.11536881 0.013086319 0.20050006
v 0.12025461 0.0142682195 0.18640476
v 0.123861305 0.02126038 0.17704076
v 0.119460024 0.055808306 0.081570275
v 0.13129535 0.015921623 0.17787047
v 0.12673825 0.021903872 0.15821941
v 0.13123469 0.025404572 0.11903441
v 0.13697815 0.019739956 0.16745356
v 0.13134092 0.044628084 0.08168597
v 0.12706278 0.076043725 0.060827058
v 0.13120553 0.032479554 0.08044432
v 0.12934259 0.101270586 0.050436396
v 0.13781758 0.079987496 0.049624182
v 0.13678755 0.027202666 0.082050845
v 0.13453718 0.03368157 0.06778745
v 0.14016041 0.02891478 0.06897182
v 0.14524865 0.051432192 0.057944164
v 0.14115141 0.04351014 0.06808447
v 0.13819714 0.11287236 0.04566336
v 0.15302685 0.01599899 0.15874515
v 0.14656028 0.0918397 0.032692134
v 0.14849144 0.055505395 0.03146491
v 0.14926407 0.04405558 0.040940184
v 0.15261905 0.024588317 0.028326986
v 0.16449472 0.032792717 0.061122984
v 0.15542434 0.042976886 0.06629425
v 0.12915125 0.054314286 0.042721413
v 0.11648027 0.053432733 0.054647915
v 0.11710584 0.060782135 0.056140818
v 0.120442405 0.08583945 0.027471248
v 0.1242231 0.06788695 0.04290674
v 0.11169131 0.06193027 0.049468637
v 0.1308491 0.07562035 0.028559163
v 0.1278128 0.046613872 0.037877478
v 0.13379306 0.034688383 0.03857867
v 0.11916039 0.04551682 0.046276655
v 0.12961292 0.09733915 0.0066606686
v 0.13446979 0.07939911 0.015320748
v 0.13659328 0.059270114 0.03621597
v 0.13643807 0.036857456 0.031117715
v 0.13526133 0.032817602 0.01818056
v 0.13378105 0.014779717 0.0005191491
v 0.13579005 0.022316366 0.017026093
v 0.1365101 0.07040563 0.027108546
v 0.1343807 0.048336923 0.009504794
v 0.137955 0.052221 0.026195962
v 0.13580064 0.024857968 0.030907027
v 0.13040696 0.026954502 0.0014692639
v 0.13129535 0.015921623 0.17787047
v 0.12025461 0.0142682195 0.18640476
v 0.13594241 0.010316521 0.16777426
v 0.15302685 0.01599899 0.15874515
v 0.15572554 0.010657132 0.15213136
v 0.17424822 0.012025595 0.14375879
v 0.17219456 0.02093187 0.1465786
v 0.19490527 0.01753208 0.14099653
v 0.19830719 0.011733323 0.13676655
v 0.19509013 0.025163978 0.13865682
v 0.207942 0.018882155 0.13808711
v 0.21305208 0.024963051 0.14233862
v 0.2116962 0.01180774 0.135149
v 0.21963152 0.013065994 0.14346483
v 0.22309145 0.021954685 0.14635138
v 0.13697815 0.019739956 0.16745356
v 0.12673825 0.021903872 0.15821941
v 0.123861305 0.02126038 0.17704076
v 0.14607805 0.019903183 0.15191235
v 0.13123469 0.025404572 0.11903441
v 0.13678755 0.027202666 0.082050845
v 0.15419842 0.02296272 0.11299181
v 0.14115141 0.04351014 0.06808447
v 0.13453718 0.03368157 0.06778745
v 0.14016041 0.02891478 0.06897182
v 0.15106133 0.026108295 0.08073129
v 0.15368639 0.034701556 0.076480485
v 0.15302685 0.01599899 0.15874515
v 0.15542434 0.042976886 0.06629425
v 0.14524865 0.051432192 0.057944164
v 0.17219456 0.02093187 0.1465786
v 0.17612055 0.025964648 0.110934705
v 0.17256093 0.035957545 0.09388958
v 0.17115645 0.036260396 0.07739349
v 0.18373789 0.034525603 0.09609926
v 0.19509013 0.025163978 0.13865682
v 0.19611073 0.031909525 0.12202137
v 0.20089014 0.029570818 0.11075126
v 0.21305208 0.024963051 0.14233862
v 0.2148668 0.029673189 0.13559157
v 0.22309145 0.021954685 0.14635138
v 0.18931259 0.009909153 0.08336865
v 0.202111 0.019132674 0.10223009
v 0.20671715 0.009761721 0.115801826
v 0.21581203 0.022277057 0.12449729
v 0.22224851 0.016717315 0.13586044
v 0.21963152 0.013065994 0.14346483
v 0.2148668 0.029673189 0.13559157
v 0.22309145 0.021954685 0.14635138
v 0.21581203 0.022277057 0.12449729
v 0.2148668 0.029673189 0.13559157
v 0.22224851 0.016717315 0.13586044
v -0.25432235 0.2762754 0.033389065
v -0.2532465 0.28158635 0.07038789
v -0.25883883 0.30303377 0.060967907
v -0.25186008 0.28811777 0.0020638185
v -0.24402787 0.2583181 -0.0014211407
v -0.23984797 0.2462759 0.041686974
v -0.24025667 0.27469182 -0.026725607
v -0.23576751 0.26919132 0.10645633
v -0.24582767 0.2856145 0.103466175
v -0.23137172 0.23445989 -0.003413194
v -0.23485509 0.2476034 0.08368762
v -0.23100342 0.25315332 -0.03482612
v -0.22480796 0.23454975 -0.029288312
v -0.22519472 0.23472893 0.07321576
v -0.21132647 0.21209289 0.017495029
v -0.22693186 0.26279747 -0.048245113
v -0.21227536 0.2322649 -0.07763307
v -0.22788906 0.26755077 -0.087309234
v -0.21548748 0.22055118 0.051037874
v -0.21461333 0.23326893 -0.046952102
v -0.20069575 0.20225364 -0.018585673
v -0.212595 0.23791774 -0.115247175
v -0.22020021 0.27328753 -0.12830539
v -0.21866898 0.29568267 -0.14348595
v -0.20581032 0.27893445 -0.16953374
v -0.18817738 0.20176497 -0.056977246
v -0.1959591 0.21176927 -0.10208713
v -0.19137558 0.23576109 -0.16240212
v -0.1872645 0.17521536 0.03433467
v -0.18162932 0.21070465 -0.13718265
v -0.1891181 0.25871575 -0.19161625
v -0.19287498 0.2988329 -0.19645637
v -0.18150398 0.2789562 -0.22157842
v -0.1834999 0.30727273 -0.23048714
v -0.1711995 0.18353546 -0.045148272
v -0.16854413 0.1602656 -0.014552695
v -0.16192949 0.17874119 -0.09695625
v -0.17408016 0.2503577 -0.21730535
v -0.16493556 0.23079847 -0.20424116
v -0.16950327 0.28358024 -0.2598354
v -0.17058742 0.31322107 -0.26763007
v -0.16033833 0.2093477 -0.17061307
v -0.1548175 0.28536183 -0.3103113
v -0.1656664 0.14644879 0.008307272
v -0.15360332 0.24888399 -0.2456173
v -0.15909874 0.18926713 -0.14308569
v -0.1693027 0.15071294 0.03301042
v -0.15996209 0.16743526 -0.040889505
v -0.15221015 0.16831845 -0.062651545
v -0.15153992 0.17124146 -0.046741884
v -0.16001883 0.14647385 0.03692382
v -0.15723881 0.1394662 0.009074628
v -0.14964797 0.16382709 -0.12103134
v -0.1571753 0.13536778 0.03657737
v -0.14724907 0.11367068 0.0051107886
v -0.1480739 0.1470615 -0.027252244
v -0.15069093 0.11367977 0.025224451
v -0.14353967 0.15712479 -0.042486183
v -0.14743856 0.15195233 -0.040616382
v -0.15091443 0.20117915 -0.18489161
v -0.14683601 0.22687203 -0.2214881
v -0.14970423 0.14536592 -0.0096548265
v -0.14075887 0.12561202 -0.01677792
v -0.13601802 0.24898297 -0.2811348
v -0.14010088 0.15510333 -0.05325297
v -0.14430626 0.29443732 -0.35739288
v -0.14403051 0.28213927 -0.3479394
v -0.14615722 0.08439848 0.030036915
v -0.14368458 0.086266845 0.009664007
v -0.14145845 0.1800429 -0.17939231
v -0.14074601 0.2668622 -0.32472563
v -0.14153893 0.21071225 -0.21870203
v -0.13346496 0.14346352 -0.0861336
v -0.12750255 0.20797604 -0.24230482
v -0.12746815 0.14919424 -0.15572746
v -0.13534419 0.13301292 -0.026183937
v -0.13290982 0.14453495 -0.03498457
v -0.13509879 0.09322196 -0.0084975585
v -0.13000368 0.14109674 -0.12518018
v -0.13274793 0.28195474 -0.37215167
v -0.121153995 0.17968938 -0.21983556
v -0.12637837 0.26460767 -0.35095584
v -0.13161963 0.11277652 -0.018473092
v -0.123179056 0.13896981 -0.040266946
v -0.132783 0.30085588 -0.38535368
v -0.13143224 0.14428216 -0.02814635
v -0.12514335 0.16171023 -0.18412976
v -0.120646834 0.25091296 -0.3190461
v -0.12639864 0.09753209 -0.010285912
v -0.11990392 0.29613972 -0.40529543
v -0.11234142 0.22899364 -0.30211678
v -0.112571135 0.2811496 -0.39674157
v -0.10846262 0.113315135 -0.09867787
v -0.10907685 0.11692801 -0.055742163
v -0.10426411 0.14888701 -0.20154546
v -0.10238235 0.19360352 -0.26532203
v -0.11080433 0.12522227 -0.14756934
v -0.10649999 0.25825012 -0.35595405
v -0.10126421 0.30297208 -0.42833143
v -0.10912275 0.30996147 -0.4266323
v -0.0931404 0.23840405 -0.34239975
v -0.081876844 0.107145876 -0.15092899
v -0.090937935 0.15959641 -0.23277134
v -0.08823049 0.123808414 -0.18205476
v -0.087188914 0.22225653 -0.32174873
v -0.0791606 0.19490159 -0.2887932
v -0.084145084 0.09627032 -0.089406796
v -0.09098258 0.10385415 -0.04544416
v -0.06097596 0.0895735 -0.11413269
v -0.21664515 0.011669129 0.12664446
v -0.2222847 0.02037543 0.14171214
v -0.20920414 0.017053455 0.1107674
v -0.20216644 0.027809441 0.11095519
v -0.2125356 0.027965903 0.13757792
v -0.20064758 0.0092128515 0.10176436
v -0.20251496 0.03239119 0.12335022
v -0.18741947 0.013167053 0.07903524
v -0.18251753 0.006140232 0.079753235
v -0.18022428 0.029784292 0.084905766
v -0.1681807 0.01518631 0.05005161
v -0.16594428 0.0056479275 0.049324423
v -0.1530016 0.04241419 0.051641572
v -0.15096818 0.006958604 0.009952509
v -0.14716466 0.029257715 0.020179762
v -0.14703569 0.06724724 0.025845187
v -0.14336255 0.048107833 0.007538664
v -0.14615722 0.08439848 0.030036915
v -0.14368458 0.086266845 0.009664007
v -0.13787241 0.06497669 0.0009796311
v -0.13550358 0.0043911934 -0.019697784
v -0.13509879 0.09322196 -0.0084975585
v -0.12659067 0.0783357 -0.005501781
v -0.13404487 0.025448382 -0.01541849
v -0.12529661 0.03831625 -0.0133068
v -0.12730844 0.011258334 -0.032795664
v -0.12626506 0.019719094 -0.028224066
v -0.122958355 0.0527229 -0.006900729
v -0.117808625 0.027319252 -0.022954172
v -0.11531651 0.06271839 -0.012101737
v -0.12639864 0.09753209 -0.010285912
v -0.11417573 0.038009554 -0.01507945
v -0.11471073 0.04744783 -0.01799405
v -0.11437196 0.01782006 -0.029439457
v -0.11548709 0.009992331 -0.035086922
v -0.10073084 0.032467663 -0.025484564
v -0.10359922 0.02737987 -0.015285445
v -0.10363995 0.041113853 -0.029866517
v -0.25559044 0.3143806 0.086271875
v -0.25716645 0.32929185 0.05647796
v -0.25883883 0.30303377 0.060967907
v -0.25671238 0.3175652 0.032015212
v -0.25432235 0.2762754 0.033389065
v -0.24997334 0.350098 0.0873621
v -0.2532465 0.28158635 0.07038789
v -0.25186008 0.28811777 0.0020638185
v -0.24515095 0.34350693 0.10951086
v -0.24582767 0.2856145 0.103466175
v -0.24700396 0.31500423 0.11053327
v -0.23891953 0.36403453 0.11913195
v -0.23886031 0.29955572 0.12433318
v -0.23778923 0.38908935 0.11457086
v -0.24210493 0.3767872 0.0770182
v -0.23376237 0.32799 0.13271251
v -0.23662286 0.3808714 0.1389153
v -0.22913457 0.3679595 0.16397408
v -0.22631471 0.34803045 0.13936277
v -0.2296842 0.40800834 0.078409
v -0.2253812 0.41701716 0.16123076
v -0.22345388 0.40089306 0.18689063
v -0.21959491 0.31790054 0.1462182
v -0.22945613 0.41314775 0.12233037
v -0.22636521 0.4078284 0.047725018
v -0.22367781 0.42828202 0.02857942
v -0.23136851 0.38905045 0.019402219
v -0.21595223 0.43925625 0.14288536
v -0.21982001 0.43249992 0.06066901
v -0.2217299 0.44751728 0.051862735
v -0.21947432 0.47141916 0.086023614
v -0.22302201 0.46536803 0.055330984
v -0.21535654 0.48805684 0.06792001
v -0.21829687 0.44455937 0.08602184
v -0.22093987 0.41500992 0.0685968
v -0.21984306 0.36548588 0.19535695
v -0.20690954 0.43706685 0.1990926
v -0.20998846 0.37319756 0.2161123
v -0.21321711 0.4567315 0.11668147
v -0.20698586 0.4757936 0.12946919
v -0.2136677 0.43356997 0.08848155
v -0.19904159 0.5068954 0.10054041
v -0.21123137 0.44445524 0.11384743
v -0.20612298 0.4062195 0.22636163
v -0.19168402 0.4721767 0.16399518
v -0.20729044 0.33044034 0.16292411
v -0.20552956 0.45597255 0.14021161
v -0.20653778 0.5041991 0.055316757
v -0.18788844 0.38332653 0.25637928
v -0.19388086 0.5183859 0.06525469
v -0.18994127 0.4228595 0.24206367
v -0.18410999 0.45014647 0.22281899
v -0.19007756 0.46192786 0.19478017
v -0.18770981 0.5018259 0.14650214
v -0.16888596 0.4005111 0.2831434
v -0.18063338 0.52584064 0.0768135
v -0.16981398 0.48344222 0.18572542
v -0.1682693 0.44654787 0.24438055
v -0.17525141 0.522815 0.11292357
v -0.16982545 0.50420225 0.15639374
v -0.15879038 0.4793674 0.21282633
v -0.15871459 0.42942998 0.27844143
v -0.17207894 0.36416635 0.27080607
v -0.14536792 0.52838284 0.13425757
v -0.15747975 0.3763054 0.3056889
v -0.14715388 0.50916123 0.16673562
v -0.14775184 0.4689728 0.25062615
v -0.13795055 0.38490748 0.32791233
v -0.14513078 0.50003374 0.18648592
v -0.13574623 0.4073525 0.32688585
v -0.14366959 0.42191884 0.3093516
v -0.13408113 0.449436 0.30292842
v -0.13934614 0.49733642 0.22318964
v -0.12328892 0.5028985 0.30459508
v -0.13341099 0.5137863 0.25351456
v -0.124056414 0.51958686 0.17476203
v -0.11839401 0.5393312 0.21078898
v -0.12113395 0.5357469 0.2897514
v -0.12056485 0.40814704 0.3459981
v -0.12044866 0.4272536 0.33806357
v -0.110806264 0.567869 0.24991703
v -0.12043207 0.47197437 0.32897437
v -0.11606336 0.5465904 0.043316502
v -0.12231447 0.54215497 0.08827228
v -0.11532994 0.5488023 0.08039541
v -0.10761327 0.4499557 0.34844375
v -0.106367044 0.5440817 0.16962385
v -0.1184717 0.53989744 0.11383436
v -0.10371366 0.5571134 0.05935613
v -0.10472193 0.55183655 0.31484136
v -0.12084194 0.5303483 0.1393685
v -0.11082682 0.53794533 0.14734109
v -0.100600645 0.48199117 0.3567113
v -0.10215967 0.5201898 0.34404343
v -0.10321253 0.54783225 0.12569223
v -0.10054715 0.5570215 0.093423836
v -0.09552426 0.5836319 0.29717955
v -0.09583037 0.41807178 0.36441898
v -0.09166558 0.501157 0.36069605
v -0.09138635 0.5951424 0.21026696
v -0.088573635 0.5544951 0.14028403
v -0.08814165 0.5692171 0.16648535
v -0.094294526 0.5498439 0.3352885
v -0.08562313 0.44892484 0.37142906
v -0.096924044 0.57215947 0.31409836
v -0.0881387 0.6161545 0.27319837
v -0.095527336 0.7908188 0.22920547
v -0.09502259 0.8140981 0.2248439
v -0.09510347 0.8061413 0.21198377
v -0.0883823 0.8294899 0.25357917
v -0.08246352 0.5689388 0.33625188
v -0.090071835 0.80510455 0.27123493
v -0.08280549 0.8424058 0.21789007
v -0.09149467 0.7783994 0.24581632
v -0.08032105 0.63281614 0.21554624
v -0.08610665 0.7732464 0.21862705
v -0.09228345 0.78900266 0.20669171
v -0.08692604 0.80505395 0.19454278
v -0.083274186 0.82799065 0.1927159
v -0.077760115 0.47133574 0.3780892
v -0.08614197 0.779552 0.27196595
v -0.08614666 0.7882449 0.19762142
v -0.07784814 0.5401856 0.36158365
v -0.08282697 0.7637602 0.24622653
v -0.069318116 0.50277996 0.38081875
v -0.075773776 0.8224813 0.2932931
v -0.07947656 0.6473817 0.24903496
v -0.08329963 0.77135503 0.18604614
v -0.0864554 0.80612093 0.18000776
v -0.06879131 0.79278517 0.15207002
v -0.07598586 0.79497373 0.3007685
v -0.08200136 0.76941085 0.20522077
v -0.07636624 0.8257953 0.167078
v -0.07350295 0.84518623 0.2798967
v -0.064449854 0.6352848 0.30435145
v -0.07727542 0.7683276 0.27487594
v -0.075056575 0.8558897 0.2568828
v -0.07107288 0.60077226 0.3271914
v -0.074364506 0.75725496 0.2307975
v -0.076949395 0.72060317 0.21251799
v -0.07676526 0.7363677 0.1951127
v -0.057359975 0.63368684 0.17421833
v -0.07120053 0.737326 0.17368071
v -0.06587949 0.56236005 0.36258784
v -0.06978789 0.6548718 0.2818295
v -0.071032375 0.7205851 0.24060583
v -0.05504077 0.7683093 0.30791447
v -0.07536723 0.6716554 0.2292806
v -0.07011725 0.44611073 0.38490167
v -0.07381107 0.67175865 0.2528742
v -0.072615586 0.86412895 0.2251831
v -0.072706066 0.88920355 0.23653778
v -0.070238695 0.8816575 0.20627913
v -0.07040514 0.66449034 0.20115574
v -0.06649525 0.85694736 0.17950559
v -0.06696096 0.8673452 0.2742584
v -0.074904904 0.7046368 0.23220837
v -0.07191335 0.6928271 0.20641342
v -0.06780254 0.88548934 0.27349055
v -0.070890956 0.857013 0.19701934
v -0.064491995 0.90304816 0.21709362
v -0.050384153 0.59821874 0.3522027
v -0.049240675 0.7805236 0.32544217
v -0.06422918 0.691133 0.26972723
v -0.05414269 0.674102 0.17204079
v -0.06255207 0.71262175 0.16993403
v -0.06284296 0.7476003 0.24960138
v -0.05815813 0.84675616 0.31083283
v -0.058974516 0.90983665 0.25411496
v -0.053997394 0.81362695 0.32646894
v -0.061491046 0.89906096 0.29650575
v -0.05346168 0.88588077 0.17760143
v -0.06177424 0.87441087 0.30230063
v -0.05629218 0.67973536 0.28813964
v -0.056590352 0.89096594 0.31560725
v -0.059978712 0.72743356 0.25987944
v -0.049701855 0.66516936 0.30644447
v -0.053225864 0.70830995 0.27422956
v -0.04162035 0.6272783 0.3405051
v -0.054149233 0.90451264 0.19638954
v -0.05038716 0.91497827 0.2805451
v -0.052447457 0.86931103 0.31913492
v -0.048304986 0.9040015 0.3160795
v -0.035965517 0.8457662 0.34454247
v -0.045976166 0.73418653 0.27046832
v -0.049300585 0.74733305 0.26685476
v -0.042901658 0.87941945 0.33679125
v -0.03839277 0.7994219 0.34901404
v -0.041204404 0.70152915 0.28928018
v -0.03310578 0.6891746 0.3019663
v -0.04245754 0.7779143 0.36073023
v -0.039778106 0.7915412 0.35958806
v -0.033081077 0.8929976 0.3348917
v -0.03244705 0.7295818 0.28024864
v -0.035388555 0.65789986 0.32296848
v -0.034635052 0.76723945 0.340759
v -0.035999544 0.76706344 0.3929029
v -0.03816794 0.77681696 0.39257982
v -0.030785859 0.8216976 0.3582695
v -0.027980441 0.86292267 0.35164455
v -0.038071975 0.76312846 0.43802083
v -0.035505764 0.77882594 0.4139436
v -0.031665437 0.79751074 0.39224797
v -0.03052169 0.76287943 0.47519425
v -0.030704202 0.770946 0.45982188
v -0.027847154 0.81473 0.3779077
v -0.019533217 0.79161394 0.44004562
v -0.029399721 0.75507617 0.45818716
v -0.027931038 0.7914571 0.4187016
v -0.0171498 0.8096209 0.41300562
v -0.024149626 0.84739834 0.36763257
v -0.017176561 0.77410567 0.49577367
v -0.014801672 0.83306617 0.39239502
v -0.010653543 0.78131807 0.4943637
v -0.010854477 0.7863933 0.47374132
v -0.018788708 0.7659485 0.49336225
v -0.0033487168 0.77706933 0.50179815
v -0.0013596388 0.7969044 0.45650303
v -0.0013019092 0.827182 0.41389683
v -0.005271403 0.8097917 0.43807966
v 0.0031478768 0.78401095 0.49679223
v -0.00059351046 0.78947365 0.4766852
v 0.0047659473 0.81037974 0.43777654
v -0.23576751 0.26919132 0.10645633
v -0.23886031 0.29955572 0.12433318
v -0.24582767 0.2856145 0.103466175
v -0.21728966 0.28906658 0.1410975
v -0.23485509 0.2476034 0.08368762
v -0.21534668 0.25048834 0.10612681
v -0.21959491 0.31790054 0.1462182
v -0.22913457 0.3679595 0.16397408
v -0.22631471 0.34803045 0.13936277
v -0.2199855 0.3532309 0.1704356
v -0.21886593 0.2717812 0.1273472
v -0.22519472 0.23472893 0.07321576
v -0.21984306 0.36548588 0.19535695
v -0.21076961 0.23060963 0.079903066
v -0.20766784 0.34773332 0.19971576
v -0.21548748 0.22055118 0.051037874
v -0.20117842 0.2672597 0.1323159
v -0.20998846 0.37319756 0.2161123
v -0.20729044 0.33044034 0.16292411
v -0.201667 0.3092752 0.1616581
v -0.19674845 0.28276044 0.14832446
v -0.20073137 0.2475444 0.1093592
v -0.19052957 0.20376596 0.08208716
v -0.19379295 0.3572373 0.23106593
v -0.19291994 0.32133716 0.18010718
v -0.18707106 0.33298063 0.21634343
v -0.1872645 0.17521536 0.03433467
v -0.18788844 0.38332653 0.25637928
v -0.18319283 0.2910605 0.15898967
v -0.18797286 0.23599666 0.117338896
v -0.17207894 0.36416635 0.27080607
v -0.17086038 0.30210882 0.18645938
v -0.17994933 0.26257774 0.1353116
v -0.17515267 0.3411845 0.23838118
v -0.16660443 0.24290116 0.13194287
v -0.16623317 0.16097134 0.057688165
v -0.17732404 0.3212052 0.20726636
v -0.1693027 0.15071294 0.03301042
v -0.16668646 0.1938712 0.09801215
v -0.16167465 0.32898974 0.23863213
v -0.1668191 0.3473512 0.25765848
v -0.16521424 0.26957995 0.14971536
v -0.15794024 0.26213452 0.16200827
v -0.141864 0.20666122 0.11976148
v -0.16529271 0.31951207 0.21286872
v -0.15517487 0.16986808 0.07698887
v -0.15808582 0.3363668 0.27298507
v -0.14769378 0.26726183 0.19599813
v -0.16001883 0.14647385 0.03692382
v -0.1656664 0.14644879 0.008307272
v -0.14942352 0.30312946 0.23332061
v -0.1504719 0.34482312 0.29785773
v -0.15747975 0.3763054 0.3056889
v -0.1571753 0.13536778 0.03657737
v -0.1474606 0.14574939 0.050305743
v -0.14898714 0.32863206 0.2821724
v -0.14111212 0.359579 0.31658342
v -0.14062688 0.22624037 0.1322911
v -0.15069093 0.11367977 0.025224451
v -0.14377113 0.1267668 0.04562551
v -0.13795055 0.38490748 0.32791233
v -0.13227822 0.2796541 0.23464397
v -0.1361455 0.30762845 0.27495793
v -0.13223536 0.22794983 0.15850058
v -0.13459043 0.15170237 0.061570067
v -0.13961893 0.17125306 0.086434536
v -0.12378734 0.18051016 0.098271094
v -0.12442371 0.34235722 0.32166886
v -0.123092756 0.1433534 0.0541564
v -0.12879932 0.3112211 0.2927343
v -0.11425533 0.25076783 0.21610634
v -0.12627089 0.36336964 0.33263883
v -0.13143224 0.14428216 -0.02814635
v -0.1480739 0.1470615 -0.027252244
v -0.13290982 0.14453495 -0.03498457
v -0.116678886 0.16163349 0.076298416
v -0.12057067 0.2918777 0.27335924
v -0.12068682 0.10842794 0.047070377
v -0.118541524 0.3232959 0.3102167
v -0.12018862 0.14288041 -0.02090347
v -0.121886574 0.14007726 -0.009333582
v -0.11585042 0.22452945 0.18141302
v -0.110699326 0.1865319 0.11707856
v -0.11474763 0.18737838 0.10509343
v -0.123179056 0.13896981 -0.040266946
v -0.110517815 0.38648662 0.34959316
v -0.12056485 0.40814704 0.3459981
v -0.10138308 0.30529934 0.30284688
v -0.10081584 0.34357962 0.33370093
v -0.11392908 0.14307329 0.0066428944
v -0.09124484 0.26426482 0.25725827
v -0.1061129 0.14888862 0.054658666
v -0.10397018 0.12527648 -0.015047973
v -0.10811235 0.36971548 0.3494548
v -0.1014169 0.19354242 0.15153585
v -0.10232364 0.13601989 0.010801798
v -0.112338364 0.13887379 0.04447128
v -0.10907685 0.11692801 -0.055742163
v -0.099154316 0.22646664 0.20177366
v -0.09572539 0.16492039 0.09402982
v -0.10303439 0.14610937 0.03422931
v -0.10348177 0.16743982 0.08146799
v -0.09711995 0.20463777 0.175929
v -0.08345694 0.3666432 0.3571087
v -0.09843073 0.38480115 0.35913154
v -0.09635448 0.17503077 0.11982824
v -0.099422656 0.1536451 0.05721943
v -0.094674416 0.14077023 0.0367411
v -0.083547674 0.14355898 0.063669346
v -0.08285501 0.282473 0.2936477
v -0.07951143 0.1862118 0.15984125
v -0.09098258 0.10385415 -0.04544416
v -0.077505216 0.12172115 0.024037594
v -0.07664227 0.38882175 0.3673507
v -0.07914305 0.21097343 0.19765608
v -0.07916638 0.1691828 0.12825847
v -0.0759802 0.23690562 0.23090208
v -0.078774 0.10468027 -0.017151032
v -0.08587176 0.41192 0.37181503
v -0.064601064 0.31670237 0.33476067
v -0.059143115 0.267617 0.28796774
v -0.06885733 0.14392564 0.08516189
v -0.0685376 0.4143963 0.3801548
v -0.056306656 0.08626515 -0.07054391
v -0.084145084 0.09627032 -0.089406796
v -0.06657928 0.34059554 0.35163045
v -0.063483074 0.28797895 0.3085784
v -0.054676805 0.100878984 -0.0015755759
v -0.053321272 0.35462227 0.36479294
v -0.057789963 0.22050625 0.22186016
v -0.060921464 0.09287915 -0.03048043
v -0.054292332 0.38105786 0.37561315
v -0.04756453 0.24663606 0.26346895
v -0.048545346 0.124079466 0.05780932
v -0.051871467 0.19689813 0.191945
v -0.055208158 0.1547592 0.11852509
v -0.05028111 0.17140305 0.15091424
v -0.046593558 0.33121726 0.35516244
v -0.037300758 0.08771455 -0.032895718
v -0.0419821 0.42025262 0.39465734
v -0.043559093 0.2798586 0.31209984
v -0.028155835 0.38604027 0.385956
v -0.026902054 0.19963533 0.20006369
v -0.029981915 0.175024 0.16228375
v -0.025057849 0.21636236 0.22590417
v -0.030048393 0.15012962 0.119680606
v -0.034316577 0.3030265 0.33876938
v -0.029380096 0.3495133 0.36986586
v -0.023345767 0.25929052 0.29168957
v -0.02213292 0.10662067 0.02880834
v -0.026951717 0.081406295 -0.070988305
v -0.01986659 0.28804517 0.32773662
v -0.023545805 0.32463008 0.35718286
v -0.022259142 0.23474582 0.2560941
v -0.015810344 0.16342708 0.14439744
v -0.018279467 0.27302366 0.31058854
v -0.008795087 0.42325944 0.40098503
v -0.017663488 0.13353899 0.090784706
v -0.0013416983 0.09569529 0.00031142432
v -0.017919572 0.12182629 0.06616313
v 0.0030122304 0.40074056 0.39349806
v -0.02701746 0.4428226 0.4059551
v -0.0040919036 0.08249664 -0.05425139
v -0.00872771 0.3542652 0.3729269
v 0.0042648287 0.30957347 0.3455763
v 0.0010609659 0.25566736 0.2871
v -0.011955758 0.086667955 -0.030561725
v 0.008956321 0.22620934 0.24172655
v 0.0033818278 0.19097996 0.18735257
v 0.0015539567 0.33133855 0.36045852
v 0.0077687437 0.14716926 0.116216175
v 0.010408339 0.37756106 0.38385057
v 0.010510197 0.17623931 0.16526364
v 0.015986197 0.12635145 0.07471135
v 0.0063046347 0.29069763 0.3293448
v 0.016174616 0.27707037 0.31542462
v 0.01906634 0.1633887 0.1444858
v 0.019477328 0.35271415 0.372507
v 0.025698723 0.10862407 0.033407334
v 0.024268992 0.08606392 -0.035364542
v 0.037605166 0.23987238 0.2588861
v 0.04073088 0.2064125 0.20830038
v 0.025561186 0.32610294 0.3580996
v 0.03726408 0.26455826 0.2944794
v 0.04079026 0.14907348 0.11439852
v 0.03755711 0.09623179 -0.0031136128
v 0.051350582 0.18050644 0.16591386
v -0.12637837 0.26460767 -0.35095584
v -0.10649999 0.25825012 -0.35595405
v -0.120646834 0.25091296 -0.3190461
v -0.112571135 0.2811496 -0.39674157
v -0.09104652 0.28348875 -0.40997759
v -0.10126421 0.30297208 -0.42833143
v -0.0931404 0.23840405 -0.34239975
v -0.07605436 0.2508558 -0.37079477
v -0.09380587 0.31291366 -0.4362598
v -0.089828275 0.30339575 -0.42521542
v -0.07039022 0.29376218 -0.42664307
v -0.10426411 0.14888701 -0.20154546
v -0.090937935 0.15959641 -0.23277134
v -0.06447005 0.1468643 -0.23095043
v -0.065788105 0.22698468 -0.3358935
v -0.087188914 0.22225653 -0.32174873
v -0.10238235 0.19360352 -0.26532203
v -0.07366325 0.20742753 -0.30695054
v -0.0791606 0.19490159 -0.2887932
v -0.081876844 0.107145876 -0.15092899
v -0.08823049 0.123808414 -0.18205476
v -0.05015307 0.11496946 -0.18846086
v -0.05381674 0.09351021 -0.13933368
v -0.06097596 0.0895735 -0.11413269
v -0.050171383 0.17774093 -0.27430177
v -0.057993222 0.27331296 -0.40698618
v -0.05251516 0.23782939 -0.35282752
v -0.084145084 0.09627032 -0.089406796
v -0.056306656 0.08626515 -0.07054391
v -0.03982804 0.20736471 -0.3088731
v -0.045694236 0.1019395 -0.1650687
v -0.05131808 0.28978842 -0.42449337
v -0.029252753 0.15175194 -0.24168216
v -0.038595136 0.22495095 -0.3318725
v -0.038518403 0.25218946 -0.37196046
v -0.03525741 0.28014016 -0.40507844
v -0.019319395 0.085085124 -0.116493404
v -0.026394064 0.0948444 -0.14987594
v -0.031209972 0.082416445 -0.09811037
v -0.023705892 0.12549382 -0.20685539
v -0.022577686 0.26116955 -0.3749742
v -0.026951717 0.081406295 -0.070988305
v -0.009282487 0.10648796 -0.17361598
v -0.00872109 0.19111311 -0.2883914
v -0.006065815 0.17347908 -0.26608425
v -0.01680417 0.2333546 -0.3389358
v -0.02594302 0.29030547 -0.39813098
v -0.017092958 0.2745731 -0.3811631
v -0.013206805 0.30799603 -0.40737045
v -0.026458966 0.3114452 -0.41510227
v -0.0032782347 0.08108127 -0.08295733
v -0.019329147 0.32440516 -0.4250676
v -0.0029804541 0.14719954 -0.23304257
v 0.007425808 0.0910027 -0.13797279
v -0.0012450368 0.2197603 -0.3193247
v -0.0097630005 0.33730447 -0.42970434
v -0.0040919036 0.08249664 -0.05425139
v 0.00028630765 0.2936058 -0.38979712
v 0.0017446663 0.12342039 -0.2004711
v 0.0012443202 0.24517953 -0.34623772
v 0.007888632 0.32084906 -0.41786224
v 0.010459482 0.08337739 -0.106783815
v 0.005763301 0.26917303 -0.37026304
v -0.0012143677 0.34245554 -0.43423256
v 0.0330785 0.11847669 -0.1958123
v 0.019926274 0.22968638 -0.33548957
v 0.016173305 0.3388183 -0.43251842
v 0.02135169 0.20433119 -0.30564317
v 0.021225344 0.13419253 -0.21801631
v 0.031618834 0.15484041 -0.24535547
v 0.01919891 0.24790365 -0.3573657
v 0.01746148 0.30027002 -0.40310892
v 0.024437658 0.2760144 -0.38819912
v 0.024860818 0.081335366 -0.07998449
v 0.040088553 0.08623192 -0.1142631
v 0.03258877 0.17645341 -0.2730648
v 0.024268992 0.08606392 -0.035364542
v 0.030240415 0.10339779 -0.16920044
v 0.04765573 0.20794553 -0.30971587
v 0.029040525 0.3035264 -0.41234556
v 0.035757218 0.2630489 -0.38779327
v 0.03993529 0.24569136 -0.36392692
v 0.029570032 0.32434183 -0.42595294
v 0.048292972 0.09920135 -0.15639888
v 0.0342298 0.28397775 -0.4092246
v 0.03452015 0.30163366 -0.42097408
v 0.038579788 0.31515282 -0.43144375
v 0.04969116 0.14025706 -0.22550584
v 0.04852885 0.23272878 -0.34528458
v 0.055022337 0.086767465 -0.058727533
v 0.05435274 0.0853993 -0.085542776
v 0.05090108 0.2704004 -0.403685
v 0.04921402 0.2938704 -0.42948812
v 0.052704092 0.1112538 -0.18114316
v 0.06487612 0.15670434 -0.24296431
v 0.05144467 0.31121916 -0.43862373
v 0.060919687 0.095481634 -0.13883497
v 0.06520925 0.1928122 -0.29078427
v 0.06362902 0.2504385 -0.37324047
v 0.057842597 0.17551473 -0.2717734
v 0.06372714 0.12356976 -0.19827892
v 0.07348938 0.2725404 -0.40531164
v 0.06787416 0.2872699 -0.425024
v 0.07652604 0.09509927 -0.113598526
v 0.07054323 0.22812122 -0.3374321
v 0.060688533 0.3025498 -0.43557358
v 0.08595243 0.13947824 -0.20623475
v 0.07653085 0.10802585 -0.15947571
v 0.06969134 0.20913452 -0.30974194
v 0.08240936 0.103134334 -0.13742903
v 0.081376255 0.17667353 -0.2641748
v 0.084615655 0.09654111 -0.08661569
v 0.08624802 0.24636479 -0.36013183
v 0.08756222 0.26154426 -0.3814772
v 0.08930225 0.19703594 -0.28306684
v 0.08959422 0.28769928 -0.4149809
v 0.09023808 0.1241225 -0.17895125
v 0.09790524 0.16592279 -0.23380312
v 0.089328 0.22257665 -0.3199794
v 0.0937919 0.2754583 -0.39586702
v 0.08594192 0.30145198 -0.42619035
v 0.090919904 0.30436993 -0.43277267
v 0.10751581 0.29286712 -0.41478884
v 0.102425024 0.27917618 -0.40206677
v 0.096790284 0.31234905 -0.43615735
v 0.11035562 0.27088886 -0.38367704
v 0.111113146 0.30544344 -0.42213193
v 0.10277967 0.26346293 -0.366651
v 0.12200354 0.26631406 -0.36030716
v 0.11319039 0.2550311 -0.3404701
v 0.11694918 0.27944297 -0.39056823
v -0.12056485 0.40814704 0.3459981
v -0.110517815 0.38648662 0.34959316
v -0.09583037 0.41807178 0.36441898
v -0.09843073 0.38480115 0.35913154
v -0.10811235 0.36971548 0.3494548
v -0.08587176 0.41192 0.37181503
v -0.08562313 0.44892484 0.37142906
v -0.08219937 0.43751448 0.37852317
v -0.0685376 0.4143963 0.3801548
v -0.07011725 0.44611073 0.38490167
v -0.077760115 0.47133574 0.3780892
v -0.057075206 0.47775102 0.39399856
v -0.069318116 0.50277996 0.38081875
v -0.07784814 0.5401856 0.36158365
v -0.051368024 0.52393794 0.3888094
v -0.052185196 0.5617173 0.3720108
v -0.05034272 0.4492626 0.3965198
v -0.06587949 0.56236005 0.36258784
v -0.050384153 0.59821874 0.3522027
v -0.0419821 0.42025262 0.39465734
v -0.040787026 0.4954522 0.39931494
v -0.053225864 0.70830995 0.27422956
v -0.03244705 0.7295818 0.28024864
v -0.045976166 0.73418653 0.27046832
v -0.039579727 0.5614105 0.38131624
v -0.034270063 0.5910231 0.36718643
v -0.03745806 0.46135408 0.40523303
v -0.024917902 0.530283 0.39460224
v -0.026428005 0.7476746 0.27572525
v -0.049300585 0.74733305 0.26685476
v -0.02701746 0.4428226 0.4059551
v -0.024046646 0.4800896 0.40539032
v -0.026279002 0.61303043 0.36074048
v -0.010753395 0.5985607 0.36887932
v -0.04162035 0.6272783 0.3405051
v -0.03310578 0.6891746 0.3019663
v -0.021298636 0.7125802 0.29186678
v -0.041204404 0.70152915 0.28928018
v -0.035388555 0.65789986 0.32296848
v -0.02171041 0.67123085 0.31820184
v -0.016567979 0.63760966 0.34498766
v -0.010846311 0.7347503 0.28148332
v -0.015497651 0.46187967 0.4085522
v -0.0062093274 0.51217777 0.39735907
v 0.008806332 0.5566718 0.3862411
v -0.0006151218 0.69769347 0.30256358
v 0.005969582 0.45698273 0.40746537
v 0.0012579018 0.48023346 0.40563834
v -0.008795087 0.42325944 0.40098503
v -0.00038949828 0.65464884 0.33265233
v 0.009083078 0.6387634 0.34545398
v 0.0008592426 0.75077766 0.2754611
v 0.014024436 0.7261077 0.28520873
v 0.0023207557 0.74408627 0.27572042
v 0.0233079 0.5927533 0.36938044
v 0.027175779 0.6154458 0.3575787
v 0.019354727 0.66760683 0.3218146
v 0.027637906 0.53759366 0.39112452
v 0.017641531 0.5082725 0.39796963
v 0.023297252 0.43088397 0.40271783
v 0.023268478 0.48287866 0.4057813
v 0.02266319 0.74813235 0.27931225
v 0.02163794 0.7429837 0.27822137
v 0.0030122304 0.40074056 0.39349806
v 0.026589597 0.64419407 0.3373715
v 0.028083421 0.6832961 0.30825308
v 0.028375749 0.7018322 0.2950306
v 0.034417618 0.41457587 0.3970329
v 0.032168858 0.4476421 0.40625983
v 0.036714513 0.5685201 0.37894815
v 0.03490924 0.7322581 0.27775392
v 0.035351668 0.7466886 0.27295572
v 0.036484048 0.49364996 0.3998519
v 0.04273007 0.66264534 0.31346595
v 0.03828796 0.46421883 0.40530053
v 0.048993237 0.43457577 0.39481774
v 0.043557342 0.61983085 0.34369177
v 0.043165814 0.5818992 0.36748773
v 0.046379548 0.713822 0.27733546
v 0.04231259 0.5196344 0.39540714
v 0.04660918 0.6948376 0.28705442
v 0.051604383 0.5322952 0.38615108
v 0.056257848 0.7299379 0.26215053
v 0.051518936 0.4829649 0.39717054
v 0.06140215 0.54290855 0.37345275
v 0.060364865 0.5148919 0.38581046
v 0.056952696 0.7471749 0.25644186
v 0.058688343 0.5674755 0.36335495
v 0.06008102 0.69658464 0.2727404
v 0.07447765 0.49608913 0.37944055
v 0.06706221 0.46843243 0.38758874
v 0.076480314 0.5452523 0.36142683
v 0.08580897 0.519531 0.36179692
v 0.010408339 0.37756106 0.38385057
v 0.029590053 0.38704833 0.38727266
v 0.0030122304 0.40074056 0.39349806
v 0.019477328 0.35271415 0.372507
v 0.0042648287 0.30957347 0.3455763
v 0.0063046347 0.29069763 0.3293448
v 0.039879378 0.303676 0.33663878
v 0.03751996 0.36840218 0.37522903
v 0.016174616 0.27707037 0.31542462
v 0.034417618 0.41457587 0.3970329
v 0.025561186 0.32610294 0.3580996
v 0.050573714 0.34543037 0.36301404
v 0.058875002 0.28414467 0.30861408
v 0.04079026 0.14907348 0.11439852
v 0.051350582 0.18050644 0.16591386
v 0.01906634 0.1633887 0.1444858
v 0.05189869 0.09322524 -0.021773035
v 0.03755711 0.09623179 -0.0031136128
v 0.024268992 0.08606392 -0.035364542
v 0.032168858 0.4476421 0.40625983
v 0.023297252 0.43088397 0.40271783
v 0.048993237 0.43457577 0.39481774
v 0.03726408 0.26455826 0.2944794
v 0.054299247 0.40913263 0.38696334
v 0.025698723 0.10862407 0.033407334
v 0.056211747 0.11633274 0.035225864
v 0.050365146 0.45511806 0.3974327
v 0.06455413 0.3707264 0.36773443
v 0.03828796 0.46421883 0.40530053
v 0.015986197 0.12635145 0.07471135
v 0.06417573 0.26009768 0.27308068
v 0.037605166 0.23987238 0.2588861
v 0.051518936 0.4829649 0.39717054
v 0.061511807 0.1448088 0.09393694
v 0.055022337 0.086767465 -0.058727533
v 0.062001694 0.3319241 0.3500088
v 0.04073088 0.2064125 0.20830038
v 0.072093576 0.23005159 0.2260446
v 0.06706221 0.46843243 0.38758874
v 0.08068053 0.429809 0.37789562
v 0.06674317 0.30719826 0.32582232
v 0.0893892 0.20145094 0.17623718
v 0.07027778 0.16965389 0.13713023
v 0.084226005 0.13821772 0.05067793
v 0.07680724 0.18351382 0.15731257
v 0.08179607 0.12127498 0.017004002
v 0.08366923 0.107028306 -0.019720446
v 0.084136486 0.09920061 -0.05107162
v 0.079496816 0.34453046 0.34644094
v 0.05435274 0.0853993 -0.085542776
v 0.084615655 0.09654111 -0.08661569
v 0.09240747 0.3813524 0.36006564
v 0.08607429 0.45826644 0.37175056
v 0.07447765 0.49608913 0.37944055
v 0.09316631 0.33108258 0.32871053
v 0.088404216 0.15594018 0.08479221
v 0.09626307 0.29808426 0.29970804
v 0.085281655 0.16657683 0.11585941
v 0.10000913 0.2738335 0.26488358
v 0.094293706 0.35904884 0.34828997
v 0.09242701 0.25853965 0.24845596
v 0.10298148 0.23556669 0.20798545
v 0.10168459 0.17492706 0.10725625
v 0.10211093 0.18815607 0.13845538
v 0.104849294 0.12897372 -0.008373864
v 0.095802404 0.47382838 0.3644132
v 0.10740092 0.32204214 0.31485644
v 0.1075487 0.42684084 0.35420176
v 0.10086003 0.14405781 0.03201463
v 0.10095516 0.15893221 0.067641616
v 0.100228325 0.4513784 0.356869
v 0.10836643 0.11825457 -0.04766236
v 0.11760577 0.2590233 0.22284912
v 0.12144544 0.38807046 0.34438056
v 0.118325196 0.36717194 0.34088227
v 0.11568041 0.22020617 0.17507853
v 0.10605227 0.14778239 0.054106385
v 0.1089118 0.17115426 0.087968856
v 0.10730976 0.1421428 0.040127974
v 0.105755605 0.47170788 0.3502186
v 0.113703914 0.1511721 0.06232185
v 0.10903024 0.14374489 0.015934432
v 0.11520904 0.4404064 0.34018996
v 0.119090766 0.19440433 0.11427799
v 0.117273025 0.3528024 0.33639574
v 0.12563778 0.29625475 0.2736186
v 0.12029163 0.13756797 -0.036044966
v 0.116291516 0.14045992 0.048936203
v 0.11817761 0.14320299 -0.010854025
v 0.12378886 0.31263137 0.29934525
v 0.12723027 0.16388223 0.07792993
v 0.124205664 0.33207524 0.31460527
v 0.11553671 0.14340517 0.0062450385
v 0.12933037 0.18826875 0.10494223
v 0.12623543 0.41160414 0.3385218
v 0.13099271 0.21819246 0.1427264
v 0.13217299 0.13934124 0.052299622
v 0.124016136 0.128411 0.049177147
v 0.12737255 0.14512628 -0.027460251
v 0.13894497 0.1481896 0.056703553
v 0.13982572 0.3515409 0.31537735
v 0.1292514 0.27898672 0.24123314
v 0.13904302 0.25495455 0.19143449
v 0.1468075 0.20622572 0.11892474
v 0.13757889 0.3136523 0.28444675
v 0.14482327 0.2438577 0.16123928
v 0.13935325 0.2214356 0.13034663
v 0.14492214 0.17998815 0.09435525
v 0.14303154 0.2754891 0.21191119
v 0.13844463 0.3296314 0.30174094
v 0.13819714 0.11287236 0.04566336
v 0.12934259 0.101270586 0.050436396
v 0.14454423 0.29839355 0.2361447
v 0.1463377 0.3098435 0.2559598
v 0.15171123 0.37706593 0.3107527
v 0.1498101 0.3375014 0.2922263
v 0.15308443 0.1684244 0.07657422
v 0.14765309 0.13668045 0.050145812
v 0.15374671 0.24812388 0.14086127
v 0.14935747 0.123257846 0.039479878
v 0.14656028 0.0918397 0.032692134
v 0.16117904 0.27350274 0.1731624
v 0.15701954 0.154899 0.057399746
v 0.1530809 0.1468992 0.048129752
v 0.14026737 0.41509712 0.31717882
v 0.15527998 0.4020673 0.30730584
v 0.16381095 0.23043618 0.12713744
v 0.1601732 0.29535317 0.20072106
v 0.15751311 0.13768151 0.041113876
v 0.16847514 0.1852996 0.08715224
v 0.15974244 0.320378 0.22303806
v 0.15987985 0.33895677 0.27277595
v 0.17508385 0.25178868 0.1312765
v 0.15778057 0.13001567 0.0260177
v 0.16422139 0.33736014 0.2467754
v 0.16209805 0.14545703 0.030333549
v 0.16829172 0.38891572 0.28669143
v 0.16680422 0.31335628 0.20174497
v 0.16709396 0.36326793 0.27603737
v 0.17169821 0.15569341 0.043625884
v 0.17241755 0.26958558 0.1450046
v 0.17025115 0.20837823 0.111136526
v 0.16567759 0.27152827 0.150623
v 0.17175446 0.3310096 0.22822013
v 0.17457485 0.16863582 0.059863433
v 0.18395175 0.34795365 0.23563606
v 0.17765777 0.31776568 0.20042269
v 0.17112707 0.29028708 0.16705655
v 0.18070583 0.36088312 0.2565966
v 0.17614278 0.30749542 0.18162185
v 0.18319453 0.19545087 0.08306466
v 0.18124828 0.375239 0.2665823
v 0.17986692 0.22727235 0.119345896
v 0.18035205 0.2967211 0.1654591
v 0.18463549 0.17372477 0.053011164
v 0.1906293 0.31979513 0.17828399
v 0.18943343 0.2156955 0.09867391
v 0.18736358 0.33225197 0.21604444
v 0.19377501 0.2693295 0.13660838
v 0.1900876 0.39294654 0.25362566
v 0.19296288 0.25569612 0.121000305
v 0.1916771 0.2405165 0.115977
v 0.1956831 0.33082113 0.19418727
v 0.19422157 0.3725866 0.24129929
v 0.19674043 0.29545105 0.1566793
v 0.19866534 0.3153658 0.16527708
v 0.20161265 0.20811644 0.06588634
v 0.20336784 0.34400436 0.20526254
v 0.2037137 0.36161134 0.22174956
v 0.2037065 0.22219048 0.0824984
v 0.2034551 0.2399582 0.099757195
v 0.21058899 0.25564533 0.11484071
v 0.20835483 0.2833057 0.14458427
v 0.21975514 0.35342482 0.17102072
v 0.21143542 0.33466274 0.15767081
v 0.21383499 0.37625098 0.21281962
v 0.2133781 0.30002102 0.14963229
v 0.21192355 0.2282637 0.07231152
v 0.21831994 0.36311758 0.19514737
v 0.22380829 0.25217888 0.09998519
v 0.22143464 0.30668378 0.14187357
v 0.22343512 0.27847242 0.12706769
v 0.23004022 0.324471 0.13619107
v 0.22669978 0.34880403 0.13862908
v 0.2250305 0.2337925 0.06959287
v 0.21161439 0.21673147 0.044482276
v 0.22822829 0.3693707 0.16982874
v 0.23595497 0.25230843 0.08684295
v 0.23442101 0.3695026 0.14589272
v 0.23663573 0.30195418 0.12786645
v 0.24238534 0.29044065 0.11473138
v 0.24043407 0.26737028 0.099164516
v 0.23900905 0.35968122 0.12197386
v 0.2493684 0.28587762 0.09360722
v -0.057359975 0.63368684 0.17421833
v -0.05388272 0.6033218 0.15804249
v -0.08814165 0.5692171 0.16648535
v -0.06879131 0.79278517 0.15207002
v -0.07636624 0.8257953 0.167078
v -0.051670313 0.8363291 0.14454222
v -0.056567192 0.574283 0.14030428
v -0.07120053 0.737326 0.17368071
v -0.054336935 0.7621201 0.14067565
v -0.06649525 0.85694736 0.17950559
v -0.06255207 0.71262175 0.16993403
v -0.038586404 0.7137681 0.14364724
v -0.05346168 0.88588077 0.17760143
v -0.044099312 0.7954007 0.12984794
v -0.03629393 0.88678837 0.16627637
v -0.054149233 0.90451264 0.19638954
v -0.05414269 0.674102 0.17204079
v -0.040918164 0.6323221 0.16151623
v -0.025814764 0.67550445 0.14781314
v -0.033572618 0.6500571 0.15807907
v -0.027762542 0.7390845 0.12817357
v -0.026389405 0.76269794 0.12324427
v -0.029382078 0.81148374 0.12319708
v -0.025398938 0.8545847 0.13664843
v -0.021121535 0.6295806 0.15606107
v -0.026165966 0.60877216 0.15075035
v -0.02425904 0.8301819 0.12503815
v -0.0076862248 0.8810096 0.15528624
v -0.022942495 0.57819 0.12990235
v -0.015144576 0.79017484 0.11858056
v -0.014862124 0.64876455 0.15175149
v -0.0100102965 0.8190007 0.11967848
v -0.0076775816 0.59423566 0.14228144
v -0.003960015 0.7327918 0.12392553
v -0.01305576 0.70084834 0.13461529
v -0.005084524 0.6173754 0.15104027
v 0.010066745 0.7698135 0.11900722
v 0.0027855274 0.8566618 0.13386808
v -0.0010458647 0.84184444 0.12584648
v -0.0042687063 0.67759794 0.14124154
v -0.002581704 0.578022 0.13502203
v -0.0025386892 0.6329222 0.15305072
v 0.010785847 0.69315255 0.1365141
v 0.0075866035 0.6521247 0.14987649
v 0.0106572 0.6029943 0.14556167
v 0.01339068 0.8127735 0.11931242
v 0.020336946 0.87386394 0.14931801
v 0.016819669 0.5817339 0.13291708
v 0.016480353 0.63084096 0.15486798
v 0.032625154 0.6570579 0.15641393
v 0.021754408 0.8571682 0.13680786
v 0.030777697 0.74327147 0.12947004
v 0.037314612 0.7000786 0.1469915
v 0.023937564 0.8351964 0.12626418
v 0.042087402 0.79326326 0.12922314
v 0.030350223 0.6142517 0.15405788
v 0.013344665 0.8958257 0.1711033
v 0.020724043 0.9077788 0.18629381
v 0.038024057 0.89189816 0.17085846
v 0.037396464 0.8155986 0.1272927
v 0.044156767 0.5928635 0.14887889
v 0.04146584 0.8420908 0.13696645
v 0.04253706 0.6325257 0.16266082
v 0.049304277 0.86440563 0.15791309
v 0.0486115 0.6065967 0.15784779
v 0.057981674 0.8216287 0.14335537
v 0.059891995 0.7369185 0.15448327
v 0.053227052 0.6721101 0.16942613
v 0.05071268 0.75682986 0.13760695
v 0.058258157 0.6413541 0.1775108
v 0.053616565 0.6946317 0.16417629
v 0.062999725 0.6134593 0.17149124
v 0.06787399 0.5900116 0.16032305
v 0.06752105 0.78536594 0.15065487
v -0.054149233 0.90451264 0.19638954
v -0.064491995 0.90304816 0.21709362
v -0.046770714 0.9171101 0.21961819
v -0.058974516 0.90983665 0.25411496
v -0.023829035 0.90988874 0.19275981
v -0.03629393 0.88678837 0.16627637
v -0.05038716 0.91497827 0.2805451
v -0.039168242 0.9229294 0.25067955
v -0.048304986 0.9040015 0.3160795
v -0.030424124 0.91985935 0.28825784
v -0.03899566 0.92184234 0.2744593
v -0.023641223 0.9223945 0.22735514
v -0.033081077 0.8929976 0.3348917
v -0.028750813 0.9104264 0.31545222
v -0.018369047 0.92322946 0.26487032
v -0.027980441 0.86292267 0.35164455
v -0.012324148 0.8837155 0.33917773
v -0.011494749 0.91380966 0.30010366
v -0.009147196 0.8605796 0.35293978
v -0.024149626 0.84739834 0.36763257
v -0.01172431 0.904863 0.31925303
v -0.0016286039 0.8456954 0.37852678
v -0.014801672 0.83306617 0.39239502
v -0.00886633 0.9187515 0.27962705
v -0.0076862248 0.8810096 0.15528624
v -0.0009897889 0.9155543 0.21336164
v -0.0019729994 0.9189677 0.2540612
v 0.0010370142 0.90823734 0.30091494
v -0.0013019092 0.827182 0.41389683
v 0.002282007 0.8931487 0.32695955
v 0.011317906 0.86937964 0.34722126
v 0.0008991189 0.8739836 0.33990282
v 0.0052673505 0.91737616 0.27335247
v 0.011190151 0.9068645 0.31416646
v 0.012965675 0.91655934 0.2910827
v 0.020724043 0.9077788 0.18629381
v 0.013344665 0.8958257 0.1711033
v 0.028119007 0.9236262 0.25486556
v 0.022125319 0.8477905 0.37066373
v 0.022205498 0.92075324 0.2175484
v 0.028580185 0.89464855 0.3332495
v 0.026947433 0.9223269 0.2784636
v 0.04122368 0.911932 0.30577892
v 0.024626555 0.8641765 0.35307157
v 0.029671289 0.915056 0.1990115
v 0.039623547 0.87556696 0.34029633
v 0.038074676 0.923152 0.23993397
v 0.040774662 0.9189689 0.21503806
v 0.05083809 0.90213716 0.19185255
v 0.038024057 0.89189816 0.17085846
v 0.046119794 0.91892344 0.27630895
v 0.05516387 0.9145109 0.23876531
v 0.05765948 0.8959688 0.31039312
v 0.056088388 0.9119351 0.2831275
v 0.08930225 0.19703594 -0.28306684
v 0.089328 0.22257665 -0.3199794
v 0.10627782 0.21578367 -0.28973028
v 0.10311929 0.111590564 -0.11972636
v 0.07652604 0.09509927 -0.113598526
v 0.08240936 0.103134334 -0.13742903
v 0.07653085 0.10802585 -0.15947571
v 0.09842653 0.11614305 -0.14900607
v 0.084615655 0.09654111 -0.08661569
v 0.08756222 0.26154426 -0.3814772
v 0.09937315 0.25283968 -0.35772553
v 0.08624802 0.24636479 -0.36013183
v 0.09023808 0.1241225 -0.17895125
v 0.09790524 0.16592279 -0.23380312
v 0.081376255 0.17667353 -0.2641748
v 0.08595243 0.13947824 -0.20623475
v 0.10858216 0.14236009 -0.18357207
v 0.10812778 0.24266392 -0.32974344
v 0.11031662 0.115564436 -0.08041202
v 0.084136486 0.09920061 -0.05107162
v 0.10277967 0.26346293 -0.366651
v 0.0937919 0.2754583 -0.39586702
v 0.117347255 0.19004884 -0.23662193
v 0.10836643 0.11825457 -0.04766236
v 0.110164344 0.13087675 -0.15987699
v 0.11552996 0.16401151 -0.20615457
v 0.120419644 0.23305477 -0.2890907
v 0.119859286 0.12836093 -0.120344
v 0.11319039 0.2550311 -0.3404701
v 0.11694918 0.27944297 -0.39056823
v 0.102425024 0.27917618 -0.40206677
v 0.10751581 0.29286712 -0.41478884
v 0.12620544 0.15338379 -0.16435993
v 0.12398301 0.13471866 -0.061462775
v 0.130646 0.21816202 -0.2481773
v 0.11975765 0.24799815 -0.31170955
v 0.111113146 0.30544344 -0.42213193
v 0.12731484 0.3001869 -0.39639997
v 0.12578808 0.255657 -0.324707
v 0.12200354 0.26631406 -0.36030716
v 0.11035562 0.27088886 -0.38367704
v 0.12029163 0.13756797 -0.036044966
v 0.12862803 0.144304 -0.13586366
v 0.12922488 0.28521788 -0.3823544
v 0.13912277 0.25442043 -0.28545088
v 0.12795764 0.24676552 -0.28536353
v 0.12784359 0.14424253 -0.03836807
v 0.12737255 0.14512628 -0.027460251
v 0.13697362 0.14840472 -0.08569581
v 0.13416182 0.14351013 -0.030174414
v 0.1387086 0.2392833 -0.25185302
v 0.13659875 0.27281657 -0.35070458
v 0.13948765 0.15112445 -0.11154477
v 0.14679462 0.2767322 -0.3252099
v 0.14195445 0.15858164 -0.048089027
v 0.14227937 0.1867961 -0.1862949
v 0.14012928 0.14965424 -0.039871864
v 0.13704625 0.20054278 -0.21574824
v 0.14141697 0.28684914 -0.3608327
v 0.1424475 0.16769767 -0.15353695
v 0.13500567 0.08013296 -0.0043540425
v 0.13128173 0.11277804 -0.018019876
v 0.14050658 0.12372729 -0.016844625
v 0.14472833 0.22164114 -0.21931729
v 0.13566421 0.13540334 -0.026762342
v 0.1483458 0.14341709 -0.011226823
v 0.15695146 0.17207754 -0.04356418
v 0.14571479 0.097325295 0.011237091
v 0.14828572 0.14636195 -0.026535628
v 0.14980052 0.20650765 -0.19246902
v 0.15217572 0.27229553 -0.29602668
v 0.15471599 0.13429943 0.006130468
v 0.15183389 0.2565012 -0.255078
v 0.15453039 0.17379275 -0.12653896
v 0.15699543 0.2316916 -0.21539785
v 0.15892817 0.24832007 -0.23728544
v 0.1485483 0.30160552 -0.34300536
v 0.15872774 0.15650159 -0.03111976
v 0.15348691 0.19143116 -0.16253223
v 0.15925297 0.17570567 -0.08396224
v 0.15304157 0.21912093 -0.19608502
v 0.15883635 0.26953983 -0.26711118
v 0.14935747 0.123257846 0.039479878
v 0.14656028 0.0918397 0.032692134
v 0.15978001 0.14861867 -0.0077318246
v 0.15778057 0.13001567 0.0260177
v 0.15731801 0.2958544 -0.31309134
v 0.16840395 0.22175874 -0.17933024
v 0.15835513 0.21016556 -0.17207602
v 0.1672625 0.289407 -0.27314678
v 0.16209805 0.14545703 0.030333549
v 0.16324887 0.19838291 -0.14123702
v 0.15751311 0.13768151 0.041113876
v 0.17286365 0.18741488 -0.06532489
v 0.1656274 0.26708198 -0.24429576
v 0.17134087 0.15236527 0.024219194
v 0.16810367 0.14879316 0.006275055
v 0.18046072 0.21654613 -0.14899385
v 0.17067142 0.17374036 -0.031090472
v 0.17687047 0.16742149 -0.0063733314
v 0.1674522 0.18928328 -0.10890532
v 0.17746018 0.1935286 -0.092478506
v 0.17368057 0.23775426 -0.20029281
v 0.17169821 0.15569341 0.043625884
v 0.1797608 0.26143387 -0.21435529
v 0.18640544 0.2069968 -0.11426907
v 0.18011613 0.2792579 -0.22414026
v 0.18028781 0.16470107 0.015873805
v 0.17782767 0.19079196 -0.04426617
v 0.1874798 0.17490003 0.03525362
v 0.18630588 0.24054103 -0.18041953
v 0.18043363 0.2968098 -0.23956224
v 0.19503482 0.20218557 -0.030611858
v 0.18463549 0.17372477 0.053011164
v 0.19750318 0.2130667 -0.07499635
v 0.19775434 0.19493729 0.02136018
v 0.19264615 0.20765671 -0.04833157
v 0.18772012 0.29403904 -0.2098558
v 0.19427325 0.19610539 -0.007680577
v 0.19761957 0.26436934 -0.17854565
v 0.1965143 0.19283643 0.047914833
v 0.19539642 0.2861312 -0.1890018
v 0.20161265 0.20811644 0.06588634
v 0.19834784 0.22527651 -0.13207914
v 0.19841821 0.24207094 -0.15698396
v 0.209424 0.23101453 -0.10513523
v 0.2116151 0.2143531 0.019689767
v 0.21236823 0.23298118 -0.051192053
v 0.21240902 0.25038365 -0.1299975
v 0.21161439 0.21673147 0.044482276
v 0.2204296 0.22264937 -0.006061432
v 0.21109894 0.28251427 -0.15865472
v 0.21710387 0.27179748 -0.1379539
v 0.21192355 0.2282637 0.07231152
v 0.2215042 0.22845256 -0.02592462
v 0.21989368 0.24505724 -0.079015836
v 0.22594176 0.2642778 -0.09550565
v 0.21984576 0.28960502 -0.13771206
v 0.22523211 0.24526605 -0.037357483
v 0.2309675 0.23449661 0.041449055
v 0.22786428 0.2625112 -0.0643679
v 0.22341135 0.25369674 -0.04674366
v 0.2248757 0.2752875 -0.11496447
v 0.2250305 0.2337925 0.06959287
v 0.23048985 0.23229678 0.010768355
v 0.23609565 0.24473563 -0.008306072
v 0.23088096 0.27454376 -0.04480463
v 0.22959842 0.28677762 -0.09641667
v 0.2391561 0.26627523 -0.025444582
v 0.2399467 0.24463534 0.025116723
v 0.24029721 0.2950908 -0.02940379
v 0.24464661 0.2548755 0.0519429
v 0.23595497 0.25230843 0.08684295
v 0.2473859 0.26119918 0.011993084
v 0.25109935 0.27410322 0.06459857
v 0.24043407 0.26737028 0.099164516
v 0.24829148 0.27447158 -0.0035353333
v 0.2493684 0.28587762 0.09360722
v 0.24932888 0.26231903 0.031963103
v 0.25201243 0.29967207 0.00087250106
v 0.25376177 0.28103104 0.017010888
v 0.25745267 0.29295176 0.04950055
v 0.2572574 0.30867678 0.07882861
v 0.109009154 0.033730447 -0.018222744
v 0.099535175 0.029312402 -0.019363752
v 0.101077974 0.032651395 -0.029632224
v 0.104445785 0.025086075 -0.014444266
v 0.10100872 0.043991804 -0.028780987
v 0.114678994 0.05292785 -0.01903054
v 0.10741842 0.053631365 -0.023285627
v 0.11965796 0.04642397 -0.012655064
v 0.106408015 0.06334823 -0.011233313
v 0.12751713 0.015283614 -0.031677887
v 0.121421024 0.0060409606 -0.037915275
v 0.11947189 0.016296 -0.032665554
v 0.1233118 0.0738785 -0.006663306
v 0.13500567 0.08013296 -0.0043540425
v 0.11985435 0.08733818 -0.0026644785
v 0.13099594 0.0053594112 -0.028612979
v 0.14084928 0.044653267 0.0027047028
v 0.13057497 0.031026095 -0.016124425
v 0.1348102 0.013720661 -0.025525182
v 0.14151461 0.018118352 -0.006542504
v 0.14929698 0.0065154433 0.0072922665
v 0.15261905 0.024588317 0.028326986
v 0.14571479 0.097325295 0.011237091
v 0.14514711 0.07055536 0.013290596
v 0.14656028 0.0918397 0.032692134
v 0.14849144 0.055505395 0.03146491
v 0.16449472 0.032792717 0.061122984
v 0.14926407 0.04405558 0.040940184
v 0.16712391 0.008343935 0.047061205
v 0.15542434 0.042976886 0.06629425
v 0.17115645 0.036260396 0.07739349
v 0.18434584 0.019908667 0.07843448
v 0.18931259 0.009909153 0.08336865
v 0.18373789 0.034525603 0.09609926
v 0.20089014 0.029570818 0.11075126
v 0.202111 0.019132674 0.10223009
v 0.21581203 0.022277057 0.12449729
v 0.2148668 0.029673189 0.13559157
vt 0.93108433 0.7186484
vt 0.9318814 0.69095135
vt 0.9483818 0.7012516
vt 0.9576344 0.68690366
vt 0.9788286 0.6690788
vt 0.96331537 0.66648847
vt 0.9473469 0.6749797
vt 0.91303295 0.7112949
vt 0.96957666 0.6518347
vt 0.94892466 0.6583444
vt 0.938877 0.6726943
vt 0.98883474 0.6505132
vt 0.9140411 0.68826604
vt 0.92687154 0.66478175
vt 0.90498775 0.6759431
vt 0.955014 0.6402848
vt 0.9128222 0.6498956
vt 0.9394389 0.65059245
vt 0.8898608 0.71115404
vt 0.92625606 0.6401543
vt 0.97009325 0.6354465
vt 0.902907 0.73368585
vt 0.8848989 0.7376125
vt 0.9977792 0.6354468
vt 0.8903831 0.69244987
vt 0.97505736 0.61475784
vt 0.9946142 0.6117431
vt 0.88861316 0.659384
vt 0.9904488 0.58914346
vt 0.90766543 0.6345146
vt 0.9713766 0.5943963
vt 0.87704 0.68066555
vt 0.8739115 0.7225063
vt 0.86361927 0.74904823
vt 0.8827861 0.704544
vt 0.9625842 0.6130831
vt 0.8720866 0.6604143
vt 0.9209427 0.60927343
vt 0.86570174 0.6930006
vt 0.8559945 0.6960064
vt 0.85754013 0.67119277
vt 0.84054667 0.6805632
vt 0.8833782 0.62600005
vt 0.8400939 0.7040511
vt 0.95102626 0.6206329
vt 0.95629346 0.5921047
vt 0.98513514 0.57751566
vt 0.8613697 0.65125436
vt 0.9027797 0.59808743
vt 0.9476512 0.60174656
vt 0.82726896 0.6969203
vt 0.9736386 0.5626285
vt 0.8684211 0.71612644
vt 0.8600087 0.73121154
vt 0.8374667 0.66746396
vt 0.9967851 0.5598897
vt 0.8506431 0.6556538
vt 0.8624322 0.62608707
vt 0.8764768 0.5931088
vt 0.8252501 0.67656153
vt 0.8500125 0.74672455
vt 0.829678 0.65123004
vt 0.8944234 0.57188046
vt 0.91129583 0.583305
vt 0.95640975 0.5600383
vt 0.957722 0.71032155
vt 0.9529437 0.7362893
vt 0.9451142 0.7187595
vt 0.8458444 0.6424581
vt 0.938219 0.5858813
vt 0.98296607 0.5417477
vt 0.9594111 0.6874632
vt 0.9726769 0.68316
vt 0.84936315 0.6323385
vt 0.9690343 0.7090439
vt 0.83091974 0.6370211
vt 0.87396556 0.5626997
vt 0.90474045 0.55331844
vt 0.8795101 0.54465973
vt 0.84439534 0.61626893
vt 0.8548464 0.6038006
vt 0.94768417 0.5472823
vt 0.96210057 0.53191054
vt 0.9373236 0.56187546
vt 0.9786791 0.52006394
vt 0.9784686 0.6966163
vt 0.821587 0.6236177
vt 0.83636236 0.6061789
vt 0.9486341 0.5299279
vt 0.98370516 0.6778639
vt 0.9305392 0.5481773
vt 0.8374055 0.5884577
vt 0.93538517 0.54220486
vt 0.9793137 0.7331677
vt 0.8277018 0.5969072
vt 0.9495992 0.50555867
vt 0.9885344 0.70474017
vt 0.9563981 0.76674765
vt 0.8611584 0.584019
vt 0.8589751 0.5673774
vt 0.8856082 0.5331082
vt 0.93257785 0.51318926
vt 0.85460705 0.5894749
vt 0.9251207 0.5311052
vt 0.96381515 0.5011488
vt 0.9486509 0.79484844
vt 0.9574231 0.7979061
vt 0.86183393 0.55015445
vt 0.9885135 0.680466
vt 0.9763069 0.49573606
vt 0.97886217 0.7568378
vt 0.84356177 0.573269
vt 0.8748171 0.5245699
vt 0.9895544 0.6557741
vt 0.85169417 0.57365525
vt 0.9584642 0.47624516
vt 0.96869767 0.7890577
vt 0.8185068 0.59333473
vt 0.9996827 0.679135
vt 0.82599497 0.57499963
vt 0.8297772 0.56068957
vt 0.8661108 0.53074896
vt 0.9166871 0.5188479
vt 0.85667676 0.5405933
vt 0.9945629 0.4704697
vt 0.97497606 0.46044445
vt 0.8564231 0.5187682
vt 0.87207335 0.49157637
vt 0.98822355 0.751417
vt 0.84904736 0.56053966
vt 0.9182359 0.5039461
vt 0.933168 0.47824156
vt 0.816214 0.5764434
vt 0.8065049 0.59849036
vt 0.9962328 0.7403903
vt 0.84551895 0.5421864
vt 0.86175776 0.49033445
vt 0.81683344 0.5627745
vt 0.8384195 0.5550674
vt 0.8510945 0.49647194
vt 0.9934569 0.44330955
vt 0.9996827 0.7578685
vt 0.83594894 0.52933055
vt 0.91248447 0.48802185
vt 0.95921296 0.45371103
vt 0.8355279 0.5438706
vt 0.8273794 0.51062804
vt 0.85157025 0.4764769
vt 0.97885424 0.43559074
vt 0.9900073 0.77358544
vt 0.946625 0.4560374
vt 0.9623488 0.43821824
vt 0.8496718 0.45826977
vt 0.830485 0.5484583
vt 0.91777945 0.47108662
vt 0.86001295 0.4585818
vt 0.99217767 0.42460114
vt 0.8173565 0.54999393
vt 0.9298501 0.45784652
vt 0.94915515 0.4370122
vt 0.82937956 0.53766537
vt 0.96659505 0.41787475
vt 0.8363955 0.48105085
vt 0.9376679 0.4456249
vt 0.97666883 0.4135034
vt 0.8191658 0.53402305
vt 0.8366506 0.46451104
vt 0.80395865 0.5561952
vt 0.92375433 0.4530809
vt 0.84916085 0.4421624
vt 0.95017946 0.42460966
vt 0.9808557 0.39810634
vt 0.9183202 0.4476781
vt 0.93077004 0.44083405
vt 0.9977792 0.41076016
vt 0.96541196 0.40239537
vt 0.80499756 0.5357724
vt 0.9560552 0.41149235
vt 0.93709344 0.43469363
vt 0.8388066 0.4415381
vt 0.7928187 0.53854
vt 0.8119965 0.510109
vt 0.99055785 0.39524126
vt 0.829525 0.44425935
vt 0.8211546 0.4884113
vt 0.82132804 0.46753418
vt 0.9214897 0.4330454
vt 0.9318332 0.4268698
vt 0.7685978 0.6428341
vt 0.7793103 0.63252926
vt 0.770843 0.65759456
vt 0.9391655 0.41662395
vt 0.9532471 0.40111262
vt 0.77194786 0.629961
vt 0.783809 0.6111506
vt 0.78173727 0.58252436
vt 0.7913664 0.58023745
vt 0.98244596 0.39029086
vt 0.94547313 0.40412617
vt 0.7693402 0.6148545
vt 0.77829015 0.6021258
vt 0.9595371 0.38606614
vt 0.78665066 0.5618031
vt 0.97344357 0.37865323
vt 0.7992007 0.5117956
vt 0.8112738 0.48991406
vt 0.8289215 0.41788912
vt 0.7700918 0.5884102
vt 0.7804883 0.5474967
vt 0.9341368 0.40886486
vt 0.8076591 0.47434855
vt 0.840307 0.4203627
vt 0.91718173 0.43518114
vt 0.91599596 0.4348935
vt 0.944436 0.39134657
vt 0.9167228 0.4346788
vt 0.063769035 0.87595785
vt 0.058058377 0.87404823
vt 0.058058377 0.87912434
vt 0.915129 0.428833
vt 0.7623731 0.6054062
vt 0.7730206 0.5657441
vt 0.9597965 0.37300944
vt 0.7895931 0.48379755
vt 0.80743444 0.4518962
vt 0.91859823 0.4207977
vt 0.91613907 0.41392785
vt 0.93235135 0.40395927
vt 0.9261764 0.3968854
vt 0.9463072 0.3797301
vt 0.93649685 0.3959437
vt 0.9427274 0.38581723
vt 0.93358517 0.3883748
vt 0.9347239 0.3878256
vt 0.93823576 0.38126326
vt 0.9286059 0.3815502
vt 0.8301834 0.40485352
vt 0.9230318 0.37343806
vt 0.92850876 0.3694719
vt 0.9311536 0.37866879
vt 0.92212814 0.35628176
vt 0.31805274 0.045368016
vt 0.33597717 0.0522694
vt 0.32645133 0.05907345
vt 0.31054562 0.05500555
vt 0.3140755 0.07023978
vt 0.28059185 0.07056582
vt 0.2970476 0.049643934
vt 0.27685383 0.053182304
vt 0.26758865 0.08673823
vt 0.25239784 0.07730889
vt 0.25968853 0.061676145
vt 0.25872508 0.069568574
vt 0.24062276 0.06730753
vt 0.2379801 0.091162324
vt 0.2230088 0.07739508
vt 0.23409043 0.06296724
vt 0.21974131 0.06748772
vt 0.20676915 0.07449812
vt 0.19752192 0.086235166
vt 0.20148222 0.07138497
vt 0.18952309 0.08175051
vt 0.18505932 0.0916878
vt 0.18714142 0.07628101
vt 0.17944545 0.08295345
vt 0.15395808 0.091425896
vt 0.17137213 0.07478511
vt 0.15448077 0.08024919
vt 0.12997656 0.078475535
vt 0.118598044 0.08247161
vt 0.13735162 0.071474135
vt 0.11287379 0.063767314
vt 0.10508108 0.07396257
vt 0.098910645 0.07925236
vt 0.10217215 0.061680198
vt 0.08936697 0.067674994
vt 0.077471405 0.06834495
vt 0.08183837 0.057180524
vt 0.09959768 0.056221545
vt 0.0694797 0.8314288
vt 0.07064529 0.8163071
vt 0.07455584 0.82758284
vt 0.07455583 0.83280456
vt 0.04854061 0.8734137
vt 0.04854061 0.8797589
vt 0.050444163 0.87910616
vt 0.09549289 0.053439677
vt 0.10123531 0.056281507
vt 0.076609075 0.061784804
vt 0.08036523 0.052213073
vt 0.06148345 0.058974683
vt 0.06370926 0.05290407
vt 0.055721108 0.050923944
vt 0.049703684 0.05150509
vt 0.047271572 0.045368016
vt 0.7877538 0.014056563
vt 0.7797493 0.008894503
vt 0.78638786 0.0025072098
vt 0.7811491 0.00031727552
vt 0.77945936 0.018356442
vt 0.77645534 0.034759045
vt 0.7866477 0.032732904
vt 0.76521254 0.013622582
vt 0.76543933 0.026128411
vt 0.78318965 0.050507903
vt 0.74522394 0.020494401
vt 0.7472482 0.0150232315
vt 0.77663326 0.066049635
vt 0.743555 0.036358654
vt 0.7836086 0.0722518
vt 0.7597944 0.05506742
vt 0.7741831 0.09386343
vt 0.7877538 0.09754604
vt 0.7234062 0.013825059
vt 0.75774425 0.07187259
vt 0.71771353 0.0221951
vt 0.78748614 0.11681175
vt 0.7075271 0.0505082
vt 0.7779215 0.1142776
vt 0.73368806 0.0674265
vt 0.7835247 0.12393612
vt 0.7449682 0.091733634
vt 0.7791939 0.12260866
vt 0.7871924 0.12535745
vt 0.7766347 0.119984984
vt 0.77746564 0.12562943
vt 0.781052 0.12848985
vt 0.77724 0.12242991
vt 0.7685708 0.11287886
vt 0.7753595 0.119238555
vt 0.70357347 0.011110067
vt 0.7754178 0.120167136
vt 0.77151483 0.121836185
vt 0.6992081 0.028971434
vt 0.7682862 0.12269497
vt 0.7550441 0.11367267
vt 0.76934195 0.12685466
vt 0.75397396 0.12081337
vt 0.7635585 0.12732577
vt 0.7394976 0.106653094
vt 0.7218609 0.0978958
vt 0.6933459 0.04657066
vt 0.70141685 0.08220625
vt 0.72904193 0.107244134
vt 0.68789417 0.061288655
vt 0.7001152 0.0942837
vt 0.67385805 0.075119376
vt 0.67415214 0.081199706
vt 0.6763315 0.06769866
vt 0.6705639 0.06866193
vt 0.65958124 0.07083094
vt 0.010469543 0.9547697
vt 0.005678484 0.9616117
vt 0.00031732183 0.9608604
vt 0.005701306 0.95033675
vt 0.00031725888 0.9523282
vt 0.0081461985 0.9355434
vt 0.0023161813 0.9384504
vt 0.0044681104 0.92179203
vt 0.007965453 0.9165709
vt 0.0031714311 0.89942896
vt 0.1296311 0.72493654
vt 0.13989694 0.73744625
vt 0.13056538 0.73642
vt 0.14846398 0.72971314
vt 0.12595178 0.7436001
vt 0.13043943 0.7651729
vt 0.13952279 0.7691216
vt 0.16084963 0.74053
vt 0.14692686 0.75966424
vt 0.16724752 0.7308036
vt 0.13628551 0.7934645
vt 0.15096053 0.777158
vt 0.15875667 0.7590421
vt 0.14356007 0.78595024
vt 0.16044657 0.7742602
vt 0.1714861 0.75338465
vt 0.15355079 0.78643024
vt 0.18369289 0.72493654
vt 0.18325491 0.7361858
vt 0.16215871 0.78050214
vt 0.17066509 0.76496035
vt 0.17803983 0.75222564
vt 0.41867197 0.88961196
vt 0.4292425 0.8714778
vt 0.44983053 0.88655406
vt 0.36738974 0.89727956
vt 0.3408777 0.8924916
vt 0.35724583 0.87585026
vt 0.31925488 0.90704316
vt 0.33302742 0.8741524
vt 0.38542876 0.87110496
vt 0.397627 0.8787146
vt 0.30523476 0.88562346
vt 0.46066105 0.86446816
vt 0.47599697 0.87724113
vt 0.4107944 0.8825211
vt 0.48214093 0.85937375
vt 0.4925453 0.8681921
vt 0.41215283 0.8690871
vt 0.44808677 0.85729563
vt 0.27760157 0.8732893
vt 0.30082875 0.86805046
vt 0.33415353 0.8657022
vt 0.49447995 0.853402
vt 0.31781924 0.86417353
vt 0.36201745 0.859366
vt 0.37315547 0.86344516
vt 0.41432375 0.85369456
vt 0.43615383 0.8517525
vt 0.38810334 0.8503531
vt 0.4678093 0.84889734
vt 0.33147433 0.84757215
vt 0.3516737 0.84897643
vt 0.33936158 0.85889703
vt 0.37223613 0.8281789
vt 0.4846264 0.8387431
vt 0.31209192 0.8520838
vt 0.32805404 0.83217347
vt 0.3031847 0.8415845
vt 0.4038598 0.82917005
vt 0.40252262 0.84559864
vt 0.41589144 0.84624296
vt 0.4243496 0.8286905
vt 0.43057224 0.8404785
vt 0.43860495 0.8310335
vt 0.5399256 0.8312957
vt 0.51211166 0.8355651
vt 0.5349437 0.81915575
vt 0.45729545 0.8328164
vt 0.46413434 0.82023305
vt 0.48005173 0.82697034
vt 0.29981902 0.8167029
vt 0.28579596 0.8391857
vt 0.44976977 0.82376736
vt 0.56284153 0.8095641
vt 0.6372105 0.8104809
vt 0.6143735 0.82598186
vt 0.6277989 0.79753196
vt 0.35621536 0.8121623
vt 0.43118244 0.8113562
vt 0.49984583 0.82707554
vt 0.5174274 0.81445265
vt 0.5987631 0.81000394
vt 0.4868385 0.8118345
vt 0.31321988 0.82060033
vt 0.6132727 0.7978764
vt 0.4121861 0.8047651
vt 0.46284354 0.8010911
vt 0.5443455 0.79450184
vt 0.49719873 0.799094
vt 0.3866271 0.8086377
vt 0.6413285 0.7906132
vt 0.64855134 0.80252826
vt 0.3283029 0.8117106
vt 0.6497601 0.78687406
vt 0.5212792 0.7890433
vt 0.31127772 0.8072846
vt 0.6072657 0.78722876
vt 0.39842874 0.7960645
vt 0.5850219 0.7859213
vt 0.31800696 0.80501103
vt 0.365605 0.7928329
vt 0.38102552 0.7933099
vt 0.5648374 0.7757775
vt 0.637044 0.77828944
vt 0.43736628 0.7916213
vt 0.34226966 0.78906673
vt 0.3038389 0.7940408
vt 0.6265178 0.7712686
vt 0.45102325 0.7846084
vt 0.32863823 0.7960219
vt 0.49988723 0.7778218
vt 0.6435918 0.77582866
vt 0.6510835 0.77943116
vt 0.60454565 0.7673519
vt 0.47332916 0.7782472
vt 0.6451653 0.7679425
vt 0.31788886 0.78785515
vt 0.6375215 0.77121204
vt 0.58309436 0.7657835
vt 0.6538706 0.75880903
vt 0.41030923 0.777784
vt 0.3103539 0.78196794
vt 0.39569494 0.77113837
vt 0.5278164 0.77095836
vt 0.34926656 0.777127
vt 0.6490682 0.7580569
vt 0.37087303 0.7768524
vt 0.6238633 0.7593989
vt 0.32641175 0.7737031
vt 0.30150872 0.7807507
vt 0.44154292 0.7700919
vt 0.46252903 0.77003515
vt 0.57193947 0.760534
vt 0.50561476 0.76712346
vt 0.42196026 0.773468
vt 0.59602726 0.75828004
vt 0.48931885 0.7668971
vt 0.522823 0.76461786
vt 0.5402759 0.76369715
vt 0.31970692 0.7776342
vt 0.58492774 0.7438483
vt 0.6139275 0.75475496
vt 0.62381995 0.75330824
vt 0.3147901 0.7701274
vt 0.43183696 0.76207054
vt 0.47956353 0.7612204
vt 0.5033633 0.7578308
vt 0.5468839 0.753786
vt 0.30038673 0.7679614
vt 0.41423392 0.7665015
vt 0.4602122 0.76022524
vt 0.5266911 0.755895
vt 0.35283533 0.75819135
vt 0.62204695 0.74919546
vt 0.6472223 0.7410571
vt 0.376487 0.75828844
vt 0.3311258 0.76223755
vt 0.62021524 0.7401663
vt 0.4073944 0.7524456
vt 0.51052177 0.7442544
vt 0.6274617 0.7406957
vt 0.4722692 0.7483373
vt 0.4880679 0.7459205
vt 0.32047713 0.75887114
vt 0.38904935 0.7519979
vt 0.5395611 0.73859626
vt 0.30710018 0.7543889
vt 0.6031887 0.7251765
vt 0.45238584 0.74255866
vt 0.42421463 0.74564654
vt 0.6239769 0.72658455
vt 0.6349994 0.7289884
vt 0.51809233 0.731247
vt 0.28780174 0.751343
vt 0.33194405 0.74304664
vt 0.29691803 0.7429869
vt 0.40092716 0.7409464
vt 0.3693814 0.7461022
vt 0.47213006 0.7351767
vt 0.56740946 0.724276
vt 0.63574666 0.72060335
vt 0.31703553 0.7454073
vt 0.6404601 0.722528
vt 0.5017274 0.7287644
vt 0.48675734 0.72802407
vt 0.4383744 0.7325328
vt 0.6399375 0.7122412
vt 0.3519308 0.74083537
vt 0.45771205 0.7300433
vt 0.30699754 0.73826706
vt 0.37330058 0.7371916
vt 0.41500324 0.73185724
vt 0.54445785 0.71456915
vt 0.52008164 0.7190484
vt 0.33108583 0.72931135
vt 0.4754627 0.71940386
vt 0.62331253 0.70068073
vt 0.3121757 0.731223
vt 0.39576387 0.7291808
vt 0.5926242 0.7068943
vt 0.2819337 0.7356768
vt 0.3589634 0.7172326
vt 0.42639363 0.7217935
vt 0.4981045 0.7144524
vt 0.5671245 0.70757
vt 0.29690632 0.72796166
vt 0.3056841 0.7232327
vt 0.37797096 0.725602
vt 0.44662333 0.7166772
vt 0.6384091 0.7001545
vt 0.4118348 0.7182663
vt 0.46398973 0.71150446
vt 0.3180753 0.71776044
vt 0.5118735 0.7037315
vt 0.39006516 0.7084245
vt 0.57906634 0.69189423
vt 0.47520176 0.7021282
vt 0.5438669 0.69894433
vt 0.30031264 0.71771204
vt 0.33165225 0.709501
vt 0.6053409 0.6813115
vt 0.6319508 0.6897357
vt 0.29021096 0.72112536
vt 0.55943227 0.69430417
vt 0.3113489 0.7117137
vt 0.4549566 0.7004053
vt 0.52844584 0.68771833
vt 0.43020383 0.703469
vt 0.40698218 0.70098543
vt 0.5121766 0.68794286
vt 0.44210404 0.6934034
vt 0.4819397 0.6884962
vt 0.55434746 0.672386
vt 0.57390124 0.68070984
vt 0.55172175 0.67966104
vt 0.34095237 0.7047176
vt 0.49709725 0.6825593
vt 0.36278135 0.69919723
vt 0.31917122 0.6989524
vt 0.30146322 0.70882845
vt 0.30623907 0.69711804
vt 0.46365812 0.6914243
vt 0.58325654 0.67346656
vt 0.41874427 0.69404006
vt 0.45116746 0.6867337
vt 0.46822307 0.68421113
vt 0.34756207 0.6945818
vt 0.39833415 0.6950732
vt 0.38228688 0.6913497
vt 0.4187014 0.683989
vt 0.5346846 0.6713427
vt 0.4330037 0.68358
vt 0.39422622 0.6853421
vt 0.4063956 0.68575716
vt 0.3340086 0.6963381
vt 0.48018628 0.6805708
vt 0.53133166 0.66238016
vt 0.56860524 0.66423106
vt 0.59275156 0.6616592
vt 0.48734415 0.6748546
vt 0.44539037 0.6761411
vt 0.32076588 0.69093835
vt 0.36254078 0.68894213
vt 0.3084429 0.68927854
vt 0.3377453 0.6889701
vt 0.3755497 0.6834249
vt 0.46301842 0.6696477
vt 0.3243327 0.6790878
vt 0.35964993 0.68026483
vt 0.5153595 0.661336
vt 0.57980037 0.6593613
vt 0.34499577 0.67988086
vt 0.50759256 0.65302384
vt 0.40230274 0.6756238
vt 0.43028462 0.6722228
vt 0.49612194 0.66886574
vt 0.48879743 0.66580766
vt 0.55372185 0.6566263
vt 0.2924055 0.6905621
vt 0.30357182 0.67476195
vt 0.47376922 0.6596977
vt 0.50254875 0.6554421
vt 0.37683523 0.6732195
vt 0.40811545 0.6702713
vt 0.2836633 0.6664713
vt 0.2776015 0.6846001
vt 0.5234898 0.6488252
vt 0.564444 0.65011024
vt 0.5383305 0.6505222
vt 0.415951 0.6614521
vt 0.43634316 0.6603048
vt 0.4963884 0.6458321
vt 0.3225288 0.66431075
vt 0.3661664 0.6633127
vt 0.38519117 0.6633691
vt 0.34382436 0.66443384
vt 0.29731902 0.6643246
vt 0.39762422 0.66143703
vt 0.45782384 0.6574635
vt 0.31487447 0.6493993
vt 0.4446542 0.6485415
vt 0.4155513 0.6478804
vt 0.29732466 0.64931464
vt 0.3076791 0.6411802
vt 0.9133883 0.8074189
vt 0.89955574 0.7999307
vt 0.9060979 0.7860289
vt 0.88437665 0.76744926
vt 0.8957489 0.78240913
vt 0.8879746 0.7854053
vt 0.86897206 0.77205276
vt 0.90906185 0.81642354
vt 0.89570934 0.8116724
vt 0.9036306 0.8185363
vt 0.9094849 0.82518035
vt 0.88808334 0.80537826
vt 0.9038308 0.8251874
vt 0.88073343 0.79642624
vt 0.8940919 0.8294854
vt 0.9031126 0.83180416
vt 0.8895383 0.849343
vt 0.8962827 0.84775513
vt 0.8889393 0.82478404
vt 0.8866414 0.8777914
vt 0.8890841 0.88881
vt 0.8786551 0.88752854
vt 0.8829684 0.86735296
vt 0.8903824 0.8612083
vt 0.87708443 0.87645626
vt 0.88178056 0.84396577
vt 0.87595206 0.8966377
vt 0.8724292 0.888465
vt 0.874932 0.8674801
vt 0.8707814 0.90188605
vt 0.87652 0.901967
vt 0.8830166 0.8240503
vt 0.86897206 0.89248484
vt 0.88241607 0.8168386
vt 0.013011314 0.7197138
vt 0.020016171 0.7306087
vt 0.012373096 0.73551834
vt 0.017541401 0.74143404
vt 0.023815978 0.73840064
vt 0.041092586 0.7315868
vt 0.039270118 0.74143404
vt 0.03352574 0.73653936
vt 0.031266104 0.72581875
vt 0.049983144 0.7336369
vt 0.04864668 0.725295
vt 0.062443316 0.7267493
vt 0.03180754 0.71749574
vt 0.022182051 0.713878
vt 0.042486057 0.71507215
vt 0.06440356 0.7223347
vt 0.055669736 0.72084224
vt 0.026215611 0.7089517
vt 0.017382845 0.7048718
vt 0.034960184 0.7089397
vt 0.048425443 0.7124134
vt 0.030486796 0.704759
vt 0.040891957 0.70441407
vt 0.021076445 0.70189524
vt 0.032555714 0.7041458
vt 0.037061565 0.70019037
vt 0.02177945 0.82836294
vt 0.029526277 0.8288015
vt 0.028956149 0.8361393
vt 0.00986897 0.8387909
vt 0.039234076 0.8359223
vt 0.013217704 0.8458211
vt 0.00031725888 0.85083085
vt 0.0039872117 0.8534437
vt 0.05107868 0.87912434
vt 0.05425127 0.87517405
vt 0.05107868 0.87404823
vt 0.032041986 0.84903765
vt 0.0112324925 0.85552996
vt 0.0030393542 0.8568226
vt 0.0005990737 0.85534453
vt 0.045285385 0.84672374
vt 0.0067951605 0.8591554
vt 0.0024752691 0.85846335
vt 0.046656992 0.83754206
vt 0.016915966 0.8607234
vt 0.029001508 0.8607234
vt 0.044345982 0.8586977
vt 0.050444163 0.8545876
vt 0.00856599 0.81175566
vt 0.017520444 0.81885445
vt 0.008800463 0.82178897
vt 0.008574766 0.8288121
vt 0.022649666 0.811422
vt 0.013825407 0.8062331
vt 0.010109953 0.79325897
vt 0.02399788 0.8025893
vt 0.00856599 0.7788706
vt 0.013953197 0.78226507
vt 0.020342562 0.82608366
vt 0.026994154 0.82305515
vt 0.026255492 0.7966676
vt 0.031076716 0.81225556
vt 0.029935855 0.8187752
vt 0.034298174 0.81862545
vt 0.033022005 0.8291462
vt 0.03557468 0.8253202
vt 0.041560914 0.830901
vt 0.9064086 0.39487338
vt 0.88668156 0.41398847
vt 0.8881344 0.40027106
vt 0.8956687 0.38086283
vt 0.9051368 0.3840351
vt 0.873847 0.430479
vt 0.88407016 0.42248052
vt 0.87871176 0.4414451
vt 0.87372273 0.41761655
vt 0.88299596 0.39482737
vt 0.904197 0.5064563
vt 0.89762414 0.49719483
vt 0.9056503 0.50109583
vt 0.8953808 0.48261356
vt 0.8977856 0.5093442
vt 0.9064086 0.5161802
vt 0.88569504 0.46046364
vt 0.8748413 0.4579245
vt 0.88777393 0.48115683
vt 0.868185 0.40976906
vt 0.86450016 0.44550866
vt 0.882578 0.3845843
vt 0.8904247 0.49842113
vt 0.8646022 0.41940272
vt 0.89134556 0.37151015
vt 0.8637969 0.43190193
vt 0.878157 0.47890937
vt 0.8657185 0.45877075
vt 0.8531091 0.40804476
vt 0.8566101 0.44209278
vt 0.85708356 0.4485042
vt 0.8573071 0.42021024
vt 0.8567124 0.4325775
vt 0.09936702 0.69346935
vt 0.10247462 0.69894814
vt 0.100516655 0.70336294
vt 0.09210063 0.7011184
vt 0.09451385 0.6951835
vt 0.091263585 0.6766492
vt 0.08148962 0.69757366
vt 0.08185764 0.6859219
vt 0.047689117 0.7019627
vt 0.04271254 0.70336294
vt 0.042195432 0.7004104
vt 0.046429858 0.6980192
vt 0.057149477 0.6982081
vt 0.07731429 0.6641618
vt 0.084447525 0.6617648
vt 0.074667834 0.67660546
vt 0.062346097 0.69460595
vt 0.063153416 0.6999807
vt 0.05837161 0.6882239
vt 0.0496927 0.6875337
vt 0.07138832 0.7023359
vt 0.071198665 0.6937496
vt 0.06460185 0.6887991
vt 0.066537686 0.698955
vt 0.058149822 0.67437744
vt 0.06960383 0.6881638
vt 0.06978139 0.6665567
vt 0.07092837 0.66194963
vt 0.050341103 0.6753705
vt 0.06330378 0.6583122
vt 0.05652562 0.66112256
vt 0.2399036 0.69502306
vt 0.23715745 0.70822257
vt 0.23255076 0.69463253
vt 0.24282655 0.7185568
vt 0.24740262 0.6909738
vt 0.23402362 0.6868655
vt 0.24984126 0.72192717
vt 0.24229644 0.73060197
vt 0.25761074 0.7037915
vt 0.2508456 0.73534554
vt 0.2677718 0.721519
vt 0.26192626 0.7297811
vt 0.2591967 0.690055
vt 0.24129073 0.7429327
vt 0.82021105 0.8945706
vt 0.81352735 0.888827
vt 0.8236589 0.8883911
vt 0.2595942 0.7396953
vt 0.82761085 0.89668036
vt 0.8316798 0.89621085
vt 0.83179194 0.9013325
vt 0.27857244 0.7139454
vt 0.27404788 0.7048249
vt 0.27529815 0.73485243
vt 0.2426545 0.75614977
vt 0.8309132 0.88808244
vt 0.8218575 0.8842093
vt 0.27887052 0.68967175
vt 0.26579028 0.7467709
vt 0.8366117 0.88765144
vt 0.23411594 0.76069945
vt 0.8247717 0.8797002
vt 0.8204258 0.87956417
vt 0.23729946 0.76670134
vt 0.24813758 0.77252537
vt 0.2467312 0.768247
vt 0.2639946 0.7602601
vt 0.8299758 0.8737287
vt 0.8351526 0.8818347
vt 0.27887055 0.7490353
vt 0.25505838 0.7589333
vt 0.24303098 0.7715134
vt 0.81146276 0.8644942
vt 0.79917514 0.8504316
vt 0.81218034 0.8515923
vt 0.8032918 0.83832896
vt 0.83656645 0.8694941
vt 0.81495744 0.8286424
vt 0.82796055 0.8422919
vt 0.8350424 0.8417097
vt 0.8267311 0.80999136
vt 0.83466166 0.8116577
vt 0.81961143 0.80527717
vt 0.826835 0.78522795
vt 0.8201332 0.78586686
vt 0.8350899 0.7840485
vt 0.8239885 0.77572227
vt 0.83173454 0.7693943
vt 0.8273168 0.76960164
vt 0.8366117 0.7668147
vt 0.054885786 0.8797589
vt 0.057423856 0.87793195
vt 0.05488582 0.87404823
vt 0.022485362 0.660316
vt 0.02869911 0.663161
vt 0.018083757 0.66465735
vt 0.040273074 0.65543973
vt 0.04300614 0.6598754
vt 0.058867887 0.65313613
vt 0.06421398 0.65716624
vt 0.07452496 0.65006346
vt 0.08306603 0.6595474
vt 0.08654484 0.6539891
vt 0.09337351 0.65814805
vt 0.09377404 0.66465735
vt 0.09387714 0.65082556
vt 0.098333396 0.6594158
vt 0.10218921 0.6524726
vt 0.10247462 0.6579646
vt 0.4507008 0.6320738
vt 0.45970812 0.64244926
vt 0.44472384 0.638524
vt 0.4256853 0.62371397
vt 0.4358859 0.6135367
vt 0.4209846 0.5944534
vt 0.42548588 0.60825646
vt 0.41008577 0.58830214
vt 0.40579823 0.5809967
vt 0.41253725 0.583345
vt 0.40674928 0.58578044
vt 0.41403103 0.6015217
vt 0.39738408 0.5764594
vt 0.39702478 0.58411527
vt 0.40002334 0.5944642
vt 0.40554866 0.5986038
vt 0.39007586 0.58897007
vt 0.42295694 0.6356237
vt 0.40741432 0.61273164
vt 0.3945319 0.59832186
vt 0.40141064 0.61079156
vt 0.39589924 0.6144013
vt 0.40372562 0.6349628
vt 0.38991117 0.61242115
vt 0.4007548 0.6270476
vt 0.39246988 0.63167405
vt 0.3927862 0.64244926
vt 0.40428042 0.63943696
vt 0.18320154 0.7806878
vt 0.17290609 0.78699696
vt 0.17454606 0.77777857
vt 0.17939408 0.78965735
vt 0.18219918 0.77272403
vt 0.17761658 0.7647324
vt 0.18933222 0.77527225
vt 0.19081222 0.78656214
vt 0.18208578 0.76412964
vt 0.19914916 0.77797145
vt 0.20499058 0.7869361
vt 0.18866909 0.7629429
vt 0.18123783 0.75985116
vt 0.17801432 0.7575497
vt 0.18295953 0.75429344
vt 0.18159603 0.7491928
vt 0.18806516 0.7463699
vt 0.20313555 0.76085967
vt 0.19496007 0.7500455
vt 0.19105653 0.74073505
vt 0.19598427 0.74279296
vt 0.20654418 0.7471777
vt 0.21225452 0.76935077
vt 0.21769227 0.78484046
vt 0.2100927 0.73715645
vt 0.21387547 0.7553434
vt 0.22523917 0.77242583
vt 0.23491421 0.78965735
vt 0.19922417 0.7294121
vt 0.21440667 0.7287437
vt 0.2188237 0.7484157
vt 0.22058353 0.7590724
vt 0.24206853 0.7822587
vt 0.23217797 0.7670315
vt 0.22294551 0.7414021
vt 0.23119172 0.7548189
vt 0.23301934 0.74316776
vt 0.046637055 0.8778553
vt 0.046637055 0.8757834
vt 0.047752827 0.8753173
vt 0.04790609 0.8761503
vt 0.17734772 0.45082486
vt 0.17079191 0.46474218
vt 0.16121814 0.4582764
vt 0.14387439 0.46069306
vt 0.1560894 0.46976697
vt 0.14006792 0.47317302
vt 0.12343662 0.4741732
vt 0.16033506 0.47588927
vt 0.14954056 0.48422348
vt 0.13487712 0.4914394
vt 0.11872682 0.4894278
vt 0.10311452 0.48617554
vt 0.14239031 0.498639
vt 0.0463493 0.47255164
vt 0.072662264 0.47966588
vt 0.051659245 0.48301816
vt 0.10775769 0.49656415
vt 0.032816216 0.47649103
vt 0.07746472 0.49047875
vt 0.015601 0.4837522
vt 0.021795135 0.4737656
vt 0.12580477 0.5032541
vt 0.030236108 0.48300922
vt 0.010054462 0.48110247
vt 0.09843005 0.5031338
vt 0.112253584 0.5044361
vt 0.101986535 0.5132615
vt 0.04490781 0.4966724
vt 0.005177373 0.49365819
vt 0.059173454 0.51062983
vt 0.00031725888 0.49076617
vt 0.01842432 0.49431622
vt 0.123012476 0.512223
vt 0.09129109 0.5229981
vt 0.14013469 0.5170996
vt 0.13291004 0.5148483
vt 0.10903245 0.51410294
vt 0.01245426 0.50236094
vt 0.114922956 0.52342665
vt 0.12889948 0.52641976
vt 0.034335792 0.5042664
vt 0.004119306 0.50513995
vt 0.10403385 0.52652705
vt 0.032723833 0.5179638
vt 0.0659109 0.5273107
vt 0.13694853 0.5318413
vt 0.11658355 0.54050124
vt 0.018430857 0.5178698
vt 0.13217197 0.54314274
vt 0.10531263 0.5359011
vt 0.09290678 0.53617686
vt 0.14036442 0.540864
vt 0.10050111 0.54187506
vt 0.10833447 0.5531525
vt 0.04336511 0.528574
vt 0.06664914 0.5344203
vt 0.08877505 0.54234374
vt 0.14294936 0.55853575
vt 0.09940068 0.5556632
vt 0.1242357 0.559645
vt 0.14912154 0.557166
vt 0.13526225 0.56994057
vt 0.15581256 0.57033676
vt 0.11429952 0.5663288
vt 0.12530151 0.5736333
vt 0.15087205 0.5760959
vt 0.16700524 0.5850602
vt 0.16449194 0.59119666
vt 0.13110706 0.5850802
vt 0.17734772 0.60057104
vt 0.15094946 0.58790326
vt 0.00031725888 0.74095845
vt 0.0048498567 0.7413397
vt 0.0017961379 0.7496827
vt 0.0007930734 0.7181658
vt 0.0060521783 0.70774275
vt 0.00856599 0.7316238
vt 0.00031729095 0.70124114
vt 0.0062672063 0.6888164
vt 0.00066297187 0.67934
vt 0.008029847 0.6768082
vt 0.003892679 0.67227155
vt 0.7720117 0.4590736
vt 0.79282993 0.4626633
vt 0.7659946 0.47312284
vt 0.7790247 0.47303414
vt 0.7443216 0.46779823
vt 0.77254504 0.47822797
vt 0.77055615 0.48777306
vt 0.7237668 0.47293854
vt 0.7290456 0.47873974
vt 0.74863416 0.4818306
vt 0.7618755 0.49110132
vt 0.70514786 0.4853323
vt 0.72014636 0.49197805
vt 0.7471957 0.49685836
vt 0.76436055 0.5041396
vt 0.69832873 0.49520832
vt 0.6976321 0.4883423
vt 0.7308526 0.51267403
vt 0.78519166 0.50754243
vt 0.7784327 0.51138103
vt 0.7736185 0.4985422
vt 0.76788634 0.505663
vt 0.7685868 0.5196602
vt 0.707579 0.5048557
vt 0.69384515 0.49933368
vt 0.7922899 0.51043874
vt 0.79252446 0.5153961
vt 0.7551453 0.52184844
vt 0.6957879 0.5083391
vt 0.78615034 0.52060735
vt 0.7909924 0.52119005
vt 0.7101565 0.5175671
vt 0.7928299 0.5234872
vt 0.7797914 0.52564454
vt 0.7852988 0.5277617
vt 0.701384 0.52069134
vt 0.7708779 0.52770954
vt 0.7780009 0.530102
vt 0.7513082 0.5366486
vt 0.77137345 0.532557
vt 0.7657685 0.5357487
vt 0.7812029 0.5335863
vt 0.7318625 0.53335434
vt 0.77734685 0.5355661
vt 0.7706666 0.53362304
vt 0.7138578 0.5287611
vt 0.7707487 0.5385587
vt 0.7239938 0.54062617
vt 0.7436178 0.5464902
vt 0.76222587 0.54732496
vt 0.7601376 0.5580584
vt 0.7688746 0.5531381
vt 0.9015331 0.94914377
vt 0.9113847 0.9453259
vt 0.9248129 0.95717007
vt 0.9260787 0.95148826
vt 0.9215761 0.9373541
vt 0.89424235 0.9390897
vt 0.8850966 0.93927914
vt 0.9076598 0.9263093
vt 0.9169307 0.932189
vt 0.88439417 0.9256078
vt 0.87835896 0.9294144
vt 0.91761035 0.91971856
vt 0.89456385 0.9106292
vt 0.8739451 0.91759974
vt 0.8726858 0.9270794
vt 0.86897206 0.9161265
vt 0.9119498 0.9090439
vt 0.8737436 0.9081359
vt 0.88075495 0.9058624
vt 0.91803837 0.9061463
vt 0.9005908 0.8944037
vt 0.88482106 0.89574003
vt 0.91490144 0.8919122
vt 0.92476875 0.89401454
vt 0.90887797 0.8824144
vt 0.90069133 0.8826507
vt 0.9219111 0.8838366
vt 0.91691107 0.87712425
vt 0.91665465 0.87146324
vt 0.9247796 0.87224895
vt 0.9260787 0.865165
vt 0.78458124 0.13505447
vt 0.79061353 0.12962651
vt 0.7957435 0.13642728
vt 0.80132383 0.12677395
vt 0.80730873 0.13634121
vt 0.80507725 0.14212763
vt 0.7974089 0.1436907
vt 0.80456626 0.14609808
vt 0.8094474 0.14800769
vt 0.81227314 0.1392299
vt 0.8154327 0.1454187
vt 0.81823653 0.14381981
vt 0.8327343 0.13827777
vt 0.8161249 0.13710439
vt 0.8248705 0.13351125
vt 0.8268117 0.14544153
vt 0.8378338 0.134009
vt 0.83646786 0.14508706
vt 0.83958566 0.14093918
vt 0.84265697 0.1448201
vt 0.8337335 0.14261514
vt 0.06503807 0.8734137
vt 0.060269095 0.867703
vt 0.057423856 0.8734137
vt 0.84716046 0.14216685
vt 0.84517586 0.1367464
vt 0.85231817 0.13894212
vt 0.8538067 0.1340962
vt 0.85943294 0.14187026
vt 0.8582041 0.13593173
vt 0.868146 0.1422776
vt 0.87035924 0.1339742
vt 0.8645426 0.13180077
vt 0.8851944 0.13633263
vt 0.88576657 0.14467186
vt 0.8833249 0.14942896
vt 0.87584615 0.12898976
vt 0.8966966 0.14811754
vt 0.8900371 0.12880266
vt 0.9044614 0.13867277
vt 0.9147838 0.1447841
vt 0.91052043 0.12754172
vt 0.9245626 0.13895178
vt 0.93220806 0.14543295
vt 0.9265307 0.12704378
vt 0.94151205 0.13522607
vt 0.95447063 0.14585847
vt 0.9661053 0.14000863
vt 0.94523054 0.12404823
vt 0.9560133 0.1306054
vt 0.9699523 0.14788407
vt 0.98255074 0.14942896
vt 0.60945433 0.45792502
vt 0.6194888 0.46580142
vt 0.61026424 0.4732871
vt 0.6229229 0.45780456
vt 0.6174791 0.48001575
vt 0.62388986 0.47624874
vt 0.6260162 0.46655118
vt 0.63682586 0.4612078
vt 0.6357561 0.47045213
vt 0.63515663 0.47985697
vt 0.6484122 0.4699033
vt 0.64658207 0.48256886
vt 0.64271975 0.49124038
vt 0.6499862 0.49671978
vt 0.65206647 0.4745599
vt 0.6554667 0.4847337
vt 0.66373646 0.4772727
vt 0.65970135 0.49878407
vt 0.6581469 0.46774602
vt 0.6604651 0.48781598
vt 0.6652544 0.46592414
vt 0.66860324 0.49479854
vt 0.66623396 0.5041167
vt 0.6594416 0.5116185
vt 0.65994316 0.46024853
vt 0.66824496 0.4609959
vt 0.6734767 0.48623967
vt 0.67362404 0.5149112
vt 0.6776839 0.50827235
vt 0.6739833 0.4633336
vt 0.6714677 0.4685449
vt 0.67319316 0.4771626
vt 0.67759657 0.49690855
vt 0.67459905 0.45780456
vt 0.68940353 0.51448184
vt 0.680356 0.48963547
vt 0.68397856 0.5037276
vt 0.068845175 0.8163071
vt 0.07455584 0.80626017
vt 0.068845175 0.8015357
vt 0.07416426 0.795368
vt 0.04372529 0.56384516
vt 0.050527878 0.56269395
vt 0.050517842 0.57586634
vt 0.060359035 0.5684628
vt 0.05804755 0.5873639
vt 0.038388323 0.5596358
vt 0.05005248 0.55421495
vt 0.8037983 0.7173998
vt 0.80810183 0.7124338
vt 0.8150381 0.72493654
vt 0.06842525 0.5981228
vt 0.09192269 0.6203257
vt 0.07433578 0.61680734
vt 0.07386482 0.58983564
vt 0.08731873 0.6068759
vt 0.09921346 0.63740015
vt 0.080324076 0.5715346
vt 0.7898857 0.7031462
vt 0.1022006 0.6013165
vt 0.06774606 0.5539872
vt 0.11188381 0.6373668
vt 0.10439727 0.6517769
vt 0.7919733 0.69485223
vt 0.08997695 0.5889033
vt 0.1130301 0.6624879
vt 0.12365319 0.61071926
vt 0.09835808 0.5826132
vt 0.1299515 0.6213473
vt 0.11586122 0.59595597
vt 0.09089917 0.568419
vt 0.10944014 0.5851865
vt 0.12910183 0.59806836
vt 0.77155954 0.676634
vt 0.7732971 0.693786
vt 0.1331935 0.66266894
vt 0.20404378 0.53611
vt 0.20525458 0.50158584
vt 0.2140444 0.51466256
vt 0.2061086 0.4718485
vt 0.22340268 0.48609936
vt 0.14003992 0.61079705
vt 0.127423 0.6824341
vt 0.10758869 0.67593724
vt 0.13565017 0.6447306
vt 0.16774905 0.72493654
vt 0.15812333 0.71218467
vt 0.18281946 0.7192381
vt 0.19614623 0.7243441
vt 0.2085782 0.7108562
vt 0.21564691 0.54343164
vt 0.2048812 0.5635299
vt 0.22523479 0.708728
vt 0.22691722 0.69233114
vt 0.21737048 0.4656701
vt 0.12274791 0.696124
vt 0.1374011 0.6987015
vt 0.2654094 0.6227498
vt 0.25939885 0.6082647
vt 0.2722872 0.6101437
vt 0.75948614 0.67801106
vt 0.14377606 0.66260946
vt 0.14894722 0.69652265
vt 0.2811127 0.59190273
vt 0.26692036 0.59533894
vt 0.21405943 0.57098913
vt 0.24932714 0.6205349
vt 0.25187206 0.64646906
vt 0.23460354 0.67066807
vt 0.25342235 0.6639864
vt 0.20461297 0.59140456
vt 0.21275413 0.60787165
vt 0.20026112 0.6020628
vt 0.15097775 0.62096643
vt 0.14948605 0.6481846
vt 0.22262424 0.5907932
vt 0.2737436 0.5803488
vt 0.14896932 0.63249975
vt 0.22698647 0.5326207
vt 0.22750875 0.5676936
vt 0.17490192 0.7045041
vt 0.18889901 0.70147437
vt 0.7510412 0.66495097
vt 0.14738002 0.6045165
vt 0.2329363 0.5457787
vt 0.2024385 0.69436973
vt 0.7380678 0.6704362
vt 0.2300018 0.51514447
vt 0.7537893 0.6603802
vt 0.15663184 0.67582023
vt 0.165086 0.6977608
vt 0.28847456 0.5677938
vt 0.29496 0.5813546
vt 0.15716477 0.61304146
vt 0.14468984 0.6810728
vt 0.20648386 0.6136563
vt 0.18013361 0.6865126
vt 0.25846866 0.58493465
vt 0.2306797 0.45436227
vt 0.16016048 0.6622632
vt 0.1556649 0.685244
vt 0.21292204 0.6802466
vt 0.16750479 0.6872938
vt 0.24449858 0.5996161
vt 0.23780088 0.6400744
vt 0.1727448 0.6587729
vt 0.30654705 0.5547689
vt 0.3093643 0.57498604
vt 0.22625835 0.6591269
vt 0.23884745 0.4647407
vt 0.16116512 0.6258288
vt 0.23413247 0.5930044
vt 0.18889746 0.6754595
vt 0.32110682 0.56119037
vt 0.32599875 0.57053334
vt 0.720882 0.65541005
vt 0.7433249 0.6526246
vt 0.15912391 0.64055085
vt 0.2398654 0.5670725
vt 0.17672679 0.69380623
vt 0.23487587 0.6208829
vt 0.20425154 0.67203456
vt 0.26665086 0.5656097
vt 0.7318325 0.6503327
vt 0.2449129 0.48788255
vt 0.2116509 0.6299824
vt 0.25098786 0.5737797
vt 0.21684265 0.6331865
vt 0.27795094 0.55703765
vt 0.24480043 0.5275891
vt 0.22684206 0.6122607
vt 0.16874494 0.61608875
vt 0.24827299 0.550226
vt 0.2267786 0.63797665
vt 0.7000616 0.64614886
vt 0.7119055 0.66180265
vt 0.22059464 0.6686303
vt 0.17588565 0.6252173
vt 0.7365346 0.64320296
vt 0.74700755 0.64776784
vt 0.71478474 0.64238083
vt 0.21334863 0.6467363
vt 0.21809492 0.6548486
vt 0.7530543 0.64269674
vt 0.24055076 0.4401766
vt 0.24473922 0.45623386
vt 0.26245552 0.5440526
vt 0.21279764 0.66884834
vt 0.7304064 0.63053334
vt 0.75858426 0.62963873
vt 0.7657856 0.6388475
vt 0.6967311 0.6357711
vt 0.76832753 0.63012844
vt 0.2555433 0.5102634
vt 0.17045492 0.64045733
vt 0.20429143 0.64579475
vt 0.20559171 0.63385785
vt 0.20183517 0.66006523
vt 0.21159074 0.65728194
vt 0.6880504 0.63706344
vt 0.7137964 0.63372076
vt 0.7471143 0.632748
vt 0.23615816 0.41998065
vt 0.25340584 0.42597365
vt 0.25825733 0.52929825
vt 0.29049963 0.54140985
vt 0.32949933 0.54557806
vt 0.33213428 0.5630559
vt 0.34460744 0.5657479
vt 0.33889064 0.55604225
vt 0.18195648 0.6475659
vt 0.68781215 0.65296334
vt 0.6987271 0.66359836
vt 0.691765 0.67695045
vt 0.19409303 0.62758803
vt 0.19117334 0.6587271
vt 0.2552612 0.4141838
vt 0.18084088 0.6388346
vt 0.19183442 0.63726705
vt 0.19608144 0.6482921
vt 0.27605987 0.52590215
vt 0.7627916 0.6203165
vt 0.25861782 0.46385157
vt 0.31373554 0.53183675
vt 0.6708077 0.6590207
vt 0.6055945 0.6664617
vt 0.60972536 0.6502564
vt 0.62189764 0.66200316
vt 0.2755596 0.39185286
vt 0.26588112 0.40465558
vt 0.25356108 0.40292847
vt 0.2664658 0.48371935
vt 0.26463902 0.41844767
vt 0.5900865 0.653426
vt 0.61432976 0.6455679
vt 0.64240605 0.65985703
vt 0.7060134 0.6228656
vt 0.27664906 0.5042023
vt 0.69050884 0.6247293
vt 0.25855565 0.44359475
vt 0.7612719 0.6049958
vt 0.7459667 0.60968477
vt 0.29892495 0.50855845
vt 0.67581666 0.61923754
vt 0.71646196 0.62027556
vt 0.28018168 0.40459657
vt 0.5933942 0.6427482
vt 0.67233646 0.623825
vt 0.7290967 0.6116591
vt 0.27339125 0.4301778
vt 0.6896148 0.61532676
vt 0.70343536 0.60582614
vt 0.59647024 0.6369507
vt 0.7463833 0.59127563
vt 0.76049596 0.59209925
vt 0.32622045 0.5114548
vt 0.34479365 0.5346204
vt 0.27337322 0.44605052
vt 0.33518514 0.5310176
vt 0.6706696 0.6395839
vt 0.28026205 0.42010897
vt 0.57307106 0.6516023
vt 0.5720262 0.6330836
vt 0.71856165 0.6139885
vt 0.34959242 0.55149144
vt 0.5580046 0.64351845
vt 0.65624875 0.6393591
vt 0.28798383 0.47058082
vt 0.6580021 0.61073077
vt 0.29189274 0.38933742
vt 0.2750661 0.46412873
vt 0.3398432 0.5175325
vt 0.6724579 0.6067278
vt 0.35608074 0.5477957
vt 0.67847216 0.60107327
vt 0.7444371 0.5774725
vt 0.7331929 0.5969164
vt 0.28548175 0.4529487
vt 0.29770955 0.48094797
vt 0.556998 0.62736714
vt 0.5770835 0.624563
vt 0.7171053 0.5908179
vt 0.54815125 0.6346462
vt 0.29435638 0.4083799
vt 0.29767457 0.43777907
vt 0.29611462 0.42507517
vt 0.7258741 0.5772383
vt 0.31948635 0.48981428
vt 0.65607774 0.5973974
vt 0.3344164 0.500629
vt 0.5639788 0.6175923
vt 0.6567236 0.63019246
vt 0.6967857 0.5907515
vt 0.3086813 0.45037645
vt 0.54882365 0.6257645
vt 0.5547716 0.6168958
vt 0.30404532 0.39891815
vt 0.67582124 0.58251864
vt 0.31650943 0.4680444
vt 0.6425849 0.6370451
vt 0.63871527 0.62346864
vt 0.6375431 0.5980321
vt 0.31276882 0.41141224
vt 0.69618225 0.5770021
vt 0.7260352 0.5550458
vt 0.3565916 0.5135721
vt 0.34931618 0.5042182
vt 0.6469683 0.6139898
vt 0.31217197 0.42885572
vt 0.3324097 0.48220867
vt 0.31989422 0.3797589
vt 0.55759794 0.60742885
vt 0.6268469 0.62639546
vt 0.57271296 0.60511553
vt 0.5675118 0.61789006
vt 0.5846424 0.61742175
vt 0.5996687 0.6227277
vt 0.61439514 0.6151723
vt 0.61493814 0.6318055
vt 0.32701948 0.46091473
vt 0.64066875 0.5899085
vt 0.6609404 0.57156265
vt 0.7102663 0.55820435
vt 0.5406337 0.6130766
vt 0.63726354 0.5751808
vt 0.6888966 0.5597918
vt 0.3223585 0.43913412
vt 0.34710476 0.48883027
vt 0.53278935 0.61966115
vt 0.5471883 0.6019614
vt 0.62378335 0.5826808
vt 0.62295574 0.58965874
vt 0.31612608 0.39477336
vt 0.3222467 0.4242394
vt 0.5546726 0.5946753
vt 0.63173556 0.6113298
vt 0.34229845 0.46573466
vt 0.33221677 0.43500018
vt 0.5985813 0.6002356
vt 0.32557794 0.41250134
vt 0.52903676 0.6019779
vt 0.5173215 0.60277593
vt 0.5163114 0.61537045
vt 0.57898676 0.59375465
vt 0.61151046 0.58182377
vt 0.69390327 0.5434943
vt 0.5449851 0.5860405
vt 0.5599976 0.588631
vt 0.62490296 0.59757245
vt 0.6119781 0.5985421
vt 0.6716177 0.54538405
vt 0.6108668 0.5724381
vt 0.32528904 0.40061378
vt 0.33787522 0.45131683
vt 0.574532 0.58605295
vt 0.6183269 0.56833506
vt 0.3619102 0.49004012
vt 0.5360576 0.587125
vt 0.3316941 0.39381933
vt 0.40313825 0.56921905
vt 0.40387857 0.55575246
vt 0.423574 0.5816289
vt 0.4395933 0.5723087
vt 0.44145957 0.59159887
vt 0.59833807 0.58992577
vt 0.5981878 0.5771145
vt 0.45425075 0.58220226
vt 0.45408347 0.5958375
vt 0.54645044 0.5727756
vt 0.6726322 0.5241522
vt 0.5041795 0.6030723
vt 0.64990515 0.55241954
vt 0.38617572 0.5529802
vt 0.58705074 0.5778165
vt 0.6261615 0.5514364
vt 0.36806878 0.5012215
vt 0.60150516 0.5649013
vt 0.4243509 0.5654935
vt 0.47610903 0.5912935
vt 0.48729694 0.58681285
vt 0.49279666 0.61200774
vt 0.6009322 0.5495297
vt 0.33899313 0.40602672
vt 0.34469044 0.43286288
vt 0.527784 0.5703422
vt 0.6102408 0.55375725
vt 0.3561629 0.46318674
vt 0.6479287 0.5303429
vt 0.56648165 0.56975853
vt 0.34163654 0.417163
vt 0.3767994 0.5184834
vt 0.5173995 0.58727896
vt 0.49974588 0.5874981
vt 0.6499653 0.51563007
vt 0.4158949 0.55456674
vt 0.35152203 0.40616226
vt 0.37566376 0.48807728
vt 0.3895137 0.53539515
vt 0.4044187 0.5427566
vt 0.5899237 0.5614047
vt 0.6061938 0.5364183
vt 0.43689936 0.5604975
vt 0.632523 0.52878255
vt 0.47403365 0.57224154
vt 0.45450568 0.5645629
vt 0.5137895 0.56263864
vt 0.51349676 0.5747587
vt 0.5902434 0.5439644
vt 0.4267845 0.54985297
vt 0.5171753 0.552841
vt 0.63391817 0.5027816
vt 0.5754953 0.55917275
vt 0.6182602 0.5311925
vt 0.4963168 0.5750918
vt 0.5386542 0.551612
vt 0.58347946 0.5216245
vt 0.5978199 0.5261791
vt 0.5553338 0.5568997
vt 0.3756154 0.5034324
vt 0.44385865 0.5554629
vt 0.3633912 0.4491244
vt 0.38434175 0.50462395
vt 0.4980743 0.5588562
vt 0.4983386 0.55071163
vt 0.6207266 0.5085617
vt 0.3733758 0.4677353
vt 0.4567473 0.5547988
vt 0.46779674 0.5601184
vt 0.5795929 0.5415979
vt 0.36148226 0.42967796
vt 0.38902485 0.5232391
vt 0.6244648 0.4897114
vt 0.48103175 0.5639467
vt 0.5776921 0.5044617
vt 0.5634345 0.502125
vt 0.6044437 0.5143911
vt 0.50039935 0.54457885
vt 0.59789544 0.5064578
vt 0.6113305 0.50018436
vt 0.3853018 0.48096973
vt 0.39963207 0.5176228
vt 0.46936062 0.5506631
vt 0.48080754 0.5509297
vt 0.4877016 0.5472231
vt 0.56444055 0.5258471
vt 0.41316998 0.53253925
vt 0.39172682 0.4921465
vt 0.5642093 0.5434959
vt 0.49080035 0.5326689
vt 0.44184834 0.5433429
vt 0.47889906 0.53279185
vt 0.5136455 0.5338028
vt 0.45792314 0.5429572
vt 0.37115285 0.42042655
vt 0.38856366 0.46828043
vt 0.4710581 0.53933036
vt 0.6025577 0.49007893
vt 0.4011948 0.47876358
vt 0.54478973 0.5361251
vt 0.38444805 0.45205534
vt 0.5505353 0.50774777
vt 0.5411091 0.49358726
vt 0.4126592 0.51425785
vt 0.43080524 0.52955234
vt 0.5697735 0.48488367
vt 0.6078579 0.47440743
vt 0.58870566 0.48291278
vt 0.37494785 0.4434914
vt 0.40152806 0.46175277
vt 0.40796718 0.4889604
vt 0.3801183 0.4079091
vt 0.40304816 0.5038391
vt 0.3823727 0.4354174
vt 0.55989087 0.4697789
vt 0.5460741 0.5269416
vt 0.4176735 0.4771155
vt 0.524985 0.5195643
vt 0.426943 0.5160593
vt 0.4602386 0.5260067
vt 0.46653506 0.519428
vt 0.47161207 0.5122396
vt 0.4888538 0.5141094
vt 0.50411284 0.51200396
vt 0.541411 0.47063673
vt 0.418103 0.50305456
vt 0.42622703 0.48715687
vt 0.4338599 0.48005116
vt 0.44470233 0.5288876
vt 0.5290016 0.47237074
vt 0.5348474 0.51253414
vt 0.59366745 0.4700538
vt 0.3916088 0.42275655
vt 0.43861282 0.47076678
vt 0.45806217 0.50497705
vt 0.44991505 0.48847008
vt 0.44244632 0.4962231
vt 0.44500643 0.51574033
vt 0.51948357 0.49934167
vt 0.5426876 0.45955676
vt 0.5811942 0.46870512
vt 0.43108603 0.5009558
vt 0.39281946 0.40489793
vt 0.5346872 0.45696163
vt 0.4265366 0.4634503
vt 0.44976327 0.47535956
vt 0.40544757 0.41633928
vt 0.40801457 0.44064564
vt 0.47095558 0.4876876
vt 0.4679061 0.47210282
vt 0.48917574 0.49528408
vt 0.50166535 0.4908507
vt 0.42346498 0.4409237
vt 0.5259555 0.45447397
vt 0.5414127 0.44507116
vt 0.5855308 0.45314133
vt 0.557527 0.45726347
vt 0.5718695 0.45373225
vt 0.51177794 0.478652
vt 0.55493003 0.44435954
vt 0.5473295 0.429847
vt 0.5612958 0.42845225
vt 0.5777105 0.4393165
vt 0.48816314 0.47946918
vt 0.4182151 0.4236586
vt 0.45959523 0.46037817
vt 0.4980715 0.46768343
vt 0.51078 0.4612158
vt 0.531736 0.43589008
vt 0.44307038 0.41204202
vt 0.4250567 0.41246033
vt 0.4331238 0.39867944
vt 0.44475856 0.4494369
vt 0.4833684 0.4658469
vt 0.43340582 0.42494386
vt 0.5033771 0.45146787
vt 0.51873946 0.44799572
vt 0.44431406 0.38792682
vt 0.4557127 0.396855
vt 0.44172245 0.43537593
vt 0.48689285 0.45146298
vt 0.45482883 0.38504845
vt 0.5189321 0.43715358
vt 0.45199457 0.41971517
vt 0.4730318 0.44532204
vt 0.49686298 0.43778127
vt 0.46777838 0.3886423
vt 0.51376057 0.42710567
vt 0.45937422 0.43438464
vt 0.4825856 0.43573296
vt 0.47164047 0.42546517
vt 0.47076687 0.4073645
vt 0.510661 0.41067922
vt 0.5012973 0.42072463
vt 0.48343635 0.41935694
vt 0.49034122 0.40716523
vt 0.06426831 0.78451765
vt 0.059554845 0.78773385
vt 0.05922304 0.7839467
vt 0.063638255 0.7916413
vt 0.068845175 0.79190546
vt 0.058692895 0.79628116
vt 0.06696978 0.8057019
vt 0.059899002 0.81257105
vt 0.062765166 0.8221569
vt 0.068845175 0.82772845
vt 0.84207463 0.768913
vt 0.8396395 0.7903209
vt 0.8372462 0.7668147
vt 0.85051584 0.7786924
vt 0.84760374 0.79352814
vt 0.85756534 0.79474527
vt 0.8598447 0.8105712
vt 0.8499979 0.8197136
vt 0.84093 0.827292
vt 0.8618008 0.8260596
vt 0.8491268 0.85128236
vt 0.83850235 0.8524361
vt 0.8656883 0.8402998
vt 0.8432256 0.8719518
vt 0.8514927 0.87121034
vt 0.8608534 0.855725
vt 0.8372462 0.87776136
vt 0.7519606 0.7213558
vt 0.7411324 0.7277004
vt 0.7466103 0.71446437
vt 0.86818045 0.85644823
vt 0.75374365 0.7285319
vt 0.8746827 0.84571123
vt 0.8521084 0.8829459
vt 0.8448222 0.89098674
vt 0.86024094 0.8682654
vt 0.73391366 0.7156285
vt 0.75808346 0.71754605
vt 0.7577212 0.711245
vt 0.74696964 0.7411413
vt 0.7407597 0.75210434
vt 0.75512487 0.704632
vt 0.74769706 0.7053419
vt 0.8556486 0.87891436
vt 0.840824 0.8894307
vt 0.7395929 0.7073431
vt 0.7623731 0.71404237
vt 0.6801675 0.7395346
vt 0.6915372 0.74340916
vt 0.68443143 0.7547589
vt 0.7239708 0.7300428
vt 0.69892645 0.75104684
vt 0.6859848 0.73112357
vt 0.7255215 0.719583
vt 0.67953134 0.73208004
vt 0.7324128 0.7431992
vt 0.7148996 0.7471644
vt 0.70873696 0.7329705
vt 0.85554606 0.8919988
vt 0.85807073 0.8860119
vt 0.72133696 0.7136486
vt 0.8684158 0.89026636
vt 0.71492773 0.72012377
vt 0.7355735 0.70615554
vt 0.8470557 0.89821815
vt 0.6951824 0.71798885
vt 0.6774087 0.7211581
vt 0.84053713 0.901967
vt 0.68205756 0.7106094
vt 0.67480963 0.7091551
vt 0.69687176 0.7101115
vt 0.719942 0.7103992
vt 0.6818519 0.7051575
vt 0.67623156 0.704632
vt 0.33423626 0.58509845
vt 0.33090103 0.57274055
vt 0.33488312 0.5720178
vt 0.34037298 0.5793127
vt 0.3428784 0.58396554
vt 0.3406752 0.6012635
vt 0.34449616 0.5935961
vt 0.3566358 0.58200383
vt 0.3564544 0.59596336
vt 0.34615326 0.61200726
vt 0.3539712 0.6135083
vt 0.34229702 0.61707574
vt 0.35192195 0.625638
vt 0.3477313 0.6304611
vt 0.36635962 0.5800707
vt 0.37623185 0.58970326
vt 0.36647642 0.60269314
vt 0.34245262 0.6325292
vt 0.3771177 0.57409567
vt 0.38290235 0.57690316
vt 0.35839874 0.6294983
vt 0.3614419 0.61866874
vt 0.35019317 0.64244926
vt 0.35448727 0.6391644
vt 0.36637336 0.62784934
vt 0.36017114 0.6379658
vt 0.37603614 0.6069556
vt 0.3943528 0.5720178
vt 0.38847053 0.588161
vt 0.3654983 0.6351065
vt 0.78458124 0.06792289
vt 0.80307996 0.053221166
vt 0.79391766 0.06521636
vt 0.80370814 0.061062813
vt 0.8052089 0.0741055
vt 0.83256406 0.04815811
vt 0.83128077 0.07967049
vt 0.83661693 0.035344005
vt 0.8215009 0.08898234
vt 0.8613147 0.04637146
vt 0.8610731 0.025156736
vt 0.82032084 0.09720534
vt 0.8130381 0.087659776
vt 0.8780415 0.031019747
vt 0.88278687 0.010335922
vt 0.83225083 0.108501375
vt 0.825453 0.11274099
vt 0.8921283 0.010570765
vt 0.8937127 0.0038430095
vt 0.8915492 0.019538224
vt 0.8552296 0.1066376
vt 0.86500496 0.07841915
vt 0.88197273 0.057202995
vt 0.83488 0.1219905
vt 0.82834715 0.12912434
vt 0.8282032 0.12271249
vt 0.8976538 0.00031727552
vt 0.8990618 0.008630931
vt 0.89508134 0.004585266
vt 0.06503807 0.8670685
vt 0.058021348 0.86460066
vt 0.064038426 0.8632614
vt 0.05361675 0.8670685
vt 0.90601283 0.0044139028
vt 0.9099354 0.0017876625
vt 0.89248866 0.009429514
vt 0.89654845 0.01955986
vt 0.90455633 0.01331228
vt 0.8506404 0.1160537
vt 0.9108502 0.00948441
vt 0.89888185 0.049455643
vt 0.8994074 0.030621469
vt 0.9104027 0.03355372
vt 0.8984118 0.07848513
vt 0.87707084 0.10499197
vt 0.86784214 0.11314142
vt 0.90858155 0.059776485
vt 0.88194174 0.113903224
vt 0.91060054 0.085380316
vt 0.8970926 0.1067307
vt 0.89904064 0.1166566
vt 0.9108502 0.10758698
vt 0.9078476 0.11943954
vt 0.9101474 0.12613541
vt 0.0694797 0.83280456
vt 0.0694797 0.8486675
vt 0.07455584 0.83950233
vt 0.056047056 0.83310485
vt 0.052531917 0.82477874
vt 0.06246596 0.8273263
vt 0.05699088 0.8199983
vt 0.062712096 0.83515286
vt 0.04917513 0.8194797
vt 0.068845175 0.8346011
vt 0.06806536 0.8293622
vt 0.056829635 0.8477806
vt 0.06501648 0.84373057
vt 0.06141152 0.85824084
vt 0.054955337 0.8607234
vt 0.04917513 0.86031824
vt 0.06567259 0.8537437
vt 0.06567259 0.8670685
vt 0.0694797 0.86232847
vt 0.89970195 0.19131029
vt 0.9057235 0.19843864
vt 0.8916321 0.20060104
vt 0.9127653 0.19107962
vt 0.8949339 0.19096845
vt 0.8916199 0.18581402
vt 0.89797693 0.17858195
vt 0.879767 0.19045573
vt 0.85963476 0.18003547
vt 0.8754537 0.18288076
vt 0.92265105 0.18699563
vt 0.93282026 0.20336294
vt 0.89095366 0.19399756
vt 0.8866107 0.19095182
vt 0.8836122 0.1785757
vt 0.8620641 0.17148411
vt 0.8403168 0.16826844
vt 0.9376591 0.18717456
vt 0.9148212 0.1756059
vt 0.84265035 0.16167456
vt 0.8279944 0.15779448
vt 0.86699903 0.16721559
vt 0.82339656 0.16396135
vt 0.8818013 0.16891992
vt 0.81606543 0.15547287
vt 0.8256863 0.15122503
vt 0.9308342 0.17154914
vt 0.81594867 0.151506
vt 0.845803 0.15652901
vt 0.89268047 0.16792136
vt 0.91163796 0.16844195
vt 0.9513144 0.14815986
vt 0.94306815 0.16043049
vt 0.9422171 0.14938301
vt 0.9565355 0.1543997
vt 0.95250815 0.16445732
vt 0.8099619 0.15178007
vt 0.81298083 0.14815986
vt 0.9277012 0.16260898
vt 0.91058874 0.16259998
vt 0.9260646 0.15587258
vt 0.046516478 0.82795924
vt 0.04229848 0.830901
vt 0.04299494 0.8243149
vt 0.047271546 0.81792015
vt 0.043736573 0.81334364
vt 0.047271572 0.8026906
vt 0.037753806 0.8155591
vt 0.038175784 0.80216455
vt 0.039162125 0.7909264
vt 0.08770064 0.7295465
vt 0.08774646 0.7385578
vt 0.07807078 0.7273233
vt 0.10001035 0.7171282
vt 0.095779516 0.71515936
vt 0.09817179 0.710542
vt 0.099482045 0.73819673
vt 0.1033117 0.7312074
vt 0.10545498 0.7173322
vt 0.09856527 0.707839
vt 0.098763905 0.7232395
vt 0.09037726 0.7196366
vt 0.082553826 0.7168173
vt 0.07693224 0.7162859
vt 0.11021304 0.7293329
vt 0.11717217 0.72592366
vt 0.11857609 0.7363384
vt 0.10662233 0.7385302
vt 0.104882516 0.7358085
vt 0.09187937 0.7124527
vt 0.109148055 0.7125611
vt 0.08254734 0.70890266
vt 0.070476055 0.7099876
vt 0.061966166 0.71166056
vt 0.0702029 0.7041222
vt 0.061230965 0.7030095
vt 0.06818259 0.71729755
vt 0.065435596 0.70019037
vt 0.06594826 0.7230766
vt 0.115924954 0.742703
vt 0.11691666 0.7101864
vt 0.12041118 0.7414318
vt 0.12765011 0.71690404
vt 0.12785237 0.734253
vt 0.12482634 0.7039094
vt 0.121049106 0.7009924
vt 0.13102792 0.7001904
vt 0.10531961 0.7074446
vt 0.017584844 0.9090384
vt 0.021153813 0.91719544
vt 0.011460413 0.91073793
vt 0.029105186 0.904892
vt 0.03577051 0.91719544
vt 0.043807305 0.9103278
vt 0.009692891 0.9045835
vt 0.010368707 0.9010677
vt 0.041005526 0.9044597
vt 0.05107868 0.9086138
vt 0.00031725888 0.8972062
vt 0.008104195 0.89673346
vt 0.05059412 0.9054844
vt 0.006830185 0.88767046
vt 0.02003027 0.89561903
vt 0.012443808 0.8899811
vt 0.045326997 0.90048504
vt 0.050182436 0.9006071
vt 0.035361968 0.8966135
vt 0.044811316 0.89202774
vt 0.017737063 0.8886067
vt 0.025504673 0.8873731
vt 0.033778775 0.8902619
vt 0.058058377 0.8041529
vt 0.04917513 0.8084808
vt 0.049175154 0.795368
vt 0.056923945 0.81855434
vt 0.051578492 0.81884515
vt 0.029153805 0.8867386
vt 0.020810619 0.88461745
vt 0.024419528 0.8778297
vt 0.011561212 0.882855
vt 0.0327998 0.8784586
vt 0.04310076 0.87410986
vt 0.0053534554 0.87916726
vt 0.00031725888 0.8867386
vt 0.017749242 0.87516767
vt 0.0003515579 0.88097155
vt 0.010565661 0.8710888
vt 0.03533105 0.869616
vt 0.04766495 0.8721665
vt 0.0028465067 0.86867803
vt 0.04500413 0.86389
vt 0.024949992 0.86762476
vt 0.05678934 0.86997056
vt 0.01725951 0.86135787
vt 0.91328275 0.78323466
vt 0.9113486 0.7602285
vt 0.9228676 0.78421146
vt 0.9174885 0.7971869
vt 0.9129589 0.7418105
vt 0.90767765 0.74020237
vt 0.91682917 0.7561249
vt 0.91039467 0.72721624
vt 0.9139476 0.72430205
vt 0.9183994 0.73327875
vt 0.91804427 0.74153656
vt 0.9200597 0.8078047
vt 0.92424655 0.7407887
vt 0.92289394 0.7531045
vt 0.93104017 0.7773655
vt 0.9262309 0.7489788
vt 0.9303975 0.80510753
vt 0.91843355 0.8267305
vt 0.9374472 0.8013927
vt 0.90922624 0.84152967
vt 0.9232593 0.8360484
vt 0.9414518 0.79860365
vt 0.9417102 0.8080339
vt 0.94549376 0.8056546
vt 0.9376342 0.8220267
vt 0.93722713 0.8135953
vt 0.90767765 0.8512056
vt 0.93690133 0.75577205
vt 0.9245096 0.8506612
vt 0.9443779 0.83808506
vt 0.94769025 0.82907134
vt 0.96288073 0.82969874
vt 0.95169944 0.8116734
vt 0.9423464 0.81309205
vt 0.048970338 0.622659
vt 0.0512202 0.61135787
vt 0.056074165 0.612213
vt 0.07038219 0.6328752
vt 0.05842084 0.6229513
vt 0.060728554 0.61321485
vt 0.06101515 0.6338631
vt 0.043015495 0.62376714
vt 0.03435269 0.6245159
vt 0.04394848 0.6158599
vt 0.07392132 0.64942896
vt 0.06186328 0.6432321
vt 0.050514527 0.6292339
vt 0.035471246 0.62989223
vt 0.031853154 0.63833094
vt 0.018083757 0.64895564
vt 0.024699295 0.638247
vt 0.056427274 0.6353578
vt 0.041443046 0.64519143
vt 0.04509193 0.63433987
vt 0.027497819 0.62920207
vt 0.026725275 0.64942896
vt 0.009467172 0.7509902
vt 0.00031725888 0.7515863
vt 0.015054322 0.7448452
vt 0.02795235 0.7472076
vt 0.031239016 0.7422476
vt 0.04435214 0.7427528
vt 0.042843625 0.74897707
vt 0.05773289 0.74621135
vt 0.060293283 0.7416627
vt 0.058368392 0.7514917
vt 0.06649477 0.7467013
vt 0.07001633 0.7515863
vt 0.06879204 0.74143404
vt 0.075419284 0.7445402
vt 0.07709391 0.75090307
vt 0.99112505 0.8878098
vt 0.9834543 0.88308865
vt 0.9946066 0.8778553
vt 0.9831347 0.8963869
vt 0.95967937 0.8927801
vt 0.93761045 0.9027423
vt 0.96006674 0.9082265
vt 0.923905 0.9142682
vt 0.92529714 0.9067612
vt 0.9300953 0.90713555
vt 0.93933386 0.91178083
vt 0.93518895 0.91684055
vt 0.9891562 0.89960295
vt 0.9283594 0.9222854
vt 0.9184645 0.92095375
vt 0.98420167 0.91368544
vt 0.9623715 0.92244613
vt 0.94966066 0.925821
vt 0.93948054 0.9293064
vt 0.95367694 0.9321238
vt 0.98299605 0.9295704
vt 0.9722866 0.9341933
vt 0.966484 0.9398265
vt 0.9891541 0.939706
vt 0.9846791 0.942802
vt 0.9946066 0.9444797
vt 0.020591363 0.96541876
vt 0.018718274 0.94952136
vt 0.027544942 0.9424449
vt 0.021382475 0.9325825
vt 0.027246041 0.92532873
vt 0.032677665 0.9230984
vt 0.018718336 0.92032635
vt 0.028799932 0.91782993
vt 0.07455584 0.8562817
vt 0.07455584 0.84739846
vt 0.06567259 0.85236096
vt 0.79697835 0.94738334
vt 0.8190612 0.94782716
vt 0.81502134 0.9635152
vt 0.77859 0.9560746
vt 0.7756357 0.9354555
vt 0.80002034 0.92447704
vt 0.76048774 0.9462073
vt 0.84001786 0.9327263
vt 0.8391142 0.94589984
vt 0.7730514 0.9176529
vt 0.8246491 0.92087597
vt 0.7549103 0.9305797
vt 0.75746846 0.9171313
vt 0.8177213 0.91045815
vt 0.7834454 0.8959924
vt 0.7461921 0.93635666
vt 0.7270368 0.9147947
vt 0.7230965 0.9418045
vt 0.80377585 0.9001339
vt 0.745545 0.9141013
vt 0.76107615 0.88875806
vt 0.70519304 0.9206139
vt 0.6980464 0.94545114
vt 0.688058 0.9602261
vt 0.67163473 0.94682926
vt 0.73669684 0.88626754
vt 0.7108459 0.8989399
vt 0.6750354 0.9153282
vt 0.7909681 0.865004
vt 0.6885727 0.89541066
vt 0.65679336 0.93016976
vt 0.6521855 0.9579742
vt 0.6367594 0.94204605
vt 0.6303912 0.9616397
vt 0.7417815 0.86779135
vt 0.76060635 0.8523242
vt 0.7097338 0.86622846
vt 0.6397511 0.9214889
vt 0.64641774 0.90586495
vt 0.6118809 0.94281596
vt 0.60618055 0.9635152
vt 0.665516 0.888872
vt 0.57943726 0.9418262
vt 0.7736796 0.8421153
vt 0.61915284 0.9150975
vt 0.682104 0.8748763
vt 0.7885843 0.84441936
vt 0.7440263 0.8540854
vt 0.72891045 0.8531916
vt 0.7381277 0.8526602
vt 0.79027677 0.8395924
vt 0.77363116 0.83462554
vt 0.6940074 0.8550952
vt 0.79007393 0.8320147
vt 0.77160054 0.81533533
vt 0.7508407 0.83764285
vt 0.783699 0.8165632
vt 0.73973787 0.8418742
vt 0.74341226 0.84127235
vt 0.65608984 0.88153213
vt 0.6329151 0.8976921
vt 0.7610934 0.8358736
vt 0.75714546 0.82127553
vt 0.5948779 0.9107827
vt 0.7330258 0.84023136
vt 0.5493861 0.94711465
vt 0.5554777 0.9385567
vt 0.78795177 0.7968083
vt 0.77561736 0.79642606
vt 0.6586606 0.865388
vt 0.5691164 0.92664
vt 0.6344866 0.88582927
vt 0.712508 0.83430654
vt 0.61832094 0.88057524
vt 0.67112106 0.84098274
vt 0.75003546 0.8247905
vt 0.7432313 0.8300909
vt 0.76308405 0.79918265
vt 0.6892271 0.8351763
vt 0.539221 0.93600637
vt 0.6318256 0.8601914
vt 0.55120164 0.92143893
vt 0.75477 0.8109126
vt 0.7389348 0.82307154
vt 0.5299678 0.9486868
vt 0.7440491 0.8292502
vt 0.65396446 0.8490213
vt 0.56964505 0.9081286
vt 0.7573035 0.79927427
vt 0.5158574 0.9419594
vt 0.5793366 0.8910262
vt 0.5202428 0.9292406
vt 0.701902 0.8091038
vt 0.7274079 0.80685633
vt 0.6408494 0.8346326
vt 0.60092837 0.8639604
vt 0.67403626 0.8206608
vt 0.54505116 0.90928876
vt 0.49651015 0.9400689
vt 0.49887347 0.94740576
vt 0.55134135 0.8913296
vt 0.66817456 0.79821676
vt 0.61934835 0.837466
vt 0.65051013 0.8125897
vt 0.56289506 0.8778876
vt 0.5818259 0.8562549
vt 0.704592 0.7880805
vt 0.73161286 0.79057544
vt 0.68710655 0.7753344
vt 0.86731225 0.75439394
vt 0.8765863 0.7619309
vt 0.8562754 0.7569636
vt 0.8534977 0.76542956
vt 0.87101567 0.7686819
vt 0.849252 0.75056535
vt 0.8600635 0.7710993
vt 0.833027 0.7523379
vt 0.83220214 0.7464085
vt 0.83251333 0.76571685
vt 0.81176776 0.75139606
vt 0.8115068 0.7445758
vt 0.80583215 0.7721015
vt 0.786586 0.74103427
vt 0.7885938 0.7581782
vt 0.7869822 0.7849326
vt 0.7781135 0.7692719
vt 0.78795177 0.7968083
vt 0.77561736 0.79642606
vt 0.77123016 0.7803676
vt 0.76731247 0.7350888
vt 0.76308405 0.79918265
vt 0.762016 0.7876456
vt 0.7665525 0.7498013
vt 0.7622803 0.7594989
vt 0.7576669 0.7375685
vt 0.75869346 0.74386865
vt 0.7617863 0.7704667
vt 0.75573623 0.7513444
vt 0.7559577 0.77633846
vt 0.7573035 0.79927427
vt 0.7557555 0.76011634
vt 0.75422364 0.76611406
vt 0.751824 0.74482524
vt 0.7507208 0.7384964
vt 0.74696463 0.7550987
vt 0.7525539 0.7513951
vt 0.745584 0.76128346
vt 0.61748356 0.40928078
vt 0.6227224 0.42982155
vt 0.6084898 0.42393684
vt 0.61377823 0.4442079
vt 0.5908006 0.4388364
vt 0.6374957 0.4121065
vt 0.5975583 0.41442406
vt 0.59435385 0.46034265
vt 0.6361407 0.3969357
vt 0.60365814 0.39339054
vt 0.6205984 0.39342988
vt 0.6488102 0.39215195
vt 0.61404413 0.3817985
vt 0.6622454 0.39803016
vt 0.65227115 0.42105544
vt 0.6302576 0.37892878
vt 0.6603212 0.3821212
vt 0.656998 0.36484903
vt 0.64223707 0.37512016
vt 0.67111576 0.4229499
vt 0.68162173 0.37245107
vt 0.67595845 0.35622883
vt 0.6266221 0.36555052
vt 0.6766081 0.39553028
vt 0.67314565 0.43936026
vt 0.6832219 0.4514283
vt 0.6623305 0.45555496
vt 0.69347507 0.38453496
vt 0.68669397 0.43240762
vt 0.69405925 0.438501
vt 0.707812 0.4198805
vt 0.7034504 0.43760192
vt 0.716119 0.43088776
vt 0.69424623 0.41815877
vt 0.67788076 0.42703068
vt 0.6602825 0.3463534
vt 0.69574 0.35125852
vt 0.666677 0.33509928
vt 0.7021722 0.4008034
vt 0.71274483 0.39430153
vt 0.6884274 0.41550678
vt 0.7283677 0.41155052
vt 0.6956283 0.4011886
vt 0.6832507 0.3337183
vt 0.7149518 0.37214196
vt 0.6355812 0.35395944
vt 0.7036846 0.38623726
vt 0.72568774 0.43814445
vt 0.6769363 0.31219608
vt 0.735304 0.43189216
vt 0.69391185 0.32461488
vt 0.7069053 0.3361082
vt 0.7106202 0.35339314
vt 0.7287331 0.38445747
vt 0.6885557 0.29745442
vt 0.74259716 0.42424726
vt 0.7262025 0.35693866
vt 0.70923 0.32100415
vt 0.74217373 0.40263796
vt 0.73533714 0.37562376
vt 0.727057 0.3390391
vt 0.70303035 0.30027193
vt 0.6706085 0.29848635
vt 0.7544965 0.3856597
vt 0.6809116 0.2816453
vt 0.7452271 0.3657149
vt 0.7240215 0.31494033
vt 0.6873466 0.2682857
vt 0.7415397 0.35323775
vt 0.6970021 0.270333
vt 0.70205605 0.2813095
vt 0.71580476 0.28380966
vt 0.74020123 0.3305236
vt 0.74188775 0.2821231
vt 0.7477613 0.31150734
vt 0.75729024 0.35789675
vt 0.7656547 0.33469987
vt 0.7579405 0.28911328
vt 0.6991689 0.25833946
vt 0.7073261 0.2628181
vt 0.77793574 0.30885446
vt 0.72735775 0.2689718
vt 0.7743187 0.43567693
vt 0.76894283 0.40927774
vt 0.7741728 0.41358888
vt 0.7183293 0.25576985
vt 0.7733313 0.3594097
vt 0.7688728 0.3938508
vt 0.7821844 0.42557287
vt 0.765825 0.27259922
vt 0.76399416 0.37862045
vt 0.7702037 0.37325257
vt 0.7329801 0.25165826
vt 0.7500993 0.2582746
vt 0.7771782 0.3859167
vt 0.78232205 0.40503228
vt 0.7838667 0.2788068
vt 0.705444 0.24387467
vt 0.74189985 0.2477786
vt 0.798324 0.3300706
vt 0.7848578 0.37649333
vt 0.7896863 0.35939848
vt 0.7646723 0.2600366
vt 0.71937424 0.23966247
vt 0.77627325 0.27072155
vt 0.80360806 0.28894436
vt 0.9111281 0.3087052
vt 0.9205887 0.315589
vt 0.9151891 0.32037455
vt 0.9326842 0.305027
vt 0.77475464 0.25588942
vt 0.9257787 0.29102027
vt 0.93239146 0.32507956
vt 0.9086407 0.29695034
vt 0.8190005 0.3226365
vt 0.89927804 0.3110566
vt 0.9066472 0.3205148
vt 0.9121835 0.3299333
vt 0.9222513 0.33476698
vt 0.7294555 0.2355442
vt 0.9152503 0.28324008
vt 0.9045737 0.32615888
vt 0.76017743 0.24350572
vt 0.90065515 0.29173988
vt 0.74343413 0.23259056
vt 0.9391953 0.28364182
vt 0.82383496 0.29979426
vt 0.8953361 0.33142924
vt 0.91107947 0.3374604
vt 0.9023357 0.35303056
vt 0.9292904 0.2727955
vt 0.89520264 0.31964642
vt 0.9182463 0.34770334
vt 0.94618064 0.29562616
vt 0.81314164 0.26388675
vt 0.9105344 0.2761351
vt 0.9458538 0.30927718
vt 0.79214996 0.25590003
vt 0.8875735 0.30267072
vt 0.86790985 0.31618047
vt 0.8773363 0.32594776
vt 0.82623196 0.3503487
vt 0.8780552 0.33830416
vt 0.77106076 0.23901129
vt 0.8254889 0.2771114
vt 0.8664054 0.2977928
vt 0.9208258 0.25512242
vt 0.83943456 0.30978137
vt 0.7190427 0.2293449
vt 0.8374988 0.2944137
vt 0.9438035 0.3265028
vt 0.9561845 0.3264135
vt 0.9479977 0.33908737
vt 0.83822274 0.3284948
vt 0.9337313 0.34786355
vt 0.95497286 0.30355644
vt 0.85776216 0.30490553
vt 0.85314006 0.32244205
vt 0.96223 0.30851007
vt 0.9362175 0.33904135
vt 0.9589852 0.33883232
vt 0.79054683 0.23711544
vt 0.93199915 0.24964893
vt 0.8475062 0.2802781
vt 0.8464211 0.34690934
vt 0.86588067 0.34306014
vt 0.8812405 0.28885847
vt 0.95565647 0.28000253
vt 0.96937114 0.32316494
vt 0.94623005 0.26191533
vt 0.97263634 0.30112767
vt 0.94593406 0.3559811
vt 0.9644657 0.2922448
vt 0.83987784 0.26768064
vt 0.97415465 0.2906769
vt 0.8694015 0.28281152
vt 0.8303421 0.25628477
vt 0.8578474 0.2727995
vt 0.8071689 0.2380417
vt 0.95668954 0.35046202
vt 0.978045 0.31236017
vt 0.9672701 0.28225428
vt 0.9808202 0.29306543
vt 0.96667874 0.26126778
vt 0.8735551 0.27122784
vt 0.8807939 0.27480644
vt 0.97638047 0.27671206
vt 0.94859684 0.24357122
vt 0.8536933 0.25995302
vt 0.84626025 0.2501644
vt 0.94218266 0.23009479
vt 0.94805205 0.23543495
vt 0.9837805 0.27921116
vt 0.87154824 0.25996757
vt 0.82597446 0.24247861
vt 0.92990106 0.23415798
vt 0.94795847 0.2096672
vt 0.9520682 0.21364117
vt 0.9615463 0.24626845
vt 0.97629535 0.26257968
vt 0.96100724 0.18561089
vt 0.95995903 0.20363045
vt 0.9614887 0.22136605
vt 0.9746185 0.16766423
vt 0.9725526 0.1782645
vt 0.9647266 0.23445642
vt 0.97685033 0.19663978
vt 0.9649974 0.1716649
vt 0.9679562 0.20638657
vt 0.9755446 0.21634102
vt 0.97493815 0.25049448
vt 0.9885165 0.1635105
vt 0.97811186 0.23426008
vt 0.992246 0.1672172
vt 0.9879177 0.17911828
vt 0.9850722 0.16012722
vt 0.9968073 0.16259784
vt 0.9896072 0.19251263
vt 0.9862189 0.22278446
vt 0.98621494 0.20541906
vt 0.9996827 0.16889465
vt 0.99377644 0.1803388
vt 0.99123365 0.20650244
vt 0.59456027 0.3855694
vt 0.61404413 0.3817985
vt 0.60365814 0.39339054
vt 0.61047816 0.36387807
vt 0.57724017 0.39259005
vt 0.58242285 0.37345397
vt 0.6266221 0.36555052
vt 0.656998 0.36484903
vt 0.64223707 0.37512016
vt 0.6499844 0.35713023
vt 0.5991197 0.3687461
vt 0.56603277 0.39055622
vt 0.6602825 0.3463534
vt 0.56350946 0.3796451
vt 0.65209204 0.3383938
vt 0.5496189 0.39378023
vt 0.595872 0.3571803
vt 0.666677 0.33509928
vt 0.6355812 0.35395944
vt 0.6238348 0.3495723
vt 0.6069603 0.3501389
vt 0.57943827 0.36379147
vt 0.5485653 0.3644315
vt 0.66128576 0.32131577
vt 0.6332493 0.33881545
vt 0.6470592 0.32204574
vt 0.5185652 0.38014495
vt 0.6769363 0.31219608
vt 0.61204416 0.33938396
vt 0.5743013 0.35262036
vt 0.6706085 0.29848635
vt 0.6232759 0.32378376
vt 0.59147304 0.34381688
vt 0.65411395 0.3096919
vt 0.5794938 0.33596253
vt 0.5167812 0.35656035
vt 0.63837993 0.32057357
vt 0.50397426 0.3677503
vt 0.54568046 0.34434533
vt 0.6474826 0.30294967
vt 0.66020185 0.29988432
vt 0.597189 0.33145118
vt 0.5970698 0.32124555
vt 0.5553992 0.3233056
vt 0.6371934 0.31315386
vt 0.52575123 0.34355646
vt 0.65883315 0.2889852
vt 0.6087855 0.30370855
vt 0.5015832 0.36075675
vt 0.49097168 0.3766662
vt 0.6345881 0.2959165
vt 0.6667126 0.27833962
vt 0.6809116 0.2816453
vt 0.49528077 0.3587253
vt 0.5030089 0.3477332
vt 0.6571635 0.28122842
vt 0.6755069 0.27047527
vt 0.56877804 0.31929922
vt 0.48022503 0.3598646
vt 0.49060664 0.34737837
vt 0.6873466 0.2682857
vt 0.6238576 0.2845316
vt 0.6464108 0.27603734
vt 0.5781995 0.30454922
vt 0.50772285 0.33553922
vt 0.52714115 0.33100486
vt 0.5330862 0.3172562
vt 0.6691131 0.26092982
vt 0.4988518 0.33048755
vt 0.6516524 0.26801652
vt 0.6046942 0.27847123
vt 0.6791943 0.26047975
vt 0.45051235 0.36037338
vt 0.4556131 0.3728596
vt 0.44641808 0.36361176
vt 0.5142794 0.3187282
vt 0.63871825 0.26826084
vt 0.47741973 0.33354175
vt 0.65925217 0.2599628
vt 0.45228374 0.3496015
vt 0.4605069 0.34721327
vt 0.58292514 0.28730655
vt 0.54188925 0.30175447
vt 0.5374363 0.30914617
vt 0.4396873 0.35711002
vt 0.6906804 0.25160086
vt 0.6991689 0.25833946
vt 0.6496028 0.25288123
vt 0.67067593 0.24804485
vt 0.46769413 0.33513677
vt 0.6205658 0.25667536
vt 0.49658892 0.31755316
vt 0.44728154 0.3305742
vt 0.6838689 0.24939626
vt 0.5576236 0.28522533
vt 0.46586224 0.32395983
vt 0.490149 0.32657564
vt 0.42075232 0.3453864
vt 0.58879465 0.27243537
vt 0.52027696 0.29734707
vt 0.48284546 0.31892246
vt 0.5162976 0.3075422
vt 0.57084364 0.27660465
vt 0.6832036 0.2368064
vt 0.6910018 0.24405271
vt 0.5364646 0.29032755
vt 0.49773133 0.31088513
vt 0.48108312 0.31136298
vt 0.4950484 0.2958508
vt 0.63746405 0.24502724
vt 0.5552957 0.26943386
vt 0.41985682 0.32538152
vt 0.4649442 0.29936087
vt 0.69346195 0.23286426
vt 0.5791508 0.26131308
vt 0.53550965 0.27654588
vt 0.6002341 0.2532935
vt 0.4357807 0.3084687
vt 0.7035532 0.23734307
vt 0.6589708 0.23000121
vt 0.62852514 0.23385984
vt 0.50417346 0.27959597
vt 0.70540977 0.22802871
vt 0.39381695 0.30197358
vt 0.3872141 0.33022904
vt 0.67160726 0.22892845
vt 0.6420172 0.23306894
vt 0.44044402 0.28662002
vt 0.6789638 0.22118384
vt 0.58913684 0.24424964
vt 0.42193833 0.29693842
vt 0.6911466 0.22086948
vt 0.6121647 0.23162454
vt 0.48026893 0.27064312
vt 0.5685737 0.24613214
vt 0.5223576 0.26285875
vt 0.5422397 0.25302154
vt 0.668008 0.2187599
vt 0.41562048 0.27941334
vt 0.7093221 0.21366858
vt 0.6388685 0.22236586
vt 0.6941929 0.20728558
vt 0.5698346 0.22969067
vt 0.54580677 0.2380001
vt 0.5857437 0.22462624
vt 0.51780206 0.24578708
vt 0.6534414 0.21453226
vt 0.6771559 0.20907491
vt 0.62398946 0.21461439
vt 0.45500845 0.25689918
vt 0.3879714 0.2787856
vt 0.644496 0.20864224
vt 0.66503257 0.20743799
vt 0.60322964 0.21869051
vt 0.532034 0.2319802
vt 0.6342466 0.2097674
vt 0.71115816 0.1971556
vt 0.4962446 0.24264252
vt 0.43247366 0.24656105
vt 0.4797132 0.24721432
vt 0.70078903 0.19147015
vt 0.71965975 0.20606875
vt 0.395702 0.2578951
vt 0.6789051 0.19863474
vt 0.65544593 0.19463742
vt 0.6193117 0.20193493
vt 0.41295892 0.25982624
vt 0.592018 0.20241845
vt 0.55823326 0.21287602
vt 0.66715896 0.19461238
vt 0.5102391 0.22083485
vt 0.6896372 0.1882338
vt 0.54274964 0.21153605
vt 0.48116168 0.22165275
vt 0.6442749 0.195068
vt 0.6348816 0.1911965
vt 0.52795553 0.2089811
vt 0.67729574 0.18446791
vt 0.45175162 0.22112328
vt 0.40476722 0.23294932
vt 0.6010165 0.18372762
vt 0.56889045 0.18681729
vt 0.6636696 0.18276703
vt 0.6224326 0.18115592
vt 0.5061813 0.19811732
vt 0.42533678 0.21786517
vt 0.5404959 0.18460166
vt 0.14044091 0.46034265
vt 0.13411783 0.43968785
vt 0.1692662 0.44656795
vt 0.095593534 0.45844662
vt 0.079259284 0.44046617
vt 0.060224835 0.4600526
vt 0.14884143 0.41744167
vt 0.118259795 0.40931273
vt 0.047362912 0.4577608
vt 0.05792947 0.44828874
vt 0.057090964 0.42620486
vt 0.2903003 0.38601273
vt 0.2609466 0.37978095
vt 0.2620724 0.35122317
vt 0.15168108 0.38667357
vt 0.1692305 0.40386236
vt 0.22533132 0.40454602
vt 0.18329324 0.38469583
vt 0.20319244 0.38423765
vt 0.33726215 0.34628958
vt 0.31048077 0.36092657
vt 0.30129832 0.3251415
vt 0.34328336 0.31624377
vt 0.36411196 0.31673265
vt 0.2150883 0.35053325
vt 0.07731107 0.4050663
vt 0.13103388 0.37944692
vt 0.3872141 0.33022904
vt 0.39381695 0.30197358
vt 0.17415632 0.35195136
vt 0.3210775 0.31513166
vt 0.055318426 0.4062
vt 0.24541698 0.32077777
vt 0.14884688 0.35843128
vt 0.106596135 0.37284464
vt 0.068489335 0.3831272
vt 0.35458055 0.28162402
vt 0.33014074 0.29469246
vt 0.36989132 0.28770316
vt 0.27953076 0.30593783
vt 0.09509737 0.35835457
vt 0.3879714 0.2787856
vt 0.30693707 0.28491879
vt 0.18997683 0.31477988
vt 0.21369457 0.3057993
vt 0.13419332 0.33926743
vt 0.062326614 0.36937535
vt 0.08087864 0.3549391
vt 0.042282008 0.36085522
vt 0.03884607 0.37674743
vt 0.3759335 0.26222456
vt 0.022941094 0.37427557
vt 0.24831758 0.29385495
vt 0.33381826 0.26318288
vt 0.15176915 0.3172297
vt 0.009133847 0.36718762
vt 0.395702 0.2578951
vt 0.059113465 0.34125805
vt 0.2801172 0.2812541
vt 0.11801481 0.32367653
vt 0.022770727 0.34375018
vt 0.35694766 0.25508535
vt 0.08607788 0.3278963
vt 0.0011485349 0.36057127
vt 0.28045988 0.2513951
vt 0.13075571 0.29939902
vt 0.00031725888 0.34205198
vt 0.16541304 0.28956342
vt 0.2603718 0.26712203
vt 0.23037533 0.2636767
vt 0.10495987 0.30639124
vt 0.042700287 0.32671452
vt 0.065922156 0.31080472
vt 0.37408257 0.23910743
vt 0.34730926 0.23139465
vt 0.2005403 0.26951396
vt 0.40476722 0.23294932
vt 0.3049371 0.2488752
vt 0.15597281 0.26398146
vt 0.032163884 0.316355
vt 0.0716834 0.29372674
vt 0.097888485 0.28449798
vt 0.0103283245 0.32369423
vt 0.3130116 0.23068082
vt 0.045093328 0.30093777
vt 0.026676802 0.307366
vt 0.010606891 0.30903852
vt 0.24807234 0.24196911
vt 0.11707845 0.27143216
vt 0.38536853 0.21179068
vt 0.3665524 0.2156303
vt 0.054126777 0.28042585
vt 0.023072429 0.28802902
vt 0.29070088 0.23073345
vt 0.22579563 0.23120815
vt 0.0053735906 0.29389977
vt 0.32528076 0.21665066
vt 0.17433399 0.24165863
vt 0.084989704 0.26157743
vt 0.19772947 0.24441493
vt 0.27227682 0.22361529
vt 0.048729137 0.2576992
vt 0.02737094 0.26724088
vt 0.342719 0.19904149
vt 0.12170151 0.24705583
vt 0.011733308 0.27800727
vt 0.25642866 0.20311594
vt 0.30451664 0.20474565
vt 0.15166411 0.24163783
vt 0.32217166 0.19607925
vt 0.19865577 0.21962416
vt 0.36244848 0.18855107
vt 0.09346004 0.23576188
vt 0.06986279 0.23850793
vt 0.17342822 0.21556556
vt 0.031276923 0.24251068
vt 0.28208837 0.19431555
vt 0.22251485 0.19627237
vt 0.13421325 0.22403896
vt 0.051097833 0.2343384
vt 0.015939102 0.24958146
vt 0.009096988 0.24484622
vt 0.025807658 0.2239731
vt 0.04332728 0.2266103
vt 0.0009465579 0.23912227
vt 0.060286395 0.21491885
vt 0.012346762 0.22114682
vt 0.078142084 0.21952409
vt 0.07956982 0.19813085
vt 0.101304404 0.20395148
vt 0.049921762 0.20870739
vt 0.6991689 0.25833946
vt 0.6906804 0.25160086
vt 0.705444 0.24387467
vt 0.6910018 0.24405271
vt 0.6838689 0.24939626
vt 0.7035532 0.23734307
vt 0.71937424 0.23966247
vt 0.71477884 0.23542672
vt 0.70540977 0.22802871
vt 0.7190427 0.2293449
vt 0.7294555 0.2355442
vt 0.7330949 0.22296262
vt 0.74343413 0.23259056
vt 0.76017743 0.24350572
vt 0.7534224 0.22354555
vt 0.77133006 0.23016405
vt 0.72136205 0.21835732
vt 0.77106076 0.23901129
vt 0.79054683 0.23711544
vt 0.7093221 0.21366858
vt 0.741288 0.21533597
vt 0.8578474 0.2727995
vt 0.87154824 0.25996757
vt 0.8735551 0.27122784
vt 0.77153915 0.22184789
vt 0.78731394 0.22437096
vt 0.72700095 0.21148646
vt 0.7577648 0.21005863
vt 0.8825987 0.25948334
vt 0.8807939 0.27480644
vt 0.71965975 0.20606875
vt 0.73533034 0.20583099
vt 0.79935306 0.22344792
vt 0.7935806 0.21199483
vt 0.8071689 0.2380417
vt 0.84626025 0.2501644
vt 0.86245126 0.24839365
vt 0.8536933 0.25995302
vt 0.82597446 0.24247861
vt 0.8359649 0.23718083
vt 0.8151897 0.22420979
vt 0.8777156 0.24713236
vt 0.7278286 0.20087564
vt 0.75088495 0.19875348
vt 0.7739203 0.19483119
vt 0.8566236 0.23124337
vt 0.7261832 0.19009405
vt 0.73636997 0.19310552
vt 0.71115816 0.1971556
vt 0.8288098 0.2192927
vt 0.819991 0.20945358
vt 0.88894755 0.24362808
vt 0.8775264 0.22964263
vt 0.8858819 0.24135852
vt 0.79556996 0.19152093
vt 0.80950457 0.19379371
vt 0.841356 0.21089256
vt 0.7656936 0.18225712
vt 0.7503703 0.18578798
vt 0.7146734 0.18097526
vt 0.7381271 0.18175876
vt 0.8916041 0.23022139
vt 0.88875586 0.229352
vt 0.70078903 0.19147015
vt 0.82776344 0.20062685
vt 0.85406727 0.20990902
vt 0.86641973 0.21461272
vt 0.706883 0.17527068
vt 0.7224331 0.17665148
vt 0.783544 0.18000376
vt 0.886466 0.2185933
vt 0.8943528 0.2221806
vt 0.7439912 0.17461443
vt 0.84641504 0.1955064
vt 0.7298464 0.1735186
vt 0.7156073 0.16654873
vt 0.8184382 0.18424022
vt 0.79367214 0.17699051
vt 0.8805915 0.20621336
vt 0.75724953 0.17273504
vt 0.8694649 0.20127201
vt 0.7653387 0.16727674
vt 0.893984 0.2038222
vt 0.73917615 0.16549057
vt 0.77380836 0.16016638
vt 0.75678015 0.16023862
vt 0.9032932 0.20823646
vt 0.7886312 0.16379702
vt 0.8771667 0.1922903
vt 0.7478591 0.14829552
vt 0.73199934 0.15423977
vt 0.778422 0.14861643
vt 0.76455307 0.13924968
vt 0.6896372 0.1882338
vt 0.6937592 0.1781581
vt 0.70078903 0.19147015
vt 0.67729574 0.18446791
vt 0.65544593 0.19463742
vt 0.6442749 0.195068
vt 0.6492522 0.17670864
vt 0.68353397 0.1743086
vt 0.6348816 0.1911965
vt 0.706883 0.17527068
vt 0.6636696 0.18276703
vt 0.6711632 0.16865611
vt 0.63273674 0.16769886
vt 0.5061813 0.19811732
vt 0.5404959 0.18460166
vt 0.52795553 0.2089811
vt 0.41123173 0.20941567
vt 0.42533678 0.21786517
vt 0.40476722 0.23294932
vt 0.7224331 0.17665148
vt 0.7146734 0.18097526
vt 0.7156073 0.16654873
vt 0.6224326 0.18115592
vt 0.7028774 0.16395217
vt 0.45175162 0.22112328
vt 0.45105243 0.19739997
vt 0.72552454 0.16576934
vt 0.68211704 0.15925062
vt 0.7298464 0.1735186
vt 0.48116168 0.22165275
vt 0.6113687 0.16600144
vt 0.6010165 0.18372762
vt 0.73917615 0.16549057
vt 0.49174944 0.18525839
vt 0.38536853 0.21179068
vt 0.66229784 0.16311121
vt 0.56889045 0.18681729
vt 0.5817798 0.16417754
vt 0.73199934 0.15423977
vt 0.710965 0.14626348
vt 0.6460012 0.16156489
vt 0.54892224 0.15702462
vt 0.521222 0.17429852
vt 0.46242964 0.17113686
vt 0.5350903 0.16775113
vt 0.437996 0.17831594
vt 0.41139466 0.18237013
vt 0.38882786 0.1852302
vt 0.66559374 0.15178323
vt 0.3665524 0.2156303
vt 0.36244848 0.18855107
vt 0.68414867 0.14202434
vt 0.7257799 0.13867646
vt 0.7478591 0.14829552
vt 0.6546476 0.14427245
vt 0.48689654 0.1635912
vt 0.6328277 0.14450204
vt 0.50781864 0.16426909
vt 0.6110013 0.14281934
vt 0.6715046 0.14219815
vt 0.5993842 0.14829957
vt 0.5736603 0.14323747
vt 0.504106 0.15019429
vt 0.5250946 0.1491968
vt 0.42081624 0.15906161
vt 0.7349665 0.13056761
vt 0.6463322 0.13636816
vt 0.7053528 0.12484664
vt 0.45056784 0.1567012
vt 0.4762176 0.15296352
vt 0.72176355 0.124826014
vt 0.3923032 0.1602689
vt 0.58733594 0.13053644
vt 0.68261117 0.121937394
vt 0.6721204 0.12683618
vt 0.55267215 0.1359607
vt 0.46458802 0.14975119
vt 0.49127752 0.1447841
vt 0.45517433 0.15050077
vt 0.73363477 0.11889529
vt 0.4696887 0.14350516
vt 0.43922517 0.15094113
vt 0.7152348 0.109772384
vt 0.5127685 0.13315898
vt 0.6647238 0.12912035
vt 0.62145084 0.1253252
vt 0.4024998 0.14333248
vt 0.4589959 0.14274442
vt 0.42071545 0.14343917
vt 0.63706136 0.12716144
vt 0.48183933 0.13216496
vt 0.6494699 0.125584
vt 0.43255046 0.14567482
vt 0.50473857 0.12710571
vt 0.6931416 0.11223006
vt 0.53496754 0.1222831
vt 0.45840597 0.13139367
vt 0.45225525 0.13787591
vt 0.40915677 0.13559681
vt 0.46412504 0.12519717
vt 0.65680015 0.11339325
vt 0.60187757 0.121819735
vt 0.5706661 0.114536226
vt 0.5165328 0.11185002
vt 0.63157296 0.1171512
vt 0.55220014 0.10901481
vt 0.5290593 0.113776684
vt 0.4949881 0.11742681
vt 0.58693224 0.109625936
vt 0.6436452 0.116449356
vt 0.44193316 0.13119745
vt 0.43692157 0.13913345
vt 0.60559744 0.10625714
vt 0.6182785 0.10689616
vt 0.6662771 0.098852694
vt 0.6428025 0.106517315
vt 0.48139983 0.11299366
vt 0.45498118 0.121106625
vt 0.5429447 0.09768319
vt 0.44534418 0.121221006
vt 0.42769316 0.12666273
vt 0.5673224 0.09195566
vt 0.46664688 0.11119461
vt 0.45888975 0.11415827
vt 0.6886568 0.090830386
vt 0.6763422 0.08628869
vt 0.5282759 0.09525955
vt 0.58798933 0.09071213
vt 0.4514945 0.1135689
vt 0.49195126 0.100070715
vt 0.60695195 0.08696997
vt 0.635709 0.09582323
vt 0.53785336 0.08225101
vt 0.4425796 0.11089659
vt 0.623717 0.08581716
vt 0.4498304 0.10487646
vt 0.6617462 0.07836729
vt 0.5947618 0.08046931
vt 0.64651895 0.08460671
vt 0.4600926 0.09938663
vt 0.55142397 0.08028507
vt 0.51155573 0.09565735
vt 0.55528563 0.08452493
vt 0.61330074 0.078743815
vt 0.4724259 0.09685612
vt 0.6230667 0.06909335
vt 0.5958487 0.07269126
vt 0.5696603 0.07813895
vt 0.63718796 0.07281512
vt 0.58288306 0.07253873
vt 0.4928915 0.0873971
vt 0.6471095 0.07078123
vt 0.5216058 0.08551824
vt 0.57080066 0.07021123
vt 0.47051978 0.08796805
vt 0.58559716 0.059012175
vt 0.5072839 0.08003831
vt 0.6084911 0.066927314
vt 0.54550666 0.06589067
vt 0.64962506 0.055057883
vt 0.5331712 0.06856674
vt 0.52457577 0.073670864
vt 0.5977585 0.057093143
vt 0.6353161 0.057078063
vt 0.56467915 0.059105217
vt 0.5771307 0.052744567
vt 0.48824167 0.06859416
vt 0.60801435 0.051924527
vt 0.6221413 0.05037886
vt 0.50127053 0.06612772
vt 0.51622725 0.06336975
vt 0.52893037 0.056500256
vt 0.55315137 0.05395007
vt 0.5955152 0.029116869
vt 0.5815354 0.035815835
vt 0.6240744 0.03691739
vt 0.5617402 0.046614647
vt 0.498107 0.05683279
vt 0.6106949 0.034198284
vt 0.5198403 0.047175527
vt 0.5607827 0.03769797
vt 0.5423263 0.043795347
vt 0.56570226 0.024571776
vt 0.57867867 0.01609993
vt 0.49832442 0.046741843
vt 0.47987506 0.055934966
vt 0.60115016 0.018274188
vt 0.5129837 0.03755802
vt 0.59013855 0.0067601204
vt 0.5510502 0.028132558
vt 0.5400935 0.026312888
vt 0.5241427 0.032351196
vt 0.5753017 0.00031727552
vt 0.5282808 0.018398166
vt 0.03976785 0.10870993
vt 0.02024063 0.1143108
vt 0.0023365312 0.08851522
vt 0.1329973 0.10589194
vt 0.1533956 0.09727955
vt 0.15672284 0.11976272
vt 0.00031725888 0.115763426
vt 0.099403344 0.0966928
vt 0.11603703 0.11841041
vt 0.17399804 0.099663496
vt 0.0854743 0.10407847
vt 0.08859741 0.12736213
vt 0.18995497 0.11136025
vt 0.13396525 0.12718809
vt 0.1881758 0.1253056
vt 0.2065445 0.10793322
vt 0.063116044 0.11023283
vt 0.03830622 0.12268996
vt 0.06589612 0.13535494
vt 0.049630526 0.12818271
vt 0.103927396 0.13725024
vt 0.11673396 0.13874912
vt 0.14211473 0.13710195
vt 0.16551252 0.1374299
vt 0.036588717 0.13753277
vt 0.022960333 0.13459599
vt 0.15169346 0.13980258
vt 0.18436052 0.14554316
vt 0.0013502092 0.13930798
vt 0.13118994 0.14586544
vt 0.0490244 0.14258337
vt 0.14598425 0.14862919
vt 0.013603404 0.1483326
vt 0.10060352 0.15237886
vt 0.08198687 0.14567286
vt 0.028692797 0.14966899
vt 0.12061775 0.1611405
vt 0.16731212 0.15474653
vt 0.15836507 0.15317881
vt 0.067618765 0.15103185
vt 0.0037030834 0.15226614
vt 0.03870628 0.15147913
vt 0.07715006 0.16138619
vt 0.051025003 0.15903133
vt 0.019176502 0.16071057
vt 0.1432757 0.16266978
vt 0.18095723 0.16460001
vt 0.0050829584 0.16439712
vt 0.03727451 0.16552848
vt 0.05331847 0.17770761
vt 0.16913913 0.16662568
vt 0.10566888 0.17502761
vt 0.07940951 0.18078053
vt 0.1558302 0.168782
vt 0.1334755 0.18183285
vt 0.026681773 0.17487466
vt 0.19854204 0.15761691
vt 0.21066788 0.16076696
vt 0.19859372 0.1752702
vt 0.14568034 0.17801672
vt 0.013818925 0.18322098
vt 0.16206668 0.18140209
vt 0.037903298 0.18495357
vt 0.18116617 0.18650115
vt 0.022275586 0.18749082
vt 0.15058988 0.19499177
vt 0.098839134 0.19927794
vt 0.060658954 0.19517171
vt 0.112691835 0.18965465
vt 0.04287468 0.19932705
vt 0.0738996 0.19557863
vt 0.027015105 0.19964397
vt 0.012852973 0.19939667
vt 0.1294083 0.2039975
vt 0.2065445 0.10793322
vt 0.21685544 0.0953657
vt 0.22338775 0.1098156
vt 0.24115613 0.09233832
vt 0.21005131 0.1294511
vt 0.1881758 0.1253056
vt 0.25967667 0.09458631
vt 0.2431926 0.10974491
vt 0.28437027 0.08851522
vt 0.26739407 0.10883808
vt 0.2574885 0.105409086
vt 0.23167291 0.12423551
vt 0.30178437 0.09539986
vt 0.28566873 0.10436231
vt 0.25488105 0.12174058
vt 0.3265387 0.093025446
vt 0.31204265 0.11007488
vt 0.27884272 0.120178044
vt 0.33147526 0.10792947
vt 0.34307367 0.0917092
vt 0.29253736 0.11591697
vt 0.3541311 0.10905415
vt 0.36533308 0.094043314
vt 0.26585275 0.12611246
vt 0.18436052 0.14554316
vt 0.22552359 0.14235222
vt 0.25073254 0.13572931
vt 0.28286758 0.12984008
vt 0.383566 0.102163196
vt 0.30401576 0.12525189
vt 0.327645 0.12680984
vt 0.32010415 0.11980033
vt 0.26417837 0.13783622
vt 0.29285493 0.13629341
vt 0.27666456 0.14142686
vt 0.21066788 0.16076696
vt 0.19854204 0.15761691
vt 0.2550264 0.15765941
vt 0.3522082 0.13049632
vt 0.23123208 0.15835488
vt 0.31048128 0.14638633
vt 0.26965618 0.15370864
vt 0.2901419 0.16083449
vt 0.33519912 0.13640356
vt 0.22018951 0.16557747
vt 0.32628685 0.15215087
vt 0.24683562 0.16667336
vt 0.23129849 0.17214084
vt 0.21413216 0.18277097
vt 0.19859372 0.1752702
vt 0.27087238 0.16816443
vt 0.24812907 0.1808222
vt 0.30156487 0.17380685
vt 0.27718225 0.17580229
vt 0.2812965 0.8826349
vt 0.30378443 0.90103954
vt 0.28198537 0.9011147
vt 0.18139136 0.8236946
vt 0.18174335 0.80182683
vt 0.194829 0.81163263
vt 0.20889676 0.8138586
vt 0.19888258 0.8272928
vt 0.16478665 0.80326456
vt 0.3415807 0.928871
vt 0.3245264 0.9266747
vt 0.32885066 0.91744757
vt 0.21789908 0.83106446
vt 0.24938352 0.86330426
vt 0.27146053 0.86573195
vt 0.2352866 0.8404967
vt 0.21741228 0.8493112
vt 0.30589673 0.9216146
vt 0.15758413 0.8239955
vt 0.14365718 0.79964304
vt 0.32955003 0.9349539
vt 0.3490985 0.9409436
vt 0.24783006 0.88508654
vt 0.13831244 0.82011616
vt 0.20329536 0.8412512
vt 0.2296581 0.86646044
vt 0.2793016 0.91665125
vt 0.17917883 0.8396001
vt 0.3116383 0.9318513
vt 0.34128207 0.95375586
vt 0.35219648 0.9486695
vt 0.35892165 0.9605263
vt 0.20348437 0.8604348
vt 0.14378022 0.8372586
vt 0.25285277 0.9077625
vt 0.2931701 0.92757946
vt 0.36326143 0.9703178
vt 0.34362572 0.97098356
vt 0.2997713 0.93636876
vt 0.321777 0.94487226
vt 0.33844224 0.9450917
vt 0.12872744 0.83366084
vt 0.18666677 0.8534147
vt 0.3338041 0.9612866
vt 0.2740894 0.93666846
vt 0.27612054 0.9273993
vt 0.12867086 0.840798
vt 0.12251248 0.8384239
vt 0.15607505 0.85314536
vt 0.12283765 0.8430089
vt 0.25421795 0.9239158
vt 0.31328484 0.9538588
vt 0.17094441 0.85875
vt 0.29643732 0.95720166
vt 0.13239552 0.8560224
vt 0.21382576 0.8876625
vt 0.12714374 0.85007435
vt 0.23211941 0.89656764
vt 0.31866398 0.9650517
vt 0.19467662 0.873626
vt 0.10262793 0.8030228
vt 0.11452868 0.8230783
vt 0.11191949 0.83237565
vt 0.23342305 0.91244847
vt 0.11966776 0.83846736
vt 0.10934846 0.84702873
vt 0.12776089 0.8693398
vt 0.092744075 0.81660575
vt 0.11784173 0.850885
vt 0.21649544 0.9025281
vt 0.27814308 0.9534816
vt 0.09704161 0.8433142
vt 0.25379837 0.9394947
vt 0.17720978 0.8789067
vt 0.22878093 0.9226508
vt 0.24141087 0.9355288
vt 0.3067267 0.97557104
vt 0.11871839 0.86084443
vt 0.19829923 0.89221585
vt 0.15133485 0.87711346
vt 0.21833795 0.91162187
vt 0.25977096 0.95125306
vt 0.07611788 0.83510786
vt 0.079639964 0.8137213
vt 0.10517837 0.8547149
vt 0.08478696 0.8410831
vt 0.28738666 0.97159714
vt 0.20552427 0.91745174
vt 0.20331593 0.9059748
vt 0.2620192 0.96694136
vt 0.08189243 0.85143656
vt 0.18442303 0.8978863
vt 0.07588125 0.84534913
vt 0.13824055 0.8871574
vt 0.24490409 0.94999695
vt 0.08490488 0.8593776
vt 0.09564926 0.85718936
vt 0.1857806 0.9159041
vt 0.117739275 0.87502086
vt 0.10218111 0.8719524
vt 0.16482817 0.8908631
vt 0.1536234 0.8956525
vt 0.21663819 0.93097496
vt 0.07348261 0.859898
vt 0.2242539 0.9485997
vt 0.16479428 0.9091739
vt 0.23063181 0.96087414
vt 0.08884549 0.87007874
vt 0.124948725 0.88859296
vt 0.07678955 0.8770102
vt 0.20285934 0.93508786
vt 0.24008888 0.97330016
vt 0.11422022 0.9008115
vt 0.066628754 0.87395304
vt 0.1403424 0.9126193
vt 0.083377354 0.89323056
vt 0.1251165 0.90464646
vt 0.22140446 0.9720704
vt 0.1007704 0.89505005
vt 0.20026766 0.95312524
vt 0.06801061 0.8894012
vt 0.20761064 0.96770936
vt 0.056208126 0.8983743
vt 0.17299265 0.9258359
vt 0.18729027 0.9378748
vt 0.15603286 0.9303418
vt 0.08254151 0.90943193
vt 0.12382701 0.92717
vt 0.16965887 0.94499725
vt 0.067939654 0.9086001
vt 0.0964988 0.9199754
vt 0.18680087 0.96712834
vt 0.1736087 0.96027267
vt 0.05070066 0.91288686
vt 0.10758322 0.9254895
vt 0.13927113 0.9395685
vt 0.14766283 0.9546449
vt 0.17324604 0.972721
vt 0.113607936 0.9376125
vt 0.06804171 0.92623204
vt 0.12917446 0.9513281
vt 0.11944704 0.9431865
vt 0.15904804 0.96292096
vt 0.051931657 0.92123985
vt 0.08569978 0.92748034
vt 0.095552444 0.9379516
vt 0.11687169 0.9580844
vt 0.147304 0.97042155
vt 0.10448822 0.9530786
vt 0.07640538 0.9363675
vt 0.10669308 0.97234005
vt 0.060408823 0.94148105
vt 0.040507913 0.93427014
vt 0.08256712 0.94922936
vt 0.051568467 0.9535973
vt 0.03205223 0.94355005
vt 0.09089198 0.95869195
vt 0.033708464 0.9577553
vt 0.071123175 0.9488197
vt 0.08770814 0.97557104
vt 0.078424804 0.9627079
vt 0.058627337 0.9681764
vt 0.040167153 0.97525495
vt 0.11640134 0.7688615
vt 0.1193789 0.76257294
vt 0.124510534 0.7670847
vt 0.11458288 0.76203924
vt 0.1253629 0.7747656
vt 0.11641645 0.7826374
vt 0.121404715 0.7822102
vt 0.111101605 0.779085
vt 0.11946397 0.79253495
vt 0.114186145 0.75478065
vt 0.11885257 0.7477792
vt 0.1190236 0.7558863
vt 0.10945344 0.79828554
vt 0.10262793 0.8030228
vt 0.111717574 0.80778086
vt 0.11079233 0.74825555
vt 0.095224805 0.77897644
vt 0.10678479 0.76729697
vt 0.10866997 0.7541792
vt 0.09768214 0.7594918
vt 0.08749899 0.7530085
vt 0.07657199 0.7676257
vt 0.092744075 0.81660575
vt 0.090009175 0.79802996
vt 0.079639964 0.8137213
vt 0.078089185 0.7891269
vt 0.056166116 0.77677745
vt 0.07211401 0.78327733
vt 0.061519057 0.7574522
vt 0.057014514 0.7869914
vt 0.04576628 0.7807788
vt 0.040154643 0.76737064
vt 0.035670687 0.76044524
vt 0.031840708 0.7805519
vt 0.01811241 0.77593666
vt 0.021811808 0.76728225
vt 0.0056136013 0.7701463
vt 0.00031725888 0.77759004
vn -0.9688199 0.22377035 0.10637097
vn -0.94728434 0.29774427 -0.11832464
vn -0.98041624 0.19670525 0.009542761
vn -0.9874615 0.080580264 -0.13574456
vn -0.970836 -0.0976664 -0.21894911
vn -0.93842345 0.17179479 -0.29974657
vn -0.89535517 0.34480116 -0.281871
vn -0.9425711 0.33219427 -0.034736678
vn -0.88830024 0.15213664 -0.43333262
vn -0.87359726 0.27689248 -0.40019795
vn -0.9472845 0.18934087 -0.2584609
vn -0.9079805 -0.13120517 -0.39794046
vn -0.9242182 0.36651236 -0.107188806
vn -0.96293557 0.21112552 -0.16787224
vn -0.9645937 0.25338092 -0.07319218
vn -0.9120392 0.13908765 -0.38579664
vn -0.962087 0.2325661 -0.14248402
vn -0.9663983 -0.0324841 -0.2549884
vn -0.90006983 0.43019956 -0.06930127
vn -0.96153563 0.092062 -0.25879297
vn -0.978486 0.1043295 -0.17799033
vn -0.9627704 0.26201126 0.066507794
vn -0.908327 0.41818422 -0.0080012325
vn -0.9536562 -0.24514678 -0.174479
vn -0.9465283 0.32262012 -0.00065359374
vn -0.9906267 0.07341645 -0.11519002
vn -0.9711497 -0.22588143 -0.076458305
vn -0.9630375 0.22962007 -0.14083134
vn -0.938406 -0.20188156 -0.28042483
vn -0.9631079 0.18410319 -0.19628873
vn -0.94598264 0.24843566 -0.20831841
vn -0.9828093 0.1837365 -0.018075297
vn -0.8494869 0.5184109 -0.09809247
vn -0.8635854 0.49876505 0.07384912
vn -0.90292436 0.42974356 0.0069300747
vn -0.90704596 0.41647053 -0.061805226
vn -0.92938715 0.31561902 -0.19137447
vn -0.9526314 -0.08033704 -0.29332474
vn -0.9997055 -0.00025851018 0.024266861
vn -0.9849017 0.16332135 -0.057399224
vn -0.9720136 0.15453066 -0.17694582
vn -0.9254706 0.35866684 -0.121911176
vn -0.9106975 0.35970065 -0.20308994
vn -0.9057569 0.4200808 0.056005236
vn -0.9673946 0.0985208 -0.23332682
vn -0.86704785 0.44524926 -0.22356468
vn -0.9423343 0.05019747 -0.3308871
vn -0.8887612 0.34343654 -0.30357024
vn -0.9580005 0.21198831 -0.1931218
vn -0.9497404 0.20891748 -0.23312365
vn -0.8210135 0.57080287 -0.010992627
vn -0.8755287 0.309702 -0.37085602
vn -0.9885516 0.12279951 0.08766998
vn -0.9732797 0.22087854 0.06276365
vn -0.8736232 0.39908805 -0.27840838
vn -0.89677733 -0.18184054 -0.40339112
vn -0.88964254 0.24932384 -0.38258833
vn -0.83579934 0.4957597 -0.23592749
vn -0.8366311 0.50011533 -0.22345705
vn -0.72003263 0.6646812 -0.19937883
vn -0.93362594 0.27065834 0.23470546
vn -0.782524 0.5709186 -0.24841118
vn -0.9106839 0.29085037 -0.2933614
vn -0.94985676 -0.119101495 -0.2891141
vn -0.9220698 0.29702637 -0.24811822
vn -0.72003263 0.6646812 -0.19937883
vn -0.782524 0.5709186 -0.24841118
vn -0.8736232 0.39908805 -0.27840838
vn -0.8963324 0.23554222 -0.37564364
vn -0.9490988 0.10977634 -0.29522973
vn -0.9400311 0.020823937 -0.34045237
vn -0.8210135 0.57080287 -0.010992627
vn -0.63063794 0.77573436 -0.023064883
vn -0.9419648 0.22008516 -0.253505
vn -0.6539191 0.7344636 -0.18152995
vn -0.95513046 0.22343844 -0.19442497
vn -0.75082755 0.6009764 -0.27401707
vn -0.9119271 -0.06890069 -0.4045264
vn -0.83400613 0.40939787 -0.36990157
vn -0.9764191 0.07090926 -0.20390595
vn -0.9042742 0.32031462 -0.2822882
vn -0.96481985 0.2310653 -0.12542519
vn -0.9682467 0.104449674 -0.22713132
vn -0.9677596 0.038073223 -0.24898136
vn -0.95442396 -0.025131142 -0.2973943
vn -0.5445202 0.8378895 -0.03793346
vn -0.79720145 0.5782639 -0.1734379
vn -0.9523965 0.21253951 -0.21855861
vn -0.9182336 0.31641972 -0.23817141
vn -0.50266534 0.86000264 0.08788071
vn -0.9519074 -0.04647417 -0.30284056
vn -0.8954708 0.12090293 -0.428386
vn -0.8901974 0.40601492 -0.20664102
vn -0.6785412 0.7164357 -0.16217804
vn -0.83762014 0.44718152 -0.31372154
vn -0.8970199 0.29965636 -0.324902
vn -0.47529295 0.87867945 -0.044933278
vn -0.79720145 0.5782639 -0.1734379
vn -0.658066 0.7095626 -0.25193277
vn -0.57236725 0.77880734 -0.25662202
vn -0.880275 0.12259051 -0.45835298
vn -0.8373235 0.46475068 -0.287917
vn -0.8780644 0.28395683 -0.3851901
vn -0.88737494 0.20797639 -0.4114748
vn -0.93360806 0.12279573 -0.33659655
vn -0.83762014 0.44718152 -0.31372154
vn -0.7235069 0.59341645 -0.3526963
vn -0.6298299 0.7247643 -0.27934036
vn -0.5946127 0.8026555 0.046688233
vn -0.94000435 -0.00946732 -0.34103113
vn -0.5574492 0.80968064 -0.18348736
vn -0.8594381 0.056653276 -0.50809103
vn -0.92660236 0.19856662 -0.31934217
vn -0.44497433 0.85534006 0.26531348
vn -0.7899993 0.47388187 -0.3890206
vn -0.879518 0.28532776 -0.38083616
vn -0.51310104 0.819902 -0.2539449
vn -0.7235069 0.59341645 -0.3526963
vn -0.36890936 0.92334545 0.10648504
vn -0.74085647 0.4457074 -0.50247055
vn -0.7463038 0.2554771 -0.61462355
vn -0.838164 0.49167448 -0.23608766
vn -0.8762322 0.24709135 -0.41371846
vn -0.80549365 0.5714285 -0.15700161
vn -0.92323273 -0.28640798 -0.2561479
vn -0.94154435 0.14294083 -0.30506095
vn -0.78750825 0.58761764 -0.18583928
vn -0.948801 0.031646937 -0.3142852
vn -0.5046098 0.8355002 -0.21750483
vn -0.78742206 0.5608928 -0.25566727
vn -0.92120993 0.26893666 -0.28114995
vn -0.83716065 0.3941242 -0.37924683
vn -0.47628805 0.778457 -0.40884525
vn -0.51310104 0.819902 -0.2539449
vn -0.4196668 0.90072954 -0.11209833
vn -0.77392274 0.6219853 -0.11907083
vn -0.8377547 0.46789014 -0.2815063
vn -0.5057205 0.64392537 -0.574114
vn -0.8007876 0.43165612 -0.41522548
vn -0.58142424 0.78086567 -0.22846152
vn -0.95524603 -0.0002016921 -0.29581234
vn -0.19384944 0.95994776 -0.20229341
vn -0.5309055 0.81829184 -0.22031301
vn -0.9309384 -0.12048775 -0.34472656
vn -0.8807193 0.33600426 -0.33381832
vn -0.4749259 0.86762863 -0.14719358
vn -0.54516983 0.7992322 -0.25301728
vn -0.7093233 0.5770131 -0.4048659
vn -0.92998 0.22396716 -0.2915063
vn -0.3297789 0.9121472 -0.24337883
vn -0.7756548 0.4925691 -0.39463317
vn -0.8652788 0.41938543 -0.27460614
vn -0.74082404 0.47117147 -0.4787246
vn -0.70653903 0.47619274 -0.5234912
vn -0.83778435 0.14930008 -0.5251922
vn -0.887813 -0.05949684 -0.45634222
vn -0.8979105 -0.037714493 -0.4385594
vn -0.7135222 0.5158851 -0.4740766
vn -0.7618195 0.44845754 -0.46745792
vn -0.7288639 0.63455427 -0.2570959
vn -0.6971036 0.6787999 -0.2308187
vn -0.8764346 0.39598227 -0.27397162
vn -0.3813419 0.88002175 -0.28309017
vn -0.7462174 0.50738025 -0.43095803
vn -0.8970486 0.18052733 -0.4033779
vn -0.77195364 0.561385 -0.29821885
vn -0.45485225 0.7928707 -0.40554345
vn -0.49490118 0.77758795 -0.3878528
vn -0.6037541 0.6352162 -0.48164445
vn -0.75110584 0.19000559 -0.6322483
vn -0.7490852 0.63433117 -0.1910377
vn -0.8367922 0.13085681 -0.53165346
vn -0.769407 -0.35220203 -0.53288525
vn -0.67619425 0.5838136 -0.4493584
vn -0.76047015 -0.349218 -0.5474778
vn -0.7840686 0.41310564 -0.46322802
vn -0.65446496 0.6854001 -0.31922135
vn -0.6284256 0.713113 -0.31072664
vn -0.7400603 0.61870414 -0.26365864
vn -0.5660626 0.576654 -0.58910376
vn -0.4490513 0.8437424 -0.2940268
vn -0.67785245 0.6393297 -0.3630063
vn -0.7262324 -0.14457864 -0.672074
vn -0.38161004 0.7885013 -0.48232707
vn -0.50015056 0.7985778 -0.3348476
vn -0.40158674 0.8510588 -0.3382707
vn -0.33902264 0.8547101 -0.39310846
vn -0.5065174 0.7911822 -0.34274018
vn -0.4910466 0.8689194 -0.06206716
vn -0.19655274 0.9711301 -0.13517903
vn -0.37781328 0.9242793 -0.05445154
vn -0.520012 0.78960425 -0.3257493
vn -0.48006284 0.8246791 -0.29907206
vn -0.5112267 0.84890455 -0.13419506
vn -0.3285702 0.9063531 -0.26564205
vn -0.5600422 0.77493167 -0.29297373
vn -0.26067418 0.91526914 -0.30713415
vn -0.5977996 -0.07142808 -0.7984571
vn -0.41072223 0.84772915 -0.33565238
vn -0.5549981 0.80859536 -0.19532189
vn -0.5844849 0.7655822 -0.2688147
vn -0.6834458 0.587281 -0.43359295
vn -0.45701095 0.83536875 -0.30545053
vn -0.68461674 0.097439565 -0.72236097
vn -0.52343595 0.7608098 -0.38364473
vn -0.5786802 0.7019575 -0.4151925
vn -0.4227679 0.6177575 -0.6630558
vn -0.48808783 0.81580037 -0.31022578
vn -0.35383734 0.8771498 -0.324665
vn -0.44290698 0.83660495 -0.32237497
vn -0.53188944 0.7555293 -0.38245156
vn -0.6848503 0.059262224 -0.72626996
vn -0.08068009 0.92997247 -0.35866687
vn -0.6068934 -0.784904 -0.12492418
vn -0.4944273 0.83243984 -0.25017112
vn -0.08435161 0.73387444 -0.67402756
vn -0.5242592 -0.76231164 -0.3795171
vn -0.08435161 0.73387444 -0.67402756
vn -0.33902264 0.8547101 -0.39310846
vn -0.8602692 0.1370644 -0.49107057
vn -0.40575063 0.87870586 -0.25148043
vn -0.3952638 0.85026634 -0.34758264
vn -0.39397 0.62426627 -0.67459565
vn -0.24967234 0.8613831 -0.44236067
vn -0.27124605 0.840832 -0.46843055
vn -0.4725561 0.83707106 -0.27568603
vn -0.77909 0.58529377 -0.22461063
vn -0.85215133 0.4775311 -0.21401428
vn -0.70417863 0.69682306 -0.13627194
vn -0.1733357 0.89069724 -0.42025363
vn -0.6493903 0.68757105 -0.32486665
vn -0.37414518 0.8830122 -0.28338122
vn -0.9078149 -0.100600325 -0.40712607
vn -0.6717024 0.3998123 -0.6236714
vn 0.18914813 0.43444338 -0.8806145
vn -0.80777746 0.526158 -0.265807
vn -0.47421363 -0.044724334 -0.8792731
vn -0.50896484 0.8513082 -0.12739366
vn -0.84682256 0.31231892 -0.4305211
vn -0.6150963 -0.5244608 -0.5887252
vn -0.6780585 0.65627664 -0.3309647
vn -0.9120392 0.13908765 -0.38579664
vn -0.87359726 0.27689248 -0.40019795
vn -0.9663983 -0.0324841 -0.2549884
vn -0.92990494 -0.15157077 -0.3351165
vn -0.96153563 0.092062 -0.25879297
vn -0.9526314 -0.08033704 -0.29332474
vn -0.9673946 0.0985208 -0.23332682
vn -0.9497404 0.20891748 -0.23312365
vn -0.9580005 0.21198831 -0.1931218
vn -0.94985676 -0.119101495 -0.2891141
vn -0.9490988 0.10977634 -0.29522973
vn -0.85385245 -0.44690862 -0.26684955
vn -0.83731276 -0.43645206 -0.32926735
vn -0.9106839 0.29085037 -0.2933614
vn -0.9119271 -0.06890069 -0.4045264
vn -0.9677596 0.038073223 -0.24898136
vn -0.9519074 -0.04647417 -0.30284056
vn -0.82329154 -0.23538402 -0.5165127
vn -0.880275 0.12259051 -0.45835298
vn -0.88737494 0.20797639 -0.4114748
vn -0.7424075 -0.17188026 -0.6475247
vn -0.92660236 0.19856662 -0.31934217
vn -0.8762322 0.24709135 -0.41371846
vn -0.9195307 -0.22893855 -0.31945342
vn -0.948801 0.031646937 -0.3142852
vn -0.92120993 0.26893666 -0.28114995
vn -0.9309384 -0.12048775 -0.34472656
vn -0.77661264 -0.51712346 -0.35980013
vn -0.887813 -0.05949684 -0.45634222
vn -0.83778435 0.14930008 -0.5251922
vn -0.769407 -0.35220203 -0.53288525
vn -0.70049137 -0.5671696 -0.43316332
vn -0.75110584 0.19000559 -0.6322483
vn -0.5242592 -0.76231164 -0.3795171
vn -0.6459026 -0.58386254 -0.4918479
vn -0.6848503 0.059262224 -0.72626996
vn -0.56239027 -0.67617065 -0.47593114
vn -0.46129766 -0.802412 -0.37860194
vn -0.6068934 -0.784904 -0.12492418
vn -0.769407 -0.35220203 -0.53288525
vn -0.5242592 -0.76231164 -0.3795171
vn -0.33902264 0.8547101 -0.39310846
vn -0.5242592 -0.76231164 -0.3795171
vn -0.46129766 -0.802412 -0.37860194
vn -0.08435161 0.73387444 -0.67402756
vn -0.8602692 0.1370644 -0.49107057
vn -0.6068934 -0.784904 -0.12492418
vn -0.50456727 -0.6640495 -0.55177
vn -0.77909 0.58529377 -0.22461063
vn -0.47421363 -0.044724334 -0.8792731
vn -0.77763295 0.12631004 -0.6159
vn -0.35802314 0.39105406 -0.84787744
vn -0.015506799 0.37897453 -0.9252772
vn 0.072122514 0.83348703 -0.54781175
vn -0.51032615 -0.8543409 -0.09833022
vn -0.17409667 -0.8522766 0.49326962
vn -0.92144966 0.2876258 -0.261155
vn 0.16580893 0.12734893 0.9779006
vn -0.08097707 -0.98044026 0.17938682
vn -0.04642326 -0.9983112 0.03492183
vn -0.5096418 -0.81796193 -0.26683977
vn -0.1808929 -0.76266384 0.62098444
vn -0.045843575 -0.9892992 0.13851194
vn -0.32649732 -0.9335378 -0.14800933
vn -0.13395227 -0.96415794 0.22903329
vn -0.44070768 -0.23259614 0.86699235
vn -0.041578114 -0.998537 0.03457014
vn -0.0057489895 -0.99898404 0.04469663
vn -0.50450665 -0.8254733 -0.25311434
vn -0.0010028128 -0.9982546 0.05904884
vn -0.06286068 -0.9979548 -0.011607406
vn -0.83925706 -0.3650724 -0.40295124
vn -0.6422814 -0.20037405 0.73981404
vn -0.0026433922 -0.9978861 0.064933345
vn -0.02806225 -0.9932521 0.11252903
vn -0.7802848 -0.4774828 -0.4039379
vn 0.026524998 -0.99787354 0.05953873
vn 0.28455585 -0.94420135 -0.16586669
vn 0.010146151 -0.9986051 0.051816978
vn 0.33641598 -0.9343038 -0.11790121
vn 0.02295862 -0.998477 0.050166346
vn 0.8204605 -0.5257326 0.22461043
vn -0.63208634 0.1446902 -0.76126975
vn 0.7850883 -0.6146194 -0.076677136
vn 0.1408171 -0.9535045 -0.26645768
vn 0.35531917 -0.22343841 -0.90764725
vn -0.5928226 -0.79887795 0.10176145
vn -0.05739329 -0.99563754 -0.07356546
vn 0.39872745 -0.1670433 -0.9017278
vn -0.013757816 -0.9218887 0.38721043
vn -0.8278904 -0.55309945 -0.0931582
vn -0.7084995 -0.6636446 -0.24000901
vn 0.21658799 -0.93903357 0.267031
vn 0.13198535 -0.97318393 -0.18839563
vn 0.11880718 -0.9924947 -0.028967611
vn 0.3767964 -0.7296559 -0.57063717
vn 0.81647694 -0.44133613 -0.37227386
vn 0.85428023 0.109790236 -0.50808597
vn 0.2305005 -0.97162783 -0.05299911
vn 0.119629286 -0.99281555 0.002462641
vn 0.33317214 -0.85101503 0.40591836
vn 0.082418166 -0.99643797 0.01785144
vn 0.8048724 -0.4154519 -0.423769
vn 0.1271502 -0.95320094 0.2743006
vn 0.7635147 -0.48691177 -0.42421952
vn 0.0671523 -0.9888233 0.13311288
vn 0.75349325 -0.4996648 -0.42729735
vn 0.13854359 -0.5818796 0.8013874
vn -0.24265312 -0.2821989 0.9281612
vn 0.18378177 -0.9169949 0.3540403
vn -0.15286188 0.9208812 0.35862386
vn -0.92144966 0.2876258 -0.261155
vn 0.16580893 0.12734893 0.9779006
vn 0.04533529 0.089880824 0.9949202
vn -0.17409667 -0.8522766 0.49326962
vn -0.026506267 0.845091 0.533965
vn -0.1808929 -0.76266384 0.62098444
vn -0.44070768 -0.23259614 0.86699235
vn -0.12383497 0.9372542 0.32591325
vn -0.6422814 -0.20037405 0.73981404
vn -0.15286188 0.9208812 0.35862386
vn 0.2586822 0.92569137 0.2760055
vn -0.13389874 0.99058074 0.028652836
vn -0.026506267 0.845091 0.533965
vn -0.6831204 0.58774054 -0.4334831
vn -0.6518238 0.64960223 -0.39133447
vn 0.13998507 0.94982857 0.27969596
vn 0.036131274 0.9951884 0.091074504
vn 0.23129357 0.9469935 0.22294968
vn -0.12383497 0.9372542 0.32591325
vn -0.84948283 0.49460393 -0.18370043
vn 0.34522438 0.82469964 0.44798514
vn -0.022120865 0.9936536 0.110286646
vn -0.24302351 0.7130387 0.65765905
vn -0.17292339 0.97651625 0.12850475
vn -0.17949156 0.9804405 0.080741994
vn -0.24215499 0.6931554 0.6788936
vn -0.6422814 -0.20037405 0.73981404
vn -0.333581 0.9312666 0.14651375
vn -0.90398943 0.387086 0.18156959
vn -0.7082707 0.696308 0.11622257
vn -0.7983035 0.59714526 0.07828857
vn -0.5574492 0.80968064 -0.18348736
vn -0.3297789 0.9121472 -0.24337883
vn -0.51310104 0.819902 -0.2539449
vn -0.47529295 0.87867945 -0.044933278
vn -0.36890936 0.92334545 0.10648504
vn -0.15887733 0.9872978 -0.001040017
vn -0.44497433 0.85534006 0.26531348
vn -0.21287282 0.9570546 0.19680344
vn -0.14135118 0.989608 -0.026378836
vn -0.4196668 0.90072954 -0.11209833
vn -0.32642254 0.8858849 0.32963052
vn -0.28454748 0.90246373 -0.3234068
vn -0.47628805 0.778457 -0.40884525
vn -0.5046098 0.8355002 -0.21750483
vn -0.3032024 0.8671326 -0.39515734
vn -0.5057205 0.64392537 -0.574114
vn -0.19384944 0.95994776 -0.20229341
vn -0.10236522 0.95901823 -0.2642072
vn -0.7057089 0.7006713 0.105045766
vn -0.34980667 0.8978922 0.26725435
vn -0.22100875 0.97239745 0.07482197
vn -0.49490118 0.77758795 -0.3878528
vn -0.41336125 0.88547534 0.2122872
vn -0.4089711 0.90907884 -0.07948753
vn -0.12798545 0.9916616 -0.015066038
vn -0.19655274 0.9711301 -0.13517903
vn -0.3285702 0.9063531 -0.26564205
vn -0.37781328 0.9242793 -0.05445154
vn -0.26067418 0.91526914 -0.30713415
vn -0.4032183 0.9044729 0.13908213
vn -0.35008037 0.9365266 -0.019016478
vn -0.60019636 0.7975958 0.06004418
vn -0.32600087 0.94490296 -0.029696198
vn -0.45701095 0.83536875 -0.30545053
vn -0.45301202 0.8771033 0.1595929
vn -0.20477659 0.97587514 0.07572461
vn -0.5153061 0.84170884 -0.16120122
vn -0.34983605 0.93298745 -0.08455279
vn -0.4910466 0.8689194 -0.06206716
vn -0.5112267 0.84890455 -0.13419506
vn -0.31943795 0.9369548 -0.14168642
vn -0.5549981 0.80859536 -0.19532189
vn -0.40575063 0.87870586 -0.25148043
vn -0.52343595 0.7608098 -0.38364473
vn -0.4490513 0.8437424 -0.2940268
vn -0.2560356 0.9001411 -0.3524085
vn -0.48808783 0.81580037 -0.31022578
vn -0.21242768 0.9078968 -0.36138332
vn -0.3952638 0.85026634 -0.34758264
vn -0.42448923 0.6385482 -0.64192295
vn -0.7659581 0.48948166 -0.41679245
vn -0.19760962 0.92726284 -0.31801587
vn -0.24967234 0.8613831 -0.44236067
vn -0.4227679 0.6177575 -0.6630558
vn -0.38161004 0.7885013 -0.48232707
vn -0.1452473 0.7952173 -0.58867025
vn -0.021029862 0.997583 0.06622619
vn -0.115899116 0.95819324 -0.26159725
vn -0.35383734 0.8771498 -0.324665
vn -0.124123454 0.93428916 -0.33421126
vn -0.27124605 0.840832 -0.46843055
vn -0.14445074 0.91930723 -0.36607125
vn -0.21871354 0.96657604 -0.13377291
vn -0.16284974 0.8425412 -0.5134241
vn -0.06184669 0.985705 -0.15671809
vn 0.016190285 0.9285385 -0.37088293
vn 0.09498197 0.9207168 -0.37849563
vn 0.1169889 0.91933805 -0.3756742
vn -0.11841491 0.99198675 -0.044048198
vn -0.14896749 0.6579209 -0.73820645
vn -0.47421363 -0.044724334 -0.8792731
vn 0.03777116 0.99425656 0.100136384
vn -0.015506799 0.37897453 -0.9252772
vn 0.15819931 0.93198234 -0.32616243
vn -0.17027088 0.79581696 -0.5811052
vn 0.09175933 0.8439411 -0.5285297
vn 0.09588498 0.99140644 -0.08899064
vn 0.107671894 0.8786624 -0.4651442
vn 0.033057634 0.9923819 -0.11868218
vn 0.17238505 0.98233676 0.07278635
vn 0.13383904 0.9905181 0.031001138
vn 0.33002248 0.8561244 -0.39766335
vn 0.12963326 0.7450823 -0.6542534
vn 0.10125204 0.96072704 -0.25836337
vn 0.14681834 0.9857023 0.08267659
vn -0.08061692 0.6302329 -0.77220947
vn 0.2909397 0.746185 -0.5988005
vn 0.20758155 0.8968731 -0.3905489
vn 0.08930127 0.9955585 0.029808396
vn 0.2984305 0.8875684 -0.35094383
vn 0.36935076 0.3905384 -0.8432436
vn 0.072122514 0.83348703 -0.54781175
vn 0.3560814 0.8024404 -0.47884798
vn 0.2392668 0.8801478 -0.4099893
vn 0.31881782 0.82420594 -0.46801683
vn 0.08385937 0.9271764 -0.36511847
vn 0.7299564 0.4314837 -0.5300806
vn 0.3970096 0.80851334 -0.43438414
vn 0.008934345 0.99259555 -0.12113712
vn 0.09820145 0.97869587 -0.18030779
vn 0.02166643 0.734537 -0.67822266
vn -0.005943715 0.9994089 -0.033860996
vn 0.31746814 0.8857306 -0.3386669
vn 0.015186215 0.99722475 0.07288466
vn 0.06501935 0.95288867 -0.2962696
vn 0.00017319889 0.9978214 0.06597334
vn 0.44849443 0.5385276 -0.71333075
vn 0.023036439 0.999733 0.0018138657
vn 0.015610028 0.54047406 -0.84121585
vn 0.039730582 0.9401812 -0.3383501
vn 0.045524158 0.9008936 -0.43164593
vn -0.101908185 0.88115615 -0.46171266
vn 0.13754766 0.93089324 -0.33840576
vn 0.046717163 0.963675 -0.26296005
vn -0.057021074 0.87593824 -0.47904158
vn -0.015527257 0.9045058 -0.42617863
vn -0.1809493 0.9360854 -0.3016644
vn 0.03562574 0.9133595 -0.40559235
vn -0.014839036 0.9581012 -0.28604516
vn -0.31190997 0.8377208 -0.44825882
vn -0.2452905 0.82118773 -0.5152507
vn -0.034306798 0.011132741 -0.99934936
vn -0.13026701 0.8212035 -0.5555676
vn -0.16896404 0.9392578 -0.2987405
vn -0.31979927 0.8433204 -0.43190166
vn -0.3398842 0.88852763 -0.30821645
vn -0.36530995 0.8400668 -0.40104413
vn 0.03312419 0.57722515 -0.81591296
vn -0.11945083 0.97549766 -0.18475881
vn -0.23635383 0.8962602 -0.37530583
vn -0.30722845 0.9046026 -0.295474
vn -0.16994824 0.9812688 0.09071466
vn -0.70174193 -0.010992851 -0.7123464
vn 0.055562165 0.97290015 -0.22445087
vn -0.14460519 0.9889524 0.032595925
vn -0.14987195 0.98628324 0.06916449
vn -0.32001334 0.8054822 -0.49878845
vn -0.08592209 0.98917 -0.118995875
vn -0.21833587 0.9234302 -0.31560442
vn -0.50642663 0.38024732 -0.77391475
vn -0.17882708 0.89490855 -0.40885153
vn -0.20098658 0.9002991 -0.38609067
vn -0.11014599 0.97757363 -0.17949265
vn -0.07635773 0.9962866 -0.03978204
vn -0.14632477 0.9107117 -0.38625547
vn 0.13287024 0.77812415 -0.613896
vn -0.012968751 0.8507262 -0.5254491
vn -0.08048372 0.9361698 -0.34221107
vn -0.0029204206 0.97201663 -0.23489377
vn 0.0031374504 0.7845705 -0.62003165
vn -0.4213147 0.3678854 -0.82894766
vn -0.12677996 0.9420399 -0.31062457
vn 0.3264696 0.54816025 -0.77002466
vn -0.10025629 0.99034864 0.09569866
vn 0.42934793 0.6441297 -0.6330539
vn 0.06388071 0.99245733 -0.10463121
vn -0.121196546 0.9921589 0.030530654
vn 0.0026906617 0.9138436 -0.40605748
vn -0.011840479 0.8873555 -0.46093386
vn 0.05606361 0.6857233 -0.72569996
vn 0.08622274 0.9916851 -0.09553179
vn -0.45814905 -0.25582266 -0.85126626
vn -0.010822212 0.946431 -0.32272473
vn 0.039830472 0.92575 -0.3760325
vn 0.14768423 0.9471859 -0.28465477
vn 0.1328722 0.51409227 -0.84738076
vn 0.09007361 0.9938987 0.0636565
vn 0.1766032 0.91741234 -0.35660324
vn 0.36320612 0.849413 -0.38285628
vn 0.15571687 0.9876362 -0.018081078
vn 0.2027315 0.96357876 -0.17440169
vn 0.21018074 0.8993578 -0.38337913
vn 0.14325844 0.92896813 -0.34131393
vn 0.15869461 0.9846419 0.072775565
vn 0.25467917 0.89588183 -0.3640526
vn 0.29753146 0.7435456 -0.59884477
vn 0.1996104 0.9797265 0.01707832
vn 0.31640694 0.94461405 -0.08712617
vn 0.31206316 0.820363 -0.47918802
vn 0.5893699 0.49763203 -0.6364004
vn 0.2782238 0.9601594 -0.026179625
vn 0.30474186 0.92492527 -0.22725669
vn 0.26769915 0.90777147 -0.32293674
vn 0.40954676 0.79952025 -0.43936184
vn 0.5021479 0.6934063 -0.51675445
vn 0.3227513 0.93813646 -0.12542573
vn 0.37477154 0.92545295 -0.05552606
vn 0.37780544 0.8769372 -0.29705915
vn 0.38894624 0.42783982 -0.8158884
vn 0.4272701 0.89505965 -0.12770458
vn 0.3844988 0.8585956 -0.3390786
vn 0.2519897 0.9545168 0.15936996
vn 0.43130645 0.8459561 -0.31358096
vn 0.45370305 0.885932 -0.096322104
vn 0.44634545 0.8189594 -0.36066777
vn 0.4760573 0.82401705 -0.30718952
vn 0.51214314 0.7660696 -0.38839
vn 0.5490618 0.8223164 -0.14942203
vn 0.25294155 0.96224445 0.1005293
vn 0.49057683 0.70572066 -0.51116794
vn 0.6802547 0.18467024 -0.709331
vn 0.68275255 0.59397036 -0.4254975
vn 0.6633044 0.63663447 -0.39334953
vn 0.41735002 0.9021369 0.109398045
vn 0.570541 0.7713974 -0.28183153
vn 0.6332773 0.6847586 -0.36064607
vn 0.54064554 0.812269 -0.2189098
vn 0.55845743 0.8210359 -0.11842844
vn 0.6212904 0.72112703 -0.30655187
vn 0.34211022 0.89950967 -0.2717405
vn 0.45057806 0.8366847 -0.3113488
vn 0.27084076 0.936121 -0.22432731
vn 0.31250492 0.90805835 -0.27887404
vn 0.5448496 0.7774304 -0.31423062
vn 0.4226909 0.904586 -0.055286538
vn 0.59548646 0.7389708 -0.3151476
vn 0.47322685 0.8739479 -0.11077642
vn 0.48123798 0.8517014 0.20740005
vn 0.6017492 0.79149294 0.10694339
vn 0.5342309 0.81284523 0.23212066
vn 0.375441 0.874965 -0.30574542
vn 0.42689747 0.8005017 -0.42066088
vn 0.3337232 0.9190875 -0.20953995
vn 0.10620016 0.9413276 -0.32034966
vn 0.1705667 0.9148259 -0.36606088
vn 0.6633269 0.74660856 -0.05072491
vn 0.27834108 0.9554465 -0.098225825
vn 0.35642117 0.9287466 -0.10194964
vn 0.21580605 0.94404805 -0.24940142
vn 0.6487823 0.69619405 -0.30723834
vn 0.14028163 0.95444244 -0.26336408
vn -0.024514098 0.9991687 -0.03257289
vn -0.03214516 0.9874393 -0.15469426
vn 0.6280256 0.7731252 0.08866443
vn 0.33429325 0.8179937 -0.46811786
vn 0.3291109 0.92592037 -0.18535776
vn 0.4458145 0.84106845 -0.30635485
vn 0.68565154 0.514481 -0.51496726
vn 0.44794717 0.7349041 -0.50917506
vn 0.2708844 0.9130494 -0.30489746
vn 0.3716566 0.9154998 0.15405014
vn 0.2993334 0.9526728 -0.05304823
vn 0.20899251 0.9351593 0.2860055
vn 0.16344309 0.98628736 0.02288126
vn -0.09743781 0.99522537 -0.005686998
vn 0.33360812 0.86258703 -0.38032782
vn 0.10763531 0.9777897 0.17983875
vn -0.04861952 0.9985275 -0.024059638
vn 0.61325634 0.74727917 -0.25591117
vn 0.65544206 0.6333753 -0.41137758
vn 0.011408937 0.9999255 0.0043472764
vn 0.45523822 0.87938184 -0.139448
vn 0.30341923 0.9322929 -0.1968928
vn 0.32529876 0.9206404 -0.21587497
vn 0.7044386 0.4757372 -0.526726
vn 0.527657 0.5220708 -0.67008966
vn 0.49524674 0.8323488 -0.24884962
vn 0.45315644 0.8290849 0.32751724
vn 0.29382303 0.88234 0.36761957
vn 0.53400123 0.6919508 -0.48584646
vn 0.746923 0.50889105 -0.42794377
vn 0.12597468 0.9898878 -0.065212205
vn 0.4158919 0.8628581 -0.28724515
vn 0.36131826 0.7731619 0.52121955
vn 0.5653735 0.7901273 0.2367525
vn 0.6962404 0.703068 -0.14472282
vn 0.70994097 0.6259958 -0.32266554
vn 0.5792587 0.7888754 -0.20526803
vn 0.4096734 0.89026415 -0.19899099
vn 0.4809476 0.83782935 -0.25832412
vn 0.80875677 0.46800452 -0.35620815
vn 0.4251264 0.87601215 0.2277504
vn 0.3954419 0.9158513 -0.06958558
vn 0.50563437 0.84676546 -0.16529411
vn 0.31705663 0.9463302 0.06272398
vn 0.37473905 0.8492711 0.37189946
vn 0.51857406 0.82486033 -0.22513628
vn 0.527809 0.76552427 -0.36795405
vn 0.52343696 0.8232451 0.21972995
vn 0.65242773 0.7055141 -0.27674535
vn 0.6287438 0.75682795 -0.17858504
vn 0.47491348 0.78013754 0.40723774
vn 0.67505574 0.6929236 0.25329143
vn -0.84948283 0.49460393 -0.18370043
vn -0.8468432 0.35023674 0.40023854
vn -0.9865114 0.089974016 -0.13674758
vn -0.970731 -0.19928339 0.13404243
vn -0.9943755 -0.032773796 0.100713514
vn -0.80213267 0.034067553 0.59617335
vn -0.5009117 -0.17206861 0.8482216
vn -0.24302351 0.7130387 0.65765905
vn -0.6463316 0.52135134 0.55717885
vn -0.66678935 0.0844746 0.7404431
vn -0.24215499 0.6931554 0.6788936
vn -0.42285475 0.5556847 0.7158271
vn -0.8805574 -0.057920568 0.4703869
vn -0.13202825 0.26592395 0.9549099
vn -0.84043276 0.39989203 0.36573097
vn -0.90398943 0.387086 0.18156959
vn -0.8622821 0.482322 0.15438592
vn -0.7082707 0.696308 0.11622257
vn -0.5101852 0.69609696 0.50513375
vn -0.333581 0.9312666 0.14651375
vn -0.6422814 -0.20037405 0.73981404
vn -0.7556976 0.6142752 0.227128
vn -0.7375126 0.66460687 0.11988687
vn -0.7983035 0.59714526 0.07828857
vn -0.63704145 0.7533342 0.16329652
vn -0.12956846 0.95233124 0.27618337
vn -0.8333187 0.22385263 0.5054403
vn -0.39836285 0.8577753 0.32485166
vn -0.02564897 0.98264885 0.18369359
vn -0.07845878 0.34426603 0.9355881
vn -0.013757816 -0.9218887 0.38721043
vn 0.4178017 0.80964994 0.41219983
vn 0.45654476 0.7424554 0.49023145
vn 0.47528225 0.6584331 0.58358604
vn 0.4854998 0.8621734 0.14473091
vn 0.9666427 -0.1091875 0.23168951
vn 0.5330691 0.82040733 -0.20680706
vn 0.750457 0.03074507 -0.6602038
vn 0.91646034 -0.19555281 -0.34908384
vn 0.9920723 -0.08865494 0.0890666
vn 0.82878345 -0.28458965 -0.4817953
vn 0.96253765 0.017144917 -0.27060544
vn 0.9483157 0.03972637 0.31483197
vn 0.8462043 -0.42080864 -0.32689202
vn 0.83313113 -0.023590218 0.5525722
vn 0.9479735 -0.31800073 0.014892376
vn 0.7253198 -0.087436065 0.68283683
vn 0.8968673 -0.19937517 0.39481467
vn 0.39581025 -0.096185096 0.91328126
vn -0.098182335 -0.4400103 0.8926092
vn -0.10177554 -0.0855734 0.99112004
vn 0.30599084 -0.44112647 0.8436688
vn 0.57821304 0.48546243 0.65574074
vn 0.24152438 -0.14363946 0.959705
vn -0.60499346 -0.5905927 0.53402543
vn -0.64868236 -0.29236883 0.70266044
vn -0.059624262 -0.27742052 0.95889664
vn -0.22466987 -0.35814384 0.906232
vn -0.5853278 0.43989772 0.6810884
vn -0.88399136 0.33480194 0.32629275
vn 0.5330691 0.82040733 -0.20680706
vn 0.750457 0.03074507 -0.6602038
vn -0.23628344 0.9212997 -0.30883172
vn 0.4854998 0.8621734 0.14473091
vn 0.17543693 0.6683958 -0.7228201
vn -0.09142778 0.979226 -0.18099019
vn 0.57821304 0.48546243 0.65574074
vn 0.41394937 0.9057115 -0.091283105
vn 0.57821304 0.48546243 0.65574074
vn 0.41394937 0.9057115 -0.091283105
vn -0.22466987 -0.35814384 0.906232
vn 0.1528245 0.93543303 -0.3187628
vn 0.07574921 0.98142207 -0.1762749
vn 0.39872745 -0.1670433 -0.9017278
vn 0.7850883 -0.6146194 -0.076677136
vn 0.14368439 0.65445995 -0.74231863
vn -0.81510544 0.07510031 0.5744241
vn -0.8278904 -0.55309945 -0.0931582
vn 0.30039483 -0.08622518 -0.94990957
vn -0.90212035 -0.123390295 0.4134655
vn -0.22291718 0.9715587 -0.079885304
vn -0.18641733 0.90520644 -0.38190293
vn -0.88819146 -0.450887 -0.08841285
vn 0.96253765 0.017144917 -0.27060544
vn 0.6456275 -0.15274896 -0.74821985
vn 0.91646034 -0.19555281 -0.34908384
vn 0.750457 0.03074507 -0.6602038
vn 0.66011924 0.08260358 -0.74660516
vn 0.82878345 -0.28458965 -0.4817953
vn 0.8462043 -0.42080864 -0.32689202
vn 0.5363865 -0.5633531 -0.6284288
vn 0.9479735 -0.31800073 0.014892376
vn 0.1800926 -0.8251565 -0.5354282
vn 0.17543693 0.6683958 -0.7228201
vn 0.30039483 -0.08622518 -0.94990957
vn -0.73547155 -0.6305769 -0.24789989
vn 0.082940765 -0.37810153 -0.92204124
vn 0.45504597 0.20445521 -0.8666783
vn -0.7802368 -0.42012966 -0.46338066
vn 0.14368439 0.65445995 -0.74231863
vn -0.44785437 -0.39599198 -0.80163383
vn -0.88819146 -0.450887 -0.08841285
vn -0.5009117 -0.17206861 0.8482216
vn -0.13202825 0.26592395 0.9549099
vn 0.41177866 0.05006373 0.9099077
vn 0.7504031 -0.30131015 0.58830893
vn 0.038094793 -0.5034854 0.86316353
vn 0.47528225 0.6584331 0.58358604
vn -0.42285475 0.5556847 0.7158271
vn 0.4178017 0.80964994 0.41219983
vn 0.7092553 0.4609543 0.5333649
vn 0.9378586 -0.0047806064 0.34698474
vn 0.45654476 0.7424554 0.49023145
vn 0.6146397 0.75501883 0.22839567
vn -0.39836285 0.8577753 0.32485166
vn -0.02564897 0.98264885 0.18369359
vn 0.79115516 0.3297987 0.51507896
vn -0.07845878 0.34426603 0.9355881
vn -0.12956846 0.95233124 0.27618337
vn 0.7645502 0.6193385 0.17855743
vn 0.7177774 0.68154657 0.14244252
vn 0.9310158 0.3522237 0.09564536
vn 0.82761157 0.41437587 0.37861815
vn 0.98473054 -0.14219655 -0.10042848
vn 0.53824824 0.8284174 0.15496273
vn 0.7814985 0.5908662 0.20034264
vn 0.45880413 -0.8634543 0.20963177
vn 0.674517 0.6193269 0.40182215
vn 0.62209576 0.7750287 0.11102871
vn 0.6912551 0.7157642 0.099237144
vn 0.90371007 0.42391512 -0.06003394
vn 0.1015393 0.44032198 0.8920798
vn 0.835161 0.49175015 0.24634913
vn 0.9136414 0.39820862 -0.08178785
vn 0.76757294 0.6344621 0.09104762
vn 0.1800926 -0.8251565 -0.5354282
vn 0.9479735 -0.31800073 0.014892376
vn -0.098182335 -0.4400103 0.8926092
vn -0.10177554 -0.0855734 0.99112004
vn -0.8512617 -0.49472833 0.17492114
vn -0.73547155 -0.6305769 -0.24789989
vn -0.60499346 -0.5905927 0.53402543
vn -0.86496615 -0.5015767 0.015949974
vn -0.22466987 -0.35814384 0.906232
vn 0.7850883 -0.6146194 -0.076677136
vn -0.8278904 -0.55309945 -0.0931582
vn -0.81510544 0.07510031 0.5744241
vn -0.64868236 -0.29236883 0.70266044
vn -0.7802368 -0.42012966 -0.46338066
vn 0.082940765 -0.37810153 -0.92204124
vn -0.9506392 -0.3081275 0.03664121
vn -0.5853278 0.43989772 0.6810884
vn 0.24152438 -0.14363946 0.959705
vn -0.93518573 -0.23236051 0.2672757
vn -0.90212035 -0.123390295 0.4134655
vn -0.059624262 -0.27742052 0.95889664
vn -0.7842647 -0.59250635 0.1840249
vn -0.91497225 0.39995366 -0.053505108
vn -0.88399136 0.33480194 0.32629275
vn -0.8629978 -0.4067866 0.299599
vn -0.98371917 -0.07074414 -0.16520241
vn -0.85183454 -0.50257516 0.14763501
vn -0.44785437 -0.39599198 -0.80163383
vn -0.22291718 0.9715587 -0.079885304
vn -0.88819146 -0.450887 -0.08841285
vn -0.18641733 0.90520644 -0.38190293
vn 0.8426206 -0.08913674 -0.53107923
vn 0.005297806 -0.35331297 -0.9354902
vn -0.39879903 -0.44626606 -0.8011279
vn 0.54852915 -0.24051335 -0.8007928
vn 0.86245 -0.30203137 -0.40614906
vn 0.35591727 -0.63142693 -0.68892884
vn 0.9049414 0.009985333 -0.42541912
vn 0.10410271 0.0072916434 -0.9945398
vn 0.9471523 -0.04873543 -0.31706056
vn 0.681364 0.52284664 -0.51222503
vn 0.97914803 0.023094095 -0.20183107
vn 0.93430823 0.28562438 -0.21327642
vn 0.40773848 -0.9054973 -0.11757527
vn -0.17816591 0.42422754 -0.88785577
vn 0.1759049 0.5881667 -0.78937787
vn -0.3351298 0.08198629 -0.93859804
vn 0.5550905 0.44192263 -0.7046836
vn 0.79447705 0.57598513 -0.19247693
vn 0.3484763 0.50855845 -0.787358
vn 0.1408171 -0.9535045 -0.26645768
vn 0.35531917 -0.22343841 -0.90764725
vn 0.9378586 -0.0047806064 0.34698474
vn 0.98473054 -0.14219655 -0.10042848
vn 0.9310158 0.3522237 0.09564536
vn 0.7711011 0.5162367 -0.37269658
vn 0.6594585 0.3720374 -0.6532248
vn 0.13890179 -0.5749396 -0.80631924
vn 0.45880413 -0.8634543 0.20963177
vn 0.90371007 0.42391512 -0.06003394
vn 0.3767964 -0.7296559 -0.57063717
vn -0.049802925 0.38389197 -0.92203397
vn 0.85555553 0.27270198 -0.44006628
vn 0.92814744 -0.36666465 -0.06402623
vn 0.59844047 -0.44015336 -0.6694281
vn 0.85555553 0.27270198 -0.44006628
vn 0.92814744 -0.36666465 -0.06402623
vn 0.97500587 0.17003772 -0.14300622
vn 0.8285552 0.40760902 -0.38386348
vn 0.85428023 0.109790236 -0.50808597
vn 0.9136414 0.39820862 -0.08178785
vn 0.9975316 0.01105812 -0.069342755
vn 0.13890179 -0.5749396 -0.80631924
vn 0.97500587 0.17003772 -0.14300622
vn 0.9136414 0.39820862 -0.08178785
vn 0.7913022 0.5098589 -0.33746803
vn 0.76757294 0.6344621 0.09104762
vn 0.81647694 -0.44133613 -0.37227386
vn 0.6624636 0.63742113 -0.39349237
vn 0.7939478 0.40577736 -0.45275998
vn 0.8048724 -0.4154519 -0.423769
vn 0.7672247 0.3962939 -0.50429887
vn 0.7635147 -0.48691177 -0.42421952
vn 0.55529463 0.76655567 -0.32255277
vn 0.7788458 0.46018276 -0.42618197
vn 0.103595026 0.98642135 0.12744015
vn 0.75349325 -0.4996648 -0.42729735
vn 0.25838417 0.8616008 0.4369001
vn 0.91306746 0.32619813 -0.24474996
vn -0.25341514 0.38571972 0.8871308
vn 0.18378177 -0.9169949 0.3540403
vn -0.22466987 -0.35814384 0.906232
vn 0.41394937 0.9057115 -0.091283105
vn 0.7850883 -0.6146194 -0.076677136
vn -0.013757816 -0.9218887 0.38721043
vn 0.79115516 0.3297987 0.51507896
vn -0.07845878 0.34426603 0.9355881
vn 0.21658799 -0.93903357 0.267031
vn 0.456213 0.7774758 0.43289855
vn 0.33317214 -0.85101503 0.40591836
vn 0.29456148 0.68788433 0.66336167
vn 0.1271502 -0.95320094 0.2743006
vn 0.2110881 -0.010541462 0.9774102
vn 0.13854359 -0.5818796 0.8013874
vn -0.24265312 -0.2821989 0.9281612
vn 0.25838417 0.8616008 0.4369001
vn 0.0671523 -0.9888233 0.13311288
vn -0.25341514 0.38571972 0.8871308
vn 0.18378177 -0.9169949 0.3540403
vn 0.91306746 0.32619813 -0.24474996
vn 0.53824824 0.8284174 0.15496273
vn 0.79115516 0.3297987 0.51507896
vn 0.456213 0.7774758 0.43289855
vn 0.05803477 0.9924689 0.10787712
vn 0.62209576 0.7750287 0.11102871
vn 0.6912551 0.7157642 0.099237144
vn 0.24117939 0.9660728 0.092389956
vn 0.13308676 0.9726413 0.19041224
vn 0.1015393 0.44032198 0.8920798
vn 0.835161 0.49175015 0.24634913
vn -0.4838718 0.5078899 0.7126822
vn 0.086418316 0.99049836 0.10698095
vn 0.76757294 0.6344621 0.09104762
vn -0.06940407 0.8986999 0.4330376
vn -0.52971816 0.5817898 0.6171866
vn -0.3834459 0.8383751 0.3874229
vn 0.6624636 0.63742113 -0.39349237
vn 0.29456148 0.68788433 0.66336167
vn -0.15986943 0.9770691 0.1406336
vn 0.16319846 0.9836384 0.07630032
vn -0.5444785 0.6700539 0.5045503
vn -0.21556167 0.91732645 0.3347317
vn -0.1298209 0.96711653 0.2187055
vn 0.55529463 0.76655567 -0.32255277
vn -0.39139912 0.8402004 0.37532642
vn 0.103595026 0.98642135 0.12744015
vn 0.25838417 0.8616008 0.4369001
vn 0.2110881 -0.010541462 0.9774102
vn 0.04849457 -0.4040857 -0.91343474
vn -0.7262324 -0.14457864 -0.672074
vn -0.5977996 -0.07142808 -0.7984571
vn -0.36288688 -0.6440095 -0.6734723
vn 0.1277699 -0.45971832 -0.8788253
vn -0.68461674 0.097439565 -0.72236097
vn 0.049128313 -0.22990735 -0.9719717
vn -0.09605736 -0.4743389 -0.87508607
vn 0.39281356 -0.63734925 -0.6629355
vn -0.17770854 -0.21051636 -0.9613025
vn -0.15026619 -0.57471246 -0.8044412
vn 0.46036893 -0.14845932 -0.87522584
vn 0.57460684 -0.20377214 -0.79265624
vn -0.39397 0.62426627 -0.67459565
vn 0.918079 0.067699015 -0.39057362
vn -0.1733357 0.89069724 -0.42025363
vn 0.18914813 0.43444338 -0.8806145
vn -0.068086244 0.046727337 -0.9965846
vn -0.15281194 0.28317192 -0.94681686
vn -0.6150963 -0.5244608 -0.5887252
vn -0.38716578 -0.33804098 -0.8578059
vn -0.10038614 0.0073284786 -0.99492157
vn 0.17491736 -0.29050046 -0.9407515
vn 0.2650158 -0.58727974 -0.7647674
vn -0.1740475 -0.4441027 -0.8789086
vn 0.20957454 0.008934665 -0.97775185
vn 0.6281724 -0.40539074 -0.6641218
vn 0.5119043 -0.58686686 -0.6273287
vn -0.13711464 -0.7975648 -0.5874436
vn 0.08927153 -0.5243341 -0.8468201
vn 0.07275759 -0.34565 -0.9355386
vn 0.5930518 -0.27327797 -0.75736964
vn 0.58949083 -0.47004262 -0.65693265
vn 0.46469098 -0.51021993 -0.72369736
vn 0.05382837 -0.36439675 -0.9296868
vn 0.136607 -0.56759024 -0.81189895
vn 0.09253983 -0.54169714 -0.8354643
vn -0.46129766 -0.802412 -0.37860194
vn -0.6068934 -0.784904 -0.12492418
vn -0.08068009 0.92997247 -0.35866687
vn -0.08435161 0.73387444 -0.67402756
vn -0.8512553 -0.506977 -0.13542032
vn -0.9094797 -0.35769364 0.21190089
vn -0.77816665 -0.6224385 0.08382741
vn -0.7026899 -0.58455193 0.40561804
vn -0.5759492 -0.7823195 0.23718934
vn -0.4371247 -0.8182153 0.3734243
vn -0.62123686 -0.6570053 0.42709345
vn -0.8568458 -0.11042733 0.5036081
vn -0.5283988 -0.5885074 0.61192626
vn -0.27514714 -0.9074907 0.31741878
vn -0.28498724 -0.9224045 0.26067632
vn -0.5245035 -0.8421695 0.125086
vn -0.17071566 -0.50827163 0.8441067
vn -0.95134115 -0.3069006 0.02760438
vn -0.70824105 -0.70545256 -0.027042774
vn -0.00890395 -0.99438334 -0.105463
vn -0.087949745 -0.9870707 0.1340013
vn -0.30450767 -0.951508 0.043676894
vn -0.06774724 -0.9974902 0.020580325
vn -0.058755565 -0.95371807 0.29490608
vn -0.916372 -0.17547712 0.35981965
vn 0.034011465 -0.96734816 0.2511588
vn 0.24740723 -0.9670926 -0.059343632
vn -0.4489199 -0.4911783 0.74646825
vn -0.1083787 -0.9936541 0.03009436
vn 0.13282762 -0.974696 0.1797904
vn 0.036402885 -0.98985356 -0.13734886
vn 0.09852208 -0.99426275 -0.041652508
vn 0.03413971 -0.67740667 0.7348161
vn -0.052718714 -0.9985963 -0.005107865
vn -0.10231581 0.14860316 0.98358965
vn 0.11630162 -0.99201274 -0.04883343
vn -0.015681589 -0.9595612 0.28106284
vn 0.08904065 -0.9951362 0.042138606
vn 0.022886282 -0.7956435 0.6053326
vn -0.012593386 -0.9825 0.18583633
vn -0.045470037 -0.9856423 0.1626089
vn 0.062245853 -0.97046167 0.23308712
vn -0.035963718 -0.9562168 0.29044116
vn -0.009812147 -0.9687546 0.24782705
vn -0.17188957 -0.98472667 -0.027702028
vn 0.7258877 0.15520765 0.67007285
vn 0.030954164 -0.9954314 0.09032208
vn 0.056358792 -0.9982319 -0.018889831
vn 0.34181845 -0.938601 -0.046779323
vn -0.0071074353 -0.83907175 0.54397434
vn 0.30412367 -0.90063685 0.31042245
vn 0.9353165 0.01641492 0.35343117
vn 0.27501076 -0.9058387 0.32221934
vn 0.474817 -0.84860384 0.23328166
vn 0.544204 -0.8389276 -0.006514003
vn 0.45098922 -0.50534683 0.7356856
vn 0.76480734 -0.6087594 0.21090688
vn 0.6095538 -0.5941685 0.52479327
vn 0.968322 -0.24323048 0.056492783
vn 0.9678866 -0.25026476 0.023728115
vn 0.9467244 -0.31065646 0.084884785
vn 0.43571848 -0.8407836 0.32129794
vn 0.835701 -0.24769092 0.49015614
vn 0.49495274 -0.77988577 0.38314486
vn 0.7091978 -0.08915157 0.69935006
vn 0.65116334 -0.68836105 0.31960192
vn 0.7833146 -0.58828634 0.20084186
vn 0.71615994 -0.48846698 0.49851277
vn 0.7527773 -0.5162182 0.4084668
vn 0.71188927 -0.68494904 0.15510789
vn 0.9505921 -0.2867895 0.11885454
vn 0.7535054 -0.6276901 -0.19553712
vn 0.8863107 -0.3593695 0.2920734
vn 0.941747 -0.31668007 -0.113253385
vn 0.8863388 -0.4568601 0.075382166
vn -0.9078149 -0.100600325 -0.40712607
vn -0.6717024 0.3998123 -0.6236714
vn -0.6493903 0.68757105 -0.32486665
vn -0.84682256 0.31231892 -0.4305211
vn -0.6145197 -0.5497514 -0.56580824
vn -0.6150963 -0.5244608 -0.5887252
vn -0.6780585 0.65627664 -0.3309647
vn -0.7149556 -0.099906065 -0.69199514
vn -0.4095276 0.8902395 -0.19940105
vn -0.15024632 -0.8248864 -0.54496646
vn -0.4502765 0.20115075 -0.86993647
vn -0.70417863 0.69682306 -0.13627194
vn -0.77909 0.58529377 -0.22461063
vn -0.38269752 0.91755086 -0.10790311
vn -0.77763295 0.12631004 -0.6159
vn -0.50896484 0.8513082 -0.12739366
vn -0.35802314 0.39105406 -0.84787744
vn 0.072122514 0.83348703 -0.54781175
vn -0.6780585 0.65627664 -0.3309647
vn -0.3583274 0.93090594 -0.07082109
vn -0.20236847 0.9791635 0.016906057
vn -0.047967304 0.9987734 0.012282544
vn -0.4095276 0.8902395 -0.19940105
vn -0.10582849 0.99376464 0.03510296
vn -0.018799597 0.99456125 0.1024427
vn 0.008934345 0.99259555 -0.12113712
vn -0.10426368 0.98764807 -0.11696336
vn -0.4502765 0.20115075 -0.86993647
vn 0.056439023 0.9955397 0.07559988
vn 0.32941407 0.88385624 -0.33209112
vn 0.039213445 0.98486835 -0.16880953
vn 0.31881782 0.82420594 -0.46801683
vn 0.06501935 0.95288867 -0.2962696
vn 0.055562165 0.97290015 -0.22445087
vn 0.04847147 0.998729 0.013817525
vn 0.010578299 0.35435876 -0.9350497
vn 0.55426943 0.5631587 -0.61289287
vn -0.10605915 0.6715016 -0.73337376
vn 0.015444655 0.9986812 0.048963107
vn 0.27224195 0.92717564 -0.25735125
vn -0.12973721 0.88498414 -0.44718155
vn -0.21287337 -0.08753323 -0.97315097
vn 0.2427478 0.9697929 -0.02398322
vn -0.43214715 -0.3667706 -0.8238496
vn -0.049306538 0.95983815 -0.2761876
vn -0.5473461 0.13601388 -0.8257799
vn 0.66788805 0.58427733 -0.4610266
vn -0.030488525 0.91120154 -0.41083106
vn -0.7423457 0.5675744 -0.35606495
vn 0.14301197 0.98955446 0.01815303
vn -0.62060624 -0.111975476 -0.776086
vn 0.06539336 0.98462725 -0.16196576
vn -0.85986865 -0.30250162 -0.4112404
vn 0.29008538 0.95650387 -0.030834798
vn -0.6968675 -0.53325194 -0.47960198
vn -0.08278488 0.39806965 -0.9136122
vn 0.5682833 0.79564065 -0.20978564
vn -0.34562218 -0.17967093 -0.9210123
vn 0.6323159 0.7399639 -0.2294124
vn 0.49620897 0.8602692 -0.117105246
vn 0.34022036 0.89382267 -0.2921149
vn 0.69372696 0.70906323 -0.12638135
vn 0.79562616 -0.22075278 -0.56413406
vn -0.6145197 -0.5497514 -0.56580824
vn -0.13711464 -0.7975648 -0.5874436
vn -0.6150963 -0.5244608 -0.5887252
vn -0.38716578 -0.33804098 -0.8578059
vn -0.1740475 -0.4441027 -0.8789086
vn -0.056199584 -0.9170606 -0.3947675
vn -0.7149556 -0.099906065 -0.69199514
vn 0.027132334 -0.9124106 -0.40837574
vn 0.08927153 -0.5243341 -0.8468201
vn 0.015616527 -0.93827546 -0.34553617
vn -0.15024632 -0.8248864 -0.54496646
vn 0.07999909 -0.6810171 -0.72788453
vn -0.0052244994 -0.93534356 -0.3537021
vn -0.014927826 -0.78557533 -0.61858594
vn -0.4502765 0.20115075 -0.86993647
vn 0.010578299 0.35435876 -0.9350497
vn -0.0521192 -0.8924871 -0.44805175
vn 0.38027126 -0.2947375 -0.87665474
vn -0.01060315 -0.9307561 -0.36548692
vn -0.11874396 -0.4787312 -0.86989444
vn 0.007793713 -0.91013885 -0.4142301
vn 0.34360492 -0.72444934 -0.5975858
vn -0.009713531 -0.74990183 -0.6614778
vn 0.0721314 -0.35324395 -0.93274635
vn 0.28665063 -0.7833274 -0.5515702
vn 0.7885778 -0.13608626 -0.5996879
vn 0.32516244 -0.6000255 -0.73091644
vn 0.6064246 -0.60199785 -0.5194688
vn 0.7032179 -0.5237367 -0.4808164
vn 0.6586083 -0.47751126 -0.5815652
vn 0.88676786 -0.046742536 -0.45984545
vn 0.31881782 0.82420594 -0.46801683
vn 0.7299564 0.4314837 -0.5300806
vn 0.74496526 0.28434366 -0.6034695
vn 0.2909397 0.746185 -0.5988005
vn 0.44849443 0.5385276 -0.71333075
vn 0.5172078 -0.1949625 -0.8333581
vn 0.32941407 0.88385624 -0.33209112
vn 0.55426943 0.5631587 -0.61289287
vn -0.10605915 0.6715016 -0.73337376
vn -0.034306798 0.011132741 -0.99934936
vn -0.21287337 -0.08753323 -0.97315097
vn -0.43214715 -0.3667706 -0.8238496
vn -0.6968675 -0.53325194 -0.47960198
vn -0.70174193 -0.010992851 -0.7123464
vn -0.50642663 0.38024732 -0.77391475
vn -0.5473461 0.13601388 -0.8257799
vn -0.4213147 0.3678854 -0.82894766
vn -0.030488525 0.91120154 -0.41083106
vn -0.62060624 -0.111975476 -0.776086
vn -0.08278488 0.39806965 -0.9136122
vn -0.85986865 -0.30250162 -0.4112404
vn -0.62060624 -0.111975476 -0.776086
vn -0.7423457 0.5675744 -0.35606495
vn -0.6968675 -0.53325194 -0.47960198
vn -0.34562218 -0.17967093 -0.9210123
vn -0.45814905 -0.25582266 -0.85126626
vn -0.34996384 -0.49400753 -0.7959157
vn 0.1328722 0.51409227 -0.84738076
vn 0.34022036 0.89382267 -0.2921149
vn 0.32032332 -0.44685313 -0.83529353
vn 0.79562616 -0.22075278 -0.56413406
vn 0.47110793 -0.64480156 -0.60190386
vn 0.38894624 0.42783982 -0.8158884
vn 0.55370784 -0.6894101 -0.46703464
vn 0.5743056 -0.6826321 -0.45187
vn 0.7372551 0.60362875 -0.30345878
vn 0.6802547 0.18467024 -0.709331
vn 0.7200435 0.23842385 -0.65168357
vn 0.7445392 0.15328734 -0.6497418
vn 0.621736 -0.67119616 -0.40365836
vn 0.74185145 -0.41592434 -0.525988
vn 0.8106187 -0.06809751 -0.58160126
vn 0.70767796 -0.5858362 -0.39495304
vn 0.865967 0.0308948 -0.49914595
vn 0.8775115 -0.16512367 -0.4502308
vn 0.83376074 -0.4112137 -0.36843765
vn 0.91123974 -0.15060414 -0.38335434
vn 0.877369 -0.39664602 -0.26999176
vn 0.87918776 0.26047537 -0.39897546
vn 0.9460154 0.034894638 -0.3222378
vn 0.89379555 -0.30563295 -0.32820424
vn 0.91398394 -0.094760686 -0.39452985
vn 0.08927153 -0.5243341 -0.8468201
vn 0.17428233 -0.24737602 -0.95311636
vn 0.05382837 -0.36439675 -0.9296868
vn 0.07999909 -0.6810171 -0.72788453
vn 0.09253983 -0.54169714 -0.8354643
vn -0.05640315 -0.38747647 -0.92015254
vn -0.050618675 -0.17802407 -0.98272336
vn -0.11874396 -0.4787312 -0.86989444
vn -0.049920134 -0.194362 -0.97965884
vn -0.088516355 -0.49481767 -0.8644769
vn 0.0721314 -0.35324395 -0.93274635
vn -0.14543691 -0.2177487 -0.9651081
vn -0.4034678 -0.45901018 -0.7915323
vn -0.5433109 -0.21203421 -0.81231445
vn 0.14577782 -0.036875382 -0.9886299
vn -0.2855099 0.11245412 -0.9517553
vn 0.18346551 0.26028794 -0.9479402
vn -0.32420582 -0.24358939 -0.9140869
vn 0.32516244 -0.6000255 -0.73091644
vn 0.18920103 0.15985076 -0.9688399
vn 0.4794501 -0.0794007 -0.87396973
vn 0.3056387 -0.038142696 -0.9513833
vn 0.19972143 -0.3672806 -0.9084142
vn -0.32374886 -0.6009528 -0.7307821
vn 0.6064246 -0.60199785 -0.5194688
vn 0.6586083 -0.47751126 -0.5815652
vn 0.12513058 0.10760113 -0.9862882
vn 0.11471599 -0.6924312 -0.7123056
vn 0.30820593 -0.39334068 -0.8661941
vn 0.45221126 0.47229296 -0.7566005
vn -0.2448009 0.47932562 -0.84280455
vn -0.58136225 0.0015579341 -0.81364334
vn 0.22299685 -0.20200771 -0.9536589
vn 0.88676786 -0.046742536 -0.45984545
vn 0.2330745 -0.7093346 -0.6652222
vn -0.47406062 -0.3567711 -0.8049726
vn -0.009747046 -0.46641353 -0.8845131
vn 0.31881782 0.82420594 -0.46801683
vn 0.74496526 0.28434366 -0.6034695
vn 0.32941407 0.88385624 -0.33209112
vn 0.5172078 -0.1949625 -0.8333581
vn 0.031220512 0.8761849 0.48096296
vn 0.52471733 0.81601924 0.24245483
vn 0.16044495 0.9515134 0.2624494
vn 0.6404164 0.70349485 0.30815873
vn -0.1860513 0.8594834 0.47610205
vn -0.10231581 0.14860316 0.98358965
vn 0.7258877 0.15520765 0.67007285
vn 0.27224195 0.92717564 -0.25735125
vn 0.38027126 -0.2947375 -0.87665474
vn 0.010578299 0.35435876 -0.9350497
vn 0.48001266 0.7361451 0.4771565
vn 0.8412197 0.38708627 0.37750965
vn -0.046894606 0.8341746 0.5495031
vn 0.74370664 0.59862286 0.29757538
vn 0.80158144 0.49370313 0.3372305
vn 0.4395273 0.68660283 0.5791307
vn 0.81745785 0.53034633 0.22471175
vn 0.66788805 0.58427733 -0.4610266
vn 0.90239793 0.38541573 0.1926984
vn 0.9353165 0.01641492 0.35343117
vn 0.8546612 0.13217372 0.50207996
vn 0.38022617 0.4745192 0.7938889
vn 0.34360492 -0.72444934 -0.5975858
vn 0.8321835 0.4962238 0.24745227
vn 0.7383101 0.19123448 0.64678246
vn 0.93168974 0.19830501 0.30435073
vn 0.9340489 0.32893762 0.13911402
vn 0.8079557 0.05454344 0.58671343
vn 0.96866137 0.21898866 0.11721414
vn 0.968322 -0.24323048 0.056492783
vn 0.9678866 -0.25026476 0.023728115
vn 0.9467244 -0.31065646 0.084884785
vn 0.7885778 -0.13608626 -0.5996879
vn 0.5682833 0.79564065 -0.20978564
vn 0.89979476 0.014426479 0.43607485
vn 0.54585356 0.490847 0.67905307
vn 0.57110196 0.46201384 0.67851734
vn 0.73048043 0.42107016 0.5376786
vn 0.5254376 0.42661962 0.73614603
vn 0.69929254 0.43120527 0.5701333
vn 0.835701 -0.24769092 0.49015614
vn 0.8068934 0.357433 0.4702815
vn 0.12967478 0.6737793 0.7274654
vn 0.8341785 0.1606048 0.5275911
vn 0.38206688 0.88748944 -0.25765762
vn 0.60563207 0.7918507 -0.07862796
vn 0.5726831 0.6678579 -0.47539455
vn 0.31672898 0.6666641 -0.674716
vn 0.63220805 0.45017323 -0.6306006
vn 0.7837904 0.35127705 0.5121299
vn 0.6001638 0.43115336 0.6737285
vn 0.5167423 0.37105 -0.77155644
vn 0.696208 0.18946089 -0.69238645
vn 0.5848321 0.4165365 0.69603795
vn 0.21495031 0.8691846 0.4453251
vn 0.68588 0.70325756 0.18707606
vn 0.794622 -0.21304312 -0.5684967
vn 0.90048504 -0.095699154 -0.4242268
vn 0.7384556 -0.131487 -0.6613581
vn 0.6323159 0.7399639 -0.2294124
vn 0.8890302 0.27342212 0.3672405
vn 0.88498735 0.44857734 0.12480299
vn 0.751217 0.11461342 -0.6500283
vn 0.87942415 0.011494594 -0.47590026
vn 0.8049083 0.2827091 0.5217262
vn 0.8965691 -0.21765397 -0.38573396
vn 0.75075084 -0.23585962 -0.6170441
vn 0.73429024 -0.037374627 -0.67780596
vn 0.61774325 -0.15079913 -0.7717855
vn 0.76292753 0.21970181 0.60800713
vn 0.9093844 0.006291283 0.41590905
vn 0.7091978 -0.08915157 0.69935006
vn 0.7568381 -0.16183734 0.6332494
vn 0.8381428 0.2975097 0.45717025
vn 0.9160389 0.13437718 0.3779094
vn 0.8789834 0.19181506 -0.43657213
vn 0.80735916 0.15604407 0.5690531
vn 0.81740415 0.37216038 0.43971252
vn 0.91238683 0.22095591 0.34457037
vn 0.7892235 0.55499035 -0.2628917
vn 0.8578864 0.29988122 -0.41725555
vn 0.7855104 0.5588989 -0.26571682
vn 0.6095538 -0.5941685 0.52479327
vn 0.8914091 0.3175871 0.32330835
vn 0.88648796 0.34334457 -0.31024763
vn 0.49620897 0.8602692 -0.117105246
vn 0.7961361 0.42890206 0.42686105
vn 0.7032179 -0.5237367 -0.4808164
vn 0.967406 0.19466066 0.16196592
vn 0.91943115 0.39132154 0.038907796
vn 0.8397109 0.34642333 -0.41818234
vn 0.68957824 0.35886082 -0.6290475
vn 0.71615994 -0.48846698 0.49851277
vn 0.96849376 0.04092573 0.245652
vn 0.7833146 -0.58828634 0.20084186
vn 0.95833206 0.2815402 -0.048320077
vn 0.94020516 0.052326698 -0.33656535
vn 0.65410423 0.37542263 0.6566624
vn 0.8737311 0.35511875 0.3323924
vn 0.9830007 0.10465949 0.15085092
vn 0.8029555 0.27801237 -0.5272301
vn 0.989337 -0.106648974 0.09918802
vn 0.9723417 -0.069538824 -0.22297075
vn 0.90150696 -0.24145667 -0.35914332
vn 0.91281956 0.39302927 0.11085305
vn 0.7978712 0.47165766 -0.37542063
vn 0.5893699 0.49763203 -0.6364004
vn 0.8501897 -0.19026531 -0.49089366
vn 0.7511347 0.4280232 0.5025861
vn 0.8784764 -0.121658675 0.4620373
vn 0.99344635 0.058667626 0.09809423
vn 0.89873654 0.4069655 -0.16325347
vn 0.68275255 0.59397036 -0.4254975
vn 0.5021479 0.6934063 -0.51675445
vn 0.69372696 0.70906323 -0.12638135
vn 0.88676786 -0.046742536 -0.45984545
vn 0.87359387 0.2615433 0.4104009
vn 0.97477233 0.17153813 0.14280622
vn 0.992215 0.04233599 -0.11712023
vn 0.97098714 -0.17755912 -0.16017728
vn 0.92299455 0.29082435 -0.25199655
vn 0.9480802 0.23938183 -0.20938085
vn 0.87284154 0.44839293 -0.19259144
vn 0.79822713 0.4269649 0.42489338
vn 0.9505921 -0.2867895 0.11885454
vn 0.990931 0.09758711 -0.09237173
vn 0.9847281 -0.095561996 0.14552833
vn 0.899002 0.3131066 -0.30620196
vn 0.86977744 0.38594007 0.3074694
vn 0.99036497 -0.046100903 0.13058306
vn 0.7527773 -0.5162182 0.4084668
vn 0.9488155 0.31154117 0.05187671
vn 0.9727956 -0.20746586 -0.10308557
vn 0.7372551 0.60362875 -0.30345878
vn 0.79562616 -0.22075278 -0.56413406
vn 0.85424685 0.01406069 -0.51967734
vn 0.8863107 -0.3593695 0.2920734
vn 0.6543038 0.69186383 -0.30530474
vn 0.45221126 0.47229296 -0.7566005
vn 0.61911464 0.7467757 -0.24294671
vn 0.941747 -0.31668007 -0.113253385
vn 0.9799622 -0.14146796 -0.1402172
vn 0.2682987 0.89799505 -0.34874162
vn 0.6715571 0.23373131 0.70312214
vn 0.7604979 0.34509748 0.550046
vn 0.92353904 0.3561019 -0.14236262
vn 0.97968507 0.13163517 -0.1512921
vn 0.47177166 0.82756954 -0.30423698
vn 0.6462908 0.65155387 -0.39722252
vn 0.3087334 0.76442415 -0.5659853
vn 0.32444608 0.867775 -0.37643233
vn 0.5538431 0.14594232 -0.8197309
vn 0.86375004 0.42069536 0.27740103
vn 0.94814014 0.09264865 0.30405015
vn 0.90681773 -0.34284064 -0.24523848
vn 0.7535054 -0.6276901 -0.19553712
vn 0.93396926 0.13845296 -0.3294423
vn 0.970771 -0.057237092 -0.23308264
vn 0.7200435 0.23842385 -0.65168357
vn 0.43127742 0.83224356 -0.3483826
vn 0.59296 0.7282935 -0.3434924
vn 0.6313 0.13002709 0.7645609
vn 0.74455184 0.16401273 0.6471031
vn 0.9179888 0.38346332 0.101254456
vn 0.88096017 0.40044138 -0.25210303
vn 0.78549314 0.5937732 -0.17445323
vn 0.5490618 0.8223164 -0.14942203
vn 0.41735002 0.9021369 0.109398045
vn 0.6017492 0.79149294 0.10694339
vn 0.9833721 0.14765674 0.10572022
vn 0.7445392 0.15328734 -0.6497418
vn 0.6802547 0.18467024 -0.709331
vn 0.29753146 0.7435456 -0.59884477
vn 0.8863388 -0.4568601 0.075382166
vn 0.9561221 0.28949493 -0.044979956
vn 0.70754135 0.04287778 0.70536995
vn 0.9647635 -0.16727845 0.20309912
vn 0.97482175 -0.2201948 0.035167933
vn 0.9973657 -0.02370188 -0.06855527
vn 0.9156229 0.3843825 -0.11783378
vn 0.78273726 0.18440083 -0.59440625
vn 0.8383792 0.35315293 0.41521484
vn 0.8542834 0.46780702 -0.2266196
vn 0.49057683 0.70572066 -0.51116794
vn 0.51214314 0.7660696 -0.38839
vn 0.7410251 0.526306 -0.41699386
vn 0.6633044 0.63663447 -0.39334953
vn 0.69791716 0.09444415 0.70992386
vn 0.7642128 0.04769981 0.64319795
vn 0.66233534 0.035305046 0.7483752
vn 0.8811774 0.39264295 0.2633589
vn 0.8058898 0.038193334 0.59083235
vn 0.6332773 0.6847586 -0.36064607
vn 0.5448496 0.7774304 -0.31423062
vn 0.44634545 0.8189594 -0.36066777
vn 0.61627 0.69957703 -0.3616674
vn 0.9187236 0.38810027 0.07297336
vn 0.48346305 0.78000015 -0.39732006
vn 0.8190169 0.22568077 0.5275221
vn 0.79162526 0.024471607 -0.61051667
vn 0.80142975 0.3859829 -0.4568671
vn 0.9027509 0.41164538 -0.12485533
vn 0.58557016 0.6665036 -0.4613898
vn 0.55543035 0.7900271 -0.25952715
vn 0.80538553 0.15431114 0.572313
vn 0.80690193 0.46833724 -0.35995764
vn 0.74185145 -0.41592434 -0.525988
vn 0.7465862 0.589246 -0.30886596
vn 0.8784759 0.112114884 0.4644463
vn 0.76604253 0.5144758 -0.3853485
vn 0.77122253 0.5818216 -0.25826216
vn 0.6487823 0.69619405 -0.30723834
vn 0.8760788 0.095226966 -0.47267085
vn 0.7497499 -0.22031009 -0.62397003
vn 0.8495751 0.51022375 -0.1337679
vn 0.45315644 0.8290849 0.32751724
vn 0.9112843 0.21892612 0.34875813
vn 0.7402215 0.67124623 0.038737986
vn 0.8106187 -0.06809751 -0.58160126
vn 0.86520475 0.06501817 0.49718544
vn 0.6212904 0.72112703 -0.30655187
vn 0.8123857 0.491574 -0.31366298
vn 0.5998968 0.76447463 -0.23601362
vn 0.5342309 0.81284523 0.23212066
vn 0.59548646 0.7389708 -0.3151476
vn 0.68565154 0.514481 -0.51496726
vn 0.93990153 0.28398022 0.1895794
vn 0.865967 0.0308948 -0.49914595
vn 0.77015644 0.16203618 0.6169306
vn 0.90908307 0.25849193 0.32672605
vn 0.5653735 0.7901273 0.2367525
vn 0.77573633 0.4372115 -0.45505965
vn 0.20899251 0.9351593 0.2860055
vn 0.757326 0.5079341 -0.41043904
vn 0.84460366 -0.20913295 -0.492857
vn 0.89890206 0.26247695 -0.3508289
vn 0.9366179 0.18443482 0.29787692
vn 0.93416464 0.35675794 0.0077597736
vn 0.7044386 0.4757372 -0.526726
vn 0.61325634 0.74727917 -0.25591117
vn 0.8649997 0.43074447 -0.25736105
vn 0.44794717 0.7349041 -0.50917506
vn 0.81874645 0.2670363 0.5082774
vn 0.9254379 0.19434924 0.32525837
vn 0.8812048 0.20117381 0.4277935
vn 0.926636 0.16136004 -0.33957133
vn 0.9052727 0.42420426 -0.023065677
vn 0.7872682 0.44700423 -0.4247305
vn 0.71176744 0.6884519 0.13935974
vn 0.746923 0.50889105 -0.42794377
vn 0.8775115 -0.16512367 -0.4502308
vn 0.7735567 0.5361721 -0.33783054
vn 0.9281221 0.26309675 0.26338086
vn 0.527657 0.5220708 -0.67008966
vn 0.6717226 0.23245339 -0.7033876
vn 0.75579816 0.26108596 0.6005025
vn 0.81191516 0.42005295 -0.40540022
vn 0.93644387 0.33230743 0.112448335
vn 0.65544206 0.6333753 -0.41137758
vn 0.87918776 0.26047537 -0.39897546
vn 0.91123974 -0.15060414 -0.38335434
vn 0.7775937 0.40255085 0.4830123
vn 0.90616393 0.30179375 -0.2962894
vn 0.9173147 -0.20309906 -0.34246823
vn 0.36131826 0.7731619 0.52121955
vn 0.51210326 0.7719201 0.37668234
vn 0.83376074 -0.4112137 -0.36843765
vn 0.85904837 0.34535086 0.3778474
vn 0.74998915 0.61811703 0.23547305
vn 0.79270333 -0.117806174 0.59811634
vn 0.80875677 0.46800452 -0.35620815
vn 0.70994097 0.6259958 -0.32266554
vn 0.8173447 0.56987154 -0.08481761
vn 0.45523822 0.87938184 -0.139448
vn 0.6962404 0.703068 -0.14472282
vn 0.5792587 0.7888754 -0.20526803
vn 0.84149253 0.49395925 -0.2188482
vn 0.49524674 0.8323488 -0.24884962
vn 0.7804147 0.5232043 0.34235966
vn 0.81577617 0.44259998 -0.37230968
vn 0.8543687 0.33726573 -0.39535552
vn 0.95394516 0.05808902 -0.29430297
vn 0.7398771 0.3290682 -0.5867674
vn 0.82783806 0.44717634 -0.33869964
vn 0.91769874 0.22315921 -0.3286776
vn 0.8232558 0.44095385 0.35750473
vn 0.5843271 0.7426462 0.32716736
vn 0.53400123 0.6919508 -0.48584646
vn 0.82842505 0.045352392 -0.55826074
vn 0.8660431 0.36369798 -0.34306437
vn 0.89379555 -0.30563295 -0.32820424
vn 0.781305 0.18767785 0.5952642
vn 0.73613536 0.5127926 0.44175616
vn 0.83608025 0.47960126 -0.266369
vn 0.9460154 0.034894638 -0.3222378
vn 0.60571605 0.6935584 0.38998052
vn 0.670948 0.5515743 0.49557495
vn 0.8859433 0.45016712 -0.11159771
vn 0.7476153 0.43402317 0.50268805
vn 0.8301305 0.2638079 -0.4912115
vn 0.75249934 0.52935916 -0.39182094
vn 0.527809 0.76552427 -0.36795405
vn 0.7829798 0.59046257 -0.19569527
vn 0.91398394 -0.094760686 -0.39452985
vn 0.9508147 -0.12435342 -0.2837033
vn 0.7948668 0.42314276 -0.43489885
vn 0.54719526 0.79263365 -0.26890382
vn 0.877369 -0.39664602 -0.26999176
vn 0.980227 0.05546084 -0.18994512
vn 0.93248516 0.08954836 -0.34993222
vn 0.8751543 0.11607697 -0.46971378
vn 0.811617 0.28957826 0.50736797
vn 0.63482124 0.6011887 0.4853598
vn 0.62620044 0.71347845 -0.31435895
vn 0.8322484 0.48271737 -0.2726657
vn 0.5817529 0.69679016 0.41957963
vn 0.8931088 -0.030895153 -0.4487786
vn 0.8318379 -0.07929885 0.5493245
vn 0.31705663 0.9463302 0.06272398
vn 0.5799856 0.81239176 0.060301736
vn 0.3954419 0.9158513 -0.06958558
vn 0.69805664 0.6984867 -0.15758571
vn 0.50563437 0.84676546 -0.16529411
vn 0.91725457 0.2830323 -0.28024414
vn 0.81210756 0.19704601 -0.5492305
vn 0.6945139 0.7040462 -0.14822061
vn 0.51857406 0.82486033 -0.22513628
vn 0.6611226 0.70568705 -0.25479928
vn 0.9185222 -0.25227517 -0.3044245
vn 0.65242773 0.7055141 -0.27674535
vn 0.9091965 0.2274789 -0.3487336
vn 0.4251264 0.87601215 0.2277504
vn 0.77488077 0.4799281 -0.4113743
vn 0.89363205 0.34201992 -0.2905928
vn 0.4612339 0.6352245 0.61947805
vn 0.80887353 -0.14290787 -0.5703516
vn 0.6791467 0.7314896 -0.06068535
vn 0.6287438 0.75682795 -0.17858504
vn 0.74105406 0.63899934 -0.20620076
vn 0.4809476 0.83782935 -0.25832412
vn 0.9371644 0.18128935 -0.29808897
vn 0.8137947 0.20652556 0.54321766
vn 0.667731 0.54386044 0.50828254
vn 0.8518731 0.4194625 -0.31362942
vn 0.8636376 0.45021117 -0.22680385
vn 0.6344898 0.6633095 0.39679113
vn 0.94102097 0.005454822 -0.33830434
vn 0.718527 0.6316625 -0.29106948
vn 0.75359535 0.3765202 0.5388196
vn 0.47491348 0.78013754 0.40723774
vn 0.9075685 0.20763741 -0.36497405
vn 0.8349164 0.47611502 -0.27609614
vn 0.94986665 -0.11645259 -0.29015872
vn 0.59219486 0.80252254 -0.07254507
vn 0.8445509 0.041114178 0.5338946
vn 0.7743715 0.45224303 0.4425212
vn 0.52343696 0.8232451 0.21972995
vn 0.5756443 0.81563246 0.058115166
vn 0.88352525 0.07039211 -0.4630638
vn 0.9092394 0.37555376 -0.17956364
vn 0.63556063 0.75298375 -0.17052321
vn 0.9603705 0.074737966 -0.2685197
vn 0.8396653 0.52852196 -0.12500694
vn 0.7451039 0.6409545 -0.1843841
vn 0.9571797 0.15663353 -0.24346022
vn 0.962301 -0.05799843 -0.265731
vn 0.83969617 -0.3053724 -0.44906357
vn 0.6073643 0.7885191 -0.09667609
vn 0.77216876 0.59181726 -0.23131739
vn 0.96100664 -0.058586694 -0.27024776
vn 0.8857901 0.29233375 -0.36043987
vn 0.96980643 0.1522936 -0.19047876
vn 0.9564264 0.22489071 -0.18620633
vn 0.7873061 0.57791626 -0.21485329
vn 0.95928353 -0.0005231393 -0.28244448
vn 0.9743163 0.21266118 -0.074047215
vn 0.82754874 0.5015504 -0.25221086
vn 0.6666474 0.5365945 0.51734674
vn 0.5850337 0.77206904 -0.24828407
vn 0.7366821 0.54601175 0.39896202
vn 0.8131923 0.46168053 0.3543577
vn 0.9837849 -0.018598566 -0.17838548
vn 0.85234535 0.46427506 -0.24074063
vn 0.9761323 0.063337505 -0.20773587
vn 0.7488798 0.610563 0.25766632
vn 0.69613445 0.6251613 -0.35294494
vn 0.8617145 0.4323541 -0.26555237
vn 0.91993177 -0.14934579 -0.3625208
vn 0.8095771 0.3259655 0.48819202
vn 0.67505574 0.6929236 0.25329143
vn 0.9065581 -0.0520891 -0.41885453
vn 0.97763455 0.17110778 -0.12228191
vn 0.8536839 0.462424 -0.23955755
vn 0.962661 0.10851212 -0.24800982
vn 0.9387758 0.24063091 -0.2465701
vn 0.7828126 0.57309186 -0.24242558
vn 0.85983676 0.38399154 -0.3364986
vn 0.88367796 0.20802966 -0.41932908
vn 0.8819404 0.42803538 0.1974
vn 0.78310823 0.5786709 0.22777505
vn 0.75542647 0.43836534 -0.4869976
vn 0.907914 0.1589361 -0.38785496
vn 0.893222 0.29872608 -0.33603168
vn 0.942446 -0.20864616 -0.26127052
vn 0.76238793 0.64347285 0.06861006
vn 0.8818578 0.25702983 0.39530048
vn 0.94865346 0.14297189 -0.28216252
vn 0.8548788 0.45635018 -0.24683358
vn 0.7864223 0.60153556 -0.14033867
vn 0.9090933 0.25529072 -0.32920504
vn 0.87634534 0.44113836 -0.19343174
vn 0.8815954 0.38561025 -0.2722027
vn 0.8879999 0.09262372 0.45041877
vn 0.8364082 0.5444143 0.06351738
vn 0.8999748 0.16673195 -0.40279743
vn 0.89061517 0.15571758 -0.4272665
vn 0.92832524 0.3372647 0.1564123
vn 0.92933077 0.305302 -0.20768966
vn 0.8856787 0.42944944 0.17648345
vn 0.9487421 -0.1939307 -0.24955828
vn 0.9427745 -0.037357558 -0.33133176
vn 0.8880665 0.44343707 0.12124994
vn 0.888956 0.45723778 -0.02628449
vn 0.88470113 0.43700194 -0.16227524
vn 0.9028798 -0.08482226 -0.42144188
vn 0.89419216 0.34157044 -0.2893959
vn 0.84408236 0.40678814 0.34935424
vn 0.9062899 0.42141834 0.032330684
vn 0.96346945 0.030170977 0.2661133
vn 0.8761337 -0.11794188 0.46741793
vn 0.9123658 0.291342 0.28759083
vn 0.93032575 0.22620513 0.28866118
vn 0.9063253 0.41366827 -0.08633111
vn 0.97819376 -0.03490096 -0.20474114
vn 0.9233371 0.38396546 0.0043677525
vn 0.9592547 0.23311141 -0.1596543
vn 0.94273347 0.33006817 0.048047792
vn 0.9663672 0.090955794 -0.24054407
vn 0.9626319 0.13532938 -0.2345759
vn 0.9469627 0.2975652 -0.12131203
vn 0.91798973 0.33672 -0.209558
vn 0.94078964 0.27708295 -0.19529429
vn 0.95457315 0.21723747 -0.20395581
vn 0.97812575 0.096469514 0.18429244
vn 0.9847474 -0.091263734 0.14813326
vn 0.9637471 0.2629177 0.045451783
vn 0.93411064 0.3273474 -0.1424115
vn 0.92961204 -0.12115177 -0.348057
vn 0.9754936 -0.036895223 -0.21691236
vn 0.94553226 0.0032126247 -0.3255126
vn 0.9565124 0.026551036 0.29048085
vn 0.879725 0.46602166 -0.09438109
vn 0.9929142 0.10535612 -0.05496826
vn 0.9747649 0.21051182 0.0742843
vn 0.99510473 -0.073260754 0.06632799
vn 0.99279934 0.10565907 -0.056441348
vn 0.9636262 0.12656568 -0.23538409
vn 0.9405012 0.33903223 0.022685794
vn 0.96455854 0.18699142 -0.18617468
vn 0.99667346 -0.014454743 0.08020629
vn 0.8834461 -0.32333288 0.33908525
vn 0.9433525 0.06236576 -0.32587817
vn 0.921521 0.3881387 0.012139207
vn 0.9101769 0.4107598 -0.05342734
vn 0.92947674 -0.249761 0.27146357
vn 0.9648 0.21768586 0.14755955
vn 0.97880703 0.20468839 -0.006284537
vn 0.94394106 0.32424513 -0.0619706
vn 0.96916586 0.21806884 -0.114732124
vn 0.9593021 0.22880691 -0.16548954
vn 0.96656376 0.23693004 0.09807482
vn 0.8911412 0.12642154 -0.43575794
vn 0.93710726 0.21125063 -0.27785456
vn 0.9547563 -0.17995933 -0.23675928
vn 0.97002554 0.23945974 -0.041345447
vn 0.9905517 0.037136875 -0.13201591
vn 0.9585908 0.086252965 -0.27141136
vn 0.9998004 -0.008022428 -0.018297622
vn 0.9501769 -0.14706565 -0.27483732
vn 0.9488813 -0.3148533 -0.02217137
vn 0.94563615 -0.29487255 -0.13719492
vn 0.9645564 0.25146818 -0.079967245
vn 0.9676336 -0.11913201 0.22246979
vn 0.91691935 0.3890222 -0.08899769
vn 0.97240245 0.17381096 -0.15563795
vn 0.97040725 -0.048637714 -0.23652504
vn 0.89376664 0.036991287 -0.44700435
vn 0.86861455 0.024740947 0.49487036
vn 0.86002487 -0.22920762 0.45587397
vn 0.79455954 -0.00789283 0.607135
vn 0.9445219 0.32844508 0.001468484
vn 0.9286876 0.34676552 -0.13150306
vn 0.9419896 0.0023958378 0.33563346
vn 0.92400795 0.2209532 -0.31207213
vn 0.81117076 0.3772616 -0.44685084
vn 0.7444867 -0.17766616 0.64356375
vn 0.9160723 -0.023442438 0.40032738
vn 0.9660647 0.19786161 0.16604166
vn 0.94070935 0.24853761 -0.23085696
vn 0.79874724 -0.32642454 0.5054205
vn 0.9114383 0.19991888 -0.35960075
vn 0.9613414 0.117408976 0.24907394
vn 0.9434224 0.32133 -0.0818612
vn 0.9322602 0.25784326 -0.2537869
vn 0.93447196 -0.25162733 0.25188458
vn 0.9635839 -0.0038686658 -0.26737833
vn 0.9633649 0.26136687 0.06012821
vn 0.9542371 0.26532272 -0.13796896
vn 0.97858953 0.19613257 0.062406044
vn 0.9822064 -0.058049425 0.178608
vn 0.9759664 -0.18571045 -0.114022814
vn 0.9909282 0.017252358 -0.13328056
vn 0.99607176 0.07324964 -0.049754992
vn 0.98296434 -0.18254162 0.021439852
vn -0.59043497 -0.8065296 0.029942248
vn -0.078338265 0.6104358 0.78818226
vn -0.8930749 0.2997714 -0.33549103
vn 0.18550752 -0.38644835 0.9034626
vn -0.15504482 -0.9730489 0.17069526
vn -0.0957743 0.30593568 0.9472226
vn -0.16181095 -0.86367357 0.4773732
vn -0.0337832 0.8602977 0.50867134
vn -0.4644257 0.33594894 0.8194187
vn -0.16730987 -0.9650494 0.20171031
vn -0.8930749 0.2997714 -0.33549103
vn -0.8245917 -0.31513715 -0.46982667
vn -0.59043497 -0.8065296 0.029942248
vn -0.5739991 0.80877936 -0.12806632
vn -0.6762645 0.60075945 -0.42632657
vn -0.120621234 0.9915443 0.047858763
vn -0.4759444 0.8496386 -0.22713698
vn -0.7420007 0.48942935 -0.45814174
vn -0.8313749 -0.27250665 -0.48430976
vn -0.58098483 0.78605705 -0.2111183
vn -0.8135586 0.38104936 -0.4392309
vn -0.45270252 -0.87606996 -0.16601765
vn -0.733814 0.57504016 -0.36172614
vn -0.88231665 0.080109 -0.4637886
vn -0.83057755 0.43334278 -0.3497928
vn -0.8111426 0.46832055 -0.35031912
vn -0.33803597 -0.9134381 -0.22663318
vn -0.975345 -0.21992983 0.018248111
vn -0.9358056 0.34734267 -0.06017409
vn -0.9085921 0.27688587 -0.31272128
vn -0.97534615 0.13178681 -0.1770088
vn -0.99845237 0.04425476 -0.0336811
vn -0.8596541 0.50811327 0.053063575
vn -0.7115574 0.21370171 -0.66934127
vn -0.7823583 0.03246542 -0.6219819
vn -0.99845237 0.04425476 -0.0336811
vn -0.5634781 0.6816135 -0.46679273
vn -0.9429441 -0.29936752 -0.1457239
vn -0.78056496 -0.5538252 -0.28982058
vn -0.97534615 0.13178681 -0.1770088
vn -0.8596541 0.50811327 0.053063575
vn 0.23414196 -0.37055707 -0.8988131
vn -0.26202783 0.35111848 -0.89892006
vn -0.9429441 -0.29936752 -0.1457239
vn 0.14042193 -0.7423745 -0.65510446
vn -0.32033628 0.68374145 -0.6556541
vn -0.7115574 0.21370171 -0.66934127
vn -0.13511623 -0.9895747 0.049855027
vn -0.98276824 -0.108076684 -0.14995341
vn -0.8626291 -0.46398902 0.20145778
vn -0.86882305 0.44988942 -0.2067511
vn -0.8455921 -0.07953376 0.5278716
vn -0.9277893 -0.11933582 -0.35350528
vn -0.6460566 0.55084246 -0.5283782
vn -0.88908905 -0.34868917 -0.29654086
vn -0.8805355 0.4739406 -0.006128173
vn -0.9821977 0.17917664 0.056421913
vn -0.9598812 0.026782472 -0.279125
vn -0.10779626 0.52434164 -0.8446572
vn 0.29599532 -0.30550873 -0.90501446
vn 0.092084944 0.3539956 -0.9307027
vn 0.54092586 0.12976296 -0.83099985
vn -0.7528173 0.030755276 -0.6575107
vn 0.5184357 0.23331071 -0.8226728
vn -0.27546772 0.5082488 -0.81596607
vn -0.905588 -0.04546063 -0.4217153
vn 0.2485245 -0.96734375 0.04981619
vn -0.10918521 -0.22095916 -0.96915203
vn -0.8113758 -0.23365606 -0.53579307
vn -0.052264825 -0.95118594 -0.30416065
vn -0.2376123 -0.3287137 -0.91405016
vn 0.637995 -0.12669839 -0.75954586
vn 0.4300672 -0.30318272 -0.85036606
vn 0.3536587 -0.8285081 -0.43416572
vn -0.5739991 0.80877936 -0.12806632
vn -0.8930749 0.2997714 -0.33549103
vn -0.078338265 0.6104358 0.78818226
vn -0.0957743 0.30593568 0.9472226
vn 0.16498274 0.93725914 0.30712545
vn -0.120621234 0.9915443 0.047858763
vn 0.41044962 0.84916466 0.33234093
vn -0.0337832 0.8602977 0.50867134
vn 0.1491959 0.9817903 0.11759433
vn 0.4620822 0.7350596 0.49615255
vn 0.31173208 0.9028272 0.296186
vn -0.4759444 0.8496386 -0.22713698
vn 0.5731351 0.47771534 0.66581094
vn 0.12156596 0.88759017 0.44430333
vn -0.4644257 0.33594894 0.8194187
vn -0.083742805 0.98841715 0.12656493
vn -0.03144464 0.99486214 0.096232004
vn -0.58098483 0.78605705 -0.2111183
vn -0.4470578 -0.7204972 0.53011614
vn -0.29431877 0.90183556 0.31633705
vn 0.16939282 0.89534104 0.41191074
vn -0.08686353 0.9904272 0.107278496
vn -0.5787578 0.77510864 0.25346792
vn 0.18233691 0.39790887 0.8991228
vn -0.39777255 0.9068558 0.13924612
vn -0.06011172 0.5144467 0.85541284
vn -0.45406175 0.88469684 0.10554371
vn -0.74798846 0.0020378677 0.6637086
vn -0.6049179 0.7810728 0.15491827
vn -0.9606411 0.20317164 0.18944646
vn -0.59043497 -0.8065296 0.029942248
vn -0.8245917 -0.31513715 -0.46982667
vn -0.15504482 -0.9730489 0.17069526
vn -0.11938819 -0.991449 0.052681465
vn -0.16181095 -0.86367357 0.4773732
vn -0.14516479 -0.9890984 -0.024726955
vn -0.021848593 -0.9976381 0.065121636
vn -0.8313749 -0.27250665 -0.48430976
vn -0.16730987 -0.9650494 0.20171031
vn -0.028444456 -0.9981836 0.053107925
vn -0.45270252 -0.87606996 -0.16601765
vn -0.4470578 -0.7204972 0.53011614
vn -0.4644257 0.33594894 0.8194187
vn -0.045821853 -0.99866337 0.023913987
vn -0.33803597 -0.9134381 -0.22663318
vn -0.060331326 -0.9865923 0.1516435
vn -0.74798846 0.0020378677 0.6637086
vn 0.54092646 -0.79251647 -0.28163138
vn 0.14042193 -0.7423745 -0.65510446
vn -0.14987308 -0.9744308 -0.16739984
vn 0.0133369425 -0.99869365 0.04932734
vn 0.0045368765 -0.9985194 0.054207057
vn 0.009520515 -0.9973355 0.0723276
vn 0.32355115 -0.84656113 0.4226688
vn -0.23913619 -0.880909 0.40842763
vn -0.84911597 -0.42065406 0.3194561
vn -0.7823583 0.03246542 -0.6219819
vn -0.8042899 -0.5927652 -0.041799076
vn 0.47344103 -0.8180868 0.32647753
vn -0.90379643 0.26278389 -0.33778185
vn 0.7613762 -0.4204402 -0.49349397
vn 0.99961555 0.016355986 -0.022387246
vn -0.14987308 -0.9744308 -0.16739984
vn -0.4727641 -0.8759243 0.09618062
vn -0.10918521 -0.22095916 -0.96915203
vn -0.90379643 0.26278389 -0.33778185
vn -0.415785 -0.8961879 -0.15482278
vn 0.075087205 -0.9824986 -0.17046525
vn 0.18299125 -0.939985 0.28799728
vn 0.62612003 -0.6362385 -0.45074856
vn 0.13588876 -0.9906672 0.010615701
vn 0.1067346 -0.99398166 -0.024661291
vn 0.80443436 -0.4988948 -0.3224737
vn 0.0673926 -0.9975132 0.020631343
vn 0.022035394 -0.99732953 0.06962894
vn 0.19502912 -0.94265753 0.27085125
vn 0.7707191 -0.50574327 -0.38757682
vn 0.21836588 -0.81860894 0.53122103
vn 0.62282056 -0.6907623 -0.36734453
vn 0.057815492 -0.9940102 0.092741705
vn 0.12278114 -0.9118579 0.3917141
vn 0.3952109 -0.905266 -0.15589035
vn -0.062010434 -0.92251223 0.3809539
vn 0.11425544 -0.8534008 0.50857913
vn 0.4794501 -0.0794007 -0.87396973
vn 0.14577782 -0.036875382 -0.9886299
vn 0.32516244 -0.6000255 -0.73091644
vn -0.58136225 0.0015579341 -0.81364334
vn -0.2448009 0.47932562 -0.84280455
vn -0.8667393 0.29831567 -0.3997134
vn 0.2682987 0.89799505 -0.34874162
vn -0.85687125 -0.39669237 -0.32925186
vn 0.45221126 0.47229296 -0.7566005
vn -0.5526713 -0.19947621 -0.80917466
vn 0.3087334 0.76442415 -0.5659853
vn -0.47406062 -0.3567711 -0.8049726
vn -0.40915018 -0.55168927 -0.7267978
vn 0.25152275 -0.41942316 -0.87225026
vn -0.049784668 -0.5901865 -0.80573034
vn -0.009747046 -0.46641353 -0.8845131
vn 0.2682987 0.89799505 -0.34874162
vn 0.3087334 0.76442415 -0.5659853
vn -0.8667393 0.29831567 -0.3997134
vn -0.5787578 0.77510864 0.25346792
vn -0.733814 0.57504016 -0.36172614
vn -0.58098483 0.78605705 -0.2111183
vn -0.8596541 0.50811327 0.053063575
vn 0.18233691 0.39790887 0.8991228
vn -0.90064603 0.1421912 0.41063166
vn -0.59836113 0.681829 0.4208007
vn -0.39777255 0.9068558 0.13924612
vn -0.45406175 0.88469684 0.10554371
vn -0.9287849 0.35858157 0.09369002
vn -0.8805355 0.4739406 -0.006128173
vn -0.9358056 0.34734267 -0.06017409
vn -0.06011172 0.5144467 0.85541284
vn -0.9606411 0.20317164 0.18944646
vn -0.7729428 0.579966 0.25729144
vn -0.81714714 0.5593514 0.13927175
vn -0.6049179 0.7810728 0.15491827
vn -0.86882305 0.44988942 -0.2067511
vn -0.8029513 0.4854365 0.34586215
vn -0.7439104 0.647957 0.16355139
vn -0.8384113 0.48935902 0.23998816
vn -0.214082 0.95290583 0.21480079
vn -0.74798846 0.0020378677 0.6637086
vn -0.17721951 0.9120796 0.36973515
vn -0.84911597 -0.42065406 0.3194561
vn -0.28057924 0.9007008 0.33168253
vn -0.9821977 0.17917664 0.056421913
vn -0.82835376 0.36427325 0.4255997
vn 0.014204294 0.9809857 0.19355948
vn 0.18200082 0.80648446 0.56254643
vn -0.36896768 0.6220456 0.6905955
vn -0.435382 -0.52083606 0.7342835
vn -0.8455921 -0.07953376 0.5278716
vn -0.24778415 -0.055359382 0.96723235
vn -0.8626291 -0.46398902 0.20145778
vn -0.98276824 -0.108076684 -0.14995341
vn -0.23913619 -0.880909 0.40842763
vn 0.7464352 0.42857102 0.5090789
vn -0.5854331 0.24708556 0.77215075
vn 0.44016156 0.4867733 0.754526
vn 0.22504956 0.1845149 0.9567168
vn -0.5526713 -0.19947621 -0.80917466
vn 0.3087334 0.76442415 -0.5659853
vn 0.5538431 0.14594232 -0.8197309
vn -0.40915018 -0.55168927 -0.7267978
vn 0.5214713 -0.18700626 -0.83252406
vn 0.25152275 -0.41942316 -0.87225026
vn 0.78273726 0.18440083 -0.59440625
vn 0.79162526 0.024471607 -0.61051667
vn 0.7497499 -0.22031009 -0.62397003
vn 0.87525594 -0.42432982 0.23210184
vn 0.6883948 0.6249231 -0.36821693
vn 0.6191198 0.77360874 0.13498229
vn 0.9930039 0.03949022 -0.11128224
vn 0.79857635 0.5120661 0.3163291
vn 0.8176329 -0.44520992 0.3650542
vn 0.7189891 -0.20316221 -0.66466516
vn 0.9368985 -0.32975727 0.116108865
vn 0.84056157 -0.5413853 0.018926183
vn 0.021013249 -0.21438101 0.97652406
vn 0.9510713 0.25879225 -0.16878939
vn 0.94815314 -0.2160487 0.23308492
vn 0.7922477 -0.2594811 0.55227995
vn 0.33121347 0.9305115 0.15635236
vn 0.96426666 -0.09769898 -0.24626148
vn 0.8703252 -0.49205554 0.02038156
vn 0.78707546 -0.38063413 -0.4854172
vn 0.35222208 0.6358025 -0.6868004
vn 0.5624819 -0.121541806 -0.81782746
vn 0.41466066 0.014853742 0.9098549
vn 0.70277447 -0.6840422 0.1954336
vn 0.3485195 -0.4773644 0.80663335
vn 0.99961555 0.016355986 -0.022387246
vn 0.54092646 -0.79251647 -0.28163138
vn 0.47344103 -0.8180868 0.32647753
vn 0.14042193 -0.7423745 -0.65510446
vn 0.7613762 -0.4204402 -0.49349397
vn -0.7823583 0.03246542 -0.6219819
vn -0.14987308 -0.9744308 -0.16739984
vn 0.11261461 0.51060677 -0.8524076
vn 0.814015 -0.46178338 0.352329
vn -0.47451407 -0.38773498 -0.79025185
vn 0.5284009 -0.7693246 -0.35907122
vn -0.45930168 -0.5740564 -0.67786515
vn 0.88916236 -0.3082055 0.33823025
vn -0.25721648 -0.1316716 0.95734125
vn -0.6200852 -0.75646913 -0.20796339
vn -0.17574829 -0.18888 0.9661454
vn -0.3820235 0.6130235 -0.69156355
vn 0.6883948 0.6249231 -0.36821693
vn 0.7189891 -0.20316221 -0.66466516
vn -0.28286472 0.8645779 -0.41532224
vn 0.6191198 0.77360874 0.13498229
vn 0.33121347 0.9305115 0.15635236
vn 0.5624819 -0.121541806 -0.81782746
vn 0.35222208 0.6358025 -0.6868004
vn -0.11832809 0.9458066 -0.30240425
vn 0.99961555 0.016355986 -0.022387246
vn 0.11261461 0.51060677 -0.8524076
vn -0.22278157 0.60855967 -0.76159275
vn -0.90379643 0.26278389 -0.33778185
vn -0.7406898 0.18880735 -0.6447716
vn 0.27319193 0.8103836 -0.5183093
vn -0.7686018 -0.024921719 -0.63924193
vn 0.033022698 0.9862233 -0.16208985
vn -0.6199263 -0.18991119 0.76133114
vn 0.23320866 0.9066679 -0.3515211
vn -0.72645986 0.6496846 0.22397767
vn -0.34535915 0.3441984 -0.8730719
vn -0.21083578 0.8690256 -0.44759673
vn -0.64549893 0.7367191 -0.20143525
vn 0.59933126 0.45720088 -0.6570916
vn -0.10779626 0.52434164 -0.8446572
vn 0.54092586 0.12976296 -0.83099985
vn 0.42285 0.48420906 -0.7659892
vn -0.27546772 0.5082488 -0.81596607
vn 0.021013249 -0.21438101 0.97652406
vn 0.41466066 0.014853742 0.9098549
vn -0.3591833 -0.1455156 0.92185277
vn 0.3485195 -0.4773644 0.80663335
vn -0.17574829 -0.18888 0.9661454
vn 0.814015 -0.46178338 0.352329
vn -0.6199263 -0.18991119 0.76133114
vn 0.47344103 -0.8180868 0.32647753
vn -0.44982922 -0.38713625 0.8048473
vn -0.90379643 0.26278389 -0.33778185
vn -0.8808432 -0.13712296 0.45311424
vn -0.62604475 0.01037851 0.77971804
vn -0.25721648 -0.1316716 0.95734125
vn -0.72645986 0.6496846 0.22397767
vn -0.96864814 -0.14858243 0.19910812
vn -0.87683403 -0.05869597 0.47719684
vn -0.6200852 -0.75646913 -0.20796339
vn -0.9839887 -0.0015085572 0.17822452
vn -0.214082 0.95290583 0.21480079
vn 0.014204294 0.9809857 0.19355948
vn 0.7041026 0.6811659 0.20063059
vn -0.17721951 0.9120796 0.36973515
vn 0.7381521 0.615684 0.27579835
vn -0.28057924 0.9007008 0.33168253
vn 0.82123524 0.55208576 0.14413184
vn 0.7464352 0.42857102 0.5090789
vn -0.23913619 -0.880909 0.40842763
vn 0.32355115 -0.84656113 0.4226688
vn 0.7110431 0.6364737 0.29886273
vn 0.18200082 0.80648446 0.56254643
vn 0.6396047 0.13136302 0.75739664
vn 0.45930684 0.87957686 0.12402326
vn 0.5079963 0.85404325 0.11202634
vn 0.28058824 0.93011373 0.23697825
vn 0.7877943 0.376344 0.48759136
vn 0.44016156 0.4867733 0.754526
vn 0.9147487 0.36995378 0.16238528
vn 0.22504956 0.1845149 0.9567168
vn 0.82289 0.18622266 0.53681767
vn 0.24928448 0.9618997 0.11227754
vn 0.81254965 0.12364942 0.5696261
vn -0.2405235 0.62287164 0.7444323
vn 0.8048426 0.48208216 0.34615782
vn 0.2157802 0.33602318 0.91680276
vn 0.55436337 -0.047487967 0.83091885
vn 0.56297475 0.16956863 0.8088918
vn 0.97352755 -0.020837814 0.22761784
vn 0.99331343 0.11544776 0.00054171856
vn 0.89293396 0.42102668 -0.15939097
vn 0.8916026 0.26633734 -0.3662093
vn 0.7381398 0.5810146 -0.34288737
vn 0.23840646 0.9435652 0.22988498
vn -0.7406898 0.18880735 -0.6447716
vn 0.11261461 0.51060677 -0.8524076
vn -0.47451407 -0.38773498 -0.79025185
vn 0.5284009 -0.7693246 -0.35907122
vn -0.45930168 -0.5740564 -0.67786515
vn 0.78707546 -0.38063413 -0.4854172
vn -0.6453265 -0.55234426 -0.5277021
vn -0.7686018 -0.024921719 -0.63924193
vn -0.34535915 0.3441984 -0.8730719
vn -0.22278157 0.60855967 -0.76159275
vn -0.6200852 -0.75646913 -0.20796339
vn -0.96864814 -0.14858243 0.19910812
vn -0.80266595 -0.21827304 -0.5550534
vn -0.9607998 -0.054640982 -0.27180523
vn -0.9839887 -0.0015085572 0.17822452
vn -0.72645986 0.6496846 0.22397767
vn -0.64549893 0.7367191 -0.20143525
vn -0.9482486 -0.27130094 -0.16498601
vn -0.87683403 -0.05869597 0.47719684
vn -0.99757487 0.049917717 -0.048503667
vn -0.21083578 0.8690256 -0.44759673
vn -0.8808432 -0.13712296 0.45311424
vn 0.6396047 0.13136302 0.75739664
vn 0.32355115 -0.84656113 0.4226688
vn 0.18299125 -0.939985 0.28799728
vn 0.56297475 0.16956863 0.8088918
vn 0.19502912 -0.94265753 0.27085125
vn 0.21836588 -0.81860894 0.53122103
vn 0.034349076 0.92401123 0.38081935
vn 0.24020748 -0.13119659 0.9618149
vn 0.12278114 -0.9118579 0.3917141
vn -0.14817475 0.9267036 0.34534723
vn -0.14177468 -0.3141695 0.9387212
vn -0.25939324 0.5803002 0.77198887
vn -0.062010434 -0.92251223 0.3809539
vn 0.11425544 -0.8534008 0.50857913
vn 0.7472624 0.44735903 0.49139476
vn 0.28058824 0.93011373 0.23697825
vn 0.45930684 0.87957686 0.12402326
vn 0.7110431 0.6364737 0.29886273
vn 0.09197783 0.98774475 0.12609665
vn 0.5079963 0.85404325 0.11202634
vn 0.24928448 0.9618997 0.11227754
vn -0.012518722 0.9950238 0.09884822
vn 0.2157802 0.33602318 0.91680276
vn 0.81254965 0.12364942 0.5696261
vn -0.2405235 0.62287164 0.7444323
vn -0.22085015 0.9376504 0.26839703
vn -0.5125856 0.5849657 0.6285469
vn 0.56297475 0.16956863 0.8088918
vn 0.23840646 0.9435652 0.22988498
vn 0.8048426 0.48208216 0.34615782
vn 0.034349076 0.92401123 0.38081935
vn -0.3609245 0.87412655 0.32501736
vn -0.24694303 0.902281 0.3534235
vn 0.5995631 0.7379553 -0.30975154
vn 0.49250558 0.8223243 -0.284993
vn -0.14817475 0.9267036 0.34534723
vn -0.139456 0.9544422 0.26380324
vn 0.5785149 0.7175467 -0.38787535
vn -0.25939324 0.5803002 0.77198887
vn 0.49036604 0.8672529 -0.086102284
vn 0.7472624 0.44735903 0.49139476
vn 0.62282056 -0.6907623 -0.36734453
vn 0.8322984 0.123174034 -0.5404697
vn 0.3952109 -0.905266 -0.15589035
vn 0.84037554 0.2358462 -0.4880015
vn 0.93022704 -0.12690642 -0.34434345
vn 0.11425544 -0.8534008 0.50857913
vn 0.49036604 0.8672529 -0.086102284
vn 0.7472624 0.44735903 0.49139476
vn 0.84037554 0.2358462 -0.4880015
vn 0.49036604 0.8672529 -0.086102284
vn 0.93022704 -0.12690642 -0.34434345
vn -0.96759754 -0.24851283 -0.044681188
vn -0.924044 -0.34016997 0.1744336
vn -0.99729717 -0.06944357 0.02399835
vn -0.970836 -0.0976664 -0.21894911
vn -0.9164587 -0.36218923 -0.17006566
vn -0.83612037 -0.5460157 0.05262698
vn -0.9079805 -0.13120517 -0.39794046
vn -0.73822385 -0.47484767 0.47910884
vn -0.9122079 -0.24584313 0.3277772
vn -0.7973005 -0.5995335 -0.069795944
vn -0.79618126 -0.5323523 0.2875698
vn -0.86776835 -0.3271947 -0.37406114
vn -0.79548347 -0.54164296 -0.27171472
vn -0.6132254 -0.73745763 0.28303856
vn -0.78473884 -0.61982656 0.00006691226
vn -0.9536562 -0.24514678 -0.174479
vn -0.85833436 -0.51147205 -0.040723823
vn -0.9711497 -0.22588143 -0.076458305
vn -0.7631373 -0.61852294 0.18721876
vn -0.8377098 -0.50093627 -0.21749759
vn -0.756591 -0.6306267 -0.17285839
vn -0.8671202 -0.4415765 -0.23046196
vn -0.938406 -0.20188156 -0.28042483
vn -0.9423343 0.05019747 -0.3308871
vn -0.89677733 -0.18184054 -0.40339112
vn -0.72675914 -0.6780812 -0.109667644
vn -0.73840964 -0.6552678 -0.15929647
vn -0.7892586 -0.4990821 -0.35775402
vn -0.80851763 -0.5847836 0.06578252
vn -0.6907824 -0.6587258 -0.29816106
vn -0.8605429 -0.32088315 -0.39560077
vn -0.9400311 0.020823937 -0.34045237
vn -0.888027 -0.27409476 -0.36916125
vn -0.95442396 -0.025131142 -0.2973943
vn -0.67977333 -0.6763701 -0.28360495
vn -0.74044 -0.62119704 -0.25663763
vn -0.7334379 -0.67337555 -0.092920445
vn -0.7883656 -0.42972568 -0.44024488
vn -0.67865455 -0.6203341 -0.3932094
vn -0.8685392 -0.38303146 -0.3145258
vn -0.94000435 -0.00946732 -0.34103113
vn -0.69530976 -0.6147857 -0.37226722
vn -0.92323273 -0.28640798 -0.2561479
vn -0.77561957 -0.62372303 -0.09687065
vn -0.7446416 -0.52721566 -0.4093319
vn -0.7897253 -0.55356467 -0.26438615
vn -0.72121704 -0.66676277 0.18781222
vn -0.62339336 -0.5868647 -0.5166919
vn -0.7195786 -0.69427615 0.013683679
vn -0.66492623 -0.711678 -0.22668809
vn -0.6691502 -0.687652 0.28173175
vn -0.84382075 -0.46935213 -0.26014447
vn -0.7994232 -0.5833754 -0.14351204
vn -0.9171485 -0.34291494 0.20309623
vn -0.9258184 -0.25263992 -0.28112885
vn -0.6009908 -0.7235598 -0.3395164
vn -0.970731 -0.19928339 0.13404243
vn -0.5704516 -0.6387392 -0.5163304
vn -0.44777465 -0.6789773 -0.58179694
vn -0.8265468 -0.44425344 -0.3456288
vn -0.75547 -0.5361375 -0.37659213
vn -0.7287554 -0.58013314 -0.36381462
vn -0.8271098 -0.26414505 -0.49610153
vn -0.7658365 -0.5648989 -0.30721933
vn -0.7471194 -0.6624272 0.05479757
vn -0.95524603 -0.0002016921 -0.29581234
vn -0.8166397 -0.49741718 -0.29270405
vn -0.9943755 -0.032773796 0.100713514
vn -0.95061207 -0.118269525 -0.2869651
vn -0.7901357 -0.5244258 -0.31727457
vn -0.71750426 -0.6594178 -0.22440086
vn -0.80595917 -0.45207748 -0.3821725
vn -0.7705924 -0.6364251 0.033918418
vn -0.7625709 -0.5175136 -0.38815624
vn -0.75662243 -0.58806276 -0.2858403
vn -0.39879903 -0.44626606 -0.8011279
vn -0.33463493 -0.9144983 -0.2274033
vn -0.71658134 -0.24966842 -0.6512886
vn -0.7565784 -0.64362097 -0.11550434
vn -0.7290006 -0.5313066 -0.43159163
vn -0.7143415 -0.5611197 -0.41816372
vn -0.5282477 -0.7736307 -0.34992844
vn 0.005297806 -0.35331297 -0.9354902
vn -0.73741716 -0.66325104 0.12772635
vn -0.8979105 -0.037714493 -0.4385594
vn 0.35591727 -0.63142693 -0.68892884
vn -0.71553975 -0.600876 -0.35630172
vn -0.6172498 -0.7200579 -0.31704792
vn 0.54852915 -0.24051335 -0.8007928
vn -0.76047015 -0.349218 -0.5474778
vn -0.6524781 -0.62951773 -0.42187646
vn -0.40549028 -0.76632416 -0.49832204
vn -0.65482295 -0.75208706 -0.07464577
vn -0.7034058 -0.70210266 0.110779576
vn -0.593087 -0.6804554 -0.4303815
vn -0.56286716 -0.66474026 -0.49122387
vn -0.6460846 -0.71579254 -0.2649825
vn -0.44678357 -0.7714621 -0.4530239
vn -0.36288688 -0.6440095 -0.6734723
vn -0.7262324 -0.14457864 -0.672074
vn -0.4158996 -0.7585629 -0.5016072
vn -0.42454687 -0.86370564 -0.27161098
vn -0.5044548 -0.69990927 -0.50562084
vn -0.41853344 -0.7852872 -0.45623872
vn -0.4000943 -0.7605797 -0.511315
vn -0.37817824 -0.7502686 -0.54228985
vn -0.481438 -0.87548196 -0.041817997
vn -0.5026671 -0.85125965 0.15060785
vn -0.27594888 -0.950435 -0.14326753
vn -0.51032615 -0.8543409 -0.09833022
vn -0.92144966 0.2876258 -0.261155
vn -0.8389594 0.2138362 -0.500421
vn -0.6831204 0.58774054 -0.4334831
vn -0.15286188 0.9208812 0.35862386
vn -0.5096418 -0.81796193 -0.26683977
vn -0.13389874 0.99058074 0.028652836
vn -0.8120965 0.17329784 -0.55719584
vn -0.32649732 -0.9335378 -0.14800933
vn -0.6518238 0.64960223 -0.39133447
vn -0.8294335 0.34723055 -0.437574
vn -0.50450665 -0.8254733 -0.25311434
vn -0.84948283 0.49460393 -0.18370043
vn -0.83925706 -0.3650724 -0.40295124
vn -0.9163705 0.20618483 -0.34315145
vn -0.9865114 0.089974016 -0.13674758
vn -0.8827152 0.10484894 -0.4580617
vn -0.9943755 -0.032773796 0.100713514
vn -0.95061207 -0.118269525 -0.2869651
vn -0.7403085 -0.004818015 -0.67225003
vn -0.7802848 -0.4774828 -0.4039379
vn -0.71658134 -0.24966842 -0.6512886
vn 0.10410271 0.0072916434 -0.9945398
vn -0.8557767 0.20233889 -0.4761357
vn -0.47538352 0.39291 -0.78716725
vn -0.63208634 0.1446902 -0.76126975
vn -0.32879952 0.5592984 -0.76097053
vn -0.46925044 0.18781179 -0.86286193
vn 0.1759049 0.5881667 -0.78937787
vn -0.17816591 0.42422754 -0.88785577
vn 0.54852915 -0.24051335 -0.8007928
vn -0.3351298 0.08198629 -0.93859804
vn -0.752041 -0.06723789 -0.65567786
vn 0.3484763 0.50855845 -0.787358
vn 0.35531917 -0.22343841 -0.90764725
vn 0.59844047 -0.44015336 -0.6694281
vn 0.13890179 -0.5749396 -0.80631924
vn -0.049802925 0.38389197 -0.92203397
vn -0.9747368 -0.000012536203 0.22335657
vn -0.98041624 0.19670525 0.009542761
vn -0.99729717 -0.06944357 0.02399835
vn -0.9874615 0.080580264 -0.13574456
vn -0.96759754 -0.24851283 -0.044681188
vn -0.9688199 0.22377035 0.10637097
vn -0.924044 -0.34016997 0.1744336
vn -0.970836 -0.0976664 -0.21894911
vn -0.91234165 0.10130846 0.39669806
vn -0.9122079 -0.24584313 0.3277772
vn -0.91244775 -0.015544698 0.40889785
vn -0.95868385 -0.058158264 0.27846533
vn -0.76621956 -0.22011045 0.6037044
vn -0.9627704 0.26201126 0.066507794
vn -0.9425711 0.33219427 -0.034736678
vn -0.8124314 0.03526059 0.58198965
vn -0.97883916 0.08418523 0.18651192
vn -0.94492716 -0.20279773 0.25687698
vn -0.86899596 -0.21009184 0.4480038
vn -0.90006983 0.43019956 -0.06930127
vn -0.93116105 0.33153707 0.15173076
vn -0.9414788 0.1180478 0.31572527
vn -0.71059024 -0.11777697 0.6936787
vn -0.908327 0.41818422 -0.0080012325
vn -0.9465283 0.32262012 -0.00065359374
vn -0.9828093 0.1837365 -0.018075297
vn -0.9645937 0.25338092 -0.07319218
vn -0.8635854 0.49876505 0.07384912
vn -0.98800135 0.043425478 0.14821467
vn -0.9997055 -0.00025851018 0.024266861
vn -0.96187747 0.20915668 0.1761965
vn -0.9849017 0.16332135 -0.057399224
vn -0.9057569 0.4200808 0.056005236
vn -0.97890186 -0.12657982 0.16040167
vn -0.90292436 0.42974356 0.0069300747
vn -0.9124771 -0.2160335 0.34744087
vn -0.8416747 0.45345336 0.29319587
vn -0.8678016 -0.15597565 0.47179657
vn -0.96835023 -0.00741057 0.24948518
vn -0.89443684 0.33203006 0.29956442
vn -0.9885516 0.12279951 0.08766998
vn -0.7863006 0.5866727 0.19376932
vn -0.9732797 0.22087854 0.06276365
vn -0.8696844 0.14928494 0.4704924
vn -0.7924141 0.5158339 0.32556903
vn -0.80935717 -0.41389138 0.41669527
vn -0.93362594 0.27065834 0.23470546
vn -0.8210135 0.57080287 -0.010992627
vn -0.8295242 -0.13460724 0.54200596
vn -0.63063794 0.77573436 -0.023064883
vn -0.7471889 0.42183533 0.51357925
vn -0.66160274 0.58658487 0.46711892
vn -0.67641866 0.65411633 0.33851087
vn -0.7006469 0.5985958 0.38830018
vn -0.815533 0.1592794 0.55635965
vn -0.50266534 0.86000264 0.08788071
vn -0.5819323 0.71480286 0.38782945
vn -0.67064553 0.57274836 0.47137442
vn -0.44497433 0.85534006 0.26531348
vn -0.47269887 0.73911226 0.4798634
vn -0.6515747 0.66307795 0.3684808
vn -0.75480187 0.4544399 0.4730312
vn -0.8262583 -0.3157237 0.466493
vn -0.32642254 0.8858849 0.32963052
vn -0.8304859 -0.13056174 0.5415227
vn -0.45246068 0.77035165 0.4492635
vn -0.8718537 0.37850946 0.31080812
vn -0.7287923 -0.025255086 0.6842689
vn -0.5977954 0.75494176 0.26963586
vn -0.78298444 0.23176003 0.5772544
vn -0.7792227 0.3419186 0.5252653
vn -0.8738052 0.27260113 0.40268227
vn -0.8534258 0.5175395 0.061784025
vn -0.92192423 0.22014506 0.31873477
vn -0.9398878 0.33381638 0.071954735
vn -0.7057089 0.7006713 0.105045766
vn -0.882988 0.44217947 -0.1575106
vn -0.91339886 0.35376093 0.20138451
vn -0.6829702 0.059291467 0.72803587
vn -0.8334418 0.19003549 0.5189039
vn -0.91672426 0.3994385 -0.008096092
vn -0.8753377 0.14204942 0.46217513
vn -0.4089711 0.90907884 -0.07948753
vn -0.22100875 0.97239745 0.07482197
vn -0.60019636 0.7975958 0.06004418
vn -0.73748535 0.08866926 0.6695171
vn -0.7869143 0.59630424 -0.15870467
vn -0.41336125 0.88547534 0.2122872
vn -0.35008037 0.9365266 -0.019016478
vn -0.87479055 0.31480744 0.36829028
vn -0.34980667 0.8978922 0.26725435
vn -0.6646004 0.7422415 0.085929625
vn -0.7442343 0.08590598 0.6623711
vn -0.83271706 0.24727489 0.49541637
vn -0.45301202 0.8771033 0.1595929
vn -0.4032183 0.9044729 0.13908213
vn -0.8560833 0.4293144 0.28776827
vn -0.63816184 0.0330373 0.7691931
vn -0.67917025 0.20656903 0.70431316
vn -0.8713466 0.3937106 -0.29282603
vn -0.5153061 0.84170884 -0.16120122
vn -0.7659581 0.48948166 -0.41679245
vn -0.7568824 0.37720102 0.53371185
vn -0.70223576 0.035432197 0.7110622
vn -0.7730647 0.46204886 0.43460545
vn -0.9138006 0.376037 0.15350787
vn -0.99621284 -0.0661764 0.05639697
vn -0.9696897 0.24352032 0.019992525
vn -0.9584115 0.16904017 -0.22994083
vn -0.9410358 0.29566878 0.16441278
vn -0.7215597 0.4395512 0.53492653
vn -0.9617781 0.05447275 0.26835716
vn -0.90886134 0.40854406 -0.084040664
vn -0.9481773 -0.30197862 0.098836824
vn -0.9383137 0.28253168 -0.19935694
vn -0.8512553 -0.506977 -0.13542032
vn -0.921168 -0.26237047 -0.28742167
vn -0.96885234 0.0013095399 -0.24763577
vn -0.9136943 0.3303879 -0.23665701
vn -0.64651644 0.06050163 0.7604972
vn -0.8917389 -0.31811658 0.3218751
vn -0.9400271 -0.26212314 -0.21826698
vn -0.66172284 0.29895252 0.68756837
vn -0.77816665 -0.6224385 0.08382741
vn -0.61226475 0.17020833 0.77211463
vn -0.85780257 0.22814754 0.46056858
vn -0.9683346 0.24151942 0.06321725
vn -0.94243956 -0.16469625 -0.29100314
vn -0.93006444 0.00934039 -0.36727768
vn -0.793289 -0.034122746 -0.6078883
vn -0.8141559 -0.17278303 0.5543431
vn -0.98476785 -0.14896676 0.089672655
vn -0.80641073 0.27679956 -0.5225741
vn -0.8786782 0.34019342 0.33495224
vn -0.7723443 0.41262436 0.4829342
vn -0.7026899 -0.58455193 0.40561804
vn -0.8972315 0.42937288 0.10302694
vn -0.74125075 0.4405631 0.50641036
vn -0.9094797 -0.35769364 0.21190089
vn -0.99444044 -0.10451819 -0.012812849
vn -0.9716792 -0.19282573 -0.1365932
vn -0.7899952 0.26221037 -0.5542141
vn -0.86123204 -0.20690522 -0.46418706
vn -0.6527899 0.41172013 0.6358867
vn -0.87669617 0.3052728 0.37176922
vn -0.9391828 0.07434008 0.33527473
vn -0.62123686 -0.6570053 0.42709345
vn -0.9917656 0.098764606 -0.08152629
vn -0.54125756 -0.037707284 0.84001094
vn -0.962688 0.1511021 0.22449926
vn -0.97748476 0.21100065 -0.0014866822
vn -0.9772327 0.20569502 0.052017335
vn -0.9239847 0.26019585 -0.28026837
vn -0.9170423 0.06684737 -0.39314735
vn -0.82940364 0.36164892 -0.425793
vn -0.97415775 0.11511206 0.19433455
vn -0.9986862 0.013747835 0.04936537
vn -0.9539383 -0.120137736 -0.2748976
vn -0.9675266 0.20659441 0.14564002
vn -0.9321094 0.3105854 -0.18630272
vn -0.78744674 0.5993745 -0.14379807
vn -0.6099658 0.43957013 0.6593329
vn -0.846611 -0.21584696 0.486477
vn -0.8681122 0.23521802 0.43709683
vn -0.772434 -0.12136758 -0.62339044
vn -0.83233297 -0.2112718 -0.5124315
vn -0.8568458 -0.11042733 0.5036081
vn -0.86801577 0.14877775 0.47372338
vn -0.7660817 0.64119166 0.04463285
vn -0.80907476 0.06621564 0.58396363
vn -0.8885852 0.41419047 0.19713579
vn -0.71314317 0.41570193 -0.56446326
vn -0.95717806 -0.005404678 0.28944933
vn -0.7034772 0.37393495 0.60439426
vn -0.8652287 0.14186527 0.48088822
vn -0.7898359 0.20397876 0.57840466
vn -0.6914542 0.38916937 0.60863644
vn -0.6469971 0.3346499 0.6851308
vn -0.5938647 0.49366045 0.63531417
vn -0.50335896 0.710883 -0.4911976
vn -0.5522969 0.81413746 0.1792996
vn -0.8585097 -0.031961836 0.5118002
vn -0.48887843 0.7389647 0.46360442
vn -0.83472157 0.08361412 0.54428726
vn -0.5335971 0.24127714 0.81059206
vn -0.5283988 -0.5885074 0.61192626
vn -0.7254541 0.16258064 0.6687929
vn -0.9227909 0.12516223 0.36440554
vn -0.5180822 0.4162093 0.74723536
vn -0.36950564 0.5183167 0.7712415
vn -0.9744611 -0.19520561 0.11099743
vn -0.9418898 0.29892728 0.15325145
vn -0.11856192 0.6176509 0.7774641
vn -0.38552472 0.3763693 0.8424469
vn -0.51916575 0.48289016 0.7051837
vn -0.5245035 -0.8421695 0.125086
vn -0.70824105 -0.70545256 -0.027042774
vn -0.9773349 0.15653102 0.14252913
vn -0.8813288 0.14671578 0.44914803
vn -0.33034134 0.43677303 0.83672214
vn -0.95134115 -0.3069006 0.02760438
vn -0.9161157 0.37139514 0.15098889
vn -0.89506245 0.39515367 0.20668033
vn -0.916372 -0.17547712 0.35981965
vn -0.78649616 0.5793119 0.21405958
vn -0.89697665 0.36403924 0.25081536
vn -0.7189506 0.62612563 0.30178908
vn -0.30450767 -0.951508 0.043676894
vn -0.8233013 0.4989853 0.27053404
vn -0.77724963 0.52500683 0.34677204
vn -0.6516347 0.49033198 0.57874584
vn -0.77597666 0.45764875 0.43407118
vn -0.7306516 0.51233244 0.45129114
vn -0.56626767 0.77124625 0.29072344
vn -0.55356455 0.7904848 0.26210707
vn -0.4489199 -0.4911783 0.74646825
vn -0.10231581 0.14860316 0.98358965
vn -0.1860513 0.8594834 0.47610205
vn -0.046894606 0.8341746 0.5495031
vn -0.5697591 0.6835855 0.45616385
vn 0.031220512 0.8761849 0.48096296
vn 0.16044495 0.9515134 0.2624494
vn 0.48001266 0.7361451 0.4771565
vn -0.73822385 -0.47484767 0.47910884
vn -0.76621956 -0.22011045 0.6037044
vn -0.9122079 -0.24584313 0.3277772
vn -0.5946358 -0.38865268 0.7038163
vn -0.79618126 -0.5323523 0.2875698
vn -0.43949413 -0.70373964 0.55820733
vn -0.71059024 -0.11777697 0.6936787
vn -0.94492716 -0.20279773 0.25687698
vn -0.86899596 -0.21009184 0.4480038
vn -0.83225685 -0.49725243 0.24512972
vn -0.50255024 -0.59440154 0.6277978
vn -0.6132254 -0.73745763 0.28303856
vn -0.9124771 -0.2160335 0.34744087
vn -0.6079264 -0.64864284 0.45791692
vn -0.77123564 -0.52445745 0.3607491
vn -0.7631373 -0.61852294 0.18721876
vn -0.31733283 -0.67124724 0.6698709
vn -0.8678016 -0.15597565 0.47179657
vn -0.80935717 -0.41389138 0.41669527
vn -0.58775234 -0.37857404 0.7150027
vn -0.33149165 -0.56710285 0.75399446
vn -0.56475955 -0.57477516 0.5921826
vn -0.70865554 -0.5701894 0.41556153
vn -0.75672495 -0.424845 0.49686423
vn -0.67734116 -0.6028293 0.4216702
vn -0.6511746 -0.6224103 0.43425456
vn -0.80851763 -0.5847836 0.06578252
vn -0.8295242 -0.13460724 0.54200596
vn -0.47107536 -0.6115797 0.6356558
vn -0.51798207 -0.5026124 0.69215274
vn -0.8262583 -0.3157237 0.466493
vn -0.7559925 -0.51352704 0.40591308
vn -0.39304385 -0.5562086 0.73222166
vn -0.64408237 -0.5798926 0.49888125
vn -0.37943888 -0.48806378 0.7860152
vn -0.5873712 -0.67237395 0.4504535
vn -0.529453 -0.740597 0.4137579
vn -0.72121704 -0.66676277 0.18781222
vn -0.42560217 -0.6331691 0.646498
vn -0.7322368 -0.59151196 0.3375543
vn -0.7906431 -0.5238129 0.31702286
vn -0.6124246 -0.575064 0.54243666
vn -0.7987437 -0.532383 0.2803155
vn -0.26878378 -0.58330077 0.7664956
vn -0.7335408 -0.542903 0.40886953
vn -0.3312576 -0.7485399 0.57441825
vn -0.8287914 -0.48409468 0.28063712
vn -0.72103965 -0.56470686 0.40150714
vn -0.6691502 -0.687652 0.28173175
vn -0.77561957 -0.62372303 -0.09687065
vn -0.80661964 -0.48185974 0.34230974
vn -0.7405752 -0.41390547 0.5293681
vn -0.8304859 -0.13056174 0.5415227
vn -0.9171485 -0.34291494 0.20309623
vn -0.407192 -0.5591809 0.7221575
vn -0.73739004 -0.5366067 0.41025499
vn -0.67778784 -0.31582028 0.6639738
vn -0.61253035 -0.6259286 0.48272148
vn -0.970731 -0.19928339 0.13404243
vn -0.5009117 -0.17206861 0.8482216
vn -0.7287923 -0.025255086 0.6842689
vn -0.6233213 -0.6521121 0.4315326
vn -0.73005 -0.59187984 0.34162134
vn -0.6872876 -0.6334568 0.355483
vn -0.20661981 -0.77060044 0.6028957
vn -0.1797886 -0.73412603 0.6547786
vn -0.13920835 -0.69926256 0.7011796
vn -0.52466595 -0.49585894 0.69198954
vn 0.038094793 -0.5034854 0.86316353
vn -0.5643429 -0.5973307 0.569836
vn -0.5612545 -0.6638687 0.49423856
vn -0.6242437 -0.2596595 0.73681533
vn 0.35591727 -0.63142693 -0.68892884
vn -0.6009908 -0.7235598 -0.3395164
vn -0.33463493 -0.9144983 -0.2274033
vn 0.035843164 -0.77830297 0.6268651
vn -0.4820682 -0.73302406 0.47988117
vn 0.41177866 0.05006373 0.9099077
vn -0.3660832 -0.5922022 0.7178298
vn -0.5641967 -0.8115044 0.1521269
vn 0.86245 -0.30203137 -0.40614906
vn -0.6294938 -0.63719803 0.44465297
vn -0.6874951 -0.6712095 0.2771791
vn -0.32494667 -0.7460761 0.5811885
vn -0.73741716 -0.66325104 0.12772635
vn -0.6092456 -0.120072395 0.7838383
vn -0.6829702 0.059291467 0.72803587
vn -0.41229165 -0.6448133 0.64360815
vn -0.3910333 -0.5459361 0.74097687
vn 0.40773848 -0.9054973 -0.11757527
vn -0.4517071 -0.73829395 0.50088197
vn 0.33723563 -0.8025653 0.49209872
vn -0.6521734 -0.7070144 0.27349684
vn -0.4378848 -0.42313364 0.7932306
vn -0.5822784 -0.721553 0.37458396
vn -0.58790594 -0.740695 0.32517305
vn 0.7504031 -0.30131015 0.58830893
vn -0.7034058 -0.70210266 0.110779576
vn -0.48200655 -0.67141753 0.5629105
vn -0.5626397 -0.7681551 0.30557206
vn 0.45880413 -0.8634543 0.20963177
vn -0.3346905 -0.82480586 0.45571652
vn -0.4711246 -0.7301573 0.49488577
vn -0.37046203 -0.40728575 0.8347911
vn -0.40550238 -0.25405055 0.8780809
vn -0.5422307 -0.7723851 0.33076736
vn -0.39432397 -0.8401395 0.37238988
vn -0.58905834 -0.7428142 0.31817818
vn -0.503758 -0.7941522 0.33992672
vn -0.4326469 -0.7062471 0.56038535
vn -0.32891065 -0.8111814 0.48353127
vn -0.5026671 -0.85125965 0.15060785
vn -0.47694775 -0.80319697 0.35692507
vn -0.36211166 -0.30053237 0.8823579
vn -0.3506747 -0.7533849 0.556272
vn -0.39522147 -0.8232057 0.40759334
vn -0.4147794 -0.7178507 0.5591498
vn -0.4834685 -0.81885546 0.30940893
vn -0.5301682 -0.15008757 0.8345031
vn -0.39935988 -0.5915501 0.70041424
vn -0.32452214 -0.77394146 0.54378307
vn -0.41436875 -0.8327258 0.3672414
vn -0.42138785 -0.23131868 0.8768831
vn -0.27716738 -0.9593132 0.053818643
vn -0.481438 -0.87548196 -0.041817997
vn -0.40910932 -0.48742664 0.7713915
vn -0.371612 -0.64554507 0.66721517
vn -0.2229866 -0.9120459 0.34416452
vn -0.3173887 -0.3961064 0.8616056
vn -0.24166967 -0.7854653 0.5697719
vn -0.3152971 -0.928705 0.19517888
vn -0.36011302 -0.3263039 0.8739819
vn -0.2933994 -0.7867007 0.54315627
vn -0.26619545 -0.879599 0.3942659
vn -0.20572482 -0.81507444 0.54160035
vn -0.25667322 -0.86284995 0.43544102
vn -0.20803289 -0.8464806 0.49009478
vn -0.30571562 -0.5208097 0.79705405
vn -0.11859096 -0.96726847 0.22433884
vn -0.30474633 -0.2848719 0.90883315
vn -0.28964254 -0.7100924 0.64177567
vn -0.14727335 -0.36674544 0.9185904
vn -0.056416094 -0.83052176 0.5541216
vn -0.056967966 -0.84247744 0.5357111
vn -0.1185886 -0.83288753 0.5405877
vn -0.12240343 -0.8764286 0.4657148
vn -0.21682866 -0.6294755 0.7461541
vn -0.17045176 -0.42747048 0.8878148
vn -0.16279662 -0.8044996 0.5712071
vn -0.07082366 -0.92793876 0.3659421
vn -0.09016245 -0.99365616 0.0672173
vn -0.06977913 -0.69190496 0.7186086
vn -0.070291705 -0.5438577 0.8362284
vn -0.07604124 -0.8348799 0.5451544
vn -0.038759504 -0.8609414 0.5072254
vn -0.04368432 -0.77303517 0.6328572
vn -0.054369263 -0.28382885 0.9573323
vn -0.06983986 -0.89106715 0.44846594
vn -0.026764443 -0.9485883 0.31537887
vn -0.07308568 -0.91283154 0.40174258
vn -0.0007866828 -0.34573817 0.9383307
vn -0.16038944 -0.21173 0.9640776
vn -0.002329855 -0.99331445 0.115416475
vn -0.021539507 -0.43431535 0.90050334
vn 0.01872792 -0.62597805 0.77961576
vn 0.04204662 -0.8222479 0.56757414
vn -0.016590763 -0.97164184 0.23587461
vn 0.029536987 -0.8384574 0.5441661
vn 0.009885458 -0.836983 0.5471396
vn -0.0034489718 -0.5114649 0.8592973
vn 0.023854796 -0.87964135 0.47503898
vn -0.012271071 -0.3994523 0.9166719
vn 0.034355283 -0.8390819 0.5429193
vn 0.10052623 -0.90303767 0.41763318
vn 0.048916135 -0.68598014 0.72597414
vn 0.118459456 -0.75123125 0.6493219
vn 0.06373547 -0.8595394 0.50707966
vn 0.08394784 -0.43796897 0.89506197
vn 0.077945784 -0.9213899 0.3807429
vn 0.07164701 -0.97813296 0.19525014
vn 0.18461017 -0.8113614 0.55462766
vn 0.16617657 -0.8185756 0.5498357
vn 0.1163629 -0.5535512 0.8246458
vn 0.19713509 -0.78865314 0.5823779
vn 0.16168065 -0.8742857 0.45769408
vn 0.12543872 -0.9375859 0.3243422
vn 0.18369523 -0.83130676 0.52458096
vn -0.5282477 -0.7736307 -0.34992844
vn -0.44678357 -0.7714621 -0.4530239
vn -0.6172498 -0.7200579 -0.31704792
vn -0.40549028 -0.76632416 -0.49832204
vn -0.24681997 -0.7731492 -0.5842262
vn -0.36288688 -0.6440095 -0.6734723
vn -0.4158996 -0.7585629 -0.5016072
vn -0.20265292 -0.8116676 -0.5478389
vn 0.04849457 -0.4040857 -0.91343474
vn -0.09605736 -0.4743389 -0.87508607
vn -0.15026619 -0.57471246 -0.8044412
vn -0.593087 -0.6804554 -0.4303815
vn -0.5044548 -0.69990927 -0.50562084
vn -0.25262463 -0.7861507 -0.56404597
vn -0.09616232 -0.8222863 -0.5608904
vn -0.4000943 -0.7605797 -0.511315
vn -0.56286716 -0.66474026 -0.49122387
vn -0.10006144 -0.78647107 -0.60946774
vn -0.37817824 -0.7502686 -0.54228985
vn -0.42454687 -0.86370564 -0.27161098
vn -0.41853344 -0.7852872 -0.45623872
vn -0.16535531 -0.8509084 -0.49861062
vn -0.17482394 -0.94464946 -0.2776221
vn -0.27594888 -0.950435 -0.14326753
vn -0.04182398 -0.77811223 -0.62673134
vn 0.029070433 -0.794794 -0.6061826
vn 0.01598095 -0.8252093 -0.56460094
vn -0.481438 -0.87548196 -0.041817997
vn -0.27716738 -0.9593132 0.053818643
vn 0.026525974 -0.7752964 -0.63104033
vn -0.13836065 -0.89646006 -0.42097
vn 0.2650158 -0.58727974 -0.7647674
vn -0.0016219832 -0.7903702 -0.6126273
vn 0.080127195 -0.81659865 -0.57161725
vn 0.12459178 -0.80937827 -0.5739196
vn 0.5119043 -0.58686686 -0.6273287
vn -0.041215684 -0.9767358 -0.21044822
vn -0.014811773 -0.9387698 -0.3442264
vn -0.11580574 -0.9897197 -0.08392821
vn -0.0060466235 -0.82241035 -0.5688626
vn 0.31518272 -0.7043766 -0.6360138
vn -0.09016245 -0.99365616 0.0672173
vn -0.0008798479 -0.8825321 -0.47025132
vn -0.0016666657 -0.76070017 -0.6491013
vn 0.00059222156 -0.7810193 -0.62450665
vn 0.17441769 -0.77368367 -0.60909116
vn 0.58949083 -0.47004262 -0.65693265
vn 0.39806944 -0.54375297 -0.7388325
vn 0.20906898 -0.6400455 -0.7393456
vn 0.46469098 -0.51021993 -0.72369736
vn 0.000038497994 -0.9990521 -0.04353042
vn 0.136607 -0.56759024 -0.81189895
vn 0.0070434 -0.79260504 -0.60969466
vn 0.022336168 -0.9481291 -0.3170998
vn -0.004169406 -0.7476396 -0.66409165
vn 0.09253983 -0.54169714 -0.8354643
vn -0.002329855 -0.99331445 0.115416475
vn 0.023618776 -0.6622806 -0.74888355
vn -0.004367976 -0.82733345 -0.5616941
vn 0.04007958 -0.73712784 -0.67456365
vn -0.12599418 -0.63180697 -0.76481724
vn 0.024871903 -0.98630947 -0.16301863
vn -0.09840204 -0.6570179 -0.74742526
vn -0.05640315 -0.38747647 -0.92015254
vn 0.015115277 -0.84189093 -0.539436
vn -0.13368247 -0.77587813 -0.61655664
vn -0.088516355 -0.49481767 -0.8644769
vn -0.041990966 -0.75505656 -0.6543137
vn -0.026960334 -0.8072805 -0.58955187
vn 0.00021499925 -0.7868346 -0.6171639
vn -0.36229444 -0.6910022 -0.62550676
vn -0.36834228 -0.6092185 -0.7022655
vn -0.54706335 -0.5498976 -0.6311373
vn 0.076118745 -0.99695665 0.016832659
vn 0.12046812 -0.973672 -0.19352071
vn -0.0027174728 -0.7793975 -0.62652385
vn 0.07164701 -0.97813296 0.19525014
vn 0.010388843 -0.9045115 -0.42632264
vn 0.0001586645 -0.7881931 -0.615428
vn -0.5541108 -0.4869879 -0.6751326
vn -0.31394747 -0.7515461 -0.5801857
vn -0.14455588 -0.8112145 -0.5665992
vn -0.4034678 -0.45901018 -0.7915323
vn 0.11249998 -0.9353345 -0.3353999
vn -0.58300054 -0.5497445 -0.59824026
vn -0.6777301 -0.35094237 -0.64615893
vn -0.5433109 -0.21203421 -0.81231445
vn 0.1404336 -0.7974496 -0.5868156
vn -0.044310678 -0.82995653 -0.5560653
vn 0.24469177 -0.96290684 0.11373796
vn 0.23966378 -0.96970433 -0.047273207
vn -0.12928547 -0.78835166 -0.6014873
vn -0.32374886 -0.6009528 -0.7307821
vn 0.15999708 -0.87607634 -0.45485288
vn 0.21407275 -0.7964692 -0.5655171
vn -0.32420582 -0.24358939 -0.9140869
vn 0.24351302 -0.9362016 -0.2534325
vn 0.15037423 -0.7572776 -0.6355456
vn 0.04910905 -0.8361014 -0.5463723
vn 0.112593696 -0.79335237 -0.5982597
vn 0.2550127 -0.8145725 -0.5209992
vn 0.19821824 -0.7970936 -0.5703958
vn 0.11471599 -0.6924312 -0.7123056
vn 0.35236037 -0.9256118 -0.13814853
vn 0.119717024 -0.8290202 -0.54625386
vn 0.19972143 -0.3672806 -0.9084142
vn 0.4291788 -0.74138033 -0.5159077
vn 0.33410922 -0.8622523 -0.38064685
vn 0.19264747 -0.795254 -0.57485485
vn 0.43674028 -0.8684349 -0.23468865
vn 0.33859497 -0.7587946 -0.5564029
vn 0.47322503 -0.8809363 0.0030519122
vn 0.3342156 -0.7926275 -0.5099427
vn 0.34852374 -0.77482724 -0.52742195
vn 0.50303847 -0.6919175 -0.5178827
vn 0.2330745 -0.7093346 -0.6652222
vn 0.47939053 -0.76738554 -0.42579824
vn 0.5329849 -0.6871493 -0.4937134
vn 0.4150676 -0.75991714 -0.5002448
vn 0.2764209 -0.8170589 -0.5059706
vn -0.009747046 -0.46641353 -0.8845131
vn -0.049784668 -0.5901865 -0.80573034
vn 0.4764931 -0.6132284 -0.63000417
vn 0.25508854 -0.78206277 -0.5686015
vn 0.25152275 -0.41942316 -0.87225026
vn 0.25292847 -0.8782565 -0.40582347
vn 0.7497499 -0.22031009 -0.62397003
vn 0.37419483 -0.8238314 -0.42576993
vn 0.46622115 -0.8078041 -0.36068034
vn 0.5211542 -0.76729465 -0.37370735
vn 0.58455837 -0.63085324 -0.51021135
vn -0.6829702 0.059291467 0.72803587
vn -0.6092456 -0.120072395 0.7838383
vn -0.63816184 0.0330373 0.7691931
vn -0.40550238 -0.25405055 0.8780809
vn -0.4378848 -0.42313364 0.7932306
vn -0.5301682 -0.15008757 0.8345031
vn -0.70223576 0.035432197 0.7110622
vn -0.5526156 -0.06343983 0.8310183
vn -0.42138785 -0.23131868 0.8768831
vn -0.54125756 -0.037707284 0.84001094
vn -0.64651644 0.06050163 0.7604972
vn -0.5373423 0.06623589 0.8407592
vn -0.61226475 0.17020833 0.77211463
vn -0.66172284 0.29895252 0.68756837
vn -0.48143765 0.2606271 0.8368341
vn -0.53949213 0.36944416 0.7566104
vn -0.46322453 -0.13654722 0.8756586
vn -0.6527899 0.41172013 0.6358867
vn -0.6099658 0.43957013 0.6593329
vn -0.30474633 -0.2848719 0.90883315
vn -0.35260054 0.1781482 0.9186599
vn -0.6469971 0.3346499 0.6851308
vn -0.38552472 0.3763693 0.8424469
vn -0.5335971 0.24127714 0.81059206
vn -0.2639395 0.36981812 0.89082575
vn -0.3918241 0.42516273 0.8159109
vn -0.3325803 0.024542574 0.9427555
vn -0.085513815 0.28990948 0.95322603
vn -0.17071566 -0.50827163 0.8441067
vn -0.5283988 -0.5885074 0.61192626
vn -0.16038944 -0.21173 0.9640776
vn -0.068138935 0.19352522 0.97872627
vn -0.33629107 0.48946297 0.80457085
vn -0.027065996 0.42735088 0.9036806
vn -0.5938647 0.49366045 0.63531417
vn -0.36950564 0.5183167 0.7712415
vn -0.21012609 0.4605643 0.8623964
vn -0.5180822 0.4162093 0.74723536
vn -0.51916575 0.48289016 0.7051837
vn -0.16170098 0.5855425 0.79435056
vn -0.1621353 0.56860715 0.8064726
vn -0.0373722 0.44228342 0.89609635
vn -0.03901772 0.034281585 0.9986503
vn 0.025581203 0.23290075 0.972164
vn 0.025357453 0.33376613 0.9423148
vn -0.00010920921 0.5391871 0.84218603
vn 0.021160508 -0.09285161 0.9954551
vn 0.00013935551 0.20080283 0.97963166
vn -0.054369263 -0.28382885 0.9573323
vn -0.025687434 0.5952207 0.8031516
vn 0.04669753 0.54986835 0.8339449
vn 0.022886282 -0.7956435 0.6053326
vn 0.10316982 0.45325184 0.8853919
vn -0.020834442 0.3146311 0.94898534
vn 0.12382067 0.42594022 0.89623845
vn 0.23528725 0.48953447 0.8396403
vn 0.18672204 0.5836501 0.7902452
vn 0.083192155 0.26894766 0.9595552
vn 0.033482473 0.25191355 0.96717036
vn 0.0788024 -0.24811725 0.96551955
vn 0.07071103 0.14760837 0.9865149
vn -0.0071074353 -0.83907175 0.54397434
vn 0.11816451 0.25598973 0.9594303
vn -0.0007866828 -0.34573817 0.9383307
vn 0.361358 0.55492336 0.74932003
vn 0.24936083 0.5552102 0.7934487
vn 0.34164187 0.4746066 0.8111901
vn 0.20335054 -0.28671288 0.936186
vn 0.1937557 -0.11584534 0.9741861
vn 0.29734677 0.37839112 0.87658715
vn 0.44497296 0.3303296 0.832395
vn 0.45098922 -0.50534683 0.7356856
vn 0.22213954 0.19613826 0.95508313
vn 0.54585356 0.490847 0.67905307
vn 0.3342991 0.07238294 0.9396834
vn 0.40955463 -0.18426488 0.89348274
vn 0.57110196 0.46201384 0.67851734
vn 0.5254376 0.42661962 0.73614603
vn 0.578655 0.34097543 0.74087393
vn 0.2987502 0.21291965 0.93027604
vn 0.6001638 0.43115336 0.6737285
vn 0.42419064 0.33346167 0.8419416
vn 0.76292753 0.21970181 0.60800713
vn 0.4822319 0.11211849 0.8688394
vn 0.5796498 0.32965264 0.7452082
vn 0.5518699 0.21498887 0.8057415
vn 0.7091978 -0.08915157 0.69935006
vn 0.5848321 0.4165365 0.69603795
vn 0.8049083 0.2827091 0.5217262
vn 0.6313 0.13002709 0.7645609
vn 0.5893855 0.024059089 0.8074936
vn 0.65410423 0.37542263 0.6566624
vn 0.6715571 0.23373131 0.70312214
vn -0.012271071 -0.3994523 0.9166719
vn 0.18006591 -0.38869977 0.90359765
vn -0.0007866828 -0.34573817 0.9383307
vn 0.08394784 -0.43796897 0.89506197
vn 0.01872792 -0.62597805 0.77961576
vn 0.048916135 -0.68598014 0.72597414
vn 0.22130768 -0.64535606 0.73112136
vn 0.27628922 -0.37761882 0.88378066
vn 0.118459456 -0.75123125 0.6493219
vn 0.20335054 -0.28671288 0.936186
vn 0.1163629 -0.5535512 0.8246458
vn 0.26232845 -0.4596341 0.8484812
vn 0.34030735 -0.7134146 0.6125606
vn 0.16168065 -0.8742857 0.45769408
vn 0.18369523 -0.83130676 0.52458096
vn 0.06373547 -0.8595394 0.50707966
vn 0.29305422 -0.9189324 0.26397446
vn 0.12543872 -0.9375859 0.3243422
vn 0.07164701 -0.97813296 0.19525014
vn 0.1937557 -0.11584534 0.9741861
vn 0.0788024 -0.24811725 0.96551955
vn 0.40955463 -0.18426488 0.89348274
vn 0.19713509 -0.78865314 0.5823779
vn 0.38553512 -0.29016924 0.8758793
vn 0.077945784 -0.9213899 0.3807429
vn 0.30379602 -0.8745463 0.37799048
vn 0.49925283 -0.07236378 0.86342925
vn 0.3590131 -0.37968442 0.8526132
vn 0.3342991 0.07238294 0.9396834
vn 0.10052623 -0.90303767 0.41763318
vn 0.3616538 -0.7556017 0.5461434
vn 0.18461017 -0.8113614 0.55462766
vn 0.4822319 0.11211849 0.8688394
vn 0.3192394 -0.8624666 0.392731
vn 0.24469177 -0.96290684 0.11373796
vn 0.40329078 -0.51718915 0.7548986
vn 0.16617657 -0.8185756 0.5498357
vn 0.35599187 -0.758366 0.54603183
vn 0.5893855 0.024059089 0.8074936
vn 0.5463752 -0.09323352 0.83233505
vn 0.41418 -0.5919685 0.6913958
vn 0.3878744 -0.7564177 0.5266742
vn 0.326716 -0.835516 0.4417802
vn 0.50388455 -0.790442 0.34828418
vn 0.37392715 -0.8005972 0.4682122
vn 0.5305024 -0.77561027 0.34204674
vn 0.47947156 -0.8282376 0.29005086
vn 0.47750965 -0.86646533 0.14567918
vn 0.43473363 -0.49619046 0.7515329
vn 0.23966378 -0.96970433 -0.047273207
vn 0.47322503 -0.8809363 0.0030519122
vn 0.44346237 -0.270493 0.85450256
vn 0.66233534 0.035305046 0.7483752
vn 0.6313 0.13002709 0.7645609
vn 0.37199458 -0.57578135 0.7280768
vn 0.51179737 -0.79326123 0.3298486
vn 0.4044469 -0.67222476 0.6201101
vn 0.47060865 -0.8038478 0.363808
vn 0.44373432 -0.7329825 0.51559335
vn 0.35882366 -0.45809424 0.8132621
vn 0.45795527 -0.72235537 0.5181502
vn 0.5121048 -0.68099403 0.5234461
vn 0.5900787 -0.739126 0.32480735
vn 0.56572455 -0.7356803 0.37246516
vn 0.6565518 -0.69975436 0.2815735
vn 0.70754135 0.04287778 0.70536995
vn 0.33812377 -0.5968542 0.7276245
vn 0.69791716 0.09444415 0.70992386
vn 0.4795395 -0.8134613 0.3291239
vn 0.3343875 -0.8546165 0.39726016
vn 0.7642128 0.04769981 0.64319795
vn 0.67784965 -0.7115803 0.18486042
vn 0.55598915 -0.6849349 0.470893
vn 0.6390356 -0.103738986 0.76214945
vn 0.5316302 -0.28262404 0.7984316
vn 0.6093799 -0.66701525 0.42865703
vn -0.48561597 -0.7781376 0.39834526
vn 0.2667271 -0.80614376 0.52819395
vn -0.8626291 -0.46398902 0.20145778
vn 0.8058898 0.038193334 0.59083235
vn -0.06571142 -0.7692961 0.6355041
vn -0.13511623 -0.9895747 0.049855027
vn 0.80538553 0.15431114 0.572313
vn 0.51164126 -0.7202178 0.46851835
vn 0.4256131 -0.5046686 0.75110793
vn 0.54362583 -0.70140445 0.46098018
vn 0.73246545 -0.649436 0.20427263
vn -0.435382 -0.52083606 0.7342835
vn 0.2485245 -0.96734375 0.04981619
vn 0.4512369 -0.65504956 0.606049
vn 0.09095301 -0.7668315 0.63537157
vn 0.4474532 -0.5566583 0.6999408
vn -0.88908905 -0.34868917 -0.29654086
vn 0.105928674 -0.73080766 0.67431396
vn 0.77015644 0.16203618 0.6169306
vn 0.6933814 -0.64626116 0.31869847
vn 0.0994363 -0.42261517 0.90083784
vn -0.24778415 -0.055359382 0.96723235
vn -0.052264825 -0.95118594 -0.30416065
vn 0.17858174 -0.697293 0.6941837
vn 0.6878324 -0.30995175 0.6563661
vn 0.6328028 -0.6564558 0.41064146
vn 0.65750843 -0.61262804 0.43859953
vn 0.25045606 -0.6230997 0.74095786
vn 0.7000145 -0.5966488 0.3924155
vn 0.7478162 -0.58793324 0.3083917
vn 0.43291774 -0.5890287 0.68236893
vn 0.22350466 -0.7150162 0.66241795
vn 0.72981745 -0.54574966 0.41173273
vn 0.6320333 -0.5066238 0.5864011
vn 0.55436337 -0.047487967 0.83091885
vn 0.22504956 0.1845149 0.9567168
vn 0.817587 -0.4590992 0.34753332
vn 0.7939789 -0.5420086 0.27536187
vn 0.79270333 -0.117806174 0.59811634
vn 0.80851036 -0.3899392 0.44074753
vn 0.30183494 -0.74227595 0.59826595
vn 0.35940602 -0.42772794 0.82938296
vn 0.6213818 -0.54427105 0.5636077
vn 0.8124812 -0.32939976 0.4810094
vn 0.97352755 -0.020837814 0.22761784
vn 0.8026769 -0.49641052 0.33058488
vn 0.39693272 -0.73799765 0.5457141
vn 0.5783754 -0.5833829 0.570216
vn 0.75579816 0.26108596 0.6005025
vn 0.781305 0.18767785 0.5952642
vn 0.32639343 -0.45558083 0.8281989
vn 0.822301 -0.41582322 0.3884742
vn 0.8404371 -0.31536588 0.44069245
vn 0.41827792 -0.67829907 0.6041142
vn 0.7742003 -0.5323058 0.3424389
vn 0.85753125 -0.4358575 0.27325514
vn 0.46386573 -0.39582935 0.7925577
vn 0.9356622 -0.35088825 0.03759919
vn 0.7644307 -0.5552857 0.32757223
vn 0.8088928 -0.5674141 0.15405741
vn 0.8318379 -0.07929885 0.5493245
vn 0.7071117 -0.54564935 0.44973305
vn 0.815325 -0.34316966 0.4663472
vn 0.6465776 -0.7142423 0.26794657
vn 0.38323042 -0.6006283 0.701698
vn 0.44092044 -0.6004272 0.6671404
vn 0.7728985 -0.54359376 0.3273128
vn 0.4990431 -0.7159481 0.48823592
vn 0.52637744 -0.6774624 0.51378155
vn 0.6731721 -0.5367602 0.5086529
vn 0.5291769 -0.7590265 0.3792763
vn 0.75299287 -0.5170845 0.40697098
vn 0.7059463 -0.5213147 0.47944838
vn 0.69201154 -0.5770558 0.43373573
vn 0.6663871 -0.5804616 0.46796644
vn 0.8096708 -0.21177246 0.54734415
vn 0.51068807 -0.44322476 0.7367154
vn 0.4403889 -0.58632714 0.67991036
vn 0.7677635 -0.5631956 0.30553216
vn 0.70892656 -0.5962127 0.3767673
vn 0.67790097 -0.51628894 0.5233507
vn 0.62937826 -0.6255544 0.46104744
vn 0.3095474 -0.65749335 0.68693733
vn 0.8445509 0.041114178 0.5338946
vn 0.41558617 -0.585376 0.69614875
vn 0.6599777 -0.36733535 0.6553581
vn 0.71198076 -0.65940726 0.24138252
vn 0.8162721 -0.28034464 0.50508094
vn 0.35800052 -0.49796396 0.78985286
vn 0.5954334 -0.34336853 0.72633123
vn 0.8006967 -0.5192605 0.298753
vn 0.7752289 -0.5370917 0.3324946
vn 0.7607339 -0.4081436 0.5046808
vn 0.7581023 -0.50453836 0.41318518
vn 0.6036207 -0.5868798 0.53964263
vn 0.38052973 -0.6687429 0.63873315
vn 0.42151222 -0.5688918 0.70617956
vn 0.8112741 -0.5314338 0.24374668
vn 0.7762838 -0.2776143 0.5659627
vn 0.8761337 -0.11794188 0.46741793
vn 0.63823706 -0.26401 0.7231543
vn 0.6232446 -0.6767902 0.39181784
vn 0.8834461 -0.32333288 0.33908525
vn 0.4990799 -0.68721986 0.5278713
vn 0.6938743 -0.19143665 0.69418335
vn 0.5751553 -0.5124059 0.63768065
vn 0.79455954 -0.00789283 0.607135
vn 0.86002487 -0.22920762 0.45587397
vn 0.65518665 -0.7095942 0.2592422
vn 0.7607804 -0.6362898 0.12786146
vn 0.92947674 -0.249761 0.27146357
vn 0.7893054 -0.55392087 0.2648938
vn 0.9676336 -0.11913201 0.22246979
vn 0.7444867 -0.17766616 0.64356375
vn 0.79874724 -0.32642454 0.5054205
vn 0.7747703 -0.4727871 0.41976577
vn 0.9419896 0.0023958378 0.33563346
vn 0.93447196 -0.25162733 0.25188458
vn -0.7899952 0.26221037 -0.5542141
vn -0.4682043 0.38934797 -0.7932168
vn -0.7659581 0.48948166 -0.41679245
vn -0.793289 -0.034122746 -0.6078883
vn -0.80641073 0.27679956 -0.5225741
vn -0.6333469 0.3176676 -0.7056621
vn -0.42448923 0.6385482 -0.64192295
vn -0.86123204 -0.20690522 -0.46418706
vn -0.6817121 -0.1852477 -0.7077796
vn -0.82940364 0.36164892 -0.425793
vn -0.83233297 -0.2112718 -0.5124315
vn -0.6400186 -0.25122708 -0.7261275
vn -0.71314317 0.41570193 -0.56446326
vn -0.5597115 0.027445205 -0.82823294
vn -0.33398616 0.63289315 -0.6984981
vn -0.50335896 0.710883 -0.4911976
vn -0.772434 -0.12136758 -0.62339044
vn -0.41011137 0.13836172 -0.9014792
vn -0.4785536 -0.24935758 -0.8419069
vn -0.5336243 -0.06955737 -0.8428564
vn -0.42843398 -0.23558725 -0.8723205
vn -0.3021824 -0.10969351 -0.9469177
vn -0.4272373 0.1289836 -0.8948919
vn -0.31093776 0.5215441 -0.7945498
vn -0.2191182 0.1379312 -0.9658997
vn -0.21801619 0.46105382 -0.8601734
vn -0.35024408 0.31535912 -0.88197374
vn -0.07515565 0.7074033 -0.70280313
vn -0.08061692 0.6302329 -0.77220947
vn -0.15195148 -0.017736897 -0.9882288
vn -0.20005244 -0.21094947 -0.95680684
vn -0.08303203 0.15503654 -0.9844132
vn -0.0155120725 0.4483412 -0.8937279
vn 0.020809771 -0.21065405 -0.97733915
vn -0.25937286 -0.29192927 -0.9205993
vn -0.005758009 0.28199744 -0.95939785
vn 0.14236683 -0.087857395 -0.9859071
vn -0.027634736 0.5975835 -0.8013304
vn -0.0060943663 0.36800313 -0.92980456
vn 0.0040094233 -0.31416488 -0.94935995
vn 0.015610028 0.54047406 -0.84121585
vn -0.036055338 -0.06664968 -0.9971248
vn 0.23866369 -0.28712857 -0.9276836
vn 0.12994589 -0.20110963 -0.97091144
vn 0.028076435 0.4667325 -0.88395274
vn 0.15965927 0.07254173 -0.9845032
vn 0.18249553 0.6422572 -0.7444468
vn 0.03312419 0.57722515 -0.81591296
vn 0.20341913 0.0007458079 -0.97909147
vn 0.42830527 -0.19387631 -0.88259083
vn 0.28533825 0.5173293 -0.8068163
vn 0.3982437 -0.21000071 -0.8929175
vn 0.55591697 -0.24261421 -0.7950438
vn 0.24630944 0.31107014 -0.9179145
vn 0.47359845 -0.032188967 -0.88015246
vn 0.21823643 0.36312497 -0.9058218
vn 0.0041627577 0.7576928 -0.6525981
vn 0.029325642 0.8759115 -0.4815798
vn 0.31672898 0.6666641 -0.674716
vn 0.45629197 0.12984407 -0.8803057
vn 0.3264696 0.54816025 -0.77002466
vn 0.5167423 0.37105 -0.77155644
vn 0.46848685 0.15578316 -0.8696273
vn 0.63220805 0.45017323 -0.6306006
vn 0.4477406 0.35677484 -0.8199025
vn 0.696208 0.18946089 -0.69238645
vn 0.75075084 -0.23585962 -0.6170441
vn 0.7384556 -0.131487 -0.6613581
vn 0.61774325 -0.15079913 -0.7717855
vn 0.751217 0.11461342 -0.6500283
vn 0.794622 -0.21304312 -0.5684967
vn 0.68957824 0.35886082 -0.6290475
vn 0.5893699 0.49763203 -0.6364004
vn 0.73429024 -0.037374627 -0.67780596
vn -0.50335896 0.710883 -0.4911976
vn -0.78744674 0.5993745 -0.14379807
vn -0.37396184 0.90313905 -0.21093212
vn -0.7660817 0.64119166 0.04463285
vn -0.08252421 0.86321735 -0.49804175
vn -0.33398616 0.63289315 -0.6984981
vn -0.5522969 0.81413746 0.1792996
vn -0.3110616 0.9501207 -0.022614365
vn -0.48887843 0.7389647 0.46360442
vn -0.10301562 0.9537544 0.2823833
vn -0.19033891 0.97387457 0.123852566
vn 0.051801145 0.98381925 -0.17151177
vn -0.11856192 0.6176509 0.7774641
vn -0.048559844 0.8738784 0.48371318
vn 0.098373234 0.9940157 0.04749199
vn -0.33034134 0.43677303 0.83672214
vn 0.14847219 0.57327014 0.80580235
vn 0.2117324 0.92035556 0.32880858
vn -0.058347665 0.73017794 0.68076116
vn -0.6516347 0.49033198 0.57874584
vn 0.22172694 0.76961595 0.59877247
vn -0.08948349 0.83867604 0.53722924
vn -0.7306516 0.51233244 0.45129114
vn 0.21492867 0.9547882 0.20539032
vn -0.07515565 0.7074033 -0.70280313
vn -0.031461656 0.98066306 -0.19315837
vn 0.062019274 0.99784416 -0.021463027
vn 0.042639792 0.92055106 0.388288
vn -0.046894606 0.8341746 0.5495031
vn -0.05364668 0.699656 0.712463
vn -0.10812823 0.7002992 0.7056127
vn 0.09394587 0.60048246 0.7941001
vn -0.12799041 0.9795572 0.15519689
vn -0.1475556 0.8546912 0.49772513
vn -0.17049716 0.93076575 0.32342824
vn 0.029325642 0.8759115 -0.4815798
vn 0.0041627577 0.7576928 -0.6525981
vn -0.024288086 0.999705 -0.00013195304
vn 0.4395273 0.68660283 0.5791307
vn -0.10345515 0.9741427 -0.20085593
vn 0.12967478 0.6737793 0.7274654
vn -0.017481167 0.9804576 0.19595236
vn 0.21495031 0.8691846 0.4453251
vn 0.38022617 0.4745192 0.7938889
vn 0.16206779 0.87608135 -0.45410952
vn 0.7383101 0.19123448 0.64678246
vn 0.21438219 0.97566766 -0.045966763
vn 0.38206688 0.88748944 -0.25765762
vn 0.5726831 0.6678579 -0.47539455
vn 0.31672898 0.6666641 -0.674716
vn 0.3280286 0.9399047 0.094743714
vn 0.60563207 0.7918507 -0.07862796
vn 0.8068934 0.357433 0.4702815
vn 0.68588 0.70325756 0.18707606
vn 0.50303847 -0.6919175 -0.5178827
vn 0.4150676 -0.75991714 -0.5002448
vn 0.6540206 -0.62526333 -0.42579672
vn 0.5948509 -0.7952847 -0.11693884
vn 0.35236037 -0.9256118 -0.13814853
vn 0.43674028 -0.8684349 -0.23468865
vn 0.33410922 -0.8622523 -0.38064685
vn 0.58049875 -0.7673129 -0.27249244
vn 0.47322503 -0.8809363 0.0030519122
vn 0.34852374 -0.77482724 -0.52742195
vn 0.55535144 -0.6886199 -0.46624818
vn 0.3342156 -0.7926275 -0.5099427
vn 0.47939053 -0.76738554 -0.42579824
vn 0.5329849 -0.6871493 -0.4937134
vn 0.33859497 -0.7587946 -0.5564029
vn 0.4291788 -0.74138033 -0.5159077
vn 0.640572 -0.6510948 -0.40711558
vn 0.62144375 -0.6634004 -0.41678235
vn 0.6922221 -0.7211986 0.02647718
vn 0.47750965 -0.86646533 0.14567918
vn 0.37419483 -0.8238314 -0.42576993
vn 0.2764209 -0.8170589 -0.5059706
vn 0.69333 -0.57314014 -0.436811
vn 0.67784965 -0.7115803 0.18486042
vn 0.6956474 -0.65849876 -0.28714806
vn 0.6855123 -0.60567045 -0.404025
vn 0.79476374 -0.48873553 -0.35984468
vn 0.741392 -0.6618362 -0.110953785
vn 0.5211542 -0.76729465 -0.37370735
vn 0.58455837 -0.63085324 -0.51021135
vn 0.25508854 -0.78206277 -0.5686015
vn 0.4764931 -0.6132284 -0.63000417
vn 0.74194264 -0.5909159 -0.3167642
vn 0.76814306 -0.6314429 0.10600071
vn 0.7864213 -0.47716257 -0.39224666
vn 0.68767124 -0.6658877 -0.2893126
vn 0.7497499 -0.22031009 -0.62397003
vn 0.84460366 -0.20913295 -0.492857
vn 0.6005904 -0.75948113 -0.2499591
vn 0.46622115 -0.8078041 -0.36068034
vn 0.25292847 -0.8782565 -0.40582347
vn 0.73246545 -0.649436 0.20427263
vn 0.7593909 -0.6141261 -0.21488287
vn 0.68564254 -0.574087 -0.44756946
vn 0.6723538 -0.6956098 -0.2531153
vn 0.739168 -0.59249085 -0.32028934
vn 0.62810075 -0.77812845 -0.0023505774
vn -0.052264825 -0.95118594 -0.30416065
vn 0.77364755 -0.6328726 0.030688196
vn 0.3536587 -0.8285081 -0.43416572
vn 0.7449682 -0.5423957 -0.38836753
vn 0.68348795 -0.6672083 -0.2961034
vn 0.7831154 -0.6175659 -0.073093876
vn 0.8205581 -0.5169534 -0.24381053
vn 0.731701 -0.6816114 -0.004419942
vn 0.76885986 -0.531152 -0.35599446
vn 0.47010088 -0.6786561 -0.56429696
vn 0.79372245 -0.46708858 -0.38965744
vn 0.9173147 -0.20309906 -0.34246823
vn 0.78031915 -0.56263065 -0.2730363
vn 0.637995 -0.12669839 -0.75954586
vn -0.2376123 -0.3287137 -0.91405016
vn 0.824725 -0.25595316 -0.5042982
vn 0.8050357 -0.45487994 -0.38079095
vn 0.4300672 -0.30318272 -0.85036606
vn 0.7232318 -0.49702072 -0.47948536
vn 0.6527162 -0.6632364 -0.36616805
vn 0.9515063 -0.214961 -0.22006239
vn 0.44475907 -0.84146136 -0.30680966
vn 0.85961944 -0.38509068 -0.33579695
vn 0.82986444 -0.50034964 -0.24693158
vn 0.8633485 -0.41533262 -0.28658018
vn 0.72061074 -0.59762007 -0.35152584
vn 0.8164474 -0.5513089 -0.1716745
vn 0.61609644 -0.6725243 -0.41004416
vn 0.7038712 -0.54130656 -0.45994848
vn 0.95394516 0.05808902 -0.29430297
vn 0.66684794 -0.605271 -0.43469623
vn 0.8509364 -0.44387332 -0.28086248
vn 0.75197166 -0.6585415 -0.029354343
vn 0.7051942 -0.6081475 -0.36449662
vn 0.7822644 -0.5659446 -0.26032495
vn 0.8124812 -0.32939976 0.4810094
vn 0.97352755 -0.020837814 0.22761784
vn 0.6456723 -0.68601614 -0.33539394
vn 0.9356622 -0.35088825 0.03759919
vn 0.9508147 -0.12435342 -0.2837033
vn 0.61272526 -0.69810164 -0.3704347
vn 0.7324087 -0.5847992 -0.34869382
vn 0.9185222 -0.25227517 -0.3044245
vn 0.8088928 -0.5674141 0.15405741
vn 0.7376529 -0.60713816 -0.29538348
vn 0.8404371 -0.31536588 0.44069245
vn 0.696325 -0.7169352 -0.03369462
vn 0.80888385 -0.44827574 -0.3804679
vn 0.7517956 -0.6569953 0.056219056
vn 0.76551735 -0.6093022 -0.20672204
vn 0.6469071 -0.6777578 -0.3495077
vn 0.69932234 -0.58272207 -0.41398454
vn 0.8006299 -0.55320895 -0.2301121
vn 0.7300386 -0.65314406 -0.20111333
vn 0.6960175 -0.71042836 -0.10416891
vn 0.7065355 -0.5745757 -0.41312265
vn 0.6465776 -0.7142423 0.26794657
vn 0.841947 -0.33394158 -0.42380217
vn 0.68553483 -0.6986942 -0.20461762
vn 0.8954982 -0.28702667 -0.34014502
vn 0.84802747 -0.51830655 -0.11048844
vn 0.68763685 -0.68042886 -0.2533222
vn 0.84188485 -0.5387776 0.030798625
vn 0.76399666 -0.51959944 -0.38252527
vn 0.94986665 -0.11645259 -0.29015872
vn 0.7309742 -0.6302222 -0.26171887
vn 0.7677635 -0.5631956 0.30553216
vn 0.76610076 -0.6412331 -0.043700702
vn 0.8510156 -0.5201144 -0.072480395
vn 0.7474153 -0.6568488 -0.09959956
vn 0.96100664 -0.058586694 -0.27024776
vn 0.78651434 -0.6100715 -0.09595809
vn 0.87487996 -0.2732103 -0.39992648
vn 0.8611866 -0.5010735 0.08534052
vn 0.9065581 -0.0520891 -0.41885453
vn 0.8006967 -0.5192605 0.298753
vn 0.7626162 -0.57940245 -0.28759226
vn 0.80225027 -0.47411287 -0.36278296
vn 0.8328539 -0.53498656 -0.14192852
vn 0.73445475 -0.67857015 0.010897506
vn 0.8161307 -0.55680287 -0.15460022
vn 0.8857269 -0.36795244 -0.2830174
vn 0.7607804 -0.6362898 0.12786146
vn 0.73327935 -0.6737226 -0.09164722
vn 0.9028798 -0.08482226 -0.42144188
vn 0.9060535 -0.25455573 -0.33803627
vn 0.6232446 -0.6767902 0.39181784
vn 0.7671991 -0.5785891 -0.27683973
vn 0.86863124 -0.49367297 -0.04203287
vn 0.94563615 -0.29487255 -0.13719492
vn 0.94553226 0.0032126247 -0.3255126
vn 0.846675 -0.3634399 -0.3886553
vn 0.7349318 -0.67253244 0.087036
vn 0.9488813 -0.3148533 -0.02217137
vn 0.91106784 -0.3819715 -0.15509082
vn 0.9547563 -0.17995933 -0.23675928
vn 0.65518665 -0.7095942 0.2592422
vn 0.7571565 -0.65275025 -0.025121491
vn 0.8682128 -0.44901967 -0.21115823
vn 0.9501769 -0.14706565 -0.27483732
vn 0.9905517 0.037136875 -0.13201591
vn 0.897946 -0.24135837 -0.3680206
vn 0.84921193 -0.5275957 -0.021952577
vn 0.89376664 0.036991287 -0.44700435
vn 0.84365803 -0.521782 0.1264306
vn 0.7893054 -0.55392087 0.2648938
vn 0.9181095 -0.372674 -0.13486686
vn 0.93424755 -0.32652828 0.14339048
vn 0.7747703 -0.4727871 0.41976577
vn 0.9402851 -0.19189554 -0.2811406
vn 0.93447196 -0.25162733 0.25188458
vn 0.9425957 -0.33385476 0.007367374
vn 0.9635839 -0.0038686658 -0.26737833
vn 0.9759664 -0.18571045 -0.114022814
vn 0.98296434 -0.18254162 0.021439852
vn 0.9822064 -0.058049425 0.178608
vn 0.29599532 -0.30550873 -0.90501446
vn -0.78056496 -0.5538252 -0.28982058
vn 0.23414196 -0.37055707 -0.8988131
vn -0.7115574 0.21370171 -0.66934127
vn -0.26202783 0.35111848 -0.89892006
vn 0.5184357 0.23331071 -0.8226728
vn -0.32033628 0.68374145 -0.6556541
vn 0.54092586 0.12976296 -0.83099985
vn -0.5634781 0.6816135 -0.46679273
vn 0.42285 0.48420906 -0.7659892
vn -0.10918521 -0.22095916 -0.96915203
vn -0.27546772 0.5082488 -0.81596607
vn 0.092084944 0.3539956 -0.9307027
vn 0.637995 -0.12669839 -0.75954586
vn -0.7528173 0.030755276 -0.6575107
vn 0.62612003 -0.6362385 -0.45074856
vn 0.8581489 0.11553353 -0.50023246
vn 0.59933126 0.45720088 -0.6570916
vn 0.85977906 0.17456153 -0.47990444
vn 0.8950376 0.21372925 -0.39144287
vn 0.80443436 -0.4988948 -0.3224737
vn 0.8916026 0.26633734 -0.3662093
vn 0.9515063 -0.214961 -0.22006239
vn 0.9591421 -0.0055693756 -0.2828699
vn 0.97352755 -0.020837814 0.22761784
vn 0.99331343 0.11544776 0.00054171856
vn 0.7381398 0.5810146 -0.34288737
vn 0.89293396 0.42102668 -0.15939097
vn 0.7707191 -0.50574327 -0.38757682
vn 0.23840646 0.9435652 0.22988498
vn 0.5995631 0.7379553 -0.30975154
vn 0.76842195 0.40954715 -0.4917304
vn 0.62282056 -0.6907623 -0.36734453
vn 0.49250558 0.8223243 -0.284993
vn 0.5785149 0.7175467 -0.38787535
vn 0.8322984 0.123174034 -0.5404697
vn 0.84037554 0.2358462 -0.4880015
vn 0.49036604 0.8672529 -0.086102284
usemtl material_0
f 1/1/1 2/2/2 3/3/3
f 4/4/4 3/3/3 2/2/2
f 5/5/5 4/4/4 6/6/6
f 4/4/4 2/2/2 7/7/7
f 4/4/4 7/7/7 6/6/6
f 1/1/1 8/8/8 2/2/2
f 9/9/9 5/5/5 6/6/6
f 6/6/6 7/7/7 10/10/10
f 2/2/2 11/11/11 7/7/7
f 12/12/12 5/5/5 9/9/9
f 13/13/13 2/2/2 8/8/8
f 7/7/7 11/11/11 10/10/10
f 14/14/14 2/2/2 13/13/13
f 11/11/11 2/2/2 14/14/14
f 6/6/6 10/10/10 9/9/9
f 13/13/13 15/15/15 14/14/14
f 10/10/10 16/16/16 9/9/9
f 14/14/14 15/15/15 17/17/17
f 10/10/10 11/11/11 18/18/18
f 11/11/11 14/14/14 18/18/18
f 19/19/19 13/13/13 8/8/8
f 14/14/14 17/17/17 20/20/20
f 14/14/14 20/20/20 18/18/18
f 9/9/9 21/21/21 12/12/12
f 9/9/9 16/16/16 21/21/21
f 22/22/22 23/23/23 19/19/19
f 24/24/24 12/12/12 21/21/21
f 25/25/25 13/13/13 19/19/19
f 15/15/15 13/13/13 25/25/25
f 21/21/21 26/26/26 27/27/27
f 17/17/17 15/15/15 28/28/28
f 21/21/21 27/27/27 24/24/24
f 27/27/27 26/26/26 29/29/29
f 28/28/28 30/30/30 17/17/17
f 20/20/20 17/17/17 30/30/30
f 26/26/26 31/31/31 29/29/29
f 32/32/32 28/28/28 15/15/15
f 33/33/33 19/19/19 23/23/23
f 33/33/33 23/23/23 34/34/34
f 19/19/19 35/35/35 25/25/25
f 26/26/26 21/21/21 36/36/36
f 28/28/28 32/32/32 37/37/37
f 20/20/20 30/30/30 38/38/38
f 31/31/31 26/26/26 36/36/36
f 39/39/39 40/40/40 41/41/41
f 42/42/42 41/41/41 40/40/40
f 28/28/28 43/43/43 30/30/30
f 40/40/40 44/44/44 42/42/42
f 32/32/32 39/39/39 41/41/41
f 35/35/35 19/19/19 33/33/33
f 32/32/32 41/41/41 37/37/37
f 45/45/45 21/21/21 16/16/16
f 21/21/21 45/45/45 36/36/36
f 28/28/28 37/37/37 43/43/43
f 36/36/36 46/46/46 31/31/31
f 47/47/47 29/29/29 31/31/31
f 37/37/37 48/48/48 43/43/43
f 30/30/30 43/43/43 49/49/49
f 38/38/38 30/30/30 49/49/49
f 36/36/36 50/50/50 46/46/46
f 44/44/44 51/51/51 42/42/42
f 47/47/47 31/31/31 52/52/52
f 35/35/35 33/33/33 53/53/53
f 33/33/33 34/34/34 54/54/54
f 42/42/42 55/55/55 41/41/41
f 48/48/48 37/37/37 41/41/41
f 31/31/31 46/46/46 52/52/52
f 33/33/33 54/54/54 53/53/53
f 36/36/36 45/45/45 50/50/50
f 52/52/52 56/56/56 47/47/47
f 57/57/57 41/41/41 55/55/55
f 41/41/41 57/57/57 48/48/48
f 48/48/48 58/58/58 43/43/43
f 43/43/43 59/59/59 49/49/49
f 51/51/51 60/60/60 42/42/42
f 54/54/54 34/34/34 61/61/61
f 62/62/62 57/57/57 55/55/55
f 49/49/49 59/59/59 63/63/63
f 64/64/64 49/49/49 63/63/63
f 65/65/65 52/52/52 46/46/46
f 42/42/42 60/60/60 55/55/55
f 66/66/66 67/67/67 68/68/68
f 69/69/69 57/57/57 62/62/62
f 69/69/69 48/48/48 57/57/57
f 46/46/46 50/50/50 70/70/70
f 70/70/70 65/65/65 46/46/46
f 52/52/52 71/71/71 56/56/56
f 72/72/72 73/73/73 66/66/66
f 43/43/43 58/58/58 59/59/59
f 74/74/74 58/58/58 48/48/48
f 74/74/74 48/48/48 69/69/69
f 73/73/73 75/75/75 66/66/66
f 76/76/76 69/69/69 62/62/62
f 74/74/74 69/69/69 76/76/76
f 67/67/67 66/66/66 75/75/75
f 59/59/59 77/77/77 63/63/63
f 78/78/78 63/63/63 79/79/79
f 74/74/74 76/76/76 80/80/80
f 52/52/52 65/65/65 71/71/71
f 59/59/59 58/58/58 81/81/81
f 63/63/63 77/77/77 79/79/79
f 65/65/65 82/82/82 83/83/83
f 65/65/65 70/70/70 84/84/84
f 65/65/65 83/83/83 71/71/71
f 85/85/85 71/71/71 83/83/83
f 73/73/73 86/86/86 75/75/75
f 80/80/80 76/76/76 87/87/87
f 82/82/82 65/65/65 84/84/84
f 81/81/81 74/74/74 80/80/80
f 81/81/81 58/58/58 74/74/74
f 88/88/88 80/80/80 87/87/87
f 82/82/82 89/89/89 83/83/83
f 86/86/86 73/73/73 90/90/90
f 91/91/91 82/82/82 84/84/84
f 87/87/87 76/76/76 62/62/62
f 81/81/81 80/80/80 92/92/92
f 80/80/80 88/88/88 92/92/92
f 82/82/82 93/93/93 89/89/89
f 67/67/67 75/75/75 94/94/94
f 95/95/95 88/88/88 87/87/87
f 93/93/93 82/82/82 91/91/91
f 83/83/83 96/96/96 85/85/85
f 96/96/96 83/83/83 89/89/89
f 86/86/86 97/97/97 75/75/75
f 94/94/94 98/98/98 67/67/67
f 77/77/77 59/59/59 99/99/99
f 100/100/100 77/77/77 99/99/99
f 78/78/78 79/79/79 101/101/101
f 93/93/93 102/102/102 89/89/89
f 89/89/89 102/102/102 96/96/96
f 88/88/88 95/95/95 92/92/92
f 94/94/94 75/75/75 97/97/97
f 103/103/103 59/59/59 81/81/81
f 103/103/103 99/99/99 59/59/59
f 91/91/91 104/104/104 93/93/93
f 85/85/85 96/96/96 105/105/105
f 106/106/106 98/98/98 107/107/107
f 92/92/92 103/103/103 81/81/81
f 108/108/108 77/77/77 100/100/100
f 77/77/77 108/108/108 79/79/79
f 97/97/97 86/86/86 109/109/109
f 102/102/102 93/93/93 104/104/104
f 85/85/85 105/105/105 110/110/110
f 98/98/98 94/94/94 111/111/111
f 112/112/112 103/103/103 92/92/92
f 109/109/109 86/86/86 90/90/90
f 101/101/101 79/79/79 113/113/113
f 114/114/114 109/109/109 90/90/90
f 99/99/99 103/103/103 115/115/115
f 105/105/105 96/96/96 116/116/116
f 115/115/115 103/103/103 112/112/112
f 107/107/107 98/98/98 117/117/117
f 95/95/95 118/118/118 92/92/92
f 110/110/110 105/105/105 116/116/116
f 109/109/109 114/114/114 119/119/119
f 115/115/115 100/100/100 99/99/99
f 97/97/97 109/109/109 119/119/119
f 111/111/111 117/117/117 98/98/98
f 92/92/92 118/118/118 120/120/120
f 112/112/112 92/92/92 121/121/121
f 122/122/122 113/113/113 79/79/79
f 102/102/102 104/104/104 123/123/123
f 124/124/124 79/79/79 108/108/108
f 122/122/122 79/79/79 124/124/124
f 125/125/125 110/110/110 126/126/126
f 92/92/92 120/120/120 121/121/121
f 122/122/122 127/127/127 113/113/113
f 113/113/113 127/127/127 128/128/128
f 126/126/126 110/110/110 116/116/116
f 111/111/111 94/94/94 129/129/129
f 130/130/130 108/108/108 100/100/100
f 100/100/100 115/115/115 130/130/130
f 131/131/131 102/102/102 123/123/123
f 96/96/96 102/102/102 132/132/132
f 133/133/133 118/118/118 134/134/134
f 133/133/133 120/120/120 118/118/118
f 124/124/124 108/108/108 130/130/130
f 124/124/124 127/127/127 122/122/122
f 97/97/97 135/135/135 94/94/94
f 94/94/94 135/135/135 129/129/129
f 112/112/112 130/130/130 115/115/115
f 136/136/136 124/124/124 130/130/130
f 137/137/137 128/128/128 127/127/127
f 124/124/124 136/136/136 127/127/127
f 116/116/116 96/96/96 132/132/132
f 138/138/138 120/120/120 133/133/133
f 130/130/130 112/112/112 139/139/139
f 139/139/139 112/112/112 121/121/121
f 120/120/120 138/138/138 121/121/121
f 127/127/127 140/140/140 137/137/137
f 130/130/130 139/139/139 136/136/136
f 125/125/125 126/126/126 141/141/141
f 132/132/132 102/102/102 131/131/131
f 129/129/129 135/135/135 142/142/142
f 127/127/127 136/136/136 143/143/143
f 131/131/131 144/144/144 132/132/132
f 145/145/145 126/126/126 116/116/116
f 146/146/146 136/136/136 139/139/139
f 147/147/147 140/140/140 127/127/127
f 148/148/148 128/128/128 137/137/137
f 126/126/126 149/149/149 141/141/141
f 150/150/150 129/129/129 142/142/142
f 143/143/143 136/136/136 146/146/146
f 147/147/147 127/127/127 143/143/143
f 116/116/116 151/151/151 145/145/145
f 140/140/140 148/148/148 137/137/137
f 132/132/132 151/151/151 116/116/116
f 126/126/126 145/145/145 152/152/152
f 153/153/153 128/128/128 148/148/148
f 126/126/126 152/152/152 149/149/149
f 154/154/154 146/146/146 139/139/139
f 144/144/144 155/155/155 132/132/132
f 153/153/153 156/156/156 128/128/128
f 145/145/145 151/151/151 152/152/152
f 121/121/121 154/154/154 139/139/139
f 141/141/141 149/149/149 157/157/157
f 158/158/158 121/121/121 138/138/138
f 132/132/132 159/159/159 151/151/151
f 152/152/152 151/151/151 160/160/160
f 121/121/121 158/158/158 154/154/154
f 146/146/146 161/161/161 143/143/143
f 146/146/146 154/154/154 161/161/161
f 149/149/149 152/152/152 162/162/162
f 140/140/140 163/163/163 148/148/148
f 159/159/159 132/132/132 155/155/155
f 151/151/151 159/159/159 164/164/164
f 165/165/165 149/149/149 162/162/162
f 158/158/158 161/161/161 154/154/154
f 161/161/161 158/158/158 166/166/166
f 161/161/161 147/147/147 143/143/143
f 163/163/163 140/140/140 147/147/147
f 148/148/148 167/167/167 153/153/153
f 138/138/138 168/168/168 158/158/158
f 163/163/163 167/167/167 148/148/148
f 155/155/155 169/169/169 159/159/159
f 156/156/156 153/153/153 170/170/170
f 152/152/152 171/171/171 162/162/162
f 157/157/157 165/165/165 172/172/172
f 166/166/166 147/147/147 161/161/161
f 171/171/171 152/152/152 160/160/160
f 173/173/173 169/169/169 155/155/155
f 174/174/174 159/159/159 169/169/169
f 157/157/157 172/172/172 175/175/175
f 164/164/164 159/159/159 174/174/174
f 176/176/176 165/165/165 162/162/162
f 177/177/177 158/158/158 168/168/168
f 177/177/177 166/166/166 158/158/158
f 164/164/164 160/160/160 151/151/151
f 171/171/171 178/178/178 162/162/162
f 162/162/162 178/178/178 176/176/176
f 172/172/172 165/165/165 176/176/176
f 164/164/164 174/174/174 179/179/179
f 160/160/160 179/179/179 171/171/171
f 170/170/170 153/153/153 180/180/180
f 179/179/179 160/160/160 164/164/164
f 168/168/168 181/181/181 177/177/177
f 182/182/182 147/147/147 166/166/166
f 183/183/183 175/175/175 172/172/172
f 167/167/167 184/184/184 153/153/153
f 166/166/166 177/177/177 182/182/182
f 163/163/163 147/147/147 185/185/185
f 163/163/163 186/186/186 167/167/167
f 153/153/153 184/184/184 180/180/180
f 169/169/169 187/187/187 174/174/174
f 187/187/187 169/169/169 173/173/173
f 188/188/188 179/179/179 174/174/174
f 189/189/189 190/190/190 191/191/191
f 171/171/171 179/179/179 192/192/192
f 171/171/171 192/192/192 178/178/178
f 193/193/193 176/176/176 178/178/178
f 185/185/185 147/147/147 182/182/182
f 185/185/185 186/186/186 163/163/163
f 194/194/194 190/190/190 189/189/189
f 195/195/195 190/190/190 194/194/194
f 196/196/196 197/197/197 195/195/195
f 188/188/188 174/174/174 187/187/187
f 198/198/198 183/183/183 172/172/172
f 193/193/193 178/178/178 199/199/199
f 195/195/195 200/200/200 201/201/201
f 195/195/195 201/201/201 196/196/196
f 178/178/178 192/192/192 199/199/199
f 176/176/176 193/193/193 202/202/202
f 196/196/196 203/203/203 197/197/197
f 192/192/192 179/179/179 188/188/188
f 204/204/204 198/198/198 172/172/172
f 176/176/176 202/202/202 172/172/172
f 203/203/203 181/181/181 168/168/168
f 177/177/177 205/205/205 182/182/182
f 177/177/177 181/181/181 205/205/205
f 206/206/206 185/185/185 182/182/182
f 180/180/180 207/207/207 170/170/170
f 194/194/194 200/200/200 195/195/195
f 201/201/201 208/208/208 196/196/196
f 203/203/203 209/209/209 181/181/181
f 210/210/210 192/192/192 188/188/188
f 182/182/182 205/205/205 206/206/206
f 211/211/211 185/185/185 206/206/206
f 184/184/184 207/207/207 180/180/180
f 212/212/212 170/170/170 207/207/207
f 186/186/186 184/184/184 167/167/167
f 187/187/187 210/210/210 188/188/188
f 173/173/173 213/213/213 187/187/187
f 187/187/187 213/213/213 214/214/214
f 193/193/193 215/215/215 202/202/202
f 211/211/211 186/186/186 185/185/185
f 173/173/173 216/216/216 213/213/213
f 217/217/217 218/218/218 219/219/219
f 216/216/216 220/220/220 187/187/187
f 210/210/210 199/199/199 192/192/192
f 200/200/200 221/221/221 201/201/201
f 201/201/201 221/221/221 208/208/208
f 216/216/216 173/173/173 214/214/214
f 202/202/202 204/204/204 172/172/172
f 216/216/216 214/214/214 220/220/220
f 196/196/196 222/222/222 203/203/203
f 204/204/204 202/202/202 223/223/223
f 222/222/222 196/196/196 208/208/208
f 199/199/199 215/215/215 193/193/193
f 205/205/205 224/224/224 206/206/206
f 186/186/186 225/225/225 184/184/184
f 226/226/226 187/187/187 220/220/220
f 225/225/225 186/186/186 211/211/211
f 226/226/226 210/210/210 187/187/187
f 227/227/227 210/210/210 226/226/226
f 224/224/224 211/211/211 206/206/206
f 210/210/210 227/227/227 228/228/228
f 215/215/215 199/199/199 210/210/210
f 227/227/227 229/229/229 228/228/228
f 223/223/223 202/202/202 230/230/230
f 222/222/222 209/209/209 203/203/203
f 231/231/231 210/210/210 228/228/228
f 232/232/232 202/202/202 215/215/215
f 233/233/233 231/231/231 228/228/228
f 233/233/233 228/228/228 229/229/229
f 210/210/210 231/231/231 215/215/215
f 230/230/230 202/202/202 232/232/232
f 220/220/220 227/227/227 226/226/226
f 215/215/215 231/231/231 232/232/232
f 231/231/231 234/234/234 232/232/232
f 235/235/235 232/232/232 234/234/234
f 236/236/236 233/233/233 229/229/229
f 207/207/207 237/237/237 212/212/212
f 224/224/224 225/225/225 211/211/211
f 232/232/232 235/235/235 230/230/230
f 238/238/238 236/236/236 229/229/229
f 239/239/239 233/233/233 236/236/236
f 240/240/240 235/235/235 234/234/234
f 236/236/236 238/238/238 239/239/239
f 238/238/238 241/241/241 239/239/239
f 165/165/165 157/157/157 149/149/149
f 242/242/242 243/243/243 244/244/244
f 245/245/245 244/244/244 246/246/246
f 242/242/242 244/244/244 245/245/245
f 246/246/246 247/247/247 245/245/245
f 242/242/242 245/245/245 248/248/248
f 245/245/245 247/247/247 248/248/248
f 248/248/248 247/247/247 249/249/249
f 247/247/247 250/250/250 251/251/251
f 252/252/252 247/247/247 253/253/253
f 251/251/251 253/253/253 247/247/247
f 252/252/252 249/249/249 247/247/247
f 254/254/254 253/253/253 251/251/251
f 251/251/251 255/255/255 256/256/256
f 254/254/254 251/251/251 256/256/256
f 252/252/252 253/253/253 254/254/254
f 257/257/257 252/252/252 254/254/254
f 256/256/256 257/257/257 254/254/254
f 258/258/258 257/257/257 256/256/256
f 259/259/259 258/258/258 256/256/256
f 256/256/256 260/260/260 259/259/259
f 261/261/261 258/258/258 259/259/259
f 259/259/259 260/260/260 262/262/262
f 261/261/261 259/259/259 262/262/262
f 262/262/262 260/260/260 263/263/263
f 264/264/264 261/261/261 262/262/262
f 263/263/263 265/265/265 262/262/262
f 266/266/266 265/265/265 263/263/263
f 262/262/262 265/265/265 264/264/264
f 264/264/264 265/265/265 267/267/267
f 268/268/268 265/265/265 266/266/266
f 265/265/265 268/268/268 267/267/267
f 268/268/268 266/266/266 269/269/269
f 269/269/269 266/266/266 270/270/270
f 271/271/271 268/268/268 269/269/269
f 271/271/271 269/269/269 272/272/272
f 273/273/273 269/269/269 270/270/270
f 270/270/270 274/274/274 273/273/273
f 272/272/272 269/269/269 273/273/273
f 275/275/275 272/272/272 273/273/273
f 273/273/273 274/274/274 276/276/276
f 275/275/275 273/273/273 276/276/276
f 277/277/277 276/276/276 274/274/274
f 275/275/275 276/276/276 278/278/278
f 275/275/275 278/278/278 279/279/279
f 280/280/280 281/281/281 282/282/282
f 282/282/282 283/283/283 280/280/280
f 284/284/284 285/285/285 286/286/286
f 279/279/279 287/287/287 288/288/288
f 279/279/279 278/278/278 287/287/287
f 289/289/289 276/276/276 277/277/277
f 276/276/276 289/289/289 278/278/278
f 290/290/290 287/287/287 278/278/278
f 291/291/291 289/289/289 277/277/277
f 291/291/291 278/278/278 289/289/289
f 292/292/292 290/290/290 278/278/278
f 292/292/292 278/278/278 291/291/291
f 293/293/293 292/292/292 291/291/291
f 294/294/294 293/293/293 291/291/291
f 294/294/294 295/295/295 293/293/293
f 296/296/296 297/297/297 298/298/298
f 297/297/297 299/299/299 298/298/298
f 297/297/297 296/296/296 300/300/300
f 296/296/296 301/301/301 300/300/300
f 301/301/301 296/296/296 302/302/302
f 297/297/297 300/300/300 303/303/303
f 300/300/300 301/301/301 304/304/304
f 302/302/302 305/305/305 301/301/301
f 304/304/304 303/303/303 300/300/300
f 303/303/303 304/304/304 306/306/306
f 303/303/303 306/306/306 307/307/307
f 301/301/301 305/305/305 308/308/308
f 304/304/304 301/301/301 309/309/309
f 305/305/305 310/310/310 308/308/308
f 306/306/306 304/304/304 309/309/309
f 311/311/311 301/301/301 308/308/308
f 301/301/301 311/311/311 309/309/309
f 308/308/308 310/310/310 312/312/312
f 313/313/313 312/312/312 310/310/310
f 306/306/306 314/314/314 307/307/307
f 308/308/308 312/312/312 315/315/315
f 311/311/311 308/308/308 315/315/315
f 309/309/309 316/316/316 306/306/306
f 306/306/306 316/316/316 314/314/314
f 312/312/312 313/313/313 317/317/317
f 316/316/316 309/309/309 318/318/318
f 312/312/312 317/317/317 319/319/319
f 309/309/309 311/311/311 320/320/320
f 317/317/317 321/321/321 319/319/319
f 320/320/320 311/311/311 315/315/315
f 322/322/322 315/315/315 312/312/312
f 321/321/321 323/323/323 319/319/319
f 324/324/324 321/321/321 317/317/317
f 323/323/323 325/325/325 319/319/319
f 323/323/323 321/321/321 326/326/326
f 327/327/327 321/321/321 324/324/324
f 328/328/328 325/325/325 323/323/323
f 312/312/312 319/319/319 329/329/329
f 330/330/330 319/319/319 325/325/325
f 326/326/326 321/321/321 327/327/327
f 316/316/316 331/331/331 314/314/314
f 329/329/329 319/319/319 330/330/330
f 325/325/325 328/328/328 332/332/332
f 323/323/323 326/326/326 328/328/328
f 329/329/329 330/330/330 332/332/332
f 320/320/320 315/315/315 322/322/322
f 318/318/318 309/309/309 320/320/320
f 328/328/328 333/333/333 332/332/332
f 332/332/332 333/333/333 329/329/329
f 326/326/326 333/333/333 328/328/328
f 312/312/312 329/329/329 322/322/322
f 331/331/331 316/316/316 334/334/334
f 329/329/329 333/333/333 335/335/335
f 335/335/335 336/336/336 329/329/329
f 337/337/337 335/335/335 333/333/333
f 333/333/333 326/326/326 337/337/337
f 336/336/336 322/322/322 329/329/329
f 316/316/316 318/318/318 334/334/334
f 335/335/335 338/338/338 336/336/336
f 337/337/337 338/338/338 335/335/335
f 339/339/339 338/338/338 337/337/337
f 340/340/340 322/322/322 336/336/336
f 320/320/320 322/322/322 341/341/341
f 318/318/318 342/342/342 334/334/334
f 340/340/340 336/336/336 338/338/338
f 318/318/318 320/320/320 343/343/343
f 341/341/341 322/322/322 340/340/340
f 344/344/344 340/340/340 338/338/338
f 343/343/343 320/320/320 341/341/341
f 341/341/341 340/340/340 344/344/344
f 342/342/342 318/318/318 345/345/345
f 345/345/345 318/318/318 343/343/343
f 341/341/341 344/344/344 346/346/346
f 346/346/346 343/343/343 341/341/341
f 345/345/345 343/343/343 347/347/347
f 343/343/343 346/346/346 348/348/348
f 349/349/349 345/345/345 347/347/347
f 343/343/343 348/348/348 347/347/347
f 350/350/350 347/347/347 351/351/351
f 348/348/348 351/351/351 347/347/347
f 352/352/352 353/353/353 354/354/354
f 355/355/355 352/352/352 354/354/354
f 355/355/355 354/354/354 356/356/356
f 352/352/352 355/355/355 357/357/357
f 356/356/356 358/358/358 355/355/355
f 355/355/355 358/358/358 357/357/357
f 357/357/357 358/358/358 359/359/359
f 360/360/360 357/357/357 359/359/359
f 359/359/359 361/361/361 360/360/360
f 362/362/362 363/363/363 364/364/364
f 363/363/363 362/362/362 365/365/365
f 366/366/366 364/364/364 367/367/367
f 364/364/364 368/368/368 367/367/367
f 364/364/364 363/363/363 368/368/368
f 369/369/369 363/363/363 365/365/365
f 363/363/363 370/370/370 368/368/368
f 370/370/370 363/363/363 369/369/369
f 369/369/369 365/365/365 371/371/371
f 367/367/367 368/368/368 372/372/372
f 370/370/370 373/373/373 368/368/368
f 370/370/370 369/369/369 374/374/374
f 372/372/372 368/368/368 375/375/375
f 375/375/375 368/368/368 373/373/373
f 376/376/376 373/373/373 370/370/370
f 377/377/377 374/374/374 369/369/369
f 374/374/374 376/376/376 370/370/370
f 373/373/373 378/378/378 375/375/375
f 379/379/379 380/380/380 371/371/371
f 371/371/371 380/380/380 369/369/369
f 376/376/376 374/374/374 377/377/377
f 369/369/369 380/380/380 377/377/377
f 373/373/373 376/376/376 378/378/378
f 378/378/378 376/376/376 381/381/381
f 377/377/377 382/382/382 376/376/376
f 381/381/381 376/376/376 382/382/382
f 382/382/382 377/377/377 383/383/383
f 383/383/383 377/377/377 380/380/380
f 384/384/384 385/385/385 386/386/386
f 387/387/387 388/388/388 389/389/389
f 390/390/390 391/391/391 388/388/388
f 387/387/387 392/392/392 393/393/393
f 394/394/394 391/391/391 390/390/390
f 391/391/391 389/389/389 388/388/388
f 389/389/389 392/392/392 387/387/387
f 385/385/385 395/395/395 386/386/386
f 396/396/396 386/386/386 395/395/395
f 397/397/397 385/385/385 384/384/384
f 396/396/396 395/395/395 398/398/398
f 399/399/399 396/396/396 398/398/398
f 392/392/392 400/400/400 393/393/393
f 401/401/401 395/395/395 385/385/385
f 394/394/394 402/402/402 403/403/403
f 391/391/391 404/404/404 389/389/389
f 405/405/405 399/399/399 398/398/398
f 406/406/406 394/394/394 403/403/403
f 394/394/394 406/406/406 391/391/391
f 389/389/389 404/404/404 407/407/407
f 407/407/407 408/408/408 389/389/389
f 408/408/408 392/392/392 389/389/389
f 409/409/409 400/400/400 392/392/392
f 400/400/400 410/410/410 385/385/385
f 385/385/385 410/410/410 401/401/401
f 406/406/406 404/404/404 391/391/391
f 411/411/411 392/392/392 408/408/408
f 411/411/411 408/408/408 407/407/407
f 400/400/400 409/409/409 410/410/410
f 401/401/401 412/412/412 395/395/395
f 395/395/395 412/412/412 398/398/398
f 413/413/413 414/414/414 415/415/415
f 409/409/409 392/392/392 411/411/411
f 412/412/412 401/401/401 410/410/410
f 416/416/416 407/407/407 414/414/414
f 417/417/417 398/398/398 412/412/412
f 407/407/407 416/416/416 411/411/411
f 398/398/398 417/417/417 405/405/405
f 413/413/413 418/418/418 419/419/419
f 420/420/420 419/419/419 418/418/418
f 413/413/413 419/419/419 414/414/414
f 411/411/411 421/421/421 422/422/422
f 422/422/422 421/421/421 423/423/423
f 423/423/423 424/424/424 425/425/425
f 426/426/426 425/425/425 424/424/424
f 419/419/419 416/416/416 414/414/414
f 423/423/423 421/421/421 424/424/424
f 427/427/427 428/428/428 429/429/429
f 430/430/430 431/431/431 432/432/432
f 411/411/411 416/416/416 421/421/421
f 433/433/433 420/420/420 434/434/434
f 426/426/426 435/435/435 430/430/430
f 436/436/436 427/427/427 429/429/429
f 437/437/437 438/438/438 439/439/439
f 416/416/416 419/419/419 440/440/440
f 430/430/430 435/435/435 431/431/431
f 426/426/426 441/441/441 435/435/435
f 442/442/442 443/443/443 428/428/428
f 441/441/441 426/426/426 424/424/424
f 444/444/444 439/439/439 438/438/438
f 432/432/432 445/445/445 442/442/442
f 428/428/428 443/443/443 429/429/429
f 445/445/445 432/432/432 431/431/431
f 446/446/446 419/419/419 420/420/420
f 447/447/447 439/439/439 444/444/444
f 448/448/448 424/424/424 421/421/421
f 424/424/424 448/448/448 441/441/441
f 446/446/446 420/420/420 433/433/433
f 442/442/442 445/445/445 443/443/443
f 449/449/449 431/431/431 435/435/435
f 429/429/429 443/443/443 450/450/450
f 429/429/429 450/450/450 436/436/436
f 445/445/445 451/451/451 443/443/443
f 416/416/416 452/452/452 421/421/421
f 441/441/441 449/449/449 435/435/435
f 453/453/453 437/437/437 439/439/439
f 454/454/454 437/437/437 453/453/453
f 446/446/446 455/455/455 419/419/419
f 456/456/456 454/454/454 453/453/453
f 421/421/421 452/452/452 448/448/448
f 431/431/431 449/449/449 445/445/445
f 443/443/443 451/451/451 457/457/457
f 457/457/457 450/450/450 443/443/443
f 419/419/419 455/455/455 440/440/440
f 433/433/433 458/458/458 446/446/446
f 459/459/459 447/447/447 444/444/444
f 452/452/452 460/460/460 448/448/448
f 461/461/461 444/444/444 436/436/436
f 416/416/416 440/440/440 452/452/452
f 446/446/446 462/462/462 455/455/455
f 458/458/458 462/462/462 446/446/446
f 436/436/436 450/450/450 461/461/461
f 445/445/445 449/449/449 451/451/451
f 461/461/461 459/459/459 444/444/444
f 463/463/463 464/464/464 440/440/440
f 452/452/452 440/440/440 464/464/464
f 465/465/465 461/461/461 450/450/450
f 466/466/466 456/456/456 453/453/453
f 441/441/441 467/467/467 449/449/449
f 447/447/447 459/459/459 439/439/439
f 453/453/453 439/439/439 466/466/466
f 468/468/468 440/440/440 455/455/455
f 452/452/452 464/464/464 460/460/460
f 469/469/469 458/458/458 433/433/433
f 459/459/459 470/470/470 439/439/439
f 467/467/467 471/471/471 449/449/449
f 472/472/472 468/468/468 455/455/455
f 470/470/470 466/466/466 439/439/439
f 457/457/457 451/451/451 473/473/473
f 474/474/474 456/456/456 466/466/466
f 475/475/475 456/456/456 474/474/474
f 461/461/461 476/476/476 459/459/459
f 472/472/472 455/455/455 462/462/462
f 448/448/448 467/467/467 441/441/441
f 449/449/449 477/477/477 451/451/451
f 440/440/440 468/468/468 463/463/463
f 459/459/459 476/476/476 470/470/470
f 474/474/474 478/478/478 475/475/475
f 458/458/458 479/479/479 462/462/462
f 480/480/480 474/474/474 466/466/466
f 458/458/458 469/469/469 479/479/479
f 462/462/462 479/479/479 472/472/472
f 451/451/451 477/477/477 473/473/473
f 465/465/465 481/481/481 461/461/461
f 466/466/466 470/470/470 480/480/480
f 480/480/480 478/478/478 474/474/474
f 449/449/449 471/471/471 477/477/477
f 475/475/475 478/478/478 482/482/482
f 460/460/460 483/483/483 448/448/448
f 483/483/483 467/467/467 448/448/448
f 469/469/469 484/484/484 479/479/479
f 464/464/464 485/485/485 460/460/460
f 486/486/486 450/450/450 457/457/457
f 461/461/461 481/481/481 476/476/476
f 463/463/463 468/468/468 487/487/487
f 486/486/486 457/457/457 473/473/473
f 485/485/485 483/483/483 460/460/460
f 482/482/482 478/478/478 488/488/488
f 463/463/463 487/487/487 489/489/489
f 463/463/463 489/489/489 464/464/464
f 476/476/476 490/490/490 470/470/470
f 472/472/472 491/491/491 468/468/468
f 486/486/486 465/465/465 450/450/450
f 492/492/492 484/484/484 469/469/469
f 493/493/493 471/471/471 467/467/467
f 479/479/479 491/491/491 472/472/472
f 471/471/471 493/493/493 494/494/494
f 495/495/495 481/481/481 465/465/465
f 471/471/471 494/494/494 477/477/477
f 486/486/486 473/473/473 496/496/496
f 497/497/497 467/467/467 483/483/483
f 481/481/481 498/498/498 476/476/476
f 477/477/477 499/499/499 473/473/473
f 498/498/498 481/481/481 495/495/495
f 486/486/486 500/500/500 501/501/501
f 484/484/484 502/502/502 479/479/479
f 491/491/491 487/487/487 468/468/468
f 489/489/489 485/485/485 464/464/464
f 467/467/467 497/497/497 493/493/493
f 473/473/473 499/499/499 496/496/496
f 500/500/500 486/486/486 496/496/496
f 486/486/486 501/501/501 465/465/465
f 465/465/465 501/501/501 495/495/495
f 503/503/503 498/498/498 495/495/495
f 490/490/490 476/476/476 504/504/504
f 505/505/505 490/490/490 504/504/504
f 506/506/506 502/502/502 484/484/484
f 479/479/479 502/502/502 491/491/491
f 493/493/493 497/497/497 507/507/507
f 508/508/508 499/499/499 494/494/494
f 499/499/499 477/477/477 494/494/494
f 509/509/509 496/496/496 499/499/499
f 501/501/501 510/510/510 495/495/495
f 476/476/476 498/498/498 504/504/504
f 492/492/492 511/511/511 484/484/484
f 485/485/485 512/512/512 483/483/483
f 483/483/483 512/512/512 497/497/497
f 493/493/493 513/513/513 494/494/494
f 500/500/500 496/496/496 509/509/509
f 500/500/500 514/514/514 501/501/501
f 515/515/515 489/489/489 487/487/487
f 510/510/510 501/501/501 514/514/514
f 504/504/504 498/498/498 503/503/503
f 506/506/506 491/491/491 502/502/502
f 497/497/497 512/512/512 507/507/507
f 494/494/494 513/513/513 508/508/508
f 509/509/509 514/514/514 500/500/500
f 516/516/516 505/505/505 504/504/504
f 517/517/517 482/482/482 488/488/488
f 518/518/518 485/485/485 489/489/489
f 511/511/511 506/506/506 484/484/484
f 519/519/519 487/487/487 491/491/491
f 489/489/489 515/515/515 518/518/518
f 495/495/495 510/510/510 503/503/503
f 520/520/520 504/504/504 503/503/503
f 516/516/516 504/504/504 520/520/520
f 512/512/512 485/485/485 521/521/521
f 509/509/509 522/522/522 514/514/514
f 520/520/520 523/523/523 516/516/516
f 487/487/487 519/519/519 515/515/515
f 508/508/508 513/513/513 524/524/524
f 508/508/508 525/525/525 499/499/499
f 493/493/493 507/507/507 513/513/513
f 499/499/499 525/525/525 509/509/509
f 491/491/491 506/506/506 526/526/526
f 485/485/485 518/518/518 527/527/527
f 527/527/527 521/521/521 485/485/485
f 514/514/514 528/528/528 510/510/510
f 506/506/506 511/511/511 529/529/529
f 491/491/491 526/526/526 519/519/519
f 508/508/508 524/524/524 525/525/525
f 530/530/530 520/520/520 503/503/503
f 507/507/507 531/531/531 513/513/513
f 503/503/503 510/510/510 528/528/528
f 521/521/521 532/532/532 512/512/512
f 512/512/512 532/532/532 507/507/507
f 533/533/533 534/534/534 523/523/523
f 533/533/533 520/520/520 530/530/530
f 509/509/509 525/525/525 522/522/522
f 514/514/514 535/535/535 528/528/528
f 520/520/520 533/533/533 523/523/523
f 529/529/529 526/526/526 506/506/506
f 529/529/529 511/511/511 536/536/536
f 513/513/513 531/531/531 524/524/524
f 535/535/535 514/514/514 522/522/522
f 519/519/519 537/537/537 515/515/515
f 531/531/531 507/507/507 532/532/532
f 538/538/538 529/529/529 536/536/536
f 527/527/527 539/539/539 521/521/521
f 515/515/515 540/540/540 518/518/518
f 526/526/526 537/537/537 519/519/519
f 524/524/524 531/531/531 541/541/541
f 542/542/542 503/503/503 528/528/528
f 533/533/533 543/543/543 534/534/534
f 529/529/529 544/544/544 526/526/526
f 518/518/518 540/540/540 527/527/527
f 534/534/534 543/543/543 545/545/545
f 544/544/544 537/537/537 526/526/526
f 503/503/503 542/542/542 530/530/530
f 539/539/539 532/532/532 521/521/521
f 524/524/524 541/541/541 525/525/525
f 525/525/525 546/546/546 522/522/522
f 546/546/546 525/525/525 547/547/547
f 532/532/532 548/548/548 531/531/531
f 543/543/543 549/549/549 545/545/545
f 515/515/515 550/550/550 540/540/540
f 551/551/551 541/541/541 531/531/531
f 535/535/535 522/522/522 546/546/546
f 529/529/529 552/552/552 544/544/544
f 541/541/541 547/547/547 525/525/525
f 538/538/538 552/552/552 529/529/529
f 527/527/527 553/553/553 539/539/539
f 532/532/532 539/539/539 554/554/554
f 555/555/555 542/542/542 528/528/528
f 515/515/515 537/537/537 550/550/550
f 540/540/540 553/553/553 527/527/527
f 550/550/550 553/553/553 540/540/540
f 535/535/535 556/556/556 528/528/528
f 544/544/544 557/557/557 537/537/537
f 551/551/551 558/558/558 541/541/541
f 559/559/559 543/543/543 533/533/533
f 560/560/560 544/544/544 552/552/552
f 553/553/553 561/561/561 539/539/539
f 535/535/535 546/546/546 556/556/556
f 542/542/542 562/562/562 530/530/530
f 563/563/563 538/538/538 536/536/536
f 557/557/557 550/550/550 537/537/537
f 530/530/530 559/559/559 533/533/533
f 548/548/548 551/551/551 531/531/531
f 558/558/558 547/547/547 541/541/541
f 559/559/559 549/549/549 543/543/543
f 544/544/544 560/560/560 557/557/557
f 564/564/564 553/553/553 550/550/550
f 554/554/554 565/565/565 532/532/532
f 547/547/547 566/566/566 546/546/546
f 555/555/555 567/567/567 542/542/542
f 561/561/561 554/554/554 539/539/539
f 532/532/532 565/565/565 548/548/548
f 555/555/555 528/528/528 556/556/556
f 566/566/566 556/556/556 546/546/546
f 530/530/530 562/562/562 559/559/559
f 564/564/564 550/550/550 557/557/557
f 568/568/568 538/538/538 563/563/563
f 538/538/538 568/568/568 552/552/552
f 560/560/560 552/552/552 569/569/569
f 561/561/561 553/553/553 570/570/570
f 548/548/548 571/571/571 551/551/551
f 542/542/542 567/567/567 562/562/562
f 569/569/569 552/552/552 568/568/568
f 547/547/547 558/558/558 566/566/566
f 572/572/572 549/549/549 559/559/559
f 561/561/561 573/573/573 554/554/554
f 551/551/551 574/574/574 558/558/558
f 573/573/573 565/565/565 554/554/554
f 557/557/557 560/560/560 575/575/575
f 566/566/566 576/576/576 556/556/556
f 555/555/555 556/556/556 576/576/576
f 548/548/548 565/565/565 571/571/571
f 571/571/571 574/574/574 551/551/551
f 553/553/553 564/564/564 570/570/570
f 570/570/570 577/577/577 561/561/561
f 561/561/561 577/577/577 573/573/573
f 562/562/562 567/567/567 578/578/578
f 558/558/558 579/579/579 566/566/566
f 567/567/567 555/555/555 580/580/580
f 569/569/569 568/568/568 581/581/581
f 575/575/575 582/582/582 557/557/557
f 576/576/576 580/580/580 555/555/555
f 575/575/575 560/560/560 569/569/569
f 562/562/562 583/583/583 559/559/559
f 559/559/559 584/584/584 572/572/572
f 585/585/585 581/581/581 568/568/568
f 567/567/567 580/580/580 586/586/586
f 558/558/558 574/574/574 579/579/579
f 586/586/586 578/578/578 567/567/567
f 578/578/578 583/583/583 562/562/562
f 587/587/587 569/569/569 581/581/581
f 576/576/576 566/566/566 579/579/579
f 575/575/575 569/569/569 587/587/587
f 571/571/571 588/588/588 574/574/574
f 580/580/580 576/576/576 589/589/589
f 564/564/564 577/577/577 570/570/570
f 565/565/565 573/573/573 590/590/590
f 565/565/565 590/590/590 571/571/571
f 582/582/582 564/564/564 557/557/557
f 588/588/588 579/579/579 574/574/574
f 577/577/577 591/591/591 573/573/573
f 588/588/588 571/571/571 590/590/590
f 591/591/591 590/590/590 573/573/573
f 589/589/589 576/576/576 592/592/592
f 588/588/588 590/590/590 593/593/593
f 576/576/576 579/579/579 594/594/594
f 578/578/578 595/595/595 596/596/596
f 595/595/595 578/578/578 597/597/597
f 582/582/582 598/598/598 564/564/564
f 599/599/599 592/592/592 576/576/576
f 564/564/564 600/600/600 577/577/577
f 601/601/601 575/575/575 587/587/587
f 602/602/602 603/603/603 587/587/587
f 601/601/601 582/582/582 575/575/575
f 604/604/604 579/579/579 588/588/588
f 596/596/596 605/605/605 578/578/578
f 604/604/604 594/594/594 579/579/579
f 594/594/594 599/599/599 576/576/576
f 578/578/578 605/605/605 583/583/583
f 598/598/598 600/600/600 564/564/564
f 606/606/606 590/590/590 591/591/591
f 604/604/604 588/588/588 593/593/593
f 607/607/607 604/604/604 593/593/593
f 604/604/604 608/608/608 594/594/594
f 601/601/601 587/587/587 603/603/603
f 598/598/598 609/609/609 600/600/600
f 610/610/610 591/591/591 577/577/577
f 606/606/606 591/591/591 610/610/610
f 593/593/593 590/590/590 606/606/606
f 600/600/600 611/611/611 577/577/577
f 612/612/612 593/593/593 606/606/606
f 595/595/595 597/597/597 613/613/613
f 610/610/610 577/577/577 611/611/611
f 614/614/614 593/593/593 612/612/612
f 607/607/607 593/593/593 614/614/614
f 615/615/615 616/616/616 610/610/610
f 610/610/610 616/616/616 606/606/606
f 604/604/604 607/607/607 608/608/608
f 617/617/617 598/598/598 582/582/582
f 594/594/594 608/608/608 618/618/618
f 601/601/601 617/617/617 582/582/582
f 598/598/598 617/617/617 609/609/609
f 613/613/613 619/619/619 595/595/595
f 596/596/596 595/595/595 620/620/620
f 605/605/605 621/621/621 583/583/583
f 610/610/610 611/611/611 615/615/615
f 616/616/616 612/612/612 606/606/606
f 622/622/622 594/594/594 618/618/618
f 622/622/622 599/599/599 594/594/594
f 605/605/605 596/596/596 620/620/620
f 614/614/614 623/623/623 607/607/607
f 601/601/601 624/624/624 617/617/617
f 625/625/625 611/611/611 600/600/600
f 624/624/624 603/603/603 626/626/626
f 601/601/601 603/603/603 624/624/624
f 617/617/617 624/624/624 627/627/627
f 627/627/627 609/609/609 617/617/617
f 625/625/625 628/628/628 611/611/611
f 607/607/607 629/629/629 608/608/608
f 627/627/627 624/624/624 630/630/630
f 600/600/600 609/609/609 625/625/625
f 627/627/627 625/625/625 609/609/609
f 628/628/628 625/625/625 631/631/631
f 608/608/608 629/629/629 618/618/618
f 619/619/619 613/613/613 632/632/632
f 631/631/631 625/625/625 627/627/627
f 621/621/621 605/605/605 633/633/633
f 627/627/627 634/634/634 631/631/631
f 611/611/611 628/628/628 615/615/615
f 620/620/620 633/633/633 605/605/605
f 630/630/630 624/624/624 626/626/626
f 632/632/632 635/635/635 619/619/619
f 616/616/616 636/636/636 612/612/612
f 612/612/612 637/637/637 614/614/614
f 637/637/637 623/623/623 614/614/614
f 638/638/638 622/622/622 639/639/639
f 595/595/595 640/640/640 620/620/620
f 641/641/641 642/642/642 626/626/626
f 626/626/626 642/642/642 630/630/630
f 643/643/643 618/618/618 629/629/629
f 640/640/640 595/595/595 619/619/619
f 636/636/636 616/616/616 615/615/615
f 643/643/643 622/622/622 618/618/618
f 632/632/632 644/644/644 635/635/635
f 623/623/623 629/629/629 607/607/607
f 622/622/622 643/643/643 639/639/639
f 628/628/628 645/645/645 615/615/615
f 612/612/612 636/636/636 646/646/646
f 647/647/647 641/641/641 648/648/648
f 634/634/634 627/627/627 630/630/630
f 635/635/635 649/649/649 619/619/619
f 620/620/620 650/650/650 633/633/633
f 651/651/651 640/640/640 619/619/619
f 620/620/620 640/640/640 650/650/650
f 642/642/642 641/641/641 647/647/647
f 645/645/645 628/628/628 631/631/631
f 615/615/615 645/645/645 636/636/636
f 646/646/646 652/652/652 612/612/612
f 649/649/649 651/651/651 619/619/619
f 612/612/612 652/652/652 637/637/637
f 637/637/637 653/653/653 623/623/623
f 635/635/635 644/644/644 654/654/654
f 629/629/629 623/623/623 653/653/653
f 642/642/642 655/655/655 630/630/630
f 631/631/631 656/656/656 645/645/645
f 645/645/645 657/657/657 636/636/636
f 656/656/656 631/631/631 634/634/634
f 658/658/658 634/634/634 630/630/630
f 642/642/642 647/647/647 659/659/659
f 657/657/657 660/660/660 636/636/636
f 653/653/653 661/661/661 629/629/629
f 660/660/660 646/646/646 636/636/636
f 637/637/637 652/652/652 653/653/653
f 661/661/661 643/643/643 629/629/629
f 630/630/630 655/655/655 658/658/658
f 656/656/656 657/657/657 645/645/645
f 634/634/634 658/658/658 656/656/656
f 660/660/660 652/652/652 646/646/646
f 659/659/659 662/662/662 642/642/642
f 653/653/653 663/663/663 661/661/661
f 642/642/642 662/662/662 655/655/655
f 660/660/660 664/664/664 652/652/652
f 652/652/652 664/664/664 653/653/653
f 662/662/662 659/659/659 665/665/665
f 659/659/659 647/647/647 665/665/665
f 665/665/665 666/666/666 662/662/662
f 667/667/667 668/668/668 669/669/669
f 670/670/670 671/671/671 672/672/672
f 673/673/673 670/670/670 672/672/672
f 669/669/669 668/668/668 671/671/671
f 671/671/671 668/668/668 672/672/672
f 674/674/674 668/668/668 667/667/667
f 675/675/675 674/674/674 676/676/676
f 675/675/675 668/668/668 674/674/674
f 677/677/677 676/676/676 674/674/674
f 678/678/678 672/672/672 668/668/668
f 677/677/677 679/679/679 676/676/676
f 675/675/675 678/678/678 668/668/668
f 672/672/672 680/680/680 673/673/673
f 679/679/679 681/681/681 676/676/676
f 675/675/675 676/676/676 681/681/681
f 672/672/672 678/678/678 680/680/680
f 679/679/679 677/677/677 682/682/682
f 679/679/679 682/682/682 681/681/681
f 683/683/683 682/682/682 684/684/684
f 681/681/681 682/682/682 683/683/683
f 681/681/681 685/685/685 675/675/675
f 686/686/686 687/687/687 688/688/688
f 686/686/686 689/689/689 690/690/690
f 689/689/689 683/683/683 690/690/690
f 690/690/690 683/683/683 684/684/684
f 689/689/689 686/686/686 688/688/688
f 678/678/678 675/675/675 685/685/685
f 691/691/691 689/689/689 688/688/688
f 683/683/683 692/692/692 681/681/681
f 692/692/692 683/683/683 689/689/689
f 681/681/681 692/692/692 685/685/685
f 687/687/687 693/693/693 688/688/688
f 688/688/688 694/694/694 691/691/691
f 692/692/692 689/689/689 695/695/695
f 688/688/688 693/693/693 694/694/694
f 695/695/695 689/689/689 691/691/691
f 693/693/693 696/696/696 694/694/694
f 697/697/697 693/693/693 687/687/687
f 697/697/697 696/696/696 693/693/693
f 692/692/692 698/698/698 685/685/685
f 698/698/698 678/678/678 685/685/685
f 696/696/696 699/699/699 694/694/694
f 700/700/700 680/680/680 678/678/678
f 695/695/695 691/691/691 694/694/694
f 701/701/701 702/702/702 703/703/703
f 702/702/702 704/704/704 703/703/703
f 705/705/705 704/704/704 702/702/702
f 706/706/706 707/707/707 708/708/708
f 708/708/708 702/702/702 709/709/709
f 706/706/706 708/708/708 709/709/709
f 708/708/708 705/705/705 702/702/702
f 710/710/710 707/707/707 706/706/706
f 706/706/706 709/709/709 711/711/711
f 710/710/710 706/706/706 711/711/711
f 712/712/712 710/710/710 711/711/711
f 713/713/713 711/711/711 709/709/709
f 709/709/709 702/702/702 713/713/713
f 714/714/714 702/702/702 701/701/701
f 715/715/715 711/711/711 713/713/713
f 713/713/713 702/702/702 714/714/714
f 716/716/716 711/711/711 717/717/717
f 712/712/712 711/711/711 716/716/716
f 718/718/718 713/713/713 714/714/714
f 719/719/719 714/714/714 701/701/701
f 717/717/717 711/711/711 715/715/715
f 718/718/718 714/714/714 719/719/719
f 720/720/720 715/715/715 713/713/713
f 721/721/721 717/717/717 715/715/715
f 720/720/720 713/713/713 718/718/718
f 722/722/722 720/720/720 718/718/718
f 715/715/715 723/723/723 721/721/721
f 724/724/724 722/722/722 718/718/718
f 723/723/723 715/715/715 720/720/720
f 725/725/725 723/723/723 720/720/720
f 723/723/723 725/725/725 726/726/726
f 724/724/724 718/718/718 719/719/719
f 727/727/727 728/728/728 729/729/729
f 729/729/729 730/730/730 727/727/727
f 729/729/729 728/728/728 731/731/731
f 732/732/732 730/730/730 729/729/729
f 732/732/732 733/733/733 730/730/730
f 733/733/733 732/732/732 734/734/734
f 735/735/735 736/736/736 737/737/737
f 732/732/732 729/729/729 738/738/738
f 738/738/738 729/729/729 731/731/731
f 734/734/734 732/732/732 739/739/739
f 734/734/734 740/740/740 741/741/741
f 739/739/739 740/740/740 734/734/734
f 738/738/738 731/731/731 742/742/742
f 739/739/739 732/732/732 738/738/738
f 743/743/743 740/740/740 739/739/739
f 743/743/743 744/744/744 740/740/740
f 742/742/742 731/731/731 745/745/745
f 743/743/743 739/739/739 746/746/746
f 739/739/739 738/738/738 747/747/747
f 746/746/746 739/739/739 747/747/747
f 748/748/748 738/738/738 742/742/742
f 748/748/748 747/747/747 738/738/738
f 749/749/749 748/748/748 742/742/742
f 750/750/750 751/751/751 752/752/752
f 751/751/751 753/753/753 752/752/752
f 754/754/754 750/750/750 755/755/755
f 756/756/756 757/757/757 755/755/755
f 758/758/758 759/759/759 756/756/756
f 751/751/751 760/760/760 753/753/753
f 751/751/751 750/750/750 754/754/754
f 759/759/759 757/757/757 756/756/756
f 757/757/757 754/754/754 755/755/755
f 761/761/761 760/760/760 751/751/751
f 762/762/762 757/757/757 759/759/759
f 763/763/763 754/754/754 757/757/757
f 754/754/754 763/763/763 764/764/764
f 754/754/754 764/764/764 751/751/751
f 762/762/762 763/763/763 757/757/757
f 764/764/764 761/761/761 751/751/751
f 765/765/765 764/764/764 763/763/763
f 766/766/766 761/761/761 765/765/765
f 765/765/765 761/761/761 764/764/764
f 767/767/767 766/766/766 765/765/765
f 768/768/768 766/766/766 767/767/767
f 769/769/769 770/770/770 771/771/771
f 772/772/772 773/773/773 771/771/771
f 774/774/774 775/775/775 776/776/776
f 771/771/771 770/770/770 777/777/777
f 771/771/771 778/778/778 772/772/772
f 779/779/779 780/780/780 781/781/781
f 780/780/780 782/782/782 781/781/781
f 777/777/777 770/770/770 774/774/774
f 783/783/783 779/779/779 784/784/784
f 785/785/785 786/786/786 776/776/776
f 783/783/783 780/780/780 779/779/779
f 782/782/782 787/787/787 785/785/785
f 771/771/771 777/777/777 788/788/788
f 778/778/778 771/771/771 788/788/788
f 789/789/789 776/776/776 786/786/786
f 774/774/774 776/776/776 789/789/789
f 772/772/772 778/778/778 790/790/790
f 780/780/780 783/783/783 791/791/791
f 782/782/782 780/780/780 787/787/787
f 787/787/787 786/786/786 785/785/785
f 788/788/788 777/777/777 792/792/792
f 787/787/787 780/780/780 791/791/791
f 790/790/790 793/793/793 772/772/772
f 774/774/774 789/789/789 794/794/794
f 774/774/774 792/792/792 777/777/777
f 787/787/787 791/791/791 795/795/795
f 795/795/795 786/786/786 787/787/787
f 795/795/795 796/796/796 786/786/786
f 796/796/796 789/789/789 786/786/786
f 797/797/797 788/788/788 792/792/792
f 798/798/798 789/789/789 799/799/799
f 789/789/789 796/796/796 799/799/799
f 774/774/774 794/794/794 792/792/792
f 797/797/797 792/792/792 800/800/800
f 794/794/794 800/800/800 792/792/792
f 794/794/794 801/801/801 800/800/800
f 801/801/801 794/794/794 789/789/789
f 798/798/798 801/801/801 789/789/789
f 802/802/802 803/803/803 804/804/804
f 804/804/804 805/805/805 806/806/806
f 804/804/804 806/806/806 802/802/802
f 802/802/802 806/806/806 807/807/807
f 805/805/805 808/808/808 806/806/806
f 806/806/806 809/809/809 807/807/807
f 808/808/808 809/809/809 806/806/806
f 810/810/810 811/811/811 812/812/812
f 812/812/812 813/813/813 810/810/810
f 813/813/813 814/814/814 810/810/810
f 815/815/815 816/816/816 807/807/807
f 809/809/809 817/817/817 807/807/807
f 814/814/814 818/818/818 819/819/819
f 807/807/807 817/817/817 815/815/815
f 814/814/814 820/820/820 818/818/818
f 821/821/821 814/814/814 813/813/813
f 808/808/808 822/822/822 823/823/823
f 820/820/820 814/814/814 821/821/821
f 818/818/818 820/820/820 824/824/824
f 824/824/824 820/820/820 817/817/817
f 823/823/823 809/809/809 808/808/808
f 822/822/822 825/825/825 823/823/823
f 820/820/820 826/826/826 817/817/817
f 824/824/824 817/817/817 827/827/827
f 817/817/817 828/828/828 815/815/815
f 809/809/809 827/827/827 817/817/817
f 825/825/825 818/818/818 824/824/824
f 820/820/820 821/821/821 826/826/826
f 823/823/823 827/827/827 809/809/809
f 828/828/828 829/829/829 815/815/815
f 824/824/824 827/827/827 825/825/825
f 823/823/823 825/825/825 827/827/827
f 826/826/826 821/821/821 830/830/830
f 831/831/831 828/828/828 826/826/826
f 828/828/828 831/831/831 829/829/829
f 826/826/826 830/830/830 832/832/832
f 826/826/826 832/832/832 831/831/831
f 828/828/828 817/817/817 826/826/826
f 833/833/833 834/834/834 835/835/835
f 833/833/833 836/836/836 834/834/834
f 837/837/837 833/833/833 838/838/838
f 833/833/833 839/839/839 836/836/836
f 840/840/840 836/836/836 839/839/839
f 839/839/839 833/833/833 841/841/841
f 837/837/837 841/841/841 833/833/833
f 842/842/842 840/840/840 839/839/839
f 839/839/839 841/841/841 843/843/843
f 839/839/839 843/843/843 844/844/844
f 837/837/837 845/845/845 841/841/841
f 844/844/844 842/842/842 839/839/839
f 842/842/842 846/846/846 840/840/840
f 847/847/847 848/848/848 849/849/849
f 850/850/850 842/842/842 844/844/844
f 851/851/851 852/852/852 853/853/853
f 854/854/854 843/843/843 855/855/855
f 841/841/841 855/855/855 843/843/843
f 856/856/856 843/843/843 854/854/854
f 843/843/843 856/856/856 844/844/844
f 857/857/857 846/846/846 842/842/842
f 851/851/851 847/847/847 849/849/849
f 858/858/858 852/852/852 851/851/851
f 842/842/842 850/850/850 857/857/857
f 859/859/859 849/849/849 848/848/848
f 844/844/844 856/856/856 850/850/850
f 851/851/851 849/849/849 858/858/858
f 855/855/855 841/841/841 845/845/845
f 860/860/860 855/855/855 845/845/845
f 850/850/850 856/856/856 861/861/861
f 858/858/858 862/862/862 852/852/852
f 863/863/863 846/846/846 857/857/857
f 864/864/864 849/849/849 859/859/859
f 858/858/858 849/849/849 864/864/864
f 850/850/850 861/861/861 857/857/857
f 865/865/865 864/864/864 859/859/859
f 857/857/857 866/866/866 863/863/863
f 867/867/867 868/868/868 869/869/869
f 870/870/870 858/858/858 864/864/864
f 862/862/862 858/858/858 871/871/871
f 858/858/858 870/870/870 871/871/871
f 861/861/861 872/872/872 869/869/869
f 873/873/873 869/869/869 868/868/868
f 866/866/866 868/868/868 874/874/874
f 875/875/875 876/876/876 877/877/877
f 868/868/868 866/866/866 873/873/873
f 864/864/864 875/875/875 870/870/870
f 877/877/877 876/876/876 878/878/878
f 870/870/870 875/875/875 877/877/877
f 861/861/861 869/869/869 873/873/873
f 873/873/873 857/857/857 861/861/861
f 879/879/879 871/871/871 870/870/870
f 873/873/873 866/866/866 857/857/857
f 880/880/880 877/877/877 878/878/878
f 877/877/877 881/881/881 870/870/870
f 881/881/881 879/879/879 870/870/870
f 880/880/880 881/881/881 877/877/877
f 881/881/881 882/882/882 879/879/879
f 881/881/881 880/880/880 883/883/883
f 881/881/881 884/884/884 882/882/882
f 880/880/880 885/885/885 883/883/883
f 881/881/881 883/883/883 884/884/884
f 886/886/886 883/883/883 885/885/885
f 886/886/886 885/885/885 887/887/887
f 883/883/883 888/888/888 884/884/884
f 888/888/888 883/883/883 886/886/886
f 889/889/889 886/886/886 887/887/887
f 889/889/889 890/890/890 886/886/886
f 886/886/886 890/890/890 888/888/888
f 891/891/891 890/890/890 889/889/889
f 888/888/888 890/890/890 892/892/892
f 835/835/835 838/838/838 833/833/833
f 893/893/893 894/894/894 895/895/895
f 896/896/896 897/897/897 898/898/898
f 897/897/897 896/896/896 899/899/899
f 897/897/897 899/899/899 900/900/900
f 900/900/900 899/899/899 901/901/901
f 901/901/901 902/902/902 900/900/900
f 901/901/901 903/903/903 902/902/902
f 903/903/903 904/904/904 902/902/902
f 903/903/903 905/905/905 904/904/904
f 905/905/905 906/906/906 904/904/904
f 907/907/907 904/904/904 906/906/906
f 906/906/906 905/905/905 908/908/908
f 906/906/906 909/909/909 907/907/907
f 906/906/906 910/910/910 909/909/909
f 909/909/909 910/910/910 911/911/911
f 912/912/912 913/913/913 914/914/914
f 915/915/915 916/916/916 912/912/912
f 917/917/917 916/916/916 918/918/918
f 919/919/919 920/920/920 921/921/921
f 921/921/921 917/917/917 919/919/919
f 919/919/919 922/922/922 920/920/920
f 914/914/914 915/915/915 912/912/912
f 918/918/918 916/916/916 915/915/915
f 918/918/918 923/923/923 917/917/917
f 919/919/919 917/917/917 923/923/923
f 924/924/924 920/920/920 925/925/925
f 920/920/920 922/922/922 926/926/926
f 920/920/920 926/926/926 925/925/925
f 923/923/923 927/927/927 919/919/919
f 922/922/922 919/919/919 927/927/927
f 922/922/922 927/927/927 926/926/926
f 925/925/925 928/928/928 924/924/924
f 915/915/915 914/914/914 929/929/929
f 918/918/918 915/915/915 923/923/923
f 930/930/930 927/927/927 923/923/923
f 915/915/915 930/930/930 923/923/923
f 925/925/925 926/926/926 931/931/931
f 927/927/927 932/932/932 926/926/926
f 932/932/932 927/927/927 930/930/930
f 925/925/925 931/931/931 928/928/928
f 933/933/933 926/926/926 932/932/932
f 931/931/931 926/926/926 933/933/933
f 934/934/934 915/915/915 929/929/929
f 933/933/933 935/935/935 931/931/931
f 935/935/935 928/928/928 931/931/931
f 932/932/932 930/930/930 936/936/936
f 915/915/915 934/934/934 930/930/930
f 932/932/932 936/936/936 933/933/933
f 934/934/934 936/936/936 930/930/930
f 936/936/936 937/937/937 933/933/933
f 935/935/935 933/933/933 937/937/937
f 936/936/936 934/934/934 937/937/937
f 934/934/934 938/938/938 937/937/937
f 939/939/939 938/938/938 934/934/934
f 934/934/934 929/929/929 939/939/939
f 940/940/940 941/941/941 942/942/942
f 940/940/940 943/943/943 941/941/941
f 944/944/944 942/942/942 945/945/945
f 944/944/944 940/940/940 942/942/942
f 946/946/946 947/947/947 940/940/940
f 948/948/948 944/944/944 945/945/945
f 949/949/949 950/950/950 947/947/947
f 946/946/946 940/940/940 944/944/944
f 949/949/949 947/947/947 946/946/946
f 951/951/951 946/946/946 944/944/944
f 948/948/948 945/945/945 952/952/952
f 951/951/951 944/944/944 948/948/948
f 945/945/945 953/953/953 952/952/952
f 954/954/954 953/953/953 955/955/955
f 951/951/951 948/948/948 952/952/952
f 953/953/953 954/954/954 952/952/952
f 952/952/952 954/954/954 951/951/951
f 955/955/955 956/956/956 954/954/954
f 954/954/954 956/956/956 951/951/951
f 946/946/946 951/951/951 957/957/957
f 957/957/957 951/951/951 958/958/958
f 951/951/951 956/956/956 958/958/958
f 946/946/946 957/957/957 949/949/949
f 959/959/959 960/960/960 956/956/956
f 956/956/956 960/960/960 958/958/958
f 958/958/958 960/960/960 961/961/961
f 950/950/950 949/949/949 962/962/962
f 949/949/949 957/957/957 962/962/962
f 950/950/950 962/962/962 963/963/963
f 960/960/960 964/964/964 961/961/961
f 965/965/965 957/957/957 961/961/961
f 957/957/957 965/965/965 962/962/962
f 966/966/966 963/963/963 962/962/962
f 963/963/963 966/966/966 967/967/967
f 964/964/964 968/968/968 969/969/969
f 964/964/964 970/970/970 961/961/961
f 965/965/965 971/971/971 962/962/962
f 971/971/971 966/966/966 962/962/962
f 961/961/961 970/970/970 965/965/965
f 965/965/965 970/970/970 971/971/971
f 967/967/967 966/966/966 972/972/972
f 971/971/971 973/973/973 966/966/966
f 971/971/971 970/970/970 973/973/973
f 970/970/970 964/964/964 974/974/974
f 973/973/973 972/972/972 966/966/966
f 970/970/970 975/975/975 973/973/973
f 964/964/964 969/969/969 974/974/974
f 974/974/974 975/975/975 970/970/970
f 976/976/976 975/975/975 974/974/974
f 958/958/958 961/961/961 957/957/957
f 977/977/977 978/978/978 979/979/979
f 977/977/977 979/979/979 980/980/980
f 981/981/981 982/982/982 983/983/983
f 984/984/984 983/983/983 985/985/985
f 986/986/986 984/984/984 985/985/985
f 986/986/986 987/987/987 984/984/984
f 985/985/985 983/983/983 982/982/982
f 982/982/982 988/988/988 985/985/985
f 986/986/986 985/985/985 989/989/989
f 988/988/988 989/989/989 985/985/985
f 986/986/986 989/989/989 990/990/990
f 986/986/986 990/990/990 987/987/987
f 987/987/987 990/990/990 991/991/991
f 991/991/991 992/992/992 987/987/987
f 990/990/990 989/989/989 993/993/993
f 994/994/994 995/995/995 996/996/996
f 991/991/991 997/997/997 992/992/992
f 998/998/998 994/994/994 996/996/996
f 999/999/999 996/996/996 995/995/995
f 998/998/998 1000/1000/1000 1001/1001/1001
f 1002/1002/1002 991/991/991 990/990/990
f 998/998/998 996/996/996 1003/1003/1003
f 991/991/991 1002/1002/1002 997/997/997
f 1004/1004/1004 1001/1001/1001 1000/1000/1000
f 998/998/998 1003/1003/1003 1000/1000/1000
f 999/999/999 995/995/995 992/992/992
f 999/999/999 992/992/992 1005/1005/1005
f 992/992/992 997/997/997 1005/1005/1005
f 990/990/990 993/993/993 1002/1002/1002
f 1006/1006/1006 997/997/997 1002/1002/1002
f 1006/1006/1006 1007/1007/1007 997/997/997
f 1003/1003/1003 996/996/996 1008/1008/1008
f 1000/1000/1000 1009/1009/1009 1004/1004/1004
f 996/996/996 999/999/999 1008/1008/1008
f 1008/1008/1008 999/999/999 1010/1010/1010
f 1004/1004/1004 1009/1009/1009 1011/1011/1011
f 1012/1012/1012 1000/1000/1000 1003/1003/1003
f 997/997/997 1007/1007/1007 1005/1005/1005
f 1002/1002/1002 1013/1013/1013 1006/1006/1006
f 1005/1005/1005 1014/1014/1014 999/999/999
f 1002/1002/1002 993/993/993 1015/1015/1015
f 1016/1016/1016 1002/1002/1002 1015/1015/1015
f 1012/1012/1012 1003/1003/1003 1008/1008/1008
f 1010/1010/1010 999/999/999 1014/1014/1014
f 1017/1017/1017 1007/1007/1007 1006/1006/1006
f 1013/1013/1013 1002/1002/1002 1016/1016/1016
f 1018/1018/1018 1000/1000/1000 1012/1012/1012
f 1000/1000/1000 1018/1018/1018 1009/1009/1009
f 1017/1017/1017 1006/1006/1006 1013/1013/1013
f 1013/1013/1013 1019/1019/1019 1017/1017/1017
f 1020/1020/1020 1013/1013/1013 1016/1016/1016
f 1007/1007/1007 1014/1014/1014 1005/1005/1005
f 1013/1013/1013 1020/1020/1020 1019/1019/1019
f 1016/1016/1016 1015/1015/1015 1020/1020/1020
f 1021/1021/1021 1008/1008/1008 1010/1010/1010
f 1012/1012/1012 1008/1008/1008 1021/1021/1021
f 1011/1011/1011 1009/1009/1009 1022/1022/1022
f 1012/1012/1012 1021/1021/1021 1018/1018/1018
f 1017/1017/1017 1023/1023/1023 1007/1007/1007
f 1021/1021/1021 1024/1024/1024 1018/1018/1018
f 1018/1018/1018 1022/1022/1022 1009/1009/1009
f 1023/1023/1023 1017/1017/1017 1019/1019/1019
f 1010/1010/1010 1014/1014/1014 1025/1025/1025
f 1020/1020/1020 1015/1015/1015 1026/1026/1026
f 1014/1014/1014 1007/1007/1007 1023/1023/1023
f 1010/1010/1010 1024/1024/1024 1021/1021/1021
f 1027/1027/1027 1019/1019/1019 1020/1020/1020
f 1028/1028/1028 1022/1022/1022 1018/1018/1018
f 1023/1023/1023 1019/1019/1019 1027/1027/1027
f 1027/1027/1027 1020/1020/1020 1029/1029/1029
f 1020/1020/1020 1026/1026/1026 1029/1029/1029
f 1023/1023/1023 1030/1030/1030 1014/1014/1014
f 1028/1028/1028 1018/1018/1018 1024/1024/1024
f 1025/1025/1025 1024/1024/1024 1010/1010/1010
f 1031/1031/1031 1014/1014/1014 1030/1030/1030
f 1023/1023/1023 1027/1027/1027 1030/1030/1030
f 1026/1026/1026 1032/1032/1032 1029/1029/1029
f 1033/1033/1033 1031/1031/1031 1030/1030/1030
f 1034/1034/1034 1033/1033/1033 1030/1030/1030
f 1024/1024/1024 1025/1025/1025 1035/1035/1035
f 1031/1031/1031 1025/1025/1025 1014/1014/1014
f 1024/1024/1024 1035/1035/1035 1028/1028/1028
f 1036/1036/1036 1035/1035/1035 1025/1025/1025
f 1037/1037/1037 1036/1036/1036 1025/1025/1025
f 1025/1025/1025 1031/1031/1031 1037/1037/1037
f 1034/1034/1034 1030/1030/1030 1027/1027/1027
f 1031/1031/1031 1033/1033/1033 1037/1037/1037
f 1029/1029/1029 1032/1032/1032 1038/1038/1038
f 1033/1033/1033 1034/1034/1034 1039/1039/1039
f 1033/1033/1033 1039/1039/1039 1037/1037/1037
f 1027/1027/1027 1029/1029/1029 1040/1040/1040
f 1038/1038/1038 1032/1032/1032 1041/1041/1041
f 1034/1034/1034 1027/1027/1027 1040/1040/1040
f 1029/1029/1029 1038/1038/1038 1040/1040/1040
f 1038/1038/1038 1042/1042/1042 1040/1040/1040
f 1043/1043/1043 1038/1038/1038 1041/1041/1041
f 1044/1044/1044 1034/1034/1034 1040/1040/1040
f 1044/1044/1044 1040/1040/1040 1045/1045/1045
f 1040/1040/1040 1042/1042/1042 1045/1045/1045
f 1038/1038/1038 1043/1043/1043 1046/1046/1046
f 1043/1043/1043 1047/1047/1047 1048/1048/1048
f 1046/1046/1046 1042/1042/1042 1038/1038/1038
f 1043/1043/1043 1048/1048/1048 1046/1046/1046
f 1049/1049/1049 1045/1045/1045 1042/1042/1042
f 1049/1049/1049 1042/1042/1042 1046/1046/1046
f 1047/1047/1047 1050/1050/1050 1048/1048/1048
f 1049/1049/1049 1046/1046/1046 1051/1051/1051
f 1051/1051/1051 1046/1046/1046 1048/1048/1048
f 1052/1052/1052 1053/1053/1053 1054/1054/1054
f 1055/1055/1055 1056/1056/1056 1052/1052/1052
f 1057/1057/1057 1053/1053/1053 1052/1052/1052
f 1057/1057/1057 1052/1052/1052 1056/1056/1056
f 1056/1056/1056 1055/1055/1055 1058/1058/1058
f 1058/1058/1058 1059/1059/1059 1056/1056/1056
f 1060/1060/1060 1059/1059/1059 1058/1058/1058
f 1061/1061/1061 1059/1059/1059 1062/1062/1062
f 1059/1059/1059 1060/1060/1060 1062/1062/1062
f 1063/1063/1063 1064/1064/1064 1065/1065/1065
f 1064/1064/1064 1066/1066/1066 1065/1065/1065
f 1067/1067/1067 1063/1063/1063 1065/1065/1065
f 1066/1066/1066 1068/1068/1068 1065/1065/1065
f 1065/1065/1065 1068/1068/1068 1069/1069/1069
f 1070/1070/1070 1067/1067/1067 1071/1071/1071
f 1065/1065/1065 1072/1072/1072 1067/1067/1067
f 1067/1067/1067 1072/1072/1072 1071/1071/1071
f 1069/1069/1069 1073/1073/1073 1065/1065/1065
f 1065/1065/1065 1073/1073/1073 1072/1072/1072
f 1074/1074/1074 1070/1070/1070 1071/1071/1071
f 1072/1072/1072 1075/1075/1075 1071/1071/1071
f 1076/1076/1076 1072/1072/1072 1073/1073/1073
f 1072/1072/1072 1076/1076/1076 1075/1075/1075
f 1071/1071/1071 1075/1075/1075 1074/1074/1074
f 1069/1069/1069 1077/1077/1077 1073/1073/1073
f 1077/1077/1077 1076/1076/1076 1073/1073/1073
f 1074/1074/1074 1078/1078/1078 1079/1079/1079
f 1075/1075/1075 1078/1078/1078 1074/1074/1074
f 1076/1076/1076 1080/1080/1080 1075/1075/1075
f 1081/1081/1081 1082/1082/1082 1083/1083/1083
f 1084/1084/1084 1083/1083/1083 1082/1082/1082
f 1084/1084/1084 1082/1082/1082 1085/1085/1085
f 1086/1086/1086 1078/1078/1078 1075/1075/1075
f 1087/1087/1087 1079/1079/1079 1078/1078/1078
f 1081/1081/1081 1088/1088/1088 1089/1089/1089
f 1082/1082/1082 1081/1081/1081 1089/1089/1089
f 1077/1077/1077 1090/1090/1090 1076/1076/1076
f 1080/1080/1080 1086/1086/1086 1075/1075/1075
f 1091/1091/1091 1078/1078/1078 1086/1086/1086
f 1087/1087/1087 1078/1078/1078 1091/1091/1091
f 1092/1092/1092 1082/1082/1082 1089/1089/1089
f 1090/1090/1090 1080/1080/1080 1076/1076/1076
f 1093/1093/1093 1092/1092/1092 1089/1089/1089
f 1077/1077/1077 1085/1085/1085 1090/1090/1090
f 1086/1086/1086 1094/1094/1094 1091/1091/1091
f 1092/1092/1092 1093/1093/1093 1095/1095/1095
f 1092/1092/1092 1096/1096/1096 1082/1082/1082
f 1085/1085/1085 1082/1082/1082 1096/1096/1096
f 1092/1092/1092 1095/1095/1095 1097/1097/1097
f 1096/1096/1096 1092/1092/1092 1097/1097/1097
f 1080/1080/1080 1094/1094/1094 1086/1086/1086
f 1091/1091/1091 1094/1094/1094 1098/1098/1098
f 1085/1085/1085 1096/1096/1096 1099/1099/1099
f 1099/1099/1099 1096/1096/1096 1100/1100/1100
f 1080/1080/1080 1090/1090/1090 1101/1101/1101
f 1102/1102/1102 1099/1099/1099 1100/1100/1100
f 1099/1099/1099 1103/1103/1103 1085/1085/1085
f 1090/1090/1090 1085/1085/1085 1103/1103/1103
f 1104/1104/1104 1100/1100/1100 1097/1097/1097
f 1080/1080/1080 1105/1105/1105 1094/1094/1094
f 1106/1106/1106 1100/1100/1100 1104/1104/1104
f 1103/1103/1103 1099/1099/1099 1107/1107/1107
f 1094/1094/1094 1108/1108/1108 1098/1098/1098
f 1108/1108/1108 1094/1094/1094 1105/1105/1105
f 1080/1080/1080 1101/1101/1101 1105/1105/1105
f 1103/1103/1103 1101/1101/1101 1090/1090/1090
f 1103/1103/1103 1107/1107/1107 1109/1109/1109
f 1105/1105/1105 1110/1110/1110 1108/1108/1108
f 1111/1111/1111 1105/1105/1105 1101/1101/1101
f 1103/1103/1103 1112/1112/1112 1101/1101/1101
f 1103/1103/1103 1109/1109/1109 1112/1112/1112
f 1111/1111/1111 1101/1101/1101 1112/1112/1112
f 1111/1111/1111 1110/1110/1110 1105/1105/1105
f 1113/1113/1113 1111/1111/1111 1112/1112/1112
f 1114/1114/1114 1113/1113/1113 1112/1112/1112
f 1097/1097/1097 1100/1100/1100 1096/1096/1096
f 1115/1115/1115 1116/1116/1116 1117/1117/1117
f 1117/1117/1117 1116/1116/1116 1118/1118/1118
f 1116/1116/1116 1119/1119/1119 1118/1118/1118
f 1120/1120/1120 1116/1116/1116 1115/1115/1115
f 1115/1115/1115 1121/1121/1121 1120/1120/1120
f 1122/1122/1122 1116/1116/1116 1120/1120/1120
f 1116/1116/1116 1122/1122/1122 1123/1123/1123
f 1120/1120/1120 1124/1124/1124 1122/1122/1122
f 1125/1125/1125 1120/1120/1120 1121/1121/1121
f 1120/1120/1120 1125/1125/1125 1124/1124/1124
f 1126/1126/1126 1123/1123/1123 1122/1122/1122
f 1122/1122/1122 1124/1124/1124 1127/1127/1127
f 1125/1125/1125 1128/1128/1128 1124/1124/1124
f 1129/1129/1129 1130/1130/1130 1128/1128/1128
f 1126/1126/1126 1122/1122/1122 1131/1131/1131
f 1122/1122/1122 1127/1127/1127 1131/1131/1131
f 1132/1132/1132 1128/1128/1128 1130/1130/1130
f 1128/1128/1128 1133/1133/1133 1124/1124/1124
f 1134/1134/1134 1126/1126/1126 1131/1131/1131
f 1128/1128/1128 1132/1132/1132 1133/1133/1133
f 1127/1127/1127 1124/1124/1124 1133/1133/1133
f 1135/1135/1135 1127/1127/1127 1133/1133/1133
f 1131/1131/1131 1127/1127/1127 1135/1135/1135
f 1136/1136/1136 1133/1133/1133 1132/1132/1132
f 1131/1131/1131 1137/1137/1137 1134/1134/1134
f 1137/1137/1137 1131/1131/1131 1135/1135/1135
f 1136/1136/1136 1135/1135/1135 1133/1133/1133
f 1137/1137/1137 1138/1138/1138 1134/1134/1134
f 1137/1137/1137 1135/1135/1135 1139/1139/1139
f 1140/1140/1140 1135/1135/1135 1136/1136/1136
f 1137/1137/1137 1141/1141/1141 1138/1138/1138
f 1140/1140/1140 1139/1139/1139 1135/1135/1135
f 1137/1137/1137 1139/1139/1139 1141/1141/1141
f 1139/1139/1139 1142/1142/1142 1141/1141/1141
f 1140/1140/1140 1143/1143/1143 1139/1139/1139
f 1139/1139/1139 1143/1143/1143 1142/1142/1142
f 1143/1143/1143 1144/1144/1144 1142/1142/1142
f 1143/1143/1143 1145/1145/1145 1144/1144/1144
f 1128/1128/1128 1125/1125/1125 1129/1129/1129
f 1146/1146/1146 1147/1147/1147 1148/1148/1148
f 1148/1148/1148 1147/1147/1147 1149/1149/1149
f 1150/1150/1150 1151/1151/1151 1148/1148/1148
f 1152/1152/1152 1151/1151/1151 1153/1153/1153
f 1149/1149/1149 1150/1150/1150 1148/1148/1148
f 1151/1151/1151 1154/1154/1154 1153/1153/1153
f 1150/1150/1150 1155/1155/1155 1151/1151/1151
f 1151/1151/1151 1155/1155/1155 1154/1154/1154
f 1154/1154/1154 1155/1155/1155 1156/1156/1156
f 1157/1157/1157 1156/1156/1156 1155/1155/1155
f 1158/1158/1158 1157/1157/1157 1159/1159/1159
f 1160/1160/1160 1158/1158/1158 1159/1159/1159
f 1158/1158/1158 1161/1161/1161 1157/1157/1157
f 1162/1162/1162 1158/1158/1158 1160/1160/1160
f 1163/1163/1163 1164/1164/1164 1165/1165/1165
f 1166/1166/1166 1161/1161/1161 1158/1158/1158
f 1167/1167/1167 1168/1168/1168 1169/1169/1169
f 1164/1164/1164 1170/1170/1170 1165/1165/1165
f 1171/1171/1171 1164/1164/1164 1158/1158/1158
f 1171/1171/1171 1158/1158/1158 1162/1162/1162
f 1171/1171/1171 1170/1170/1170 1164/1164/1164
f 1172/1172/1172 1170/1170/1170 1171/1171/1171
f 1173/1173/1173 1172/1172/1172 1171/1171/1171
f 1172/1172/1172 1174/1174/1174 1170/1170/1170
f 1175/1175/1175 1174/1174/1174 1172/1172/1172
f 1175/1175/1175 1176/1176/1176 1174/1174/1174
f 1177/1177/1177 1176/1176/1176 1175/1175/1175
f 1178/1178/1178 1177/1177/1177 1175/1175/1175
f 1173/1173/1173 1178/1178/1178 1175/1175/1175
f 1176/1176/1176 1177/1177/1177 1179/1179/1179
f 1180/1180/1180 1176/1176/1176 1179/1179/1179
f 1180/1180/1180 1181/1181/1181 1176/1176/1176
f 1182/1182/1182 1177/1177/1177 1178/1178/1178
f 1180/1180/1180 1183/1183/1183 1181/1181/1181
f 1177/1177/1177 1182/1182/1182 1179/1179/1179
f 1179/1179/1179 1182/1182/1182 1184/1184/1184
f 1180/1180/1180 1185/1185/1185 1183/1183/1183
f 1185/1185/1185 1180/1180/1180 1179/1179/1179
f 1184/1184/1184 1185/1185/1185 1179/1179/1179
f 1185/1185/1185 1186/1186/1186 1183/1183/1183
f 1185/1185/1185 1184/1184/1184 1187/1187/1187
f 1188/1188/1188 1186/1186/1186 1185/1185/1185
f 1188/1188/1188 1189/1189/1189 1186/1186/1186
f 1187/1187/1187 1188/1188/1188 1185/1185/1185
f 1188/1188/1188 1187/1187/1187 1190/1190/1190
f 1189/1189/1189 1188/1188/1188 1191/1191/1191
f 1192/1192/1192 1189/1189/1189 1191/1191/1191
f 1190/1190/1190 1191/1191/1191 1188/1188/1188
f 1192/1192/1192 1191/1191/1191 1193/1193/1193
f 1194/1194/1194 1195/1195/1195 1191/1191/1191
f 1193/1193/1193 1196/1196/1196 1192/1192/1192
f 1191/1191/1191 1195/1195/1195 1193/1193/1193
f 1196/1196/1196 1193/1193/1193 1197/1197/1197
f 1159/1159/1159 1157/1157/1157 1155/1155/1155
f 1173/1173/1173 1175/1175/1175 1172/1172/1172
f 1198/1198/1198 1199/1199/1199 1200/1200/1200
f 1198/1198/1198 1201/1201/1201 1199/1199/1199
f 1199/1199/1199 1202/1202/1202 1200/1200/1200
f 1203/1203/1203 1202/1202/1202 1199/1199/1199
f 1204/1204/1204 1199/1199/1199 1201/1201/1201
f 1199/1199/1199 1204/1204/1204 1203/1203/1203
f 1201/1201/1201 1205/1205/1205 1204/1204/1204
f 1206/1206/1206 1203/1203/1203 1204/1204/1204
f 1206/1206/1206 1207/1207/1207 1203/1203/1203
f 1206/1206/1206 1204/1204/1204 1205/1205/1205
f 1206/1206/1206 1205/1205/1205 1208/1208/1208
f 1207/1207/1207 1206/1206/1206 1209/1209/1209
f 1206/1206/1206 1208/1208/1208 1209/1209/1209
f 1210/1210/1210 1207/1207/1207 1209/1209/1209
f 1210/1210/1210 1209/1209/1209 1211/1211/1211
f 1208/1208/1208 1212/1212/1212 1209/1209/1209
f 1209/1209/1209 1212/1212/1212 1213/1213/1213
f 1211/1211/1211 1209/1209/1209 1213/1213/1213
f 1213/1213/1213 1212/1212/1212 1214/1214/1214
f 1211/1211/1211 1213/1213/1213 1215/1215/1215
f 1208/1208/1208 1216/1216/1216 1212/1212/1212
f 1217/1217/1217 1213/1213/1213 1214/1214/1214
f 1212/1212/1212 1218/1218/1218 1214/1214/1214
f 1217/1217/1217 1215/1215/1215 1213/1213/1213
f 1219/1219/1219 1215/1215/1215 1217/1217/1217
f 1215/1215/1215 1220/1220/1220 1221/1221/1221
f 1216/1216/1216 1222/1222/1222 1218/1218/1218
f 1215/1215/1215 1219/1219/1219 1220/1220/1220
f 1219/1219/1219 1217/1217/1217 1214/1214/1214
f 1222/1222/1222 1223/1223/1223 1218/1218/1218
f 1214/1214/1214 1224/1224/1224 1219/1219/1219
f 1225/1225/1225 1220/1220/1220 1226/1226/1226
f 1220/1220/1220 1219/1219/1219 1226/1226/1226
f 1227/1227/1227 1228/1228/1228 1218/1218/1218
f 1228/1228/1228 1214/1214/1214 1218/1218/1218
f 1223/1223/1223 1227/1227/1227 1218/1218/1218
f 1229/1229/1229 1214/1214/1214 1228/1228/1228
f 1219/1219/1219 1224/1224/1224 1230/1230/1230
f 1231/1231/1231 1227/1227/1227 1223/1223/1223
f 1225/1225/1225 1226/1226/1226 1232/1232/1232
f 1214/1214/1214 1229/1229/1229 1224/1224/1224
f 1230/1230/1230 1226/1226/1226 1219/1219/1219
f 1233/1233/1233 1224/1224/1224 1229/1229/1229
f 1230/1230/1230 1234/1234/1234 1226/1226/1226
f 1233/1233/1233 1230/1230/1230 1224/1224/1224
f 1230/1230/1230 1233/1233/1233 1234/1234/1234
f 1226/1226/1226 1234/1234/1234 1232/1232/1232
f 1235/1235/1235 1236/1236/1236 1237/1237/1237
f 1237/1237/1237 1236/1236/1236 1238/1238/1238
f 1239/1239/1239 1240/1240/1240 1241/1241/1241
f 1241/1241/1241 1242/1242/1242 1243/1243/1243
f 1244/1244/1244 1245/1245/1245 1239/1239/1239
f 1241/1241/1241 1240/1240/1240 1242/1242/1242
f 1246/1246/1246 1247/1247/1247 1248/1248/1248
f 1240/1240/1240 1239/1239/1239 1245/1245/1245
f 1242/1242/1242 1249/1249/1249 1243/1243/1243
f 1249/1249/1249 1250/1250/1250 1251/1251/1251
f 1252/1252/1252 1249/1249/1249 1242/1242/1242
f 1253/1253/1253 1249/1249/1249 1252/1252/1252
f 1249/1249/1249 1253/1253/1253 1250/1250/1250
f 1251/1251/1251 1250/1250/1250 1254/1254/1254
f 1255/1255/1255 1252/1252/1252 1242/1242/1242
f 1246/1246/1246 1256/1256/1256 1247/1247/1247
f 1242/1242/1242 1240/1240/1240 1245/1245/1245
f 1250/1250/1250 1253/1253/1253 1257/1257/1257
f 1242/1242/1242 1245/1245/1245 1258/1258/1258
f 1259/1259/1259 1254/1254/1254 1250/1250/1250
f 1259/1259/1259 1260/1260/1260 1254/1254/1254
f 1261/1261/1261 1247/1247/1247 1256/1256/1256
f 1242/1242/1242 1258/1258/1258 1255/1255/1255
f 1262/1262/1262 1253/1253/1253 1252/1252/1252
f 1263/1263/1263 1260/1260/1260 1259/1259/1259
f 1257/1257/1257 1253/1253/1253 1262/1262/1262
f 1264/1264/1264 1259/1259/1259 1250/1250/1250
f 1252/1252/1252 1255/1255/1255 1262/1262/1262
f 1257/1257/1257 1264/1264/1264 1250/1250/1250
f 1265/1265/1265 1262/1262/1262 1255/1255/1255
f 1265/1265/1265 1257/1257/1257 1262/1262/1262
f 1264/1264/1264 1266/1266/1266 1259/1259/1259
f 1257/1257/1257 1265/1265/1265 1267/1267/1267
f 1255/1255/1255 1258/1258/1258 1268/1268/1268
f 1268/1268/1268 1265/1265/1265 1255/1255/1255
f 1268/1268/1268 1269/1269/1269 1265/1265/1265
f 1257/1257/1257 1267/1267/1267 1264/1264/1264
f 1269/1269/1269 1267/1267/1267 1265/1265/1265
f 1269/1269/1269 1270/1270/1270 1267/1267/1267
f 1271/1271/1271 1261/1261/1261 1256/1256/1256
f 1271/1271/1271 1256/1256/1256 1272/1272/1272
f 1264/1264/1264 1267/1267/1267 1270/1270/1270
f 1263/1263/1263 1259/1259/1259 1273/1273/1273
f 1274/1274/1274 1275/1275/1275 1276/1276/1276
f 1277/1277/1277 1278/1278/1278 1275/1275/1275
f 1266/1266/1266 1264/1264/1264 1279/1279/1279
f 1263/1263/1263 1280/1280/1280 1281/1281/1281
f 1270/1270/1270 1279/1279/1279 1264/1264/1264
f 1259/1259/1259 1282/1282/1282 1273/1273/1273
f 1266/1266/1266 1282/1282/1282 1259/1259/1259
f 1283/1283/1283 1284/1284/1284 1285/1285/1285
f 1286/1286/1286 1285/1285/1285 1287/1287/1287
f 1263/1263/1263 1273/1273/1273 1280/1280/1280
f 1288/1288/1288 1274/1274/1274 1276/1276/1276
f 1288/1288/1288 1289/1289/1289 1274/1274/1274
f 1290/1290/1290 1287/1287/1287 1291/1291/1291
f 1278/1278/1278 1277/1277/1277 1292/1292/1292
f 1293/1293/1293 1280/1280/1280 1294/1294/1294
f 1295/1295/1295 1296/1296/1296 1297/1297/1297
f 1272/1272/1272 1298/1298/1298 1271/1271/1271
f 1278/1278/1278 1276/1276/1276 1275/1275/1275
f 1282/1282/1282 1299/1299/1299 1273/1273/1273
f 1300/1300/1300 1294/1294/1294 1280/1280/1280
f 1294/1294/1294 1300/1300/1300 1284/1284/1284
f 1301/1301/1301 1297/1297/1297 1302/1302/1302
f 1302/1302/1302 1297/1297/1297 1296/1296/1296
f 1303/1303/1303 1289/1289/1289 1288/1288/1288
f 1304/1304/1304 1295/1295/1295 1305/1305/1305
f 1306/1306/1306 1305/1305/1305 1307/1307/1307
f 1308/1308/1308 1309/1309/1309 1310/1310/1310
f 1295/1295/1295 1304/1304/1304 1296/1296/1296
f 1279/1279/1279 1311/1311/1311 1266/1266/1266
f 1282/1282/1282 1312/1312/1312 1299/1299/1299
f 1313/1313/1313 1308/1308/1308 1303/1303/1303
f 1314/1314/1314 1301/1301/1301 1302/1302/1302
f 1282/1282/1282 1266/1266/1266 1315/1315/1315
f 1288/1288/1288 1276/1276/1276 1316/1316/1316
f 1303/1303/1303 1288/1288/1288 1317/1317/1317
f 1284/1284/1284 1318/1318/1318 1285/1285/1285
f 1319/1319/1319 1287/1287/1287 1285/1285/1285
f 1320/1320/1320 1271/1271/1271 1298/1298/1298
f 1279/1279/1279 1321/1321/1321 1311/1311/1311
f 1316/1316/1316 1322/1322/1322 1288/1288/1288
f 1323/1323/1323 1287/1287/1287 1319/1319/1319
f 1320/1320/1320 1298/1298/1298 1324/1324/1324
f 1315/1315/1315 1312/1312/1312 1282/1282/1282
f 1325/1325/1325 1316/1316/1316 1276/1276/1276
f 1313/1313/1313 1303/1303/1303 1317/1317/1317
f 1326/1326/1326 1271/1271/1271 1320/1320/1320
f 1325/1325/1325 1276/1276/1276 1278/1278/1278
f 1299/1299/1299 1327/1327/1327 1273/1273/1273
f 1313/1313/1313 1309/1309/1309 1308/1308/1308
f 1328/1328/1328 1284/1284/1284 1300/1300/1300
f 1301/1301/1301 1329/1329/1329 1330/1330/1330
f 1331/1331/1331 1311/1311/1311 1321/1321/1321
f 1332/1332/1332 1280/1280/1280 1273/1273/1273
f 1332/1332/1332 1300/1300/1300 1280/1280/1280
f 1333/1333/1333 1310/1310/1310 1309/1309/1309
f 1328/1328/1328 1318/1318/1318 1284/1284/1284
f 1334/1334/1334 1323/1323/1323 1319/1319/1319
f 1266/1266/1266 1311/1311/1311 1315/1315/1315
f 1288/1288/1288 1322/1322/1322 1317/1317/1317
f 1327/1327/1327 1332/1332/1332 1273/1273/1273
f 1335/1335/1335 1302/1302/1302 1296/1296/1296
f 1336/1336/1336 1278/1278/1278 1292/1292/1292
f 1337/1337/1337 1327/1327/1327 1299/1299/1299
f 1332/1332/1332 1338/1338/1338 1300/1300/1300
f 1338/1338/1338 1328/1328/1328 1300/1300/1300
f 1285/1285/1285 1318/1318/1318 1319/1319/1319
f 1291/1291/1291 1287/1287/1287 1339/1339/1339
f 1327/1327/1327 1338/1338/1338 1332/1332/1332
f 1327/1327/1327 1340/1340/1340 1338/1338/1338
f 1304/1304/1304 1341/1341/1341 1296/1296/1296
f 1305/1305/1305 1342/1342/1342 1304/1304/1304
f 1337/1337/1337 1343/1343/1343 1327/1327/1327
f 1327/1327/1327 1343/1343/1343 1334/1334/1334
f 1340/1340/1340 1327/1327/1327 1334/1334/1334
f 1341/1341/1341 1335/1335/1335 1296/1296/1296
f 1344/1344/1344 1345/1345/1345 1330/1330/1330
f 1346/1346/1346 1305/1305/1305 1306/1306/1306
f 1278/1278/1278 1336/1336/1336 1347/1347/1347
f 1331/1331/1331 1348/1348/1348 1311/1311/1311
f 1337/1337/1337 1299/1299/1299 1312/1312/1312
f 1317/1317/1317 1349/1349/1349 1313/1313/1313
f 1314/1314/1314 1302/1302/1302 1335/1335/1335
f 1350/1350/1350 1323/1323/1323 1334/1334/1334
f 1329/1329/1329 1301/1301/1301 1314/1314/1314
f 1330/1330/1330 1329/1329/1329 1344/1344/1344
f 1342/1342/1342 1305/1305/1305 1346/1346/1346
f 1351/1351/1351 1352/1352/1352 1345/1345/1345
f 1353/1353/1353 1320/1320/1320 1324/1324/1324
f 1320/1320/1320 1354/1354/1354 1326/1326/1326
f 1315/1315/1315 1355/1355/1355 1312/1312/1312
f 1317/1317/1317 1322/1322/1322 1356/1356/1356
f 1340/1340/1340 1328/1328/1328 1338/1338/1338
f 1340/1340/1340 1334/1334/1334 1357/1357/1357
f 1319/1319/1319 1357/1357/1357 1334/1334/1334
f 1341/1341/1341 1304/1304/1304 1358/1358/1358
f 1359/1359/1359 1323/1323/1323 1350/1350/1350
f 1306/1306/1306 1291/1291/1291 1339/1339/1339
f 1357/1357/1357 1318/1318/1318 1328/1328/1328
f 1318/1318/1318 1357/1357/1357 1319/1319/1319
f 1360/1360/1360 1314/1314/1314 1335/1335/1335
f 1358/1358/1358 1304/1304/1304 1342/1342/1342
f 1361/1361/1361 1320/1320/1320 1353/1353/1353
f 1362/1362/1362 1325/1325/1325 1278/1278/1278
f 1333/1333/1333 1309/1309/1309 1363/1363/1363
f 1364/1364/1364 1341/1341/1341 1349/1349/1349
f 1364/1364/1364 1335/1335/1335 1341/1341/1341
f 1317/1317/1317 1356/1356/1356 1349/1349/1349
f 1340/1340/1340 1357/1357/1357 1328/1328/1328
f 1343/1343/1343 1350/1350/1350 1334/1334/1334
f 1309/1309/1309 1365/1365/1365 1363/1363/1363
f 1360/1360/1360 1366/1366/1366 1314/1314/1314
f 1366/1366/1366 1329/1329/1329 1314/1314/1314
f 1322/1322/1322 1316/1316/1316 1367/1367/1367
f 1356/1356/1356 1364/1364/1364 1349/1349/1349
f 1368/1368/1368 1309/1309/1309 1313/1313/1313
f 1311/1311/1311 1348/1348/1348 1315/1315/1315
f 1369/1369/1369 1348/1348/1348 1331/1331/1331
f 1367/1367/1367 1316/1316/1316 1325/1325/1325
f 1322/1322/1322 1370/1370/1370 1356/1356/1356
f 1368/1368/1368 1313/1313/1313 1349/1349/1349
f 1360/1360/1360 1335/1335/1335 1364/1364/1364
f 1349/1349/1349 1341/1341/1341 1368/1368/1368
f 1341/1341/1341 1358/1358/1358 1368/1368/1368
f 1342/1342/1342 1371/1371/1371 1358/1358/1358
f 1287/1287/1287 1323/1323/1323 1339/1339/1339
f 1354/1354/1354 1320/1320/1320 1361/1361/1361
f 1364/1364/1364 1356/1356/1356 1370/1370/1370
f 1309/1309/1309 1368/1368/1368 1365/1365/1365
f 1372/1372/1372 1353/1353/1353 1373/1373/1373
f 1368/1368/1368 1358/1358/1358 1365/1365/1365
f 1358/1358/1358 1371/1371/1371 1365/1365/1365
f 1323/1323/1323 1359/1359/1359 1339/1339/1339
f 1344/1344/1344 1351/1351/1351 1345/1345/1345
f 1374/1374/1374 1306/1306/1306 1339/1339/1339
f 1348/1348/1348 1355/1355/1355 1315/1315/1315
f 1369/1369/1369 1375/1375/1375 1348/1348/1348
f 1360/1360/1360 1364/1364/1364 1370/1370/1370
f 1346/1346/1346 1306/1306/1306 1374/1374/1374
f 1354/1354/1354 1376/1376/1376 1377/1377/1377
f 1347/1347/1347 1362/1362/1362 1278/1278/1278
f 1337/1337/1337 1312/1312/1312 1355/1355/1355
f 1370/1370/1370 1322/1322/1322 1367/1367/1367
f 1378/1378/1378 1353/1353/1353 1372/1372/1372
f 1363/1363/1363 1365/1365/1365 1379/1379/1379
f 1342/1342/1342 1346/1346/1346 1380/1380/1380
f 1376/1376/1376 1381/1381/1381 1377/1377/1377
f 1371/1371/1371 1342/1342/1342 1380/1380/1380
f 1376/1376/1376 1354/1354/1354 1361/1361/1361
f 1382/1382/1382 1383/1383/1383 1336/1336/1336
f 1384/1384/1384 1360/1360/1360 1370/1370/1370
f 1385/1385/1385 1339/1339/1339 1359/1359/1359
f 1374/1374/1374 1339/1339/1339 1385/1385/1385
f 1376/1376/1376 1361/1361/1361 1378/1378/1378
f 1381/1381/1381 1376/1376/1376 1386/1386/1386
f 1387/1387/1387 1388/1388/1388 1381/1381/1381
f 1379/1379/1379 1365/1365/1365 1380/1380/1380
f 1365/1365/1365 1371/1371/1371 1380/1380/1380
f 1389/1389/1389 1378/1378/1378 1372/1372/1372
f 1353/1353/1353 1378/1378/1378 1361/1361/1361
f 1388/1388/1388 1387/1387/1387 1390/1390/1390
f 1347/1347/1347 1336/1336/1336 1383/1383/1383
f 1391/1391/1391 1325/1325/1325 1362/1362/1362
f 1355/1355/1355 1348/1348/1348 1392/1392/1392
f 1393/1393/1393 1394/1394/1394 1379/1379/1379
f 1359/1359/1359 1395/1395/1395 1396/1396/1396
f 1396/1396/1396 1385/1385/1385 1359/1359/1359
f 1379/1379/1379 1380/1380/1380 1396/1396/1396
f 1380/1380/1380 1346/1346/1346 1374/1374/1374
f 1389/1389/1389 1372/1372/1372 1397/1397/1397
f 1398/1398/1398 1378/1378/1378 1389/1389/1389
f 1378/1378/1378 1386/1386/1386 1376/1376/1376
f 1399/1399/1399 1387/1387/1387 1381/1381/1381
f 1400/1400/1400 1401/1401/1401 1382/1382/1382
f 1402/1402/1402 1370/1370/1370 1367/1367/1367
f 1379/1379/1379 1396/1396/1396 1393/1393/1393
f 1380/1380/1380 1374/1374/1374 1385/1385/1385
f 1399/1399/1399 1381/1381/1381 1386/1386/1386
f 1367/1367/1367 1325/1325/1325 1391/1391/1391
f 1392/1392/1392 1348/1348/1348 1375/1375/1375
f 1337/1337/1337 1355/1355/1355 1343/1343/1343
f 1384/1384/1384 1366/1366/1366 1360/1360/1360
f 1396/1396/1396 1380/1380/1380 1385/1385/1385
f 1403/1403/1403 1344/1344/1344 1329/1329/1329
f 1351/1351/1351 1404/1404/1404 1405/1405/1405
f 1343/1343/1343 1355/1355/1355 1392/1392/1392
f 1391/1391/1391 1402/1402/1402 1367/1367/1367
f 1402/1402/1402 1384/1384/1384 1370/1370/1370
f 1403/1403/1403 1329/1329/1329 1366/1366/1366
f 1406/1406/1406 1405/1405/1405 1407/1407/1407
f 1408/1408/1408 1343/1343/1343 1392/1392/1392
f 1359/1359/1359 1350/1350/1350 1395/1395/1395
f 1393/1393/1393 1396/1396/1396 1395/1395/1395
f 1404/1404/1404 1407/1407/1407 1405/1405/1405
f 1409/1409/1409 1410/1410/1410 1411/1411/1411
f 1412/1412/1412 1394/1394/1394 1393/1393/1393
f 1413/1413/1413 1350/1350/1350 1343/1343/1343
f 1414/1414/1414 1401/1401/1401 1400/1400/1400
f 1392/1392/1392 1375/1375/1375 1415/1415/1415
f 1412/1412/1412 1415/1415/1415 1375/1375/1375
f 1412/1412/1412 1416/1416/1416 1415/1415/1415
f 1384/1384/1384 1403/1403/1403 1366/1366/1366
f 1408/1408/1408 1392/1392/1392 1415/1415/1415
f 1412/1412/1412 1393/1393/1393 1416/1416/1416
f 1413/1413/1413 1395/1395/1395 1350/1350/1350
f 1404/1404/1404 1351/1351/1351 1344/1344/1344
f 1415/1415/1415 1416/1416/1416 1408/1408/1408
f 1408/1408/1408 1413/1413/1413 1343/1343/1343
f 1417/1417/1417 1393/1393/1393 1395/1395/1395
f 1418/1418/1418 1384/1384/1384 1402/1402/1402
f 1417/1417/1417 1408/1408/1408 1416/1416/1416
f 1417/1417/1417 1416/1416/1416 1393/1393/1393
f 1395/1395/1395 1413/1413/1413 1417/1417/1417
f 1419/1419/1419 1390/1390/1390 1387/1387/1387
f 1347/1347/1347 1420/1420/1420 1362/1362/1362
f 1418/1418/1418 1403/1403/1403 1384/1384/1384
f 1408/1408/1408 1417/1417/1417 1413/1413/1413
f 1403/1403/1403 1421/1421/1421 1344/1344/1344
f 1422/1422/1422 1409/1409/1409 1411/1411/1411
f 1423/1423/1423 1424/1424/1424 1425/1425/1425
f 1347/1347/1347 1383/1383/1383 1420/1420/1420
f 1426/1426/1426 1427/1427/1427 1428/1428/1428
f 1362/1362/1362 1429/1429/1429 1391/1391/1391
f 1414/1414/1414 1430/1430/1430 1401/1401/1401
f 1421/1421/1421 1404/1404/1404 1344/1344/1344
f 1423/1423/1423 1431/1431/1431 1424/1424/1424
f 1432/1432/1432 1433/1433/1433 1425/1425/1425
f 1434/1434/1434 1398/1398/1398 1389/1389/1389
f 1391/1391/1391 1435/1435/1435 1402/1402/1402
f 1389/1389/1389 1397/1397/1397 1436/1436/1436
f 1402/1402/1402 1435/1435/1435 1418/1418/1418
f 1432/1432/1432 1425/1425/1425 1424/1424/1424
f 1382/1382/1382 1401/1401/1401 1437/1437/1437
f 1383/1383/1383 1382/1382/1382 1437/1437/1437
f 1438/1438/1438 1419/1419/1419 1439/1439/1439
f 1440/1440/1440 1421/1421/1421 1403/1403/1403
f 1397/1397/1397 1441/1441/1441 1436/1436/1436
f 1419/1419/1419 1387/1387/1387 1439/1439/1439
f 1420/1420/1420 1383/1383/1383 1437/1437/1437
f 1386/1386/1386 1398/1398/1398 1442/1442/1442
f 1426/1426/1426 1443/1443/1443 1427/1427/1427
f 1362/1362/1362 1420/1420/1420 1429/1429/1429
f 1424/1424/1424 1431/1431/1431 1444/1444/1444
f 1445/1445/1445 1441/1441/1441 1397/1397/1397
f 1436/1436/1436 1434/1434/1434 1389/1389/1389
f 1434/1434/1434 1442/1442/1442 1398/1398/1398
f 1440/1440/1440 1403/1403/1403 1418/1418/1418
f 1399/1399/1399 1386/1386/1386 1446/1446/1446
f 1446/1446/1446 1439/1439/1439 1399/1399/1399
f 1399/1399/1399 1439/1439/1439 1387/1387/1387
f 1401/1401/1401 1447/1447/1447 1437/1437/1437
f 1436/1436/1436 1448/1448/1448 1434/1434/1434
f 1434/1434/1434 1449/1449/1449 1442/1442/1442
f 1401/1401/1401 1430/1430/1430 1447/1447/1447
f 1435/1435/1435 1391/1391/1391 1429/1429/1429
f 1450/1450/1450 1432/1432/1432 1424/1424/1424
f 1448/1448/1448 1449/1449/1449 1434/1434/1434
f 1451/1451/1451 1452/1452/1452 1438/1438/1438
f 1440/1440/1440 1418/1418/1418 1435/1435/1435
f 1421/1421/1421 1453/1453/1453 1404/1404/1404
f 1407/1407/1407 1404/1404/1404 1454/1454/1454
f 1424/1424/1424 1444/1444/1444 1450/1450/1450
f 1420/1420/1420 1437/1437/1437 1455/1455/1455
f 1453/1453/1453 1456/1456/1456 1404/1404/1404
f 1456/1456/1456 1454/1454/1454 1404/1404/1404
f 1448/1448/1448 1436/1436/1436 1441/1441/1441
f 1422/1422/1422 1457/1457/1457 1409/1409/1409
f 1443/1443/1443 1458/1458/1458 1430/1430/1430
f 1431/1431/1431 1459/1459/1459 1460/1460/1460
f 1442/1442/1442 1461/1461/1461 1386/1386/1386
f 1454/1454/1454 1462/1462/1462 1407/1407/1407
f 1431/1431/1431 1460/1460/1460 1444/1444/1444
f 1455/1455/1455 1437/1437/1437 1447/1447/1447
f 1463/1463/1463 1460/1460/1460 1459/1459/1459
f 1439/1439/1439 1451/1451/1451 1438/1438/1438
f 1458/1458/1458 1447/1447/1447 1430/1430/1430
f 1386/1386/1386 1461/1461/1461 1446/1446/1446
f 1440/1440/1440 1453/1453/1453 1421/1421/1421
f 1460/1460/1460 1450/1450/1450 1444/1444/1444
f 1422/1422/1422 1464/1464/1464 1457/1457/1457
f 1449/1449/1449 1461/1461/1461 1442/1442/1442
f 1465/1465/1465 1435/1435/1435 1429/1429/1429
f 1445/1445/1445 1466/1466/1466 1441/1441/1441
f 1449/1449/1449 1446/1446/1446 1461/1461/1461
f 1443/1443/1443 1426/1426/1426 1467/1467/1467
f 1420/1420/1420 1455/1455/1455 1468/1468/1468
f 1468/1468/1468 1429/1429/1429 1420/1420/1420
f 1469/1469/1469 1454/1454/1454 1456/1456/1456
f 1448/1448/1448 1441/1441/1441 1470/1470/1470
f 1454/1454/1454 1471/1471/1471 1462/1462/1462
f 1448/1448/1448 1472/1472/1472 1449/1449/1449
f 1452/1452/1452 1451/1451/1451 1473/1473/1473
f 1448/1448/1448 1470/1470/1470 1472/1472/1472
f 1446/1446/1446 1474/1474/1474 1439/1439/1439
f 1451/1451/1451 1439/1439/1439 1474/1474/1474
f 1455/1455/1455 1475/1475/1475 1468/1468/1468
f 1468/1468/1468 1465/1465/1465 1429/1429/1429
f 1476/1476/1476 1440/1440/1440 1435/1435/1435
f 1453/1453/1453 1469/1469/1469 1456/1456/1456
f 1477/1477/1477 1460/1460/1460 1463/1463/1463
f 1478/1478/1478 1450/1450/1450 1460/1460/1460
f 1446/1446/1446 1449/1449/1449 1479/1479/1479
f 1465/1465/1465 1476/1476/1476 1435/1435/1435
f 1477/1477/1477 1463/1463/1463 1480/1480/1480
f 1458/1458/1458 1443/1443/1443 1481/1481/1481
f 1447/1447/1447 1482/1482/1482 1455/1455/1455
f 1468/1468/1468 1475/1475/1475 1465/1465/1465
f 1467/1467/1467 1481/1481/1481 1443/1443/1443
f 1458/1458/1458 1483/1483/1483 1447/1447/1447
f 1455/1455/1455 1482/1482/1482 1475/1475/1475
f 1466/1466/1466 1470/1470/1470 1441/1441/1441
f 1458/1458/1458 1481/1481/1481 1483/1483/1483
f 1447/1447/1447 1483/1483/1483 1482/1482/1482
f 1479/1479/1479 1474/1474/1474 1446/1446/1446
f 1484/1484/1484 1451/1451/1451 1474/1474/1474
f 1485/1485/1485 1440/1440/1440 1476/1476/1476
f 1453/1453/1453 1440/1440/1440 1485/1485/1485
f 1466/1466/1466 1486/1486/1486 1470/1470/1470
f 1484/1484/1484 1473/1473/1473 1451/1451/1451
f 1453/1453/1453 1487/1487/1487 1469/1469/1469
f 1478/1478/1478 1460/1460/1460 1488/1488/1488
f 1457/1457/1457 1464/1464/1464 1489/1489/1489
f 1472/1472/1472 1490/1490/1490 1449/1449/1449
f 1475/1475/1475 1491/1491/1491 1465/1465/1465
f 1477/1477/1477 1492/1492/1492 1493/1493/1493
f 1490/1490/1490 1479/1479/1479 1449/1449/1449
f 1494/1494/1494 1481/1481/1481 1467/1467/1467
f 1475/1475/1475 1482/1482/1482 1491/1491/1491
f 1485/1485/1485 1487/1487/1487 1453/1453/1453
f 1488/1488/1488 1460/1460/1460 1477/1477/1477
f 1479/1479/1479 1484/1484/1484 1474/1474/1474
f 1493/1493/1493 1488/1488/1488 1477/1477/1477
f 1472/1472/1472 1470/1470/1470 1486/1486/1486
f 1495/1495/1495 1490/1490/1490 1472/1472/1472
f 1465/1465/1465 1496/1496/1496 1476/1476/1476
f 1464/1464/1464 1497/1497/1497 1498/1498/1498
f 1496/1496/1496 1465/1465/1465 1491/1491/1491
f 1486/1486/1486 1466/1466/1466 1499/1499/1499
f 1486/1486/1486 1495/1495/1495 1472/1472/1472
f 1498/1498/1498 1489/1489/1489 1464/1464/1464
f 1483/1483/1483 1481/1481/1481 1500/1500/1500
f 1501/1501/1501 1479/1479/1479 1490/1490/1490
f 1473/1473/1473 1484/1484/1484 1502/1502/1502
f 1500/1500/1500 1481/1481/1481 1494/1494/1494
f 1503/1503/1503 1469/1469/1469 1504/1504/1504
f 1489/1489/1489 1498/1498/1498 1505/1505/1505
f 1500/1500/1500 1506/1506/1506 1483/1483/1483
f 1504/1504/1504 1469/1469/1469 1487/1487/1487
f 1495/1495/1495 1501/1501/1501 1490/1490/1490
f 1484/1484/1484 1479/1479/1479 1501/1501/1501
f 1496/1496/1496 1485/1485/1485 1476/1476/1476
f 1487/1487/1487 1485/1485/1485 1507/1507/1507
f 1508/1508/1508 1494/1494/1494 1467/1467/1467
f 1483/1483/1483 1506/1506/1506 1482/1482/1482
f 1485/1485/1485 1496/1496/1496 1507/1507/1507
f 1488/1488/1488 1493/1493/1493 1509/1509/1509
f 1497/1497/1497 1510/1510/1510 1498/1498/1498
f 1511/1511/1511 1512/1512/1512 1509/1509/1509
f 1512/1512/1512 1511/1511/1511 1513/1513/1513
f 1514/1514/1514 1515/1515/1515 1516/1516/1516
f 1515/1515/1515 1510/1510/1510 1516/1516/1516
f 1506/1506/1506 1491/1491/1491 1482/1482/1482
f 1507/1507/1507 1496/1496/1496 1517/1517/1517
f 1486/1486/1486 1499/1499/1499 1518/1518/1518
f 1486/1486/1486 1518/1518/1518 1519/1519/1519
f 1484/1484/1484 1501/1501/1501 1520/1520/1520
f 1520/1520/1520 1502/1502/1502 1484/1484/1484
f 1519/1519/1519 1495/1495/1495 1486/1486/1486
f 1491/1491/1491 1517/1517/1517 1496/1496/1496
f 1493/1493/1493 1492/1492/1492 1521/1521/1521
f 1519/1519/1519 1518/1518/1518 1522/1522/1522
f 1501/1501/1501 1495/1495/1495 1523/1523/1523
f 1524/1524/1524 1491/1491/1491 1506/1506/1506
f 1507/1507/1507 1525/1525/1525 1487/1487/1487
f 1504/1504/1504 1487/1487/1487 1525/1525/1525
f 1526/1526/1526 1521/1521/1521 1492/1492/1492
f 1509/1509/1509 1493/1493/1493 1527/1527/1527
f 1524/1524/1524 1517/1517/1517 1491/1491/1491
f 1528/1528/1528 1499/1499/1499 1529/1529/1529
f 1518/1518/1518 1499/1499/1499 1528/1528/1528
f 1518/1518/1518 1528/1528/1528 1522/1522/1522
f 1510/1510/1510 1515/1515/1515 1498/1498/1498
f 1523/1523/1523 1495/1495/1495 1519/1519/1519
f 1494/1494/1494 1530/1530/1530 1500/1500/1500
f 1500/1500/1500 1531/1531/1531 1506/1506/1506
f 1509/1509/1509 1532/1532/1532 1511/1511/1511
f 1527/1527/1527 1532/1532/1532 1509/1509/1509
f 1515/1515/1515 1514/1514/1514 1513/1513/1513
f 1533/1533/1533 1498/1498/1498 1515/1515/1515
f 1501/1501/1501 1523/1523/1523 1520/1520/1520
f 1506/1506/1506 1531/1531/1531 1524/1524/1524
f 1517/1517/1517 1534/1534/1534 1507/1507/1507
f 1535/1535/1535 1517/1517/1517 1524/1524/1524
f 1527/1527/1527 1493/1493/1493 1521/1521/1521
f 1536/1536/1536 1515/1515/1515 1513/1513/1513
f 1500/1500/1500 1537/1537/1537 1531/1531/1531
f 1538/1538/1538 1521/1521/1521 1526/1526/1526
f 1536/1536/1536 1513/1513/1513 1511/1511/1511
f 1531/1531/1531 1535/1535/1535 1524/1524/1524
f 1539/1539/1539 1526/1526/1526 1540/1540/1540
f 1541/1541/1541 1511/1511/1511 1532/1532/1532
f 1528/1528/1528 1529/1529/1529 1542/1542/1542
f 1523/1523/1523 1543/1543/1543 1520/1520/1520
f 1532/1532/1532 1544/1544/1544 1545/1545/1545
f 1532/1532/1532 1527/1527/1527 1544/1544/1544
f 1541/1541/1541 1532/1532/1532 1545/1545/1545
f 1546/1546/1546 1533/1533/1533 1547/1547/1547
f 1547/1547/1547 1533/1533/1533 1515/1515/1515
f 1523/1523/1523 1519/1519/1519 1548/1548/1548
f 1549/1549/1549 1528/1528/1528 1542/1542/1542
f 1530/1530/1530 1550/1550/1550 1500/1500/1500
f 1551/1551/1551 1517/1517/1517 1535/1535/1535
f 1545/1545/1545 1552/1552/1552 1541/1541/1541
f 1528/1528/1528 1553/1553/1553 1522/1522/1522
f 1534/1534/1534 1525/1525/1525 1507/1507/1507
f 1549/1549/1549 1553/1553/1553 1528/1528/1528
f 1548/1548/1548 1543/1543/1543 1523/1523/1523
f 1517/1517/1517 1551/1551/1551 1534/1534/1534
f 1525/1525/1525 1554/1554/1554 1504/1504/1504
f 1503/1503/1503 1504/1504/1504 1554/1554/1554
f 1527/1527/1527 1555/1555/1555 1544/1544/1544
f 1511/1511/1511 1541/1541/1541 1536/1536/1536
f 1542/1542/1542 1546/1546/1546 1547/1547/1547
f 1556/1556/1556 1550/1550/1550 1530/1530/1530
f 1500/1500/1500 1550/1550/1550 1537/1537/1537
f 1538/1538/1538 1527/1527/1527 1521/1521/1521
f 1547/1547/1547 1515/1515/1515 1536/1536/1536
f 1557/1557/1557 1558/1558/1558 1559/1559/1559
f 1560/1560/1560 1561/1561/1561 1559/1559/1559
f 1555/1555/1555 1527/1527/1527 1538/1538/1538
f 1542/1542/1542 1562/1562/1562 1563/1563/1563
f 1547/1547/1547 1562/1562/1562 1542/1542/1542
f 1561/1561/1561 1564/1564/1564 1565/1565/1565
f 1538/1538/1538 1526/1526/1526 1539/1539/1539
f 1544/1544/1544 1566/1566/1566 1545/1545/1545
f 1541/1541/1541 1562/1562/1562 1536/1536/1536
f 1562/1562/1562 1547/1547/1547 1536/1536/1536
f 1567/1567/1567 1543/1543/1543 1548/1548/1548
f 1561/1561/1561 1560/1560/1560 1564/1564/1564
f 1537/1537/1537 1535/1535/1535 1531/1531/1531
f 1568/1568/1568 1539/1539/1539 1540/1540/1540
f 1548/1548/1548 1519/1519/1519 1569/1569/1569
f 1570/1570/1570 1558/1558/1558 1557/1557/1557
f 1541/1541/1541 1571/1571/1571 1562/1562/1562
f 1571/1571/1571 1563/1563/1563 1562/1562/1562
f 1522/1522/1522 1569/1569/1569 1519/1519/1519
f 1572/1572/1572 1522/1522/1522 1553/1553/1553
f 1503/1503/1503 1554/1554/1554 1573/1573/1573
f 1563/1563/1563 1574/1574/1574 1542/1542/1542
f 1559/1559/1559 1575/1575/1575 1560/1560/1560
f 1565/1565/1565 1564/1564/1564 1576/1576/1576
f 1577/1577/1577 1578/1578/1578 1576/1576/1576
f 1577/1577/1577 1568/1568/1568 1578/1578/1578
f 1542/1542/1542 1574/1574/1574 1549/1549/1549
f 1569/1569/1569 1522/1522/1522 1572/1572/1572
f 1579/1579/1579 1553/1553/1553 1549/1549/1549
f 1550/1550/1550 1580/1580/1580 1537/1537/1537
f 1575/1575/1575 1559/1559/1559 1558/1558/1558
f 1556/1556/1556 1580/1580/1580 1550/1550/1550
f 1551/1551/1551 1535/1535/1535 1581/1581/1581
f 1555/1555/1555 1582/1582/1582 1544/1544/1544
f 1583/1583/1583 1553/1553/1553 1579/1579/1579
f 1553/1553/1553 1583/1583/1583 1572/1572/1572
f 1534/1534/1534 1584/1584/1584 1525/1525/1525
f 1541/1541/1541 1552/1552/1552 1571/1571/1571
f 1574/1574/1574 1579/1579/1579 1549/1549/1549
f 1567/1567/1567 1548/1548/1548 1585/1585/1585
f 1585/1585/1585 1548/1548/1548 1569/1569/1569
f 1582/1582/1582 1566/1566/1566 1544/1544/1544
f 1545/1545/1545 1586/1586/1586 1552/1552/1552
f 1537/1537/1537 1580/1580/1580 1587/1587/1587
f 1535/1535/1535 1537/1537/1537 1587/1587/1587
f 1551/1551/1551 1584/1584/1584 1534/1534/1534
f 1566/1566/1566 1586/1586/1586 1545/1545/1545
f 1535/1535/1535 1587/1587/1587 1581/1581/1581
f 1588/1588/1588 1503/1503/1503 1573/1573/1573
f 1589/1589/1589 1538/1538/1538 1539/1539/1539
f 1568/1568/1568 1590/1590/1590 1539/1539/1539
f 1589/1589/1589 1555/1555/1555 1538/1538/1538
f 1584/1584/1584 1554/1554/1554 1525/1525/1525
f 1590/1590/1590 1568/1568/1568 1577/1577/1577
f 1567/1567/1567 1585/1585/1585 1591/1591/1591
f 1581/1581/1581 1584/1584/1584 1551/1551/1551
f 1575/1575/1575 1558/1558/1558 1592/1592/1592
f 1556/1556/1556 1593/1593/1593 1580/1580/1580
f 1594/1594/1594 1573/1573/1573 1554/1554/1554
f 1595/1595/1595 1596/1596/1596 1558/1558/1558
f 1539/1539/1539 1590/1590/1590 1589/1589/1589
f 1597/1597/1597 1574/1574/1574 1563/1563/1563
f 1598/1598/1598 1583/1583/1583 1579/1579/1579
f 1599/1599/1599 1575/1575/1575 1592/1592/1592
f 1599/1599/1599 1560/1560/1560 1575/1575/1575
f 1563/1563/1563 1571/1571/1571 1597/1597/1597
f 1600/1600/1600 1569/1569/1569 1572/1572/1572
f 1569/1569/1569 1600/1600/1600 1585/1585/1585
f 1592/1592/1592 1558/1558/1558 1596/1596/1596
f 1564/1564/1564 1601/1601/1601 1576/1576/1576
f 1602/1602/1602 1564/1564/1564 1560/1560/1560
f 1603/1603/1603 1582/1582/1582 1604/1604/1604
f 1582/1582/1582 1555/1555/1555 1604/1604/1604
f 1552/1552/1552 1586/1586/1586 1571/1571/1571
f 1579/1579/1579 1574/1574/1574 1605/1605/1605
f 1597/1597/1597 1605/1605/1605 1574/1574/1574
f 1592/1592/1592 1606/1606/1606 1599/1599/1599
f 1582/1582/1582 1603/1603/1603 1607/1607/1607
f 1604/1604/1604 1555/1555/1555 1589/1589/1589
f 1598/1598/1598 1572/1572/1572 1583/1583/1583
f 1602/1602/1602 1601/1601/1601 1564/1564/1564
f 1608/1608/1608 1591/1591/1591 1600/1600/1600
f 1585/1585/1585 1600/1600/1600 1591/1591/1591
f 1587/1587/1587 1580/1580/1580 1593/1593/1593
f 1609/1609/1609 1571/1571/1571 1586/1586/1586
f 1571/1571/1571 1609/1609/1609 1597/1597/1597
f 1572/1572/1572 1610/1610/1610 1600/1600/1600
f 1599/1599/1599 1602/1602/1602 1560/1560/1560
f 1576/1576/1576 1601/1601/1601 1577/1577/1577
f 1611/1611/1611 1590/1590/1590 1577/1577/1577
f 1604/1604/1604 1589/1589/1589 1611/1611/1611
f 1611/1611/1611 1589/1589/1589 1590/1590/1590
f 1612/1612/1612 1566/1566/1566 1582/1582/1582
f 1579/1579/1579 1613/1613/1613 1614/1614/1614
f 1605/1605/1605 1613/1613/1613 1579/1579/1579
f 1579/1579/1579 1614/1614/1614 1598/1598/1598
f 1582/1582/1582 1607/1607/1607 1612/1612/1612
f 1566/1566/1566 1615/1615/1615 1586/1586/1586
f 1572/1572/1572 1598/1598/1598 1610/1610/1610
f 1573/1573/1573 1616/1616/1616 1588/1588/1588
f 1599/1599/1599 1617/1617/1617 1602/1602/1602
f 1611/1611/1611 1577/1577/1577 1601/1601/1601
f 1581/1581/1581 1618/1618/1618 1584/1584/1584
f 1616/1616/1616 1573/1573/1573 1594/1594/1594
f 1588/1588/1588 1616/1616/1616 1619/1619/1619
f 1620/1620/1620 1621/1621/1621 1603/1603/1603
f 1603/1603/1603 1621/1621/1621 1607/1607/1607
f 1620/1620/1620 1603/1603/1603 1604/1604/1604
f 1622/1622/1622 1600/1600/1600 1610/1610/1610
f 1584/1584/1584 1623/1623/1623 1554/1554/1554
f 1624/1624/1624 1602/1602/1602 1617/1617/1617
f 1625/1625/1625 1601/1601/1601 1602/1602/1602
f 1626/1626/1626 1605/1605/1605 1597/1597/1597
f 1608/1608/1608 1600/1600/1600 1622/1622/1622
f 1593/1593/1593 1627/1627/1627 1587/1587/1587
f 1554/1554/1554 1623/1623/1623 1594/1594/1594
f 1619/1619/1619 1628/1628/1628 1588/1588/1588
f 1592/1592/1592 1596/1596/1596 1606/1606/1606
f 1606/1606/1606 1617/1617/1617 1599/1599/1599
f 1625/1625/1625 1602/1602/1602 1624/1624/1624
f 1608/1608/1608 1622/1622/1622 1629/1629/1629
f 1610/1610/1610 1614/1614/1614 1622/1622/1622
f 1581/1581/1581 1587/1587/1587 1627/1627/1627
f 1619/1619/1619 1616/1616/1616 1594/1594/1594
f 1630/1630/1630 1611/1611/1611 1601/1601/1601
f 1620/1620/1620 1604/1604/1604 1611/1611/1611
f 1631/1631/1631 1613/1613/1613 1632/1632/1632
f 1633/1633/1633 1614/1614/1614 1613/1613/1613
f 1614/1614/1614 1610/1610/1610 1598/1598/1598
f 1633/1633/1633 1622/1622/1622 1614/1614/1614
f 1625/1625/1625 1630/1630/1630 1601/1601/1601
f 1621/1621/1621 1634/1634/1634 1607/1607/1607
f 1635/1635/1635 1633/1633/1633 1613/1613/1613
f 1633/1633/1633 1636/1636/1636 1622/1622/1622
f 1637/1637/1637 1594/1594/1594 1623/1623/1623
f 1628/1628/1628 1638/1638/1638 1595/1595/1595
f 1624/1624/1624 1639/1639/1639 1625/1625/1625
f 1640/1640/1640 1630/1630/1630 1625/1625/1625
f 1640/1640/1640 1641/1641/1641 1620/1620/1620
f 1621/1621/1621 1620/1620/1620 1641/1641/1641
f 1630/1630/1630 1620/1620/1620 1611/1611/1611
f 1613/1613/1613 1626/1626/1626 1642/1642/1642
f 1613/1613/1613 1605/1605/1605 1626/1626/1626
f 1633/1633/1633 1635/1635/1635 1636/1636/1636
f 1596/1596/1596 1595/1595/1595 1643/1643/1643
f 1640/1640/1640 1620/1620/1620 1630/1630/1630
f 1642/1642/1642 1632/1632/1632 1613/1613/1613
f 1613/1613/1613 1631/1631/1631 1635/1635/1635
f 1629/1629/1629 1622/1622/1622 1636/1636/1636
f 1625/1625/1625 1639/1639/1639 1640/1640/1640
f 1612/1612/1612 1615/1615/1615 1566/1566/1566
f 1609/1609/1609 1586/1586/1586 1615/1615/1615
f 1626/1626/1626 1597/1597/1597 1609/1609/1609
f 1627/1627/1627 1618/1618/1618 1581/1581/1581
f 1644/1644/1644 1594/1594/1594 1637/1637/1637
f 1644/1644/1644 1619/1619/1619 1594/1594/1594
f 1638/1638/1638 1628/1628/1628 1619/1619/1619
f 1618/1618/1618 1623/1623/1623 1584/1584/1584
f 1638/1638/1638 1643/1643/1643 1595/1595/1595
f 1596/1596/1596 1643/1643/1643 1606/1606/1606
f 1645/1645/1645 1609/1609/1609 1615/1615/1615
f 1626/1626/1626 1609/1609/1609 1645/1645/1645
f 1621/1621/1621 1646/1646/1646 1634/1634/1634
f 1643/1643/1643 1647/1647/1647 1606/1606/1606
f 1641/1641/1641 1640/1640/1640 1648/1648/1648
f 1641/1641/1641 1646/1646/1646 1621/1621/1621
f 1607/1607/1607 1634/1634/1634 1649/1649/1649
f 1647/1647/1647 1617/1617/1617 1606/1606/1606
f 1650/1650/1650 1639/1639/1639 1624/1624/1624
f 1649/1649/1649 1612/1612/1612 1607/1607/1607
f 1642/1642/1642 1626/1626/1626 1645/1645/1645
f 1627/1627/1627 1593/1593/1593 1651/1651/1651
f 1652/1652/1652 1637/1637/1637 1623/1623/1623
f 1647/1647/1647 1624/1624/1624 1617/1617/1617
f 1653/1653/1653 1640/1640/1640 1639/1639/1639
f 1635/1635/1635 1654/1654/1654 1636/1636/1636
f 1629/1629/1629 1636/1636/1636 1654/1654/1654
f 1652/1652/1652 1655/1655/1655 1637/1637/1637
f 1644/1644/1644 1638/1638/1638 1619/1619/1619
f 1646/1646/1646 1641/1641/1641 1648/1648/1648
f 1656/1656/1656 1615/1615/1615 1612/1612/1612
f 1618/1618/1618 1657/1657/1657 1623/1623/1623
f 1644/1644/1644 1637/1637/1637 1655/1655/1655
f 1645/1645/1645 1615/1615/1615 1656/1656/1656
f 1647/1647/1647 1650/1650/1650 1624/1624/1624
f 1632/1632/1632 1658/1658/1658 1659/1659/1659
f 1632/1632/1632 1642/1642/1642 1658/1658/1658
f 1648/1648/1648 1640/1640/1640 1653/1653/1653
f 1660/1660/1660 1643/1643/1643 1638/1638/1638
f 1643/1643/1643 1661/1661/1661 1647/1647/1647
f 1653/1653/1653 1639/1639/1639 1650/1650/1650
f 1649/1649/1649 1634/1634/1634 1646/1646/1646
f 1632/1632/1632 1662/1662/1662 1631/1631/1631
f 1629/1629/1629 1654/1654/1654 1663/1663/1663
f 1656/1656/1656 1642/1642/1642 1645/1645/1645
f 1664/1664/1664 1635/1635/1635 1631/1631/1631
f 1664/1664/1664 1654/1654/1654 1635/1635/1635
f 1618/1618/1618 1665/1665/1665 1657/1657/1657
f 1652/1652/1652 1666/1666/1666 1655/1655/1655
f 1667/1667/1667 1644/1644/1644 1655/1655/1655
f 1651/1651/1651 1593/1593/1593 1668/1668/1668
f 1627/1627/1627 1665/1665/1665 1618/1618/1618
f 1623/1623/1623 1657/1657/1657 1652/1652/1652
f 1669/1669/1669 1638/1638/1638 1644/1644/1644
f 1656/1656/1656 1612/1612/1612 1649/1649/1649
f 1627/1627/1627 1670/1670/1670 1665/1665/1665
f 1671/1671/1671 1662/1662/1662 1632/1632/1632
f 1642/1642/1642 1656/1656/1656 1672/1672/1672
f 1670/1670/1670 1627/1627/1627 1651/1651/1651
f 1667/1667/1667 1669/1669/1669 1644/1644/1644
f 1655/1655/1655 1673/1673/1673 1667/1667/1667
f 1660/1660/1660 1638/1638/1638 1669/1669/1669
f 1674/1674/1674 1656/1656/1656 1649/1649/1649
f 1658/1658/1658 1642/1642/1642 1672/1672/1672
f 1655/1655/1655 1666/1666/1666 1673/1673/1673
f 1643/1643/1643 1660/1660/1660 1675/1675/1675
f 1653/1653/1653 1650/1650/1650 1676/1676/1676
f 1677/1677/1677 1678/1678/1678 1648/1648/1648
f 1679/1679/1679 1646/1646/1646 1648/1648/1648
f 1680/1680/1680 1649/1649/1649 1646/1646/1646
f 1632/1632/1632 1681/1681/1681 1671/1671/1671
f 1664/1664/1664 1631/1631/1631 1662/1662/1662
f 1667/1667/1667 1682/1682/1682 1669/1669/1669
f 1669/1669/1669 1682/1682/1682 1660/1660/1660
f 1683/1683/1683 1673/1673/1673 1684/1684/1684
f 1647/1647/1647 1661/1661/1661 1685/1685/1685
f 1648/1648/1648 1653/1653/1653 1676/1676/1676
f 1680/1680/1680 1646/1646/1646 1679/1679/1679
f 1680/1680/1680 1674/1674/1674 1649/1649/1649
f 1686/1686/1686 1681/1681/1681 1632/1632/1632
f 1632/1632/1632 1659/1659/1659 1686/1686/1686
f 1658/1658/1658 1672/1672/1672 1687/1687/1687
f 1688/1688/1688 1663/1663/1663 1654/1654/1654
f 1668/1668/1668 1689/1689/1689 1651/1651/1651
f 1667/1667/1667 1673/1673/1673 1683/1683/1683
f 1676/1676/1676 1677/1677/1677 1648/1648/1648
f 1659/1659/1659 1658/1658/1658 1687/1687/1687
f 1687/1687/1687 1672/1672/1672 1674/1674/1674
f 1672/1672/1672 1656/1656/1656 1674/1674/1674
f 1654/1654/1654 1664/1664/1664 1688/1688/1688
f 1675/1675/1675 1661/1661/1661 1643/1643/1643
f 1647/1647/1647 1685/1685/1685 1650/1650/1650
f 1689/1689/1689 1670/1670/1670 1651/1651/1651
f 1670/1670/1670 1657/1657/1657 1665/1665/1665
f 1683/1683/1683 1682/1682/1682 1667/1667/1667
f 1673/1673/1673 1690/1690/1690 1684/1684/1684
f 1685/1685/1685 1676/1676/1676 1650/1650/1650
f 1677/1677/1677 1691/1691/1691 1678/1678/1678
f 1677/1677/1677 1676/1676/1676 1691/1691/1691
f 1657/1657/1657 1666/1666/1666 1652/1652/1652
f 1675/1675/1675 1660/1660/1660 1682/1682/1682
f 1684/1684/1684 1692/1692/1692 1693/1693/1693
f 1678/1678/1678 1679/1679/1679 1648/1648/1648
f 1685/1685/1685 1694/1694/1694 1676/1676/1676
f 1680/1680/1680 1695/1695/1695 1674/1674/1674
f 1696/1696/1696 1671/1671/1671 1681/1681/1681
f 1688/1688/1688 1664/1664/1664 1697/1697/1697
f 1683/1683/1683 1698/1698/1698 1682/1682/1682
f 1682/1682/1682 1698/1698/1698 1675/1675/1675
f 1694/1694/1694 1685/1685/1685 1661/1661/1661
f 1691/1691/1691 1694/1694/1694 1693/1693/1693
f 1676/1676/1676 1694/1694/1694 1691/1691/1691
f 1695/1695/1695 1687/1687/1687 1674/1674/1674
f 1695/1695/1695 1659/1659/1659 1687/1687/1687
f 1689/1689/1689 1668/1668/1668 1699/1699/1699
f 1693/1693/1693 1698/1698/1698 1683/1683/1683
f 1694/1694/1694 1661/1661/1661 1675/1675/1675
f 1692/1692/1692 1691/1691/1691 1693/1693/1693
f 1686/1686/1686 1700/1700/1700 1681/1681/1681
f 1697/1697/1697 1664/1664/1664 1662/1662/1662
f 1673/1673/1673 1666/1666/1666 1701/1701/1701
f 1673/1673/1673 1701/1701/1701 1690/1690/1690
f 1684/1684/1684 1702/1702/1702 1692/1692/1692
f 1681/1681/1681 1700/1700/1700 1696/1696/1696
f 1699/1699/1699 1703/1703/1703 1689/1689/1689
f 1670/1670/1670 1704/1704/1704 1657/1657/1657
f 1702/1702/1702 1684/1684/1684 1690/1690/1690
f 1698/1698/1698 1694/1694/1694 1675/1675/1675
f 1693/1693/1693 1694/1694/1694 1698/1698/1698
f 1689/1689/1689 1704/1704/1704 1670/1670/1670
f 1657/1657/1657 1704/1704/1704 1666/1666/1666
f 1691/1691/1691 1692/1692/1692 1705/1705/1705
f 1705/1705/1705 1678/1678/1678 1691/1691/1691
f 1671/1671/1671 1697/1697/1697 1662/1662/1662
f 1702/1702/1702 1706/1706/1706 1692/1692/1692
f 1707/1707/1707 1679/1679/1679 1678/1678/1678
f 1707/1707/1707 1680/1680/1680 1679/1679/1679
f 1695/1695/1695 1680/1680/1680 1708/1708/1708
f 1709/1709/1709 1701/1701/1701 1666/1666/1666
f 1708/1708/1708 1680/1680/1680 1707/1707/1707
f 1700/1700/1700 1686/1686/1686 1710/1710/1710
f 1711/1711/1711 1700/1700/1700 1710/1710/1710
f 1711/1711/1711 1696/1696/1696 1700/1700/1700
f 1712/1712/1712 1688/1688/1688 1697/1697/1697
f 1709/1709/1709 1666/1666/1666 1704/1704/1704
f 1706/1706/1706 1705/1705/1705 1692/1692/1692
f 1707/1707/1707 1678/1678/1678 1705/1705/1705
f 1713/1713/1713 1671/1671/1671 1696/1696/1696
f 1714/1714/1714 1697/1697/1697 1671/1671/1671
f 1712/1712/1712 1697/1697/1697 1714/1714/1714
f 1715/1715/1715 1695/1695/1695 1708/1708/1708
f 1711/1711/1711 1716/1716/1716 1696/1696/1696
f 1659/1659/1659 1695/1695/1695 1715/1715/1715
f 1717/1717/1717 1716/1716/1716 1711/1711/1711
f 1717/1717/1717 1718/1718/1718 1716/1716/1716
f 1716/1716/1716 1713/1713/1713 1696/1696/1696
f 1716/1716/1716 1718/1718/1718 1719/1719/1719
f 1671/1671/1671 1713/1713/1713 1714/1714/1714
f 1720/1720/1720 1708/1708/1708 1707/1707/1707
f 1686/1686/1686 1659/1659/1659 1715/1715/1715
f 1719/1719/1719 1714/1714/1714 1716/1716/1716
f 1716/1716/1716 1714/1714/1714 1713/1713/1713
f 1703/1703/1703 1721/1721/1721 1689/1689/1689
f 1702/1702/1702 1690/1690/1690 1722/1722/1722
f 1722/1722/1722 1706/1706/1706 1702/1702/1702
f 1706/1706/1706 1720/1720/1720 1705/1705/1705
f 1720/1720/1720 1707/1707/1707 1705/1705/1705
f 1708/1708/1708 1720/1720/1720 1723/1723/1723
f 1724/1724/1724 1686/1686/1686 1715/1715/1715
f 1725/1725/1725 1711/1711/1711 1710/1710/1710
f 1721/1721/1721 1704/1704/1704 1689/1689/1689
f 1726/1726/1726 1727/1727/1727 1728/1728/1728
f 1708/1708/1708 1723/1723/1723 1715/1715/1715
f 1710/1710/1710 1686/1686/1686 1724/1724/1724
f 1711/1711/1711 1725/1725/1725 1717/1717/1717
f 1690/1690/1690 1701/1701/1701 1729/1729/1729
f 1729/1729/1729 1722/1722/1722 1690/1690/1690
f 1706/1706/1706 1730/1730/1730 1720/1720/1720
f 1721/1721/1721 1709/1709/1709 1704/1704/1704
f 1727/1727/1727 1726/1726/1726 1731/1731/1731
f 1701/1701/1701 1709/1709/1709 1729/1729/1729
f 1730/1730/1730 1723/1723/1723 1720/1720/1720
f 1721/1721/1721 1731/1731/1731 1709/1709/1709
f 1732/1732/1732 1733/1733/1733 1710/1710/1710
f 1724/1724/1724 1732/1732/1732 1710/1710/1710
f 1723/1723/1723 1724/1724/1724 1715/1715/1715
f 1733/1733/1733 1725/1725/1725 1710/1710/1710
f 1734/1734/1734 1735/1735/1735 1728/1728/1728
f 1731/1731/1731 1736/1736/1736 1709/1709/1709
f 1736/1736/1736 1729/1729/1729 1709/1709/1709
f 1732/1732/1732 1724/1724/1724 1723/1723/1723
f 1737/1737/1737 1732/1732/1732 1723/1723/1723
f 1737/1737/1737 1723/1723/1723 1730/1730/1730
f 1738/1738/1738 1735/1735/1735 1734/1734/1734
f 1706/1706/1706 1722/1722/1722 1730/1730/1730
f 1739/1739/1739 1725/1725/1725 1733/1733/1733
f 1735/1735/1735 1726/1726/1726 1728/1728/1728
f 1726/1726/1726 1740/1740/1740 1731/1731/1731
f 1736/1736/1736 1731/1731/1731 1740/1740/1740
f 1741/1741/1741 1730/1730/1730 1722/1722/1722
f 1730/1730/1730 1741/1741/1741 1737/1737/1737
f 1741/1741/1741 1722/1722/1722 1729/1729/1729
f 1733/1733/1733 1732/1732/1732 1742/1742/1742
f 1738/1738/1738 1743/1743/1743 1735/1735/1735
f 1739/1739/1739 1744/1744/1744 1725/1725/1725
f 1742/1742/1742 1732/1732/1732 1737/1737/1737
f 1735/1735/1735 1740/1740/1740 1726/1726/1726
f 1740/1740/1740 1745/1745/1745 1736/1736/1736
f 1736/1736/1736 1745/1745/1745 1729/1729/1729
f 1729/1729/1729 1745/1745/1745 1741/1741/1741
f 1742/1742/1742 1739/1739/1739 1733/1733/1733
f 1746/1746/1746 1737/1737/1737 1741/1741/1741
f 1742/1742/1742 1737/1737/1737 1746/1746/1746
f 1744/1744/1744 1739/1739/1739 1742/1742/1742
f 1740/1740/1740 1747/1747/1747 1745/1745/1745
f 1747/1747/1747 1741/1741/1741 1745/1745/1745
f 1743/1743/1743 1748/1748/1748 1735/1735/1735
f 1749/1749/1749 1744/1744/1744 1750/1750/1750
f 1748/1748/1748 1740/1740/1740 1735/1735/1735
f 1747/1747/1747 1746/1746/1746 1741/1741/1741
f 1750/1750/1750 1744/1744/1744 1742/1742/1742
f 1740/1740/1740 1748/1748/1748 1747/1747/1747
f 1747/1747/1747 1751/1751/1751 1746/1746/1746
f 1746/1746/1746 1751/1751/1751 1742/1742/1742
f 1749/1749/1749 1750/1750/1750 1752/1752/1752
f 1751/1751/1751 1750/1750/1750 1742/1742/1742
f 1748/1748/1748 1751/1751/1751 1747/1747/1747
f 1748/1748/1748 1752/1752/1752 1751/1751/1751
f 1752/1752/1752 1750/1750/1750 1751/1751/1751
f 1398/1398/1398 1386/1386/1386 1378/1378/1378
f 1558/1558/1558 1570/1570/1570 1595/1595/1595
f 1693/1693/1693 1683/1683/1683 1684/1684/1684
f 1753/1753/1753 1754/1754/1754 1755/1755/1755
f 1753/1753/1753 1756/1756/1756 1754/1754/1754
f 1756/1756/1756 1753/1753/1753 1757/1757/1757
f 1754/1754/1754 1756/1756/1756 1758/1758/1758
f 1757/1757/1757 1759/1759/1759 1756/1756/1756
f 1758/1758/1758 1756/1756/1756 1759/1759/1759
f 1759/1759/1759 1760/1760/1760 1758/1758/1758
f 1759/1759/1759 1761/1761/1761 1760/1760/1760
f 1762/1762/1762 1761/1761/1761 1759/1759/1759
f 1763/1763/1763 1764/1764/1764 1765/1765/1765
f 1764/1764/1764 1763/1763/1763 1766/1766/1766
f 1767/1767/1767 1764/1764/1764 1766/1766/1766
f 1767/1767/1767 1766/1766/1766 1768/1768/1768
f 1767/1767/1767 1768/1768/1768 1769/1769/1769
f 1770/1770/1770 1764/1764/1764 1767/1767/1767
f 1771/1771/1771 1764/1764/1764 1770/1770/1770
f 1769/1769/1769 1770/1770/1770 1767/1767/1767
f 1772/1772/1772 1770/1770/1770 1769/1769/1769
f 1773/1773/1773 1771/1771/1771 1770/1770/1770
f 1771/1771/1771 1773/1773/1773 1774/1774/1774
f 1775/1775/1775 1770/1770/1770 1772/1772/1772
f 1770/1770/1770 1775/1775/1775 1773/1773/1773
f 1774/1774/1774 1773/1773/1773 1776/1776/1776
f 1773/1773/1773 1777/1777/1777 1776/1776/1776
f 1775/1775/1775 1778/1778/1778 1773/1773/1773
f 1779/1779/1779 1774/1774/1774 1776/1776/1776
f 1780/1780/1780 1781/1781/1781 1782/1782/1782
f 1778/1778/1778 1777/1777/1777 1773/1773/1773
f 1783/1783/1783 1778/1778/1778 1775/1775/1775
f 1780/1780/1780 1784/1784/1784 1781/1781/1781
f 1775/1775/1775 1785/1785/1785 1783/1783/1783
f 1777/1777/1777 1786/1786/1786 1776/1776/1776
f 1776/1776/1776 1786/1786/1786 1787/1787/1787
f 1788/1788/1788 1777/1777/1777 1778/1778/1778
f 1789/1789/1789 1782/1782/1782 1781/1781/1781
f 1790/1790/1790 1780/1780/1780 1791/1791/1791
f 1791/1791/1791 1780/1780/1780 1782/1782/1782
f 1776/1776/1776 1787/1787/1787 1779/1779/1779
f 1781/1781/1781 1792/1792/1792 1793/1793/1793
f 1781/1781/1781 1784/1784/1784 1792/1792/1792
f 1788/1788/1788 1778/1778/1778 1783/1783/1783
f 1794/1794/1794 1791/1791/1791 1782/1782/1782
f 1782/1782/1782 1795/1795/1795 1794/1794/1794
f 1796/1796/1796 1777/1777/1777 1788/1788/1788
f 1780/1780/1780 1790/1790/1790 1784/1784/1784
f 1786/1786/1786 1777/1777/1777 1796/1796/1796
f 1779/1779/1779 1787/1787/1787 1797/1797/1797
f 1798/1798/1798 1795/1795/1795 1782/1782/1782
f 1798/1798/1798 1782/1782/1782 1789/1789/1789
f 1799/1799/1799 1790/1790/1790 1791/1791/1791
f 1800/1800/1800 1801/1801/1801 1802/1802/1802
f 1789/1789/1789 1781/1781/1781 1803/1803/1803
f 1802/1802/1802 1801/1801/1801 1804/1804/1804
f 1805/1805/1805 1801/1801/1801 1800/1800/1800
f 1806/1806/1806 1789/1789/1789 1803/1803/1803
f 1807/1807/1807 1805/1805/1805 1800/1800/1800
f 1803/1803/1803 1808/1808/1808 1809/1809/1809
f 1803/1803/1803 1809/1809/1809 1810/1810/1810
f 1801/1801/1801 1810/1810/1810 1809/1809/1809
f 1811/1811/1811 1787/1787/1787 1786/1786/1786
f 1812/1812/1812 1811/1811/1811 1786/1786/1786
f 1789/1789/1789 1806/1806/1806 1813/1813/1813
f 1814/1814/1814 1811/1811/1811 1812/1812/1812
f 1805/1805/1805 1810/1810/1810 1801/1801/1801
f 1803/1803/1803 1815/1815/1815 1806/1806/1806
f 1816/1816/1816 1789/1789/1789 1813/1813/1813
f 1817/1817/1817 1787/1787/1787 1811/1811/1811
f 1813/1813/1813 1806/1806/1806 1815/1815/1815
f 1815/1815/1815 1803/1803/1803 1810/1810/1810
f 1810/1810/1810 1818/1818/1818 1815/1815/1815
f 1810/1810/1810 1805/1805/1805 1818/1818/1818
f 1819/1819/1819 1805/1805/1805 1807/1807/1807
f 1817/1817/1817 1820/1820/1820 1787/1787/1787
f 1818/1818/1818 1805/1805/1805 1821/1821/1821
f 1819/1819/1819 1821/1821/1821 1805/1805/1805
f 1821/1821/1821 1819/1819/1819 1822/1822/1822
f 1815/1815/1815 1818/1818/1818 1823/1823/1823
f 1824/1824/1824 1815/1815/1815 1823/1823/1823
f 1823/1823/1823 1818/1818/1818 1821/1821/1821
f 1823/1823/1823 1821/1821/1821 1825/1825/1825
f 1822/1822/1822 1825/1825/1825 1821/1821/1821
f 1826/1826/1826 1825/1825/1825 1822/1822/1822
f 1827/1827/1827 1828/1828/1828 1829/1829/1829
f 1829/1829/1829 1830/1830/1830 1827/1827/1827
f 1830/1830/1830 1831/1831/1831 1827/1827/1827
f 1827/1827/1827 1831/1831/1831 1832/1832/1832
f 1831/1831/1831 1833/1833/1833 1832/1832/1832
f 1834/1834/1834 1831/1831/1831 1830/1830/1830
f 1833/1833/1833 1831/1831/1831 1835/1835/1835
f 1831/1831/1831 1834/1834/1834 1835/1835/1835
f 1833/1833/1833 1836/1836/1836 1832/1832/1832
f 1833/1833/1833 1837/1837/1837 1836/1836/1836
f 1836/1836/1836 1838/1838/1838 1832/1832/1832
f 1837/1837/1837 1833/1833/1833 1835/1835/1835
f 1836/1836/1836 1837/1837/1837 1839/1839/1839
f 1838/1838/1838 1836/1836/1836 1840/1840/1840
f 1839/1839/1839 1840/1840/1840 1836/1836/1836
f 1841/1841/1841 1842/1842/1842 1834/1834/1834
f 1834/1834/1834 1842/1842/1842 1835/1835/1835
f 1843/1843/1843 1837/1837/1837 1835/1835/1835
f 1840/1840/1840 1844/1844/1844 1838/1838/1838
f 1845/1845/1845 1846/1846/1846 1841/1841/1841
f 1847/1847/1847 1839/1839/1839 1837/1837/1837
f 1842/1842/1842 1843/1843/1843 1835/1835/1835
f 1848/1848/1848 1837/1837/1837 1843/1843/1843
f 1848/1848/1848 1847/1847/1847 1837/1837/1837
f 1844/1844/1844 1840/1840/1840 1849/1849/1849
f 1846/1846/1846 1842/1842/1842 1841/1841/1841
f 1840/1840/1840 1850/1850/1850 1849/1849/1849
f 1850/1850/1850 1840/1840/1840 1839/1839/1839
f 1848/1848/1848 1851/1851/1851 1847/1847/1847
f 1847/1847/1847 1852/1852/1852 1839/1839/1839
f 1842/1842/1842 1853/1853/1853 1843/1843/1843
f 1839/1839/1839 1852/1852/1852 1850/1850/1850
f 1846/1846/1846 1845/1845/1845 1854/1854/1854
f 1843/1843/1843 1853/1853/1853 1848/1848/1848
f 1848/1848/1848 1853/1853/1853 1851/1851/1851
f 1847/1847/1847 1851/1851/1851 1852/1852/1852
f 1846/1846/1846 1855/1855/1855 1842/1842/1842
f 1855/1855/1855 1853/1853/1853 1842/1842/1842
f 1856/1856/1856 1852/1852/1852 1851/1851/1851
f 1846/1846/1846 1854/1854/1854 1855/1855/1855
f 1857/1857/1857 1858/1858/1858 1859/1859/1859
f 1860/1860/1860 1859/1859/1859 1858/1858/1858
f 1859/1859/1859 1860/1860/1860 1861/1861/1861
f 1862/1862/1862 1860/1860/1860 1858/1858/1858
f 1861/1861/1861 1860/1860/1860 1863/1863/1863
f 1860/1860/1860 1862/1862/1862 1863/1863/1863
f 1858/1858/1858 1864/1864/1864 1862/1862/1862
f 1861/1861/1861 1863/1863/1863 1865/1865/1865
f 1863/1863/1863 1862/1862/1862 1866/1866/1866
f 1862/1862/1862 1864/1864/1864 1867/1867/1867
f 1865/1865/1865 1868/1868/1868 1869/1869/1869
f 1870/1870/1870 1867/1867/1867 1871/1871/1871
f 1868/1868/1868 1865/1865/1865 1872/1872/1872
f 1873/1873/1873 1868/1868/1868 1872/1872/1872
f 1862/1862/1862 1867/1867/1867 1866/1866/1866
f 1863/1863/1863 1872/1872/1872 1865/1865/1865
f 1870/1870/1870 1866/1866/1866 1867/1867/1867
f 1874/1874/1874 1871/1871/1871 1875/1875/1875
f 1870/1870/1870 1871/1871/1871 1876/1876/1876
f 1872/1872/1872 1863/1863/1863 1877/1877/1877
f 1866/1866/1866 1878/1878/1878 1863/1863/1863
f 1874/1874/1874 1876/1876/1876 1871/1871/1871
f 1870/1870/1870 1879/1879/1879 1866/1866/1866
f 1880/1880/1880 1873/1873/1873 1872/1872/1872
f 1881/1881/1881 1882/1882/1882 1880/1880/1880
f 1882/1882/1882 1873/1873/1873 1880/1880/1880
f 1883/1883/1883 1884/1884/1884 1885/1885/1885
f 1886/1886/1886 1887/1887/1887 1888/1888/1888
f 1886/1886/1886 1889/1889/1889 1887/1887/1887
f 1883/1883/1883 1890/1890/1890 1884/1884/1884
f 1891/1891/1891 1890/1890/1890 1883/1883/1883
f 1884/1884/1884 1892/1892/1892 1885/1885/1885
f 1892/1892/1892 1884/1884/1884 1876/1876/1876
f 1878/1878/1878 1866/1866/1866 1879/1879/1879
f 1884/1884/1884 1893/1893/1893 1876/1876/1876
f 1863/1863/1863 1878/1878/1878 1877/1877/1877
f 1884/1884/1884 1894/1894/1894 1893/1893/1893
f 1884/1884/1884 1890/1890/1890 1894/1894/1894
f 1880/1880/1880 1872/1872/1872 1895/1895/1895
f 1896/1896/1896 1890/1890/1890 1891/1891/1891
f 1897/1897/1897 1879/1879/1879 1870/1870/1870
f 1876/1876/1876 1893/1893/1893 1898/1898/1898
f 1898/1898/1898 1870/1870/1870 1876/1876/1876
f 1894/1894/1894 1898/1898/1898 1893/1893/1893
f 1894/1894/1894 1890/1890/1890 1896/1896/1896
f 1872/1872/1872 1877/1877/1877 1895/1895/1895
f 1897/1897/1897 1870/1870/1870 1898/1898/1898
f 1898/1898/1898 1894/1894/1894 1899/1899/1899
f 1878/1878/1878 1879/1879/1879 1900/1900/1900
f 1897/1897/1897 1898/1898/1898 1899/1899/1899
f 1879/1879/1879 1897/1897/1897 1900/1900/1900
f 1877/1877/1877 1878/1878/1878 1901/1901/1901
f 1877/1877/1877 1902/1902/1902 1895/1895/1895
f 1902/1902/1902 1877/1877/1877 1901/1901/1901
f 1878/1878/1878 1900/1900/1900 1901/1901/1901
f 1897/1897/1897 1899/1899/1899 1903/1903/1903
f 1900/1900/1900 1897/1897/1897 1903/1903/1903
f 1902/1902/1902 1901/1901/1901 1904/1904/1904
f 1900/1900/1900 1903/1903/1903 1905/1905/1905
f 1901/1901/1901 1900/1900/1900 1906/1906/1906
f 1901/1901/1901 1906/1906/1906 1904/1904/1904
f 1904/1904/1904 1906/1906/1906 1907/1907/1907
f 1900/1900/1900 1908/1908/1908 1906/1906/1906
f 1908/1908/1908 1900/1900/1900 1905/1905/1905
f 1907/1907/1907 1906/1906/1906 1908/1908/1908
f 1909/1909/1909 1907/1907/1907 1908/1908/1908
f 1910/1910/1910 1909/1909/1909 1908/1908/1908
f 1896/1896/1896 1899/1899/1899 1894/1894/1894
f 1911/1911/1911 1912/1912/1912 1913/1913/1913
f 1914/1914/1914 1915/1915/1915 1916/1916/1916
f 1915/1915/1915 1917/1917/1917 1916/1916/1916
f 1914/1914/1914 1916/1916/1916 1918/1918/1918
f 1915/1915/1915 1919/1919/1919 1917/1917/1917
f 1918/1918/1918 1916/1916/1916 1920/1920/1920
f 1916/1916/1916 1921/1921/1921 1920/1920/1920
f 1922/1922/1922 1914/1914/1914 1918/1918/1918
f 1923/1923/1923 1918/1918/1918 1920/1920/1920
f 1923/1923/1923 1922/1922/1922 1918/1918/1918
f 1923/1923/1923 1924/1924/1924 1922/1922/1922
f 1922/1922/1922 1925/1925/1925 1926/1926/1926
f 1922/1922/1922 1924/1924/1924 1925/1925/1925
f 1927/1927/1927 1928/1928/1928 1929/1929/1929
f 1930/1930/1930 1931/1931/1931 1932/1932/1932
f 1930/1930/1930 1933/1933/1933 1931/1931/1931
f 1930/1930/1930 1934/1934/1934 1935/1935/1935
f 1935/1935/1935 1936/1936/1936 1930/1930/1930
f 1930/1930/1930 1936/1936/1936 1933/1933/1933
f 1937/1937/1937 1938/1938/1938 1939/1939/1939
f 1940/1940/1940 1941/1941/1941 1933/1933/1933
f 1942/1942/1942 1935/1935/1935 1934/1934/1934
f 1943/1943/1943 1935/1935/1935 1942/1942/1942
f 1943/1943/1943 1937/1937/1937 1939/1939/1939
f 1939/1939/1939 1944/1944/1944 1935/1935/1935
f 1945/1945/1945 1938/1938/1938 1946/1946/1946
f 1943/1943/1943 1939/1939/1939 1935/1935/1935
f 1935/1935/1935 1944/1944/1944 1936/1936/1936
f 1940/1940/1940 1947/1947/1947 1941/1941/1941
f 1938/1938/1938 1945/1945/1945 1939/1939/1939
f 1945/1945/1945 1944/1944/1944 1939/1939/1939
f 1933/1933/1933 1936/1936/1936 1948/1948/1948
f 1946/1946/1946 1949/1949/1949 1945/1945/1945
f 1940/1940/1940 1933/1933/1933 1948/1948/1948
f 1946/1946/1946 1950/1950/1950 1949/1949/1949
f 1945/1945/1945 1951/1951/1951 1944/1944/1944
f 1946/1946/1946 1952/1952/1952 1950/1950/1950
f 1944/1944/1944 1951/1951/1951 1953/1953/1953
f 1950/1950/1950 1952/1952/1952 1954/1954/1954
f 1936/1936/1936 1944/1944/1944 1953/1953/1953
f 1949/1949/1949 1950/1950/1950 1955/1955/1955
f 1940/1940/1940 1948/1948/1948 1956/1956/1956
f 1954/1954/1954 1957/1957/1957 1950/1950/1950
f 1957/1957/1957 1955/1955/1955 1950/1950/1950
f 1958/1958/1958 1945/1945/1945 1949/1949/1949
f 1945/1945/1945 1958/1958/1958 1951/1951/1951
f 1936/1936/1936 1953/1953/1953 1959/1959/1959
f 1960/1960/1960 1948/1948/1948 1936/1936/1936
f 1961/1961/1961 1962/1962/1962 1963/1963/1963
f 1962/1962/1962 1961/1961/1961 1964/1964/1964
f 1956/1956/1956 1962/1962/1962 1965/1965/1965
f 1957/1957/1957 1954/1954/1954 1966/1966/1966
f 1967/1967/1967 1955/1955/1955 1957/1957/1957
f 1958/1958/1958 1949/1949/1949 1955/1955/1955
f 1966/1966/1966 1967/1967/1967 1957/1957/1957
f 1968/1968/1968 1948/1948/1948 1960/1960/1960
f 1948/1948/1948 1968/1968/1968 1956/1956/1956
f 1956/1956/1956 1968/1968/1968 1962/1962/1962
f 1960/1960/1960 1936/1936/1936 1959/1959/1959
f 1963/1963/1963 1962/1962/1962 1968/1968/1968
f 1969/1969/1969 1960/1960/1960 1959/1959/1959
f 1968/1968/1968 1960/1960/1960 1969/1969/1969
f 1970/1970/1970 1963/1963/1963 1968/1968/1968
f 1970/1970/1970 1968/1968/1968 1969/1969/1969
f 1971/1971/1971 1972/1972/1972 1973/1973/1973
f 1971/1971/1971 1973/1973/1973 1974/1974/1974
f 1975/1975/1975 1974/1974/1974 1973/1973/1973
f 1976/1976/1976 1974/1974/1974 1975/1975/1975
f 1973/1973/1973 1977/1977/1977 1975/1975/1975
f 1978/1978/1978 1976/1976/1976 1975/1975/1975
f 1978/1978/1978 1975/1975/1975 1977/1977/1977
f 1978/1978/1978 1979/1979/1979 1976/1976/1976
f 1980/1980/1980 1981/1981/1981 1982/1982/1982
f 1983/1983/1983 1984/1984/1984 1985/1985/1985
f 1986/1986/1986 1981/1981/1981 1987/1987/1987
f 1987/1987/1987 1981/1981/1981 1980/1980/1980
f 1988/1988/1988 1983/1983/1983 1985/1985/1985
f 1989/1989/1989 1985/1985/1985 1984/1984/1984
f 1983/1983/1983 1990/1990/1990 1984/1984/1984
f 1991/1991/1991 1980/1980/1980 1982/1982/1982
f 1992/1992/1992 1982/1982/1982 1993/1993/1993
f 1983/1983/1983 1994/1994/1994 1990/1990/1990
f 1991/1991/1991 1987/1987/1987 1980/1980/1980
f 1988/1988/1988 1994/1994/1994 1983/1983/1983
f 1992/1992/1992 1991/1991/1991 1982/1982/1982
f 1995/1995/1995 1996/1996/1996 1994/1994/1994
f 1994/1994/1994 1987/1987/1987 1990/1990/1990
f 1994/1994/1994 1996/1996/1996 1997/1997/1997
f 1998/1998/1998 1986/1986/1986 1987/1987/1987
f 1988/1988/1988 1995/1995/1995 1994/1994/1994
f 1990/1990/1990 1987/1987/1987 1991/1991/1991
f 1984/1984/1984 1990/1990/1990 1991/1991/1991
f 1999/1999/1999 1984/1984/1984 1991/1991/1991
f 1994/1994/1994 1997/1997/1997 1998/1998/1998
f 1994/1994/1994 1998/1998/1998 1987/1987/1987
f 1995/1995/1995 1988/1988/1988 2000/2000/2000
f 2000/2000/2000 1988/1988/1988 1985/1985/1985
f 1991/1991/1991 1992/1992/1992 1999/1999/1999
f 1999/1999/1999 1992/1992/1992 2001/2001/2001
f 1992/1992/1992 1993/1993/1993 2001/2001/2001
f 2002/2002/2002 2003/2003/2003 2004/2004/2004
f 2004/2004/2004 2003/2003/2003 2005/2005/2005
f 1999/1999/1999 1989/1989/1989 1984/1984/1984
f 2002/2002/2002 2006/2006/2006 2003/2003/2003
f 1989/1989/1989 2000/2000/2000 1985/1985/1985
f 2001/2001/2001 1993/1993/1993 2002/2002/2002
f 2007/2007/2007 2004/2004/2004 2005/2005/2005
f 2008/2008/2008 2003/2003/2003 2006/2006/2006
f 1996/1996/1996 2009/2009/2009 1997/1997/1997
f 1989/1989/1989 2010/2010/2010 2000/2000/2000
f 2009/2009/2009 1996/1996/1996 2011/2011/2011
f 2012/2012/2012 1996/1996/1996 1995/1995/1995
f 2013/2013/2013 2011/2011/2011 1996/1996/1996
f 2010/2010/2010 1995/1995/1995 2000/2000/2000
f 2012/2012/2012 1995/1995/1995 2010/2010/2010
f 2001/2001/2001 2002/2002/2002 2004/2004/2004
f 2014/2014/2014 2012/2012/2012 2010/2010/2010
f 2015/2015/2015 2014/2014/2014 2010/2010/2010
f 2016/2016/2016 2012/2012/2012 2014/2014/2014
f 2015/2015/2015 2010/2010/2010 2017/2017/2017
f 2016/2016/2016 2014/2014/2014 2015/2015/2015
f 2018/2018/2018 2019/2019/2019 2020/2020/2020
f 2021/2021/2021 2019/2019/2019 2018/2018/2018
f 2022/2022/2022 2019/2019/2019 2021/2021/2021
f 2023/2023/2023 2022/2022/2022 2021/2021/2021
f 2024/2024/2024 2018/2018/2018 2020/2020/2020
f 2025/2025/2025 2018/2018/2018 2024/2024/2024
f 2021/2021/2021 2018/2018/2018 2025/2025/2025
f 2021/2021/2021 2026/2026/2026 2023/2023/2023
f 2027/2027/2027 2023/2023/2023 2026/2026/2026
f 2028/2028/2028 2029/2029/2029 2025/2025/2025
f 2030/2030/2030 2027/2027/2027 2026/2026/2026
f 2031/2031/2031 2029/2029/2029 2028/2028/2028
f 2021/2021/2021 2025/2025/2025 2032/2032/2032
f 2033/2033/2033 2029/2029/2029 2031/2031/2031
f 2029/2029/2029 2032/2032/2032 2025/2025/2025
f 2034/2034/2034 2030/2030/2030 2026/2026/2026
f 2035/2035/2035 2030/2030/2030 2034/2034/2034
f 2026/2026/2026 2021/2021/2021 2036/2036/2036
f 2034/2034/2034 2026/2026/2026 2036/2036/2036
f 2032/2032/2032 2036/2036/2036 2021/2021/2021
f 2035/2035/2035 2034/2034/2034 2037/2037/2037
f 2038/2038/2038 2032/2032/2032 2029/2029/2029
f 2039/2039/2039 2036/2036/2036 2032/2032/2032
f 2037/2037/2037 2034/2034/2034 2036/2036/2036
f 2036/2036/2036 2039/2039/2039 2040/2040/2040
f 2032/2032/2032 2038/2038/2038 2039/2039/2039
f 2040/2040/2040 2037/2037/2037 2036/2036/2036
f 2041/2041/2041 2042/2042/2042 2043/2043/2043
f 2041/2041/2041 2044/2044/2044 2042/2042/2042
f 2044/2044/2044 2045/2045/2045 2042/2042/2042
f 2046/2046/2046 2047/2047/2047 2048/2048/2048
f 2047/2047/2047 2049/2049/2049 2048/2048/2048
f 2050/2050/2050 2046/2046/2046 2048/2048/2048
f 2046/2046/2046 2050/2050/2050 2051/2051/2051
f 2052/2052/2052 2049/2049/2049 2053/2053/2053
f 2054/2054/2054 2048/2048/2048 2049/2049/2049
f 2052/2052/2052 2053/2053/2053 2055/2055/2055
f 2054/2054/2054 2049/2049/2049 2052/2052/2052
f 2052/2052/2052 2056/2056/2056 2054/2054/2054
f 2057/2057/2057 2050/2050/2050 2048/2048/2048
f 2058/2058/2058 2050/2050/2050 2057/2057/2057
f 2052/2052/2052 2059/2059/2059 2056/2056/2056
f 2058/2058/2058 2057/2057/2057 2060/2060/2060
f 2054/2054/2054 2056/2056/2056 2061/2061/2061
f 2061/2061/2061 2048/2048/2048 2054/2054/2054
f 2062/2062/2062 2058/2058/2058 2060/2060/2060
f 2061/2061/2061 2057/2057/2057 2048/2048/2048
f 2057/2057/2057 2061/2061/2061 2060/2060/2060
f 2063/2063/2063 2056/2056/2056 2059/2059/2059
f 2064/2064/2064 2065/2065/2065 2066/2066/2066
f 2064/2064/2064 2066/2066/2066 2067/2067/2067
f 2068/2068/2068 2065/2065/2065 2069/2069/2069
f 2065/2065/2065 2070/2070/2070 2066/2066/2066
f 2068/2068/2068 2069/2069/2069 2071/2071/2071
f 2065/2065/2065 2068/2068/2068 2070/2070/2070
f 2071/2071/2071 2072/2072/2072 2073/2073/2073
f 2073/2073/2073 2068/2068/2068 2071/2071/2071
f 2074/2074/2074 2068/2068/2068 2073/2073/2073
f 2066/2066/2066 2075/2075/2075 2067/2067/2067
f 2074/2074/2074 2073/2073/2073 2076/2076/2076
f 2074/2074/2074 2070/2070/2070 2068/2068/2068
f 2074/2074/2074 2077/2077/2077 2070/2070/2070
f 2077/2077/2077 2078/2078/2078 2070/2070/2070
f 2079/2079/2079 2074/2074/2074 2076/2076/2076
f 2078/2078/2078 2066/2066/2066 2070/2070/2070
f 2080/2080/2080 2075/2075/2075 2066/2066/2066
f 2080/2080/2080 2081/2081/2081 2075/2075/2075
f 2082/2082/2082 2066/2066/2066 2078/2078/2078
f 2080/2080/2080 2066/2066/2066 2082/2082/2082
f 2083/2083/2083 2081/2081/2081 2084/2084/2084
f 2085/2085/2085 2082/2082/2082 2078/2078/2078
f 2082/2082/2082 2085/2085/2085 2086/2086/2086
f 2087/2087/2087 2086/2086/2086 2085/2085/2085
f 2082/2082/2082 2086/2086/2086 2080/2080/2080
f 2088/2088/2088 2081/2081/2081 2080/2080/2080
f 2081/2081/2081 2088/2088/2088 2084/2084/2084
f 2089/2089/2089 2080/2080/2080 2086/2086/2086
f 2080/2080/2080 2089/2089/2089 2088/2088/2088
f 2090/2090/2090 2083/2083/2083 2084/2084/2084
f 2076/2076/2076 2091/2091/2091 2079/2079/2079
f 2092/2092/2092 2090/2090/2090 2084/2084/2084
f 2093/2093/2093 2092/2092/2092 2084/2084/2084
f 2093/2093/2093 2084/2084/2084 2088/2088/2088
f 2094/2094/2094 2093/2093/2093 2088/2088/2088
f 2095/2095/2095 2093/2093/2093 2094/2094/2094
f 2088/2088/2088 2096/2096/2096 2094/2094/2094
f 2097/2097/2097 2096/2096/2096 2088/2088/2088
f 2098/2098/2098 2099/2099/2099 2100/2100/2100
f 2101/2101/2101 2102/2102/2102 2103/2103/2103
f 2098/2098/2098 2100/2100/2100 2102/2102/2102
f 2104/2104/2104 2102/2102/2102 2101/2101/2101
f 2105/2105/2105 2106/2106/2106 2107/2107/2107
f 2108/2108/2108 2104/2104/2104 2101/2101/2101
f 2109/2109/2109 2104/2104/2104 2108/2108/2108
f 2104/2104/2104 2110/2110/2110 2102/2102/2102
f 2111/2111/2111 2106/2106/2106 2105/2105/2105
f 2110/2110/2110 2098/2098/2098 2102/2102/2102
f 2112/2112/2112 2113/2113/2113 2114/2114/2114
f 2115/2115/2115 2110/2110/2110 2104/2104/2104
f 2115/2115/2115 2104/2104/2104 2109/2109/2109
f 2116/2116/2116 2117/2117/2117 2109/2109/2109
f 2117/2117/2117 2105/2105/2105 2098/2098/2098
f 2115/2115/2115 2117/2117/2117 2110/2110/2110
f 2117/2117/2117 2112/2112/2112 2111/2111/2111
f 2105/2105/2105 2117/2117/2117 2111/2111/2111
f 2112/2112/2112 2118/2118/2118 2111/2111/2111
f 2115/2115/2115 2109/2109/2109 2117/2117/2117
f 2112/2112/2112 2114/2114/2114 2118/2118/2118
f 2116/2116/2116 2112/2112/2112 2117/2117/2117
f 2111/2111/2111 2118/2118/2118 2106/2106/2106
f 2117/2117/2117 2098/2098/2098 2110/2110/2110
f 2112/2112/2112 2116/2116/2116 2119/2119/2119
f 2120/2120/2120 2121/2121/2121 2122/2122/2122
f 2123/2123/2123 2120/2120/2120 2122/2122/2122
f 2124/2124/2124 2123/2123/2123 2122/2122/2122
f 2125/2125/2125 2123/2123/2123 2124/2124/2124
f 2123/2123/2123 2125/2125/2125 2126/2126/2126
f 2125/2125/2125 2127/2127/2127 2126/2126/2126
f 2127/2127/2127 2125/2125/2125 2128/2128/2128
f 2129/2129/2129 2126/2126/2126 2127/2127/2127
f 2127/2127/2127 2130/2130/2130 2129/2129/2129
f 2129/2129/2129 2130/2130/2130 2131/2131/2131
f 2130/2130/2130 2127/2127/2127 2128/2128/2128
f 2130/2130/2130 2128/2128/2128 2132/2132/2132
f 2131/2131/2131 2130/2130/2130 2133/2133/2133
f 2133/2133/2133 2130/2130/2130 2132/2132/2132
f 2133/2133/2133 2134/2134/2134 2131/2131/2131
f 2135/2135/2135 2136/2136/2136 2137/2137/2137
f 2135/2135/2135 2138/2138/2138 2136/2136/2136
f 2139/2139/2139 2136/2136/2136 2138/2138/2138
f 2140/2140/2140 2139/2139/2139 2141/2141/2141
f 2141/2141/2141 2139/2139/2139 2138/2138/2138
f 2142/2142/2142 2143/2143/2143 2144/2144/2144
f 2145/2145/2145 2144/2144/2144 2140/2140/2140
f 2145/2145/2145 2140/2140/2140 2141/2141/2141
f 2144/2144/2144 2146/2146/2146 2142/2142/2142
f 2135/2135/2135 2147/2147/2147 2138/2138/2138
f 2146/2146/2146 2144/2144/2144 2145/2145/2145
f 2142/2142/2142 2148/2148/2148 2149/2149/2149
f 2148/2148/2148 2142/2142/2142 2146/2146/2146
f 2150/2150/2150 2138/2138/2138 2147/2147/2147
f 2146/2146/2146 2145/2145/2145 2151/2151/2151
f 2148/2148/2148 2146/2146/2146 2152/2152/2152
f 2141/2141/2141 2151/2151/2151 2145/2145/2145
f 2148/2148/2148 2152/2152/2152 2153/2153/2153
f 2138/2138/2138 2150/2150/2150 2141/2141/2141
f 2152/2152/2152 2146/2146/2146 2151/2151/2151
f 2153/2153/2153 2152/2152/2152 2154/2154/2154
f 2141/2141/2141 2150/2150/2150 2155/2155/2155
f 2152/2152/2152 2156/2156/2156 2154/2154/2154
f 2141/2141/2141 2155/2155/2155 2151/2151/2151
f 2152/2152/2152 2151/2151/2151 2156/2156/2156
f 2157/2157/2157 2154/2154/2154 2156/2156/2156
f 2156/2156/2156 2151/2151/2151 2155/2155/2155
f 2155/2155/2155 2158/2158/2158 2156/2156/2156
f 2159/2159/2159 2157/2157/2157 2156/2156/2156
f 2158/2158/2158 2159/2159/2159 2156/2156/2156
f 2160/2160/2160 2159/2159/2159 2158/2158/2158
f 2161/2161/2161 2162/2162/2162 2163/2163/2163
f 2163/2163/2163 2162/2162/2162 2164/2164/2164
f 2163/2163/2163 2164/2164/2164 2165/2165/2165
f 2166/2166/2166 2163/2163/2163 2165/2165/2165
f 2167/2167/2167 2168/2168/2168 2165/2165/2165
f 2166/2166/2166 2165/2165/2165 2168/2168/2168
f 2169/2169/2169 2170/2170/2170 2171/2171/2171
f 2172/2172/2172 2173/2173/2173 2174/2174/2174
f 2175/2175/2175 2176/2176/2176 2172/2172/2172
f 2176/2176/2176 2177/2177/2177 2172/2172/2172
f 2177/2177/2177 2173/2173/2173 2172/2172/2172
f 2176/2176/2176 2175/2175/2175 2178/2178/2178
f 2179/2179/2179 2180/2180/2180 2173/2173/2173
f 2181/2181/2181 2177/2177/2177 2176/2176/2176
f 2182/2182/2182 2179/2179/2179 2173/2173/2173
f 2173/2173/2173 2177/2177/2177 2182/2182/2182
f 2176/2176/2176 2178/2178/2178 2183/2183/2183
f 2184/2184/2184 2176/2176/2176 2183/2183/2183
f 2185/2185/2185 2182/2182/2182 2177/2177/2177
f 2181/2181/2181 2176/2176/2176 2184/2184/2184
f 2177/2177/2177 2181/2181/2181 2186/2186/2186
f 2187/2187/2187 2183/2183/2183 2178/2178/2178
f 2188/2188/2188 2187/2187/2187 2189/2189/2189
f 2185/2185/2185 2177/2177/2177 2190/2190/2190
f 2177/2177/2177 2186/2186/2186 2190/2190/2190
f 2183/2183/2183 2191/2191/2191 2184/2184/2184
f 2192/2192/2192 2181/2181/2181 2184/2184/2184
f 2186/2186/2186 2181/2181/2181 2192/2192/2192
f 2187/2187/2187 2191/2191/2191 2183/2183/2183
f 2193/2193/2193 2189/2189/2189 2194/2194/2194
f 2188/2188/2188 2189/2189/2189 2193/2193/2193
f 2187/2187/2187 2188/2188/2188 2191/2191/2191
f 2194/2194/2194 2195/2195/2195 2196/2196/2196
f 2184/2184/2184 2197/2197/2197 2192/2192/2192
f 2193/2193/2193 2198/2198/2198 2188/2188/2188
f 2184/2184/2184 2191/2191/2191 2197/2197/2197
f 2193/2193/2193 2194/2194/2194 2199/2199/2199
f 2193/2193/2193 2199/2199/2199 2198/2198/2198
f 2199/2199/2199 2194/2194/2194 2196/2196/2196
f 2188/2188/2188 2197/2197/2197 2191/2191/2191
f 2190/2190/2190 2186/2186/2186 2200/2200/2200
f 2201/2201/2201 2198/2198/2198 2199/2199/2199
f 2202/2202/2202 2199/2199/2199 2196/2196/2196
f 2202/2202/2202 2196/2196/2196 2203/2203/2203
f 2198/2198/2198 2197/2197/2197 2188/2188/2188
f 2202/2202/2202 2203/2203/2203 2204/2204/2204
f 2192/2192/2192 2200/2200/2200 2186/2186/2186
f 2204/2204/2204 2203/2203/2203 2205/2205/2205
f 2206/2206/2206 2192/2192/2192 2197/2197/2197
f 2192/2192/2192 2206/2206/2206 2207/2207/2207
f 2198/2198/2198 2201/2201/2201 2208/2208/2208
f 2200/2200/2200 2192/2192/2192 2207/2207/2207
f 2204/2204/2204 2209/2209/2209 2202/2202/2202
f 2202/2202/2202 2210/2210/2210 2199/2199/2199
f 2208/2208/2208 2197/2197/2197 2198/2198/2198
f 2204/2204/2204 2205/2205/2205 2211/2211/2211
f 2210/2210/2210 2202/2202/2202 2209/2209/2209
f 2211/2211/2211 2205/2205/2205 2212/2212/2212
f 2201/2201/2201 2199/2199/2199 2213/2213/2213
f 2213/2213/2213 2199/2199/2199 2210/2210/2210
f 2211/2211/2211 2212/2212/2212 2214/2214/2214
f 2215/2215/2215 2200/2200/2200 2207/2207/2207
f 2204/2204/2204 2216/2216/2216 2209/2209/2209
f 2217/2217/2217 2208/2208/2208 2201/2201/2201
f 2204/2204/2204 2211/2211/2211 2216/2216/2216
f 2218/2218/2218 2200/2200/2200 2215/2215/2215
f 2216/2216/2216 2210/2210/2210 2209/2209/2209
f 2207/2207/2207 2206/2206/2206 2219/2219/2219
f 2206/2206/2206 2197/2197/2197 2220/2220/2220
f 2206/2206/2206 2220/2220/2220 2221/2221/2221
f 2213/2213/2213 2217/2217/2217 2201/2201/2201
f 2222/2222/2222 2215/2215/2215 2223/2223/2223
f 2217/2217/2217 2224/2224/2224 2208/2208/2208
f 2221/2221/2221 2219/2219/2219 2206/2206/2206
f 2197/2197/2197 2208/2208/2208 2220/2220/2220
f 2225/2225/2225 2222/2222/2222 2223/2223/2223
f 2225/2225/2225 2223/2223/2223 2226/2226/2226
f 2223/2223/2223 2215/2215/2215 2207/2207/2207
f 2227/2227/2227 2207/2207/2207 2219/2219/2219
f 2225/2225/2225 2226/2226/2226 2228/2228/2228
f 2229/2229/2229 2230/2230/2230 2219/2219/2219
f 2217/2217/2217 2213/2213/2213 2231/2231/2231
f 2232/2232/2232 2213/2213/2213 2210/2210/2210
f 2223/2223/2223 2207/2207/2207 2233/2233/2233
f 2230/2230/2230 2227/2227/2227 2219/2219/2219
f 2234/2234/2234 2226/2226/2226 2223/2223/2223
f 2213/2213/2213 2232/2232/2232 2231/2231/2231
f 2210/2210/2210 2216/2216/2216 2232/2232/2232
f 2207/2207/2207 2227/2227/2227 2233/2233/2233
f 2235/2235/2235 2216/2216/2216 2211/2211/2211
f 2234/2234/2234 2223/2223/2223 2233/2233/2233
f 2235/2235/2235 2211/2211/2211 2214/2214/2214
f 2229/2229/2229 2219/2219/2219 2221/2221/2221
f 2220/2220/2220 2236/2236/2236 2221/2221/2221
f 2237/2237/2237 2238/2238/2238 2214/2214/2214
f 2239/2239/2239 2228/2228/2228 2240/2240/2240
f 2231/2231/2231 2241/2241/2241 2217/2217/2217
f 2235/2235/2235 2214/2214/2214 2242/2242/2242
f 2214/2214/2214 2238/2238/2238 2242/2242/2242
f 2240/2240/2240 2228/2228/2228 2226/2226/2226
f 2232/2232/2232 2243/2243/2243 2231/2231/2231
f 2244/2244/2244 2208/2208/2208 2224/2224/2224
f 2245/2245/2245 2243/2243/2243 2232/2232/2232
f 2246/2246/2246 2224/2224/2224 2217/2217/2217
f 2244/2244/2244 2220/2220/2220 2208/2208/2208
f 2234/2234/2234 2233/2233/2233 2247/2247/2247
f 2247/2247/2247 2233/2233/2233 2227/2227/2227
f 2227/2227/2227 2230/2230/2230 2248/2248/2248
f 2236/2236/2236 2229/2229/2229 2221/2221/2221
f 2236/2236/2236 2220/2220/2220 2244/2244/2244
f 2246/2246/2246 2217/2217/2217 2241/2241/2241
f 2249/2249/2249 2240/2240/2240 2226/2226/2226
f 2244/2244/2244 2224/2224/2224 2250/2250/2250
f 2237/2237/2237 2251/2251/2251 2238/2238/2238
f 2249/2249/2249 2226/2226/2226 2234/2234/2234
f 2229/2229/2229 2248/2248/2248 2230/2230/2230
f 2252/2252/2252 2241/2241/2241 2231/2231/2231
f 2231/2231/2231 2243/2243/2243 2252/2252/2252
f 2235/2235/2235 2232/2232/2232 2216/2216/2216
f 2245/2245/2245 2232/2232/2232 2235/2235/2235
f 2242/2242/2242 2238/2238/2238 2253/2253/2253
f 2254/2254/2254 2249/2249/2249 2234/2234/2234
f 2255/2255/2255 2229/2229/2229 2236/2236/2236
f 2238/2238/2238 2251/2251/2251 2253/2253/2253
f 2251/2251/2251 2237/2237/2237 2256/2256/2256
f 2257/2257/2257 2247/2247/2247 2227/2227/2227
f 2246/2246/2246 2241/2241/2241 2258/2258/2258
f 2224/2224/2224 2246/2246/2246 2250/2250/2250
f 2258/2258/2258 2241/2241/2241 2252/2252/2252
f 2259/2259/2259 2235/2235/2235 2242/2242/2242
f 2253/2253/2253 2259/2259/2259 2242/2242/2242
f 2254/2254/2254 2234/2234/2234 2247/2247/2247
f 2248/2248/2248 2229/2229/2229 2255/2255/2255
f 2255/2255/2255 2236/2236/2236 2244/2244/2244
f 2245/2245/2245 2252/2252/2252 2243/2243/2243
f 2260/2260/2260 2249/2249/2249 2254/2254/2254
f 2251/2251/2251 2256/2256/2256 2261/2261/2261
f 2262/2262/2262 2245/2245/2245 2235/2235/2235
f 2253/2253/2253 2251/2251/2251 2263/2263/2263
f 2251/2251/2251 2261/2261/2261 2263/2263/2263
f 2250/2250/2250 2264/2264/2264 2244/2244/2244
f 2244/2244/2244 2265/2265/2265 2255/2255/2255
f 2266/2266/2266 2258/2258/2258 2252/2252/2252
f 2262/2262/2262 2267/2267/2267 2245/2245/2245
f 2250/2250/2250 2246/2246/2246 2268/2268/2268
f 2246/2246/2246 2258/2258/2258 2266/2266/2266
f 2265/2265/2265 2244/2244/2244 2264/2264/2264
f 2252/2252/2252 2245/2245/2245 2267/2267/2267
f 2264/2264/2264 2250/2250/2250 2268/2268/2268
f 2262/2262/2262 2235/2235/2235 2259/2259/2259
f 2268/2268/2268 2246/2246/2246 2266/2266/2266
f 2262/2262/2262 2259/2259/2259 2269/2269/2269
f 2270/2270/2270 2261/2261/2261 2271/2271/2271
f 2263/2263/2263 2261/2261/2261 2270/2270/2270
f 2269/2269/2269 2272/2272/2272 2262/2262/2262
f 2264/2264/2264 2268/2268/2268 2273/2273/2273
f 2274/2274/2274 2266/2266/2266 2252/2252/2252
f 2252/2252/2252 2267/2267/2267 2274/2274/2274
f 2268/2268/2268 2266/2266/2266 2275/2275/2275
f 2262/2262/2262 2272/2272/2272 2276/2276/2276
f 2277/2277/2277 2267/2267/2267 2262/2262/2262
f 2264/2264/2264 2278/2278/2278 2265/2265/2265
f 2265/2265/2265 2278/2278/2278 2279/2279/2279
f 2273/2273/2273 2268/2268/2268 2275/2275/2275
f 2278/2278/2278 2264/2264/2264 2273/2273/2273
f 2277/2277/2277 2262/2262/2262 2276/2276/2276
f 2273/2273/2273 2280/2280/2280 2278/2278/2278
f 2281/2281/2281 2282/2282/2282 2283/2283/2283
f 2284/2284/2284 2282/2282/2282 2285/2285/2285
f 2282/2282/2282 2284/2284/2284 2283/2283/2283
f 2281/2281/2281 2283/2283/2283 2286/2286/2286
f 2287/2287/2287 2284/2284/2284 2285/2285/2285
f 2288/2288/2288 2286/2286/2286 2283/2283/2283
f 2289/2289/2289 2286/2286/2286 2288/2288/2288
f 2284/2284/2284 2288/2288/2288 2283/2283/2283
f 2290/2290/2290 2288/2288/2288 2284/2284/2284
f 2291/2291/2291 2288/2288/2288 2290/2290/2290
f 2292/2292/2292 2288/2288/2288 2291/2291/2291
f 2289/2289/2289 2288/2288/2288 2292/2292/2292
f 2291/2291/2291 2290/2290/2290 2293/2293/2293
f 2292/2292/2292 2291/2291/2291 2294/2294/2294
f 2291/2291/2291 2295/2295/2295 2294/2294/2294
f 2291/2291/2291 2293/2293/2293 2295/2295/2295
f 2296/2296/2296 2295/2295/2295 2293/2293/2293
f 2296/2296/2296 2297/2297/2297 2295/2295/2295
f 2296/2296/2296 2298/2298/2298 2299/2299/2299
f 2297/2297/2297 2296/2296/2296 2300/2300/2300
f 2300/2300/2300 2296/2296/2296 2299/2299/2299
f 2294/2294/2294 2295/2295/2295 2301/2301/2301
f 2300/2300/2300 2299/2299/2299 2302/2302/2302
f 2303/2303/2303 2300/2300/2300 2302/2302/2302
f 2295/2295/2295 2304/2304/2304 2301/2301/2301
f 2297/2297/2297 2300/2300/2300 2305/2305/2305
f 2295/2295/2295 2297/2297/2297 2304/2304/2304
f 2305/2305/2305 2304/2304/2304 2297/2297/2297
f 2306/2306/2306 2301/2301/2301 2304/2304/2304
f 2304/2304/2304 2307/2307/2307 2306/2306/2306
f 2307/2307/2307 2304/2304/2304 2305/2305/2305
f 2305/2305/2305 2300/2300/2300 2308/2308/2308
f 2309/2309/2309 2307/2307/2307 2305/2305/2305
f 2308/2308/2308 2300/2300/2300 2310/2310/2310
f 2300/2300/2300 2303/2303/2303 2310/2310/2310
f 2302/2302/2302 2311/2311/2311 2303/2303/2303
f 2308/2308/2308 2312/2312/2312 2305/2305/2305
f 2308/2308/2308 2310/2310/2310 2313/2313/2313
f 2312/2312/2312 2308/2308/2308 2313/2313/2313
f 2307/2307/2307 2309/2309/2309 2314/2314/2314
f 2314/2314/2314 2306/2306/2306 2307/2307/2307
f 2312/2312/2312 2309/2309/2309 2305/2305/2305
f 2314/2314/2314 2315/2315/2315 2306/2306/2306
f 2316/2316/2316 2312/2312/2312 2313/2313/2313
f 2316/2316/2316 2317/2317/2317 2312/2312/2312
f 2316/2316/2316 2313/2313/2313 2318/2318/2318
f 2313/2313/2313 2310/2310/2310 2318/2318/2318
f 2319/2319/2319 2320/2320/2320 2321/2321/2321
f 2322/2322/2322 2321/2321/2321 2320/2320/2320
f 2323/2323/2323 2321/2321/2321 2322/2322/2322
f 2319/2319/2319 2324/2324/2324 2320/2320/2320
f 2325/2325/2325 2319/2319/2319 2321/2321/2321
f 2323/2323/2323 2322/2322/2322 2326/2326/2326
f 2324/2324/2324 2319/2319/2319 2327/2327/2327
f 2319/2319/2319 2325/2325/2325 2328/2328/2328
f 2329/2329/2329 2327/2327/2327 2319/2319/2319
f 2328/2328/2328 2329/2329/2329 2319/2319/2319
f 2327/2327/2327 2330/2330/2330 2324/2324/2324
f 2328/2328/2328 2331/2331/2331 2329/2329/2329
f 2330/2330/2330 2332/2332/2332 2324/2324/2324
f 2333/2333/2333 2324/2324/2324 2332/2332/2332
f 2327/2327/2327 2329/2329/2329 2334/2334/2334
f 2335/2335/2335 2332/2332/2332 2330/2330/2330
f 2336/2336/2336 2335/2335/2335 2330/2330/2330
f 2329/2329/2329 2331/2331/2331 2334/2334/2334
f 2327/2327/2327 2337/2337/2337 2330/2330/2330
f 2337/2337/2337 2336/2336/2336 2330/2330/2330
f 2338/2338/2338 2333/2333/2333 2332/2332/2332
f 2335/2335/2335 2339/2339/2339 2332/2332/2332
f 2334/2334/2334 2337/2337/2337 2327/2327/2327
f 2336/2336/2336 2340/2340/2340 2335/2335/2335
f 2334/2334/2334 2331/2331/2331 2341/2341/2341
f 2335/2335/2335 2340/2340/2340 2339/2339/2339
f 2339/2339/2339 2342/2342/2342 2332/2332/2332
f 2341/2341/2341 2337/2337/2337 2334/2334/2334
f 2343/2343/2343 2344/2344/2344 2345/2345/2345
f 2342/2342/2342 2339/2339/2339 2346/2346/2346
f 2344/2344/2344 2343/2343/2343 2347/2347/2347
f 2348/2348/2348 2349/2349/2349 2350/2350/2350
f 2351/2351/2351 2350/2350/2350 2349/2349/2349
f 2352/2352/2352 2349/2349/2349 2348/2348/2348
f 2343/2343/2343 2353/2353/2353 2347/2347/2347
f 2347/2347/2347 2348/2348/2348 2344/2344/2344
f 2354/2354/2354 2340/2340/2340 2336/2336/2336
f 2352/2352/2352 2348/2348/2348 2347/2347/2347
f 2340/2340/2340 2355/2355/2355 2339/2339/2339
f 2340/2340/2340 2354/2354/2354 2356/2356/2356
f 2339/2339/2339 2355/2355/2355 2346/2346/2346
f 2349/2349/2349 2352/2352/2352 2357/2357/2357
f 2357/2357/2357 2358/2358/2358 2349/2349/2349
f 2347/2347/2347 2359/2359/2359 2352/2352/2352
f 2353/2353/2353 2359/2359/2359 2347/2347/2347
f 2358/2358/2358 2360/2360/2360 2349/2349/2349
f 2361/2361/2361 2357/2357/2357 2352/2352/2352
f 2356/2356/2356 2362/2362/2362 2340/2340/2340
f 2352/2352/2352 2359/2359/2359 2361/2361/2361
f 2349/2349/2349 2360/2360/2360 2351/2351/2351
f 2340/2340/2340 2362/2362/2362 2355/2355/2355
f 2355/2355/2355 2363/2363/2363 2346/2346/2346
f 2337/2337/2337 2341/2341/2341 2364/2364/2364
f 2357/2357/2357 2365/2365/2365 2358/2358/2358
f 2365/2365/2365 2357/2357/2357 2361/2361/2361
f 2360/2360/2360 2366/2366/2366 2351/2351/2351
f 2363/2363/2363 2365/2365/2365 2346/2346/2346
f 2367/2367/2367 2362/2362/2362 2356/2356/2356
f 2366/2366/2366 2360/2360/2360 2368/2368/2368
f 2362/2362/2362 2369/2369/2369 2355/2355/2355
f 2370/2370/2370 2355/2355/2355 2369/2369/2369
f 2365/2365/2365 2363/2363/2363 2358/2358/2358
f 2371/2371/2371 2363/2363/2363 2355/2355/2355
f 2371/2371/2371 2355/2355/2355 2370/2370/2370
f 2358/2358/2358 2372/2372/2372 2360/2360/2360
f 2373/2373/2373 2362/2362/2362 2367/2367/2367
f 2362/2362/2362 2373/2373/2373 2369/2369/2369
f 2363/2363/2363 2372/2372/2372 2358/2358/2358
f 2360/2360/2360 2374/2374/2374 2368/2368/2368
f 2371/2371/2371 2375/2375/2375 2363/2363/2363
f 2369/2369/2369 2376/2376/2376 2370/2370/2370
f 2372/2372/2372 2377/2377/2377 2360/2360/2360
f 2360/2360/2360 2377/2377/2377 2374/2374/2374
f 2372/2372/2372 2363/2363/2363 2378/2378/2378
f 2377/2377/2377 2372/2372/2372 2378/2378/2378
f 2370/2370/2370 2379/2379/2379 2371/2371/2371
f 2371/2371/2371 2379/2379/2379 2375/2375/2375
f 2373/2373/2373 2380/2380/2380 2369/2369/2369
f 2369/2369/2369 2380/2380/2380 2376/2376/2376
f 2376/2376/2376 2379/2379/2379 2370/2370/2370
f 2363/2363/2363 2375/2375/2375 2378/2378/2378
f 2367/2367/2367 2381/2381/2381 2373/2373/2373
f 2378/2378/2378 2382/2382/2382 2377/2377/2377
f 2381/2381/2381 2383/2383/2383 2373/2373/2373
f 2378/2378/2378 2375/2375/2375 2384/2384/2384
f 2380/2380/2380 2385/2385/2385 2376/2376/2376
f 2386/2386/2386 2373/2373/2373 2383/2383/2383
f 2375/2375/2375 2379/2379/2379 2387/2387/2387
f 2376/2376/2376 2385/2385/2385 2379/2379/2379
f 2375/2375/2375 2387/2387/2387 2384/2384/2384
f 2384/2384/2384 2382/2382/2382 2378/2378/2378
f 2373/2373/2373 2388/2388/2388 2389/2389/2389
f 2373/2373/2373 2386/2386/2386 2388/2388/2388
f 2380/2380/2380 2373/2373/2373 2389/2389/2389
f 2385/2385/2385 2380/2380/2380 2390/2390/2390
f 2391/2391/2391 2379/2379/2379 2385/2385/2385
f 2379/2379/2379 2391/2391/2391 2387/2387/2387
f 2380/2380/2380 2389/2389/2389 2390/2390/2390
f 2390/2390/2390 2392/2392/2392 2385/2385/2385
f 2393/2393/2393 2391/2391/2391 2385/2385/2385
f 2392/2392/2392 2393/2393/2393 2385/2385/2385
f 2387/2387/2387 2391/2391/2391 2394/2394/2394
f 2394/2394/2394 2391/2391/2391 2395/2395/2395
f 2387/2387/2387 2394/2394/2394 2384/2384/2384
f 2391/2391/2391 2393/2393/2393 2395/2395/2395
f 2388/2388/2388 2390/2390/2390 2389/2389/2389
f 2392/2392/2392 2396/2396/2396 2393/2393/2393
f 2384/2384/2384 2394/2394/2394 2382/2382/2382
f 2386/2386/2386 2397/2397/2397 2388/2388/2388
f 2390/2390/2390 2388/2388/2388 2398/2398/2398
f 2399/2399/2399 2395/2395/2395 2393/2393/2393
f 2399/2399/2399 2393/2393/2393 2396/2396/2396
f 2397/2397/2397 2398/2398/2398 2388/2388/2388
f 2390/2390/2390 2400/2400/2400 2392/2392/2392
f 2398/2398/2398 2400/2400/2400 2390/2390/2390
f 2401/2401/2401 2402/2402/2402 2403/2403/2403
f 2398/2398/2398 2404/2404/2404 2400/2400/2400
f 2395/2395/2395 2405/2405/2405 2394/2394/2394
f 2406/2406/2406 2403/2403/2403 2402/2402/2402
f 2403/2403/2403 2407/2407/2407 2401/2401/2401
f 2392/2392/2392 2408/2408/2408 2396/2396/2396
f 2409/2409/2409 2410/2410/2410 2406/2406/2406
f 2400/2400/2400 2411/2411/2411 2412/2412/2412
f 2392/2392/2392 2400/2400/2400 2412/2412/2412
f 2394/2394/2394 2410/2410/2410 2409/2409/2409
f 2411/2411/2411 2400/2400/2400 2404/2404/2404
f 2413/2413/2413 2406/2406/2406 2410/2410/2410
f 2406/2406/2406 2414/2414/2414 2403/2403/2403
f 2414/2414/2414 2406/2406/2406 2413/2413/2413
f 2399/2399/2399 2396/2396/2396 2415/2415/2415
f 2405/2405/2405 2410/2410/2410 2394/2394/2394
f 2415/2415/2415 2396/2396/2396 2408/2408/2408
f 2404/2404/2404 2398/2398/2398 2397/2397/2397
f 2412/2412/2412 2408/2408/2408 2392/2392/2392
f 2397/2397/2397 2416/2416/2416 2404/2404/2404
f 2417/2417/2417 2412/2412/2412 2411/2411/2411
f 2418/2418/2418 2395/2395/2395 2399/2399/2399
f 2405/2405/2405 2419/2419/2419 2410/2410/2410
f 2420/2420/2420 2405/2405/2405 2395/2395/2395
f 2413/2413/2413 2410/2410/2410 2419/2419/2419
f 2412/2412/2412 2421/2421/2421 2408/2408/2408
f 2418/2418/2418 2420/2420/2420 2395/2395/2395
f 2420/2420/2420 2419/2419/2419 2405/2405/2405
f 2422/2422/2422 2411/2411/2411 2404/2404/2404
f 2415/2415/2415 2408/2408/2408 2423/2423/2423
f 2399/2399/2399 2415/2415/2415 2424/2424/2424
f 2404/2404/2404 2416/2416/2416 2422/2422/2422
f 2425/2425/2425 2426/2426/2426 2427/2427/2427
f 2421/2421/2421 2423/2423/2423 2408/2408/2408
f 2425/2425/2425 2428/2428/2428 2426/2426/2426
f 2423/2423/2423 2421/2421/2421 2429/2429/2429
f 2425/2425/2425 2430/2430/2430 2428/2428/2428
f 2426/2426/2426 2431/2431/2431 2427/2427/2427
f 2425/2425/2425 2432/2432/2432 2430/2430/2430
f 2433/2433/2433 2399/2399/2399 2424/2424/2424
f 2418/2418/2418 2399/2399/2399 2433/2433/2433
f 2432/2432/2432 2425/2425/2425 2434/2434/2434
f 2435/2435/2435 2434/2434/2434 2425/2425/2425
f 2425/2425/2425 2427/2427/2427 2435/2435/2435
f 2435/2435/2435 2427/2427/2427 2436/2436/2436
f 2437/2437/2437 2436/2436/2436 2427/2427/2427
f 2437/2437/2437 2427/2427/2427 2431/2431/2431
f 2438/2438/2438 2411/2411/2411 2422/2422/2422
f 2429/2429/2429 2415/2415/2415 2423/2423/2423
f 2432/2432/2432 2439/2439/2439 2430/2430/2430
f 2426/2426/2426 2428/2428/2428 2431/2431/2431
f 2434/2434/2434 2435/2435/2435 2440/2440/2440
f 2436/2436/2436 2440/2440/2440 2435/2435/2435
f 2417/2417/2417 2441/2441/2441 2412/2412/2412
f 2412/2412/2412 2441/2441/2441 2421/2421/2421
f 2421/2421/2421 2441/2441/2441 2429/2429/2429
f 2439/2439/2439 2432/2432/2432 2442/2442/2442
f 2438/2438/2438 2443/2443/2443 2411/2411/2411
f 2428/2428/2428 2430/2430/2430 2444/2444/2444
f 2442/2442/2442 2432/2432/2432 2434/2434/2434
f 2424/2424/2424 2445/2445/2445 2433/2433/2433
f 2446/2446/2446 2436/2436/2436 2447/2447/2447
f 2446/2446/2446 2447/2447/2447 2448/2448/2448
f 2411/2411/2411 2443/2443/2443 2417/2417/2417
f 2449/2449/2449 2430/2430/2430 2439/2439/2439
f 2450/2450/2450 2440/2440/2440 2446/2446/2446
f 2436/2436/2436 2446/2446/2446 2440/2440/2440
f 2447/2447/2447 2437/2437/2437 2451/2451/2451
f 2447/2447/2447 2451/2451/2451 2448/2448/2448
f 2444/2444/2444 2452/2452/2452 2428/2428/2428
f 2437/2437/2437 2447/2447/2447 2436/2436/2436
f 2449/2449/2449 2444/2444/2444 2430/2430/2430
f 2450/2450/2450 2434/2434/2434 2440/2440/2440
f 2453/2453/2453 2424/2424/2424 2415/2415/2415
f 2442/2442/2442 2454/2454/2454 2439/2439/2439
f 2428/2428/2428 2455/2455/2455 2431/2431/2431
f 2439/2439/2439 2454/2454/2454 2449/2449/2449
f 2441/2441/2441 2417/2417/2417 2443/2443/2443
f 2456/2456/2456 2453/2453/2453 2415/2415/2415
f 2429/2429/2429 2456/2456/2456 2415/2415/2415
f 2450/2450/2450 2457/2457/2457 2434/2434/2434
f 2458/2458/2458 2450/2450/2450 2459/2459/2459
f 2459/2459/2459 2450/2450/2450 2446/2446/2446
f 2418/2418/2418 2433/2433/2433 2460/2460/2460
f 2461/2461/2461 2446/2446/2446 2448/2448/2448
f 2429/2429/2429 2441/2441/2441 2462/2462/2462
f 2445/2445/2445 2424/2424/2424 2463/2463/2463
f 2458/2458/2458 2464/2464/2464 2450/2450/2450
f 2420/2420/2420 2418/2418/2418 2460/2460/2460
f 2459/2459/2459 2446/2446/2446 2461/2461/2461
f 2465/2465/2465 2449/2449/2449 2454/2454/2454
f 2428/2428/2428 2452/2452/2452 2455/2455/2455
f 2466/2466/2466 2433/2433/2433 2445/2445/2445
f 2450/2450/2450 2464/2464/2464 2457/2457/2457
f 2422/2422/2422 2467/2467/2467 2438/2438/2438
f 2463/2463/2463 2424/2424/2424 2453/2453/2453
f 2445/2445/2445 2463/2463/2463 2468/2468/2468
f 2445/2445/2445 2468/2468/2468 2466/2466/2466
f 2469/2469/2469 2470/2470/2470 2471/2471/2471
f 2433/2433/2433 2466/2466/2466 2472/2472/2472
f 2461/2461/2461 2458/2458/2458 2459/2459/2459
f 2451/2451/2451 2437/2437/2437 2473/2473/2473
f 2474/2474/2474 2470/2470/2470 2469/2469/2469
f 2458/2458/2458 2475/2475/2475 2464/2464/2464
f 2468/2468/2468 2475/2475/2475 2466/2466/2466
f 2476/2476/2476 2466/2466/2466 2475/2475/2475
f 2476/2476/2476 2475/2475/2475 2458/2458/2458
f 2476/2476/2476 2458/2458/2458 2461/2461/2461
f 2474/2474/2474 2477/2477/2477 2470/2470/2470
f 2464/2464/2464 2475/2475/2475 2468/2468/2468
f 2431/2431/2431 2478/2478/2478 2437/2437/2437
f 2431/2431/2431 2455/2455/2455 2469/2469/2469
f 2466/2466/2466 2476/2476/2476 2472/2472/2472
f 2478/2478/2478 2431/2431/2431 2469/2469/2469
f 2471/2471/2471 2478/2478/2478 2469/2469/2469
f 2470/2470/2470 2479/2479/2479 2471/2471/2471
f 2455/2455/2455 2474/2474/2474 2469/2469/2469
f 2478/2478/2478 2471/2471/2471 2473/2473/2473
f 2437/2437/2437 2478/2478/2478 2473/2473/2473
f 2456/2456/2456 2429/2429/2429 2480/2480/2480
f 2449/2449/2449 2465/2465/2465 2481/2481/2481
f 2474/2474/2474 2455/2455/2455 2452/2452/2452
f 2463/2463/2463 2482/2482/2482 2468/2468/2468
f 2468/2468/2468 2482/2482/2482 2464/2464/2464
f 2483/2483/2483 2472/2472/2472 2476/2476/2476
f 2476/2476/2476 2461/2461/2461 2484/2484/2484
f 2457/2457/2457 2464/2464/2464 2485/2485/2485
f 2429/2429/2429 2462/2462/2462 2480/2480/2480
f 2444/2444/2444 2486/2486/2486 2452/2452/2452
f 2452/2452/2452 2486/2486/2486 2474/2474/2474
f 2470/2470/2470 2477/2477/2477 2487/2487/2487
f 2433/2433/2433 2472/2472/2472 2460/2460/2460
f 2449/2449/2449 2488/2488/2488 2444/2444/2444
f 2477/2477/2477 2489/2489/2489 2487/2487/2487
f 2470/2470/2470 2487/2487/2487 2479/2479/2479
f 2476/2476/2476 2484/2484/2484 2483/2483/2483
f 2471/2471/2471 2490/2490/2490 2473/2473/2473
f 2477/2477/2477 2491/2491/2491 2489/2489/2489
f 2482/2482/2482 2463/2463/2463 2492/2492/2492
f 2493/2493/2493 2489/2489/2489 2491/2491/2491
f 2444/2444/2444 2488/2488/2488 2486/2486/2486
f 2477/2477/2477 2474/2474/2474 2491/2491/2491
f 2482/2482/2482 2494/2494/2494 2464/2464/2464
f 2474/2474/2474 2486/2486/2486 2491/2491/2491
f 2463/2463/2463 2495/2495/2495 2492/2492/2492
f 2494/2494/2494 2482/2482/2482 2496/2496/2496
f 2460/2460/2460 2472/2472/2472 2483/2483/2483
f 2449/2449/2449 2481/2481/2481 2488/2488/2488
f 2453/2453/2453 2495/2495/2495 2463/2463/2463
f 2480/2480/2480 2497/2497/2497 2456/2456/2456
f 2471/2471/2471 2479/2479/2479 2498/2498/2498
f 2489/2489/2489 2499/2499/2499 2487/2487/2487
f 2494/2494/2494 2485/2485/2485 2464/2464/2464
f 2493/2493/2493 2491/2491/2491 2500/2500/2500
f 2486/2486/2486 2500/2500/2500 2491/2491/2491
f 2493/2493/2493 2501/2501/2501 2489/2489/2489
f 2456/2456/2456 2497/2497/2497 2453/2453/2453
f 2502/2502/2502 2500/2500/2500 2486/2486/2486
f 2498/2498/2498 2490/2490/2490 2471/2471/2471
f 2496/2496/2496 2482/2482/2482 2492/2492/2492
f 2496/2496/2496 2503/2503/2503 2494/2494/2494
f 2504/2504/2504 2485/2485/2485 2494/2494/2494
f 2486/2486/2486 2488/2488/2488 2502/2502/2502
f 2505/2505/2505 2501/2501/2501 2493/2493/2493
f 2505/2505/2505 2493/2493/2493 2500/2500/2500
f 2499/2499/2499 2489/2489/2489 2501/2501/2501
f 2494/2494/2494 2503/2503/2503 2504/2504/2504
f 2506/2506/2506 2488/2488/2488 2481/2481/2481
f 2496/2496/2496 2492/2492/2492 2507/2507/2507
f 2492/2492/2492 2508/2508/2508 2507/2507/2507
f 2506/2506/2506 2481/2481/2481 2509/2509/2509
f 2506/2506/2506 2509/2509/2509 2510/2510/2510
f 2501/2501/2501 2505/2505/2505 2511/2511/2511
f 2508/2508/2508 2492/2492/2492 2495/2495/2495
f 2496/2496/2496 2507/2507/2507 2512/2512/2512
f 2505/2505/2505 2500/2500/2500 2502/2502/2502
f 2513/2513/2513 2495/2495/2495 2453/2453/2453
f 2481/2481/2481 2514/2514/2514 2509/2509/2509
f 2513/2513/2513 2453/2453/2453 2497/2497/2497
f 2515/2515/2515 2516/2516/2516 2509/2509/2509
f 2516/2516/2516 2510/2510/2510 2509/2509/2509
f 2515/2515/2515 2509/2509/2509 2514/2514/2514
f 2517/2517/2517 2488/2488/2488 2506/2506/2506
f 2488/2488/2488 2517/2517/2517 2502/2502/2502
f 2505/2505/2505 2502/2502/2502 2518/2518/2518
f 2508/2508/2508 2495/2495/2495 2513/2513/2513
f 2515/2515/2515 2519/2519/2519 2520/2520/2520
f 2465/2465/2465 2514/2514/2514 2481/2481/2481
f 2515/2515/2515 2520/2520/2520 2516/2516/2516
f 2516/2516/2516 2521/2521/2521 2510/2510/2510
f 2519/2519/2519 2522/2522/2522 2523/2523/2523
f 2519/2519/2519 2523/2523/2523 2520/2520/2520
f 2521/2521/2521 2516/2516/2516 2520/2520/2520
f 2510/2510/2510 2521/2521/2521 2524/2524/2524
f 2506/2506/2506 2510/2510/2510 2524/2524/2524
f 2520/2520/2520 2523/2523/2523 2525/2525/2525
f 2505/2505/2505 2518/2518/2518 2511/2511/2511
f 2522/2522/2522 2519/2519/2519 2526/2526/2526
f 2527/2527/2527 2520/2520/2520 2525/2525/2525
f 2520/2520/2520 2527/2527/2527 2521/2521/2521
f 2524/2524/2524 2517/2517/2517 2506/2506/2506
f 2521/2521/2521 2527/2527/2527 2528/2528/2528
f 2524/2524/2524 2521/2521/2521 2528/2528/2528
f 2529/2529/2529 2518/2518/2518 2502/2502/2502
f 2529/2529/2529 2502/2502/2502 2517/2517/2517
f 2530/2530/2530 2523/2523/2523 2522/2522/2522
f 2528/2528/2528 2531/2531/2531 2524/2524/2524
f 2524/2524/2524 2531/2531/2531 2517/2517/2517
f 2529/2529/2529 2517/2517/2517 2531/2531/2531
f 2532/2532/2532 2523/2523/2523 2530/2530/2530
f 2523/2523/2523 2532/2532/2532 2533/2533/2533
f 2534/2534/2534 2530/2530/2530 2522/2522/2522
f 2527/2527/2527 2525/2525/2525 2528/2528/2528
f 2523/2523/2523 2533/2533/2533 2525/2525/2525
f 2535/2535/2535 2530/2530/2530 2534/2534/2534
f 2533/2533/2533 2536/2536/2536 2525/2525/2525
f 2530/2530/2530 2535/2535/2535 2532/2532/2532
f 2531/2531/2531 2528/2528/2528 2537/2537/2537
f 2538/2538/2538 2528/2528/2528 2525/2525/2525
f 2537/2537/2537 2528/2528/2528 2538/2538/2538
f 2525/2525/2525 2536/2536/2536 2538/2538/2538
f 2533/2533/2533 2532/2532/2532 2539/2539/2539
f 2539/2539/2539 2540/2540/2540 2533/2533/2533
f 2538/2538/2538 2541/2541/2541 2537/2537/2537
f 2536/2536/2536 2533/2533/2533 2540/2540/2540
f 2532/2532/2532 2535/2535/2535 2539/2539/2539
f 2538/2538/2538 2536/2536/2536 2541/2541/2541
f 2542/2542/2542 2543/2543/2543 2544/2544/2544
f 2545/2545/2545 2543/2543/2543 2542/2542/2542
f 2542/2542/2542 2546/2546/2546 2547/2547/2547
f 2543/2543/2543 2545/2545/2545 2548/2548/2548
f 2549/2549/2549 2550/2550/2550 2551/2551/2551
f 2545/2545/2545 2542/2542/2542 2552/2552/2552
f 2547/2547/2547 2552/2552/2552 2542/2542/2542
f 2546/2546/2546 2553/2553/2553 2547/2547/2547
f 2551/2551/2551 2554/2554/2554 2549/2549/2549
f 2547/2547/2547 2553/2553/2553 2555/2555/2555
f 2554/2554/2554 2551/2551/2551 2556/2556/2556
f 2555/2555/2555 2553/2553/2553 2557/2557/2557
f 2552/2552/2552 2547/2547/2547 2558/2558/2558
f 2556/2556/2556 2559/2559/2559 2554/2554/2554
f 2551/2551/2551 2550/2550/2550 2560/2560/2560
f 2556/2556/2556 2551/2551/2551 2560/2560/2560
f 2545/2545/2545 2561/2561/2561 2548/2548/2548
f 2545/2545/2545 2552/2552/2552 2558/2558/2558
f 2545/2545/2545 2558/2558/2558 2562/2562/2562
f 2555/2555/2555 2563/2563/2563 2547/2547/2547
f 2564/2564/2564 2555/2555/2555 2557/2557/2557
f 2561/2561/2561 2560/2560/2560 2548/2548/2548
f 2561/2561/2561 2545/2545/2545 2562/2562/2562
f 2565/2565/2565 2559/2559/2559 2556/2556/2556
f 2566/2566/2566 2556/2556/2556 2560/2560/2560
f 2563/2563/2563 2555/2555/2555 2564/2564/2564
f 2567/2567/2567 2556/2556/2556 2566/2566/2566
f 2564/2564/2564 2557/2557/2557 2568/2568/2568
f 2569/2569/2569 2559/2559/2559 2565/2565/2565
f 2562/2562/2562 2570/2570/2570 2561/2561/2561
f 2564/2564/2564 2571/2571/2571 2563/2563/2563
f 2547/2547/2547 2563/2563/2563 2558/2558/2558
f 2560/2560/2560 2561/2561/2561 2566/2566/2566
f 2567/2567/2567 2565/2565/2565 2556/2556/2556
f 2561/2561/2561 2570/2570/2570 2566/2566/2566
f 2572/2572/2572 2569/2569/2569 2565/2565/2565
f 2570/2570/2570 2573/2573/2573 2566/2566/2566
f 2562/2562/2562 2558/2558/2558 2574/2574/2574
f 2565/2565/2565 2567/2567/2567 2575/2575/2575
f 2562/2562/2562 2574/2574/2574 2570/2570/2570
f 2571/2571/2571 2576/2576/2576 2574/2574/2574
f 2564/2564/2564 2568/2568/2568 2577/2577/2577
f 2578/2578/2578 2567/2567/2567 2566/2566/2566
f 2572/2572/2572 2565/2565/2565 2575/2575/2575
f 2578/2578/2578 2566/2566/2566 2573/2573/2573
f 2579/2579/2579 2577/2577/2577 2568/2568/2568
f 2571/2571/2571 2564/2564/2564 2580/2580/2580
f 2567/2567/2567 2578/2578/2578 2581/2581/2581
f 2575/2575/2575 2567/2567/2567 2581/2581/2581
f 2572/2572/2572 2575/2575/2575 2582/2582/2582
f 2583/2583/2583 2573/2573/2573 2570/2570/2570
f 2583/2583/2583 2584/2584/2584 2573/2573/2573
f 2571/2571/2571 2585/2585/2585 2576/2576/2576
f 2573/2573/2573 2586/2586/2586 2578/2578/2578
f 2570/2570/2570 2574/2574/2574 2583/2583/2583
f 2580/2580/2580 2564/2564/2564 2577/2577/2577
f 2582/2582/2582 2575/2575/2575 2581/2581/2581
f 2578/2578/2578 2586/2586/2586 2581/2581/2581
f 2585/2585/2585 2571/2571/2571 2580/2580/2580
f 2587/2587/2587 2580/2580/2580 2577/2577/2577
f 2588/2588/2588 2572/2572/2572 2582/2582/2582
f 2589/2589/2589 2573/2573/2573 2584/2584/2584
f 2590/2590/2590 2579/2579/2579 2591/2591/2591
f 2582/2582/2582 2581/2581/2581 2588/2588/2588
f 2573/2573/2573 2592/2592/2592 2586/2586/2586
f 2589/2589/2589 2592/2592/2592 2573/2573/2573
f 2574/2574/2574 2576/2576/2576 2583/2583/2583
f 2581/2581/2581 2586/2586/2586 2592/2592/2592
f 2579/2579/2579 2590/2590/2590 2577/2577/2577
f 2588/2588/2588 2593/2593/2593 2572/2572/2572
f 2572/2572/2572 2593/2593/2593 2594/2594/2594
f 2590/2590/2590 2595/2595/2595 2596/2596/2596
f 2597/2597/2597 2593/2593/2593 2588/2588/2588
f 2588/2588/2588 2581/2581/2581 2592/2592/2592
f 2598/2598/2598 2594/2594/2594 2593/2593/2593
f 2583/2583/2583 2599/2599/2599 2584/2584/2584
f 2583/2583/2583 2576/2576/2576 2599/2599/2599
f 2600/2600/2600 2601/2601/2601 2595/2595/2595
f 2602/2602/2602 2594/2594/2594 2598/2598/2598
f 2603/2603/2603 2592/2592/2592 2589/2589/2589
f 2577/2577/2577 2590/2590/2590 2596/2596/2596
f 2595/2595/2595 2601/2601/2601 2596/2596/2596
f 2592/2592/2592 2604/2604/2604 2588/2588/2588
f 2604/2604/2604 2597/2597/2597 2588/2588/2588
f 2605/2605/2605 2589/2589/2589 2584/2584/2584
f 2605/2605/2605 2584/2584/2584 2599/2599/2599
f 2577/2577/2577 2606/2606/2606 2587/2587/2587
f 2576/2576/2576 2585/2585/2585 2599/2599/2599
f 2607/2607/2607 2580/2580/2580 2587/2587/2587
f 2577/2577/2577 2596/2596/2596 2606/2606/2606
f 2607/2607/2607 2608/2608/2608 2580/2580/2580
f 2609/2609/2609 2598/2598/2598 2593/2593/2593
f 2580/2580/2580 2608/2608/2608 2585/2585/2585
f 2596/2596/2596 2610/2610/2610 2606/2606/2606
f 2596/2596/2596 2601/2601/2601 2610/2610/2610
f 2611/2611/2611 2597/2597/2597 2604/2604/2604
f 2612/2612/2612 2603/2603/2603 2589/2589/2589
f 2604/2604/2604 2592/2592/2592 2603/2603/2603
f 2611/2611/2611 2593/2593/2593 2597/2597/2597
f 2587/2587/2587 2606/2606/2606 2607/2607/2607
f 2613/2613/2613 2598/2598/2598 2609/2609/2609
f 2609/2609/2609 2593/2593/2593 2611/2611/2611
f 2598/2598/2598 2613/2613/2613 2602/2602/2602
f 2614/2614/2614 2615/2615/2615 2616/2616/2616
f 2605/2605/2605 2612/2612/2612 2589/2589/2589
f 2617/2617/2617 2607/2607/2607 2606/2606/2606
f 2603/2603/2603 2618/2618/2618 2604/2604/2604
f 2619/2619/2619 2610/2610/2610 2601/2601/2601
f 2609/2609/2609 2611/2611/2611 2620/2620/2620
f 2616/2616/2616 2621/2621/2621 2614/2614/2614
f 2608/2608/2608 2607/2607/2607 2617/2617/2617
f 2610/2610/2610 2617/2617/2617 2606/2606/2606
f 2621/2621/2621 2622/2622/2622 2614/2614/2614
f 2623/2623/2623 2612/2612/2612 2605/2605/2605
f 2599/2599/2599 2624/2624/2624 2605/2605/2605
f 2625/2625/2625 2624/2624/2624 2599/2599/2599
f 2625/2625/2625 2599/2599/2599 2585/2585/2585
f 2611/2611/2611 2604/2604/2604 2618/2618/2618
f 2616/2616/2616 2626/2626/2626 2621/2621/2621
f 2602/2602/2602 2627/2627/2627 2628/2628/2628
f 2613/2613/2613 2627/2627/2627 2602/2602/2602
f 2611/2611/2611 2618/2618/2618 2629/2629/2629
f 2609/2609/2609 2620/2620/2620 2630/2630/2630
f 2621/2621/2621 2631/2631/2631 2622/2622/2622
f 2629/2629/2629 2620/2620/2620 2611/2611/2611
f 2625/2625/2625 2585/2585/2585 2608/2608/2608
f 2632/2632/2632 2618/2618/2618 2603/2603/2603
f 2633/2633/2633 2617/2617/2617 2610/2610/2610
f 2634/2634/2634 2631/2631/2631 2621/2621/2621
f 2634/2634/2634 2621/2621/2621 2626/2626/2626
f 2635/2635/2635 2613/2613/2613 2609/2609/2609
f 2623/2623/2623 2605/2605/2605 2636/2636/2636
f 2613/2613/2613 2635/2635/2635 2627/2627/2627
f 2630/2630/2630 2635/2635/2635 2609/2609/2609
f 2632/2632/2632 2603/2603/2603 2612/2612/2612
f 2634/2634/2634 2637/2637/2637 2631/2631/2631
f 2608/2608/2608 2617/2617/2617 2625/2625/2625
f 2632/2632/2632 2629/2629/2629 2618/2618/2618
f 2636/2636/2636 2605/2605/2605 2624/2624/2624
f 2610/2610/2610 2638/2638/2638 2633/2633/2633
f 2634/2634/2634 2626/2626/2626 2639/2639/2639
f 2612/2612/2612 2623/2623/2623 2640/2640/2640
f 2629/2629/2629 2630/2630/2630 2620/2620/2620
f 2624/2624/2624 2625/2625/2625 2641/2641/2641
f 2631/2631/2631 2637/2637/2637 2642/2642/2642
f 2643/2643/2643 2641/2641/2641 2625/2625/2625
f 2633/2633/2633 2638/2638/2638 2642/2642/2642
f 2644/2644/2644 2623/2623/2623 2636/2636/2636
f 2617/2617/2617 2643/2643/2643 2625/2625/2625
f 2643/2643/2643 2617/2617/2617 2633/2633/2633
f 2645/2645/2645 2646/2646/2646 2635/2635/2635
f 2624/2624/2624 2647/2647/2647 2636/2636/2636
f 2623/2623/2623 2644/2644/2644 2640/2640/2640
f 2635/2635/2635 2630/2630/2630 2645/2645/2645
f 2648/2648/2648 2643/2643/2643 2633/2633/2633
f 2642/2642/2642 2648/2648/2648 2633/2633/2633
f 2642/2642/2642 2637/2637/2637 2649/2649/2649
f 2641/2641/2641 2643/2643/2643 2650/2650/2650
f 2648/2648/2648 2650/2650/2650 2643/2643/2643
f 2629/2629/2629 2632/2632/2632 2651/2651/2651
f 2624/2624/2624 2641/2641/2641 2647/2647/2647
f 2644/2644/2644 2636/2636/2636 2652/2652/2652
f 2634/2634/2634 2639/2639/2639 2653/2653/2653
f 2649/2649/2649 2650/2650/2650 2648/2648/2648
f 2637/2637/2637 2634/2634/2634 2654/2654/2654
f 2646/2646/2646 2645/2645/2645 2655/2655/2655
f 2644/2644/2644 2656/2656/2656 2640/2640/2640
f 2636/2636/2636 2647/2647/2647 2657/2657/2657
f 2658/2658/2658 2612/2612/2612 2640/2640/2640
f 2658/2658/2658 2632/2632/2632 2612/2612/2612
f 2636/2636/2636 2657/2657/2657 2652/2652/2652
f 2649/2649/2649 2637/2637/2637 2654/2654/2654
f 2634/2634/2634 2653/2653/2653 2659/2659/2659
f 2656/2656/2656 2644/2644/2644 2652/2652/2652
f 2647/2647/2647 2641/2641/2641 2657/2657/2657
f 2634/2634/2634 2659/2659/2659 2654/2654/2654
f 2655/2655/2655 2660/2660/2660 2646/2646/2646
f 2630/2630/2630 2629/2629/2629 2661/2661/2661
f 2651/2651/2651 2632/2632/2632 2662/2662/2662
f 2656/2656/2656 2658/2658/2658 2640/2640/2640
f 2641/2641/2641 2650/2650/2650 2663/2663/2663
f 2649/2649/2649 2654/2654/2654 2650/2650/2650
f 2657/2657/2657 2641/2641/2641 2663/2663/2663
f 2655/2655/2655 2664/2664/2664 2660/2660/2660
f 2665/2665/2665 2653/2653/2653 2666/2666/2666
f 2661/2661/2661 2667/2667/2667 2630/2630/2630
f 2668/2668/2668 2661/2661/2661 2629/2629/2629
f 2630/2630/2630 2667/2667/2667 2645/2645/2645
f 2651/2651/2651 2668/2668/2668 2629/2629/2629
f 2669/2669/2669 2654/2654/2654 2659/2659/2659
f 2667/2667/2667 2670/2670/2670 2645/2645/2645
f 2671/2671/2671 2658/2658/2658 2656/2656/2656
f 2653/2653/2653 2672/2672/2672 2659/2659/2659
f 2673/2673/2673 2655/2655/2655 2645/2645/2645
f 2674/2674/2674 2662/2662/2662 2632/2632/2632
f 2675/2675/2675 2650/2650/2650 2654/2654/2654
f 2671/2671/2671 2656/2656/2656 2676/2676/2676
f 2663/2663/2663 2650/2650/2650 2675/2675/2675
f 2656/2656/2656 2652/2652/2652 2676/2676/2676
f 2659/2659/2659 2672/2672/2672 2669/2669/2669
f 2653/2653/2653 2665/2665/2665 2672/2672/2672
f 2673/2673/2673 2664/2664/2664 2655/2655/2655
f 2673/2673/2673 2645/2645/2645 2670/2670/2670
f 2651/2651/2651 2662/2662/2662 2668/2668/2668
f 2657/2657/2657 2677/2677/2677 2678/2678/2678
f 2677/2677/2677 2657/2657/2657 2663/2663/2663
f 2678/2678/2678 2652/2652/2652 2657/2657/2657
f 2679/2679/2679 2670/2670/2670 2667/2667/2667
f 2654/2654/2654 2669/2669/2669 2675/2675/2675
f 2663/2663/2663 2675/2675/2675 2677/2677/2677
f 2632/2632/2632 2658/2658/2658 2674/2674/2674
f 2676/2676/2676 2652/2652/2652 2678/2678/2678
f 2679/2679/2679 2667/2667/2667 2661/2661/2661
f 2658/2658/2658 2671/2671/2671 2674/2674/2674
f 2665/2665/2665 2680/2680/2680 2672/2672/2672
f 2664/2664/2664 2673/2673/2673 2681/2681/2681
f 2682/2682/2682 2661/2661/2661 2668/2668/2668
f 2662/2662/2662 2682/2682/2682 2668/2668/2668
f 2673/2673/2673 2670/2670/2670 2683/2683/2683
f 2671/2671/2671 2676/2676/2676 2684/2684/2684
f 2685/2685/2685 2676/2676/2676 2678/2678/2678
f 2669/2669/2669 2672/2672/2672 2680/2680/2680
f 2671/2671/2671 2684/2684/2684 2686/2686/2686
f 2687/2687/2687 2678/2678/2678 2677/2677/2677
f 2677/2677/2677 2675/2675/2675 2687/2687/2687
f 2671/2671/2671 2686/2686/2686 2674/2674/2674
f 2661/2661/2661 2682/2682/2682 2688/2688/2688
f 2683/2683/2683 2681/2681/2681 2673/2673/2673
f 2683/2683/2683 2670/2670/2670 2689/2689/2689
f 2689/2689/2689 2670/2670/2670 2679/2679/2679
f 2661/2661/2661 2688/2688/2688 2679/2679/2679
f 2690/2690/2690 2662/2662/2662 2674/2674/2674
f 2691/2691/2691 2675/2675/2675 2669/2669/2669
f 2662/2662/2662 2690/2690/2690 2682/2682/2682
f 2680/2680/2680 2665/2665/2665 2692/2692/2692
f 2682/2682/2682 2693/2693/2693 2688/2688/2688
f 2679/2679/2679 2694/2694/2694 2689/2689/2689
f 2695/2695/2695 2674/2674/2674 2686/2686/2686
f 2678/2678/2678 2696/2696/2696 2685/2685/2685
f 2687/2687/2687 2696/2696/2696 2678/2678/2678
f 2693/2693/2693 2682/2682/2682 2697/2697/2697
f 2681/2681/2681 2683/2683/2683 2698/2698/2698
f 2682/2682/2682 2690/2690/2690 2697/2697/2697
f 2687/2687/2687 2675/2675/2675 2699/2699/2699
f 2679/2679/2679 2688/2688/2688 2694/2694/2694
f 2695/2695/2695 2690/2690/2690 2674/2674/2674
f 2669/2669/2669 2680/2680/2680 2700/2700/2700
f 2701/2701/2701 2699/2699/2699 2675/2675/2675
f 2684/2684/2684 2676/2676/2676 2685/2685/2685
f 2702/2702/2702 2698/2698/2698 2683/2683/2683
f 2681/2681/2681 2698/2698/2698 2703/2703/2703
f 2680/2680/2680 2692/2692/2692 2704/2704/2704
f 2705/2705/2705 2689/2689/2689 2694/2694/2694
f 2706/2706/2706 2694/2694/2694 2688/2688/2688
f 2688/2688/2688 2693/2693/2693 2706/2706/2706
f 2691/2691/2691 2669/2669/2669 2700/2700/2700
f 2683/2683/2683 2689/2689/2689 2705/2705/2705
f 2695/2695/2695 2707/2707/2707 2690/2690/2690
f 2680/2680/2680 2704/2704/2704 2708/2708/2708
f 2695/2695/2695 2686/2686/2686 2709/2709/2709
f 2684/2684/2684 2685/2685/2685 2710/2710/2710
f 2691/2691/2691 2701/2701/2701 2675/2675/2675
f 2700/2700/2700 2680/2680/2680 2708/2708/2708
f 2711/2711/2711 2705/2705/2705 2694/2694/2694
f 2686/2686/2686 2684/2684/2684 2709/2709/2709
f 2712/2712/2712 2687/2687/2687 2699/2699/2699
f 2687/2687/2687 2712/2712/2712 2696/2696/2696
f 2683/2683/2683 2713/2713/2713 2702/2702/2702
f 2697/2697/2697 2690/2690/2690 2707/2707/2707
f 2694/2694/2694 2706/2706/2706 2711/2711/2711
f 2685/2685/2685 2714/2714/2714 2710/2710/2710
f 2685/2685/2685 2696/2696/2696 2714/2714/2714
f 2701/2701/2701 2715/2715/2715 2699/2699/2699
f 2693/2693/2693 2697/2697/2697 2716/2716/2716
f 2695/2695/2695 2709/2709/2709 2707/2707/2707
f 2712/2712/2712 2699/2699/2699 2715/2715/2715
f 2706/2706/2706 2693/2693/2693 2716/2716/2716
f 2716/2716/2716 2697/2697/2697 2717/2717/2717
f 2684/2684/2684 2710/2710/2710 2709/2709/2709
f 2707/2707/2707 2717/2717/2717 2697/2697/2697
f 2715/2715/2715 2701/2701/2701 2691/2691/2691
f 2713/2713/2713 2683/2683/2683 2705/2705/2705
f 2696/2696/2696 2718/2718/2718 2714/2714/2714
f 2712/2712/2712 2718/2718/2718 2696/2696/2696
f 2705/2705/2705 2711/2711/2711 2719/2719/2719
f 2719/2719/2719 2713/2713/2713 2705/2705/2705
f 2691/2691/2691 2700/2700/2700 2720/2720/2720
f 2691/2691/2691 2720/2720/2720 2715/2715/2715
f 2700/2700/2700 2708/2708/2708 2721/2721/2721
f 2708/2708/2708 2704/2704/2704 2721/2721/2721
f 2709/2709/2709 2722/2722/2722 2707/2707/2707
f 2709/2709/2709 2710/2710/2710 2723/2723/2723
f 2706/2706/2706 2724/2724/2724 2711/2711/2711
f 2707/2707/2707 2725/2725/2725 2717/2717/2717
f 2712/2712/2712 2726/2726/2726 2718/2718/2718
f 2719/2719/2719 2711/2711/2711 2724/2724/2724
f 2710/2710/2710 2714/2714/2714 2723/2723/2723
f 2712/2712/2712 2715/2715/2715 2726/2726/2726
f 2700/2700/2700 2721/2721/2721 2727/2727/2727
f 2714/2714/2714 2718/2718/2718 2728/2728/2728
f 2720/2720/2720 2700/2700/2700 2727/2727/2727
f 2725/2725/2725 2707/2707/2707 2722/2722/2722
f 2723/2723/2723 2714/2714/2714 2728/2728/2728
f 2709/2709/2709 2723/2723/2723 2722/2722/2722
f 2563/2563/2563 2571/2571/2571 2574/2574/2574
f 2563/2563/2563 2574/2574/2574 2558/2558/2558
f 2648/2648/2648 2642/2642/2642 2649/2649/2649
f 2729/2729/2729 2730/2730/2730 2731/2731/2731
f 2729/2729/2729 2732/2732/2732 2730/2730/2730
f 2730/2730/2730 2732/2732/2732 2733/2733/2733
f 2733/2733/2733 2732/2732/2732 2734/2734/2734
f 2735/2735/2735 2730/2730/2730 2736/2736/2736
f 2733/2733/2733 2734/2734/2734 2737/2737/2737
f 2738/2738/2738 2739/2739/2739 2733/2733/2733
f 2737/2737/2737 2738/2738/2738 2733/2733/2733
f 2740/2740/2740 2741/2741/2741 2742/2742/2742
f 2735/2735/2735 2743/2743/2743 2744/2744/2744
f 2741/2741/2741 2745/2745/2745 2742/2742/2742
f 2733/2733/2733 2736/2736/2736 2730/2730/2730
f 2744/2744/2744 2746/2746/2746 2747/2747/2747
f 2748/2748/2748 2749/2749/2749 2750/2750/2750
f 2742/2742/2742 2745/2745/2745 2747/2747/2747
f 2749/2749/2749 2740/2740/2740 2742/2742/2742
f 2746/2746/2746 2744/2744/2744 2743/2743/2743
f 2735/2735/2735 2736/2736/2736 2743/2743/2743
f 2751/2751/2751 2752/2752/2752 2748/2748/2748
f 2747/2747/2747 2746/2746/2746 2753/2753/2753
f 2733/2733/2733 2754/2754/2754 2736/2736/2736
f 2743/2743/2743 2736/2736/2736 2755/2755/2755
f 2756/2756/2756 2752/2752/2752 2757/2757/2757
f 2749/2749/2749 2742/2742/2742 2750/2750/2750
f 2733/2733/2733 2739/2739/2739 2754/2754/2754
f 2742/2742/2742 2747/2747/2747 2753/2753/2753
f 2746/2746/2746 2743/2743/2743 2758/2758/2758
f 2748/2748/2748 2750/2750/2750 2759/2759/2759
f 2754/2754/2754 2739/2739/2739 2760/2760/2760
f 2758/2758/2758 2753/2753/2753 2746/2746/2746
f 2742/2742/2742 2753/2753/2753 2761/2761/2761
f 2743/2743/2743 2755/2755/2755 2762/2762/2762
f 2751/2751/2751 2748/2748/2748 2759/2759/2759
f 2758/2758/2758 2743/2743/2743 2762/2762/2762
f 2736/2736/2736 2754/2754/2754 2763/2763/2763
f 2754/2754/2754 2760/2760/2760 2764/2764/2764
f 2763/2763/2763 2755/2755/2755 2736/2736/2736
f 2752/2752/2752 2751/2751/2751 2765/2765/2765
f 2751/2751/2751 2759/2759/2759 2766/2766/2766
f 2757/2757/2757 2752/2752/2752 2767/2767/2767
f 2742/2742/2742 2768/2768/2768 2750/2750/2750
f 2763/2763/2763 2754/2754/2754 2769/2769/2769
f 2767/2767/2767 2752/2752/2752 2765/2765/2765
f 2765/2765/2765 2751/2751/2751 2766/2766/2766
f 2764/2764/2764 2769/2769/2769 2754/2754/2754
f 2768/2768/2768 2742/2742/2742 2761/2761/2761
f 2755/2755/2755 2763/2763/2763 2762/2762/2762
f 2770/2770/2770 2757/2757/2757 2767/2767/2767
f 2771/2771/2771 2759/2759/2759 2750/2750/2750
f 2753/2753/2753 2772/2772/2772 2773/2773/2773
f 2753/2753/2753 2758/2758/2758 2772/2772/2772
f 2766/2766/2766 2759/2759/2759 2771/2771/2771
f 2762/2762/2762 2763/2763/2763 2774/2774/2774
f 2764/2764/2764 2775/2775/2775 2776/2776/2776
f 2776/2776/2776 2769/2769/2769 2764/2764/2764
f 2750/2750/2750 2768/2768/2768 2771/2771/2771
f 2761/2761/2761 2753/2753/2753 2773/2773/2773
f 2762/2762/2762 2774/2774/2774 2758/2758/2758
f 2777/2777/2777 2775/2775/2775 2778/2778/2778
f 2763/2763/2763 2769/2769/2769 2774/2774/2774
f 2779/2779/2779 2770/2770/2770 2767/2767/2767
f 2778/2778/2778 2780/2780/2780 2777/2777/2777
f 2761/2761/2761 2781/2781/2781 2768/2768/2768
f 2767/2767/2767 2765/2765/2765 2779/2779/2779
f 2782/2782/2782 2765/2765/2765 2766/2766/2766
f 2772/2772/2772 2758/2758/2758 2783/2783/2783
f 2758/2758/2758 2774/2774/2774 2783/2783/2783
f 2777/2777/2777 2776/2776/2776 2775/2775/2775
f 2784/2784/2784 2777/2777/2777 2780/2780/2780
f 2771/2771/2771 2782/2782/2782 2766/2766/2766
f 2779/2779/2779 2785/2785/2785 2770/2770/2770
f 2776/2776/2776 2777/2777/2777 2786/2786/2786
f 2773/2773/2773 2781/2781/2781 2761/2761/2761
f 2768/2768/2768 2787/2787/2787 2771/2771/2771
f 2774/2774/2774 2769/2769/2769 2788/2788/2788
f 2784/2784/2784 2789/2789/2789 2777/2777/2777
f 2768/2768/2768 2781/2781/2781 2787/2787/2787
f 2779/2779/2779 2765/2765/2765 2790/2790/2790
f 2765/2765/2765 2782/2782/2782 2790/2790/2790
f 2791/2791/2791 2769/2769/2769 2776/2776/2776
f 2783/2783/2783 2774/2774/2774 2788/2788/2788
f 2789/2789/2789 2784/2784/2784 2792/2792/2792
f 2788/2788/2788 2769/2769/2769 2791/2791/2791
f 2777/2777/2777 2789/2789/2789 2786/2786/2786
f 2791/2791/2791 2776/2776/2776 2786/2786/2786
f 2771/2771/2771 2787/2787/2787 2793/2793/2793
f 2783/2783/2783 2788/2788/2788 2794/2794/2794
f 2792/2792/2792 2795/2795/2795 2789/2789/2789
f 2772/2772/2772 2783/2783/2783 2796/2796/2796
f 2797/2797/2797 2787/2787/2787 2781/2781/2781
f 2773/2773/2773 2798/2798/2798 2781/2781/2781
f 2788/2788/2788 2791/2791/2791 2799/2799/2799
f 2791/2791/2791 2786/2786/2786 2800/2800/2800
f 2796/2796/2796 2783/2783/2783 2794/2794/2794
f 2791/2791/2791 2800/2800/2800 2801/2801/2801
f 2789/2789/2789 2800/2800/2800 2786/2786/2786
f 2785/2785/2785 2779/2779/2779 2802/2802/2802
f 2782/2782/2782 2803/2803/2803 2790/2790/2790
f 2773/2773/2773 2772/2772/2772 2804/2804/2804
f 2788/2788/2788 2799/2799/2799 2794/2794/2794
f 2779/2779/2779 2790/2790/2790 2802/2802/2802
f 2773/2773/2773 2804/2804/2804 2798/2798/2798
f 2805/2805/2805 2785/2785/2785 2802/2802/2802
f 2787/2787/2787 2797/2797/2797 2793/2793/2793
f 2791/2791/2791 2801/2801/2801 2799/2799/2799
f 2797/2797/2797 2781/2781/2781 2798/2798/2798
f 2782/2782/2782 2771/2771/2771 2806/2806/2806
f 2806/2806/2806 2771/2771/2771 2793/2793/2793
f 2796/2796/2796 2794/2794/2794 2807/2807/2807
f 2800/2800/2800 2789/2789/2789 2808/2808/2808
f 2809/2809/2809 2799/2799/2799 2801/2801/2801
f 2772/2772/2772 2796/2796/2796 2804/2804/2804
f 2799/2799/2799 2809/2809/2809 2810/2810/2810
f 2795/2795/2795 2811/2811/2811 2789/2789/2789
f 2808/2808/2808 2801/2801/2801 2800/2800/2800
f 2806/2806/2806 2812/2812/2812 2782/2782/2782
f 2810/2810/2810 2794/2794/2794 2799/2799/2799
f 2790/2790/2790 2803/2803/2803 2802/2802/2802
f 2808/2808/2808 2789/2789/2789 2811/2811/2811
f 2813/2813/2813 2801/2801/2801 2808/2808/2808
f 2803/2803/2803 2782/2782/2782 2812/2812/2812
f 2814/2814/2814 2808/2808/2808 2811/2811/2811
f 2801/2801/2801 2813/2813/2813 2809/2809/2809
f 2807/2807/2807 2804/2804/2804 2796/2796/2796
f 2814/2814/2814 2813/2813/2813 2808/2808/2808
f 2815/2815/2815 2814/2814/2814 2811/2811/2811
f 2797/2797/2797 2798/2798/2798 2816/2816/2816
f 2794/2794/2794 2810/2810/2810 2817/2817/2817
f 2802/2802/2802 2818/2818/2818 2805/2805/2805
f 2807/2807/2807 2794/2794/2794 2817/2817/2817
f 2818/2818/2818 2802/2802/2802 2819/2819/2819
f 2813/2813/2813 2820/2820/2820 2809/2809/2809
f 2813/2813/2813 2814/2814/2814 2821/2821/2821
f 2819/2819/2819 2802/2802/2802 2803/2803/2803
f 2806/2806/2806 2793/2793/2793 2822/2822/2822
f 2813/2813/2813 2821/2821/2821 2820/2820/2820
f 2797/2797/2797 2816/2816/2816 2793/2793/2793
f 2798/2798/2798 2804/2804/2804 2823/2823/2823
f 2814/2814/2814 2824/2824/2824 2821/2821/2821
f 2824/2824/2824 2814/2814/2814 2815/2815/2815
f 2803/2803/2803 2812/2812/2812 2825/2825/2825
f 2816/2816/2816 2798/2798/2798 2823/2823/2823
f 2807/2807/2807 2826/2826/2826 2804/2804/2804
f 2809/2809/2809 2827/2827/2827 2810/2810/2810
f 2828/2828/2828 2823/2823/2823 2804/2804/2804
f 2827/2827/2827 2809/2809/2809 2820/2820/2820
f 2806/2806/2806 2822/2822/2822 2812/2812/2812
f 2816/2816/2816 2829/2829/2829 2793/2793/2793
f 2804/2804/2804 2826/2826/2826 2828/2828/2828
f 2817/2817/2817 2810/2810/2810 2827/2827/2827
f 2829/2829/2829 2822/2822/2822 2793/2793/2793
f 2820/2820/2820 2830/2830/2830 2827/2827/2827
f 2820/2820/2820 2821/2821/2821 2831/2831/2831
f 2803/2803/2803 2825/2825/2825 2832/2832/2832
f 2807/2807/2807 2817/2817/2817 2833/2833/2833
f 2817/2817/2817 2827/2827/2827 2833/2833/2833
f 2821/2821/2821 2834/2834/2834 2831/2831/2831
f 2819/2819/2819 2803/2803/2803 2832/2832/2832
f 2823/2823/2823 2835/2835/2835 2816/2816/2816
f 2812/2812/2812 2822/2822/2822 2836/2836/2836
f 2826/2826/2826 2807/2807/2807 2837/2837/2837
f 2838/2838/2838 2832/2832/2832 2825/2825/2825
f 2828/2828/2828 2839/2839/2839 2823/2823/2823
f 2828/2828/2828 2826/2826/2826 2839/2839/2839
f 2835/2835/2835 2829/2829/2829 2816/2816/2816
f 2833/2833/2833 2837/2837/2837 2807/2807/2807
f 2819/2819/2819 2832/2832/2832 2840/2840/2840
f 2825/2825/2825 2812/2812/2812 2836/2836/2836
f 2830/2830/2830 2820/2820/2820 2831/2831/2831
f 2822/2822/2822 2829/2829/2829 2836/2836/2836
f 2825/2825/2825 2836/2836/2836 2838/2838/2838
f 2833/2833/2833 2827/2827/2827 2841/2841/2841
f 2842/2842/2842 2827/2827/2827 2830/2830/2830
f 2826/2826/2826 2837/2837/2837 2843/2843/2843
f 2831/2831/2831 2844/2844/2844 2830/2830/2830
f 2829/2829/2829 2835/2835/2835 2845/2845/2845
f 2835/2835/2835 2823/2823/2823 2846/2846/2846
f 2837/2837/2837 2833/2833/2833 2847/2847/2847
f 2844/2844/2844 2848/2848/2848 2830/2830/2830
f 2843/2843/2843 2839/2839/2839 2826/2826/2826
f 2829/2829/2829 2845/2845/2845 2836/2836/2836
f 2843/2843/2843 2837/2837/2837 2847/2847/2847
f 2841/2841/2841 2827/2827/2827 2842/2842/2842
f 2848/2848/2848 2842/2842/2842 2830/2830/2830
f 2823/2823/2823 2839/2839/2839 2846/2846/2846
f 2841/2841/2841 2847/2847/2847 2833/2833/2833
f 2844/2844/2844 2849/2849/2849 2850/2850/2850
f 2844/2844/2844 2850/2850/2850 2851/2851/2851
f 2852/2852/2852 2848/2848/2848 2844/2844/2844
f 2852/2852/2852 2844/2844/2844 2851/2851/2851
f 2850/2850/2850 2853/2853/2853 2851/2851/2851
f 2854/2854/2854 2848/2848/2848 2852/2852/2852
f 2855/2855/2855 2851/2851/2851 2853/2853/2853
f 2856/2856/2856 2848/2848/2848 2854/2854/2854
f 2854/2854/2854 2857/2857/2857 2856/2856/2856
f 2857/2857/2857 2858/2858/2858 2856/2856/2856
f 2854/2854/2854 2852/2852/2852 2859/2859/2859
f 2860/2860/2860 2861/2861/2861 2862/2862/2862
f 2863/2863/2863 2861/2861/2861 2864/2864/2864
f 2861/2861/2861 2865/2865/2865 2862/2862/2862
f 2865/2865/2865 2861/2861/2861 2863/2863/2863
f 2865/2865/2865 2866/2866/2866 2862/2862/2862
f 2866/2866/2866 2865/2865/2865 2867/2867/2867
f 2867/2867/2867 2865/2865/2865 2868/2868/2868
f 2868/2868/2868 2869/2869/2869 2867/2867/2867
f 2867/2867/2867 2869/2869/2869 2866/2866/2866
f 2870/2870/2870 2869/2869/2869 2871/2871/2871
f 2870/2870/2870 2871/2871/2871 2872/2872/2872
f 2873/2873/2873 2872/2872/2872 2874/2874/2874
f 2875/2875/2875 2873/2873/2873 2874/2874/2874
f 2869/2869/2869 2876/2876/2876 2871/2871/2871
f 2875/2875/2875 2877/2877/2877 2873/2873/2873
f 2878/2878/2878 2877/2877/2877 2875/2875/2875
f 2876/2876/2876 2869/2869/2869 2868/2868/2868
f 2868/2868/2868 2879/2879/2879 2876/2876/2876
f 2872/2872/2872 2871/2871/2871 2880/2880/2880
f 2872/2872/2872 2880/2880/2880 2874/2874/2874
f 2881/2881/2881 2882/2882/2882 2883/2883/2883
f 2875/2875/2875 2874/2874/2874 2884/2884/2884
f 2878/2878/2878 2875/2875/2875 2885/2885/2885
f 2876/2876/2876 2886/2886/2886 2871/2871/2871
f 2871/2871/2871 2886/2886/2886 2880/2880/2880
f 2874/2874/2874 2880/2880/2880 2887/2887/2887
f 2888/2888/2888 2889/2889/2889 2883/2883/2883
f 2890/2890/2890 2886/2886/2886 2876/2876/2876
f 2886/2886/2886 2891/2891/2891 2880/2880/2880
f 2884/2884/2884 2874/2874/2874 2887/2887/2887
f 2875/2875/2875 2884/2884/2884 2885/2885/2885
f 2879/2879/2879 2890/2890/2890 2876/2876/2876
f 2885/2885/2885 2892/2892/2892 2878/2878/2878
f 2888/2888/2888 2883/2883/2883 2882/2882/2882
f 2885/2885/2885 2884/2884/2884 2893/2893/2893
f 2894/2894/2894 2878/2878/2878 2892/2892/2892
f 2895/2895/2895 2896/2896/2896 2897/2897/2897
f 2897/2897/2897 2896/2896/2896 2882/2882/2882
f 2895/2895/2895 2898/2898/2898 2899/2899/2899
f 2887/2887/2887 2893/2893/2893 2884/2884/2884
f 2900/2900/2900 2894/2894/2894 2892/2892/2892
f 2894/2894/2894 2900/2900/2900 2898/2898/2898
f 2901/2901/2901 2888/2888/2888 2882/2882/2882
f 2892/2892/2892 2885/2885/2885 2893/2893/2893
f 2886/2886/2886 2890/2890/2890 2902/2902/2902
f 2880/2880/2880 2891/2891/2891 2887/2887/2887
f 2898/2898/2898 2900/2900/2900 2899/2899/2899
f 2902/2902/2902 2891/2891/2891 2886/2886/2886
f 2896/2896/2896 2901/2901/2901 2882/2882/2882
f 2892/2892/2892 2893/2893/2893 2900/2900/2900
f 2891/2891/2891 2903/2903/2903 2887/2887/2887
f 2893/2893/2893 2887/2887/2887 2904/2904/2904
f 2895/2895/2895 2899/2899/2899 2905/2905/2905
f 2906/2906/2906 2902/2902/2902 2890/2890/2890
f 2891/2891/2891 2907/2907/2907 2903/2903/2903
f 2890/2890/2890 2908/2908/2908 2906/2906/2906
f 2895/2895/2895 2905/2905/2905 2896/2896/2896
f 2902/2902/2902 2907/2907/2907 2891/2891/2891
f 2909/2909/2909 2899/2899/2899 2900/2900/2900
f 2893/2893/2893 2910/2910/2910 2900/2900/2900
f 2896/2896/2896 2905/2905/2905 2901/2901/2901
f 2911/2911/2911 2888/2888/2888 2901/2901/2901
f 2902/2902/2902 2906/2906/2906 2907/2907/2907
f 2905/2905/2905 2899/2899/2899 2909/2909/2909
f 2903/2903/2903 2904/2904/2904 2887/2887/2887
f 2909/2909/2909 2900/2900/2900 2910/2910/2910
f 2901/2901/2901 2905/2905/2905 2912/2912/2912
f 2913/2913/2913 2911/2911/2911 2901/2901/2901
f 2913/2913/2913 2901/2901/2901 2912/2912/2912
f 2914/2914/2914 2893/2893/2893 2904/2904/2904
f 2915/2915/2915 2910/2910/2910 2893/2893/2893
f 2916/2916/2916 2909/2909/2909 2910/2910/2910
f 2904/2904/2904 2903/2903/2903 2917/2917/2917
f 2903/2903/2903 2907/2907/2907 2918/2918/2918
f 2903/2903/2903 2918/2918/2918 2917/2917/2917
f 2909/2909/2909 2916/2916/2916 2905/2905/2905
f 2908/2908/2908 2919/2919/2919 2906/2906/2906
f 2918/2918/2918 2907/2907/2907 2920/2920/2920
f 2915/2915/2915 2893/2893/2893 2914/2914/2914
f 2911/2911/2911 2913/2913/2913 2921/2921/2921
f 2912/2912/2912 2922/2922/2922 2913/2913/2913
f 2913/2913/2913 2922/2922/2922 2921/2921/2921
f 2906/2906/2906 2920/2920/2920 2907/2907/2907
f 2919/2919/2919 2908/2908/2908 2923/2923/2923
f 2916/2916/2916 2910/2910/2910 2924/2924/2924
f 2905/2905/2905 2916/2916/2916 2925/2925/2925
f 2925/2925/2925 2926/2926/2926 2905/2905/2905
f 2905/2905/2905 2926/2926/2926 2912/2912/2912
f 2923/2923/2923 2927/2927/2927 2919/2919/2919
f 2906/2906/2906 2919/2919/2919 2928/2928/2928
f 2906/2906/2906 2928/2928/2928 2920/2920/2920
f 2929/2929/2929 2914/2914/2914 2904/2904/2904
f 2926/2926/2926 2930/2930/2930 2912/2912/2912
f 2912/2912/2912 2930/2930/2930 2922/2922/2922
f 2921/2921/2921 2922/2922/2922 2931/2931/2931
f 2932/2932/2932 2918/2918/2918 2920/2920/2920
f 2924/2924/2924 2933/2933/2933 2916/2916/2916
f 2928/2928/2928 2934/2934/2934 2920/2920/2920
f 2919/2919/2919 2927/2927/2927 2935/2935/2935
f 2918/2918/2918 2932/2932/2932 2917/2917/2917
f 2917/2917/2917 2929/2929/2929 2904/2904/2904
f 2910/2910/2910 2915/2915/2915 2924/2924/2924
f 2934/2934/2934 2932/2932/2932 2920/2920/2920
f 2933/2933/2933 2925/2925/2925 2916/2916/2916
f 2931/2931/2931 2922/2922/2922 2930/2930/2930
f 2936/2936/2936 2924/2924/2924 2915/2915/2915
f 2915/2915/2915 2914/2914/2914 2937/2937/2937
f 2930/2930/2930 2926/2926/2926 2938/2938/2938
f 2917/2917/2917 2932/2932/2932 2939/2939/2939
f 2915/2915/2915 2937/2937/2937 2936/2936/2936
f 2933/2933/2933 2924/2924/2924 2936/2936/2936
f 2925/2925/2925 2933/2933/2933 2926/2926/2926
f 2940/2940/2940 2926/2926/2926 2933/2933/2933
f 2926/2926/2926 2940/2940/2940 2938/2938/2938
f 2929/2929/2929 2917/2917/2917 2941/2941/2941
f 2929/2929/2929 2937/2937/2937 2914/2914/2914
f 2939/2939/2939 2941/2941/2941 2917/2917/2917
f 2938/2938/2938 2942/2942/2942 2930/2930/2930
f 2943/2943/2943 2932/2932/2932 2934/2934/2934
f 2944/2944/2944 2937/2937/2937 2929/2929/2929
f 2932/2932/2932 2945/2945/2945 2939/2939/2939
f 2944/2944/2944 2929/2929/2929 2941/2941/2941
f 2946/2946/2946 2931/2931/2931 2930/2930/2930
f 2945/2945/2945 2932/2932/2932 2943/2943/2943
f 2947/2947/2947 2937/2937/2937 2944/2944/2944
f 2939/2939/2939 2945/2945/2945 2941/2941/2941
f 2930/2930/2930 2942/2942/2942 2946/2946/2946
f 2948/2948/2948 2938/2938/2938 2940/2940/2940
f 2943/2943/2943 2949/2949/2949 2945/2945/2945
f 2948/2948/2948 2942/2942/2942 2938/2938/2938
f 2950/2950/2950 2949/2949/2949 2943/2943/2943
f 2944/2944/2944 2941/2941/2941 2945/2945/2945
f 2944/2944/2944 2951/2951/2951 2947/2947/2947
f 2945/2945/2945 2952/2952/2952 2944/2944/2944
f 2944/2944/2944 2952/2952/2952 2951/2951/2951
f 2949/2949/2949 2952/2952/2952 2945/2945/2945
f 2953/2953/2953 2954/2954/2954 2955/2955/2955
f 2956/2956/2956 2954/2954/2954 2953/2953/2953
f 2957/2957/2957 2958/2958/2958 2959/2959/2959
f 2956/2956/2956 2960/2960/2960 2954/2954/2954
f 2961/2961/2961 2959/2959/2959 2958/2958/2958
f 2955/2955/2955 2954/2954/2954 2962/2962/2962
f 2957/2957/2957 2959/2959/2959 2963/2963/2963
f 2964/2964/2964 2956/2956/2956 2963/2963/2963
f 2956/2956/2956 2964/2964/2964 2960/2960/2960
f 2965/2965/2965 2959/2959/2959 2961/2961/2961
f 2966/2966/2966 2967/2967/2967 2968/2968/2968
f 2969/2969/2969 2970/2970/2970 2971/2971/2971
f 2972/2972/2972 2973/2973/2973 2974/2974/2974
f 2975/2975/2975 2965/2965/2965 2961/2961/2961
f 2954/2954/2954 2976/2976/2976 2962/2962/2962
f 2977/2977/2977 2970/2970/2970 2978/2978/2978
f 2979/2979/2979 2972/2972/2972 2974/2974/2974
f 2954/2954/2954 2960/2960/2960 2976/2976/2976
f 2980/2980/2980 2960/2960/2960 2964/2964/2964
f 2963/2963/2963 2959/2959/2959 2964/2964/2964
f 2981/2981/2981 2972/2972/2972 2979/2979/2979
f 2982/2982/2982 2977/2977/2977 2978/2978/2978
f 2983/2983/2983 2975/2975/2975 2984/2984/2984
f 2976/2976/2976 2974/2974/2974 2962/2962/2962
f 2976/2976/2976 2960/2960/2960 2980/2980/2980
f 2985/2985/2985 2981/2981/2981 2979/2979/2979
f 2966/2966/2966 2982/2982/2982 2986/2986/2986
f 2987/2987/2987 2969/2969/2969 2971/2971/2971
f 2970/2970/2970 2969/2969/2969 2978/2978/2978
f 2988/2988/2988 2964/2964/2964 2959/2959/2959
f 2965/2965/2965 2975/2975/2975 2983/2983/2983
f 2984/2984/2984 2989/2989/2989 2990/2990/2990
f 2982/2982/2982 2978/2978/2978 2986/2986/2986
f 2979/2979/2979 2991/2991/2991 2985/2985/2985
f 2979/2979/2979 2974/2974/2974 2992/2992/2992
f 2959/2959/2959 2965/2965/2965 2993/2993/2993
f 2989/2989/2989 2967/2967/2967 2994/2994/2994
f 2983/2983/2983 2984/2984/2984 2990/2990/2990
f 2992/2992/2992 2991/2991/2991 2979/2979/2979
f 2995/2995/2995 2967/2967/2967 2966/2966/2966
f 2980/2980/2980 2964/2964/2964 2988/2988/2988
f 2988/2988/2988 2959/2959/2959 2993/2993/2993
f 2989/2989/2989 2994/2994/2994 2990/2990/2990
f 2986/2986/2986 2978/2978/2978 2996/2996/2996
f 2974/2974/2974 2976/2976/2976 2992/2992/2992
f 2997/2997/2997 2967/2967/2967 2995/2995/2995
f 2966/2966/2966 2986/2986/2986 2995/2995/2995
f 2978/2978/2978 2998/2998/2998 2996/2996/2996
f 2999/2999/2999 2978/2978/2978 2969/2969/2969
f 3000/3000/3000 2969/2969/2969 2987/2987/2987
f 3001/3001/3001 2988/2988/2988 2993/2993/2993
f 2987/2987/2987 3002/3002/3002 3003/3003/3003
f 2980/2980/2980 3004/3004/3004 2976/2976/2976
f 2988/2988/2988 3001/3001/3001 2980/2980/2980
f 3003/3003/3003 3000/3000/3000 2987/2987/2987
f 2991/2991/2991 3005/3005/3005 3006/3006/3006
f 2991/2991/2991 2992/2992/2992 3005/3005/3005
f 2993/2993/2993 3007/3007/3007 3001/3001/3001
f 2986/2986/2986 2996/2996/2996 3008/3008/3008
f 2999/2999/2999 2998/2998/2998 2978/2978/2978
f 2993/2993/2993 2965/2965/2965 3009/3009/3009
f 2995/2995/2995 2986/2986/2986 3010/3010/3010
f 3004/3004/3004 2992/2992/2992 2976/2976/2976
f 2967/2967/2967 2997/2997/2997 2994/2994/2994
f 2999/2999/2999 2969/2969/2969 3000/3000/3000
f 2965/2965/2965 2983/2983/2983 3011/3011/3011
f 3009/3009/3009 3007/3007/3007 2993/2993/2993
f 2986/2986/2986 3008/3008/3008 3010/3010/3010
f 2980/2980/2980 3001/3001/3001 3012/3012/3012
f 2983/2983/2983 2990/2990/2990 3013/3013/3013
f 2980/2980/2980 3012/3012/3012 3004/3004/3004
f 3013/3013/3013 2990/2990/2990 3014/3014/3014
f 3010/3010/3010 3008/3008/3008 3015/3015/3015
f 3013/3013/3013 3011/3011/3011 2983/2983/2983
f 3016/3016/3016 2997/2997/2997 2995/2995/2995
f 2999/2999/2999 3017/3017/3017 2998/2998/2998
f 3005/3005/3005 3018/3018/3018 3006/3006/3006
f 3007/3007/3007 3012/3012/3012 3001/3001/3001
f 3009/3009/3009 2965/2965/2965 3011/3011/3011
f 3009/3009/3009 3019/3019/3019 3007/3007/3007
f 2992/2992/2992 3020/3020/3020 3005/3005/3005
f 2995/2995/2995 3010/3010/3010 3016/3016/3016
f 3014/3014/3014 2990/2990/2990 2994/2994/2994
f 3021/3021/3021 2996/2996/2996 2998/2998/2998
f 3008/3008/3008 2996/2996/2996 3022/3022/3022
f 3017/3017/3017 3021/3021/3021 2998/2998/2998
f 3018/3018/3018 3005/3005/3005 3023/3023/3023
f 2999/2999/2999 3000/3000/3000 3024/3024/3024
f 3025/3025/3025 3013/3013/3013 3014/3014/3014
f 2997/2997/2997 3016/3016/3016 2994/2994/2994
f 3015/3015/3015 3016/3016/3016 3010/3010/3010
f 3004/3004/3004 3026/3026/3026 2992/2992/2992
f 3022/3022/3022 2996/2996/2996 3021/3021/3021
f 3027/3027/3027 3004/3004/3004 3012/3012/3012
f 3014/3014/3014 2994/2994/2994 3028/3028/3028
f 3004/3004/3004 3027/3027/3027 3026/3026/3026
f 3029/3029/3029 3022/3022/3022 3021/3021/3021
f 2992/2992/2992 3026/3026/3026 3020/3020/3020
f 3030/3030/3030 3008/3008/3008 3022/3022/3022
f 3029/3029/3029 3021/3021/3021 3031/3031/3031
f 3023/3023/3023 3032/3032/3032 3018/3018/3018
f 3013/3013/3013 3025/3025/3025 3011/3011/3011
f 3030/3030/3030 3015/3015/3015 3008/3008/3008
f 3022/3022/3022 3029/3029/3029 3033/3033/3033
f 3017/3017/3017 2999/2999/2999 3024/3024/3024
f 3022/3022/3022 3033/3033/3033 3030/3030/3030
f 3031/3031/3031 3021/3021/3021 3034/3034/3034
f 3017/3017/3017 3034/3034/3034 3021/3021/3021
f 3032/3032/3032 3023/3023/3023 3035/3035/3035
f 3016/3016/3016 3015/3015/3015 3036/3036/3036
f 3012/3012/3012 3007/3007/3007 3037/3037/3037
f 3009/3009/3009 3011/3011/3011 3038/3038/3038
f 3017/3017/3017 3024/3024/3024 3039/3039/3039
f 3012/3012/3012 3037/3037/3037 3027/3027/3027
f 3016/3016/3016 3028/3028/3028 2994/2994/2994
f 3036/3036/3036 3015/3015/3015 3030/3030/3030
f 3040/3040/3040 3029/3029/3029 3031/3031/3031
f 3017/3017/3017 3039/3039/3039 3041/3041/3041
f 3019/3019/3019 3009/3009/3009 3042/3042/3042
f 3030/3030/3030 3033/3033/3033 3043/3043/3043
f 3034/3034/3034 3017/3017/3017 3041/3041/3041
f 3019/3019/3019 3042/3042/3042 3044/3044/3044
f 3040/3040/3040 3033/3033/3033 3029/3029/3029
f 3045/3045/3045 3034/3034/3034 3041/3041/3041
f 3030/3030/3030 3046/3046/3046 3036/3036/3036
f 3026/3026/3026 3047/3047/3047 3020/3020/3020
f 3019/3019/3019 3044/3044/3044 3007/3007/3007
f 3007/3007/3007 3044/3044/3044 3037/3037/3037
f 3028/3028/3028 3016/3016/3016 3048/3048/3048
f 3016/3016/3016 3036/3036/3036 3048/3048/3048
f 3033/3033/3033 3040/3040/3040 3049/3049/3049
f 3038/3038/3038 3042/3042/3042 3009/3009/3009
f 3043/3043/3043 3046/3046/3046 3030/3030/3030
f 3040/3040/3040 3050/3050/3050 3049/3049/3049
f 3051/3051/3051 3041/3041/3041 3039/3039/3039
f 3033/3033/3033 3049/3049/3049 3052/3052/3052
f 3037/3037/3037 3044/3044/3044 3053/3053/3053
f 3054/3054/3054 3038/3038/3038 3011/3011/3011
f 3054/3054/3054 3011/3011/3011 3025/3025/3025
f 3043/3043/3043 3033/3033/3033 3052/3052/3052
f 3055/3055/3055 3025/3025/3025 3014/3014/3014
f 3014/3014/3014 3028/3028/3028 3055/3055/3055
f 3056/3056/3056 3036/3036/3036 3046/3046/3046
f 3042/3042/3042 3038/3038/3038 3057/3057/3057
f 3028/3028/3028 3048/3048/3048 3058/3058/3058
f 3056/3056/3056 3059/3059/3059 3036/3036/3036
f 3027/3027/3027 3053/3053/3053 3026/3026/3026
f 3027/3027/3027 3037/3037/3037 3053/3053/3053
f 3048/3048/3048 3036/3036/3036 3059/3059/3059
f 3060/3060/3060 3046/3046/3046 3043/3043/3043
f 3025/3025/3025 3061/3061/3061 3054/3054/3054
f 3044/3044/3044 3042/3042/3042 3062/3062/3062
f 3055/3055/3055 3028/3028/3028 3058/3058/3058
f 3062/3062/3062 3042/3042/3042 3057/3057/3057
f 3063/3063/3063 3050/3050/3050 3064/3064/3064
f 3054/3054/3054 3061/3061/3061 3065/3065/3065
f 3038/3038/3038 3066/3066/3066 3057/3057/3057
f 3038/3038/3038 3054/3054/3054 3066/3066/3066
f 3049/3049/3049 3050/3050/3050 3063/3063/3063
f 3026/3026/3026 3067/3067/3067 3047/3047/3047
f 3055/3055/3055 3061/3061/3061 3025/3025/3025
f 3053/3053/3053 3044/3044/3044 3062/3062/3062
f 3066/3066/3066 3054/3054/3054 3065/3065/3065
f 3067/3067/3067 3026/3026/3026 3053/3053/3053
f 3068/3068/3068 3062/3062/3062 3057/3057/3057
f 3069/3069/3069 3060/3060/3060 3043/3043/3043
f 3043/3043/3043 3052/3052/3052 3069/3069/3069
f 3056/3056/3056 3046/3046/3046 3060/3060/3060
f 3049/3049/3049 3070/3070/3070 3052/3052/3052
f 3058/3058/3058 3048/3048/3048 3071/3071/3071
f 3072/3072/3072 3049/3049/3049 3063/3063/3063
f 3072/3072/3072 3063/3063/3063 3073/3073/3073
f 3055/3055/3055 3058/3058/3058 3074/3074/3074
f 3070/3070/3070 3049/3049/3049 3072/3072/3072
f 3068/3068/3068 3053/3053/3053 3062/3062/3062
f 3066/3066/3066 3068/3068/3068 3057/3057/3057
f 3059/3059/3059 3071/3071/3071 3048/3048/3048
f 3069/3069/3069 3052/3052/3052 3075/3075/3075
f 3052/3052/3052 3070/3070/3070 3076/3076/3076
f 3077/3077/3077 3067/3067/3067 3078/3078/3078
f 3075/3075/3075 3052/3052/3052 3076/3076/3076
f 3059/3059/3059 3079/3079/3079 3071/3071/3071
f 3053/3053/3053 3068/3068/3068 3067/3067/3067
f 3080/3080/3080 3065/3065/3065 3061/3061/3061
f 3061/3061/3061 3055/3055/3055 3074/3074/3074
f 3059/3059/3059 3056/3056/3056 3079/3079/3079
f 3076/3076/3076 3070/3070/3070 3081/3081/3081
f 3056/3056/3056 3060/3060/3060 3082/3082/3082
f 3065/3065/3065 3083/3083/3083 3066/3066/3066
f 3070/3070/3070 3072/3072/3072 3081/3081/3081
f 3065/3065/3065 3080/3080/3080 3083/3083/3083
f 3068/3068/3068 3066/3066/3066 3084/3084/3084
f 3071/3071/3071 3079/3079/3079 3085/3085/3085
f 3072/3072/3072 3086/3086/3086 3081/3081/3081
f 3066/3066/3066 3083/3083/3083 3087/3087/3087
f 3088/3088/3088 3076/3076/3076 3081/3081/3081
f 3089/3089/3089 3078/3078/3078 3067/3067/3067
f 3083/3083/3083 3080/3080/3080 3090/3090/3090
f 3060/3060/3060 3069/3069/3069 3082/3082/3082
f 3068/3068/3068 3091/3091/3091 3067/3067/3067
f 3075/3075/3075 3076/3076/3076 3092/3092/3092
f 3080/3080/3080 3061/3061/3061 3074/3074/3074
f 3068/3068/3068 3084/3084/3084 3091/3091/3091
f 3084/3084/3084 3066/3066/3066 3087/3087/3087
f 3071/3071/3071 3085/3085/3085 3093/3093/3093
f 3056/3056/3056 3094/3094/3094 3079/3079/3079
f 3076/3076/3076 3088/3088/3088 3092/3092/3092
f 3071/3071/3071 3095/3095/3095 3058/3058/3058
f 3071/3071/3071 3093/3093/3093 3095/3095/3095
f 3058/3058/3058 3095/3095/3095 3074/3074/3074
f 3067/3067/3067 3091/3091/3091 3089/3089/3089
f 3083/3083/3083 3096/3096/3096 3087/3087/3087
f 3082/3082/3082 3094/3094/3094 3056/3056/3056
f 3075/3075/3075 3097/3097/3097 3069/3069/3069
f 3087/3087/3087 3096/3096/3096 3098/3098/3098
f 3099/3099/3099 3083/3083/3083 3090/3090/3090
f 3097/3097/3097 3075/3075/3075 3092/3092/3092
f 3091/3091/3091 3084/3084/3084 3087/3087/3087
f 3082/3082/3082 3069/3069/3069 3097/3097/3097
f 3074/3074/3074 3100/3100/3100 3080/3080/3080
f 3074/3074/3074 3095/3095/3095 3100/3100/3100
f 3083/3083/3083 3099/3099/3099 3096/3096/3096
f 3093/3093/3093 3100/3100/3100 3095/3095/3095
f 3091/3091/3091 3087/3087/3087 3101/3101/3101
f 3102/3102/3102 3080/3080/3080 3100/3100/3100
f 3103/3103/3103 3094/3094/3094 3082/3082/3082
f 3102/3102/3102 3099/3099/3099 3090/3090/3090
f 3080/3080/3080 3102/3102/3102 3090/3090/3090
f 3091/3091/3091 3101/3101/3101 3104/3104/3104
f 3087/3087/3087 3098/3098/3098 3101/3101/3101
f 3091/3091/3091 3104/3104/3104 3089/3089/3089
f 3105/3105/3105 3079/3079/3079 3094/3094/3094
f 3106/3106/3106 3100/3100/3100 3093/3093/3093
f 3106/3106/3106 3102/3102/3102 3100/3100/3100
f 3103/3103/3103 3082/3082/3082 3097/3097/3097
f 3097/3097/3097 3092/3092/3092 3107/3107/3107
f 3108/3108/3108 3099/3099/3099 3102/3102/3102
f 3079/3079/3079 3105/3105/3105 3085/3085/3085
f 3094/3094/3094 3109/3109/3109 3105/3105/3105
f 3094/3094/3094 3103/3103/3103 3109/3109/3109
f 3096/3096/3096 3099/3099/3099 3110/3110/3110
f 3096/3096/3096 3110/3110/3110 3098/3098/3098
f 3106/3106/3106 3093/3093/3093 3111/3111/3111
f 3104/3104/3104 3112/3112/3112 3089/3089/3089
f 3093/3093/3093 3085/3085/3085 3113/3113/3113
f 3114/3114/3114 3085/3085/3085 3105/3105/3105
f 3109/3109/3109 3114/3114/3114 3105/3105/3105
f 3103/3103/3103 3097/3097/3097 3107/3107/3107
f 3099/3099/3099 3108/3108/3108 3115/3115/3115
f 3102/3102/3102 3106/3106/3106 3108/3108/3108
f 3093/3093/3093 3113/3113/3113 3111/3111/3111
f 3104/3104/3104 3116/3116/3116 3112/3112/3112
f 3116/3116/3116 3104/3104/3104 3101/3101/3101
f 3106/3106/3106 3111/3111/3111 3117/3117/3117
f 3101/3101/3101 3098/3098/3098 3116/3116/3116
f 3115/3115/3115 3110/3110/3110 3099/3099/3099
f 3108/3108/3108 3106/3106/3106 3118/3118/3118
f 3085/3085/3085 3114/3114/3114 3113/3113/3113
f 3103/3103/3103 3107/3107/3107 3119/3119/3119
f 3110/3110/3110 3115/3115/3115 3120/3120/3120
f 3106/3106/3106 3117/3117/3117 3118/3118/3118
f 3116/3116/3116 3098/3098/3098 3121/3121/3121
f 3098/3098/3098 3110/3110/3110 3121/3121/3121
f 3122/3122/3122 3109/3109/3109 3103/3103/3103
f 3109/3109/3109 3123/3123/3123 3114/3114/3114
f 3122/3122/3122 3123/3123/3123 3109/3109/3109
f 3122/3122/3122 3103/3103/3103 3119/3119/3119
f 3124/3124/3124 3111/3111/3111 3113/3113/3113
f 3110/3110/3110 3120/3120/3120 3121/3121/3121
f 3117/3117/3117 3111/3111/3111 3125/3125/3125
f 3113/3113/3113 3114/3114/3114 3123/3123/3123
f 3115/3115/3115 3108/3108/3108 3126/3126/3126
f 3126/3126/3126 3108/3108/3108 3127/3127/3127
f 3118/3118/3118 3127/3127/3127 3108/3108/3108
f 3113/3113/3113 3123/3123/3123 3124/3124/3124
f 3116/3116/3116 3128/3128/3128 3112/3112/3112
f 3116/3116/3116 3121/3121/3121 3128/3128/3128
f 3117/3117/3117 3129/3129/3129 3118/3118/3118
f 3122/3122/3122 3119/3119/3119 3130/3130/3130
f 3120/3120/3120 3131/3131/3131 3121/3121/3121
f 3129/3129/3129 3127/3127/3127 3118/3118/3118
f 3126/3126/3126 3120/3120/3120 3115/3115/3115
f 3123/3123/3123 3122/3122/3122 3130/3130/3130
f 3129/3129/3129 3117/3117/3117 3125/3125/3125
f 3130/3130/3130 3132/3132/3132 3123/3123/3123
f 3129/3129/3129 3133/3133/3133 3127/3127/3127
f 3134/3134/3134 3125/3125/3125 3111/3111/3111
f 3131/3131/3131 3120/3120/3120 3126/3126/3126
f 3127/3127/3127 3133/3133/3133 3135/3135/3135
f 3124/3124/3124 3123/3123/3123 3132/3132/3132
f 3121/3121/3121 3131/3131/3131 3128/3128/3128
f 3125/3125/3125 3134/3134/3134 3129/3129/3129
f 3134/3134/3134 3111/3111/3111 3124/3124/3124
f 3127/3127/3127 3135/3135/3135 3136/3136/3136
f 3137/3137/3137 3130/3130/3130 3138/3138/3138
f 3136/3136/3136 3126/3126/3126 3127/3127/3127
f 3129/3129/3129 3134/3134/3134 3133/3133/3133
f 3132/3132/3132 3130/3130/3130 3137/3137/3137
f 3131/3131/3131 3126/3126/3126 3139/3139/3139
f 3124/3124/3124 3132/3132/3132 3134/3134/3134
f 3132/3132/3132 3137/3137/3137 3140/3140/3140
f 3126/3126/3126 3136/3136/3136 3141/3141/3141
f 3134/3134/3134 3142/3142/3142 3133/3133/3133
f 3141/3141/3141 3139/3139/3139 3126/3126/3126
f 3133/3133/3133 3142/3142/3142 3135/3135/3135
f 3143/3143/3143 3142/3142/3142 3134/3134/3134
f 3144/3144/3144 3132/3132/3132 3140/3140/3140
f 3136/3136/3136 3145/3145/3145 3141/3141/3141
f 3134/3134/3134 3132/3132/3132 3144/3144/3144
f 3134/3134/3134 3144/3144/3144 3143/3143/3143
f 3146/3146/3146 3143/3143/3143 3144/3144/3144
f 3147/3147/3147 3148/3148/3148 3149/3149/3149
f 3150/3150/3150 3151/3151/3151 3152/3152/3152
f 3148/3148/3148 3153/3153/3153 3149/3149/3149
f 3154/3154/3154 3150/3150/3150 3155/3155/3155
f 3151/3151/3151 3156/3156/3156 3152/3152/3152
f 3157/3157/3157 3154/3154/3154 3158/3158/3158
f 3159/3159/3159 3152/3152/3152 3156/3156/3156
f 3158/3158/3158 3154/3154/3154 3155/3155/3155
f 3150/3150/3150 3152/3152/3152 3160/3160/3160
f 3155/3155/3155 3150/3150/3150 3160/3160/3160
f 3161/3161/3161 3159/3159/3159 3162/3162/3162
f 3163/3163/3163 3157/3157/3157 3158/3158/3158
f 3147/3147/3147 3164/3164/3164 3148/3148/3148
f 3152/3152/3152 3159/3159/3159 3161/3161/3161
f 3165/3165/3165 3163/3163/3163 3158/3158/3158
f 3166/3166/3166 3147/3147/3147 3163/3163/3163
f 3167/3167/3167 3158/3158/3158 3155/3155/3155
f 3164/3164/3164 3147/3147/3147 3166/3166/3166
f 3155/3155/3155 3160/3160/3160 3168/3168/3168
f 3160/3160/3160 3152/3152/3152 3169/3169/3169
f 3161/3161/3161 3170/3170/3170 3152/3152/3152
f 3164/3164/3164 3171/3171/3171 3148/3148/3148
f 3153/3153/3153 3148/3148/3148 3172/3172/3172
f 3155/3155/3155 3168/3168/3168 3167/3167/3167
f 3152/3152/3152 3173/3173/3173 3169/3169/3169
f 3166/3166/3166 3163/3163/3163 3165/3165/3165
f 3174/3174/3174 3170/3170/3170 3161/3161/3161
f 3148/3148/3148 3171/3171/3171 3172/3172/3172
f 3175/3175/3175 3153/3153/3153 3172/3172/3172
f 3168/3168/3168 3160/3160/3160 3176/3176/3176
f 3177/3177/3177 3166/3166/3166 3165/3165/3165
f 3152/3152/3152 3170/3170/3170 3173/3173/3173
f 3164/3164/3164 3166/3166/3166 3177/3177/3177
f 3169/3169/3169 3176/3176/3176 3160/3160/3160
f 3164/3164/3164 3177/3177/3177 3171/3171/3171
f 3173/3173/3173 3178/3178/3178 3169/3169/3169
f 3172/3172/3172 3179/3179/3179 3175/3175/3175
f 3167/3167/3167 3168/3168/3168 3180/3180/3180
f 3165/3165/3165 3158/3158/3158 3181/3181/3181
f 3158/3158/3158 3167/3167/3167 3181/3181/3181
f 3169/3169/3169 3178/3178/3178 3176/3176/3176
f 3171/3171/3171 3182/3182/3182 3172/3172/3172
f 3183/3183/3183 3180/3180/3180 3168/3168/3168
f 3174/3174/3174 3184/3184/3184 3170/3170/3170
f 3167/3167/3167 3180/3180/3180 3181/3181/3181
f 3173/3173/3173 3170/3170/3170 3185/3185/3185
f 3181/3181/3181 3186/3186/3186 3165/3165/3165
f 3170/3170/3170 3184/3184/3184 3185/3185/3185
f 3182/3182/3182 3179/3179/3179 3172/3172/3172
f 3178/3178/3178 3173/3173/3173 3185/3185/3185
f 3183/3183/3183 3168/3168/3168 3176/3176/3176
f 3186/3186/3186 3177/3177/3177 3165/3165/3165
f 3175/3175/3175 3179/3179/3179 3187/3187/3187
f 3171/3171/3171 3177/3177/3177 3188/3188/3188
f 3171/3171/3171 3188/3188/3188 3182/3182/3182
f 3181/3181/3181 3189/3189/3189 3186/3186/3186
f 3177/3177/3177 3190/3190/3190 3188/3188/3188
f 3191/3191/3191 3179/3179/3179 3182/3182/3182
f 3176/3176/3176 3178/3178/3178 3192/3192/3192
f 3177/3177/3177 3186/3186/3186 3190/3190/3190
f 3184/3184/3184 3174/3174/3174 3193/3193/3193
f 3179/3179/3179 3194/3194/3194 3187/3187/3187
f 3192/3192/3192 3178/3178/3178 3185/3185/3185
f 3176/3176/3176 3192/3192/3192 3183/3183/3183
f 3189/3189/3189 3181/3181/3181 3180/3180/3180
f 3188/3188/3188 3190/3190/3190 3195/3195/3195
f 3186/3186/3186 3196/3196/3196 3190/3190/3190
f 3186/3186/3186 3189/3189/3189 3196/3196/3196
f 3195/3195/3195 3182/3182/3182 3188/3188/3188
f 3185/3185/3185 3184/3184/3184 3197/3197/3197
f 3179/3179/3179 3191/3191/3191 3194/3194/3194
f 3197/3197/3197 3184/3184/3184 3193/3193/3193
f 3189/3189/3189 3198/3198/3198 3199/3199/3199
f 3198/3198/3198 3189/3189/3189 3180/3180/3180
f 3198/3198/3198 3180/3180/3180 3183/3183/3183
f 3185/3185/3185 3200/3200/3200 3192/3192/3192
f 3201/3201/3201 3183/3183/3183 3192/3192/3192
f 3195/3195/3195 3190/3190/3190 3196/3196/3196
f 3197/3197/3197 3200/3200/3200 3185/3185/3185
f 3182/3182/3182 3195/3195/3195 3202/3202/3202
f 3202/3202/3202 3191/3191/3191 3182/3182/3182
f 3174/3174/3174 3203/3203/3203 3193/3193/3193
f 3191/3191/3191 3202/3202/3202 3194/3194/3194
f 3196/3196/3196 3189/3189/3189 3199/3199/3199
f 3203/3203/3203 3204/3204/3204 3205/3205/3205
f 3205/3205/3205 3193/3193/3193 3203/3203/3203
f 3192/3192/3192 3200/3200/3200 3206/3206/3206
f 3194/3194/3194 3202/3202/3202 3207/3207/3207
f 3197/3197/3197 3208/3208/3208 3200/3200/3200
f 3201/3201/3201 3192/3192/3192 3206/3206/3206
f 3195/3195/3195 3209/3209/3209 3202/3202/3202
f 3196/3196/3196 3209/3209/3209 3195/3195/3195
f 3206/3206/3206 3200/3200/3200 3208/3208/3208
f 3183/3183/3183 3201/3201/3201 3198/3198/3198
f 3193/3193/3193 3210/3210/3210 3197/3197/3197
f 3210/3210/3210 3193/3193/3193 3205/3205/3205
f 3197/3197/3197 3210/3210/3210 3208/3208/3208
f 3207/3207/3207 3202/3202/3202 3211/3211/3211
f 3206/3206/3206 3208/3208/3208 3212/3212/3212
f 3198/3198/3198 3213/3213/3213 3199/3199/3199
f 3196/3196/3196 3199/3199/3199 3214/3214/3214
f 3198/3198/3198 3215/3215/3215 3213/3213/3213
f 3209/3209/3209 3196/3196/3196 3216/3216/3216
f 3202/3202/3202 3209/3209/3209 3211/3211/3211
f 3215/3215/3215 3198/3198/3198 3201/3201/3201
f 3199/3199/3199 3217/3217/3217 3214/3214/3214
f 3206/3206/3206 3212/3212/3212 3201/3201/3201
f 3211/3211/3211 3209/3209/3209 3218/3218/3218
f 3217/3217/3217 3199/3199/3199 3213/3213/3213
f 3196/3196/3196 3214/3214/3214 3216/3216/3216
f 3209/3209/3209 3216/3216/3216 3218/3218/3218
f 3207/3207/3207 3211/3211/3211 3219/3219/3219
f 3220/3220/3220 3215/3215/3215 3201/3201/3201
f 3211/3211/3211 3218/3218/3218 3219/3219/3219
f 3220/3220/3220 3201/3201/3201 3212/3212/3212
f 3221/3221/3221 3222/3222/3222 3223/3223/3223
f 3223/3223/3223 3222/3222/3222 3224/3224/3224
f 3221/3221/3221 3225/3225/3225 3226/3226/3226
f 3227/3227/3227 3228/3228/3228 3224/3224/3224
f 3224/3224/3224 3228/3228/3228 3223/3223/3223
f 3223/3223/3223 3225/3225/3225 3221/3221/3221
f 3229/3229/3229 3230/3230/3230 3227/3227/3227
f 3227/3227/3227 3230/3230/3230 3231/3231/3231
f 3227/3227/3227 3231/3231/3231 3228/3228/3228
f 3232/3232/3232 3223/3223/3223 3228/3228/3228
f 3225/3225/3225 3223/3223/3223 3232/3232/3232
f 3229/3229/3229 3233/3233/3233 3234/3234/3234
f 3230/3230/3230 3235/3235/3235 3231/3231/3231
f 3231/3231/3231 3235/3235/3235 3228/3228/3228
f 3234/3234/3234 3230/3230/3230 3229/3229/3229
f 3228/3228/3228 3235/3235/3235 3232/3232/3232
f 3233/3233/3233 3236/3236/3236 3237/3237/3237
f 3238/3238/3238 3230/3230/3230 3234/3234/3234
f 3239/3239/3239 3236/3236/3236 3240/3240/3240
f 3233/3233/3233 3241/3241/3241 3234/3234/3234
f 3242/3242/3242 3240/3240/3240 3243/3243/3243
f 3230/3230/3230 3244/3244/3244 3235/3235/3235
f 3244/3244/3244 3230/3230/3230 3238/3238/3238
f 3226/3226/3226 3225/3225/3225 3245/3245/3245
f 3242/3242/3242 3239/3239/3239 3240/3240/3240
f 3241/3241/3241 3238/3238/3238 3234/3234/3234
f 3232/3232/3232 3246/3246/3246 3225/3225/3225
f 3236/3236/3236 3239/3239/3239 3237/3237/3237
f 3233/3233/3233 3237/3237/3237 3241/3241/3241
f 3232/3232/3232 3235/3235/3235 3247/3247/3247
f 3244/3244/3244 3247/3247/3247 3235/3235/3235
f 3238/3238/3238 3241/3241/3241 3248/3248/3248
f 3243/3243/3243 3249/3249/3249 3242/3242/3242
f 3241/3241/3241 3237/3237/3237 3250/3250/3250
f 3239/3239/3239 3242/3242/3242 3251/3251/3251
f 3237/3237/3237 3239/3239/3239 3252/3252/3252
f 3238/3238/3238 3248/3248/3248 3244/3244/3244
f 3253/3253/3253 3244/3244/3244 3248/3248/3248
f 3253/3253/3253 3247/3247/3247 3244/3244/3244
f 3232/3232/3232 3247/3247/3247 3246/3246/3246
f 3237/3237/3237 3252/3252/3252 3250/3250/3250
f 3248/3248/3248 3241/3241/3241 3250/3250/3250
f 3252/3252/3252 3239/3239/3239 3251/3251/3251
f 3248/3248/3248 3250/3250/3250 3254/3254/3254
f 3253/3253/3253 3248/3248/3248 3255/3255/3255
f 3256/3256/3256 3225/3225/3225 3246/3246/3246
f 3225/3225/3225 3257/3257/3257 3245/3245/3245
f 3258/3258/3258 3246/3246/3246 3247/3247/3247
f 3251/3251/3251 3250/3250/3250 3252/3252/3252
f 3253/3253/3253 3258/3258/3258 3247/3247/3247
f 3225/3225/3225 3256/3256/3256 3257/3257/3257
f 3242/3242/3242 3249/3249/3249 3259/3259/3259
f 3248/3248/3248 3254/3254/3254 3255/3255/3255
f 3256/3256/3256 3246/3246/3246 3260/3260/3260
f 3258/3258/3258 3260/3260/3260 3246/3246/3246
f 3261/3261/3261 3250/3250/3250 3251/3251/3251
f 3242/3242/3242 3259/3259/3259 3251/3251/3251
f 3262/3262/3262 3253/3253/3253 3255/3255/3255
f 3254/3254/3254 3250/3250/3250 3261/3261/3261
f 3263/3263/3263 3255/3255/3255 3254/3254/3254
f 3261/3261/3261 3263/3263/3263 3254/3254/3254
f 3262/3262/3262 3258/3258/3258 3253/3253/3253
f 3264/3264/3264 3251/3251/3251 3259/3259/3259
f 3255/3255/3255 3263/3263/3263 3262/3262/3262
f 3264/3264/3264 3261/3261/3261 3251/3251/3251
f 3260/3260/3260 3265/3265/3265 3256/3256/3256
f 3264/3264/3264 3266/3266/3266 3261/3261/3261
f 3267/3267/3267 3260/3260/3260 3258/3258/3258
f 3260/3260/3260 3268/3268/3268 3265/3265/3265
f 3256/3256/3256 3265/3265/3265 3269/3269/3269
f 3269/3269/3269 3265/3265/3265 3268/3268/3268
f 3256/3256/3256 3269/3269/3269 3270/3270/3270
f 3262/3262/3262 3263/3263/3263 3271/3271/3271
f 3271/3271/3271 3258/3258/3258 3262/3262/3262
f 3258/3258/3258 3272/3272/3272 3267/3267/3267
f 3268/3268/3268 3260/3260/3260 3267/3267/3267
f 3271/3271/3271 3272/3272/3272 3258/3258/3258
f 3267/3267/3267 3272/3272/3272 3268/3268/3268
f 3261/3261/3261 3273/3273/3273 3263/3263/3263
f 3263/3263/3263 3274/3274/3274 3271/3271/3271
f 3274/3274/3274 3272/3272/3272 3271/3271/3271
f 3275/3275/3275 3276/3276/3276 3277/3277/3277
f 3278/3278/3278 3279/3279/3279 3280/3280/3280
f 3280/3280/3280 3281/3281/3281 3282/3282/3282
f 3283/3283/3283 3279/3279/3279 3278/3278/3278
f 3284/3284/3284 3285/3285/3285 3286/3286/3286
f 3282/3282/3282 3281/3281/3281 3287/3287/3287
f 3275/3275/3275 3288/3288/3288 3289/3289/3289
f 3290/3290/3290 3291/3291/3291 3287/3287/3287
f 3286/3286/3286 3292/3292/3292 3276/3276/3276
f 3283/3283/3283 3293/3293/3293 3294/3294/3294
f 3280/3280/3280 3282/3282/3282 3278/3278/3278
f 3285/3285/3285 3284/3284/3284 3295/3295/3295
f 3296/3296/3296 3295/3295/3295 3284/3284/3284
f 3288/3288/3288 3275/3275/3275 3297/3297/3297
f 3285/3285/3285 3292/3292/3292 3286/3286/3286
f 3298/3298/3298 3294/3294/3294 3293/3293/3293
f 3283/3283/3283 3278/3278/3278 3293/3293/3293
f 3282/3282/3282 3287/3287/3287 3299/3299/3299
f 3277/3277/3277 3276/3276/3276 3292/3292/3292
f 3299/3299/3299 3287/3287/3287 3291/3291/3291
f 3290/3290/3290 3288/3288/3288 3300/3300/3300
f 3277/3277/3277 3297/3297/3297 3275/3275/3275
f 3277/3277/3277 3292/3292/3292 3301/3301/3301
f 3302/3302/3302 3278/3278/3278 3282/3282/3282
f 3302/3302/3302 3282/3282/3282 3299/3299/3299
f 3303/3303/3303 3285/3285/3285 3295/3295/3295
f 3290/3290/3290 3300/3300/3300 3291/3291/3291
f 3303/3303/3303 3292/3292/3292 3285/3285/3285
f 3304/3304/3304 3305/3305/3305 3306/3306/3306
f 3299/3299/3299 3291/3291/3291 3307/3307/3307
f 3297/3297/3297 3300/3300/3300 3288/3288/3288
f 3298/3298/3298 3293/3293/3293 3308/3308/3308
f 3302/3302/3302 3293/3293/3293 3278/3278/3278
f 3291/3291/3291 3300/3300/3300 3307/3307/3307
f 3309/3309/3309 3297/3297/3297 3277/3277/3277
f 3303/3303/3303 3310/3310/3310 3292/3292/3292
f 3311/3311/3311 3312/3312/3312 3306/3306/3306
f 3310/3310/3310 3303/3303/3303 3313/3313/3313
f 3304/3304/3304 3314/3314/3314 3315/3315/3315
f 3316/3316/3316 3298/3298/3298 3308/3308/3308
f 3302/3302/3302 3299/3299/3299 3317/3317/3317
f 3301/3301/3301 3292/3292/3292 3310/3310/3310
f 3312/3312/3312 3304/3304/3304 3306/3306/3306
f 3299/3299/3299 3307/3307/3307 3317/3317/3317
f 3277/3277/3277 3301/3301/3301 3309/3309/3309
f 3313/3313/3313 3303/3303/3303 3314/3314/3314
f 3304/3304/3304 3318/3318/3318 3314/3314/3314
f 3310/3310/3310 3313/3313/3313 3319/3319/3319
f 3318/3318/3318 3304/3304/3304 3312/3312/3312
f 3320/3320/3320 3301/3301/3301 3310/3310/3310
f 3319/3319/3319 3320/3320/3320 3310/3310/3310
f 3321/3321/3321 3316/3316/3316 3308/3308/3308
f 3321/3321/3321 3322/3322/3322 3316/3316/3316
f 3323/3323/3323 3308/3308/3308 3293/3293/3293
f 3293/3293/3293 3302/3302/3302 3323/3323/3323
f 3324/3324/3324 3322/3322/3322 3321/3321/3321
f 3301/3301/3301 3325/3325/3325 3309/3309/3309
f 3326/3326/3326 3313/3313/3313 3314/3314/3314
f 3323/3323/3323 3302/3302/3302 3327/3327/3327
f 3302/3302/3302 3317/3317/3317 3327/3327/3327
f 3301/3301/3301 3320/3320/3320 3325/3325/3325
f 3313/3313/3313 3326/3326/3326 3328/3328/3328
f 3318/3318/3318 3326/3326/3326 3314/3314/3314
f 3308/3308/3308 3329/3329/3329 3321/3321/3321
f 3300/3300/3300 3297/3297/3297 3330/3330/3330
f 3331/3331/3331 3324/3324/3324 3321/3321/3321
f 3329/3329/3329 3331/3331/3331 3321/3321/3321
f 3309/3309/3309 3332/3332/3332 3297/3297/3297
f 3319/3319/3319 3325/3325/3325 3320/3320/3320
f 3297/3297/3297 3332/3332/3332 3330/3330/3330
f 3319/3319/3319 3313/3313/3313 3328/3328/3328
f 3333/3333/3333 3326/3326/3326 3318/3318/3318
f 3300/3300/3300 3330/3330/3330 3307/3307/3307
f 3333/3333/3333 3318/3318/3318 3312/3312/3312
f 3317/3317/3317 3307/3307/3307 3334/3334/3334
f 3335/3335/3335 3336/3336/3336 3337/3337/3337
f 3332/3332/3332 3309/3309/3309 3338/3338/3338
f 3336/3336/3336 3339/3339/3339 3337/3337/3337
f 3340/3340/3340 3339/3339/3339 3324/3324/3324
f 3341/3341/3341 3331/3331/3331 3329/3329/3329
f 3308/3308/3308 3323/3323/3323 3329/3329/3329
f 3342/3342/3342 3335/3335/3335 3337/3337/3337
f 3343/3343/3343 3324/3324/3324 3331/3331/3331
f 3339/3339/3339 3340/3340/3340 3337/3337/3337
f 3324/3324/3324 3343/3343/3343 3340/3340/3340
f 3330/3330/3330 3334/3334/3334 3307/3307/3307
f 3330/3330/3330 3332/3332/3332 3344/3344/3344
f 3345/3345/3345 3319/3319/3319 3328/3328/3328
f 3342/3342/3342 3337/3337/3337 3346/3346/3346
f 3325/3325/3325 3338/3338/3338 3309/3309/3309
f 3319/3319/3319 3347/3347/3347 3325/3325/3325
f 3327/3327/3327 3317/3317/3317 3348/3348/3348
f 3326/3326/3326 3333/3333/3333 3328/3328/3328
f 3346/3346/3346 3337/3337/3337 3340/3340/3340
f 3348/3348/3348 3317/3317/3317 3334/3334/3334
f 3325/3325/3325 3349/3349/3349 3338/3338/3338
f 3350/3350/3350 3325/3325/3325 3347/3347/3347
f 3344/3344/3344 3332/3332/3332 3338/3338/3338
f 3351/3351/3351 3328/3328/3328 3333/3333/3333
f 3343/3343/3343 3331/3331/3331 3352/3352/3352
f 3334/3334/3334 3330/3330/3330 3353/3353/3353
f 3323/3323/3323 3327/3327/3327 3354/3354/3354
f 3349/3349/3349 3325/3325/3325 3350/3350/3350
f 3344/3344/3344 3338/3338/3338 3355/3355/3355
f 3323/3323/3323 3354/3354/3354 3329/3329/3329
f 3319/3319/3319 3356/3356/3356 3347/3347/3347
f 3342/3342/3342 3357/3357/3357 3358/3358/3358
f 3359/3359/3359 3340/3340/3340 3343/3343/3343
f 3334/3334/3334 3353/3353/3353 3348/3348/3348
f 3330/3330/3330 3344/3344/3344 3353/3353/3353
f 3357/3357/3357 3342/3342/3342 3360/3360/3360
f 3355/3355/3355 3338/3338/3338 3349/3349/3349
f 3328/3328/3328 3351/3351/3351 3361/3361/3361
f 3331/3331/3331 3341/3341/3341 3352/3352/3352
f 3345/3345/3345 3356/3356/3356 3319/3319/3319
f 3354/3354/3354 3327/3327/3327 3348/3348/3348
f 3345/3345/3345 3328/3328/3328 3361/3361/3361
f 3342/3342/3342 3346/3346/3346 3360/3360/3360
f 3349/3349/3349 3362/3362/3362 3355/3355/3355
f 3363/3363/3363 3353/3353/3353 3344/3344/3344
f 3363/3363/3363 3344/3344/3344 3355/3355/3355
f 3359/3359/3359 3346/3346/3346 3340/3340/3340
f 3362/3362/3362 3363/3363/3363 3355/3355/3355
f 3345/3345/3345 3364/3364/3364 3356/3356/3356
f 3359/3359/3359 3343/3343/3343 3352/3352/3352
f 3364/3364/3364 3345/3345/3345 3361/3361/3361
f 3360/3360/3360 3346/3346/3346 3365/3365/3365
f 3366/3366/3366 3348/3348/3348 3353/3353/3353
f 3353/3353/3353 3363/3363/3363 3366/3366/3366
f 3365/3365/3365 3367/3367/3367 3360/3360/3360
f 3329/3329/3329 3354/3354/3354 3368/3368/3368
f 3347/3347/3347 3369/3369/3369 3350/3350/3350
f 3369/3369/3369 3347/3347/3347 3356/3356/3356
f 3365/3365/3365 3346/3346/3346 3370/3370/3370
f 3346/3346/3346 3359/3359/3359 3371/3371/3371
f 3341/3341/3341 3329/3329/3329 3368/3368/3368
f 3372/3372/3372 3366/3366/3366 3363/3363/3363
f 3362/3362/3362 3372/3372/3372 3363/3363/3363
f 3341/3341/3341 3373/3373/3373 3352/3352/3352
f 3370/3370/3370 3346/3346/3346 3371/3371/3371
f 3374/3374/3374 3359/3359/3359 3352/3352/3352
f 3356/3356/3356 3364/3364/3364 3369/3369/3369
f 3354/3354/3354 3348/3348/3348 3375/3375/3375
f 3375/3375/3375 3348/3348/3348 3366/3366/3366
f 3373/3373/3373 3374/3374/3374 3352/3352/3352
f 3376/3376/3376 3354/3354/3354 3375/3375/3375
f 3362/3362/3362 3349/3349/3349 3377/3377/3377
f 3370/3370/3370 3378/3378/3378 3365/3365/3365
f 3371/3371/3371 3359/3359/3359 3374/3374/3374
f 3379/3379/3379 3350/3350/3350 3369/3369/3369
f 3375/3375/3375 3366/3366/3366 3380/3380/3380
f 3369/3369/3369 3364/3364/3364 3381/3381/3381
f 3377/3377/3377 3349/3349/3349 3350/3350/3350
f 3370/3370/3370 3371/3371/3371 3382/3382/3382
f 3341/3341/3341 3368/3368/3368 3383/3383/3383
f 3354/3354/3354 3376/3376/3376 3368/3368/3368
f 3372/3372/3372 3380/3380/3380 3366/3366/3366
f 3379/3379/3379 3369/3369/3369 3381/3381/3381
f 3350/3350/3350 3379/3379/3379 3377/3377/3377
f 3341/3341/3341 3383/3383/3383 3373/3373/3373
f 3374/3374/3374 3382/3382/3382 3371/3371/3371
f 3376/3376/3376 3375/3375/3375 3380/3380/3380
f 3378/3378/3378 3370/3370/3370 3384/3384/3384
f 3385/3385/3385 3362/3362/3362 3377/3377/3377
f 3381/3381/3381 3364/3364/3364 3386/3386/3386
f 3382/3382/3382 3384/3384/3384 3370/3370/3370
f 3373/3373/3373 3387/3387/3387 3374/3374/3374
f 3383/3383/3383 3387/3387/3387 3373/3373/3373
f 3384/3384/3384 3388/3388/3388 3378/3378/3378
f 3376/3376/3376 3389/3389/3389 3368/3368/3368
f 3379/3379/3379 3385/3385/3385 3377/3377/3377
f 3390/3390/3390 3382/3382/3382 3374/3374/3374
f 3383/3383/3383 3391/3391/3391 3387/3387/3387
f 3381/3381/3381 3386/3386/3386 3392/3392/3392
f 3393/3393/3393 3374/3374/3374 3387/3387/3387
f 3368/3368/3368 3391/3391/3391 3383/3383/3383
f 3372/3372/3372 3362/3362/3362 3385/3385/3385
f 3385/3385/3385 3379/3379/3379 3394/3394/3394
f 3395/3395/3395 3388/3388/3388 3384/3384/3384
f 3393/3393/3393 3390/3390/3390 3374/3374/3374
f 3396/3396/3396 3379/3379/3379 3381/3381/3381
f 3381/3381/3381 3392/3392/3392 3396/3396/3396
f 3384/3384/3384 3382/3382/3382 3390/3390/3390
f 3376/3376/3376 3380/3380/3380 3389/3389/3389
f 3397/3397/3397 3388/3388/3388 3395/3395/3395
f 3394/3394/3394 3379/3379/3379 3396/3396/3396
f 3380/3380/3380 3372/3372/3372 3398/3398/3398
f 3368/3368/3368 3389/3389/3389 3391/3391/3391
f 3399/3399/3399 3372/3372/3372 3385/3385/3385
f 3399/3399/3399 3385/3385/3385 3394/3394/3394
f 3395/3395/3395 3384/3384/3384 3390/3390/3390
f 3399/3399/3399 3398/3398/3398 3372/3372/3372
f 3380/3380/3380 3398/3398/3398 3400/3400/3400
f 3401/3401/3401 3390/3390/3390 3393/3393/3393
f 3391/3391/3391 3389/3389/3389 3402/3402/3402
f 3403/3403/3403 3398/3398/3398 3399/3399/3399
f 3395/3395/3395 3404/3404/3404 3397/3397/3397
f 3390/3390/3390 3404/3404/3404 3395/3395/3395
f 3389/3389/3389 3380/3380/3380 3400/3400/3400
f 3401/3401/3401 3393/3393/3393 3405/3405/3405
f 3402/3402/3402 3387/3387/3387 3391/3391/3391
f 3394/3394/3394 3396/3396/3396 3406/3406/3406
f 3393/3393/3393 3387/3387/3387 3405/3405/3405
f 3400/3400/3400 3398/3398/3398 3403/3403/3403
f 3403/3403/3403 3399/3399/3399 3394/3394/3394
f 3401/3401/3401 3404/3404/3404 3390/3390/3390
f 3403/3403/3403 3394/3394/3394 3407/3407/3407
f 3404/3404/3404 3408/3408/3408 3397/3397/3397
f 3407/3407/3407 3394/3394/3394 3406/3406/3406
f 3387/3387/3387 3402/3402/3402 3409/3409/3409
f 3387/3387/3387 3409/3409/3409 3405/3405/3405
f 3389/3389/3389 3410/3410/3410 3402/3402/3402
f 3389/3389/3389 3400/3400/3400 3410/3410/3410
f 3400/3400/3400 3403/3403/3403 3411/3411/3411
f 3407/3407/3407 3406/3406/3406 3412/3412/3412
f 3402/3402/3402 3413/3413/3413 3409/3409/3409
f 3404/3404/3404 3401/3401/3401 3414/3414/3414
f 3402/3402/3402 3415/3415/3415 3416/3416/3416
f 3416/3416/3416 3413/3413/3413 3402/3402/3402
f 3402/3402/3402 3410/3410/3410 3415/3415/3415
f 3410/3410/3410 3400/3400/3400 3411/3411/3411
f 3403/3403/3403 3407/3407/3407 3417/3417/3417
f 3418/3418/3418 3404/3404/3404 3414/3414/3414
f 3411/3411/3411 3403/3403/3403 3417/3417/3417
f 3407/3407/3407 3412/3412/3412 3417/3417/3417
f 3414/3414/3414 3401/3401/3401 3419/3419/3419
f 3401/3401/3401 3405/3405/3405 3419/3419/3419
f 3410/3410/3410 3411/3411/3411 3415/3415/3415
f 3405/3405/3405 3409/3409/3409 3420/3420/3420
f 3416/3416/3416 3415/3415/3415 3421/3421/3421
f 3417/3417/3417 3422/3422/3422 3411/3411/3411
f 3409/3409/3409 3413/3413/3413 3420/3420/3420
f 3413/3413/3413 3416/3416/3416 3421/3421/3421
f 3420/3420/3420 3419/3419/3419 3405/3405/3405
f 3413/3413/3413 3423/3423/3423 3420/3420/3420
f 3423/3423/3423 3413/3413/3413 3421/3421/3421
f 3414/3414/3414 3419/3419/3419 3424/3424/3424
f 3420/3420/3420 3424/3424/3424 3419/3419/3419
f 3421/3421/3421 3425/3425/3425 3423/3423/3423
f 3418/3418/3418 3426/3426/3426 3427/3427/3427
f 3418/3418/3418 3414/3414/3414 3426/3426/3426
f 3424/3424/3424 3420/3420/3420 3428/3428/3428
f 3429/3429/3429 3430/3430/3430 3427/3427/3427
f 3414/3414/3414 3424/3424/3424 3426/3426/3426
f 3420/3420/3420 3423/3423/3423 3431/3431/3431
f 3430/3430/3430 3429/3429/3429 3432/3432/3432
f 3429/3429/3429 3427/3427/3427 3426/3426/3426
f 3431/3431/3431 3428/3428/3428 3420/3420/3420
f 3424/3424/3424 3428/3428/3428 3433/3433/3433
f 3424/3424/3424 3433/3433/3433 3426/3426/3426
f 3423/3423/3423 3425/3425/3425 3431/3431/3431
f 3433/3433/3433 3429/3429/3429 3426/3426/3426
f 3434/3434/3434 3431/3431/3431 3425/3425/3425
f 3428/3428/3428 3431/3431/3431 3435/3435/3435
f 3428/3428/3428 3435/3435/3435 3433/3433/3433
f 3435/3435/3435 3431/3431/3431 3434/3434/3434
f 3429/3429/3429 3433/3433/3433 3436/3436/3436
f 3432/3432/3432 3429/3429/3429 3437/3437/3437
f 3433/3433/3433 3435/3435/3435 3436/3436/3436
f 3437/3437/3437 3429/3429/3429 3436/3436/3436
f 3438/3438/3438 3439/3439/3439 3440/3440/3440
f 3438/3438/3438 3441/3441/3441 3439/3439/3439
f 3442/3442/3442 3443/3443/3443 3440/3440/3440
f 3443/3443/3443 3442/3442/3442 3444/3444/3444
f 3438/3438/3438 3440/3440/3440 3445/3445/3445
f 3445/3445/3445 3440/3440/3440 3443/3443/3443
f 3446/3446/3446 3443/3443/3443 3444/3444/3444
f 3447/3447/3447 3448/3448/3448 3449/3449/3449
f 3445/3445/3445 3443/3443/3443 3450/3450/3450
f 3451/3451/3451 3450/3450/3450 3452/3452/3452
f 3447/3447/3447 3453/3453/3453 3448/3448/3448
f 3451/3451/3451 3445/3445/3445 3450/3450/3450
f 3454/3454/3454 3455/3455/3455 3445/3445/3445
f 3447/3447/3447 3456/3456/3456 3453/3453/3453
f 3445/3445/3445 3451/3451/3451 3454/3454/3454
f 3447/3447/3447 3455/3455/3455 3456/3456/3456
f 3457/3457/3457 3455/3455/3455 3454/3454/3454
f 3457/3457/3457 3456/3456/3456 3455/3455/3455
f 3458/3458/3458 3453/3453/3453 3456/3456/3456
f 3454/3454/3454 3459/3459/3459 3457/3457/3457
f 3458/3458/3458 3456/3456/3456 3457/3457/3457
f 3451/3451/3451 3460/3460/3460 3461/3461/3461
f 3454/3454/3454 3451/3451/3451 3461/3461/3461
f 3460/3460/3460 3462/3462/3462 3461/3461/3461
f 3463/3463/3463 3461/3461/3461 3462/3462/3462
f 3459/3459/3459 3454/3454/3454 3463/3463/3463
f 3454/3454/3454 3461/3461/3461 3463/3463/3463
f 3457/3457/3457 3459/3459/3459 3458/3458/3458
f 3464/3464/3464 3459/3459/3459 3465/3465/3465
f 3459/3459/3459 3466/3466/3466 3458/3458/3458
f 3467/3467/3467 3468/3468/3468 3464/3464/3464
f 3469/3469/3469 3459/3459/3459 3464/3464/3464
f 3469/3469/3469 3466/3466/3466 3459/3459/3459
f 3469/3469/3469 3470/3470/3470 3466/3466/3466
f 3468/3468/3468 3469/3469/3469 3464/3464/3464
f 3468/3468/3468 3471/3471/3471 3469/3469/3469
f 3472/3472/3472 3469/3469/3469 3471/3471/3471
f 3473/3473/3473 3469/3469/3469 3472/3472/3472
f 3470/3470/3470 3469/3469/3469 3473/3473/3473
f 3472/3472/3472 3474/3474/3474 3473/3473/3473
f 3475/3475/3475 3474/3474/3474 3472/3472/3472
