# exported by v3d-codec
mtllib model.mtl
o surface_7
v -0.33485234 0.014437377 0.033391584
v -0.3472165 0.003997624 0.007955547
v -0.3527543 0.0059042573 0.041304894
v -0.3213787 0.0090485215 0.021283
v -0.32352477 0.009280384 0.04057149
v -0.30729038 0.009620547 0.015883878
v -0.30062348 0.0109555125 0.054611124
v -0.31896424 0.0073424876 -0.0037386864
v -0.30802244 0.019915938 -0.01624601
v -0.3251263 0.008814156 -0.02332921
v -0.29158843 0.029057711 -0.0067777727
v -0.29780197 0.03259641 -0.018165447
v -0.30557775 0.019815147 0.012363806
v -0.29941863 0.03031671 0.03274802
v -0.29268414 0.037224323 0.00041823462
v -0.29915518 0.050178826 0.015970625
v -0.28074503 0.05850923 -0.009535316
v -0.29042006 0.067284584 0.019060455
v -0.27490985 0.042783618 -0.030082166
v -0.27177918 0.05415976 -0.024281122
v -0.26535058 0.061388373 -0.06123116
v -0.28744406 0.04099971 -0.04664087
v -0.26861942 0.072018296 -0.010469072
v -0.24642228 0.12586612 -0.020001478
v -0.24711834 0.1186018 -0.059299946
v -0.25405115 0.0940676 -0.0021884702
v -0.25557733 0.08803612 0.01358822
v -0.250593 0.118228436 -0.005444709
v -0.2326064 0.12798929 0.0032730848
v -0.2068763 0.14469454 -0.0001575891
v -0.2191725 0.14544356 -0.037883688
v -0.23986436 0.13874164 -0.050881516
v -0.2012176 0.14917439 -0.038941912
v -0.18130367 0.15067777 -0.06957537
v -0.18034135 0.14516911 -0.08576742
v -0.1566891 0.1491214 -0.07305038
v -0.20615122 0.13969511 -0.083413735
v -0.2788096 0.07295644 0.0034404695
v -0.2378047 0.102113515 0.0057891607
v -0.2747733 0.071627796 0.036264494
v -0.28832865 0.04638812 0.061622143
v -0.29101348 0.020622402 0.070169255
v -0.31063753 0.006924331 0.063132055
v -0.27415454 0.055235118 -0.081221044
v -0.29363298 0.042224407 -0.07544044
v -0.25443512 0.06364545 -0.08320709
v -0.2594117 0.058999956 -0.11236559
v -0.24488316 0.08690223 -0.07483041
v -0.2822252 0.04756868 -0.09583603
v -0.2962271 0.02826655 -0.0890428
v -0.29256082 0.021266252 -0.10610711
v -0.30229896 0.025949448 -0.071305506
v -0.2979687 0.015664399 -0.08611744
v -0.30023915 0.027773678 -0.056427002
v -0.3199739 0.008722752 -0.06501791
v -0.3118912 0.022660017 -0.03732931
v -0.31770688 0.0055179894 -0.03294731
v -0.3061496 0.011993289 -0.09891321
v -0.30349374 0.015141666 -0.109071106
v -0.31702334 0.0066925287 -0.11668316
v -0.32171935 0.004160583 -0.11399742
v -0.32264686 0.004650444 -0.11819881
v -0.049577624 0.008868724 0.19673309
v -0.028618809 0.006280571 0.1991209
v -0.029895127 0.0060727894 0.22153895
v 0.037743136 0.00014972687 0.17290784
v 0.043708246 0.00034338236 0.14014447
v 0.06570733 0.00086194277 0.1788222
v 0.010631725 0.0018736124 0.14930966
v 0.095604405 0.0024362206 0.15450473
v 0.0844004 0.011679709 0.11161761
v 0.08979246 0.0035166144 0.19302061
v 0.11310618 0.005880028 0.16234845
v 0.051324017 0.006135732 0.21417563
v 0.08627471 0.0018561482 0.23105516
v 0.023423843 0.0050614476 0.2040367
v 0.02237457 0.0031852722 0.22170411
v -0.0052538775 0.0027554035 0.2098154
v 0.0068737827 0.0020099878 0.23981242
v 0.124970175 0.0026404858 0.14018907
v 0.10872177 0.009119034 0.12029511
v 0.12646063 0.010305941 0.11922632
v 0.10865106 0.01485613 0.096409276
v 0.10597604 0.009084463 0.0744317
v 0.12379614 0.015394717 0.10022248
v 0.040531315 0.006413549 0.09742087
v 0.02068707 0.005905032 0.12710017
v 0.080401964 0.006199479 0.06578058
v 0.09562558 0.012970328 0.0867592
v -0.19432674 0.017398834 0.09863217
v -0.20259069 0.009161174 0.08170234
v -0.18174808 0.010947108 0.09046517
v -0.20642431 0.017761976 0.09433442
v -0.21272857 0.008451819 0.09191968
v -0.1835351 0.013234496 0.11690019
v -0.17044462 0.0077046156 0.109056115
v -0.20731597 0.016115636 0.11000882
v -0.15686288 0.015563607 0.110272676
v -0.15831603 0.012903392 0.124246076
v -0.1365664 0.012534142 0.1097655
v -0.14003707 0.012526035 0.09651668
v -0.11627133 0.01325652 0.083914876
v -0.11842328 0.019198537 0.07346784
v -0.10162592 0.016372323 0.07761158
v -0.12882528 0.017482102 0.11080836
v -0.11008324 0.018141687 0.09480956
v -0.11182152 0.016399622 0.11878413
v -0.12539697 0.011789948 0.14869562
v -0.089019224 0.012178361 0.09937589
v -0.08721745 0.008478314 0.13514471
v -0.09596742 0.013628542 0.085435316
v -0.08989867 0.0108882785 0.073368594
v -0.0630365 0.0071531534 0.09399914
v -0.055032417 0.006298214 0.047777764
v -0.026435077 0.0029221773 0.060189426
v 0.008037036 0.010802746 0.022666305
v -0.047069907 0.0032988787 0.109999955
v 0.002255831 0.0026308894 0.1015472
v -0.013319489 0 0.1258493
v -0.045124024 0.0022520423 0.14082707
v -0.023487106 0.00300771 0.1634788
v -0.028618809 0.006280571 0.1991209
v -0.06560605 0.0036062002 0.16555484
v -0.049577624 0.008868724 0.19673309
v 0.010631725 0.0018736124 0.14930966
v 0.01701516 0.0066999495 0.17944278
v -0.0066537447 0.010608703 0.19133066
v -0.0017643478 0.011164039 0.20713432
v 0.02831584 0.0069195926 0.19410525
v 0.023423843 0.0050614476 0.2040367
v 0.06570733 0.00086194277 0.1788222
v -0.08173979 0.011956006 0.03285222
v -0.057660498 0.00819844 0.029874269
v -0.07311222 0.011821121 0.00063513406
v -0.053950645 0.0073854923 0.009035286
v -0.069552965 0.012871027 -0.0027042571
v -0.08475878 0.011821568 -0.014728039
v 0.020045035 0.0041877627 0.041700333
v 0.0041858368 0.0046972334 0.13391794
v 0.02068707 0.005905032 0.12710017
v 0.0104465075 0.00981459 0.14011914
v -0.10228649 0.012288213 0.057142153
v -0.11910342 0.013079286 0.043051302
v -0.104404464 0.016018152 0.02051758
v -0.12153058 0.016441047 0.0296764
v -0.13409077 0.014639407 0.019468762
v -0.09039495 0.015300065 0.009437025
v -0.08095871 0.019082993 0.0019811
v -0.09269813 0.018119752 -0.0031768698
v -0.10021849 0.015816867 0.082686886
v -0.09314744 0.01738891 0.08301633
v -0.14300357 0.017385483 0.13212499
v 0.040531315 0.006413549 0.09742087
v 0.080401964 0.006199479 0.06578058
v 0.0844004 0.011679709 0.11161761
v -0.15070227 0.017852187 0.11902721
v 0.07121037 0.0043581724 0.035015866
v 0.11699851 0.0058629513 0.04521253
v 0.09221254 0.006239116 0.002741415
v 0.07253764 0.0060409307 0.007021226
v 0.06719595 0.0074193478 -0.012959115
v 0.07373989 0.008699238 -0.022333223
v 0.13186261 0.006290674 0.008154765
v 0.10597604 0.009084463 0.0744317
v 0.1060551 0.0046833158 0.10528019
v 0.12469673 0.007312149 -0.021835923
v 0.09136232 0.011255741 -0.012817426
v 0.093408644 0.006911695 -0.03608968
v 0.08879702 0.007839501 -0.029744245
v 0.09734149 0.0072191954 -0.057031117
v 0.13937634 0.00586015 -0.079402536
v 0.1548641 0.0068587363 -0.060974594
v 0.08286973 0.007544279 -0.033993833
v 0.06295002 0.005444348 -0.016318023
v 0.06165227 0.006241858 -0.020677999
v 0.1520398 0.009063184 -0.028302526
v 0.06855579 0.0065611005 -0.02513325
v 0.06762138 0.0038840175 -0.033641543
v 0.06284723 0.0072754025 -0.022824414
v 0.12292799 0.0072928667 -0.07312971
v 0.09294243 0.0075561404 -0.0705139
v 0.12726858 0.002894044 -0.09416253
v 0.13227129 0.0077403784 -0.106548294
v 0.11221079 0.005933583 -0.10438012
v 0.12058036 0.0079681575 -0.12970573
v 0.08474074 0.008923173 -0.026456093
v 0.071551405 0.009282649 0.02658894
v -0.08138808 0.009370357 0.16842873
v -0.112948194 0.011118501 0.1641409
v -0.15159087 0.005616516 0.16324921
v -0.1611857 0.0047947466 0.1619163
v -0.16492482 0.0034959912 0.16744877
v -0.16051976 0.0077192187 0.14965253
v -0.1661628 0.0061196685 0.15675561
v -0.16821387 0.0046439767 0.16796218
v -0.16608313 0.004435867 0.16631012
v -0.18494779 0.0068933666 0.14701687
v -0.17074446 0.0076266527 0.14735822
v -0.18554614 0.0058631897 0.1617992
v -0.2282814 0.007759571 0.13217871
v -0.2113594 0.008556843 0.13014723
v -0.19158325 0.0065071583 0.13315926
v -0.22001977 0.01211983 0.114098415
v -0.0742043 0.012479186 0.11949436
v 0.037743136 0.00014972687 0.17290784
v -0.15793236 0.010832131 0.13662367
v -0.2182843 0.015057266 0.099498436
v -0.19941483 0.0144480765 0.12748566
v 0.06762138 0.0038840175 -0.033641543
v 0.06855579 0.0065611005 -0.02513325
v 0.06295002 0.005444348 -0.016318023
v 0.054224685 0.0048629045 -0.021602811
v 0.06685515 0.007063985 -0.0064892806
v -0.08989867 0.0108882785 0.073368594
v -0.09596742 0.013628542 0.085435316
v -0.11627133 0.01325652 0.083914876
v 0.10865106 0.01485613 0.096409276
v 0.10872177 0.009119034 0.12029511
v 0.1060551 0.0046833158 0.10528019
v 0.10597604 0.009084463 0.0744317
v -0.24246718 0.0070602596 0.08639957
v -0.23111276 0.015959442 0.08855788
v -0.24146067 0.0066509843 0.09711157
v -0.22295909 0.007170975 0.07176992
v -0.22702695 0.023664236 0.0976197
v -0.21879317 0.01957509 0.08499135
v -0.20259069 0.009161174 0.08170234
v -0.21432646 0.023881704 0.06125942
v -0.1970803 0.013861418 0.0729256
v -0.18174808 0.010947108 0.09046517
v 0.071551405 0.009282649 0.02658894
v 0.07253764 0.0060409307 0.007021226
v 0.07121037 0.0043581724 0.035015866
v 0.0104465075 0.00981459 0.14011914
v 0.0048738625 0.01695177 0.14410223
v 0.0041858368 0.0046972334 0.13391794
v 0.015632426 0.007380098 0.1514407
v -0.021086387 0.008853972 0.14976068
v -0.027822495 0.017659843 0.15670441
v 0.018160593 0.023403168 0.1607297
v 0.030510489 0.022116393 0.14988483
v -0.017659068 0.022287399 0.17247242
v 0.010520864 0.022230297 0.1788425
v 0.038292587 0.022397429 0.18098672
v -0.0020224173 0.01854229 0.18903676
v 0.019632297 0.0187096 0.18910518
v 0.059317134 0.019369006 0.16117433
v 0.053118244 0.01922512 0.14866231
v 0.06722916 0.0106164515 0.15056531
v 0.047990203 0.008301407 0.13441007
v 0.0430812 0.015084237 0.1448184
v -0.26609826 0.015119016 -0.046630986
v -0.26287228 0.010766029 -0.04362662
v -0.27639318 0.017094672 -0.049873106
v -0.2577629 0.014632344 -0.04926759
v -0.2692991 0.021734744 -0.0525619
v 0.07253764 0.0060409307 0.007021226
v 0.06685515 0.007063985 -0.0064892806
v 0.06295002 0.005444348 -0.016318023
v 0.065282255 0.0051534176 -0.032273866
v 0.06762138 0.0038840175 -0.033641543
v 0.054224685 0.0048629045 -0.021602811
v -0.16542493 0.0063578486 0.1640682
v -0.1611857 0.0047947466 0.1619163
v -0.16492482 0.0034959912 0.16744877
v -0.1640067 0.005464196 0.16746621
v -0.16492482 0.0034959912 0.16744877
v -0.16608313 0.004435867 0.16631012
v -0.32352477 0.009280384 0.04057149
v -0.3527543 0.0059042573 0.041304894
v -0.3472165 0.003997624 0.007955547
v -0.31896424 0.0073424876 -0.0037386864
v -0.3022576 0.0044738054 0.012349453
v -0.30242634 0.009339541 -0.014625747
v -0.29792267 0.006801069 0.041111313
v -0.30095118 0.0039870143 0.05831307
v -0.27031463 0.0073384047 0.07105242
v -0.31063753 0.006924331 0.063132055
v -0.2827735 0.008804083 0.08435474
v -0.24146067 0.0066509843 0.09711157
v -0.25241756 0.0070981383 0.1109523
v -0.24246718 0.0070602596 0.08639957
v -0.2182843 0.015057266 0.099498436
v -0.22001977 0.01211983 0.114098415
v -0.22604568 0.0065460503 0.09994681
v -0.2282814 0.007759571 0.13217871
v -0.24430887 0.0037443042 0.12735985
v -0.24135481 0.004160583 0.14024386
v -0.24511044 0.0026713014 0.13064145
v -0.24528728 0.002588451 0.13206793
v -0.24656813 0.0032144785 0.13183622
v -0.25023764 0.0035998225 0.1376708
v -0.2502147 0.0043566525 0.13233583
v -0.28788757 0.007652968 -0.013577409
v -0.3251263 0.008814156 -0.02332921
v -0.31770688 0.0055179894 -0.03294731
v -0.30737758 0.008601397 -0.036411326
v -0.28856277 0.014318496 -0.040283047
v -0.3084681 0.006095648 -0.051073693
v -0.3199739 0.008722752 -0.06501791
v -0.30577564 0.015725583 -0.06256092
v -0.29501456 0.011091322 -0.06661831
v -0.3044902 0.01002115 -0.08296054
v -0.3061496 0.011993289 -0.09891321
v -0.2914244 0.011267036 -0.08397884
v -0.27971584 0.013142228 -0.072665595
v -0.28387594 0.007939398 -0.06193136
v -0.2654305 0.012144148 -0.053785097
v -0.2700842 0.013413519 -0.065579794
v -0.2577629 0.014632344 -0.04926759
v -0.26926005 0.01938212 -0.07879324
v -0.2418314 0.017262042 -0.036169834
v -0.26287228 0.010766029 -0.04362662
v -0.29138124 0.015861899 -0.10298622
v -0.2989093 0.016537577 -0.054097857
v -0.27639318 0.017094672 -0.049873106
v -0.2743386 0.014137834 -0.025930027
v -0.21272857 0.008451819 0.09191968
v -0.32264686 0.004650444 -0.11819881
v -0.33875954 0.003974259 -0.11814237
v -0.32614225 0.0041855574 -0.11883247
v -0.32098454 0.0054964423 -0.118993476
v -0.3218791 0.0041044354 -0.11769774
v -0.32614225 0.0041855574 -0.11883247
v -0.3215677 0.0049275756 -0.12761861
v -0.31927013 0.005509317 -0.12013559
v -0.33875954 0.003974259 -0.11814237
v -0.3347817 0.0059252977 -0.12851179
v -0.30740017 0.0067147017 -0.12728581
v -0.32171935 0.004160583 -0.11399742
v -0.3218791 0.0041044354 -0.11769774
v -0.3126788 0.006821096 -0.11524632
v -0.32264686 0.004650444 -0.11819881
v -0.3061496 0.011993289 -0.09891321
v -0.3025639 0.0074192286 -0.14132836
v -0.27167457 0.010991693 -0.12542288
v -0.31586677 0.0051043034 -0.12291528
v -0.32098454 0.0054964423 -0.118993476
v -0.3215677 0.0049275756 -0.12761861
v -0.3201819 0.0058647394 -0.12103124
v -0.31702334 0.0066925287 -0.11668316
v -0.27662712 0.011455148 -0.13864276
v -0.25077796 0.007125795 -0.14536573
v -0.2833296 0.00885272 -0.1568055
v -0.2582723 0.006646931 -0.16509509
v -0.23282577 0.009490162 -0.1575246
v -0.22783445 0.0076782703 -0.1824205
v -0.21403123 0.008334398 -0.16757616
v -0.21070223 0.0053573847 -0.18549801
v -0.19813652 0.012747824 -0.14991634
v -0.20016865 0.014293492 -0.16952325
v -0.19361834 0.017712414 -0.17423272
v -0.19494867 0.014184594 -0.17470871
v -0.1908815 0.007006526 -0.18440972
v -0.21560837 0.004467696 -0.19329147
v -0.14236292 0.014514804 -0.19568628
v -0.15343195 0.012148023 -0.18481587
v -0.15341976 0.012088656 -0.20835122
v -0.16556391 0.018112153 -0.19746804
v -0.13287295 0.015362442 -0.21651417
v -0.11986695 0.011361659 -0.20231768
v -0.09592165 0.011436969 -0.2241379
v -0.12744649 0.012180954 -0.23981242
v -0.09169722 0.011133462 -0.20413259
v -0.12635885 0.013329506 -0.18794133
v -0.0546277 0.013158619 -0.20763202
v -0.06031482 0.0117403865 -0.19303177
v -0.17268883 0.015970439 -0.22465177
v -0.19016428 0.022201538 -0.19583808
v -0.17760463 0.017724812 -0.18076183
v -0.16569288 0.009203255 -0.18721372
v -0.19361834 0.017712414 -0.17423272
v -0.20471719 0.01388815 -0.1793685
v -0.20442344 0.019113779 -0.1948358
v -0.2073441 0.009197116 -0.2034619
v -0.14692749 0.010653973 -0.22543366
v -0.04027365 0.012946576 -0.18018852
v -0.032142952 0.013079345 -0.19702603
v -0.025466755 0.013029754 -0.18508731
v -0.018251449 0.009927005 -0.21691962
v -0.004921958 0.010751665 -0.23289086
v -0.048468903 0.01040256 -0.23611264
v 0.005202949 0.009133041 -0.22338633
v -0.03535448 0.016563922 -0.16814484
v -0.19078249 0.013760328 -0.22219537
v 0.018239202 0.009886205 -0.22333907
v 0.012375515 0.012422055 -0.21536453
v 0.016829098 0.0139965415 -0.20031835
v -0.12680273 0.013593227 -0.19536817
v -0.13374536 0.01608482 -0.18691613
v -0.1393853 0.013528973 -0.18337476
v -0.14248097 0.014584899 -0.1836166
v -0.20016865 0.014293492 -0.16952325
v 0.032119893 0.008234322 -0.19602151
v 0.052183315 0.006131351 -0.20046628
v 0.06699096 0.0075911283 -0.18162589
v 0.037146013 0.008102715 -0.18329875
v 0.07345556 0.008786261 -0.1943743
v 0.011428274 0.014491856 -0.18158345
v 0.09724658 0.007955015 -0.16264746
v 0.10026017 0.009487987 -0.17427883
v 0.12424906 0.004734248 -0.15170881
v 0.12058036 0.0079681575 -0.12970573
v 0.10014692 0.020158827 -0.14124712
v 0.092418805 0.010010183 -0.15188012
v 0.07360043 0.0062472224 -0.16533382
v -0.12680273 0.013593227 -0.19536817
v -0.12635885 0.013329506 -0.18794133
v -0.13374536 0.01608482 -0.18691613
v -0.12174834 0.0150948465 -0.19780184
v -0.12224533 0.015080273 -0.20257215
v -0.022358678 0.017557174 -0.20354769
v -0.032142952 0.013079345 -0.19702603
v -0.018251449 0.009927005 -0.21691962
v 0.005202949 0.009133041 -0.22338633
v -0.010966178 0.019343197 -0.20331682
v -0.021991156 0.019509137 -0.19043727
v -0.012897324 0.016455323 -0.18519032
v -0.029705346 0.020225257 -0.19053225
v -0.025466755 0.013029754 -0.18508731
v -0.012850504 0.013167262 -0.17547362
v 0.0069926754 0.011057615 -0.18784405
v 0.011428274 0.014491856 -0.18158345
v 0.016829098 0.0139965415 -0.20031835
v -0.1908815 0.007006526 -0.18440972
v -0.1774348 0.016543388 -0.16942547
v -0.19494867 0.014184594 -0.17470871
v -0.15867275 0.012008011 -0.17570865
v -0.19813652 0.012747824 -0.14991634
v -0.16567715 0.012032092 -0.15488581
v -0.18973085 0.0110503435 -0.13666688
v -0.14774098 0.016123533 -0.16039279
v -0.14610131 0.012281418 -0.17709464
v -0.14716895 0.014476061 -0.13725886
v -0.15132858 0.012593269 -0.17749998
v -0.15343195 0.012148023 -0.18481587
v -0.14909473 0.015255988 -0.1826162
v -0.14248097 0.014584899 -0.1836166
v -0.14236292 0.014514804 -0.19568628
v -0.16569288 0.009203255 -0.18721372
v -0.16556391 0.018112153 -0.19746804
v -0.1393853 0.013528973 -0.18337476
v -0.20202383 0.013841182 -0.13210663
v -0.21034445 0.018635929 -0.11703251
v -0.15415923 0.014777362 -0.18717913
v -0.15343195 0.012148023 -0.18481587
v -0.15132858 0.012593269 -0.17749998
v -0.32264686 0.004650444 -0.11819881
v -0.32614225 0.0041855574 -0.11883247
v -0.3218791 0.0041044354 -0.11769774
v -0.3201819 0.0058647394 -0.12103124
v -0.31927013 0.005509317 -0.12013559
v -0.3215677 0.0049275756 -0.12761861
v -0.31927013 0.005509317 -0.12013559
v -0.31909204 0.005291581 -0.119117305
v -0.31702334 0.0066925287 -0.11668316
v -0.3347817 0.0059252977 -0.12851179
v -0.3201819 0.0058647394 -0.12103124
v -0.31586677 0.0051043034 -0.12291528
v -0.33875954 0.003974259 -0.11814237
v -0.32098454 0.0054964423 -0.118993476
v -0.30740017 0.0067147017 -0.12728581
v -0.32264686 0.004650444 -0.11819881
v -0.32230455 0.0044752955 -0.118219
v -0.3218791 0.0041044354 -0.11769774
v -0.31702334 0.0066925287 -0.11668316
v -0.3218791 0.0041044354 -0.11769774
v -0.32230455 0.0044752955 -0.118219
v -0.3126788 0.006821096 -0.11524632
v -0.32264686 0.004650444 -0.11819881
v -0.22148623 0.06248617 -0.12412952
v -0.23573025 0.064735085 -0.10694007
v -0.21624036 0.06833625 -0.11611213
v -0.24294557 0.048069626 -0.13410972
v -0.2110491 0.06476456 -0.12889813
v -0.2594117 0.058999956 -0.11236559
v -0.25443512 0.06364545 -0.08320709
v -0.22901146 0.06630969 -0.09301865
v -0.211423 0.008667618 -0.19075526
v -0.22783445 0.0076782703 -0.1824205
v -0.21359646 0.011653721 -0.18799894
v -0.21563348 0.0072214603 -0.19437672
v -0.2060047 0.019992113 -0.15274286
v -0.2066796 0.023502856 -0.15095134
v -0.20457514 0.021309137 -0.15471743
v -0.21849217 0.0141536 -0.16129076
v -0.17268883 0.015970439 -0.22465177
v -0.19078249 0.013760328 -0.22219537
v -0.17948636 0.02529192 -0.21203193
v -0.19188729 0.025607347 -0.19687939
v -0.20589478 0.020726383 -0.19360135
v -0.17134292 0.030092895 -0.1861025
v -0.18646388 0.027743638 -0.1785402
v -0.20937343 0.01860401 -0.1726528
v -0.19518782 0.021697372 -0.15734698
v -0.18255243 0.028872848 -0.16601129
v -0.17586428 0.037129164 -0.15528582
v -0.2073441 0.009197116 -0.2034619
v -0.28464746 0.017553419 -0.13517317
v -0.24718414 0.01944083 -0.1499626
v -0.2833296 0.00885272 -0.1568055
v -0.3025639 0.0074192286 -0.14132836
v -0.2582723 0.006646931 -0.16509509
v -0.30740017 0.0067147017 -0.12728581
v -0.3215677 0.0049275756 -0.12761861
v -0.2869404 0.016043127 -0.1212712
v -0.31702334 0.0066925287 -0.11668316
v -0.31586677 0.0051043034 -0.12291528
v -0.31927013 0.005509317 -0.12013559
v -0.30349374 0.015141666 -0.109071106
v -0.29256082 0.021266252 -0.10610711
v -0.32098454 0.0054964423 -0.118993476
v -0.26517928 0.03359872 -0.13238402
v -0.21228273 0.043310583 -0.14130785
v -0.21020524 0.025161266 -0.15253134
v -0.26945418 0.04728347 -0.11739946
v -0.2822252 0.04756868 -0.09583603
v -0.18646388 0.027743638 -0.1785402
v -0.18255243 0.028872848 -0.16601129
v -0.18511434 0.03681597 -0.18453039
v -0.21020524 0.025161266 -0.15253134
v -0.20412426 0.020636141 -0.15065925
v -0.2060047 0.019992113 -0.15274286
v -0.21849217 0.0141536 -0.16129076
v -0.3084681 0.006095648 -0.051073693
v -0.2989093 0.016537577 -0.054097857
v -0.30737758 0.008601397 -0.036411326
v -0.28387594 0.007939398 -0.06193136
v -0.2907653 0.06996542 -0.01709899
v -0.2969507 0.07523286 0.01014483
v -0.3148768 0.079046935 0.007211689
v -0.28074503 0.05850923 -0.009535316
v -0.29042006 0.067284584 0.019060455
v -0.28021532 0.056182653 -0.027693437
v -0.27177918 0.05415976 -0.024281122
v -0.29245967 0.07188028 -0.039390404
v -0.29898876 0.0201478 0.024937045
v -0.3022576 0.0044738054 0.012349453
v -0.29045492 0.01728928 0.0032689422
v -0.2772941 0.013479441 -0.010069847
v -0.29420972 0.041053444 0.013328254
v -0.2822209 0.054159403 0.00090049766
v -0.28424656 0.06547338 0.018325813
v -0.28925467 0.05555296 0.03268663
v -0.2645825 0.06999469 0.0021530464
v -0.24977086 0.07988033 0.016771827
v -0.26323318 0.071662515 0.041617103
v -0.2363346 0.07959762 0.034827247
v -0.22584252 0.07335913 0.054200225
v -0.2137814 0.0747447 0.026665717
v -0.25367284 0.057088017 0.07625203
v -0.23613395 0.051972806 0.08875365
v -0.27557075 0.053699672 0.059908934
v -0.28788757 0.007652968 -0.013577409
v -0.27345836 0.02875644 -0.0032205936
v -0.2743386 0.014137834 -0.025930027
v -0.29898876 0.0201478 0.024937045
v -0.29792267 0.006801069 0.041111313
v -0.3022576 0.0044738054 0.012349453
v -0.2914943 0.029650241 0.050540447
v -0.28925467 0.05555296 0.03268663
v -0.29147643 0.01165849 0.061189063
v -0.27791452 0.027726412 0.069178954
v -0.27031463 0.0073384047 0.07105242
v -0.2645864 0.013143271 0.080978416
v -0.24246718 0.0070602596 0.08639957
v -0.2405311 0.018008947 0.09312537
v -0.25020725 0.033346772 0.08631529
v -0.23613395 0.051972806 0.08875365
v -0.22702695 0.023664236 0.0976197
v -0.25367284 0.057088017 0.07625203
v -0.27557075 0.053699672 0.059908934
v -0.29420972 0.041053444 0.013328254
v -0.27799606 0.593052 -0.008276278
v -0.28168792 0.63163835 -0.042138137
v -0.29621553 0.58978474 -0.030138714
v -0.2816916 0.5314917 -0.024402486
v -0.26337695 0.5436014 0.0078180805
v -0.25720102 0.55842316 0.009354241
v -0.2533908 0.61366224 0.007085964
v -0.2694295 0.6307791 0.0019080155
v -0.2845083 0.6313518 -0.015096147
v -0.25686562 0.63385564 -0.0040442944
v -0.27006942 0.65537953 -0.016605502
v -0.26895058 0.5447886 -0.058539152
v -0.2816916 0.5314917 -0.024402486
v -0.29621553 0.58978474 -0.030138714
v -0.2590657 0.5319073 -0.045255486
v -0.27489918 0.5807968 -0.05044472
v -0.25410527 0.55052835 -0.062884584
v -0.28475136 0.6172334 -0.042952698
v -0.28168792 0.63163835 -0.042138137
v -0.26122642 0.6158165 -0.0654991
v -0.2558759 0.5873045 -0.06322713
v -0.25794345 0.6308097 -0.06201378
v -0.27623117 0.50988775 -0.032649208
v -0.28001612 0.49302435 -0.027628966
v -0.2700858 0.46788472 -0.034255095
v -0.27262133 0.4701094 -0.024750758
v -0.250493 0.43629614 -0.025099661
v -0.24588446 0.437059 -0.032393157
v -0.2282388 0.42739236 -0.03373327
v -0.22538869 0.42283538 -0.015165032
v -0.2572317 0.649596 -0.03726204
v -0.27300197 0.6595783 -0.026188688
v -0.27716315 0.6687712 -0.042000353
v -0.27190214 0.66347384 -0.042401493
v -0.2734766 0.6826214 -0.036830366
v -0.2719586 0.6766427 -0.040225163
v -0.2671184 0.6873425 -0.03603866
v -0.27300197 0.6595783 -0.026188688
v -0.28168792 0.63163835 -0.042138137
v -0.27006942 0.65537953 -0.016605502
v -0.2845083 0.6313518 -0.015096147
v -0.27416486 0.6761562 -0.018335719
v -0.27799606 0.593052 -0.008276278
v -0.27385074 0.6804978 -0.014476523
v -0.26889563 0.69151175 -0.025141353
v -0.26642984 0.68424803 -0.028938165
v -0.2734766 0.6826214 -0.036830366
v -0.2671184 0.6873425 -0.03603866
v -0.26685196 0.69959897 -0.031273816
v -0.2650211 0.71748924 -0.024758216
v -0.260938 0.7291174 -0.03069429
v -0.2719586 0.6766427 -0.040225163
v -0.27716315 0.6687712 -0.042000353
v -0.26119047 0.75232434 -0.022907961
v -0.2907653 0.06996542 -0.01709899
v -0.3148768 0.079046935 0.007211689
v -0.2916656 0.075267434 -0.0028027073
v -0.2969507 0.07523286 0.01014483
v -0.2788096 0.07295644 0.0034404695
v -0.26861942 0.072018296 -0.010469072
v -0.29042006 0.067284584 0.019060455
v -0.27177918 0.05415976 -0.024281122
v -0.29245967 0.07188028 -0.039390404
v -0.29101348 0.020622402 0.070169255
v -0.31063753 0.006924331 0.063132055
v -0.2827735 0.008804083 0.08435474
v -0.26410383 0.01655671 0.09217836
v -0.25241756 0.0070981383 0.1109523
v -0.25200164 0.057903588 0.067517385
v -0.24492575 0.012169123 0.09792666
v -0.28832865 0.04638812 0.061622143
v -0.2747733 0.071627796 0.036264494
v -0.2262858 0.028134286 0.103380755
v -0.23306595 0.045245588 0.095309615
v -0.23197316 0.015286088 0.115033135
v -0.21085043 0.03862241 0.12105559
v -0.20187716 0.022987545 0.1354631
v -0.20743428 0.054361463 0.10183431
v -0.21474631 0.050664842 0.084753186
v -0.19366372 0.043771446 0.12477143
v -0.1883156 0.050121516 0.10989316
v -0.1854794 0.07060915 0.10038914
v -0.178319 0.036203206 0.12634622
v -0.16868597 0.02790302 0.11879295
v -0.18520181 0.014870822 0.13505022
v -0.16658603 0.016747534 0.11852774
v -0.14978452 0.044275105 0.11145572
v -0.15070227 0.017852187 0.11902721
v -0.13456996 0.06625271 0.09942341
v -0.13359642 0.038280755 0.112996876
v -0.13684759 0.023738384 0.11641137
v -0.121748954 0.042034715 0.11312953
v -0.11706947 0.022544503 0.13089077
v -0.15831603 0.012903392 0.124246076
v -0.1365664 0.012534142 0.1097655
v -0.20727278 0.07428688 0.07271479
v -0.20903939 0.07651067 0.05099982
v -0.2282814 0.007759571 0.13217871
v -0.18554614 0.0058631897 0.1617992
v -0.24443744 0.004772067 0.12902188
v -0.24135481 0.004160583 0.14024386
v -0.24601157 0.0048280954 0.13291128
v -0.25023764 0.0035998225 0.1376708
v -0.2502147 0.0043566525 0.13233583
v -0.23685889 0.06380117 0.08553134
v -0.28040785 0.04610634 -0.08306633
v -0.29334688 0.02430901 -0.071370445
v -0.29243433 0.01835972 -0.08733351
v -0.28385878 0.037228853 -0.06194167
v -0.2914244 0.011267036 -0.08397884
v -0.28763074 0.031068355 -0.097009435
v -0.29138124 0.015861899 -0.10298622
v -0.2718802 0.030387461 -0.11930992
v -0.25123847 0.0587641 -0.110602185
v -0.27167457 0.010991693 -0.12542288
v -0.3061496 0.011993289 -0.09891321
v -0.25131774 0.020257384 -0.14028311
v -0.25077796 0.007125795 -0.14536573
v -0.24472784 0.048963577 -0.12791322
v -0.22801848 0.026113212 -0.14810085
v -0.22250916 0.04826033 -0.13266996
v -0.23020066 0.05993879 -0.11034033
v -0.20084205 0.034734637 -0.13226706
v -0.20992081 0.049182177 -0.12375191
v -0.21620916 0.017350674 -0.15133768
v -0.19813652 0.012747824 -0.14991634
v -0.23282577 0.009490162 -0.1575246
v -0.21144065 0.053975523 -0.109438024
v -0.24423705 0.05473289 -0.08915259
v -0.27109188 0.050908864 -0.07603355
v -0.26803106 0.049847305 -0.0676879
v -0.28385878 0.037228853 -0.06194167
v -0.28009826 0.025296032 -0.06611021
v -0.29334688 0.02430901 -0.071370445
v -0.2704907 0.04016316 -0.073108956
v -0.27971584 0.013142228 -0.072665595
v -0.2914244 0.011267036 -0.08397884
v -0.26926005 0.01938212 -0.07879324
v -0.24423705 0.05473289 -0.08915259
v -0.24580564 0.018664539 -0.095286466
v -0.27109188 0.050908864 -0.07603355
v -0.26803106 0.049847305 -0.0676879
v -0.222019 0.0394336 -0.10604138
v -0.21144065 0.053975523 -0.109438024
v -0.21034445 0.018635929 -0.11703251
v -0.20084205 0.034734637 -0.13226706
v -0.20202383 0.013841182 -0.13210663
v -0.20992081 0.049182177 -0.12375191
v -0.19813652 0.012747824 -0.14991634
v -0.27027196 0.042413086 -0.06446925
v -0.27587366 0.9247516 -0.034909837
v -0.27260053 0.93893504 -0.016766997
v -0.27573037 0.9466001 -0.03077334
v -0.2713521 0.9119698 -0.016896222
v -0.2627381 0.9618648 -0.02984303
v -0.26061076 0.9540906 -0.018393934
v -0.2595284 0.92852724 -0.008355852
v -0.24607216 0.9629557 -0.026187731
v -0.2418526 0.9338432 -0.011693597
v -0.24828406 0.9112382 -0.0096898
v -0.231961 0.907612 -0.014833554
v -0.22151326 0.92367435 -0.008593369
v -0.24289577 0.88674545 -0.017579207
v -0.25358498 0.88800967 -0.023608059
v -0.23327084 0.8879119 -0.009303164
v -0.24225654 0.8765894 -0.008271327
v -0.22013351 0.8919748 -0.009312591
v -0.2192943 0.87641335 -0.00011603534
v -0.21452859 0.9048443 -0.016990583
v -0.20457107 0.884946 -0.021132432
v -0.19534822 0.9259528 -0.017706703
v -0.19645739 0.9083446 -0.011010088
v -0.19468725 0.9426958 -0.010161765
v -0.17613621 0.96870935 -0.028184695
v -0.22009559 0.94817376 -0.00073719583
v -0.20112485 0.96344984 -0.0022728778
v -0.2390367 0.9570035 -0.010949954
v -0.21666571 0.98208416 -0.008119799
v -0.18213487 0.981817 -0.012080835
v -0.18050666 1.0076783 -0.02208921
v -0.17979926 0.9343914 -0.025855059
v -0.17767797 0.9208958 -0.013104101
v -0.18871425 0.89731115 -0.014261669
v -0.17032775 0.905339 -0.019805908
v -0.15740538 0.92254686 -0.025750037
v -0.15461695 0.935812 -0.028549986
v -0.20683347 0.8774599 -0.010696627
v -0.267406 0.90117186 -0.02924139
v -0.2743705 0.043266624 -0.008397924
v -0.2822209 0.054159403 0.00090049766
v -0.29045492 0.01728928 0.0032689422
v -0.2645825 0.06999469 0.0021530464
v -0.27345836 0.02875644 -0.0032205936
v -0.2438427 0.05665946 0.010086544
v -0.26438415 0.02136916 0.0015523881
v -0.24977086 0.07988033 0.016771827
v -0.2137814 0.0747447 0.026665717
v -0.21564071 0.037226915 0.029580489
v -0.22238348 0.021077573 0.025237046
v -0.19994065 0.059319198 0.033795793
v -0.21641451 0.021568537 0.03765385
v -0.20677994 0.019214422 0.027046416
v -0.2772941 0.013479441 -0.010069847
v -0.267406 0.90117186 -0.02924139
v -0.2713521 0.9119698 -0.016896222
v -0.27587366 0.9247516 -0.034909837
v -0.25716406 0.9006949 -0.040945888
v -0.25358498 0.88800967 -0.023608059
v -0.25885785 0.9247811 -0.04869096
v -0.26727223 0.940909 -0.04247977
v -0.237038 0.91479856 -0.043358926
v -0.24953325 0.94033897 -0.041769646
v -0.23608367 0.89386433 -0.03907023
v -0.211513 0.90407336 -0.0396656
v -0.1997095 0.9250636 -0.03937953
v -0.2108104 0.8885504 -0.041929487
v -0.19178969 0.91263473 -0.043795243
v -0.24096294 0.8789767 -0.042594127
v -0.20857109 0.87636197 -0.044888847
v -0.26245868 0.8750879 -0.02857925
v -0.17696694 0.9006933 -0.037205257
v -0.17460673 0.9322951 -0.03482308
v -0.16894928 0.92087007 -0.0398831
v -0.15461695 0.935812 -0.028549986
v -0.2031731 0.94079566 -0.049020734
v -0.23012404 0.943344 -0.049406983
v -0.20881793 0.9769723 -0.050485134
v -0.23542662 0.97015846 -0.04178483
v -0.1908602 0.96903527 -0.047235887
v -0.18180172 0.9982982 -0.039223187
v -0.20269705 1.004061 -0.03057439
v -0.18050666 1.0076783 -0.02208921
v -0.2627381 0.9618648 -0.02984303
v -0.27573037 0.9466001 -0.03077334
v -0.24607216 0.9629557 -0.026187731
v -0.28001612 0.49302435 -0.027628966
v -0.27199864 0.49291018 -0.024023447
v -0.2816916 0.5314917 -0.024402486
v -0.27262133 0.4701094 -0.024750758
v -0.2697156 0.512729 -0.02937827
v -0.2691332 0.4874691 -0.030784385
v -0.25813925 0.45810694 -0.028828103
v -0.250493 0.43629614 -0.025099661
v -0.24711634 0.44255942 -0.02552308
v -0.22538869 0.42283538 -0.015165032
v -0.22943933 0.4378128 -0.032475624
v -0.24076344 0.53544873 -0.030390628
v -0.24225836 0.5209996 -0.03259314
v -0.2590657 0.5319073 -0.045255486
v -0.22792445 0.5229575 -0.020091705
v -0.2700858 0.46788472 -0.034255095
v -0.27623117 0.50988775 -0.032649208
v -0.2691332 0.4874691 -0.030784385
v -0.2697156 0.512729 -0.02937827
v -0.25813925 0.45810694 -0.028828103
v -0.24588446 0.437059 -0.032393157
v -0.24711634 0.44255942 -0.02552308
v -0.22943933 0.4378128 -0.032475624
v -0.2282388 0.42739236 -0.03373327
v -0.2590657 0.5319073 -0.045255486
v -0.25434327 0.51221687 -0.031764433
v -0.24225836 0.5209996 -0.03259314
v -0.23175146 0.5122589 -0.032902576
v -0.2269408 0.52476406 -0.030462194
v -0.27645147 0.85659647 -0.043318342
v -0.27370209 0.86944795 -0.031783707
v -0.27268016 0.8643091 -0.053528957
v -0.2759099 0.8602141 -0.016596694
v -0.26126224 0.8700244 0.005151674
v -0.27244878 0.8475299 -0.019130329
v -0.2617033 0.8492693 0.006229818
v -0.25360996 0.8592474 0.015839137
v -0.23901589 0.8726593 0.018597178
v -0.24247713 0.8478353 0.018417012
v -0.23505853 0.86279964 0.025591273
v -0.25275707 0.65627354 -0.018726675
v -0.24549161 0.66498107 -0.037320133
v -0.26202744 0.66288346 -0.025019899
v -0.27006942 0.65537953 -0.016605502
v -0.27385074 0.6804978 -0.014476523
v -0.26822495 0.6777688 -0.016059682
v -0.26889563 0.69151175 -0.025141353
v -0.25386596 0.71797025 -0.03063288
v -0.2580999 0.72775435 -0.022999994
v -0.24892451 0.7053578 -0.028514521
v -0.25201786 0.7435455 -0.023707334
v -0.26119047 0.75232434 -0.022907961
v -0.2650211 0.71748924 -0.024758216
v -0.2596544 0.7071563 -0.026978286
v -0.2612415 0.6996333 -0.026867412
v -0.25228393 0.7559639 -0.025590084
v -0.2564546 0.76940984 -0.02034537
v -0.25305516 0.7021032 -0.025529275
v -0.24877022 0.6876817 -0.021970782
v -0.23622979 0.56635123 -0.012700515
v -0.2533908 0.61366224 0.007085964
v -0.25720102 0.55842316 0.009354241
v -0.24271204 0.54200304 -0.00897407
v -0.24686627 0.6047579 -0.0017741583
v -0.23042248 0.62137604 -0.015262762
v -0.26337695 0.5436014 0.0078180805
v -0.22398405 0.5530258 -0.018090831
v -0.2438605 0.65888524 -0.021592837
v -0.2411034 0.6667162 -0.015213897
v -0.24819236 0.64160377 -0.02011849
v -0.25686562 0.63385564 -0.0040442944
v -0.2694295 0.6307791 0.0019080155
v -0.2365187 0.6317338 -0.0398867
v -0.2572317 0.649596 -0.03726204
v -0.24877022 0.6876817 -0.021970782
v -0.24019806 0.6808063 -0.021013819
v -0.24666907 0.69001544 -0.032081306
v -0.2411034 0.6667162 -0.015213897
v -0.24892451 0.7053578 -0.028514521
v -0.2596544 0.7071563 -0.026978286
v -0.25690365 0.6985656 -0.035070326
v -0.25305516 0.7021032 -0.025529275
v -0.27300197 0.6595783 -0.026188688
v -0.27416486 0.6761562 -0.018335719
v -0.26822495 0.6777688 -0.016059682
v -0.26202744 0.66288346 -0.025019899
v -0.2641335 0.6594366 -0.03631136
v -0.25258452 0.6568745 -0.037854128
v -0.2572317 0.649596 -0.03726204
v -0.24549161 0.66498107 -0.037320133
v -0.2412074 0.6641012 -0.04355946
v -0.25258452 0.6568745 -0.037854128
v -0.24468957 0.66414213 -0.04389278
v -0.2412074 0.6641012 -0.04355946
v -0.2461407 0.6832262 -0.03899134
v -0.2400425 0.6783464 -0.039298207
v -0.24666907 0.69001544 -0.032081306
v -0.25726163 0.6894378 -0.03298473
v -0.27645147 0.85659647 -0.043318342
v -0.27268016 0.8643091 -0.053528957
v -0.26841265 0.8506055 -0.051336236
v -0.25233644 0.860023 -0.06730248
v -0.23184423 0.8444788 -0.060994178
v -0.21989848 0.86730635 -0.075288035
v -0.20269407 0.85850555 -0.06822547
v -0.23864819 0.87378526 -0.07133217
v -0.25472194 0.87156093 -0.06790364
v -0.26554775 0.8712659 -0.050158285
v -0.18565904 0.8651171 -0.05646049
v -0.19057995 0.8488134 -0.054209102
v -0.26438415 0.02136916 0.0015523881
v -0.2772941 0.013479441 -0.010069847
v -0.26756507 0.015868217 -0.013313823
v -0.26661116 0.040632486 -0.008830074
v -0.2639979 0.030184865 -0.017536867
v -0.26280105 0.04033321 -0.029843919
v -0.26361305 0.055048764 -0.023608806
v -0.26018703 0.069628835 -0.0058480985
v -0.2553662 0.06937215 -0.023664474
v -0.24788274 0.08046284 -0.0036869254
v -0.2575323 0.5286566 -0.014894855
v -0.2587297 0.51175237 -0.023737382
v -0.2433194 0.51983005 -0.020914534
v -0.23119603 0.5104625 -0.02151921
v -0.22792445 0.5229575 -0.020091705
v -0.2697156 0.512729 -0.02937827
v -0.2816916 0.5314917 -0.024402486
v -0.24076344 0.53544873 -0.030390628
v -0.25434327 0.51221687 -0.031764433
v -0.23175146 0.5122589 -0.032902576
v -0.24076344 0.53544873 -0.030390628
v -0.2590657 0.5319073 -0.045255486
v -0.22691594 0.5430919 -0.036827054
v -0.24271204 0.54200304 -0.00897407
v -0.2575323 0.5286566 -0.014894855
v -0.22398405 0.5530258 -0.018090831
v -0.26337695 0.5436014 0.0078180805
v -0.2816916 0.5314917 -0.024402486
v -0.27300197 0.6595783 -0.026188688
v -0.2719586 0.6766427 -0.040225163
v -0.2734766 0.6826214 -0.036830366
v -0.27190214 0.66347384 -0.042401493
v -0.2641335 0.6594366 -0.03631136
v -0.2572317 0.649596 -0.03726204
v -0.26280105 0.04033321 -0.029843919
v -0.2772941 0.013479441 -0.010069847
v -0.2743386 0.014137834 -0.025930027
v -0.2567067 0.020549655 -0.0417293
v -0.26287228 0.010766029 -0.04362662
v -0.27645147 0.85659647 -0.043318342
v -0.26841265 0.8506055 -0.051336236
v -0.27244878 0.8475299 -0.019130329
v -0.2530868 0.84485406 -0.017447665
v -0.23184423 0.8444788 -0.060994178
v -0.2617033 0.8492693 0.006229818
v -0.24247713 0.8478353 0.018417012
v -0.21830009 0.8452089 0.006659746
v -0.21066198 0.8537961 0.017249774
v -0.23505853 0.86279964 0.025591273
v -0.1971308 0.8458022 0.003922317
v -0.19389234 0.84382826 -0.018100306
v -0.1824793 0.8474195 -0.016230192
v -0.18569277 0.8422103 -0.02718828
v -0.18402252 0.84533215 -0.034502108
v -0.17972206 0.84694946 -0.02864228
v -0.19810972 0.8439367 -0.041640386
v -0.19057995 0.8488134 -0.054209102
v -0.2724098 0.0237889 -0.059876423
v -0.27639318 0.017094672 -0.049873106
v -0.28387594 0.007939398 -0.06193136
v -0.26278073 0.0543738 -0.03985329
v -0.27027196 0.042413086 -0.06446925
v -0.26057148 0.049488276 -0.05115657
v -0.26701945 0.03306678 -0.07378493
v -0.26926005 0.01938212 -0.07879324
v -0.2704907 0.04016316 -0.073108956
v -0.25265396 0.043272853 -0.08160948
v -0.26803106 0.049847305 -0.0676879
v -0.24580564 0.018664539 -0.095286466
v -0.2220849 0.0527097 -0.09446789
v -0.23538078 0.06208676 -0.077211455
v -0.19055185 0.046389222 -0.114254564
v -0.21304455 0.059027612 -0.090648815
v -0.21034445 0.018635929 -0.11703251
v -0.18257016 0.020681947 -0.13701555
v -0.18973085 0.0110503435 -0.13666688
v -0.16605468 0.05285853 -0.12940922
v -0.16052294 0.029155314 -0.1417246
v -0.17247109 0.07476479 -0.11619198
v -0.18901387 0.07263854 -0.10700479
v -0.16896011 0.06321594 -0.12755476
v -0.16492264 0.059332043 -0.13249367
v -0.18242297 0.10430795 -0.09449008
v -0.2067603 0.098685265 -0.08757426
v -0.2099684 0.102706164 -0.079842195
v -0.21752965 0.072751224 -0.0911453
v -0.21477272 0.09706533 -0.08290407
v -0.24646531 0.07520014 -0.07186411
v -0.22409593 0.08675143 -0.08461228
v -0.25972873 0.062278837 -0.055121496
v -0.23588268 0.10925552 -0.06162736
v -0.24746288 0.10568419 -0.03755658
v -0.2485144 0.09146345 -0.017533906
v -0.23650049 0.13750148 -0.04099662
v -0.22325407 0.13350818 -0.013727293
v -0.21686488 0.13723028 -0.054464035
v -0.21487167 0.12372932 -0.071476154
v -0.20013988 0.13759437 -0.077062085
v -0.17546208 0.12196857 -0.0813343
v -0.17817728 0.13607964 -0.0766142
v -0.23521058 0.10042417 -0.07016906
v -0.22460882 0.10045406 -0.07706093
v -0.24533115 0.112807006 -0.009535234
v -0.22034673 0.09865102 -0.08282985
v -0.16567715 0.012032092 -0.15488581
v -0.2700842 0.013413519 -0.065579794
v -0.2724098 0.0237889 -0.059876423
v -0.28387594 0.007939398 -0.06193136
v -0.2654305 0.012144148 -0.053785097
v -0.2692991 0.021734744 -0.0525619
v -0.26609826 0.015119016 -0.046630986
v -0.19125967 0.08082202 0.029204063
v -0.20094174 0.07203996 0.0396533
v -0.18866073 0.079422385 0.039154522
v -0.2001694 0.08167559 0.046874374
v -0.18697554 0.0861842 0.04895465
v -0.20903939 0.07651067 0.05099982
v -0.20051496 0.0819861 0.053669944
v -0.20727278 0.07428688 0.07271479
v -0.18731622 0.07755321 0.083466694
v -0.17079224 0.0858053 0.06437449
v -0.1854794 0.07060915 0.10038914
v -0.20698746 0.08080888 0.027825166
v -0.15023947 0.07648954 0.08628856
v -0.14979368 0.08388692 0.061986893
v -0.12639321 0.077117205 0.06656731
v -0.13456996 0.06625271 0.09942341
v -0.13033064 0.08822945 0.052732944
v -0.20122556 0.08971536 0.045903847
v -0.20420624 0.08351269 0.041603237
v -0.20903939 0.07651067 0.05099982
v -0.23132141 0.090533376 0.014418345
v -0.25200164 0.057903588 0.067517385
v -0.21868904 0.08271423 0.03380412
v -0.25557733 0.08803612 0.01358822
v -0.2747733 0.071627796 0.036264494
v -0.22505201 0.07173616 0.06521477
v -0.23685889 0.06380117 0.08553134
v -0.20698746 0.08080888 0.027825166
v -0.22318785 0.058644116 0.080755204
v -0.21474631 0.050664842 0.084753186
v -0.23306595 0.045245588 0.095309615
v -0.1941446 0.09465629 0.046514615
v -0.2001694 0.08167559 0.046874374
v -0.19072194 0.098692 0.04018733
v -0.18166265 0.10932249 0.044422254
v -0.18151797 0.09856054 0.042720743
v -0.26245868 0.8750879 -0.02857925
v -0.27370209 0.86944795 -0.031783707
v -0.26126224 0.8700244 0.005151674
v -0.26554775 0.8712659 -0.050158285
v -0.24903516 0.87556255 0.00096027553
v -0.23901589 0.8726593 0.018597178
v -0.25358498 0.88800967 -0.023608059
v -0.24225654 0.8765894 -0.008271327
v -0.2192943 0.87641335 -0.00011603534
v -0.21175241 0.8717537 0.017730925
v -0.23505853 0.86279964 0.025591273
v -0.18586944 0.8713247 -0.0032874625
v -0.19073267 0.87584573 -0.0200389
v -0.18121156 0.8734868 -0.034963857
v -0.20683347 0.8774599 -0.010696627
v -0.20457107 0.884946 -0.021132432
v -0.20857109 0.87636197 -0.044888847
v -0.18565904 0.8651171 -0.05646049
v -0.21989848 0.86730635 -0.075288035
v -0.23864819 0.87378526 -0.07133217
v -0.24480818 0.8747066 -0.057999924
v -0.25472194 0.87156093 -0.06790364
v -0.24096294 0.8789767 -0.042594127
v -0.27268016 0.8643091 -0.053528957
v -0.25233644 0.860023 -0.06730248
v -0.2671184 0.6873425 -0.03603866
v -0.26642984 0.68424803 -0.028938165
v -0.2719586 0.6766427 -0.040225163
v -0.25726163 0.6894378 -0.03298473
v -0.26822495 0.6777688 -0.016059682
v -0.25690365 0.6985656 -0.035070326
v -0.24666907 0.69001544 -0.032081306
v -0.24892451 0.7053578 -0.028514521
v -0.25386596 0.71797025 -0.03063288
v -0.2596544 0.7071563 -0.026978286
v -0.26685196 0.69959897 -0.031273816
v -0.260938 0.7291174 -0.03069429
v -0.2612415 0.6996333 -0.026867412
v -0.25201786 0.7435455 -0.023707334
v -0.25228393 0.7559639 -0.025590084
v -0.2628566 0.7566701 -0.029380348
v -0.25569278 0.77058506 -0.030925063
v -0.26232302 0.7789896 -0.027381442
v -0.25755513 0.78535557 -0.03672586
v -0.24882846 0.77647424 -0.029052733
v -0.25161594 0.7752589 -0.022812372
v -0.24507047 0.7783556 -0.006973194
v -0.24877022 0.6876817 -0.021970782
v -0.27416486 0.6761562 -0.018335719
v -0.26348 0.01736769 -0.052390404
v -0.2724098 0.0237889 -0.059876423
v -0.2692991 0.021734744 -0.0525619
v -0.2700842 0.013413519 -0.065579794
v -0.26341444 0.02076149 -0.046580885
v -0.27639318 0.017094672 -0.049873106
v -0.2577629 0.014632344 -0.04926759
v -0.26280105 0.04033321 -0.029843919
v -0.26756507 0.015868217 -0.013313823
v -0.2772941 0.013479441 -0.010069847
v -0.25690365 0.6985656 -0.035070326
v -0.2671184 0.6873425 -0.03603866
v -0.26685196 0.69959897 -0.031273816
v -0.2612415 0.6996333 -0.026867412
v -0.25305516 0.7021032 -0.025529275
v -0.22792445 0.5229575 -0.020091705
v -0.22398405 0.5530258 -0.018090831
v -0.2269408 0.52476406 -0.030462194
v -0.22691594 0.5430919 -0.036827054
v -0.24225836 0.5209996 -0.03259314
v -0.260938 0.7291174 -0.03069429
v -0.26119047 0.75232434 -0.022907961
v -0.2628566 0.7566701 -0.029380348
v -0.26232302 0.7789896 -0.027381442
v -0.2564546 0.76940984 -0.02034537
v -0.25825244 0.7876549 -0.021744631
v -0.25755513 0.78535557 -0.03672586
v -0.26494664 0.8015287 -0.023133317
v -0.25227052 0.7978056 -0.0063251294
v -0.2588557 0.81146675 -0.012915935
v -0.24323808 0.807979 0.0013005417
v -0.24507047 0.7783556 -0.006973194
v -0.23220755 0.79735297 0.0092104
v -0.23686914 0.7917812 0.0005195588
v -0.246727 0.7876413 0.0049339533
v -0.23435451 0.7834444 0.013150141
v -0.22736757 0.76672745 0.00401105
v -0.2467839 0.76944375 -0.013532157
v -0.2608798 0.8096507 -0.028844325
v -0.24265353 0.7590128 -0.011174899
v -0.22665091 0.70346576 -0.0039055496
v -0.24507047 0.7783556 -0.006973194
v -0.25825244 0.7876549 -0.021744631
v -0.25161594 0.7752589 -0.022812372
v -0.24882846 0.77647424 -0.029052733
v -0.2467839 0.76944375 -0.013532157
v -0.24507047 0.7783556 -0.006973194
v -0.246904 0.7719765 -0.03636516
v -0.2564546 0.76940984 -0.02034537
v -0.24265353 0.7590128 -0.011174899
v -0.2467839 0.76944375 -0.013532157
v -0.25228393 0.7559639 -0.025590084
v -0.22665091 0.70346576 -0.0039055496
v -0.24265353 0.7590128 -0.011174899
v -0.2420363 0.7379154 -0.025657231
v -0.23717068 0.69351614 -0.03155443
v -0.24432881 0.757059 -0.036225148
v -0.23225702 0.64829296 -0.019620683
v -0.21136685 0.62194866 0.001430314
v -0.23042248 0.62137604 -0.015262762
v -0.22051169 0.596385 -0.0080197025
v -0.22398405 0.5530258 -0.018090831
v -0.20597017 0.55917937 0.0012258403
v -0.23214279 0.65361404 -0.039145537
v -0.2365187 0.6317338 -0.0398867
v -0.20712207 0.48911938 -0.004609268
v -0.21745668 0.50071746 -0.010937739
v -0.22792445 0.5229575 -0.020091705
v -0.23119603 0.5104625 -0.02151921
v -0.22077733 0.48593184 -0.03398991
v -0.21822976 0.44281387 -0.035440184
v -0.21555933 0.43564337 -0.010474559
v -0.19260609 0.43155792 0.0052148737
v -0.23175146 0.5122589 -0.032902576
v -0.15477376 0.11629382 0.033572517
v -0.1517607 0.11418331 0.009668827
v -0.16480424 0.109956086 0.0048542097
v -0.1376894 0.114907324 0.036477685
v -0.15591122 0.11844966 0.043730266
v -0.1583077 0.10334593 -0.006694328
v -0.17408603 0.107546866 -0.014725539
v -0.14753728 0.10013163 0.0049953423
v -0.14976172 0.086562276 -0.0074902866
v -0.17500602 0.09572834 -0.011003446
v -0.19319744 0.10499358 -0.037593156
v -0.26341444 0.02076149 -0.046580885
v -0.2577629 0.014632344 -0.04926759
v -0.26609826 0.015119016 -0.046630986
v -0.20966944 0.025224596 -0.01690276
v -0.2394949 0.06883347 -0.022071492
v -0.21890031 0.08307132 0.00058272853
v -0.18906073 0.048235 0.013060886
v -0.2485144 0.09146345 -0.017533906
v -0.24656881 0.03424689 -0.0390236
v -0.26278073 0.0543738 -0.03985329
v -0.19578302 0.07996401 0.015507162
v -0.20980117 0.10730815 0.010752894
v -0.22463264 0.114821255 0.0032677352
v -0.24533115 0.112807006 -0.009535234
v -0.1864986 0.015551984 0.0057244077
v -0.2418314 0.017262042 -0.036169834
v -0.27639318 0.017094672 -0.049873106
v -0.18165144 0.023739547 0.01672814
v -0.18078254 0.012472302 0.022597864
v -0.18134184 0.045334548 0.027565233
v -0.19011691 0.06662753 0.025599644
v -0.22325407 0.13350818 -0.013727293
v -0.16451772 0.020043433 0.01122468
v -0.16254817 0.05496961 0.015822753
v -0.13026546 0.107360065 0.027303696
v -0.12837785 0.10375494 0.030252255
v -0.13057563 0.1047973 0.028626569
v -0.12848137 0.10069704 0.0313117
v -0.12932952 0.0989365 0.029086463
v -0.13482155 0.103539556 0.018570796
v -0.12861063 0.09771842 0.029831432
v -0.13161488 0.10676429 0.025916588
v -0.1296968 0.09417194 0.029525515
v -0.14753728 0.10013163 0.0049953423
v -0.1468702 0.08327106 0.018338121
v -0.1548879 0.08051506 0.008193232
v -0.14238031 0.115558326 0.0035330653
v -0.12732469 0.10985461 0.023542326
v -0.16030867 0.070495665 0.005220659
v -0.13875674 0.03299439 0.020839695
v -0.12872092 0.069714606 0.026994616
v -0.12139256 0.04701388 0.028767765
v -0.12153058 0.016441047 0.0296764
v -0.13011539 0.090685785 0.027477749
v -0.13409077 0.014639407 0.019468762
v -0.1517607 0.11418331 0.009668827
v -0.12389082 0.12153071 0.028735206
v -0.26348 0.01736769 -0.052390404
v -0.26341444 0.02076149 -0.046580885
v -0.26609826 0.015119016 -0.046630986
v -0.2654305 0.012144148 -0.053785097
v -0.25755513 0.78535557 -0.03672586
v -0.24542938 0.7702527 -0.04696701
v -0.24882846 0.77647424 -0.029052733
v -0.246904 0.7719765 -0.03636516
v -0.24432881 0.757059 -0.036225148
v -0.24542938 0.7702527 -0.04696701
v -0.2293533 0.7588962 -0.053048097
v -0.23168088 0.77227414 -0.061694846
v -0.25228393 0.7559639 -0.025590084
v -0.24972747 0.7838019 -0.057203807
v -0.25569278 0.77058506 -0.030925063
v -0.25755513 0.78535557 -0.03672586
v -0.19229233 0.36347103 -0.06285715
v -0.20554547 0.3645715 -0.050607294
v -0.2141742 0.366588 -0.052388735
v -0.2154105 0.36322746 -0.03610935
v -0.22312032 0.37859926 -0.034109462
v -0.20345797 0.37431395 -0.06678967
v -0.21646652 0.38225785 -0.05099067
v -0.20085043 0.3913078 -0.0666174
v -0.19631162 0.39757636 -0.057458833
v -0.17957422 0.4011475 -0.06928648
v -0.18376246 0.4108778 -0.056731842
v -0.21148215 0.39579117 -0.0448986
v -0.21495992 0.39147767 -0.021925883
v -0.2217324 0.4311475 -0.043552753
v -0.21822976 0.44281387 -0.035440184
v -0.20353815 0.43316305 -0.056105785
v -0.22943933 0.4378128 -0.032475624
v -0.21893026 0.4148702 -0.04313492
v -0.2282388 0.42739236 -0.03373327
v -0.2185469 0.40776563 -0.029404212
v -0.22621955 0.41381755 -0.02378961
v -0.22190885 0.58495164 -0.04387953
v -0.22709851 0.5583002 -0.03586133
v -0.22932024 0.5974716 -0.0371602
v -0.21962205 0.63968045 -0.051293686
v -0.2102289 0.58026284 -0.0547242
v -0.22691594 0.5430919 -0.036827054
v -0.2078686 0.5294859 -0.053269394
v -0.21963444 0.5134544 -0.042614803
v -0.20464867 0.47808492 -0.053678203
v -0.22077733 0.48593184 -0.03398991
v -0.23175146 0.5122589 -0.032902576
v -0.2365187 0.6317338 -0.0398867
v -0.23214279 0.65361404 -0.039145537
v -0.21497051 0.6840901 -0.054195546
v -0.23717068 0.69351614 -0.03155443
v -0.23692106 0.73753303 -0.043033864
v -0.2269408 0.52476406 -0.030462194
v -0.18305181 0.3871352 -0.075548716
v -0.2420363 0.7379154 -0.025657231
v -0.25249857 0.83680916 -0.026522297
v -0.2530868 0.84485406 -0.017447665
v -0.23184423 0.8444788 -0.060994178
v -0.23340617 0.8300605 -0.047212686
v -0.24378736 0.8158456 -0.049874745
v -0.2501918 0.8140447 -0.031522777
v -0.2608798 0.8096507 -0.028844325
v -0.2588557 0.81146675 -0.012915935
v -0.25006813 0.815622 -0.013120465
v -0.2504984 0.79706085 -0.051641814
v -0.26494664 0.8015287 -0.023133317
v -0.17844515 0.27650225 -0.062821895
v -0.18206082 0.22843185 -0.056443684
v -0.19607615 0.26627073 -0.051649787
v -0.18837832 0.3100767 -0.057528943
v -0.19340353 0.22289029 -0.04283919
v -0.18848984 0.19926524 -0.0463229
v -0.17574096 0.19851324 -0.06511902
v -0.19953823 0.17727458 -0.033141818
v -0.18298684 0.17285296 -0.06484804
v -0.2012176 0.14917439 -0.038941912
v -0.18130367 0.15067777 -0.06957537
v -0.2068763 0.14469454 -0.0001575891
v -0.20390095 0.30721474 -0.04283821
v -0.20392291 0.33578676 -0.04908053
v -0.19518837 0.21708566 -0.028657703
v -0.1953971 0.1993731 -0.021877406
v -0.20102748 0.252129 -0.03129482
v -0.20703146 0.26340812 -0.033617724
v -0.20316495 0.28333086 -0.029083477
v -0.20940514 0.33140427 -0.031379446
v -0.26348 0.01736769 -0.052390404
v -0.26287228 0.010766029 -0.04362662
v -0.2577629 0.014632344 -0.04926759
v -0.2654305 0.012144148 -0.053785097
v -0.2590657 0.5319073 -0.045255486
v -0.26895058 0.5447886 -0.058539152
v -0.25410527 0.55052835 -0.062884584
v -0.22691594 0.5430919 -0.036827054
v -0.23739971 0.55319315 -0.045522578
v -0.22709851 0.5583002 -0.03586133
v -0.2558759 0.5873045 -0.06322713
v -0.22932024 0.5974716 -0.0371602
v -0.24541365 0.61555964 -0.052505277
v -0.2365187 0.6317338 -0.0398867
v -0.26122642 0.6158165 -0.0654991
v -0.25794345 0.6308097 -0.06201378
v -0.2572317 0.649596 -0.03726204
v -0.2438427 0.05665946 0.010086544
v -0.26661116 0.040632486 -0.008830074
v -0.26018703 0.069628835 -0.0058480985
v -0.26438415 0.02136916 0.0015523881
v -0.24788274 0.08046284 -0.0036869254
v -0.2165658 0.075959235 0.011782292
v -0.21023324 0.051598847 0.02296535
v -0.22238348 0.021077573 0.025237046
v -0.20067212 0.06815493 0.021269865
v -0.19510762 0.036676884 0.02604499
v -0.20677994 0.019214422 0.027046416
v -0.18986954 0.014228553 0.022487521
v -0.24078076 0.050511926 -0.024921061
v -0.26280105 0.04033321 -0.029843919
v -0.2567067 0.020549655 -0.0417293
v -0.2553662 0.06937215 -0.023664474
v -0.2418314 0.017262042 -0.036169834
v -0.26287228 0.010766029 -0.04362662
v -0.20966944 0.025224596 -0.01690276
v -0.21148148 0.059902668 -0.0009874701
v -0.23828487 0.079615235 -0.008830896
v -0.193084 0.042163134 0.010566022
v -0.1864986 0.015551984 0.0057244077
v -0.20067212 0.06815493 0.021269865
v -0.2165658 0.075959235 0.011782292
v -0.24788274 0.08046284 -0.0036869254
v -0.25161594 0.7752589 -0.022812372
v -0.25825244 0.7876549 -0.021744631
v -0.2564546 0.76940984 -0.02034537
v -0.2467839 0.76944375 -0.013532157
v -0.246904 0.7719765 -0.03636516
v -0.25569278 0.77058506 -0.030925063
v -0.24542938 0.7702527 -0.04696701
v -0.24877022 0.6876817 -0.021970782
v -0.25726163 0.6894378 -0.03298473
v -0.24679105 0.68231696 -0.029181756
v -0.2461407 0.6832262 -0.03899134
v -0.24398069 0.66886246 -0.019192051
v -0.2411034 0.6667162 -0.015213897
v -0.25275707 0.65627354 -0.018726675
v -0.24549161 0.66498107 -0.037320133
v -0.24468957 0.66414213 -0.04389278
v -0.25258452 0.6568745 -0.037854128
v -0.16377425 0.41000462 -0.007293351
v -0.16329843 0.40272236 0.0005315803
v -0.15732211 0.41773957 -0.004987333
v -0.13600506 0.19851065 0.0003788825
v -0.13304017 0.20706257 -0.015128712
v -0.14608152 0.20388421 -0.004367696
v -0.11230819 0.2039125 -0.004486054
v -0.1549012 0.19898799 0.01155059
v -0.13237685 0.1665313 0.003084503
v -0.16319712 0.20251241 0.0016244873
v -0.18147519 0.19778329 0.007552322
v -0.1678586 0.18759435 0.013460565
v -0.18852204 0.16597894 0.0022176336
v -0.15086228 0.17094362 0.013156526
v -0.17449345 0.15676361 0.011944294
v -0.14426745 0.14824283 0.014035985
v -0.13477314 0.14630672 0.008049998
v -0.15737563 0.1418199 0.01787458
v -0.1700988 0.14647126 0.014590181
v -0.18188493 0.14520323 0.014015399
v -0.11486581 0.15378419 -0.0013122745
v -0.12407245 0.17370787 -0.0066495705
v -0.07228223 0.15972212 -0.004038289
v -0.07617385 0.13483414 -0.0013041645
v -0.089029185 0.20664746 -0.006192919
v -0.09454534 0.22367302 -0.0124058
v -0.11314039 0.21708831 -0.014824195
v -0.0932015 0.13517806 0.0017377939
v -0.059953503 0.12911147 -0.0021918956
v -0.07397535 0.1189239 0.003844522
v -0.05155518 0.14206338 -0.010490913
v -0.1914835 0.39635903 0.011134937
v -0.20711794 0.38224274 0.003739331
v -0.18025373 0.39524746 0.016549308
v -0.17882648 0.38647416 0.0077495314
v -0.17802869 0.36957026 0.0017194729
v -0.18730903 0.3244099 0.00021658652
v -0.16757256 0.3162891 -0.00078546815
v -0.16375184 0.29181436 0.0027450323
v -0.18396565 0.27327552 0.0024387091
v -0.16556083 0.26797837 -0.0014869496
v -0.13861045 0.3047739 -0.007936418
v -0.17835015 0.22286302 -0.0010047108
v -0.16368628 0.23377061 -0.0004903525
v -0.146928 0.22788924 -0.008921374
v -0.14455263 0.26918614 -0.016450882
v -0.14021814 0.31777003 -0.010627743
v -0.13128583 0.33251333 -0.02274314
v -0.14457656 0.33348346 -0.020250732
v -0.14202653 0.34981307 -0.025738552
v -0.15074646 0.3189439 -0.013336176
v -0.15022896 0.30560964 -0.008108038
v -0.18219325 0.19990751 -0.0048845746
v -0.15732211 0.41773957 -0.004987333
v -0.16035974 0.40405738 0.008089229
v -0.1399646 0.42088485 -0.0131288
v -0.17231385 0.40575248 0.0067994967
v -0.1486549 0.3410104 -0.029414793
v -0.14830825 0.3535167 -0.03189173
v -0.15211771 0.3682196 -0.024319116
v -0.14319697 0.37039036 -0.026002219
v -0.15199588 0.3886786 -0.020859942
v -0.1517607 0.11418331 0.009668827
v -0.1376894 0.114907324 0.036477685
v -0.12389082 0.12153071 0.028735206
v -0.14426745 0.14824283 0.014035985
v -0.1507283 0.13319084 0.006235514
v -0.13477314 0.14630672 0.008049998
v -0.13698734 0.13628003 0.001607012
v -0.14238031 0.115558326 0.0035330653
v -0.121559426 0.14331758 0.016646441
v -0.12389082 0.12153071 0.028735206
v -0.107727796 0.14056942 0.041902848
v -0.10026713 0.113468856 0.05202753
v -0.11017169 0.150532 0.03387536
v -0.08586871 0.14535284 0.05688192
v -0.08587426 0.1020976 0.06016077
v -0.11084746 0.07059091 0.047662795
v -0.08389582 0.060908318 0.06414567
v -0.102750584 0.056655377 0.055687845
v -0.08306061 0.03640008 0.06819309
v -0.110307634 0.025425464 0.05460524
v -0.11887634 0.0290789 0.051081583
v -0.088811286 0.020742327 0.0714468
v -0.10228649 0.012288213 0.057142153
v -0.11910342 0.013079286 0.043051302
v -0.08989867 0.0108882785 0.073368594
v -0.11491324 0.104771435 0.041081175
v -0.13033064 0.08822945 0.052732944
v -0.1376894 0.114907324 0.036477685
v -0.16480424 0.109956086 0.0048542097
v -0.11991419 0.0565162 0.05567822
v -0.07100238 0.12107319 0.05092431
v -0.07224933 0.15148017 0.045384422
v -0.07322441 0.0847567 0.05374483
v -0.060443416 0.10456827 0.049445286
v -0.0593578 0.09118858 0.046384953
v -0.055396274 0.120518446 0.0374434
v -0.060058035 0.14174142 0.040192194
v -0.065656126 0.07041034 0.043859936
v -0.0698424 0.050357044 0.058521777
v -0.055397578 0.061166227 0.04916373
v -0.04495976 0.118798375 0.049202554
v -0.14455263 0.26918614 -0.016450882
v -0.14827964 0.2953822 -0.010724124
v -0.16556083 0.26797837 -0.0014869496
v 0.2022632 0.83633333 -0.02714643
v 0.21601874 0.8632424 -0.028377708
v 0.19932152 0.86723256 -0.022449568
v 0.17421053 0.8522781 -0.027736563
v 0.18897535 0.87169343 -0.029208498
v 0.17734306 0.81096435 -0.026450198
v 0.22177118 0.7997304 -0.028731342
v 0.13763013 0.8303662 -0.028452445
v 0.11645789 0.78665113 -0.026615612
v 0.1691587 0.7638296 -0.026749488
v 0.10896422 0.83071125 -0.024655191
v 0.11980973 0.84108305 -0.031839725
v 0.078994215 0.8144727 -0.02751076
v 0.029352646 0.7674211 -0.028795796
v 0.089079976 0.72940993 -0.026939267
v 0.0143693425 0.7000342 -0.026630584
v 0.12372263 0.7065275 -0.02681722
v 0.08175559 0.6514536 -0.026733615
v 0.17669734 0.71298206 -0.027796587
v 0.13950378 0.6530403 -0.02650391
v 0.2114852 0.7599641 -0.028353306
v 0.19806878 0.6635546 -0.028656514
v 0.13075756 0.5849017 -0.02636229
v 0.07796706 0.59558564 -0.02661588
v 0.19795914 0.607326 -0.027033824
v 0.15842262 0.5310895 -0.025928903
v 0.078157514 0.5206196 -0.026227394
v 0.21655108 0.5056298 -0.029315166
v 0.19097827 0.46839345 -0.025806457
v 0.2533965 0.47354138 -0.026643805
v 0.13592656 0.45234433 -0.025772197
v 0.14216441 0.3987273 -0.027010083
v 0.06630057 0.44247442 -0.028452551
v 0.015065506 0.49272293 -0.02660544
v 0.02857986 0.4031458 -0.027617237
v 0.020619366 0.58171356 -0.026698694
v -0.07880035 0.5842171 -0.026714874
v -0.011167351 0.6268156 -0.02678421
v -0.07020308 0.52452534 -0.026380088
v -0.04792808 0.4471736 -0.026458943
v -0.120657906 0.54239756 -0.028840385
v -0.10492171 0.4850108 -0.027912848
v -0.12523082 0.62580407 -0.027207095
v -0.0737757 0.6778288 -0.026502628
v -0.14257155 0.67916536 -0.026838375
v -0.13308442 0.7475146 -0.029519012
v -0.12732174 0.7653624 -0.026065119
v -0.03860181 0.77739453 -0.02765236
v -0.16254844 0.7733631 -0.024495594
v -0.14515443 0.78776515 -0.028089175
v -0.012292776 0.73955935 -0.026074125
v 0.032869004 0.6429466 -0.026791492
v -0.10203767 0.43646866 -0.026408974
v -0.059440605 0.39330438 -0.028190266
v -0.13913433 0.44588432 -0.028710242
v -0.13150193 0.43304408 -0.024386851
v -0.12989353 0.41766936 -0.024891352
v -0.14534163 0.43848613 -0.028503897
v -0.1457939 0.43045676 -0.013754221
v -0.1399646 0.42088485 -0.0131288
v -0.15732211 0.41773957 -0.004987333
v -0.13992788 0.40046835 -0.022141434
v -0.14901416 0.4106685 -0.010944214
v -0.11621 0.3969354 -0.02703806
v -0.13734429 0.39482772 -0.031419005
v -0.14928715 0.3970829 -0.03039785
v -0.15346085 0.40465882 -0.018537287
v -0.16377425 0.41000462 -0.007293351
v -0.16467625 0.43250164 -0.0085210465
v -0.17880431 0.42307338 0.0052331425
v -0.008351155 0.42053157 -0.026530813
v 0.20467167 0.40324038 -0.026939468
v 0.16241619 0.3697158 -0.02808143
v 0.2490674 0.42758715 -0.026494103
v 0.30599827 0.45186433 -0.026663538
v 0.31496602 0.41766778 -0.026889209
v 0.3527543 0.4244515 -0.027535463
v 0.11289139 0.84883845 -0.027244693
v 0.09797531 0.8375873 -0.02138186
v 0.09074834 0.843527 -0.008237943
v -0.16182108 0.43213943 -0.03871546
v 0.1102743 0.86898744 -0.0017873552
v 0.108089074 0.88916785 -0.007051876
v 0.09759277 0.88954866 -0.0016719662
v 0.13187897 0.89602685 -0.0050474294
v 0.14787401 0.8824446 -0.0024387464
v 0.12209209 0.8594304 -0.009008003
v 0.16775143 0.90865356 -0.0025962498
v 0.1840607 0.89852214 0.0008394122
v 0.184726 0.88137925 -0.0046962816
v 0.19127417 0.92380357 -0.0016855095
v 0.20010892 0.9135977 -0.0046550296
v 0.20347387 0.8902776 -0.010231912
v 0.19651863 0.9292737 -0.014818919
v 0.21653754 0.93831563 -0.009341387
v 0.2215774 0.91895986 -0.0097538475
v 0.21085475 0.9019821 -0.021704607
v 0.2310507 0.9344717 -0.0067566372
v 0.23190956 0.9173206 -0.013287544
v 0.22645915 0.9524978 -0.021992335
v 0.20829047 0.87795275 -0.016100988
v 0.19261968 0.87472326 -0.013373942
v 0.1623929 0.87159747 -0.017980944
v 0.22186166 0.9157222 -0.02371363
v 0.23077409 0.9147814 -0.028312922
v -0.1664298 0.45581403 -0.01217504
v -0.1823256 0.46409428 0.0022195354
v -0.1804058 0.49913135 -0.0016864315
v -0.19260609 0.43155792 0.0052148737
v -0.20534313 0.42376065 0.0056556202
v -0.20712207 0.48911938 -0.004609268
v -0.1845427 0.54377574 0.00004582107
v -0.1691071 0.5346026 -0.013653498
v -0.20597017 0.55917937 0.0012258403
v -0.19624883 0.5844 0.003084302
v -0.18740244 0.61414355 -0.002915876
v -0.21136685 0.62194866 0.001430314
v -0.19959792 0.66842544 0.0020386912
v -0.18563806 0.6794798 -0.010568121
v -0.22665091 0.70346576 -0.0039055496
v -0.19616689 0.74334013 -0.007880146
v -0.22736757 0.76672745 0.00401105
v -0.19782561 0.77122676 -0.0036017504
v -0.18550782 0.7250554 -0.019788891
v -0.1762991 0.61641794 -0.019649658
v -0.17286898 0.5744679 -0.0134085035
v -0.16582313 0.50187844 -0.02088834
v -0.19231686 0.40210617 0.0025213733
v -0.21555933 0.43564337 -0.010474559
v -0.17463943 0.40255314 0.0014668759
v -0.17408964 0.3962846 0.0070846863
v -0.1914835 0.39635903 0.011134937
v -0.19640511 0.80678934 0.0000771936
v -0.17976065 0.81815505 0.0036174655
v -0.198088 0.8290237 -0.00995991
v -0.18514392 0.80242395 -0.0007666964
v -0.18505175 0.83383214 -0.006302381
v -0.16497307 0.82863915 -0.002335703
v -0.165573 0.80770963 0.0065975226
v -0.17751533 0.79829544 0.004618693
v -0.16268103 0.8083414 -0.0044461973
v -0.13868585 0.82186854 -0.004129462
v -0.1633728 0.79712105 -0.0007604193
v -0.162207 0.79452825 -0.019420585
v -0.17212294 0.7908938 -0.007145213
v -0.15237433 0.80457956 -0.0123956315
v -0.16836245 0.7789256 -0.011580082
v -0.18556249 0.78647983 0.005773656
v -0.19200897 0.7729713 0.00397186
v -0.21646774 0.7879621 0.0049456656
v -0.21541335 0.7972672 0.008362055
v -0.21118724 0.7827526 0.013056982
v -0.23435451 0.7834444 0.013150141
v -0.23686914 0.7917812 0.0005195588
v -0.21821494 0.771168 0.010399941
v -0.246727 0.7876413 0.0049339533
v -0.25227052 0.7978056 -0.0063251294
v -0.23220755 0.79735297 0.0092104
v -0.15912761 0.7977359 -0.030640407
v -0.14818615 0.8407642 -0.015191482
v -0.11026779 0.84104705 -0.013620405
v -0.23470359 0.838541 -0.00076568127
v -0.2530868 0.84485406 -0.017447665
v -0.25249857 0.83680916 -0.026522297
v -0.21830009 0.8452089 0.006659746
v -0.22699575 0.8138125 0.00035296567
v -0.25006813 0.815622 -0.013120465
v -0.21166714 0.8342823 0.00028756075
v -0.19389234 0.84382826 -0.018100306
v -0.19029374 0.8379241 -0.023493394
v -0.24323808 0.807979 0.0013005417
v -0.2588557 0.81146675 -0.012915935
v -0.108299226 0.8094423 -0.010077326
v -0.07390232 0.8176191 -0.0059908777
v -0.08761107 0.8417125 -0.005635852
v -0.071239576 0.83846927 -0.007197771
v -0.035258472 0.8396619 -0.010020427
v 0.00084766 0.81567717 -0.018365981
v 0.016285263 0.83921206 -0.0029799994
v 0.04355803 0.828724 -0.00984481
v 0.025626682 0.86122704 -0.009248655
v 0.0637573 0.8675798 -0.0066823233
v 0.05168124 0.84359115 -0.0035236832
v 0.0828398 0.86055726 -0.0010096598
v 0.09813962 0.8615595 0.00022163428
v 0.11198874 0.8470776 -0.0057957005
v 0.08262333 0.87896585 -0.003885204
v -0.23542662 0.97015846 -0.04178483
v -0.24953325 0.94033897 -0.041769646
v -0.24607216 0.9629557 -0.026187731
v -0.20269705 1.004061 -0.03057439
v -0.21666571 0.98208416 -0.008119799
v -0.2390367 0.9570035 -0.010949954
v -0.18050666 1.0076783 -0.02208921
v -0.2418526 0.9338432 -0.011693597
v -0.2438605 0.65888524 -0.021592837
v -0.2572317 0.649596 -0.03726204
v -0.24549161 0.66498107 -0.037320133
v -0.24819236 0.64160377 -0.02011849
v -0.24398069 0.66886246 -0.019192051
v -0.24019806 0.6808063 -0.021013819
v -0.24679105 0.68231696 -0.029181756
v -0.2411034 0.6667162 -0.015213897
v -0.24666907 0.69001544 -0.032081306
v -0.1376894 0.114907324 0.036477685
v -0.15591122 0.11844966 0.043730266
v -0.1489778 0.1075235 0.052566633
v -0.16243027 0.10097641 0.053605422
v -0.17079224 0.0858053 0.06437449
v -0.14979368 0.08388692 0.061986893
v -0.13033064 0.08822945 0.052732944
v -0.18940459 0.13501844 0.02058848
v -0.18284093 0.122081876 0.028347496
v -0.18245678 0.13742691 0.016599037
v -0.17351826 0.13280189 0.021598928
v -0.20130809 0.12421733 0.014938645
v -0.18992369 0.13519683 0.0153353065
v -0.16725443 0.12585175 0.03887619
v -0.15737563 0.1418199 0.01787458
v -0.15448807 0.13746154 0.028537992
v -0.14426745 0.14824283 0.014035985
v -0.18310979 0.10604054 0.031375065
v -0.15591122 0.11844966 0.043730266
v -0.18188493 0.14520323 0.014015399
v -0.2060038 0.109757334 0.018699817
v -0.1700988 0.14647126 0.014590181
v -0.16243027 0.10097641 0.053605422
v -0.18151797 0.09856054 0.042720743
v -0.17079224 0.0858053 0.06437449
v -0.18697554 0.0861842 0.04895465
v -0.1862694 0.09241688 0.036659136
v -0.19295771 0.09266055 0.042971842
v -0.18943234 0.09576565 0.022455197
v -0.18866073 0.079422385 0.039154522
v -0.19125967 0.08082202 0.029204063
v -0.20806925 0.13284653 0.010909058
v -0.2326064 0.12798929 0.0032730848
v -0.2378047 0.102113515 0.0057891607
v -0.23132141 0.090533376 0.014418345
v -0.20698746 0.08080888 0.027825166
v -0.250593 0.118228436 -0.005444709
v -0.25405115 0.0940676 -0.0021884702
v -0.2068763 0.14469454 -0.0001575891
v -0.25557733 0.08803612 0.01358822
v -0.19835995 0.09098056 0.023812197
v -0.1862694 0.09241688 0.036659136
v -0.18866073 0.079422385 0.039154522
v -0.18697554 0.0861842 0.04895465
v -0.24488316 0.08690223 -0.07483041
v -0.26535058 0.061388373 -0.06123116
v -0.24711834 0.1186018 -0.059299946
v -0.23521058 0.10042417 -0.07016906
v -0.22409593 0.08675143 -0.08461228
v -0.22841258 0.11563516 -0.07456175
v -0.22460882 0.10045406 -0.07706093
v -0.23986436 0.13874164 -0.050881516
v -0.20615122 0.13969511 -0.083413735
v -0.19816089 0.11465135 -0.09100317
v -0.18115805 0.12547949 -0.09649621
v -0.2067603 0.098685265 -0.08757426
v -0.1988786 0.09921074 -0.0950782
v -0.22034673 0.09865102 -0.08282985
v -0.1942765 0.07091546 -0.11022748
v -0.17352054 0.09038854 -0.113445036
v -0.20341995 0.056908548 -0.11097121
v -0.17673053 0.05661851 -0.12610665
v -0.22901146 0.06630969 -0.09301865
v -0.25443512 0.06364545 -0.08320709
v -0.18749957 0.04238051 -0.1271043
v -0.17559834 0.028381646 -0.1406719
v -0.16562879 0.048214197 -0.13835475
v -0.19077604 0.019379914 -0.13591987
v -0.17179765 0.019095391 -0.15317893
v -0.19432572 0.018876553 -0.14799204
v -0.16107999 0.027790606 -0.15649776
v -0.16130649 0.044192106 -0.14485171
v -0.19769773 0.019380033 -0.14531252
v -0.16896011 0.06321594 -0.12755476
v -0.16492264 0.059332043 -0.13249367
v -0.1700683 0.071477026 -0.1264089
v -0.16851719 0.07253057 -0.11138569
v -0.1628537 0.04862535 -0.13706157
v -0.18034135 0.14516911 -0.08576742
v -0.2412074 0.6641012 -0.04355946
v -0.24549161 0.66498107 -0.037320133
v -0.2572317 0.649596 -0.03726204
v -0.2400425 0.6783464 -0.039298207
v -0.24679105 0.68231696 -0.029181756
v -0.24666907 0.69001544 -0.032081306
v -0.24432881 0.757059 -0.036225148
v -0.24265353 0.7590128 -0.011174899
v -0.25228393 0.7559639 -0.025590084
v -0.24601157 0.0048280954 0.13291128
v -0.24656813 0.0032144785 0.13183622
v -0.2502147 0.0043566525 0.13233583
v -0.24528728 0.002588451 0.13206793
v -0.24443744 0.004772067 0.12902188
v -0.24511044 0.0026713014 0.13064145
v -0.24430887 0.0037443042 0.12735985
v -0.2502147 0.0043566525 0.13233583
v -0.24443744 0.004772067 0.12902188
v -0.25241756 0.0070981383 0.1109523
v -0.24443744 0.004772067 0.12902188
v -0.2502147 0.0043566525 0.13233583
v -0.24656813 0.0032144785 0.13183622
v -0.24511044 0.0026713014 0.13064145
v -0.22702695 0.023664236 0.0976197
v -0.22604568 0.0065460503 0.09994681
v -0.24146067 0.0066509843 0.09711157
v -0.20259069 0.009161174 0.08170234
v -0.21272857 0.008451819 0.09191968
v -0.21879317 0.01957509 0.08499135
v -0.22604568 0.0065460503 0.09994681
v -0.21743228 0.028402805 0.058503866
v -0.21432646 0.023881704 0.06125942
v -0.21641451 0.021568537 0.03765385
v -0.21173511 0.060075164 0.05385854
v -0.21185185 0.053209662 0.04026808
v -0.21943052 0.036155164 0.08754945
v -0.21564071 0.037226915 0.029580489
v -0.19994065 0.059319198 0.033795793
v -0.22281979 0.059501708 0.07090081
v -0.22584252 0.07335913 0.054200225
v -0.2137814 0.0747447 0.026665717
v -0.23613395 0.051972806 0.08875365
v -0.22702695 0.023664236 0.0976197
v -0.23111276 0.015959442 0.08855788
v -0.23198755 0.0140118 0.07941735
v -0.2405311 0.018008947 0.09312537
v -0.24246718 0.0070602596 0.08639957
v -0.22295909 0.007170975 0.07176992
v -0.23168088 0.77227414 -0.061694846
v -0.24972747 0.7838019 -0.057203807
v -0.2229517 0.78345454 -0.06958953
v -0.2504984 0.79706085 -0.051641814
v -0.21266963 0.76677954 -0.06016162
v -0.2293533 0.7588962 -0.053048097
v -0.20466416 0.7329028 -0.055552028
v -0.21497051 0.6840901 -0.054195546
v -0.19623509 0.6668744 -0.05450482
v -0.1962891 0.6215144 -0.055148583
v -0.21962205 0.63968045 -0.051293686
v -0.2102289 0.58026284 -0.0547242
v -0.19509217 0.5741411 -0.055788435
v -0.2078686 0.5294859 -0.053269394
v -0.18552582 0.5053472 -0.055360235
v -0.20464867 0.47808492 -0.053678203
v -0.18431428 0.43951696 -0.05774203
v -0.20353815 0.43316305 -0.056105785
v -0.18376246 0.4108778 -0.056731842
v -0.17515318 0.4182528 -0.0591793
v -0.21893026 0.4148702 -0.04313492
v -0.19631162 0.39757636 -0.057458833
v -0.16234308 0.4123978 -0.05036743
v -0.15731642 0.40458748 -0.038249854
v -0.22662191 0.8105727 -0.059075564
v -0.24378736 0.8158456 -0.049874745
v -0.23340617 0.8300605 -0.047212686
v -0.22943933 0.4378128 -0.032475624
v -0.22538869 0.42283538 -0.015165032
v -0.22649767 0.43930677 -0.018418571
v -0.21555933 0.43564337 -0.010474559
v -0.20534313 0.42376065 0.0056556202
v -0.19231686 0.40210617 0.0025213733
v -0.21272174 0.40764743 -0.011514021
v -0.2185469 0.40776563 -0.029404212
v -0.20303948 0.39222783 -0.00019366294
v -0.1914835 0.39635903 0.011134937
v -0.21495992 0.39147767 -0.021925883
v -0.20711794 0.38224274 0.003739331
v -0.22312032 0.37859926 -0.034109462
v -0.21345025 0.35930908 -0.01676102
v -0.2154105 0.36322746 -0.03610935
v -0.18730903 0.3244099 0.00021658652
v -0.19946592 0.3146916 -0.009213464
v -0.19838235 0.2786464 -0.010248166
v -0.20940514 0.33140427 -0.031379446
v -0.20316495 0.28333086 -0.029083477
v -0.20080204 0.25936157 -0.015459527
v -0.18396565 0.27327552 0.0024387091
v -0.20703146 0.26340812 -0.033617724
v -0.20102748 0.252129 -0.03129482
v -0.19518837 0.21708566 -0.028657703
v -0.18966486 0.22055504 -0.01067902
v -0.1953971 0.1993731 -0.021877406
v -0.17835015 0.22286302 -0.0010047108
v -0.18219325 0.19990751 -0.0048845746
v -0.19609658 0.19601658 -0.006953582
v -0.18147519 0.19778329 0.007552322
v -0.19953823 0.17727458 -0.033141818
v -0.18852204 0.16597894 0.0022176336
v -0.2068763 0.14469454 -0.0001575891
v -0.17907709 0.13819218 0.0046567954
v -0.18188493 0.14520323 0.014015399
v -0.18245678 0.13742691 0.016599037
v -0.16319712 0.20251241 0.0016244873
v -0.22621955 0.41381755 -0.02378961
v -0.2282388 0.42739236 -0.03373327
v -0.21686488 0.13723028 -0.054464035
v -0.22325407 0.13350818 -0.013727293
v -0.23650049 0.13750148 -0.04099662
v -0.19719921 0.1277537 -0.0132868765
v -0.20980117 0.10730815 0.010752894
v -0.19109142 0.12838423 -0.035792675
v -0.18646187 0.13573012 -0.06540719
v -0.1975291 0.1172089 -0.031606585
v -0.19239685 0.102463216 -0.014053565
v -0.19390549 0.12220469 -0.048889294
v -0.19319744 0.10499358 -0.037593156
v -0.18038762 0.114343315 -0.063130714
v -0.1741228 0.12849274 -0.06715445
v -0.18819365 0.110481024 -0.054400377
v -0.1643766 0.10096386 -0.07515447
v -0.1639359 0.111635864 -0.07692817
v -0.16386393 0.09206334 -0.08258911
v -0.17817728 0.13607964 -0.0766142
v -0.17546208 0.12196857 -0.0813343
v -0.20013988 0.13759437 -0.077062085
v -0.19310312 0.08512485 0.0030726306
v -0.20056413 0.100121886 0.004846271
v -0.19578302 0.07996401 0.015507162
v -0.22463264 0.114821255 0.0032677352
v -0.22649767 0.43930677 -0.018418571
v -0.21822976 0.44281387 -0.035440184
v -0.22943933 0.4378128 -0.032475624
v -0.21555933 0.43564337 -0.010474559
v -0.21146508 0.05982101 -0.114720754
v -0.23573025 0.064735085 -0.10694007
v -0.22901146 0.06630969 -0.09301865
v -0.20341995 0.056908548 -0.11097121
v -0.18749957 0.04238051 -0.1271043
v -0.21228273 0.043310583 -0.14130785
v -0.22148623 0.06248617 -0.12412952
v -0.19582425 0.035963476 -0.13827628
v -0.1994063 0.028865218 -0.14703679
v -0.20514351 0.025964797 -0.1499117
v -0.20270495 0.025472343 -0.15044354
v -0.21020524 0.025161266 -0.15253134
v -0.20489447 0.03080973 -0.15380016
v -0.21066198 0.8537961 0.017249774
v -0.21175241 0.8717537 0.017730925
v -0.23505853 0.86279964 0.025591273
v -0.18586944 0.8713247 -0.0032874625
v -0.18334977 0.8577112 0.001967704
v -0.18039806 0.860596 -0.01466233
v -0.1971308 0.8458022 0.003922317
v -0.1824793 0.8474195 -0.016230192
v -0.17972206 0.84694946 -0.02864228
v -0.18203342 0.8610022 -0.039845616
v -0.18402252 0.84533215 -0.034502108
v -0.18121156 0.8734868 -0.034963857
v -0.18565904 0.8651171 -0.05646049
v -0.19057995 0.8488134 -0.054209102
v -0.21146508 0.05982101 -0.114720754
v -0.21624036 0.06833625 -0.11611213
v -0.23573025 0.064735085 -0.10694007
v -0.20639795 0.06557208 -0.116608754
v -0.20480604 0.05965036 -0.13815454
v -0.2110491 0.06476456 -0.12889813
v -0.19668092 0.05978617 -0.12727323
v -0.19815654 0.78290784 -0.06416283
v -0.2229517 0.78345454 -0.06958953
v -0.22662191 0.8105727 -0.059075564
v -0.21266963 0.76677954 -0.06016162
v -0.20929211 0.8059503 -0.06241243
v -0.19988072 0.81118107 -0.054497607
v -0.18623279 0.7924561 -0.0566283
v -0.1812171 0.7758476 -0.05290348
v -0.17420495 0.78771865 -0.045357183
v -0.16196652 0.7911141 -0.03641379
v -0.16244437 0.77570593 -0.031549163
v -0.14515443 0.78776515 -0.028089175
v -0.15912761 0.7977359 -0.030640407
v -0.13308442 0.7475146 -0.029519012
v -0.03860181 0.77739453 -0.02765236
v -0.025789265 0.71317756 -0.030188847
v 0.029352646 0.7674211 -0.028795796
v -0.109649986 0.7044792 -0.030175509
v -0.06866988 0.63019097 -0.030079888
v -0.14257155 0.67916536 -0.026838375
v -0.12456727 0.6428442 -0.030353239
v -0.12523082 0.62580407 -0.027207095
v -0.09635699 0.596386 -0.03013067
v -0.030821998 0.5597651 -0.029994892
v -0.120657906 0.54239756 -0.028840385
v -0.058176085 0.48803368 -0.030102137
v -0.0067898557 0.4786959 -0.029838158
v -0.10492171 0.4850108 -0.027912848
v -0.09344321 0.42776176 -0.02993697
v -0.13913433 0.44588432 -0.028710242
v -0.13125104 0.4265335 -0.031713396
v -0.14534163 0.43848613 -0.028503897
v -0.11804323 0.40916663 -0.031175107
v -0.059440605 0.39330438 -0.028190266
v -0.11621 0.3969354 -0.02703806
v -0.13734429 0.39482772 -0.031419005
v -0.13657005 0.40847257 -0.036090467
v -0.0047348402 0.4163618 -0.02984082
v 0.06630057 0.44247442 -0.028452551
v 0.02857986 0.4031458 -0.027617237
v 0.07220582 0.5253448 -0.029902685
v 0.062452964 0.6646832 -0.02984439
v 0.123078614 0.46137056 -0.029973798
v 0.14872783 0.5586883 -0.029885711
v 0.14216441 0.3987273 -0.027010083
v 0.15293902 0.4320326 -0.029786829
v 0.1915729 0.45638195 -0.029636128
v 0.16241619 0.3697158 -0.02808143
v 0.20467167 0.40324038 -0.026939468
v 0.2490674 0.42758715 -0.026494103
v 0.26407003 0.45286542 -0.029438196
v 0.21655108 0.5056298 -0.029315166
v 0.3121481 0.43245217 -0.029200112
v 0.30599827 0.45186433 -0.026663538
v 0.31496602 0.41766778 -0.026889209
v 0.3527543 0.4244515 -0.027535463
v 0.2533965 0.47354138 -0.026643805
v 0.19795914 0.607326 -0.027033824
v 0.17517877 0.61697054 -0.029954078
v 0.13008371 0.6631363 -0.03006143
v 0.19806878 0.6635546 -0.028656514
v 0.17669734 0.71298206 -0.027796587
v 0.15194166 0.74350077 -0.029837409
v 0.2114852 0.7599641 -0.028353306
v 0.13033569 0.77708906 -0.029505387
v 0.07496722 0.7755475 -0.029264217
v 0.18204577 0.81456304 -0.02971487
v 0.13763013 0.8303662 -0.028452445
v 0.22177118 0.7997304 -0.028731342
v 0.2022632 0.83633333 -0.02714643
v 0.20527439 0.8627651 -0.033028983
v 0.17421053 0.8522781 -0.027736563
v 0.21601874 0.8632424 -0.028377708
v 0.2165879 0.8769562 -0.030024532
v 0.20724429 0.88023305 -0.03797919
v 0.19827214 0.87424254 -0.038912747
v 0.18897535 0.87169343 -0.029208498
v 0.10737529 0.8037499 -0.029416816
v 0.10997276 0.8359976 -0.03595308
v 0.10896422 0.83071125 -0.024655191
v 0.11980973 0.84108305 -0.031839725
v 0.078994215 0.8144727 -0.02751076
v -0.1829748 0.8091438 -0.054042667
v -0.17510854 0.7955964 -0.056258854
v -0.19005412 0.83226776 -0.040666867
v -0.23340617 0.8300605 -0.047212686
v -0.19810972 0.8439367 -0.041640386
v -0.23184423 0.8444788 -0.060994178
v -0.21563348 0.0072214603 -0.19437672
v -0.21560837 0.004467696 -0.19329147
v -0.22783445 0.0076782703 -0.1824205
v -0.21258485 0.0059503317 -0.19419317
v -0.2073441 0.009197116 -0.2034619
v -0.20442344 0.019113779 -0.1948358
v -0.20471719 0.01388815 -0.1793685
v -0.211423 0.008667618 -0.19075526
v -0.21070223 0.0053573847 -0.18549801
v -0.21560837 0.004467696 -0.19329147
v -0.2073441 0.009197116 -0.2034619
v -0.21258485 0.0059503317 -0.19419317
v -0.21401459 0.0072385073 -0.19276665
v -0.21563348 0.0072214603 -0.19437672
v -0.21359646 0.011653721 -0.18799894
v -0.21477272 0.09706533 -0.08290407
v -0.1988786 0.09921074 -0.0950782
v -0.22034673 0.09865102 -0.08282985
v -0.2067603 0.098685265 -0.08757426
v -0.2099684 0.102706164 -0.079842195
v -0.20633215 0.053569168 0.04613111
v -0.21432646 0.023881704 0.06125942
v -0.21641451 0.021568537 0.03765385
v -0.20818065 0.047667027 0.06466928
v -0.20677994 0.019214422 0.027046416
v -0.21089871 0.022443503 0.075878926
v -0.1970803 0.013861418 0.0729256
v -0.22736757 0.76672745 0.00401105
v -0.19200897 0.7729713 0.00397186
v -0.21821494 0.771168 0.010399941
v -0.19782561 0.77122676 -0.0036017504
v -0.18294074 0.77470815 -0.008301916
v -0.16836245 0.7789256 -0.011580082
v -0.18603593 0.77890843 -0.025837095
v -0.16254844 0.7733631 -0.024495594
v -0.18021528 0.77365017 -0.04292828
v -0.19636483 0.77291983 -0.049822204
v -0.16244437 0.77570593 -0.031549163
v -0.1812171 0.7758476 -0.05290348
v -0.13308442 0.7475146 -0.029519012
v -0.21266963 0.76677954 -0.06016162
v -0.20639795 0.06557208 -0.116608754
v -0.21146508 0.05982101 -0.114720754
v -0.22148623 0.06248617 -0.12412952
v -0.2110491 0.06476456 -0.12889813
v -0.19668092 0.05978617 -0.12727323
v -0.19953991 0.05433047 -0.13633576
v -0.19302054 0.042580247 -0.13880414
v -0.20480604 0.05965036 -0.13815454
v -0.20227253 0.038954824 -0.15157017
v -0.21796878 0.0702225 -0.17214434
v -0.20930816 0.06252658 -0.17496862
v -0.21115856 0.058505923 -0.18097349
v -0.20646688 0.058633983 -0.17418797
v -0.21071969 0.059244394 -0.17993565
v -0.209056 0.057588696 -0.17906962
v -0.21035177 0.060028493 -0.17713468
v -0.20480312 0.057117432 -0.1703815
v -0.21796878 0.0702225 -0.17214434
v -0.21035177 0.060028493 -0.17713468
v -0.20801967 0.059830546 -0.17303336
v -0.20480312 0.057117432 -0.1703815
v -0.21115856 0.058505923 -0.18097349
v -0.20854573 0.056578547 -0.17796607
v -0.20953591 0.057748437 -0.17833969
v -0.20899104 0.05857244 -0.17596121
v -0.20953591 0.057748437 -0.17833969
v -0.20854573 0.056578547 -0.17796607
v -0.20899104 0.05857244 -0.17596121
v -0.20990069 0.05886215 -0.17717946
v -0.21115856 0.058505923 -0.18097349
v -0.21035177 0.060028493 -0.17713468
v -0.20925063 0.060165882 -0.17521226
v -0.20899104 0.05857244 -0.17596121
v -0.20646688 0.058633983 -0.17418797
v -0.20925063 0.060165882 -0.17521226
v -0.21071969 0.059244394 -0.17993565
v -0.20930816 0.06252658 -0.17496862
v -0.21035177 0.060028493 -0.17713468
v -0.20990069 0.05886215 -0.17717946
v -0.20925063 0.060165882 -0.17521226
v -0.20801967 0.059830546 -0.17303336
v -0.20925063 0.060165882 -0.17521226
v -0.20801967 0.059830546 -0.17303336
v -0.21035177 0.060028493 -0.17713468
v -0.209056 0.057588696 -0.17906962
v -0.20854573 0.056578547 -0.17796607
v -0.21115856 0.058505923 -0.18097349
v -0.20646688 0.058633983 -0.17418797
v -0.20480312 0.057117432 -0.1703815
v -0.20335416 0.07063991 0.07831277
v -0.20647623 0.049120963 0.072655946
v -0.20298482 0.066210866 0.051010326
v -0.2022856 0.0474571 0.08665867
v -0.1963261 0.046723723 0.05021797
v -0.2007562 0.07708934 0.05730375
v -0.19771615 0.029504925 0.0703101
v -0.18726523 0.03558901 0.036303252
v -0.19005765 0.014109015 0.047294006
v -0.1915686 0.061057568 0.038413003
v -0.1970803 0.013861418 0.0729256
v -0.18078254 0.012472302 0.022597864
v -0.17933561 0.027749866 0.08893381
v -0.18174808 0.010947108 0.09046517
v -0.18731567 0.04328069 0.08584354
v -0.17265062 0.04307711 0.1037067
v -0.18327545 0.05940512 0.10492854
v -0.16405253 0.023150057 0.10939546
v -0.15686288 0.015563607 0.110272676
v -0.15490888 0.045924664 0.10664579
v -0.1950085 0.06669173 0.09897648
v -0.20646688 0.058633983 -0.17418797
v -0.20953591 0.057748437 -0.17833969
v -0.20990069 0.05886215 -0.17717946
v -0.209056 0.057588696 -0.17906962
v -0.20925063 0.060165882 -0.17521226
v -0.209056 0.057588696 -0.17906962
v -0.21035177 0.060028493 -0.17713468
v -0.20953591 0.057748437 -0.17833969
v -0.20818065 0.047667027 0.06466928
v -0.20222609 0.020792127 0.07487972
v -0.21089871 0.022443503 0.075878926
v -0.19839007 0.032159388 0.05457458
v -0.1970803 0.013861418 0.0729256
v -0.19005765 0.014109015 0.047294006
v -0.1922202 0.020217776 0.035748012
v -0.18986954 0.014228553 0.022487521
v -0.19520314 0.035761952 0.034683727
v -0.20633215 0.053569168 0.04613111
v -0.18078254 0.012472302 0.022597864
v -0.1864986 0.015551984 0.0057244077
v -0.19510762 0.036676884 0.02604499
v -0.193084 0.042163134 0.010566022
v -0.20067212 0.06815493 0.021269865
v -0.1901669 0.8891272 -0.02728493
v -0.18871425 0.89731115 -0.014261669
v -0.20457107 0.884946 -0.021132432
v -0.17032775 0.905339 -0.019805908
v -0.2108104 0.8885504 -0.041929487
v -0.20857109 0.87636197 -0.044888847
v -0.17696694 0.9006933 -0.037205257
v -0.15740538 0.92254686 -0.025750037
v -0.16894928 0.92087007 -0.0398831
v -0.15461695 0.935812 -0.028549986
v -0.1997095 0.9250636 -0.03937953
v -0.2031731 0.94079566 -0.049020734
v -0.18635193 0.9496061 -0.038079295
v -0.1908602 0.96903527 -0.047235887
v -0.17979926 0.9343914 -0.025855059
v -0.17613621 0.96870935 -0.028184695
v -0.18180172 0.9982982 -0.039223187
v -0.18050666 1.0076783 -0.02208921
v -0.18213487 0.981817 -0.012080835
v -0.20624304 0.02641061 -0.15092734
v -0.2066796 0.023502856 -0.15095134
v -0.21020524 0.025161266 -0.15253134
v -0.20455612 0.025197387 -0.15153727
v -0.20514351 0.025964797 -0.1499117
v -0.20489447 0.03080973 -0.15380016
v -0.20055152 0.022770137 -0.1487431
v -0.20238556 0.02305147 -0.14830318
v -0.20082289 0.022636235 -0.14762095
v -0.20412426 0.020636141 -0.15065925
v -0.20514351 0.025964797 -0.1499117
v -0.2040687 0.02177453 -0.1498615
v -0.20163924 0.020283103 -0.1480738
v -0.2066796 0.023502856 -0.15095134
v -0.20457514 0.021309137 -0.15471743
v -0.19432572 0.018876553 -0.14799204
v -0.19769773 0.019380033 -0.14531252
v -0.19928025 0.02029401 -0.14710844
v -0.19663651 0.022966415 -0.14638293
v -0.19809073 0.020381987 -0.14586723
v -0.19837289 0.020982742 -0.14647517
v -0.19867285 0.021228254 -0.14730957
v -0.19468008 0.024457246 -0.1452852
v -0.1978605 0.022878975 -0.1454074
v -0.19872811 0.021556735 -0.14739084
v -0.1978605 0.022878975 -0.1454074
v -0.19837289 0.020982742 -0.14647517
v -0.19867285 0.021228254 -0.14730957
v -0.19933908 0.021985471 -0.14712879
v -0.20082289 0.022636235 -0.14762095
v -0.1994063 0.028865218 -0.14703679
v -0.20238556 0.02305147 -0.14830318
v -0.20312105 0.026093185 -0.14837025
v -0.2040687 0.02177453 -0.1498615
v -0.20163924 0.020283103 -0.1480738
v -0.19077604 0.019379914 -0.13591987
v -0.19657733 0.022851795 -0.1440383
v -0.19582425 0.035963476 -0.13827628
v -0.18749957 0.04238051 -0.1271043
v -0.19769773 0.019380033 -0.14531252
v -0.19982256 0.020504504 -0.14882524
v -0.20457514 0.021309137 -0.15471743
v -0.20412426 0.020636141 -0.15065925
v -0.21020524 0.025161266 -0.15253134
v -0.20527305 0.023134321 -0.15245377
v -0.2066796 0.023502856 -0.15095134
v -0.2060047 0.019992113 -0.15274286
v -0.20455612 0.025197387 -0.15153727
v -0.20514351 0.025964797 -0.1499117
v -0.20527305 0.023134321 -0.15245377
v -0.20430498 0.027193367 -0.1510053
v -0.20514351 0.025964797 -0.1499117
v -0.20312105 0.026093185 -0.14837025
v -0.2051572 0.025081873 -0.15284541
v -0.20527305 0.023134321 -0.15245377
v -0.20514351 0.025964797 -0.1499117
v -0.19432572 0.018876553 -0.14799204
v -0.19928025 0.02029401 -0.14710844
v -0.20163924 0.020283103 -0.1480738
v -0.20051165 0.021125525 -0.14894621
v -0.20195498 0.02129805 -0.14940724
v -0.20412426 0.020636141 -0.15065925
v -0.19432572 0.018876553 -0.14799204
v -0.20163351 0.02399066 -0.14960518
v -0.20055152 0.022770137 -0.1487431
v -0.1994063 0.028865218 -0.14703679
v -0.19933908 0.021985471 -0.14712879
v -0.19783522 0.02205789 -0.14752667
v -0.20312105 0.026093185 -0.14837025
v -0.20270495 0.025472343 -0.15044354
v -0.20514351 0.025964797 -0.1499117
v -0.19928025 0.02029401 -0.14710844
v -0.19933908 0.021985471 -0.14712879
v -0.20055152 0.022770137 -0.1487431
v -0.19982256 0.020504504 -0.14882524
v -0.20412426 0.020636141 -0.15065925
v -0.20527305 0.023134321 -0.15245377
v -0.2060047 0.019992113 -0.15274286
v -0.20455612 0.025197387 -0.15153727
v -0.20430498 0.027193367 -0.1510053
v -0.2051572 0.025081873 -0.15284541
v -0.20276168 0.021790475 -0.15079506
v -0.20195498 0.02129805 -0.14940724
v -0.20209998 0.022706807 -0.14943862
v -0.20251301 0.024240315 -0.14952438
v -0.20455612 0.025197387 -0.15153727
v -0.2051572 0.025081873 -0.15284541
v -0.2066796 0.023502856 -0.15095134
v -0.19663651 0.022966415 -0.14638293
v -0.1994063 0.028865218 -0.14703679
v -0.19783522 0.02205789 -0.14752667
v -0.19468008 0.024457246 -0.1452852
v -0.19872811 0.021556735 -0.14739084
v -0.19867285 0.021228254 -0.14730957
v -0.19928025 0.02029401 -0.14710844
v -0.19769773 0.019380033 -0.14531252
v -0.19302054 0.042580247 -0.13880414
v -0.20227253 0.038954824 -0.15157017
v -0.20430498 0.027193367 -0.1510053
v -0.20489447 0.03080973 -0.15380016
v -0.20270495 0.025472343 -0.15044354
v -0.20624304 0.02641061 -0.15092734
v -0.2051572 0.025081873 -0.15284541
v -0.20457514 0.021309137 -0.15471743
v -0.20527305 0.023134321 -0.15245377
v -0.20489447 0.03080973 -0.15380016
v -0.21020524 0.025161266 -0.15253134
v -0.19518782 0.021697372 -0.15734698
v -0.20227253 0.038954824 -0.15157017
v -0.20527305 0.023134321 -0.15245377
v -0.21020524 0.025161266 -0.15253134
v -0.2066796 0.023502856 -0.15095134
v -0.20457514 0.021309137 -0.15471743
v -0.20420624 0.08351269 0.041603237
v -0.20094174 0.07203996 0.0396533
v -0.20698746 0.08080888 0.027825166
v -0.2001694 0.08167559 0.046874374
v -0.1941446 0.09465629 0.046514615
v -0.19295771 0.09266055 0.042971842
v -0.18151797 0.09856054 0.042720743
v -0.2051572 0.025081873 -0.15284541
v -0.20514351 0.025964797 -0.1499117
v -0.2066796 0.023502856 -0.15095134
v -0.2051572 0.025081873 -0.15284541
v -0.20430498 0.027193367 -0.1510053
v -0.21020524 0.025161266 -0.15253134
v -0.20624304 0.02641061 -0.15092734
v -0.20646688 0.058633983 -0.17418797
v -0.20899104 0.05857244 -0.17596121
v -0.20801967 0.059830546 -0.17303336
v -0.20930816 0.06252658 -0.17496862
v -0.18379502 0.07319558 0.042599045
v -0.2007562 0.07708934 0.05730375
v -0.20298482 0.066210866 0.051010326
v -0.1915686 0.061057568 0.038413003
v -0.1963261 0.046723723 0.05021797
v -0.1799013 0.051721454 0.037076868
v -0.16639388 0.041900992 0.022612534
v -0.18726523 0.03558901 0.036303252
v -0.18078254 0.012472302 0.022597864
v -0.16451772 0.020043433 0.01122468
v -0.13875674 0.03299439 0.020839695
v -0.15305601 0.06525743 0.022200063
v -0.1305316 0.06274426 0.0314754
v -0.15236232 0.079895616 0.029001795
v -0.13077396 0.08069587 0.034527868
v -0.21266963 0.76677954 -0.06016162
v -0.1949406 0.7546563 -0.045506496
v -0.20466416 0.7329028 -0.055552028
v -0.19636483 0.77291983 -0.049822204
v -0.18659575 0.7116679 -0.04045364
v -0.19623509 0.6668744 -0.05450482
v -0.18851714 0.75666726 -0.031353176
v -0.18550782 0.7250554 -0.019788891
v -0.18043137 0.6653119 -0.030313639
v -0.19616689 0.74334013 -0.007880146
v -0.18603593 0.77890843 -0.025837095
v -0.19782561 0.77122676 -0.0036017504
v -0.18563806 0.6794798 -0.010568121
v -0.1762991 0.61641794 -0.019649658
v -0.17907359 0.6256494 -0.04008186
v -0.17153414 0.56748116 -0.031954713
v -0.1962891 0.6215144 -0.055148583
v -0.18021391 0.5789508 -0.04691635
v -0.19509217 0.5741411 -0.055788435
v -0.17637521 0.5379232 -0.04692149
v -0.18552582 0.5053472 -0.055360235
v -0.16939044 0.50255793 -0.042178895
v -0.1663094 0.45988142 -0.041465525
v -0.16582313 0.50187844 -0.02088834
v -0.1691071 0.5346026 -0.013653498
v -0.1664298 0.45581403 -0.01217504
v -0.16182108 0.43213943 -0.03871546
v -0.18431428 0.43951696 -0.05774203
v -0.16467625 0.43250164 -0.0085210465
v -0.1457939 0.43045676 -0.013754221
v -0.17515318 0.4182528 -0.0591793
v -0.17286898 0.5744679 -0.0134085035
v -0.20430498 0.027193367 -0.1510053
v -0.20312105 0.026093185 -0.14837025
v -0.20251301 0.024240315 -0.14952438
v -0.20251301 0.024240315 -0.14952438
v -0.20312105 0.026093185 -0.14837025
v -0.2040687 0.02177453 -0.1498615
v -0.20276168 0.021790475 -0.15079506
v -0.20251301 0.024240315 -0.14952438
v -0.20209998 0.022706807 -0.14943862
v -0.20163351 0.02399066 -0.14960518
v -0.20270495 0.025472343 -0.15044354
v -0.20430498 0.027193367 -0.1510053
v -0.20430498 0.027193367 -0.1510053
v -0.20276168 0.021790475 -0.15079506
v -0.2040687 0.02177453 -0.1498615
v -0.20514351 0.025964797 -0.1499117
v -0.19916351 0.12962231 0.0013951696
v -0.2068763 0.14469454 -0.0001575891
v -0.20806925 0.13284653 0.010909058
v -0.18498385 0.12739417 -0.011434138
v -0.20130809 0.12421733 0.014938645
v -0.19227555 0.12153882 0.009642422
v -0.18140657 0.11981702 -0.0015402995
v -0.17282388 0.124170005 0.016053643
v -0.17107914 0.1304932 0.0003656596
v -0.1643369 0.12968001 0.0119591765
v -0.15737563 0.1418199 0.01787458
v -0.1908815 0.007006526 -0.18440972
v -0.21070223 0.0053573847 -0.18549801
v -0.20471719 0.01388815 -0.1793685
v -0.19062226 0.013245046 -0.18259968
v -0.16569288 0.009203255 -0.18721372
v -0.19494867 0.014184594 -0.17470871
v -0.20016865 0.014293492 -0.16952325
v -0.19361834 0.017712414 -0.17423272
v -0.19813652 0.012747824 -0.14991634
v -0.17760463 0.017724812 -0.18076183
v -0.20238556 0.02305147 -0.14830318
v -0.20163924 0.020283103 -0.1480738
v -0.20195498 0.02129805 -0.14940724
v -0.20163351 0.02399066 -0.14960518
v -0.20195498 0.02129805 -0.14940724
v -0.20163924 0.020283103 -0.1480738
v -0.2040687 0.02177453 -0.1498615
v -0.20209998 0.022706807 -0.14943862
v -0.20238556 0.02305147 -0.14830318
v -0.20163351 0.02399066 -0.14960518
v -0.20051165 0.021125525 -0.14894621
v -0.20163924 0.020283103 -0.1480738
v -0.20238556 0.02305147 -0.14830318
v -0.20055152 0.022770137 -0.1487431
v -0.20082289 0.022636235 -0.14762095
v -0.20163924 0.020283103 -0.1480738
v -0.20051165 0.021125525 -0.14894621
v -0.19982256 0.020504504 -0.14882524
v -0.19432572 0.018876553 -0.14799204
v -0.20163924 0.020283103 -0.1480738
v -0.20051165 0.021125525 -0.14894621
v -0.20082289 0.022636235 -0.14762095
v -0.20055152 0.022770137 -0.1487431
v -0.20082289 0.022636235 -0.14762095
v -0.19982256 0.020504504 -0.14882524
v -0.18947548 0.07586825 0.07880431
v -0.1950085 0.06669173 0.09897648
v -0.20335416 0.07063991 0.07831277
v -0.15890668 0.07343933 0.088042155
v -0.2007562 0.07708934 0.05730375
v -0.17075287 0.07708442 0.055136167
v -0.18379502 0.07319558 0.042599045
v -0.15236232 0.079895616 0.029001795
v -0.1436378 0.08059707 0.048157655
v -0.13077396 0.08069587 0.034527868
v -0.13082828 0.074088156 0.07155076
v -0.14460108 0.06793445 0.10071574
v -0.18327545 0.05940512 0.10492854
v -0.15490888 0.045924664 0.10664579
v -0.13622649 0.052968144 0.10019651
v -0.13956134 0.022813857 0.10973956
v -0.15686288 0.015563607 0.110272676
v -0.16405253 0.023150057 0.10939546
v -0.17265062 0.04307711 0.1037067
v -0.19295771 0.09266055 0.042971842
v -0.20420624 0.08351269 0.041603237
v -0.20122556 0.08971536 0.045903847
v -0.19072194 0.098692 0.04018733
v -0.1862694 0.09241688 0.036659136
v -0.18697554 0.0861842 0.04895465
v -0.18151797 0.09856054 0.042720743
v -0.18166265 0.10932249 0.044422254
v -0.19663651 0.022966415 -0.14638293
v -0.1973252 0.020361453 -0.14746782
v -0.19809073 0.020381987 -0.14586723
v -0.19783522 0.02205789 -0.14752667
v -0.1973252 0.020361453 -0.14746782
v -0.19928025 0.02029401 -0.14710844
v -0.19432572 0.018876553 -0.14799204
v -0.19872811 0.021556735 -0.14739084
v -0.19933908 0.021985471 -0.14712879
v -0.1973252 0.020361453 -0.14746782
v -0.1964382 0.020249307 -0.14649661
v -0.19809073 0.020381987 -0.14586723
v -0.19432572 0.018876553 -0.14799204
v -0.19663651 0.022966415 -0.14638293
v -0.19928025 0.02029401 -0.14710844
v -0.1973252 0.020361453 -0.14746782
v -0.1997095 0.9250636 -0.03937953
v -0.17979926 0.9343914 -0.025855059
v -0.17460673 0.9322951 -0.03482308
v -0.15461695 0.935812 -0.028549986
v -0.17767797 0.9208958 -0.013104101
v -0.19534822 0.9259528 -0.017706703
v -0.19468008 0.024457246 -0.1452852
v -0.19809073 0.020381987 -0.14586723
v -0.1978605 0.022878975 -0.1454074
v -0.19657733 0.022851795 -0.1440383
v -0.19663651 0.022966415 -0.14638293
v -0.1964382 0.020249307 -0.14649661
v -0.19769773 0.019380033 -0.14531252
v -0.1964382 0.020249307 -0.14649661
v -0.1978605 0.022878975 -0.1454074
v -0.19809073 0.020381987 -0.14586723
v -0.19663651 0.022966415 -0.14638293
v -0.20677994 0.019214422 0.027046416
v -0.19520314 0.035761952 0.034683727
v -0.20633215 0.053569168 0.04613111
v -0.1922202 0.020217776 0.035748012
v -0.18986954 0.014228553 0.022487521
v -0.19468008 0.024457246 -0.1452852
v -0.19657733 0.022851795 -0.1440383
v -0.1964382 0.020249307 -0.14649661
v -0.19769773 0.019380033 -0.14531252
v -0.19432572 0.018876553 -0.14799204
v -0.19208741 0.037116528 -0.14617845
v -0.19302054 0.042580247 -0.13880414
v -0.19518782 0.021697372 -0.15734698
v -0.20227253 0.038954824 -0.15157017
v -0.20480604 0.05965036 -0.13815454
v -0.19668092 0.05978617 -0.12727323
v -0.20130809 0.12421733 0.014938645
v -0.18992369 0.13519683 0.0153353065
v -0.19227555 0.12153882 0.009642422
v -0.18273173 0.1297814 0.01236584
v -0.18245678 0.13742691 0.016599037
v -0.17282388 0.124170005 0.016053643
v -0.17351826 0.13280189 0.021598928
v -0.15737563 0.1418199 0.01787458
v -0.1643369 0.12968001 0.0119591765
v -0.18188493 0.14520323 0.014015399
v -0.19810972 0.8439367 -0.041640386
v -0.19389234 0.84382826 -0.018100306
v -0.19029374 0.8379241 -0.023493394
v -0.19005412 0.83226776 -0.040666867
v -0.18569277 0.8422103 -0.02718828
v -0.18505175 0.83383214 -0.006302381
v -0.18159954 0.83348763 -0.05085234
v -0.18402252 0.84533215 -0.034502108
v -0.16890769 0.8413075 -0.035315484
v -0.16601336 0.8342237 -0.050949387
v -0.17972206 0.84694946 -0.02864228
v -0.16846193 0.84017456 -0.015283377
v -0.14818615 0.8407642 -0.015191482
v -0.16497307 0.82863915 -0.002335703
v -0.14243828 0.8422077 -0.037564244
v -0.099285364 0.845605 -0.028933696
v -0.13853645 0.8368012 -0.048172757
v -0.100785255 0.84048724 -0.046869062
v -0.07591537 0.8441685 -0.04854706
v -0.07315652 0.8469709 -0.024426855
v -0.08761107 0.8417125 -0.005635852
v -0.069694445 0.8385395 -0.04501638
v -0.06379277 0.82877696 -0.05224053
v -0.049593657 0.84456646 -0.033048924
v -0.035258472 0.8396619 -0.010020427
v -0.04388392 0.8399961 -0.048078317
v -0.01776164 0.849604 -0.039860126
v -0.009325124 0.85423875 -0.02117323
v 0.031007336 0.8655741 -0.034426883
v 0.025626682 0.86122704 -0.009248655
v 0.044754174 0.86849713 -0.019718003
v 0.0651307 0.87719107 -0.032414217
v 0.0637573 0.8675798 -0.0066823233
v 0.07982058 0.8845638 -0.01479969
v 0.068060026 0.8730021 -0.045180656
v 0.08262333 0.87896585 -0.003885204
v 0.0920344 0.89268756 -0.017311614
v 0.08477436 0.8895136 -0.038245283
v 0.09759277 0.88954866 -0.0016719662
v 0.10227301 0.892073 -0.029110802
v 0.108089074 0.88916785 -0.007051876
v 0.10268059 0.88693017 -0.048863187
v 0.087171294 0.8846163 -0.051786803
v 0.12866811 0.9009164 -0.042231705
v 0.119223595 0.9001156 -0.02187617
v 0.16484591 0.92021513 -0.031015659
v 0.16795479 0.9181725 -0.013099201
v 0.16788633 0.91030264 -0.048933744
v 0.18968424 0.9241848 -0.052035037
v 0.19438441 0.9290088 -0.039484885
v 0.19651863 0.9292737 -0.014818919
v 0.21377477 0.9444116 -0.025383975
v 0.21653754 0.93831563 -0.009341387
v 0.21369334 0.9342549 -0.042560205
v 0.22646499 0.947999 -0.036433652
v 0.22645915 0.9524978 -0.021992335
v 0.19127417 0.92380357 -0.0016855095
v 0.16775143 0.90865356 -0.0025962498
v 0.13187897 0.89602685 -0.0050474294
v -0.071239576 0.83846927 -0.007197771
v -0.11026779 0.84104705 -0.013620405
v -0.13868585 0.82186854 -0.004129462
v -0.198088 0.8290237 -0.00995991
v -0.180252 0.022297144 -0.1565103
v -0.19518782 0.021697372 -0.15734698
v -0.19432572 0.018876553 -0.14799204
v -0.17586428 0.037129164 -0.15528582
v -0.17179765 0.019095391 -0.15317893
v -0.16796596 0.025927186 -0.16425605
v -0.16247037 0.03908673 -0.15723552
v -0.16792332 0.055577427 -0.14484698
v -0.046345472 0.012447238 0.18331125
v -0.08138808 0.009370357 0.16842873
v -0.049577624 0.008868724 0.19673309
v -0.06358795 0.011382997 0.16916335
v -0.085116774 0.016958714 0.16124777
v -0.10150449 0.01739496 0.16433622
v -0.16542493 0.0063578486 0.1640682
v -0.16821387 0.0046439767 0.16796218
v -0.16629046 0.005923152 0.16657113
v -0.1640067 0.005464196 0.16746621
v -0.18520181 0.014870822 0.13505022
v -0.18554614 0.0058631897 0.1617992
v -0.17074446 0.0076266527 0.14735822
v -0.15831603 0.012903392 0.124246076
v -0.16658603 0.016747534 0.11852774
v -0.20187716 0.022987545 0.1354631
v -0.1661628 0.0061196685 0.15675561
v -0.12600996 0.016297907 0.14742577
v -0.14300357 0.017385483 0.13212499
v -0.15159087 0.005616516 0.16324921
v -0.16051976 0.0077192187 0.14965253
v -0.112948194 0.011118501 0.1641409
v -0.10783237 0.019234031 0.13871776
v -0.11706947 0.022544503 0.13089077
v -0.13882233 0.023966849 0.1246721
v -0.10344015 0.020118535 0.14341836
v -0.13684759 0.023738384 0.11641137
v -0.15070227 0.017852187 0.11902721
v -0.10239005 0.027543277 0.13682976
v -0.08169291 0.023240775 0.12867062
v -0.09183299 0.017780244 0.13557671
v -0.10730836 0.025744319 0.1389845
v -0.11280514 0.028592825 0.13740653
v -0.104859844 0.01913488 0.12895115
v -0.16542493 0.0063578486 0.1640682
v -0.16492482 0.0034959912 0.16744877
v -0.1640067 0.005464196 0.16746621
v -0.19319744 0.10499358 -0.037593156
v -0.17500602 0.09572834 -0.011003446
v -0.19310312 0.08512485 0.0030726306
v -0.19578302 0.07996401 0.015507162
v -0.14330609 0.08767268 -0.044357184
v -0.16332145 0.08469719 -0.010472665
v -0.17857954 0.07318938 0.015185013
v -0.16427386 0.11510962 -0.039622463
v -0.14264415 0.098035276 -0.06143058
v -0.12172073 0.07909149 -0.058775824
v -0.16030867 0.070495665 0.005220659
v -0.13945885 0.084105074 -0.028604265
v -0.16254817 0.05496961 0.015822753
v -0.15142998 0.109701484 -0.07065421
v -0.16844179 0.12373909 -0.052273005
v -0.19011691 0.06662753 0.025599644
v -0.18134184 0.045334548 0.027565233
v -0.1784397 0.11323902 -0.037508953
v -0.16844179 0.12373909 -0.052273005
v -0.16427386 0.11510962 -0.039622463
v -0.15236813 0.11198914 -0.017558098
v -0.12290217 0.11418879 -0.0041703954
v -0.14238031 0.115558326 0.0035330653
v -0.12354344 0.11277509 -0.03468326
v -0.16480424 0.109956086 0.0048542097
v -0.17408603 0.107546866 -0.014725539
v -0.12732469 0.10985461 0.023542326
v -0.11661522 0.11277056 0.018215723
v -0.10974629 0.11060774 0.0021693818
v -0.110958934 0.109178126 -0.01866559
v -0.18819365 0.110481024 -0.054400377
v -0.19319744 0.10499358 -0.037593156
v -0.16947986 0.11322129 -0.06123511
v -0.18511434 0.03681597 -0.18453039
v -0.17535381 0.026401937 -0.17718108
v -0.17902164 0.043192804 -0.19117601
v -0.16216502 0.043223113 -0.2008032
v -0.17134292 0.030092895 -0.1861025
v -0.16272378 0.018674135 -0.1790921
v -0.18255243 0.028872848 -0.16601129
v -0.15415923 0.014777362 -0.18717913
v -0.16272378 0.018674135 -0.1790921
v -0.15867275 0.012008011 -0.17570865
v -0.15343195 0.012148023 -0.18481587
v -0.13039224 0.041125268 -0.19626115
v -0.13931756 0.044580996 -0.20218892
v -0.15349494 0.04286334 -0.20573057
v -0.16032457 0.017680883 -0.20508607
v -0.17134292 0.030092895 -0.1861025
v -0.16272378 0.018674135 -0.1790921
v -0.17948636 0.02529192 -0.21203193
v -0.15415923 0.014777362 -0.18717913
v -0.14236292 0.014514804 -0.19568628
v -0.14909473 0.015255988 -0.1826162
v -0.14692749 0.010653973 -0.22543366
v -0.17268883 0.015970439 -0.22465177
v -0.15132858 0.012593269 -0.17749998
v -0.1895975 0.050093323 -0.19937192
v -0.18511434 0.03681597 -0.18453039
v -0.17902164 0.043192804 -0.19117601
v -0.18295915 0.054768622 -0.21351047
v -0.16216502 0.043223113 -0.2008032
v -0.15710126 0.045707554 -0.21273015
v -0.13931756 0.044580996 -0.20218892
v -0.13400757 0.0392299 -0.21861607
v -0.12547503 0.036394775 -0.21258159
v -0.12494907 0.03631684 -0.216831
v -0.11855398 0.029465884 -0.2061695
v -0.13039224 0.041125268 -0.19626115
v -0.17616099 0.05177334 -0.21909417
v -0.12529086 0.033880293 -0.22455014
v -0.12372506 0.036334276 -0.21923615
v -0.11865063 0.036284983 -0.21699415
v -0.09984861 0.031004041 -0.21889117
v -0.10130344 0.03350258 -0.20951162
v -0.10959415 0.043213964 -0.22969086
v -0.12042093 0.035529017 -0.21966009
v -0.12468903 0.03712809 -0.21652992
v -0.12547503 0.036394775 -0.21258159
v -0.11865063 0.036284983 -0.21699415
v -0.12372506 0.036334276 -0.21923615
v -0.12468903 0.03712809 -0.21652992
v -0.12494907 0.03631684 -0.216831
v -0.12547503 0.036394775 -0.21258159
v -0.0634995 0.14415348 -0.051287636
v -0.07845994 0.16858923 -0.056726076
v -0.06867173 0.16756472 -0.046569355
v -0.07498838 0.11080718 -0.055254743
v -0.10685386 0.16441262 -0.05579707
v -0.05536598 0.12362707 -0.05190704
v -0.0901459 0.207214 -0.052414037
v -0.1054457 0.19726732 -0.05517112
v -0.10606888 0.119728774 -0.049811587
v -0.08589734 0.08517304 -0.051638536
v -0.11854416 0.1418542 -0.048016522
v -0.12295717 0.17080343 -0.051619396
v -0.12531576 0.14745218 -0.06441684
v -0.15181698 0.18101498 -0.068126544
v -0.1566891 0.1491214 -0.07305038
v -0.14600974 0.13809246 -0.06623556
v -0.15885217 0.13643038 -0.07723526
v -0.18034135 0.14516911 -0.08576742
v -0.16452704 0.1319885 -0.08670689
v -0.16337946 0.12247577 -0.088654704
v -0.18115805 0.12547949 -0.09649621
v -0.17024177 0.11018419 -0.10012484
v -0.17352054 0.09038854 -0.113445036
v -0.18130367 0.15067777 -0.06957537
v -0.18298684 0.17285296 -0.06484804
v -0.12777807 0.13778114 -0.05749873
v -0.12687531 0.13059226 -0.050243758
v -0.1333145 0.12467599 -0.06383524
v -0.17574096 0.19851324 -0.06511902
v -0.14119679 0.20076507 -0.063908026
v -0.15252309 0.21371675 -0.057144016
v -0.18206082 0.22843185 -0.056443684
v -0.15451367 0.2719418 -0.052222874
v -0.14742087 0.2224676 -0.05128851
v -0.12747797 0.20236999 -0.051618256
v -0.1283099 0.20917726 -0.041866377
v -0.095406696 0.22131428 -0.04645399
v -0.11651379 0.21432018 -0.05369304
v -0.12687531 0.13059226 -0.050243758
v -0.11854416 0.1418542 -0.048016522
v -0.11778113 0.12947553 -0.037654012
v -0.13431214 0.12978536 -0.07781484
v -0.14163747 0.11878857 -0.077219725
v -0.16452704 0.1319885 -0.08670689
v -0.14667426 0.06253582 -0.113542035
v -0.15368982 0.0953722 -0.09896967
v -0.13145635 0.06441575 -0.09920502
v -0.1318055 0.03221649 -0.118210554
v -0.11443262 0.0487864 -0.09760579
v -0.14959331 0.03283286 -0.13923708
v -0.15848267 0.06114143 -0.12780209
v -0.15952626 0.07981753 -0.11742552
v -0.14886385 0.10244107 -0.08436843
v -0.16337946 0.12247577 -0.088654704
v -0.12655865 0.015303463 -0.11665912
v -0.14716895 0.014476061 -0.13725886
v -0.10843973 0.016051978 -0.10264563
v -0.12553997 0.091184765 -0.0888844
v -0.10077003 0.1085929 -0.084258325
v -0.09258091 0.063348085 -0.09801199
v -0.07683466 0.022234082 -0.11020225
v -0.05709429 0.034240723 -0.10974189
v -0.06725144 0.071513385 -0.101956554
v -0.07778614 0.09387773 -0.09563463
v -0.10260564 0.12202814 -0.08132677
v -0.13657005 0.40847257 -0.036090467
v -0.13125104 0.4265335 -0.031713396
v -0.11804323 0.40916663 -0.031175107
v -0.1417117 0.43217355 -0.03985699
v -0.14534163 0.43848613 -0.028503897
v -0.15271294 0.42680538 -0.04402609
v -0.14495873 0.41896898 -0.04897227
v -0.16182108 0.43213943 -0.03871546
v -0.17515318 0.4182528 -0.0591793
v -0.16234308 0.4123978 -0.05036743
v -0.14412545 0.40263158 -0.0419152
v -0.13734429 0.39482772 -0.031419005
v -0.16123152 0.4168486 -0.060022675
v -0.14495873 0.41896898 -0.04897227
v -0.1639885 0.402017 -0.06961174
v -0.15271294 0.42680538 -0.04402609
v -0.18305181 0.3871352 -0.075548716
v -0.17957422 0.4011475 -0.06928648
v -0.20085043 0.3913078 -0.0666174
v -0.1639885 0.402017 -0.06961174
v -0.14495873 0.41896898 -0.04897227
v -0.15698233 0.4075204 -0.05251361
v -0.16839878 0.3954022 -0.061236553
v -0.15148696 0.4102445 -0.04444504
v -0.15731642 0.40458748 -0.038249854
v -0.17695764 0.38109922 -0.060864754
v -0.18305181 0.3871352 -0.075548716
v -0.19229233 0.36347103 -0.06285715
v -0.20345797 0.37431395 -0.06678967
v -0.14077975 0.3530345 -0.03560876
v -0.13991189 0.33076167 -0.04320506
v -0.14830825 0.3535167 -0.03189173
v -0.14843461 0.37651968 -0.03524857
v -0.1486549 0.3410104 -0.029414793
v -0.15042688 0.3341607 -0.041867685
v -0.1486549 0.3410104 -0.029414793
v -0.13991189 0.33076167 -0.04320506
v -0.13537893 0.31242323 -0.05028265
v -0.15583216 0.29218602 -0.057122037
v -0.13437364 0.30517995 -0.04418371
v -0.15451367 0.2719418 -0.052222874
v -0.17844515 0.27650225 -0.062821895
v -0.18206082 0.22843185 -0.056443684
v -0.18837832 0.3100767 -0.057528943
v -0.16962783 0.34505785 -0.056438647
v -0.19229233 0.36347103 -0.06285715
v -0.17695764 0.38109922 -0.060864754
v -0.15932323 0.37654912 -0.04571656
v -0.15211548 0.34922093 -0.03891091
v -0.14843461 0.37651968 -0.03524857
v -0.15854768 0.3926273 -0.047980454
v -0.16839878 0.3954022 -0.061236553
v -0.16772114 0.4067091 -0.057561725
v -0.17907709 0.13819218 0.0046567954
v -0.2068763 0.14469454 -0.0001575891
v -0.18498385 0.12739417 -0.011434138
v -0.17107914 0.1304932 0.0003656596
v -0.1700988 0.14647126 0.014590181
v -0.15737563 0.1418199 0.01787458
v -0.18245678 0.13742691 0.016599037
v -0.18940459 0.13501844 0.02058848
v -0.1829748 0.8091438 -0.054042667
v -0.19005412 0.83226776 -0.040666867
v -0.18159954 0.83348763 -0.05085234
v -0.1678962 0.8126782 -0.060940113
v -0.17510854 0.7955964 -0.056258854
v -0.16216502 0.043223113 -0.2008032
v -0.18511434 0.03681597 -0.18453039
v -0.1895975 0.050093323 -0.19937192
v -0.17134292 0.030092895 -0.1861025
v -0.18646388 0.027743638 -0.1785402
v -0.17616099 0.05177334 -0.21909417
v -0.1895975 0.050093323 -0.19937192
v -0.18295915 0.054768622 -0.21351047
v -0.16216502 0.043223113 -0.2008032
v -0.15349494 0.04286334 -0.20573057
v -0.15710126 0.045707554 -0.21273015
v -0.13400757 0.0392299 -0.21861607
v -0.13039224 0.041125268 -0.19626115
v -0.123816624 0.024933666 -0.21142632
v -0.12529086 0.033880293 -0.22455014
v -0.12228401 0.024296165 -0.19887154
v -0.12224533 0.015080273 -0.20257215
v -0.11602537 0.02044943 -0.19402902
v -0.11986695 0.011361659 -0.20231768
v -0.12174834 0.0150948465 -0.19780184
v -0.12635885 0.013329506 -0.18794133
v -0.12163575 0.021247119 -0.22938631
v -0.13931756 0.044580996 -0.20218892
v -0.16216502 0.043223113 -0.2008032
v -0.15349494 0.04286334 -0.20573057
v -0.1419867 0.09382543 -0.07288659
v -0.12172073 0.07909149 -0.058775824
v -0.14264415 0.098035276 -0.06143058
v -0.15142998 0.109701484 -0.07065421
v -0.16677342 0.0998666 -0.08917777
v -0.17197806 0.08312017 -0.08777147
v -0.16386393 0.09206334 -0.08258911
v -0.1639359 0.111635864 -0.07692817
v -0.18242297 0.10430795 -0.09449008
v -0.16851719 0.07253057 -0.11138569
v -0.17546208 0.12196857 -0.0813343
v -0.1741228 0.12849274 -0.06715445
v -0.17247109 0.07476479 -0.11619198
v -0.16896011 0.06321594 -0.12755476
v -0.12098192 0.057287067 -0.07733252
v -0.1552685 0.068370074 -0.08249511
v -0.14484765 0.036250353 -0.08940808
v -0.11433162 0.02814132 -0.08645889
v -0.16960919 0.032804906 -0.101670444
v -0.17833208 0.05659616 -0.0910993
v -0.14627881 0.021263003 -0.100137904
v -0.13392104 0.015896201 -0.095948294
v -0.11673778 0.014936566 -0.0973068
v -0.1643766 0.10096386 -0.07515447
v -0.17847505 0.06856042 -0.08924507
v -0.1784397 0.11323902 -0.037508953
v -0.16947986 0.11322129 -0.06123511
v -0.16844179 0.12373909 -0.052273005
v -0.1643766 0.10096386 -0.07515447
v -0.15142998 0.109701484 -0.07065421
v -0.18819365 0.110481024 -0.054400377
v -0.14716895 0.014476061 -0.13725886
v -0.15298326 0.032175064 -0.12976013
v -0.15585095 0.015285403 -0.13459691
v -0.14647852 0.06455314 -0.10649373
v -0.13099055 0.029627383 -0.11193243
v -0.12655865 0.015303463 -0.11665912
v -0.13053659 0.06189823 -0.09018933
v -0.11948395 0.03452179 -0.094413444
v -0.11673778 0.014936566 -0.0973068
v -0.15700378 0.07664287 -0.10317224
v -0.10843973 0.016051978 -0.10264563
v -0.11433162 0.02814132 -0.08645889
v -0.17231385 0.40575248 0.0067994967
v -0.17408964 0.3962846 0.0070846863
v -0.1914835 0.39635903 0.011134937
v -0.16329843 0.40272236 0.0005315803
v -0.15732211 0.41773957 -0.004987333
v -0.17463943 0.40255314 0.0014668759
v -0.16377425 0.41000462 -0.007293351
v -0.17880431 0.42307338 0.0052331425
v -0.16228764 0.3872379 -0.0038878825
v -0.17408964 0.3962846 0.0070846863
v -0.15199588 0.3886786 -0.020859942
v -0.16014723 0.35517448 -0.010521563
v -0.15346085 0.40465882 -0.018537287
v -0.17802869 0.36957026 0.0017194729
v -0.15211771 0.3682196 -0.024319116
v -0.15208471 0.3516398 -0.022130186
v -0.14830825 0.3535167 -0.03189173
v -0.14457656 0.33348346 -0.020250732
v -0.15074646 0.3189439 -0.013336176
v -0.16757256 0.3162891 -0.00078546815
v -0.15681195 0.3075714 -0.008604379
v -0.14614727 0.30474204 -0.02611667
v -0.16375184 0.29181436 0.0027450323
v -0.14827964 0.2953822 -0.010724124
v -0.14194171 0.31140587 -0.01879179
v -0.13330285 0.30590189 -0.025306914
v -0.13733265 0.29549664 -0.028466804
v -0.13048276 0.32344216 -0.030564206
v -0.12570314 0.29771674 -0.032683548
v -0.1226611 0.27344322 -0.025912764
v -0.111152336 0.25445324 -0.033574615
v -0.101942435 0.23444405 -0.025724906
v -0.11282043 0.23821327 -0.029498836
v -0.092903845 0.22438961 -0.03264165
v -0.09970161 0.22395757 -0.025691139
v -0.10588777 0.22172835 -0.03529019
v -0.17882648 0.38647416 0.0077495314
v -0.18025373 0.39524746 0.016549308
v -0.17510854 0.7955964 -0.056258854
v -0.17420495 0.78771865 -0.045357183
v -0.18623279 0.7924561 -0.0566283
v -0.16196652 0.7911141 -0.03641379
v -0.16227482 0.79850805 -0.05523768
v -0.15896425 0.8051387 -0.04774717
v -0.15912761 0.7977359 -0.030640407
v -0.13605867 0.8030173 -0.025598377
v -0.12699683 0.80958194 -0.047034003
v -0.15237433 0.80457956 -0.0123956315
v -0.108299226 0.8094423 -0.010077326
v -0.162207 0.79452825 -0.019420585
v -0.10780878 0.8059292 -0.033326432
v -0.077689365 0.8039495 -0.025121555
v -0.061340347 0.8088829 -0.041146018
v -0.07390232 0.8176191 -0.0059908777
v 0.00084766 0.81567717 -0.018365981
v 0.0065096095 0.8348934 -0.049793206
v -0.051872224 0.8166297 -0.049780443
v 0.055754103 0.8285811 -0.036560588
v 0.07169725 0.8341143 -0.022958163
v 0.07960117 0.8572255 -0.052786585
v 0.085213 0.8402242 -0.035159916
v 0.09662149 0.8446958 -0.048628893
v 0.09074834 0.843527 -0.008237943
v 0.09797531 0.8375873 -0.02138186
v 0.04355803 0.828724 -0.00984481
v 0.09725681 0.835795 -0.032887567
v 0.10896422 0.83071125 -0.024655191
v 0.10997276 0.8359976 -0.03595308
v 0.11294436 0.84775317 -0.04972967
v 0.11980973 0.84108305 -0.031839725
v -0.08010719 0.8288776 -0.05624122
v -0.10326052 0.82772535 -0.05264587
v -0.17535381 0.026401937 -0.17718108
v -0.18255243 0.028872848 -0.16601129
v -0.17020749 0.042870104 -0.16598563
v -0.17586428 0.037129164 -0.15528582
v -0.16792332 0.055577427 -0.14484698
v -0.16143577 0.062874794 -0.15157634
v -0.16492264 0.059332043 -0.13249367
v -0.1628537 0.04862535 -0.13706157
v -0.1700683 0.071477026 -0.1264089
v -0.16851719 0.07253057 -0.11138569
v -0.16496304 0.0971818 -0.12332324
v -0.17352054 0.09038854 -0.113445036
v -0.15669529 0.10213962 -0.15144005
v -0.16010228 0.12616596 -0.12535718
v -0.15977134 0.07954952 -0.16257389
v -0.14964084 0.11037004 -0.16388597
v -0.15424694 0.051894546 -0.17141278
v -0.14882436 0.13510945 -0.14349823
v -0.1611381 0.14351991 -0.11493779
v -0.16800596 0.1282602 -0.09955601
v -0.16628131 0.13988769 -0.09335628
v -0.16452704 0.1319885 -0.08670689
v -0.16290458 0.12344208 -0.09495254
v -0.15885217 0.13643038 -0.07723526
v -0.17024177 0.11018419 -0.10012484
v -0.16337946 0.12247577 -0.088654704
v -0.16605468 0.05285853 -0.12940922
v -0.16219796 0.045560002 -0.11566874
v -0.16028666 0.041544706 -0.13424945
v -0.17847505 0.06856042 -0.08924507
v -0.17833208 0.05659616 -0.0910993
v -0.17197806 0.08312017 -0.08777147
v -0.16677342 0.0998666 -0.08917777
v -0.16960919 0.032804906 -0.101670444
v -0.16052294 0.029155314 -0.1417246
v -0.16302142 0.046432853 -0.13659407
v -0.16130649 0.044192106 -0.14485171
v -0.16247037 0.03908673 -0.15723552
v -0.16107999 0.027790606 -0.15649776
v -0.16796596 0.025927186 -0.16425605
v -0.17179765 0.019095391 -0.15317893
v -0.16772114 0.4067091 -0.057561725
v -0.17957422 0.4011475 -0.06928648
v -0.18376246 0.4108778 -0.056731842
v -0.15854768 0.3926273 -0.047980454
v -0.17408964 0.3962846 0.0070846863
v -0.16035974 0.40405738 0.008089229
v -0.18025373 0.39524746 0.016549308
v -0.16329843 0.40272236 0.0005315803
v -0.14901416 0.4106685 -0.010944214
v -0.1399646 0.42088485 -0.0131288
v -0.065162204 0.046895325 -0.19856705
v -0.054185025 0.036524355 -0.19092236
v -0.064300776 0.030142784 -0.19858612
v -0.057153754 0.028184414 -0.19354807
v -0.053397432 0.031026542 -0.19510108
v -0.055783138 0.02839297 -0.19889909
v -0.057153754 0.028184414 -0.19354807
v -0.04592213 0.0444524 -0.20052247
v -0.054185025 0.036524355 -0.19092236
v -0.041329727 0.040475905 -0.2068406
v -0.058106564 0.029883564 -0.19645931
v -0.057153754 0.028184414 -0.19354807
v -0.058407873 0.025902808 -0.19458403
v -0.05221942 0.020168722 -0.19437148
v -0.06337649 0.01620385 -0.1999965
v -0.064300776 0.030142784 -0.19858612
v -0.093514234 0.015076935 -0.20352755
v -0.145164 0.030337602 -0.17938682
v -0.14619857 0.07577282 -0.16718648
v -0.12390949 0.052312672 -0.17911182
v -0.15424694 0.051894546 -0.17141278
v -0.15977134 0.07954952 -0.16257389
v -0.11972271 0.09694439 -0.16912712
v -0.087580964 0.06521994 -0.1871555
v -0.16012192 0.027225554 -0.17558838
v -0.0848175 0.09875938 -0.17585042
v -0.066201106 0.062413394 -0.19551753
v -0.11602537 0.02044943 -0.19402902
v -0.0856886 0.029140383 -0.2003118
v -0.065162204 0.046895325 -0.19856705
v -0.09959903 0.12318334 -0.16909118
v -0.13090642 0.12683558 -0.16146648
v -0.13374536 0.01608482 -0.18691613
v -0.14248097 0.014584899 -0.1836166
v -0.14909473 0.015255988 -0.1826162
v -0.17020749 0.042870104 -0.16598563
v -0.14964084 0.11037004 -0.16388597
v -0.15132858 0.012593269 -0.17749998
v -0.15867275 0.012008011 -0.17570865
v -0.14882436 0.13510945 -0.14349823
v -0.17535381 0.026401937 -0.17718108
v -0.16272378 0.018674135 -0.1790921
v -0.12635885 0.013329506 -0.18794133
v -0.05728502 0.057004154 -0.20826514
v -0.16143577 0.062874794 -0.15157634
v -0.18159954 0.83348763 -0.05085234
v -0.16601336 0.8342237 -0.050949387
v -0.1678962 0.8126782 -0.060940113
v -0.16124077 0.8171953 -0.052670397
v -0.15896425 0.8051387 -0.04774717
v -0.14496231 0.81996274 -0.05238881
v -0.13853645 0.8368012 -0.048172757
v -0.10326052 0.82772535 -0.05264587
v -0.100785255 0.84048724 -0.046869062
v -0.12699683 0.80958194 -0.047034003
v -0.061340347 0.8088829 -0.041146018
v -0.07591537 0.8441685 -0.04854706
v -0.08010719 0.8288776 -0.05624122
v -0.06379277 0.82877696 -0.05224053
v -0.051872224 0.8166297 -0.049780443
v 0.0065096095 0.8348934 -0.049793206
v -0.04388392 0.8399961 -0.048078317
v -0.069694445 0.8385395 -0.04501638
v -0.01776164 0.849604 -0.039860126
v 0.031007336 0.8655741 -0.034426883
v 0.068060026 0.8730021 -0.045180656
v 0.07960117 0.8572255 -0.052786585
v 0.087171294 0.8846163 -0.051786803
v 0.10268059 0.88693017 -0.048863187
v 0.1083253 0.8673529 -0.05396437
v 0.15900758 0.881082 -0.049348842
v 0.09662149 0.8446958 -0.048628893
v 0.11294436 0.84775317 -0.04972967
v 0.11289139 0.84883845 -0.027244693
v 0.11980973 0.84108305 -0.031839725
v 0.12866811 0.9009164 -0.042231705
v 0.13269304 0.8651725 -0.047213078
v 0.16788633 0.91030264 -0.048933744
v 0.1895591 0.90101093 -0.05497179
v 0.18968424 0.9241848 -0.052035037
v 0.20150602 0.8827932 -0.05259361
v 0.20196362 0.90377206 -0.052269906
v -0.16227482 0.79850805 -0.05523768
v -0.17510854 0.7955964 -0.056258854
v -0.16219796 0.045560002 -0.11566874
v -0.15939546 0.059731126 -0.092693135
v -0.16960919 0.032804906 -0.101670444
v -0.15700378 0.07664287 -0.10317224
v -0.15298326 0.032175064 -0.12976013
v -0.15585095 0.015285403 -0.13459691
v -0.18376246 0.4108778 -0.056731842
v -0.15731642 0.40458748 -0.038249854
v -0.15854768 0.3926273 -0.047980454
v -0.14928715 0.3970829 -0.03039785
v -0.14843461 0.37651968 -0.03524857
v -0.15199588 0.3886786 -0.020859942
v -0.15346085 0.40465882 -0.018537287
v -0.14319697 0.37039036 -0.026002219
v -0.14077975 0.3530345 -0.03560876
v -0.14202653 0.34981307 -0.025738552
v -0.13048276 0.32344216 -0.030564206
v -0.13128583 0.33251333 -0.02274314
v -0.13991189 0.33076167 -0.04320506
v -0.13537893 0.31242323 -0.05028265
v -0.13437364 0.30517995 -0.04418371
v -0.14181039 0.30767715 -0.037806474
v -0.15451367 0.2719418 -0.052222874
v -0.14614727 0.30474204 -0.02611667
v -0.14081167 0.24979594 -0.037758507
v -0.14455263 0.26918614 -0.016450882
v -0.14742087 0.2224676 -0.05128851
v -0.1346377 0.20880064 -0.034307744
v -0.13762859 0.2274313 -0.022546884
v -0.15252309 0.21371675 -0.057144016
v -0.13304017 0.20706257 -0.015128712
v -0.146928 0.22788924 -0.008921374
v -0.14827964 0.2953822 -0.010724124
v -0.13861045 0.3047739 -0.007936418
v -0.16772114 0.4067091 -0.057561725
v -0.16123152 0.4168486 -0.060022675
v -0.17957422 0.4011475 -0.06928648
v -0.16234308 0.4123978 -0.05036743
v -0.15698233 0.4075204 -0.05251361
v -0.15271294 0.42680538 -0.04402609
v -0.15731642 0.40458748 -0.038249854
v -0.16839878 0.3954022 -0.061236553
v -0.16821387 0.0046439767 0.16796218
v -0.15159087 0.005616516 0.16324921
v -0.1640067 0.005464196 0.16746621
v -0.16492482 0.0034959912 0.16744877
v -0.1640067 0.005464196 0.16746621
v -0.16608313 0.004435867 0.16631012
v -0.16629046 0.005923152 0.16657113
v -0.16542493 0.0063578486 0.1640682
v -0.1611857 0.0047947466 0.1619163
v -0.14042717 0.14641032 -0.09872922
v -0.16628131 0.13988769 -0.09335628
v -0.15885217 0.13643038 -0.07723526
v -0.14148897 0.15022898 -0.116408736
v -0.13449904 0.13775885 -0.07505432
v -0.14600974 0.13809246 -0.06623556
v -0.10444966 0.15035129 -0.10101706
v -0.1206578 0.13564491 -0.07273754
v -0.11162028 0.15148783 -0.12323275
v -0.078693695 0.15296292 -0.12192939
v -0.12531576 0.14745218 -0.06441684
v -0.1611381 0.14351991 -0.11493779
v -0.15236813 0.11198914 -0.017558098
v -0.16427386 0.11510962 -0.039622463
v -0.1583077 0.10334593 -0.006694328
v -0.17500602 0.09572834 -0.011003446
v -0.13945885 0.084105074 -0.028604265
v -0.14976172 0.086562276 -0.0074902866
v -0.12622662 0.103973925 -0.043564007
v -0.12354344 0.11277509 -0.03468326
v -0.12172073 0.07909149 -0.058775824
v -0.16030867 0.070495665 0.005220659
v -0.1548879 0.08051506 0.008193232
v -0.14753728 0.10013163 0.0049953423
v -0.16302142 0.046432853 -0.13659407
v -0.16605468 0.05285853 -0.12940922
v -0.16052294 0.029155314 -0.1417246
v -0.16562879 0.048214197 -0.13835475
v -0.1628537 0.04862535 -0.13706157
v -0.16130649 0.044192106 -0.14485171
v -0.16290458 0.12344208 -0.09495254
v -0.14705274 0.13894561 -0.11587278
v -0.16452704 0.1319885 -0.08670689
v -0.15336072 0.12016338 -0.12521377
v -0.15959193 0.10144317 -0.10627388
v -0.14181897 0.12362075 -0.14769773
v -0.14531353 0.10750237 -0.15552713
v -0.14970352 0.09583196 -0.14561892
v -0.14590454 0.09011477 -0.13108398
v -0.15552466 0.100426674 -0.12106489
v -0.13661425 0.09221709 -0.14739026
v -0.12763599 0.07730901 -0.14497122
v -0.13157724 0.070666164 -0.12532559
v -0.12347694 0.054890275 -0.1546431
v -0.1286371 0.07788926 -0.1582495
v -0.12424408 0.10185218 -0.1581807
v -0.13370974 0.04518771 -0.17099185
v -0.14920808 0.07754168 -0.121962436
v -0.15952626 0.07981753 -0.11742552
v -0.15368982 0.0953722 -0.09896967
v -0.16337946 0.12247577 -0.088654704
v -0.15624027 0.12662047 0.02381808
v -0.15477376 0.11629382 0.033572517
v -0.16480424 0.109956086 0.0048542097
v -0.15591122 0.11844966 0.043730266
v -0.1507283 0.13319084 0.006235514
v -0.15448807 0.13746154 0.028537992
v -0.14426745 0.14824283 0.014035985
v -0.13721038 0.020451754 -0.09890887
v -0.13753454 0.020377934 -0.09814793
v -0.13667159 0.020610273 -0.09813526
v -0.12892129 0.01832676 -0.09786141
v -0.13667159 0.020610273 -0.09813526
v -0.13687633 0.020996094 -0.09866157
v -0.11673778 0.014936566 -0.0973068
v -0.13392104 0.015896201 -0.095948294
v -0.13667159 0.020610273 -0.09813526
v -0.13753454 0.020377934 -0.09814793
v -0.14627881 0.021263003 -0.100137904
v -0.13662295 0.029894322 -0.09495088
v -0.15939546 0.059731126 -0.092693135
v -0.16960919 0.032804906 -0.101670444
v -0.13053659 0.06189823 -0.09018933
v -0.11948395 0.03452179 -0.094413444
v -0.12892129 0.01832676 -0.09786141
v -0.11673778 0.014936566 -0.0973068
v -0.15700378 0.07664287 -0.10317224
v -0.13721038 0.020451754 -0.09890887
v -0.13748051 0.020583928 -0.09860183
v -0.13392104 0.015896201 -0.095948294
v -0.14920808 0.07754168 -0.121962436
v -0.15952626 0.07981753 -0.11742552
v -0.15848267 0.06114143 -0.12780209
v -0.15552466 0.100426674 -0.12106489
v -0.14561795 0.060470134 -0.14036275
v -0.14959331 0.03283286 -0.13923708
v -0.13157724 0.070666164 -0.12532559
v -0.12347694 0.054890275 -0.1546431
v -0.14430754 0.050819457 -0.16080189
v -0.13370974 0.04518771 -0.17099185
v -0.1463013 0.035951853 -0.16648294
v -0.13896903 0.01864338 -0.17960985
v -0.10920954 0.020127326 -0.18901862
v -0.11474611 0.06680477 -0.17082275
v -0.08200338 0.019576252 -0.19787706
v -0.09169722 0.011133462 -0.20413259
v -0.12635885 0.013329506 -0.18794133
v -0.07960776 0.05126056 -0.18996306
v -0.06789201 0.0401327 -0.1963226
v -0.07252818 0.071918756 -0.18240136
v -0.06031482 0.0117403865 -0.19303177
v -0.09411361 0.082784235 -0.16976602
v -0.1393853 0.013528973 -0.18337476
v -0.14610131 0.012281418 -0.17709464
v -0.08153598 0.09890199 -0.16747332
v -0.097896606 0.11659622 -0.16108318
v -0.12424408 0.10185218 -0.1581807
v -0.124772325 0.116841674 -0.15950389
v -0.14531353 0.10750237 -0.15552713
v -0.14181897 0.12362075 -0.14769773
v -0.1286371 0.07788926 -0.1582495
v -0.1286371 0.07788926 -0.1582495
v -0.13370974 0.04518771 -0.17099185
v -0.11474611 0.06680477 -0.17082275
v -0.14531353 0.10750237 -0.15552713
v -0.14970352 0.09583196 -0.14561892
v -0.12424408 0.10185218 -0.1581807
v -0.13661425 0.09221709 -0.14739026
v -0.12763599 0.07730901 -0.14497122
v -0.14590454 0.09011477 -0.13108398
v -0.14920808 0.07754168 -0.121962436
v -0.13157724 0.070666164 -0.12532559
v -0.13523619 0.017354667 -0.19445662
v -0.12635885 0.013329506 -0.18794133
v -0.1393853 0.013528973 -0.18337476
v -0.15681195 0.3075714 -0.008604379
v -0.16375184 0.29181436 0.0027450323
v -0.15022896 0.30560964 -0.008108038
v -0.14021814 0.31777003 -0.010627743
v -0.14901416 0.4106685 -0.010944214
v -0.16329843 0.40272236 0.0005315803
v -0.16377425 0.41000462 -0.007293351
v -0.13929099 0.13754633 -0.091130525
v -0.16452704 0.1319885 -0.08670689
v -0.14705274 0.13894561 -0.11587278
v -0.11074358 0.14046374 -0.11734638
v -0.11092758 0.1274828 -0.14439455
v -0.14181897 0.12362075 -0.14769773
v -0.08415872 0.12530196 -0.14887065
v -0.097896606 0.11659622 -0.16108318
v -0.124772325 0.116841674 -0.15950389
v -0.070123985 0.10849142 -0.15680258
v -0.06710821 0.116822064 -0.14441374
v -0.08153598 0.09890199 -0.16747332
v -0.062409565 0.08905202 -0.15792754
v -0.07252818 0.071918756 -0.18240136
v -0.053701684 0.055356234 -0.17926702
v -0.06789201 0.0401327 -0.1963226
v -0.045107327 0.06114927 -0.16841786
v -0.039277554 0.03327322 -0.17179507
v -0.04945828 0.026414484 -0.1848552
v -0.04027365 0.012946576 -0.18018852
v -0.06031482 0.0117403865 -0.19303177
v -0.16052294 0.029155314 -0.1417246
v -0.16567715 0.012032092 -0.15488581
v -0.14716895 0.014476061 -0.13725886
v -0.15585095 0.015285403 -0.13459691
v -0.16219796 0.045560002 -0.11566874
v -0.1611381 0.14351991 -0.11493779
v -0.14148897 0.15022898 -0.116408736
v -0.14882436 0.13510945 -0.14349823
v -0.11795698 0.14142811 -0.13624448
v -0.11162028 0.15148783 -0.12323275
v -0.13090642 0.12683558 -0.16146648
v -0.08723899 0.12863061 -0.1578228
v -0.0986111 0.14278397 -0.1433444
v -0.09959903 0.12318334 -0.16909118
v -0.11245817 0.14782092 -0.14161955
v -0.06810631 0.14103395 -0.14145839
v -0.078693695 0.15296292 -0.12192939
v -0.05771313 0.1499328 -0.12900022
v -0.14412545 0.40263158 -0.0419152
v -0.14928715 0.3970829 -0.03039785
v -0.15731642 0.40458748 -0.038249854
v -0.13734429 0.39482772 -0.031419005
v -0.15148696 0.4102445 -0.04444504
v -0.14495873 0.41896898 -0.04897227
v -0.15208471 0.3516398 -0.022130186
v -0.15211548 0.34922093 -0.03891091
v -0.14830825 0.3535167 -0.03189173
v -0.1486549 0.3410104 -0.029414793
v -0.14843461 0.37651968 -0.03524857
v -0.14457656 0.33348346 -0.020250732
v -0.15042688 0.3341607 -0.041867685
v -0.14561795 0.060470134 -0.14036275
v -0.14959331 0.03283286 -0.13923708
v -0.1463013 0.035951853 -0.16648294
v -0.14774098 0.016123533 -0.16039279
v -0.14430754 0.050819457 -0.16080189
v -0.13896903 0.01864338 -0.17960985
v -0.14716895 0.014476061 -0.13725886
v -0.14610131 0.012281418 -0.17709464
v -0.13861045 0.3047739 -0.007936418
v -0.16556083 0.26797837 -0.0014869496
v -0.14827964 0.2953822 -0.010724124
v -0.14194171 0.31140587 -0.01879179
v -0.15022896 0.30560964 -0.008108038
v -0.13048276 0.32344216 -0.030564206
v -0.15681195 0.3075714 -0.008604379
v -0.15074646 0.3189439 -0.013336176
v -0.13431214 0.12978536 -0.07781484
v -0.16452704 0.1319885 -0.08670689
v -0.13929099 0.13754633 -0.091130525
v -0.10260564 0.12202814 -0.08132677
v -0.11034167 0.1340164 -0.09817846
v -0.076406345 0.11152339 -0.11146277
v -0.11074358 0.14046374 -0.11734638
v -0.07979037 0.12149483 -0.1337722
v -0.08415872 0.12530196 -0.14887065
v -0.06710821 0.116822064 -0.14441374
v -0.06465258 0.1026184 -0.1329613
v -0.070123985 0.10849142 -0.15680258
v -0.06960327 0.08674371 -0.107713275
v -0.06452791 0.09010029 -0.13305694
v -0.07778614 0.09387773 -0.09563463
v -0.06725144 0.071513385 -0.101956554
v -0.06174671 0.08254132 -0.115016215
v -0.048131645 0.055533767 -0.149939
v -0.05776809 0.060405254 -0.11042732
v -0.062409565 0.08905202 -0.15792754
v -0.045107327 0.06114927 -0.16841786
v -0.039277554 0.03327322 -0.17179507
v -0.03535448 0.016563922 -0.16814484
v -0.04027365 0.012946576 -0.18018852
v -0.048125923 0.029980034 -0.13211071
v -0.05709429 0.034240723 -0.10974189
v -0.14181039 0.30767715 -0.037806474
v -0.13733265 0.29549664 -0.028466804
v -0.14614727 0.30474204 -0.02611667
v -0.12972748 0.28565082 -0.033987787
v -0.12570314 0.29771674 -0.032683548
v -0.1226611 0.27344322 -0.025912764
v -0.11282043 0.23821327 -0.029498836
v -0.111152336 0.25445324 -0.033574615
v -0.10588777 0.22172835 -0.03529019
v -0.092903845 0.22438961 -0.03264165
v -0.13048276 0.32344216 -0.030564206
v -0.14003707 0.012526035 0.09651668
v -0.15686288 0.015563607 0.110272676
v -0.13956134 0.022813857 0.10973956
v -0.13201877 0.025333881 0.09293446
v -0.13622649 0.052968144 0.10019651
v -0.11842328 0.019198537 0.07346784
v -0.1266179 0.03629619 0.077394806
v -0.12210651 0.022388637 0.056670144
v -0.13082828 0.074088156 0.07155076
v -0.1254979 0.06326386 0.054872565
v -0.14460108 0.06793445 0.10071574
v -0.13077396 0.08069587 0.034527868
v -0.1305316 0.06274426 0.0314754
v -0.12399782 0.021231174 0.033529717
v -0.11910342 0.013079286 0.043051302
v -0.13875674 0.03299439 0.020839695
v -0.13409077 0.014639407 0.019468762
v -0.12228401 0.024296165 -0.19887154
v -0.12174834 0.0150948465 -0.19780184
v -0.11602537 0.02044943 -0.19402902
v -0.14248097 0.014584899 -0.1836166
v -0.12635885 0.013329506 -0.18794133
v -0.13523619 0.017354667 -0.19445662
v -0.13523619 0.017354667 -0.19445662
v -0.1393853 0.013528973 -0.18337476
v -0.13374536 0.01608482 -0.18691613
v -0.12174834 0.0150948465 -0.19780184
v -0.12224533 0.015080273 -0.20257215
v -0.11602537 0.02044943 -0.19402902
v -0.123816624 0.024933666 -0.21142632
v -0.13383321 0.020519108 -0.22426863
v -0.14692749 0.010653973 -0.22543366
v -0.14236292 0.014514804 -0.19568628
v -0.12163575 0.021247119 -0.22938631
v -0.13523619 0.017354667 -0.19445662
v -0.14236292 0.014514804 -0.19568628
v -0.14248097 0.014584899 -0.1836166
v -0.13748051 0.020583928 -0.09860183
v -0.14627881 0.021263003 -0.100137904
v -0.13753454 0.020377934 -0.09814793
v -0.13687633 0.020996094 -0.09866157
v -0.13662295 0.029894322 -0.09495088
v -0.13667159 0.020610273 -0.09813526
v -0.1376894 0.114907324 0.036477685
v -0.1489778 0.1075235 0.052566633
v -0.13033064 0.08822945 0.052732944
v -0.13667159 0.020610273 -0.09813526
v -0.13392104 0.015896201 -0.095948294
v -0.13721038 0.020451754 -0.09890887
v -0.13687633 0.020996094 -0.09866157
v -0.13753454 0.020377934 -0.09814793
v -0.13721038 0.020451754 -0.09890887
v -0.13687633 0.020996094 -0.09866157
v -0.13721038 0.020451754 -0.09890887
v -0.12892129 0.01832676 -0.09786141
v -0.12744649 0.012180954 -0.23981242
v -0.14692749 0.010653973 -0.22543366
v -0.13383321 0.020519108 -0.22426863
v -0.12163575 0.021247119 -0.22938631
v -0.10460785 0.019593537 -0.22826965
v -0.11381012 0.024904668 -0.21894829
v -0.09592165 0.011436969 -0.2241379
v -0.12529086 0.033880293 -0.22455014
v -0.09984861 0.031004041 -0.21889117
v -0.12042093 0.035529017 -0.21966009
v -0.12547503 0.036394775 -0.21258159
v -0.1283099 0.20917726 -0.041866377
v -0.15252309 0.21371675 -0.057144016
v -0.1346377 0.20880064 -0.034307744
v -0.13304017 0.20706257 -0.015128712
v -0.11314039 0.21708831 -0.014824195
v -0.10588777 0.22172835 -0.03529019
v -0.09970161 0.22395757 -0.025691139
v -0.11651379 0.21432018 -0.05369304
v -0.095406696 0.22131428 -0.04645399
v -0.12747797 0.20236999 -0.051618256
v -0.092903845 0.22438961 -0.03264165
v -0.09454534 0.22367302 -0.0124058
v -0.1206578 0.13564491 -0.07273754
v -0.12777807 0.13778114 -0.05749873
v -0.1333145 0.12467599 -0.06383524
v -0.12531576 0.14745218 -0.06441684
v -0.103263974 0.12847504 -0.07722302
v -0.10444966 0.15035129 -0.10101706
v -0.07471787 0.12726402 -0.10226801
v -0.08375716 0.11020216 -0.086227655
v -0.078693695 0.15296292 -0.12192939
v -0.05771313 0.1499328 -0.12900022
v -0.06366547 0.1289233 -0.12485584
v -0.056062363 0.113625765 -0.13934657
v -0.06495811 0.10221058 -0.10745076
v -0.07666135 0.081359684 -0.08623669
v -0.06557317 0.08596903 -0.10126606
v -0.06267194 0.09007084 -0.10226312
v -0.0918815 0.0842872 -0.083856896
v -0.10451722 0.100533694 -0.0763255
v -0.098835394 0.064026594 -0.086483955
v -0.109955475 0.070420146 -0.07613151
v -0.08268 0.05603069 -0.09048481
v -0.09906976 0.03904444 -0.097873256
v -0.10969882 0.039288253 -0.09257681
v -0.09394955 0.03132966 -0.10108256
v -0.05709429 0.034240723 -0.10974189
v -0.07683466 0.022234082 -0.11020225
v -0.0679024 0.05681011 -0.097695924
v -0.06831971 0.0672555 -0.09065506
v -0.055750668 0.053850055 -0.1040609
v -0.06725144 0.071513385 -0.101956554
v -0.10052355 0.02464497 -0.098732725
v -0.10843973 0.016051978 -0.10264563
v -0.11280958 0.08197194 -0.08114668
v -0.11593464 0.12036401 -0.057688724
v -0.13456996 0.06625271 0.09942341
v -0.13359642 0.038280755 0.112996876
v -0.12217297 0.04705909 0.090117626
v -0.12396684 0.056341022 0.07541709
v -0.11991419 0.0565162 0.05567822
v -0.12639321 0.077117205 0.06656731
v -0.13033064 0.08822945 0.052732944
v -0.12210651 0.022388637 0.056670144
v -0.11842328 0.019198537 0.07346784
v -0.11887634 0.0290789 0.051081583
v -0.11910342 0.013079286 0.043051302
v -0.11084746 0.07059091 0.047662795
v -0.13026546 0.107360065 0.027303696
v -0.13161488 0.10676429 0.025916588
v -0.13482155 0.103539556 0.018570796
v -0.1295913 0.10463083 0.027855784
v -0.12732469 0.10985461 0.023542326
v -0.12837785 0.10375494 0.030252255
v -0.13057563 0.1047973 0.028626569
v -0.12217297 0.04705909 0.090117626
v -0.13359642 0.038280755 0.112996876
v -0.121748954 0.042034715 0.11312953
v -0.10026559 0.030290097 0.11278452
v -0.0893844 0.02981913 0.09279212
v -0.11706947 0.022544503 0.13089077
v -0.104859844 0.01913488 0.12895115
v -0.09183299 0.017780244 0.13557671
v -0.08169291 0.023240775 0.12867062
v -0.07107858 0.039886028 0.11212976
v -0.07689224 0.034828126 0.1438411
v -0.08306061 0.03640008 0.06819309
v -0.06265189 0.04363343 0.070068724
v -0.061254054 0.044180155 0.10730226
v -0.0698424 0.050357044 0.058521777
v -0.06324728 0.04187864 0.156832
v -0.06962877 0.025101721 0.16251917
v -0.05352688 0.03807807 0.17466739
v -0.044224136 0.02774483 0.18554349
v -0.020499606 0.03501782 0.19588123
v -0.06358795 0.011382997 0.16916335
v -0.046345472 0.012447238 0.18331125
v -0.022223793 0.019714713 0.20242712
v -0.049577624 0.008868724 0.19673309
v -0.0049023293 0.020429492 0.21196301
v -0.0003424324 0.0074958503 0.22131498
v 0.010148708 0.032067865 0.20642404
v 0.01295438 0.038695663 0.18887703
v 0.05016078 0.03841278 0.18835309
v -0.023572784 0.04266423 0.17755838
v 0.03735983 0.04118538 0.17836446
v 0.07156621 0.036640614 0.17770168
v -0.029895127 0.0060727894 0.22153895
v 0.024648212 0.015588105 0.20807129
v 0.02237457 0.0031852722 0.22170411
v 0.0068737827 0.0020099878 0.23981242
v 0.051324017 0.006135732 0.21417563
v 0.062060624 0.008219123 0.20846224
v 0.05029881 0.009745985 0.19306587
v 0.08627471 0.0018561482 0.23105516
v 0.08979246 0.0035166144 0.19302061
v 0.08556725 0.008765042 0.17581686
v 0.11310618 0.005880028 0.16234845
v 0.10541123 0.017644197 0.15512204
v -0.12399247 0.04602036 0.1398663
v -0.11280514 0.028592825 0.13740653
v -0.12020986 0.04104337 0.14806072
v -0.1094601 0.037314236 0.1315428
v -0.104859844 0.01913488 0.12895115
v -0.12589027 0.057335466 0.13001926
v -0.12950619 0.058666855 0.14316477
v -0.1059992 0.038672566 0.1427811
v -0.11525987 0.043852895 0.13989957
v -0.10669474 0.031636834 0.13785602
v -0.120333955 0.05465582 0.16070962
v -0.11041489 0.04693243 0.15684952
v -0.12950619 0.058666855 0.14316477
v -0.12399247 0.04602036 0.1398663
v -0.11593464 0.12036401 -0.057688724
v -0.1333145 0.12467599 -0.06383524
v -0.12687531 0.13059226 -0.050243758
v -0.103263974 0.12847504 -0.07722302
v -0.11778113 0.12947553 -0.037654012
v -0.11050776 0.12581703 -0.040891804
v -0.11191733 0.12814805 -0.017399378
v -0.10606888 0.119728774 -0.049811587
v -0.12414415 0.13144821 -0.0059731193
v -0.105980754 0.12869397 0.0031772442
v -0.118665725 0.12836 0.010457467
v -0.10358755 0.14612126 0.010748085
v -0.12837785 0.10375494 0.030252255
v -0.13161488 0.10676429 0.025916588
v -0.1295913 0.10463083 0.027855784
v -0.12732469 0.10985461 0.023542326
v -0.12932952 0.0989365 0.029086463
v -0.12861063 0.09771842 0.029831432
v -0.13011539 0.090685785 0.027477749
v -0.12861063 0.09771842 0.029831432
v -0.12848137 0.10069704 0.0313117
v -0.13011539 0.090685785 0.027477749
v -0.1296968 0.09417194 0.029525515
v -0.12861063 0.09771842 0.029831432
v -0.1295913 0.10463083 0.027855784
v -0.13057563 0.1047973 0.028626569
v -0.12732469 0.10985461 0.023542326
v -0.1259105 0.09631759 0.025113147
v -0.11661522 0.11277056 0.018215723
v -0.113733605 0.0949415 0.015224338
v -0.11397652 0.06307298 0.018565908
v -0.10322112 0.083938 0.0027023964
v -0.12872092 0.069714606 0.026994616
v -0.12139256 0.04701388 0.028767765
v -0.13011539 0.090685785 0.027477749
v -0.12837785 0.10375494 0.030252255
v -0.12848137 0.10069704 0.0313117
v -0.10974629 0.11060774 0.0021693818
v -0.10377441 0.035806477 0.016398065
v -0.090953864 0.041604638 -0.0042944774
v -0.09141083 0.028088033 0.0050087385
v -0.104404464 0.016018152 0.02051758
v -0.09039495 0.015300065 0.009437025
v -0.12153058 0.016441047 0.0296764
v -0.1259105 0.09631759 0.025113147
v -0.12932952 0.0989365 0.029086463
v -0.1295913 0.10463083 0.027855784
v -0.1296968 0.09417194 0.029525515
v -0.12732469 0.10985461 0.023542326
v -0.13057563 0.1047973 0.028626569
v -0.13161488 0.10676429 0.025916588
v -0.1259105 0.09631759 0.025113147
v -0.12861063 0.09771842 0.029831432
v -0.1296968 0.09417194 0.029525515
v -0.12837785 0.10375494 0.030252255
v -0.0024701618 0.122053176 0.03780648
v -0.037463807 0.13053581 0.020408861
v -0.010565843 0.122781694 0.052862324
v 0.012615915 0.13651416 0.008989878
v 0.004087873 0.14237687 -0.002931092
v -0.010198224 0.14025599 -0.014369189
v 0.0037973747 0.14350897 -0.02058249
v -0.010062724 0.14937246 -0.028513579
v -0.03517826 0.1362148 -0.05834323
v -0.039855443 0.13129154 0.0012195781
v 0.0012445357 0.14555514 -0.063356996
v -0.0176275 0.15044793 -0.08203316
v -0.023774147 0.14948466 -0.10972534
v 0.0036179237 0.13775522 -0.10894596
v 0.029019095 0.13120005 -0.085484385
v -0.03132167 0.13152882 -0.13994987
v 0.008677617 0.12567183 -0.14927784
v 0.03113878 0.12135792 -0.11898208
v -0.008020453 0.12292141 -0.15877755
v 0.04163414 0.12317085 -0.06888986
v 0.03299291 0.12269226 0.031088319
v 0.037258334 0.11932725 0.048863813
v 0.058348417 0.11619586 0.03274839
v 0.0437063 0.1298987 0.002389595
v 0.058813423 0.12198269 -0.0021145903
v 0.083098225 0.10353947 0.013062596
v 0.07769315 0.1084618 0.031330034
v 0.051423248 0.109007 0.05234009
v 0.06462817 0.09280813 0.04703652
v 0.08035645 0.1164422 -0.018865269
v 0.061834358 0.12017572 -0.018158544
v 0.065142885 0.11897385 -0.033643316
v 0.08619964 0.12185857 -0.037555296
v 0.05412752 0.122698575 -0.018566962
v 0.035485625 0.13108936 -0.018866148
v 0.02450129 0.13058937 0.001396114
v 0.016701564 0.13541025 -0.024181552
v 0.02797531 0.13271338 0.05405216
v 0.03753605 0.11941096 -0.146781
v 0.04846791 0.112072706 -0.12818086
v 0.044279285 0.112363994 -0.11614382
v 0.04885859 0.10685694 -0.107340455
v 0.050195448 0.106821954 -0.14486063
v 0.04304891 0.113875985 -0.10465349
v 0.0657231 0.11276302 -0.093931295
v 0.07546536 0.111246884 -0.051848777
v 0.019584008 0.14129996 -0.00030692853
v 0.07866466 0.11715984 -0.037032932
v 0.05412752 0.122698575 -0.018566962
v 0.035485625 0.13108936 -0.018866148
v 0.047135293 0.1382938 -0.0015373081
v 0.036536735 0.14108694 -0.002455894
v 0.058813423 0.12198269 -0.0021145903
v 0.053074166 0.13691899 0.0114116855
v 0.05314795 0.1456238 0.029097777
v 0.026756736 0.15386638 0.008581385
v 0.026674101 0.15556431 0.04321014
v 0.044362485 0.14866555 0.0503925
v 0.056684956 0.14012775 0.043065213
v 0.05880386 0.1353459 0.052832253
v -0.0043422356 0.16367346 -0.0024355873
v 0.016701564 0.13541025 -0.024181552
v 0.0037973747 0.14350897 -0.02058249
v 0.019584008 0.14129996 -0.00030692853
v 0.014127162 0.15021214 0.011540405
v 0.02450129 0.13058937 0.001396114
v -0.0036946982 0.15833619 0.022543024
v -0.108399704 0.14592248 0.0053762645
v -0.121559426 0.14331758 0.016646441
v -0.10358755 0.14612126 0.010748085
v -0.0932015 0.13517806 0.0017377939
v -0.10188097 0.14025825 0.004505545
v -0.08118656 0.14686707 0.011888552
v -0.099757686 0.15370056 0.024142507
v -0.07397535 0.1189239 0.003844522
v -0.068627365 0.13111666 0.01807278
v -0.060023203 0.120189756 0.014617778
v -0.06630426 0.1505332 0.030255288
v -0.060058035 0.14174142 0.040192194
v -0.07224933 0.15148017 0.045384422
v -0.055396274 0.120518446 0.0374434
v -0.11017169 0.150532 0.03387536
v -0.08586871 0.14535284 0.05688192
v -0.11486581 0.15378419 -0.0013122745
v -0.13477314 0.14630672 0.008049998
v -0.037463807 0.13053581 0.020408861
v -0.059953503 0.12911147 -0.0021918956
v -0.04495976 0.118798375 0.049202554
v -0.010565843 0.122781694 0.052862324
v -0.05155518 0.14206338 -0.010490913
v -0.039855443 0.13129154 0.0012195781
v -0.05162321 0.1376763 -0.017691925
v 0.0657231 0.11276302 -0.093931295
v 0.04885859 0.10685694 -0.107340455
v 0.04304891 0.113875985 -0.10465349
v 0.041387334 0.10197288 -0.12072559
v -0.12020986 0.04104337 0.14806072
v -0.122148246 0.046438277 0.17328452
v -0.11041489 0.04693243 0.15684952
v -0.10464992 0.040679574 0.16478005
v -0.11525987 0.043852895 0.13989957
v -0.12399247 0.04602036 0.1398663
v -0.10910718 0.0330168 0.14120884
v -0.10669474 0.031636834 0.13785602
v -0.09479582 0.03580296 0.14764227
v -0.095636345 0.027869135 0.15396184
v -0.09183299 0.017780244 0.13557671
v -0.085116774 0.016958714 0.16124777
v -0.12529086 0.033880293 -0.22455014
v -0.12372506 0.036334276 -0.21923615
v -0.12468903 0.03712809 -0.21652992
v -0.11865063 0.036284983 -0.21699415
v -0.12547503 0.036394775 -0.21258159
v -0.12547503 0.036394775 -0.21258159
v -0.12372506 0.036334276 -0.21923615
v -0.12042093 0.035529017 -0.21966009
v -0.11764024 0.13799846 -0.024160951
v -0.11615354 0.14185637 -0.0006301254
v -0.12414415 0.13144821 -0.0059731193
v -0.10358755 0.14612126 0.010748085
v -0.11778113 0.12947553 -0.037654012
v -0.11854416 0.1418542 -0.048016522
v -0.108399704 0.14592248 0.0053762645
v -0.118665725 0.12836 0.010457467
v -0.12622662 0.103973925 -0.043564007
v -0.11415212 0.09931651 -0.031629104
v -0.12354344 0.11277509 -0.03468326
v -0.110958934 0.109178126 -0.01866559
v -0.10953717 0.08332452 -0.023902278
v -0.12172073 0.07909149 -0.058775824
v -0.100335866 0.056725323 -0.025716525
v -0.10567106 0.041342854 -0.054228216
v -0.09288718 0.018899918 -0.035910867
v -0.09610533 0.017298669 -0.05772446
v -0.084617645 0.014501274 -0.056786943
v -0.12098192 0.057287067 -0.07733252
v -0.11433162 0.02814132 -0.08645889
v -0.090953864 0.041604638 -0.0042944774
v -0.09627418 0.017639965 -0.018866837
v -0.09674254 0.023183972 -0.003294995
v -0.09269813 0.018119752 -0.0031768698
v -0.09039495 0.015300065 0.009437025
v -0.08475878 0.011821568 -0.014728039
v -0.084692314 0.0183599 -0.004958218
v -0.07311222 0.011821121 0.00063513406
v -0.08095871 0.019082993 0.0019811
v -0.08173979 0.011956006 0.03285222
v -0.09141083 0.028088033 0.0050087385
v -0.104515836 0.021844923 -0.07472864
v -0.10494645 0.015738547 -0.08719289
v -0.10843973 0.016051978 -0.10264563
v -0.09368943 0.012289435 -0.092118084
v -0.09359379 0.017579615 -0.08834832
v -0.08295098 0.008032888 -0.080055475
v -0.086884834 0.0144566 -0.07618014
v -0.08846076 0.033744276 -0.07606105
v -0.10322112 0.083938 0.0027023964
v -0.10974629 0.11060774 0.0021693818
v -0.08846076 0.033744276 -0.07606105
v -0.086884834 0.0144566 -0.07618014
v -0.090221 0.03970337 -0.0698528
v -0.12224533 0.015080273 -0.20257215
v -0.12680273 0.013593227 -0.19536817
v -0.11986695 0.011361659 -0.20231768
v -0.10910718 0.0330168 0.14120884
v -0.10544394 0.027690172 0.14553137
v -0.12020986 0.04104337 0.14806072
v -0.10239005 0.027543277 0.13682976
v -0.10669474 0.031636834 0.13785602
v -0.10910718 0.0330168 0.14120884
v -0.11280514 0.028592825 0.13740653
v -0.12020986 0.04104337 0.14806072
v -0.10730836 0.025744319 0.1389845
v -0.107446656 0.02525857 0.13914242
v -0.10544394 0.027690172 0.14553137
v -0.10344015 0.020118535 0.14341836
v -0.085116774 0.016958714 0.16124777
v -0.095636345 0.027869135 0.15396184
v -0.10464992 0.040679574 0.16478005
v -0.12020986 0.04104337 0.14806072
v -0.122148246 0.046438277 0.17328452
v -0.12950619 0.058666855 0.14316477
v -0.120333955 0.05465582 0.16070962
v -0.1076912 0.048060596 0.14423256
v -0.11041489 0.04693243 0.15684952
v -0.12589027 0.057335466 0.13001926
v -0.1127177 0.05461666 0.12793592
v -0.10424121 0.04112366 0.13439645
v -0.1059992 0.038672566 0.1427811
v -0.10669474 0.031636834 0.13785602
v -0.10239005 0.027543277 0.13682976
v -0.10783237 0.019234031 0.13871776
v -0.10730836 0.025744319 0.1389845
v -0.0950394 0.049583137 0.15521003
v -0.13039224 0.041125268 -0.19626115
v -0.11602537 0.02044943 -0.19402902
v -0.11855398 0.029465884 -0.2061695
v -0.112101674 0.017817616 -0.20679803
v -0.10130344 0.03350258 -0.20951162
v -0.102127105 0.015965462 -0.21531706
v -0.09984861 0.031004041 -0.21889117
v -0.10460785 0.019593537 -0.22826965
v -0.09592165 0.011436969 -0.2241379
v -0.109955475 0.070420146 -0.07613151
v -0.11280958 0.08197194 -0.08114668
v -0.11267015 0.08322671 -0.06638366
v -0.10451722 0.100533694 -0.0763255
v -0.1015691 0.05185759 -0.061501898
v -0.09974967 0.0777058 -0.03814446
v -0.10787757 0.039258003 -0.08060649
v -0.104515836 0.021844923 -0.07472864
v -0.10969882 0.039288253 -0.09257681
v -0.10401115 0.019257307 -0.09026413
v -0.10843973 0.016051978 -0.10264563
v -0.09368943 0.012289435 -0.092118084
v -0.10494645 0.015738547 -0.08719289
v -0.09610533 0.017298669 -0.05772446
v -0.09210688 0.03647548 -0.048961163
v -0.09039344 0.057680547 -0.039803468
v -0.084617645 0.014501274 -0.056786943
v -0.08998169 0.07748383 -0.02423359
v -0.09566653 0.08771321 -0.03806086
v -0.10747887 0.09662804 -0.05469455
v -0.10606888 0.119728774 -0.049811587
v -0.11593464 0.12036401 -0.057688724
v -0.1127177 0.05461666 0.12793592
v -0.1094601 0.037314236 0.1315428
v -0.12589027 0.057335466 0.13001926
v -0.10424121 0.04112366 0.13439645
v -0.10239005 0.027543277 0.13682976
v -0.1094601 0.037314236 0.1315428
v -0.10239005 0.027543277 0.13682976
v -0.104859844 0.01913488 0.12895115
v -0.09183299 0.017780244 0.13557671
v -0.091068074 0.030794203 0.13996468
v -0.09255306 0.037151843 0.1440033
v -0.1059992 0.038672566 0.1427811
v -0.088702165 0.037001908 0.14375599
v -0.10910718 0.0330168 0.14120884
v -0.1076912 0.048060596 0.14423256
v -0.0950394 0.049583137 0.15521003
v -0.08857864 0.037975937 0.14466654
v -0.11041489 0.04693243 0.15684952
v -0.11615354 0.14185637 -0.0006301254
v -0.11764024 0.13799846 -0.024160951
v -0.11078991 0.1379464 -0.0042767804
v -0.11191733 0.12814805 -0.017399378
v -0.108399704 0.14592248 0.0053762645
v -0.10188097 0.14025825 0.004505545
v -0.105980754 0.12869397 0.0031772442
v -0.10358755 0.14612126 0.010748085
v -0.11050776 0.12581703 -0.040891804
v -0.11854416 0.1418542 -0.048016522
v -0.10606888 0.119728774 -0.049811587
v -0.10959415 0.043213964 -0.22969086
v -0.11381012 0.024904668 -0.21894829
v -0.12042093 0.035529017 -0.21966009
v -0.09984861 0.031004041 -0.21889117
v -0.01963862 0.04496783 -0.19247563
v -0.020232253 0.04256451 -0.19330616
v -0.020831652 0.040809512 -0.18787177
v -0.093514234 0.015076935 -0.20352755
v -0.112101674 0.017817616 -0.20679803
v -0.11602537 0.02044943 -0.19402902
v -0.102127105 0.015965462 -0.21531706
v -0.09592165 0.011436969 -0.2241379
v -0.0546277 0.013158619 -0.20763202
v -0.06337649 0.01620385 -0.1999965
v -0.05221942 0.020168722 -0.19437148
v -0.045902103 0.019736081 -0.20348042
v -0.048468903 0.01040256 -0.23611264
v -0.042415395 0.027884126 -0.1901698
v -0.035359755 0.021322787 -0.20377521
v -0.015160464 0.021360248 -0.22044764
v -0.03959553 0.022297084 -0.18679468
v -0.004921958 0.010751665 -0.23289086
v 0.006810501 0.035456955 -0.21694739
v -0.017080888 0.04015416 -0.20286642
v -0.026262973 0.032767713 -0.20432396
v -0.0014184173 0.04496646 -0.20016712
v -0.015625577 0.04736507 -0.19202545
v 0.013012953 0.03863111 -0.1996501
v 0.0046250243 0.043440968 -0.18531996
v -0.014934666 0.044819027 -0.18406992
v 0.01422483 0.039586008 -0.19091545
v -0.015829824 0.046120822 -0.18667679
v -0.012269512 0.041303873 -0.17629914
v -0.01801645 0.05051598 -0.17264394
v -0.026248157 0.04415381 -0.17871782
v -0.037554786 0.046896815 -0.17335038
v -0.017839186 0.046146363 -0.18787634
v -0.019049648 0.04393354 -0.19243994
v -0.020232253 0.04256451 -0.19330616
v -0.024213307 0.04061556 -0.19534314
v -0.021224618 0.04235533 -0.19140206
v -0.020831652 0.040809512 -0.18787177
v -0.02350885 0.041522533 -0.1883022
v -0.10669474 0.031636834 0.13785602
v -0.11280514 0.028592825 0.13740653
v -0.107446656 0.02525857 0.13914242
v -0.10344015 0.020118535 0.14341836
v -0.10730836 0.025744319 0.1389845
v -0.11280514 0.028592825 0.13740653
v -0.10730836 0.025744319 0.1389845
v -0.10344015 0.020118535 0.14341836
v -0.10239005 0.027543277 0.13682976
v -0.10544394 0.027690172 0.14553137
v -0.0893844 0.02981913 0.09279212
v -0.10162592 0.016372323 0.07761158
v -0.11842328 0.019198537 0.07346784
v -0.10021849 0.015816867 0.082686886
v -0.12217297 0.04705909 0.090117626
v -0.09314744 0.01738891 0.08301633
v -0.09596742 0.013628542 0.085435316
v -0.0950394 0.049583137 0.15521003
v -0.11041489 0.04693243 0.15684952
v -0.09479582 0.03580296 0.14764227
v -0.08828816 0.03798592 0.14652158
v -0.09255306 0.037151843 0.1440033
v -0.08857864 0.037975937 0.14466654
v -0.091068074 0.030794203 0.13996468
v -0.09183299 0.017780244 0.13557671
v -0.08989867 0.0108882785 0.073368594
v -0.11627133 0.01325652 0.083914876
v -0.10162592 0.016372323 0.07761158
v -0.09314744 0.01738891 0.08301633
v -0.09596742 0.013628542 0.085435316
v -0.088811286 0.020742327 0.0714468
v -0.0893844 0.02981913 0.09279212
v -0.08306061 0.03640008 0.06819309
v -0.11008324 0.018141687 0.09480956
v -0.09359379 0.017579615 -0.08834832
v -0.10401115 0.019257307 -0.09026413
v -0.10494645 0.015738547 -0.08719289
v -0.10052355 0.02464497 -0.098732725
v -0.08745122 0.031025648 -0.08935236
v -0.09906976 0.03904444 -0.097873256
v -0.08846076 0.033744276 -0.07606105
v -0.07813826 0.031831503 -0.08495961
v -0.082822174 0.033972442 -0.07492913
v -0.08514117 0.027334958 -0.071766004
v -0.07273393 0.039586663 -0.08197117
v -0.082688674 0.03525704 -0.064164296
v -0.10021849 0.015816867 0.082686886
v -0.11627133 0.01325652 0.083914876
v -0.09596742 0.013628542 0.085435316
v -0.08232824 0.041428506 -0.080327116
v -0.090221 0.03970337 -0.0698528
v -0.082688674 0.03525704 -0.064164296
v -0.08232824 0.041428506 -0.080327116
v -0.08846076 0.033744276 -0.07606105
v -0.090221 0.03970337 -0.0698528
v -0.082688674 0.03525704 -0.064164296
v -0.07730353 0.013209105 -0.07046318
v -0.08335902 0.027932823 -0.05774355
v -0.07265648 0.01071161 -0.079541646
v -0.0749969 0.009960949 -0.07487967
v -0.084617645 0.014501274 -0.056786943
v -0.09210688 0.03647548 -0.048961163
v -0.077161565 0.009658098 -0.07293712
v -0.06444833 0.08955139 -0.09791398
v -0.06557317 0.08596903 -0.10126606
v -0.07666135 0.081359684 -0.08623669
v -0.07858604 0.075134754 -0.06990184
v -0.05438388 0.11945826 -0.06991787
v -0.038296014 0.13962743 -0.09628949
v -0.055032857 0.11301875 -0.10008566
v -0.052068226 0.120981455 -0.12426113
v -0.06495811 0.10221058 -0.10745076
v -0.056062363 0.113625765 -0.13934657
v -0.03517826 0.1362148 -0.05834323
v -0.03132167 0.13152882 -0.13994987
v -0.023774147 0.14948466 -0.10972534
v -0.0176275 0.15044793 -0.08203316
v -0.05536598 0.12362707 -0.05190704
v -0.07498838 0.11080718 -0.055254743
v -0.09039344 0.057680547 -0.039803468
v -0.08589734 0.08517304 -0.051638536
v -0.08998169 0.07748383 -0.02423359
v -0.08232824 0.041428506 -0.080327116
v -0.08268 0.05603069 -0.09048481
v -0.10606888 0.119728774 -0.049811587
v -0.09566653 0.08771321 -0.03806086
v -0.06495811 0.10221058 -0.10745076
v -0.06267194 0.09007084 -0.10226312
v -0.06444833 0.08955139 -0.09791398
v -0.06831971 0.0672555 -0.09065506
v -0.10052355 0.02464497 -0.098732725
v -0.09368943 0.012289435 -0.092118084
v -0.10401115 0.019257307 -0.09026413
v -0.09064883 0.02600503 -0.09596092
v -0.08079027 0.033889532 -0.0950766
v -0.078269556 0.01612389 -0.091291204
v -0.09394955 0.03132966 -0.10108256
v -0.07265648 0.01071161 -0.079541646
v -0.08295098 0.008032888 -0.080055475
v -0.062108353 0.020962179 -0.08436815
v -0.08232824 0.041428506 -0.080327116
v -0.077396564 0.044453084 -0.08174366
v -0.07813826 0.031831503 -0.08495961
v -0.07273393 0.039586663 -0.08197117
v -0.082822174 0.033972442 -0.07492913
v -0.08051738 0.039236724 -0.08054622
v -0.087651305 0.037974417 -0.069624946
v -0.08232824 0.041428506 -0.080327116
v -0.062108353 0.020962179 -0.08436815
v -0.05404134 0.046678066 -0.088304564
v -0.04523219 0.032975078 -0.09307864
v -0.05465734 0.01397562 -0.08681749
v -0.07265648 0.01071161 -0.079541646
v -0.04053712 0.058051825 -0.093211755
v -0.03853026 0.023697466 -0.092325985
v -0.06831971 0.0672555 -0.09065506
v -0.077396564 0.044453084 -0.08174366
v -0.048628956 0.072696865 -0.09858015
v -0.06267194 0.09007084 -0.10226312
v -0.08268 0.05603069 -0.09048481
v -0.04935845 0.09480822 -0.11638983
v -0.088978484 0.019136846 -0.020811751
v -0.08475878 0.011821568 -0.014728039
v -0.09627418 0.017639965 -0.018866837
v -0.069552965 0.012871027 -0.0027042571
v -0.084692314 0.0183599 -0.004958218
v -0.09269813 0.018119752 -0.0031768698
v -0.08095871 0.019082993 0.0019811
v -0.07171256 0.04124391 0.0050238445
v -0.061399467 0.01707539 0.013140291
v -0.0828956 0.04574713 0.0011448078
v -0.06461088 0.06797296 0.018068336
v -0.07470423 0.08390412 0.002966199
v -0.05810237 0.040327877 0.02173512
v -0.053576432 0.058579296 0.03343316
v -0.05522441 0.025440931 0.033398967
v -0.05214358 0.04501888 0.043735117
v -0.057660498 0.00819844 0.029874269
v -0.05337052 0.02588743 0.046137422
v -0.053950645 0.0073854923 0.009035286
v -0.055032417 0.006298214 0.047777764
v -0.056887336 0.08371732 0.02213794
v -0.088978484 0.019136846 -0.020811751
v -0.09627418 0.017639965 -0.018866837
v -0.09288718 0.018899918 -0.035910867
v -0.080738604 0.024082243 -0.053445883
v -0.08458717 0.044570923 -0.016765848
v -0.084617645 0.014501274 -0.056786943
v -0.075374424 0.053656936 -0.05755471
v -0.09269813 0.018119752 -0.0031768698
v -0.0828956 0.04574713 0.0011448078
v -0.07470423 0.08390412 0.002966199
v -0.062116057 0.09619534 -0.06425102
v -0.06453674 0.112318635 -0.019937908
v -0.06828597 0.072950125 -0.082269326
v -0.05258721 0.092951626 -0.10056593
v -0.034085996 0.11324781 -0.11887205
v -0.04935845 0.09480822 -0.11638983
v -0.03517826 0.1362148 -0.05834323
v -0.05536598 0.12362707 -0.05190704
v -0.051454566 0.10619575 -0.05120225
v -0.051686063 0.13162759 -0.032450967
v -0.0634995 0.14415348 -0.051287636
v -0.045628175 0.10852718 -0.031567015
v -0.04677826 0.11066228 -0.01168634
v -0.052105114 0.12523103 -0.008638103
v -0.05837132 0.110146165 0.0035520606
v -0.05162321 0.1376763 -0.017691925
v -0.05155518 0.14206338 -0.010490913
v -0.039855443 0.13129154 0.0012195781
v -0.053910643 0.10880676 0.022744495
v -0.040534534 0.108438075 0.045857444
v -0.06114521 0.09901723 -0.00076112896
v -0.06092108 0.08577904 0.03044948
v -0.0623691 0.11427802 -0.010209434
v -0.05515468 0.12092307 -0.039763458
v -0.0593578 0.09118858 0.046384953
v -0.065656126 0.07041034 0.043859936
v -0.059629902 0.14710262 -0.01929333
v -0.07228223 0.15972212 -0.004038289
v -0.06867173 0.16756472 -0.046569355
v -0.07178323 0.17750847 -0.012953766
v -0.083681636 0.20454463 -0.029932113
v -0.089029185 0.20664746 -0.006192919
v -0.09454534 0.22367302 -0.0124058
v -0.092903845 0.22438961 -0.03264165
v -0.095406696 0.22131428 -0.04645399
v -0.0901459 0.207214 -0.052414037
v -0.041608736 0.0947727 -0.13470861
v -0.057475388 0.093693554 -0.12251176
v -0.027211897 0.1119453 -0.14709574
v -0.06267194 0.09007084 -0.10226312
v -0.052106425 0.09436339 -0.14489266
v -0.057085767 0.08749378 -0.13601999
v -0.06174671 0.08254132 -0.115016215
v -0.06557317 0.08596903 -0.10126606
v -0.06725144 0.071513385 -0.101956554
v -0.06831971 0.0672555 -0.09065506
v -0.06444833 0.08955139 -0.09791398
v -0.0679024 0.05681011 -0.097695924
v -0.09064883 0.02600503 -0.09596092
v -0.09394955 0.03132966 -0.10108256
v -0.09906976 0.03904444 -0.097873256
v -0.08745122 0.031025648 -0.08935236
v -0.08079027 0.033889532 -0.0950766
v -0.08232824 0.041428506 -0.080327116
v -0.07813826 0.031831503 -0.08495961
v -0.078269556 0.01612389 -0.091291204
v -0.062108353 0.020962179 -0.08436815
v -0.07273393 0.039586663 -0.08197117
v -0.07265648 0.01071161 -0.079541646
v -0.082688674 0.03525704 -0.064164296
v -0.077158526 0.01673299 -0.07650097
v -0.08514117 0.027334958 -0.071766004
v -0.08295098 0.008032888 -0.080055475
v -0.07178573 0.009738684 -0.073303655
v -0.084617645 0.014501274 -0.056786943
v -0.077161565 0.009658098 -0.07293712
v -0.08295098 0.008032888 -0.080055475
v -0.077158526 0.01673299 -0.07650097
v -0.07992404 0.012729287 -0.07478261
v -0.07728127 0.010236144 -0.07504332
v -0.08514117 0.027334958 -0.071766004
v -0.077158526 0.01673299 -0.07650097
v -0.07728127 0.010236144 -0.07504332
v -0.07730353 0.013209105 -0.07046318
v -0.07728127 0.010236144 -0.07504332
v -0.07992404 0.012729287 -0.07478261
v -0.08295098 0.008032888 -0.080055475
v -0.0749969 0.009960949 -0.07487967
v -0.07178573 0.009738684 -0.073303655
v -0.07730353 0.013209105 -0.07046318
v -0.07265648 0.01071161 -0.079541646
v -0.05465734 0.01397562 -0.08681749
v -0.03853026 0.023697466 -0.092325985
v -0.07992404 0.012729287 -0.07478261
v -0.077161565 0.009658098 -0.07293712
v -0.07730353 0.013209105 -0.07046318
v -0.086884834 0.0144566 -0.07618014
v -0.090221 0.03970337 -0.0698528
v -0.08514117 0.027334958 -0.071766004
v -0.087651305 0.037974417 -0.069624946
v -0.08295098 0.008032888 -0.080055475
v -0.082688674 0.03525704 -0.064164296
v -0.082822174 0.033972442 -0.07492913
v -0.09479582 0.03580296 0.14764227
v -0.088702165 0.037001908 0.14375599
v -0.09255306 0.037151843 0.1440033
v -0.08857864 0.037975937 0.14466654
v -0.088702165 0.037001908 0.14375599
v -0.08857864 0.037975937 0.14466654
v -0.0950394 0.049583137 0.15521003
v -0.08828816 0.03798592 0.14652158
v -0.091068074 0.030794203 0.13996468
v -0.08846076 0.033744276 -0.07606105
v -0.087651305 0.037974417 -0.069624946
v -0.08514117 0.027334958 -0.071766004
v -0.08232824 0.041428506 -0.080327116
v -0.08232824 0.041428506 -0.080327116
v -0.08745122 0.031025648 -0.08935236
v -0.08051738 0.039236724 -0.08054622
v -0.07813826 0.031831503 -0.08495961
v -0.077396564 0.044453084 -0.08174366
v -0.0848175 0.09875938 -0.17585042
v -0.08723899 0.12863061 -0.1578228
v -0.06762593 0.09810516 -0.1693786
v -0.09959903 0.12318334 -0.16909118
v -0.056062363 0.113625765 -0.13934657
v -0.060266055 0.07459313 -0.17757232
v -0.05394166 0.08905831 -0.15682003
v -0.066201106 0.062413394 -0.19551753
v -0.05114933 0.06992912 -0.1801847
v -0.041102067 0.057761967 -0.17001437
v -0.050600618 0.05368048 -0.19495426
v -0.05728502 0.057004154 -0.20826514
v -0.048368096 0.046619594 -0.18438041
v -0.037554786 0.046896815 -0.17335038
v -0.03801231 0.032016486 -0.17654884
v -0.03959553 0.022297084 -0.18679468
v -0.033432167 0.02330941 -0.17994952
v -0.042415395 0.027884126 -0.1901698
v -0.045902103 0.019736081 -0.20348042
v -0.052106425 0.09436339 -0.14489266
v -0.06810631 0.14103395 -0.14145839
v -0.05771313 0.1499328 -0.12900022
v -0.084617645 0.014501274 -0.056786943
v -0.07178573 0.009738684 -0.073303655
v -0.080738604 0.024082243 -0.053445883
v -0.068451926 0.032090783 -0.07661368
v -0.03853026 0.023697466 -0.092325985
v -0.075374424 0.053656936 -0.05755471
v -0.06828597 0.072950125 -0.082269326
v -0.058042645 0.05901411 -0.08503406
v -0.05258721 0.092951626 -0.10056593
v -0.048628956 0.072696865 -0.09858015
v -0.04053712 0.058051825 -0.093211755
v -0.04544805 0.08448839 -0.10738613
v -0.04935845 0.09480822 -0.11638983
v -0.038389012 0.06437105 -0.103660055
v -0.039748922 0.081617534 -0.13047616
v -0.044665627 0.08236599 -0.11965366
v -0.028597027 0.061093688 -0.13629422
v -0.041608736 0.0947727 -0.13470861
v -0.023649067 0.024018228 -0.114944614
v -0.015968274 0.025900483 -0.1560991
v -0.031004466 0.03952706 -0.10021086
v -0.012197398 0.045434445 -0.16622378
v -0.006938949 0.026173443 -0.17295748
v -0.026223082 0.076223075 -0.15488194
v -0.0097806975 0.07390693 -0.16370408
v -0.027211897 0.1119453 -0.14709574
v -0.014994837 0.10798401 -0.15532447
v 0.009453651 0.04067713 -0.17907275
v -0.012850504 0.013167262 -0.17547362
v 0.011428274 0.014491856 -0.18158345
v 0.018779218 0.024439722 -0.18875867
v 0.03190282 0.018654108 -0.1924661
v 0.037146013 0.008102715 -0.18329875
v -0.07178573 0.009738684 -0.073303655
v -0.08295098 0.008032888 -0.080055475
v -0.07992404 0.012729287 -0.07478261
v -0.07730353 0.013209105 -0.07046318
v -0.0749969 0.009960949 -0.07487967
v -0.08295098 0.008032888 -0.080055475
v -0.077158526 0.01673299 -0.07650097
v -0.07730353 0.013209105 -0.07046318
v -0.055397578 0.061166227 0.04916373
v -0.0698424 0.050357044 0.058521777
v -0.063171096 0.058430552 0.06220103
v -0.06265189 0.04363343 0.070068724
v -0.0593578 0.09118858 0.046384953
v -0.058862984 0.08712894 0.06983527
v -0.058959596 0.05934319 0.084666476
v -0.060443416 0.10456827 0.049445286
v -0.059518464 0.13176164 0.07706412
v -0.0590204 0.12110573 0.11661835
v -0.05924253 0.13387427 0.053799756
v -0.059980392 0.15559074 0.058576696
v -0.05941035 0.15449536 0.0971957
v -0.054574348 0.14780569 0.04958483
v -0.0604332 0.15315291 0.1536445
v -0.060119398 0.12452328 0.15722899
v -0.0648403 0.14406225 0.17051263
v -0.060022168 0.06817016 0.14884025
v -0.05762963 0.123598754 0.17682947
v -0.061254054 0.044180155 0.10730226
v -0.06324728 0.04187864 0.156832
v -0.06588503 0.048565328 0.16936497
v -0.05352688 0.03807807 0.17466739
v -0.06141741 0.0631966 0.17486411
v -0.06302647 0.15440711 0.17279764
v -0.06588503 0.048565328 0.16936497
v -0.05411133 0.051626563 0.17905281
v -0.06141741 0.0631966 0.17486411
v -0.05352688 0.03807807 0.17466739
v -0.024113044 0.06963217 0.17483266
v -0.023572784 0.04266423 0.17755838
v -0.05762963 0.123598754 0.17682947
v -0.041423023 0.11300412 0.17463677
v -0.0023995824 0.12464464 0.17440145
v -0.035131745 0.15241882 0.17552783
v -0.06302647 0.15440711 0.17279764
v 0.020386621 0.1532281 0.17460567
v 0.051132813 0.12626624 0.17473876
v 0.04538045 0.067106694 0.17578852
v 0.056443922 0.1544685 0.17284264
v 0.071476996 0.1468012 0.17913136
v 0.07858737 0.12956622 0.1753676
v 0.07552865 0.1568116 0.1739322
v 0.08417016 0.14524513 0.17124292
v 0.0788431 0.095467746 0.17328459
v 0.0821806 0.04724002 0.16852243
v 0.07156621 0.036640614 0.17770168
v 0.03735983 0.04118538 0.17836446
v 0.0845988 0.02160433 0.17610781
v 0.04344853 0.024411082 0.19437271
v 0.10541123 0.017644197 0.15512204
v 0.10640103 0.029868454 0.15012
v 0.08556725 0.008765042 0.17581686
v 0.05029881 0.009745985 0.19306587
v 0.024648212 0.015588105 0.20807129
v 0.010148708 0.032067865 0.20642404
v 0.05016078 0.03841278 0.18835309
v -0.0049023293 0.020429492 0.21196301
v -0.07470423 0.08390412 0.002966199
v -0.06092108 0.08577904 0.03044948
v -0.056887336 0.08371732 0.02213794
v -0.053576432 0.058579296 0.03343316
v -0.065656126 0.07041034 0.043859936
v -0.05214358 0.04501888 0.043735117
v -0.05515468 0.12092307 -0.039763458
v -0.062116057 0.09619534 -0.06425102
v -0.051454566 0.10619575 -0.05120225
v -0.045628175 0.10852718 -0.031567015
v -0.0623691 0.11427802 -0.010209434
v -0.04677826 0.11066228 -0.01168634
v -0.06114521 0.09901723 -0.00076112896
v -0.05776809 0.060405254 -0.11042732
v -0.06725144 0.071513385 -0.101956554
v -0.055750668 0.053850055 -0.1040609
v -0.05198948 0.06869835 -0.1299029
v -0.048125923 0.029980034 -0.13211071
v -0.06174671 0.08254132 -0.115016215
v -0.057085767 0.08749378 -0.13601999
v -0.052106425 0.09436339 -0.14489266
v -0.05394166 0.08905831 -0.15682003
v -0.041102067 0.057761967 -0.17001437
v -0.039713293 0.043091595 -0.1608392
v -0.037554786 0.046896815 -0.17335038
v -0.03535448 0.016563922 -0.16814484
v -0.03801231 0.032016486 -0.17654884
v -0.035208903 0.032106757 -0.1770166
v -0.033432167 0.02330941 -0.17994952
v -0.025466755 0.013029754 -0.18508731
v -0.05709429 0.034240723 -0.10974189
v -0.059980392 0.15559074 0.058576696
v -0.05941035 0.15449536 0.0971957
v -0.03788662 0.15436155 0.06908651
v -0.044395104 0.15345612 0.1052136
v -0.035216495 0.15502325 0.054533623
v 0.013398121 0.15371424 0.066161044
v -0.054574348 0.14780569 0.04958483
v 0.008836344 0.15147239 0.10017742
v 0.008346243 0.15400103 0.05514604
v 0.026674101 0.15556431 0.04321014
v 0.054369003 0.15495998 0.05556345
v 0.058356468 0.1529594 0.08827845
v 0.0759472 0.15068036 0.053484254
v 0.079200774 0.15511563 0.06801945
v 0.078366145 0.15277687 0.11570762
v 0.043965787 0.15205923 0.14694452
v 0.07564469 0.15466434 0.15868342
v -0.025350876 0.15242758 0.14040588
v 0.0061040483 0.15333432 0.16269857
v -0.0604332 0.15315291 0.1536445
v -0.06302647 0.15440711 0.17279764
v -0.035131745 0.15241882 0.17552783
v 0.020386621 0.1532281 0.17460567
v 0.056443922 0.1544685 0.17284264
v 0.07552865 0.1568116 0.1739322
v -0.055783138 0.02839297 -0.19889909
v -0.058407873 0.025902808 -0.19458403
v -0.064300776 0.030142784 -0.19858612
v -0.053397432 0.031026542 -0.19510108
v -0.058106564 0.029883564 -0.19645931
v -0.055783138 0.02839297 -0.19889909
v -0.064300776 0.030142784 -0.19858612
v -0.057153754 0.028184414 -0.19354807
v -0.065656126 0.07041034 0.043859936
v -0.055397578 0.061166227 0.04916373
v -0.05214358 0.04501888 0.043735117
v -0.039471284 0.03164339 0.044654302
v -0.019270137 0.06932548 0.05230797
v -0.05337052 0.02588743 0.046137422
v -0.055032417 0.006298214 0.047777764
v 0.008037036 0.010802746 0.022666305
v 0.0019680168 0.041991383 0.030447297
v 0.011710564 0.051966727 0.049436837
v 0.05857391 0.0533157 0.024446942
v 0.03684215 0.056928694 0.038528904
v 0.069716945 0.034080744 0.02498275
v 0.071551405 0.009282649 0.02658894
v 0.06651607 0.056173623 0.043957442
v 0.040357135 0.063339144 0.050722264
v 0.078360856 0.06254849 0.029839251
v 0.0711672 0.08727145 0.03412079
v 0.08183037 0.056615144 0.007178191
v 0.06910082 0.04950556 0.011772715
v 0.08260901 0.048879266 -0.005588185
v 0.056207992 0.077364445 0.045550026
v 0.04974802 0.10661951 0.036933415
v 0.028597072 0.085448295 0.05040773
v 0.07045786 0.104198486 0.02505266
v 0.03463387 0.09904897 0.042137735
v 0.0006627552 0.09697154 0.052491233
v 0.018445622 0.10275763 0.047710262
v -0.03117299 0.0966765 0.052036233
v -0.0004909914 0.110087276 0.047235668
v -0.040534534 0.108438075 0.045857444
v -0.0593578 0.09118858 0.046384953
v -0.053397432 0.031026542 -0.19510108
v -0.058106564 0.029883564 -0.19645931
v -0.058407873 0.025902808 -0.19458403
v -0.0541953 0.03429687 -0.21207036
v -0.041329727 0.040475905 -0.2068406
v -0.055783138 0.02839297 -0.19889909
v -0.058106564 0.029883564 -0.19645931
v -0.0541953 0.03429687 -0.21207036
v -0.044898942 0.030767024 -0.20466761
v -0.05221942 0.020168722 -0.19437148
v -0.041329727 0.040475905 -0.2068406
v -0.057153754 0.028184414 -0.19354807
v -0.05728502 0.057004154 -0.20826514
v -0.054185025 0.036524355 -0.19092236
v -0.065162204 0.046895325 -0.19856705
v -0.04592213 0.0444524 -0.20052247
v -0.04385221 0.060165137 -0.21679384
v -0.041329727 0.040475905 -0.2068406
v -0.04783041 0.06338459 -0.19369127
v -0.050600618 0.05368048 -0.19495426
v -0.05114933 0.06992912 -0.1801847
v -0.028572947 0.06609821 -0.21422623
v -0.03227164 0.07714933 -0.19324104
v -0.02099391 0.069568336 -0.20938164
v -0.019866858 0.06954768 -0.218495
v -0.04385221 0.060165137 -0.21679384
v -0.05728502 0.057004154 -0.20826514
v -0.04495976 0.118798375 0.049202554
v -0.060443416 0.10456827 0.049445286
v -0.05924253 0.13387427 0.053799756
v -0.041118927 0.1385141 0.053192943
v -0.010565843 0.122781694 0.052862324
v -0.054574348 0.14780569 0.04958483
v -0.035216495 0.15502325 0.054533623
v 0.00001344271 0.13790637 0.05378449
v 0.008346243 0.15400103 0.05514604
v 0.02797531 0.13271338 0.05405216
v 0.037258334 0.11932725 0.048863813
v 0.026674101 0.15556431 0.04321014
v 0.037141465 0.14535469 0.04661476
v 0.05880386 0.1353459 0.052832253
v 0.051423248 0.109007 0.05234009
v 0.06892155 0.102191985 0.05240106
v 0.07905246 0.12815198 0.05430609
v 0.06462817 0.09280813 0.04703652
v 0.07868694 0.08764127 0.05612646
v 0.0759472 0.15068036 0.053484254
v 0.08519845 0.14482191 0.061099686
v 0.054369003 0.15495998 0.05556345
v 0.044362485 0.14866555 0.0503925
v -0.04935845 0.09480822 -0.11638983
v -0.044665627 0.08236599 -0.11965366
v -0.048628956 0.072696865 -0.09858015
v -0.038389012 0.06437105 -0.103660055
v -0.034082398 0.065271616 -0.13911712
v -0.03272201 0.04231122 -0.106587745
v -0.039748922 0.081617534 -0.13047616
v -0.031973474 0.06867513 -0.15777405
v -0.015968274 0.025900483 -0.1560991
v -0.052106425 0.09436339 -0.14489266
v -0.041608736 0.0947727 -0.13470861
v -0.022110485 0.04354447 -0.17133118
v -0.023649067 0.024018228 -0.114944614
v -0.04523219 0.032975078 -0.09307864
v -0.03853026 0.023697466 -0.092325985
v -0.04053712 0.058051825 -0.093211755
v -0.018092562 0.02799943 -0.17700553
v -0.013459131 0.020365834 -0.1743762
v -0.012850504 0.013167262 -0.17547362
v -0.016441438 0.023654878 -0.18860003
v -0.030420844 0.058874696 -0.20940574
v -0.035482712 0.049755216 -0.19314557
v -0.041329727 0.040475905 -0.2068406
v -0.024637058 0.06457704 -0.20476444
v -0.022978473 0.06550062 -0.21147688
v -0.042415395 0.027884126 -0.1901698
v -0.044898942 0.030767024 -0.20466761
v -0.05221942 0.020168722 -0.19437148
v -0.02273015 0.06602812 -0.21208799
v -0.02099391 0.069568336 -0.20938164
v -0.024637058 0.06457704 -0.20476444
v -0.022597652 0.06533742 -0.21311446
v -0.03654279 0.061338544 -0.19622083
v -0.035482712 0.049755216 -0.19314557
v -0.048368096 0.046619594 -0.18438041
v -0.042415395 0.027884126 -0.1901698
v -0.05114933 0.06992912 -0.1801847
v -0.03227164 0.07714933 -0.19324104
v -0.0021390617 0.12143618 -0.12649815
v -0.027211897 0.1119453 -0.14709574
v -0.022254113 0.12092301 -0.15073147
v 0.03649129 0.11132187 -0.038760625
v 0.024915043 0.12083095 -0.034860127
v 0.032693233 0.11564255 -0.0531619
v -0.022087313 0.12638864 -0.06791075
v -0.039855443 0.13129154 0.0012195781
v -0.03517826 0.1362148 -0.05834323
v 0.0087091345 0.12862146 -0.018077984
v -0.023993425 0.123340786 0.020263877
v 0.01491892 0.11667502 0.0139124915
v -0.0004909914 0.110087276 0.047235668
v 0.018445622 0.10275763 0.047710262
v 0.034259576 0.115237236 -0.0008230638
v -0.034085996 0.11324781 -0.11887205
v -0.0021390617 0.12143618 -0.12649815
v -0.027211897 0.1119453 -0.14709574
v 0.016447883 0.119828045 -0.076358095
v 0.037956234 0.11566049 -0.08460278
v 0.032693233 0.11564255 -0.0531619
v 0.024915043 0.12083095 -0.034860127
v -0.040534534 0.108438075 0.045857444
v 0.04304891 0.113875985 -0.10465349
v 0.044279285 0.112363994 -0.11614382
v 0.04155745 0.11371899 -0.13563602
v 0.011764297 0.11837885 -0.1483232
v -0.022254113 0.12092301 -0.15073147
v 0.06263431 0.11054888 -0.021668952
v 0.05083855 0.11026925 -0.052604064
v 0.0666018 0.10674131 -0.047304727
v 0.078868985 0.10791731 -0.041068982
v 0.07546536 0.111246884 -0.051848777
v 0.084466025 0.09833932 -0.012533905
v 0.07045786 0.104198486 0.02505266
v 0.0640475 0.10130802 -0.07675862
v 0.05296418 0.10285652 -0.085703395
v 0.045265917 0.10773426 -0.06728384
v 0.046223983 0.1097931 0.016259376
v 0.04974802 0.10661951 0.036933415
v 0.03463387 0.09904897 0.042137735
v 0.030578822 0.10725427 0.030490108
v 0.045265917 0.10773426 -0.06728384
v 0.05083855 0.11026925 -0.052604064
v 0.03649129 0.11132187 -0.038760625
v -0.021994628 0.08819008 -0.16076235
v -0.031973474 0.06867513 -0.15777405
v -0.052106425 0.09436339 -0.14489266
v -0.01801645 0.05051598 -0.17264394
v -0.056062363 0.113625765 -0.13934657
v -0.027211897 0.1119453 -0.14709574
v -0.03132167 0.13152882 -0.13994987
v -0.014994837 0.10798401 -0.15532447
v -0.008020453 0.12292141 -0.15877755
v 0.003813507 0.08211219 -0.17259341
v -0.022254113 0.12092301 -0.15073147
v -0.0068793 0.052420914 -0.1770417
v 0.015136871 0.048633575 -0.18845606
v -0.016584508 0.03967464 -0.17210075
v -0.012269512 0.041303873 -0.17629914
v -0.022110485 0.04354447 -0.17133118
v -0.018092562 0.02799943 -0.17700553
v 0.0046250243 0.043440968 -0.18531996
v -0.023373209 0.036834568 -0.17829569
v 0.01422483 0.039586008 -0.19091545
v -0.037554786 0.046896815 -0.17335038
v -0.03959553 0.022297084 -0.18679468
v -0.032902792 0.03142041 -0.19188829
v -0.035359755 0.021322787 -0.20377521
v -0.033432167 0.02330941 -0.17994952
v -0.026262973 0.032767713 -0.20432396
v -0.015160464 0.021360248 -0.22044764
v -0.030006137 0.039240807 -0.19994922
v -0.02368097 0.048373222 -0.1909994
v -0.018249929 0.048731536 -0.20339528
v -0.026248157 0.04415381 -0.17871782
v -0.035208903 0.032106757 -0.1770166
v -0.0151476115 0.051056087 -0.18464465
v -0.010467451 0.055921733 -0.19695546
v -0.016373128 0.056316167 -0.20344843
v -0.013584234 0.056236833 -0.20545338
v -0.012338668 0.05549693 -0.20704389
v -0.014393903 0.05632007 -0.20795421
v -0.030420844 0.058874696 -0.20940574
v -0.041329727 0.040475905 -0.2068406
v -0.04385221 0.060165137 -0.21679384
v -0.028572947 0.06609821 -0.21422623
v -0.022597652 0.06533742 -0.21311446
v -0.02273015 0.06602812 -0.21208799
v -0.02099391 0.069568336 -0.20938164
v -0.019866858 0.06954768 -0.218495
v -0.026248157 0.04415381 -0.17871782
v -0.03801231 0.032016486 -0.17654884
v -0.037554786 0.046896815 -0.17335038
v -0.035208903 0.032106757 -0.1770166
v -0.029705346 0.020225257 -0.19053225
v -0.025466755 0.013029754 -0.18508731
v -0.032142952 0.013079345 -0.19702603
v -0.02150891 0.026956439 -0.1876335
v -0.021198258 0.03273487 -0.19610484
v -0.009757888 0.034285843 -0.18380849
v -0.0062536 0.038627446 -0.20545577
v 0.0065866746 0.036260247 -0.20189337
v 0.005524367 0.032530606 -0.18918523
v -0.017822765 0.012081772 0.1712756
v -0.021086387 0.008853972 0.14976068
v -0.027822495 0.017659843 0.15670441
v 0.00804217 0.009717941 0.16012324
v -0.017659068 0.022287399 0.17247242
v -0.0020224173 0.01854229 0.18903676
v 0.019632297 0.0187096 0.18910518
v 0.03423367 0.0100159645 0.18415445
v 0.03370522 0.0062609613 0.16256152
v 0.015632426 0.007380098 0.1514407
v 0.06234453 0.0064851344 0.16058479
v 0.056421008 0.006309986 0.14557032
v 0.06722916 0.0106164515 0.15056531
v 0.04050487 0.0059453547 0.1429149
v 0.047990203 0.008301407 0.13441007
v 0.026704602 0.013091326 0.1508147
v 0.010631725 0.0018736124 0.14930966
v 0.0041858368 0.0046972334 0.13391794
v 0.0104465075 0.00981459 0.14011914
v -0.018092562 0.02799943 -0.17700553
v -0.023373209 0.036834568 -0.17829569
v -0.018530283 0.020020038 -0.18005373
v -0.016584508 0.03967464 -0.17210075
v -0.01801645 0.05051598 -0.17264394
v -0.022110485 0.04354447 -0.17133118
v -0.012269512 0.041303873 -0.17629914
v -0.023373209 0.036834568 -0.17829569
v -0.037554786 0.046896815 -0.17335038
v -0.031973474 0.06867513 -0.15777405
v -0.035208903 0.032106757 -0.1770166
v -0.033432167 0.02330941 -0.17994952
v -0.018530283 0.020020038 -0.18005373
v -0.012850504 0.013167262 -0.17547362
v -0.013459131 0.020365834 -0.1743762
v -0.025466755 0.013029754 -0.18508731
v -0.026221827 0.03813219 -0.19428502
v -0.02350885 0.041522533 -0.1883022
v -0.025910154 0.03601533 -0.19286847
v -0.02494201 0.037875563 -0.18384857
v -0.024213307 0.04061556 -0.19534314
v -0.02619094 0.036485374 -0.19795056
v -0.026262973 0.032767713 -0.20432396
v -0.020831652 0.040809512 -0.18787177
v -0.017080888 0.04015416 -0.20286642
v -0.030006137 0.039240807 -0.19994922
v -0.026221827 0.03813219 -0.19428502
v -0.025910154 0.03601533 -0.19286847
v -0.026262973 0.032767713 -0.20432396
v -0.026844092 0.036434054 -0.19840424
v -0.024213307 0.04061556 -0.19534314
v -0.026262973 0.032767713 -0.20432396
v -0.026262973 0.032767713 -0.20432396
v -0.025910154 0.03601533 -0.19286847
v -0.026844092 0.036434054 -0.19840424
v -0.026844092 0.036434054 -0.19840424
v -0.025910154 0.03601533 -0.19286847
v -0.02619094 0.036485374 -0.19795056
v -0.017080888 0.04015416 -0.20286642
v -0.020831652 0.040809512 -0.18787177
v -0.02300341 0.038140744 -0.18654208
v -0.023812026 0.03720066 -0.18539126
v -0.02494201 0.037875563 -0.18384857
v -0.026262973 0.032767713 -0.20432396
v -0.02449435 0.038271517 -0.18527304
v -0.020831652 0.040809512 -0.18787177
v -0.023812026 0.03720066 -0.18539126
v -0.02494201 0.037875563 -0.18384857
v -0.021227878 0.041723788 -0.18417999
v -0.014934666 0.044819027 -0.18406992
v -0.026844092 0.036434054 -0.19840424
v -0.02619094 0.036485374 -0.19795056
v -0.026221827 0.03813219 -0.19428502
v -0.030006137 0.039240807 -0.19994922
v -0.014934666 0.044819027 -0.18406992
v -0.021227878 0.041723788 -0.18417999
v -0.0151476115 0.051056087 -0.18464465
v -0.0151476115 0.051056087 -0.18464465
v -0.026248157 0.04415381 -0.17871782
v -0.014934666 0.044819027 -0.18406992
v -0.018249929 0.048731536 -0.20339528
v -0.024213307 0.04061556 -0.19534314
v -0.030006137 0.039240807 -0.19994922
v -0.01963862 0.04496783 -0.19247563
v -0.015625577 0.04736507 -0.19202545
v -0.021224618 0.04235533 -0.19140206
v -0.02350885 0.041522533 -0.1883022
v -0.010467451 0.055921733 -0.19695546
v -0.017125726 0.047201186 -0.18930526
v -0.009216599 0.056354642 -0.20639838
v -0.0151476115 0.051056087 -0.18464465
v -0.015829824 0.046120822 -0.18667679
v -0.012338668 0.05549693 -0.20704389
v -0.014393903 0.05632007 -0.20795421
v -0.01247352 0.056601286 -0.20815308
v -0.026844092 0.036434054 -0.19840424
v -0.020428918 0.04317373 -0.1909909
v -0.020831652 0.040809512 -0.18787177
v -0.01963862 0.04496783 -0.19247563
v -0.018438276 0.045177102 -0.18594961
v -0.019049648 0.04393354 -0.19243994
v -0.020486824 0.04407078 -0.19066273
v -0.02350885 0.041522533 -0.1883022
v -0.020428918 0.04317373 -0.1909909
v -0.01924432 0.043762922 -0.18810739
v -0.020232253 0.04256451 -0.19330616
v -0.01963862 0.04496783 -0.19247563
v -0.018438276 0.045177102 -0.18594961
v -0.019049648 0.04393354 -0.19243994
v -0.021227878 0.041723788 -0.18417999
v -0.0151476115 0.051056087 -0.18464465
v -0.02300341 0.038140744 -0.18654208
v -0.02449435 0.038271517 -0.18527304
v -0.02494201 0.037875563 -0.18384857
v -0.017125726 0.047201186 -0.18930526
v -0.021991156 0.019509137 -0.19043727
v -0.025466755 0.013029754 -0.18508731
v -0.02150891 0.026956439 -0.1876335
v -0.016441438 0.023654878 -0.18860003
v -0.009757888 0.034285843 -0.18380849
v -0.013459131 0.020365834 -0.1743762
v 0.0009135548 0.019776344 -0.187149
v -0.012897324 0.016455323 -0.18519032
v 0.005524367 0.032530606 -0.18918523
v 0.0128860045 0.02268517 -0.20071144
v 0.0069926754 0.011057615 -0.18784405
v 0.0065866746 0.036260247 -0.20189337
v 0.016829098 0.0139965415 -0.20031835
v -0.01850475 0.026611596 -0.20477279
v -0.029705346 0.020225257 -0.19053225
v -0.021991156 0.019509137 -0.19043727
v -0.016441438 0.023654878 -0.18860003
v -0.01850475 0.026611596 -0.20477279
v -0.021198258 0.03273487 -0.19610484
v -0.029705346 0.020225257 -0.19053225
v -0.0062536 0.038627446 -0.20545577
v -0.0030563474 0.02752468 -0.21741192
v -0.010966178 0.019343197 -0.20331682
v -0.016441438 0.023654878 -0.18860003
v 0.005202949 0.009133041 -0.22338633
v -0.012897324 0.016455323 -0.18519032
v -0.018530283 0.020020038 -0.18005373
v -0.013459131 0.020365834 -0.1743762
v -0.018092562 0.02799943 -0.17700553
v -0.02449435 0.038271517 -0.18527304
v -0.02494201 0.037875563 -0.18384857
v -0.02350885 0.041522533 -0.1883022
v -0.023812026 0.03720066 -0.18539126
v -0.02300341 0.038140744 -0.18654208
v -0.020831652 0.040809512 -0.18787177
v -0.02449435 0.038271517 -0.18527304
v -0.023812026 0.03720066 -0.18539126
v -0.022978473 0.06550062 -0.21147688
v -0.030420844 0.058874696 -0.20940574
v -0.02099391 0.069568336 -0.20938164
v -0.02273015 0.06602812 -0.21208799
v -0.019866858 0.06954768 -0.218495
v -0.022597652 0.06533742 -0.21311446
v -0.022978473 0.06550062 -0.21147688
v -0.022597652 0.06533742 -0.21311446
v -0.024637058 0.06457704 -0.20476444
v -0.020831652 0.040809512 -0.18787177
v -0.01924432 0.043762922 -0.18810739
v -0.020486824 0.04407078 -0.19066273
v -0.014934666 0.044819027 -0.18406992
v -0.01732108 0.04447812 -0.19005734
v -0.019049648 0.04393354 -0.19243994
v -0.017003655 0.044961154 -0.18893068
v -0.015625577 0.04736507 -0.19202545
v -0.016659208 0.045859635 -0.18985671
v -0.015848052 0.046343684 -0.18944785
v -0.015829824 0.046120822 -0.18667679
v -0.019049648 0.04393354 -0.19243994
v -0.020232253 0.04256451 -0.19330616
v -0.020428918 0.04317373 -0.1909909
v -0.020831652 0.040809512 -0.18787177
v -0.019049648 0.04393354 -0.19243994
v -0.020831652 0.040809512 -0.18787177
v -0.020486824 0.04407078 -0.19066273
v -0.01963862 0.04496783 -0.19247563
v -0.014934666 0.044819027 -0.18406992
v -0.018438276 0.045177102 -0.18594961
v -0.01732108 0.04447812 -0.19005734
v -0.01963862 0.04496783 -0.19247563
v -0.017839186 0.046146363 -0.18787634
v -0.018438276 0.045177102 -0.18594961
v -0.017003655 0.044961154 -0.18893068
v -0.015829824 0.046120822 -0.18667679
v -0.01732108 0.04447812 -0.19005734
v -0.01963862 0.04496783 -0.19247563
v -0.017003655 0.044961154 -0.18893068
v -0.018438276 0.045177102 -0.18594961
v -0.014934666 0.044819027 -0.18406992
v -0.017125726 0.047201186 -0.18930526
v -0.018438276 0.045177102 -0.18594961
v -0.015829824 0.046120822 -0.18667679
v -0.016659208 0.045859635 -0.18985671
v -0.01963862 0.04496783 -0.19247563
v -0.016659208 0.045859635 -0.18985671
v -0.014934666 0.044819027 -0.18406992
v -0.017839186 0.046146363 -0.18787634
v -0.01963862 0.04496783 -0.19247563
v -0.015848052 0.046343684 -0.18944785
v -0.015829824 0.046120822 -0.18667679
v -0.0151476115 0.051056087 -0.18464465
v -0.017125726 0.047201186 -0.18930526
v -0.015625577 0.04736507 -0.19202545
v 0.011764297 0.11837885 -0.1483232
v -0.022254113 0.12092301 -0.15073147
v -0.014994837 0.10798401 -0.15532447
v 0.012301538 0.095098555 -0.15869616
v -0.0097806975 0.07390693 -0.16370408
v 0.040201206 0.09911063 -0.14204744
v 0.030456817 0.074321836 -0.14924264
v 0.04155745 0.11371899 -0.13563602
v 0.009156443 0.069606185 -0.16712162
v 0.0443227 0.076182365 -0.1401306
v 0.03533717 0.07188365 -0.12960716
v 0.012130642 0.066487044 -0.14922619
v 0.012944179 0.059760064 -0.14106649
v -0.0006324798 0.050833464 -0.16078967
v 0.04516586 0.06704 -0.1355446
v 0.049139924 0.07005432 -0.12356509
v 0.029363666 0.05583504 -0.15901189
v 0.05358929 0.06297314 -0.14542705
v 0.037428014 0.034740925 -0.17608446
v 0.009453651 0.04067713 -0.17907275
v 0.064773984 0.039411306 -0.15593247
v 0.060768045 0.030694306 -0.16735227
v 0.07241265 0.033550024 -0.16280776
v 0.05516712 0.024496317 -0.17972963
v 0.03190282 0.018654108 -0.1924661
v 0.018779218 0.024439722 -0.18875867
v 0.05342938 0.011755824 -0.18131937
v 0.037146013 0.008102715 -0.18329875
v 0.074452266 0.016177863 -0.16902168
v 0.07360043 0.0062472224 -0.16533382
v 0.10014692 0.020158827 -0.14124712
v 0.07006039 0.04697752 -0.15767092
v 0.092418805 0.010010183 -0.15188012
v 0.07391783 0.06468552 -0.14562273
v 0.09744942 0.059052676 -0.12668756
v 0.107577406 0.039574236 -0.11833127
v 0.081383735 0.070421815 -0.13069049
v 0.06478935 0.06963146 -0.12071662
v 0.054611012 0.07006234 -0.12341793
v 0.11020024 0.017953634 -0.1244699
v 0.11338501 0.01730609 -0.111855865
v -0.012197398 0.045434445 -0.16622378
v 0.044726834 0.08497721 -0.12672964
v -0.013397671 0.056842685 -0.20403628
v -0.016373128 0.056316167 -0.20344843
v -0.013584234 0.056236833 -0.20545338
v -0.014393903 0.05632007 -0.20795421
v -0.01247352 0.056601286 -0.20815308
v -0.016373128 0.056316167 -0.20344843
v -0.013397671 0.056842685 -0.20403628
v -0.009216599 0.056354642 -0.20639838
v -0.010467451 0.055921733 -0.19695546
v -0.014393903 0.05632007 -0.20795421
v -0.01247352 0.056601286 -0.20815308
v -0.012338668 0.05549693 -0.20704389
v -0.010467451 0.055921733 -0.19695546
v -0.013397671 0.056842685 -0.20403628
v -0.01247352 0.056601286 -0.20815308
v -0.0017643478 0.011164039 0.20713432
v -0.0052538775 0.0027554035 0.2098154
v -0.028618809 0.006280571 0.1991209
v 0.023423843 0.0050614476 0.2040367
v 0.008147411 0.02621603 -0.21666951
v -0.0062536 0.038627446 -0.20545577
v -0.0030563474 0.02752468 -0.21741192
v 0.0065866746 0.036260247 -0.20189337
v 0.005202949 0.009133041 -0.22338633
v 0.012375515 0.012422055 -0.21536453
v 0.0128860045 0.02268517 -0.20071144
v 0.016829098 0.0139965415 -0.20031835
v -0.0043422356 0.16367346 -0.0024355873
v 0.0037973747 0.14350897 -0.02058249
v 0.004087873 0.14237687 -0.002931092
v -0.0036946982 0.15833619 0.022543024
v 0.014127162 0.15021214 0.011540405
v 0.019584008 0.14129996 -0.00030692853
v 0.006810501 0.035456955 -0.21694739
v 0.013012953 0.03863111 -0.1996501
v 0.016392684 0.021430522 -0.21206094
v 0.033681646 0.021335691 -0.19164722
v 0.018239202 0.009886205 -0.22333907
v -0.004921958 0.010751665 -0.23289086
v 0.016409012 0.03574848 -0.19223373
v 0.015374659 0.03447634 -0.19287731
v 0.01422483 0.039586008 -0.19091545
v 0.015441981 0.0347569 -0.1913249
v 0.052183315 0.006131351 -0.20046628
v 0.057204977 0.016681254 -0.18933325
v 0.060599864 0.018210948 -0.18453933
v 0.061781302 0.019131154 -0.18226212
v 0.07345556 0.008786261 -0.1943743
v 0.015136871 0.048633575 -0.18845606
v 0.10026017 0.009487987 -0.17427883
v 0.10812542 0.016839027 -0.16100976
v 0.12424906 0.004734248 -0.15170881
v 0.06674748 0.01746896 -0.18922658
v 0.08211078 0.017760932 -0.17094238
v 0.07345556 0.008786261 -0.1943743
v 0.061781302 0.019131154 -0.18226212
v 0.060599864 0.018210948 -0.18453933
v 0.016409012 0.03574848 -0.19223373
v 0.015136871 0.048633575 -0.18845606
v 0.020710254 0.032651216 -0.1935017
v 0.033343498 0.04711622 -0.18661149
v 0.015374659 0.03447634 -0.19287731
v 0.033681646 0.021335691 -0.19164722
v 0.057052173 0.022572517 -0.1826309
v 0.058644824 0.018400311 -0.18337795
v 0.026634568 0.0590021 -0.17159502
v 0.057614103 0.06409973 -0.1598046
v 0.049046036 0.06410414 -0.15762551
v 0.055886887 0.07397491 -0.14724383
v 0.06808207 0.07380712 -0.12975115
v 0.06511479 0.042731166 -0.16967209
v 0.08030362 0.06466603 -0.14803287
v 0.09413977 0.035355657 -0.1498358
v 0.108874924 0.012078941 -0.14843552
v 0.05893052 0.019009918 -0.18288164
v 0.030834267 0.089881 -0.15793149
v 0.003813507 0.08211219 -0.17259341
v 0.008677617 0.12567183 -0.14927784
v -0.008020453 0.12292141 -0.15877755
v 0.050195448 0.106821954 -0.14486063
v 0.03753605 0.11941096 -0.146781
v 0.06674748 0.01746896 -0.18922658
v 0.057204977 0.016681254 -0.18933325
v 0.057052173 0.022572517 -0.1826309
v 0.07345556 0.008786261 -0.1943743
v 0.016409012 0.03574848 -0.19223373
v 0.01590312 0.034235984 -0.19226621
v 0.015441981 0.0347569 -0.1913249
v 0.020710254 0.032651216 -0.1935017
v 0.015136871 0.048633575 -0.18845606
v 0.015374659 0.03447634 -0.19287731
v 0.033681646 0.021335691 -0.19164722
v 0.01590312 0.034235984 -0.19226621
v 0.01422483 0.039586008 -0.19091545
v 0.015374659 0.03447634 -0.19287731
v 0.016409012 0.03574848 -0.19223373
v 0.0048738625 0.01695177 0.14410223
v 0.015632426 0.007380098 0.1514407
v 0.026704602 0.013091326 0.1508147
v 0.03370522 0.0062609613 0.16256152
v 0.030510489 0.022116393 0.14988483
v 0.0430812 0.015084237 0.1448184
v 0.04050487 0.0059453547 0.1429149
v 0.053118244 0.01922512 0.14866231
v 0.047990203 0.008301407 0.13441007
v 0.018445622 0.10275763 0.047710262
v 0.01491892 0.11667502 0.0139124915
v 0.0266054 0.08874041 0.027261343
v 0.028597072 0.085448295 0.05040773
v 0.029205173 0.09121922 -0.0194592
v 0.034629986 0.080450594 -0.017223068
v 0.03533314 0.085476995 0.022242375
v 0.027115557 0.10878965 -0.016952105
v 0.03469687 0.09984839 -0.061877243
v 0.032693233 0.11564255 -0.0531619
v 0.037956234 0.11566049 -0.08460278
v 0.039086476 0.06770158 -0.062702104
v 0.04304891 0.113875985 -0.10465349
v 0.04503788 0.080589294 -0.09733933
v 0.042718522 0.06534243 -0.051849592
v 0.046522636 0.052863836 -0.08191809
v 0.0490218 0.05378282 -0.06891437
v 0.050709248 0.04171145 -0.081861205
v 0.04757633 0.060303032 -0.10284696
v 0.054297343 0.035920978 -0.09137499
v 0.05827359 0.03780353 -0.11073057
v 0.05852626 0.049471974 -0.13448049
v 0.049139924 0.07005432 -0.12356509
v 0.05358929 0.06297314 -0.14542705
v 0.064773984 0.039411306 -0.15593247
v 0.044726834 0.08497721 -0.12672964
v 0.03713061 0.095345736 -0.11452887
v 0.037645046 0.054897487 -0.057669926
v 0.041387334 0.10197288 -0.12072559
v 0.040201206 0.09911063 -0.14204744
v 0.0443227 0.076182365 -0.1401306
v 0.03533717 0.07188365 -0.12960716
v 0.044279285 0.112363994 -0.11614382
v 0.04155745 0.11371899 -0.13563602
v 0.044279285 0.112363994 -0.11614382
v 0.041387334 0.10197288 -0.12072559
v 0.04885859 0.10685694 -0.107340455
v 0.027115557 0.10878965 -0.016952105
v 0.01491892 0.11667502 0.0139124915
v 0.026188359 0.1150679 0.000064441934
v 0.034259576 0.115237236 -0.0008230638
v 0.032566294 0.1090602 -0.009903992
v 0.03649129 0.11132187 -0.038760625
v 0.032693233 0.11564255 -0.0531619
v 0.038292587 0.022397429 0.18098672
v 0.03423367 0.0100159645 0.18415445
v 0.019632297 0.0187096 0.18910518
v 0.049774792 0.013982058 0.17393114
v 0.059317134 0.019369006 0.16117433
v 0.06234453 0.0064851344 0.16058479
v 0.06722916 0.0106164515 0.15056531
v 0.07391783 0.06468552 -0.14562273
v 0.05852626 0.049471974 -0.13448049
v 0.07006039 0.04697752 -0.15767092
v 0.064773984 0.039411306 -0.15593247
v 0.054611012 0.07006234 -0.12341793
v 0.07241265 0.033550024 -0.16280776
v 0.057851337 0.03228888 -0.08708686
v 0.06475834 0.026691437 -0.08030521
v 0.05827359 0.03780353 -0.11073057
v 0.03890715 0.101065814 -0.03456098
v 0.037998714 0.08877474 -0.009960413
v 0.043321077 0.07610804 -0.041225653
v 0.04774276 0.0818803 -0.06537934
v 0.045265917 0.10773426 -0.06728384
v 0.032566294 0.1090602 -0.009903992
v 0.03649129 0.11132187 -0.038760625
v 0.05296418 0.10285652 -0.085703395
v 0.056389973 0.07891697 -0.092098236
v 0.055847403 0.05923754 -0.09622233
v 0.058887582 0.044182062 -0.08098168
v 0.042718522 0.06534243 -0.051849592
v 0.0565767 0.04020828 -0.09298344
v 0.054322854 0.06143126 -0.106951416
v 0.051126864 0.08174083 -0.10607544
v 0.053714372 0.08551568 -0.12802637
v 0.04885859 0.10685694 -0.107340455
v 0.055886887 0.07397491 -0.14724383
v 0.050195448 0.106821954 -0.14486063
v 0.04846791 0.112072706 -0.12818086
v 0.034629986 0.080450594 -0.017223068
v 0.03533314 0.085476995 0.022242375
v 0.03286802 0.09808713 0.019542143
v 0.034259576 0.115237236 -0.0008230638
v 0.030578822 0.10725427 0.030490108
v 0.03463387 0.09904897 0.042137735
v 0.028597072 0.085448295 0.05040773
v 0.054297343 0.035920978 -0.09137499
v 0.0565767 0.04020828 -0.09298344
v 0.058887582 0.044182062 -0.08098168
v 0.050709248 0.04171145 -0.081861205
v 0.045197073 0.14636987 0.030731246
v 0.026674101 0.15556431 0.04321014
v 0.026756736 0.15386638 0.008581385
v 0.037141465 0.14535469 0.04661476
v 0.053074166 0.13691899 0.0114116855
v 0.05314795 0.1456238 0.029097777
v 0.036536735 0.14108694 -0.002455894
v 0.0437063 0.1298987 0.002389595
v 0.035485625 0.13108936 -0.018866148
v 0.058813423 0.12198269 -0.0021145903
v 0.056684956 0.14012775 0.043065213
v 0.05880386 0.1353459 0.052832253
v 0.05083855 0.11026925 -0.052604064
v 0.024915043 0.12083095 -0.034860127
v 0.03649129 0.11132187 -0.038760625
v 0.04857237 0.05151534 -0.05374439
v 0.04596719 0.050403684 -0.03545241
v 0.031031901 0.054320127 -0.047270387
v 0.07543789 0.045955837 -0.03855551
v 0.037645046 0.054897487 -0.057669926
v 0.0490218 0.05378282 -0.06891437
v 0.073382854 0.040249527 -0.06639947
v 0.050709248 0.04171145 -0.081861205
v 0.086970456 0.025309682 -0.054277606
v 0.084116936 0.021962345 -0.06966415
v 0.092315 0.030067742 -0.023960749
v 0.090027034 0.032792807 0.00043643266
v 0.08473571 0.038854837 -0.010155581
v 0.06514244 0.04575199 -0.023122935
v 0.06194207 0.050729662 -0.011222297
v 0.05250997 0.056303114 -0.0348548
v 0.08260901 0.048879266 -0.005588185
v 0.09381 0.013566732 -0.06304591
v 0.06475834 0.026691437 -0.08030521
v 0.077455774 0.013865411 -0.07224181
v 0.05413066 0.031300426 -0.08811331
v 0.054297343 0.035920978 -0.09137499
v 0.05827359 0.03780353 -0.11073057
v 0.07984217 0.07214767 -0.038722117
v 0.076865554 0.041421503 -0.07507685
v 0.06842761 0.058186293 -0.044126753
v 0.08635953 0.06261361 -0.022935929
v 0.06842761 0.058186293 -0.044126753
v 0.08260901 0.048879266 -0.005588185
v 0.05250997 0.056303114 -0.0348548
v 0.06194207 0.050729662 -0.011222297
v 0.042718522 0.06534243 -0.051849592
v 0.058887582 0.044182062 -0.08098168
v 0.076865554 0.041421503 -0.07507685
v 0.05250997 0.056303114 -0.0348548
v 0.031031901 0.054320127 -0.047270387
v 0.04596719 0.050403684 -0.03545241
v 0.06514244 0.04575199 -0.023122935
v 0.042718522 0.06534243 -0.051849592
v 0.037645046 0.054897487 -0.057669926
v 0.08845853 0.034689605 0.043107018
v 0.08233851 0.014403701 0.039450407
v 0.069716945 0.034080744 0.02498275
v 0.071551405 0.009282649 0.02658894
v 0.051126864 0.08174083 -0.10607544
v 0.04885859 0.10685694 -0.107340455
v 0.063671075 0.08155942 -0.10309608
v 0.07349723 0.0912804 -0.09792754
v 0.054322854 0.06143126 -0.106951416
v 0.067370854 0.06164229 -0.10403529
v 0.07972439 0.06292337 -0.10218308
v 0.0657231 0.11276302 -0.093931295
v 0.07972439 0.06292337 -0.10218308
v 0.07349723 0.0912804 -0.09792754
v 0.08489936 0.05885449 -0.0765365
v 0.07894099 0.097822785 -0.06688612
v 0.090890825 0.040707648 -0.08254568
v 0.09749593 0.02918619 -0.0619765
v 0.09712817 0.034947693 -0.046441134
v 0.0657231 0.11276302 -0.093931295
v 0.07546536 0.111246884 -0.051848777
v 0.09590575 0.0562464 -0.04053879
v 0.080797315 0.1045464 -0.044678476
v 0.08870942 0.08922365 -0.038879268
v 0.11273254 0.036274523 -0.024995964
v 0.104388766 0.056274503 -0.013034625
v 0.10941263 0.032786608 -0.012669653
v 0.116821505 0.027639091 -0.0140993185
v 0.108519 0.038367122 -0.0000614468
v 0.09566924 0.08338109 -0.015890794
v 0.09039075 0.10988197 -0.034285363
v 0.089657046 0.105378956 -0.015180298
v 0.08035645 0.1164422 -0.018865269
v 0.083098225 0.10353947 0.013062596
v 0.08959662 0.06357941 0.01983045
v 0.079349466 0.07358977 0.046643093
v 0.07769315 0.1084618 0.031330034
v 0.06462817 0.09280813 0.04703652
v 0.07868694 0.08764127 0.05612646
v 0.083540656 0.05458057 0.063950464
v 0.078562304 0.07713577 0.090144694
v 0.07972303 0.13623509 0.06862914
v 0.078586474 0.12637442 0.14396992
v 0.078366145 0.15277687 0.11570762
v 0.079200774 0.15511563 0.06801945
v 0.07564469 0.15466434 0.15868342
v 0.07823557 0.06744826 0.1485109
v 0.10203157 0.052990824 -0.0021719951
v 0.0788431 0.095467746 0.17328459
v 0.07858737 0.12956622 0.1753676
v 0.0821806 0.04724002 0.16852243
v 0.08928171 0.042045474 0.067391515
v 0.08519845 0.14482191 0.061099686
v 0.07905246 0.12815198 0.05430609
v 0.09040586 0.039746016 0.12711102
v 0.10640103 0.029868454 0.15012
v 0.10965412 0.02747029 0.12575592
v 0.10289962 0.03689736 0.100093186
v 0.10882031 0.022093713 0.10861303
v 0.11169142 0.0112556815 0.13942055
v 0.12646063 0.010305941 0.11922632
v 0.12379614 0.015394717 0.10022248
v 0.103750356 0.016305447 0.08183841
v 0.10597604 0.009084463 0.0744317
v 0.08233851 0.014403701 0.039450407
v 0.124970175 0.0026404858 0.14018907
v 0.11310618 0.005880028 0.16234845
v 0.10541123 0.017644197 0.15512204
v 0.09363107 0.025077075 0.06751059
v 0.08417016 0.14524513 0.17124292
v 0.0759472 0.15068036 0.053484254
v 0.08845853 0.034689605 0.043107018
v 0.07552865 0.1568116 0.1739322
v 0.09312436 0.0388301 0.08076369
v 0.08959662 0.06357941 0.01983045
v 0.101201594 0.033738315 0.0015950631
v 0.10203157 0.052990824 -0.0021719951
v 0.09004633 0.04281798 0.035965882
v 0.0993848 0.021346837 0.019493274
v 0.079349466 0.07358977 0.046643093
v 0.10032462 0.03082794 0.036882445
v 0.083540656 0.05458057 0.063950464
v 0.10561082 0.011750162 0.019172106
v 0.10532531 0.020791024 0.004378557
v 0.08928171 0.042045474 0.067391515
v 0.10478325 0.017591894 0.03207253
v 0.1117917 0.013475835 0.0017725192
v 0.10516977 0.019601911 -0.013565803
v 0.104388766 0.056274503 -0.013034625
v 0.09566924 0.08338109 -0.015890794
v 0.1085039 0.06689742 -0.0067545194
v 0.108519 0.038367122 -0.0000614468
v 0.080797315 0.1045464 -0.044678476
v 0.078868985 0.10791731 -0.041068982
v 0.09039075 0.10988197 -0.034285363
v 0.07866466 0.11715984 -0.037032932
v 0.10055078 0.112056136 -0.01958433
v 0.07546536 0.111246884 -0.051848777
v 0.08035645 0.1164422 -0.018865269
v 0.060735453 0.13048342 -0.02495272
v 0.05412752 0.122698575 -0.018566962
v 0.06106291 0.12389904 -0.0123842135
v 0.058813423 0.12198269 -0.0021145903
v 0.07867959 0.14221373 -0.014150571
v 0.08887342 0.15804172 -0.037188858
v 0.06929544 0.12700579 -0.0122201815
v 0.115642205 0.15993047 -0.025495473
v 0.099271245 0.14664859 -0.008048929
v 0.07595062 0.13746005 -0.016772024
v 0.06929544 0.12700579 -0.0122201815
v 0.06106291 0.12389904 -0.0123842135
v 0.061834358 0.12017572 -0.018158544
v 0.060735453 0.13048342 -0.02495272
v 0.061834358 0.12017572 -0.018158544
v 0.05412752 0.122698575 -0.018566962
v 0.06929544 0.12700579 -0.0122201815
v 0.07595062 0.13746005 -0.016772024
v 0.07867959 0.14221373 -0.014150571
v 0.08887342 0.15804172 -0.037188858
v 0.08887342 0.15804172 -0.037188858
v 0.099271245 0.14664859 -0.008048929
v 0.07595062 0.13746005 -0.016772024
v 0.115642205 0.15993047 -0.025495473
v 0.06106291 0.12389904 -0.0123842135
v 0.058813423 0.12198269 -0.0021145903
v 0.061834358 0.12017572 -0.018158544
v 0.058887582 0.044182062 -0.08098168
v 0.057851337 0.03228888 -0.08708686
v 0.050709248 0.04171145 -0.081861205
v 0.05413066 0.031300426 -0.08811331
v 0.05413066 0.031300426 -0.08811331
v 0.057851337 0.03228888 -0.08708686
v 0.054297343 0.035920978 -0.09137499
v 0.0565767 0.04020828 -0.09298344
v 0.067370854 0.06164229 -0.10403529
v 0.055847403 0.05923754 -0.09622233
v 0.054322854 0.06143126 -0.106951416
v 0.066279784 0.06674555 -0.09425176
v 0.08373753 0.061750025 -0.11465132
v 0.07388212 0.051800072 -0.08477012
v 0.06478935 0.06963146 -0.12071662
v 0.081383735 0.070421815 -0.13069049
v 0.09744942 0.059052676 -0.12668756
v 0.09723494 0.039803922 -0.10598296
v 0.107577406 0.039574236 -0.11833127
v 0.076865554 0.041421503 -0.07507685
v 0.0851459 0.024019003 -0.082020015
v 0.10049099 0.021892607 -0.09139521
v 0.111616656 0.015465021 -0.101550944
v 0.09676023 0.014256716 -0.07467924
v 0.10584935 0.016368657 -0.10697928
v 0.11338501 0.01730609 -0.111855865
v 0.11221079 0.005933583 -0.10438012
v 0.10909706 0.010892034 -0.11615662
v 0.12058036 0.0079681575 -0.12970573
v 0.10014692 0.020158827 -0.14124712
v 0.06808207 0.07380712 -0.12975115
v 0.055886887 0.07397491 -0.14724383
v 0.054611012 0.07006234 -0.12341793
v 0.06478935 0.06963146 -0.12071662
v 0.074577734 0.07222158 -0.11247781
v 0.07972439 0.06292337 -0.10218308
v 0.09044338 0.06866813 -0.12871873
v 0.08030362 0.06466603 -0.14803287
v 0.08956596 0.06142509 -0.11342734
v 0.11029704 0.041001916 -0.118662745
v 0.10379344 0.03994721 -0.10228257
v 0.090890825 0.040707648 -0.08254568
v 0.12515707 0.024664313 -0.088436425
v 0.11070293 0.036167145 -0.0745234
v 0.116381496 0.030434161 -0.060705572
v 0.09749593 0.02918619 -0.0619765
v 0.11385935 0.03407544 -0.047033396
v 0.13355894 0.02681917 -0.044966817
v 0.09712817 0.034947693 -0.046441134
v 0.11273254 0.036274523 -0.024995964
v 0.134402 0.030434012 -0.02657628
v 0.12486874 0.030951947 -0.012158001
v 0.12886475 0.019873142 -0.06653389
v 0.057614103 0.06409973 -0.1598046
v 0.067370854 0.06164229 -0.10403529
v 0.13186261 0.006290674 0.008154765
v 0.11711599 0.009036839 0.006698396
v 0.11699851 0.0058629513 0.04521253
v 0.106195055 0.010090709 0.03141336
v 0.1520398 0.009063184 -0.028302526
v 0.13565585 0.016721696 -0.030400338
v 0.09492949 0.007951647 0.035360143
v 0.094329745 0.011759222 0.023715038
v 0.13602152 0.012774527 -0.049329527
v 0.1548641 0.0068587363 -0.060974594
v 0.13016765 0.008316517 -0.064944066
v 0.13937634 0.00586015 -0.079402536
v 0.07869782 0.0100232065 0.014476668
v 0.071551405 0.009282649 0.02658894
v 0.08233851 0.014403701 0.039450407
v 0.10597604 0.009084463 0.0744317
v 0.06762138 0.0038840175 -0.033641543
v 0.065282255 0.0051534176 -0.032273866
v 0.08286973 0.007544279 -0.033993833
v 0.08600117 0.009436309 -0.044994153
v 0.089743584 0.01389733 -0.03156624
v 0.08140829 0.0111444 -0.012232384
v 0.06855579 0.0065611005 -0.02513325
v 0.06719595 0.0074193478 -0.012959115
v 0.06685515 0.007063985 -0.0064892806
v 0.08134745 0.012590766 0.0049184486
v 0.054224685 0.0048629045 -0.021602811
v 0.06165227 0.006241858 -0.020677999
v 0.09136232 0.011255741 -0.012817426
v 0.08474074 0.008923173 -0.026456093
v 0.07373989 0.008699238 -0.022333223
v 0.08879702 0.007839501 -0.029744245
v 0.06284723 0.0072754025 -0.022824414
v 0.090973 0.019870967 0.008568797
v 0.07253764 0.0060409307 0.007021226
v 0.07869782 0.0100232065 0.014476668
v 0.071551405 0.009282649 0.02658894
v 0.07506114 0.025093794 0.016006056
v 0.07373989 0.008699238 -0.022333223
v 0.06284723 0.0072754025 -0.022824414
v 0.06165227 0.006241858 -0.020677999
v 0.054224685 0.0048629045 -0.021602811
v 0.056389973 0.07891697 -0.092098236
v 0.055847403 0.05923754 -0.09622233
v 0.066279784 0.06674555 -0.09425176
v 0.05296418 0.10285652 -0.085703395
v 0.0640475 0.10130802 -0.07675862
v 0.07112028 0.07066518 -0.073322415
v 0.07388212 0.051800072 -0.08477012
v 0.07379888 0.09740338 -0.04637347
v 0.0666018 0.10674131 -0.047304727
v 0.07984217 0.07214767 -0.038722117
v 0.076865554 0.041421503 -0.07507685
v 0.078868985 0.10791731 -0.041068982
v 0.080797315 0.1045464 -0.044678476
v 0.084466025 0.09833932 -0.012533905
v 0.08557916 0.07549277 -0.0060903244
v 0.08635953 0.06261361 -0.022935929
v 0.07939268 0.084232956 0.01658969
v 0.08183037 0.056615144 0.007178191
v 0.07045786 0.104198486 0.02505266
v 0.0711672 0.08727145 0.03412079
v 0.078360856 0.06254849 0.029839251
v 0.08260901 0.048879266 -0.005588185
v 0.06842761 0.058186293 -0.044126753
v 0.057204977 0.016681254 -0.18933325
v 0.058644824 0.018400311 -0.18337795
v 0.057052173 0.022572517 -0.1826309
v 0.060599864 0.018210948 -0.18453933
v 0.058644824 0.018400311 -0.18337795
v 0.061781302 0.019131154 -0.18226212
v 0.033681646 0.021335691 -0.19164722
v 0.060599864 0.018210948 -0.18453933
v 0.057052173 0.022572517 -0.1826309
v 0.05893052 0.019009918 -0.18288164
v 0.06674748 0.01746896 -0.18922658
v 0.058644824 0.018400311 -0.18337795
v 0.06165227 0.006241858 -0.020677999
v 0.06295002 0.005444348 -0.016318023
v 0.06855579 0.0065611005 -0.02513325
v 0.07373989 0.008699238 -0.022333223
v 0.06910082 0.04950556 0.011772715
v 0.069716945 0.034080744 0.02498275
v 0.05857391 0.0533157 0.024446942
v 0.08010453 0.033288836 0.0141186565
v 0.07506114 0.025093794 0.016006056
v 0.08260901 0.048879266 -0.005588185
v 0.090027034 0.032792807 0.00043643266
v 0.08473571 0.038854837 -0.010155581
v 0.090973 0.019870967 0.008568797
v 0.09136232 0.011255741 -0.012817426
v 0.092315 0.030067742 -0.023960749
v 0.089743584 0.01389733 -0.03156624
v 0.086970456 0.025309682 -0.054277606
v 0.08879702 0.007839501 -0.029744245
v 0.08286973 0.007544279 -0.033993833
v 0.08600117 0.009436309 -0.044994153
v 0.09381 0.013566732 -0.06304591
v 0.08619964 0.12185857 -0.037555296
v 0.07866466 0.11715984 -0.037032932
v 0.065142885 0.11897385 -0.033643316
v 0.08035645 0.1164422 -0.018865269
v 0.0851459 0.024019003 -0.082020015
v 0.06475834 0.026691437 -0.08030521
v 0.058887582 0.044182062 -0.08098168
v 0.077455774 0.013865411 -0.07224181
v 0.076865554 0.041421503 -0.07507685
v 0.09294243 0.0075561404 -0.0705139
v 0.09676023 0.014256716 -0.07467924
v 0.1193236 0.0137575865 -0.065577924
v 0.10590078 0.025654256 -0.06880052
v 0.09200347 0.028423846 -0.07908228
v 0.12318407 0.022889227 -0.06726517
v 0.10079068 0.034732282 -0.08900177
v 0.0666018 0.10674131 -0.047304727
v 0.07379888 0.09740338 -0.04637347
v 0.080797315 0.1045464 -0.044678476
v 0.07546536 0.111246884 -0.051848777
v 0.08600117 0.009436309 -0.044994153
v 0.09734149 0.0072191954 -0.057031117
v 0.06762138 0.0038840175 -0.033641543
v 0.08839322 0.022012174 0.022347879
v 0.07506114 0.025093794 0.016006056
v 0.07869782 0.0100232065 0.014476668
v 0.069716945 0.034080744 0.02498275
v 0.094329745 0.011759222 0.023715038
v 0.10478325 0.017591894 0.03207253
v 0.106195055 0.010090709 0.03141336
v 0.10032462 0.03082794 0.036882445
v 0.08845853 0.034689605 0.043107018
v 0.08928171 0.042045474 0.067391515
v 0.12437363 0.02690345 0.029515807
v 0.09734149 0.0072191954 -0.057031117
v 0.08600117 0.009436309 -0.044994153
v 0.09381 0.013566732 -0.06304591
v 0.10055078 0.112056136 -0.01958433
v 0.08035645 0.1164422 -0.018865269
v 0.09039075 0.10988197 -0.034285363
v 0.077455774 0.013865411 -0.07224181
v 0.09294243 0.0075561404 -0.0705139
v 0.09734149 0.0072191954 -0.057031117
v 0.09381 0.013566732 -0.06304591
v 0.077455774 0.013865411 -0.07224181
v 0.09734149 0.0072191954 -0.057031117
v 0.10049099 0.021892607 -0.09139521
v 0.09200347 0.028423846 -0.07908228
v 0.09676023 0.014256716 -0.07467924
v 0.10079068 0.034732282 -0.08900177
v 0.11025041 0.029830754 -0.09844666
v 0.111616656 0.015465021 -0.101550944
v 0.120137304 0.015213758 -0.10320644
v 0.11221079 0.005933583 -0.10438012
v 0.12726858 0.002894044 -0.09416253
v 0.09562558 0.012970328 0.0867592
v 0.080401964 0.006199479 0.06578058
v 0.1060551 0.0046833158 0.10528019
v 0.10872177 0.009119034 0.12029511
v 0.10812542 0.016839027 -0.16100976
v 0.08211078 0.017760932 -0.17094238
v 0.108874924 0.012078941 -0.14843552
v 0.12424906 0.004734248 -0.15170881
v 0.12058036 0.0079681575 -0.12970573
v 0.11410113 0.020716548 -0.12532054
v 0.09413977 0.035355657 -0.1498358
v 0.13227129 0.0077403784 -0.106548294
v 0.12515707 0.024664313 -0.088436425
v 0.11029704 0.041001916 -0.118662745
v 0.13937634 0.00586015 -0.079402536
v 0.12886475 0.019873142 -0.06653389
v 0.13016765 0.008316517 -0.064944066
v 0.13602152 0.012774527 -0.049329527
v 0.13355894 0.02681917 -0.044966817
v 0.116381496 0.030434161 -0.060705572
v 0.13565585 0.016721696 -0.030400338
v 0.134402 0.030434012 -0.02657628
v 0.08030362 0.06466603 -0.14803287
v 0.09044338 0.06866813 -0.12871873
v 0.1085039 0.06689742 -0.0067545194
v 0.09566924 0.08338109 -0.015890794
v 0.10203157 0.052990824 -0.0021719951
v 0.108519 0.038367122 -0.0000614468
v 0.101201594 0.033738315 0.0015950631
v 0.10941263 0.032786608 -0.012669653
v 0.10516977 0.019601911 -0.013565803
v 0.116821505 0.027639091 -0.0140993185
v 0.10516977 0.019601911 -0.013565803
v 0.10413394 0.013678223 -0.047421277
v 0.10268484 0.021546453 -0.052332837
v 0.110012814 0.02648753 -0.026192358
v 0.116821505 0.027639091 -0.0140993185
v 0.10413394 0.013678223 -0.047421277
v 0.12002461 0.020334452 -0.049139045
v 0.10268484 0.021546453 -0.052332837
v 0.116897605 0.0161452 -0.02983419
v 0.10516977 0.019601911 -0.013565803
v 0.1245129 0.022242665 -0.02597124
v 0.1117917 0.013475835 0.0017725192
v 0.1130025 0.030480206 -0.07885874
v 0.10590078 0.025654256 -0.06880052
v 0.10079068 0.034732282 -0.08900177
v 0.12318407 0.022889227 -0.06726517
v 0.11025041 0.029830754 -0.09844666
v 0.124766424 0.018796206 -0.087308586
v 0.120137304 0.015213758 -0.10320644
v 0.12726858 0.002894044 -0.09416253
v 0.12045815 0.025565892 0.020255677
v 0.10478325 0.017591894 0.03207253
v 0.12437363 0.02690345 0.029515807
v 0.10561082 0.011750162 0.019172106
v 0.11740437 0.018588632 0.012549594
v 0.1117917 0.013475835 0.0017725192
v 0.116449 0.019909173 0.00014954247
v 0.116821505 0.027639091 -0.0140993185
v 0.12486874 0.030951947 -0.012158001
v 0.11273254 0.036274523 -0.024995964
v 0.09074834 0.843527 -0.008237943
v 0.11289139 0.84883845 -0.027244693
v 0.11198874 0.8470776 -0.0057957005
v 0.1102743 0.86898744 -0.0017873552
v 0.12209209 0.8594304 -0.009008003
v 0.13127759 0.8576337 -0.029172635
v 0.13269304 0.8651725 -0.047213078
v 0.1623929 0.87159747 -0.017980944
v 0.15900758 0.881082 -0.049348842
v 0.18897535 0.87169343 -0.029208498
v 0.19827214 0.87424254 -0.038912747
v 0.184726 0.88137925 -0.0046962816
v 0.19261968 0.87472326 -0.013373942
v 0.14787401 0.8824446 -0.0024387464
v 0.19932152 0.86723256 -0.022449568
v 0.20150602 0.8827932 -0.05259361
v 0.20724429 0.88023305 -0.03797919
v 0.1083253 0.8673529 -0.05396437
v 0.11740437 0.018588632 0.012549594
v 0.12437363 0.02690345 0.029515807
v 0.106195055 0.010090709 0.03141336
v 0.12045815 0.025565892 0.020255677
v 0.11711599 0.009036839 0.006698396
v 0.116449 0.019909173 0.00014954247
v 0.12505528 0.019803077 -0.009747095
v 0.12486874 0.030951947 -0.012158001
v 0.13565585 0.016721696 -0.030400338
v 0.134402 0.030434012 -0.02657628
v 0.12002461 0.020334452 -0.049139045
v 0.110012814 0.02648753 -0.026192358
v 0.10268484 0.021546453 -0.052332837
v 0.1245129 0.022242665 -0.02597124
v 0.116821505 0.027639091 -0.0140993185
v 0.1117917 0.013475835 0.0017725192
v 0.11020024 0.017953634 -0.1244699
v 0.10014692 0.020158827 -0.14124712
v 0.10909706 0.010892034 -0.11615662
v 0.11338501 0.01730609 -0.111855865
v 0.10584935 0.016368657 -0.10697928
v 0.09294243 0.0075561404 -0.0705139
v 0.1193236 0.0137575865 -0.065577924
v 0.12292799 0.0072928667 -0.07312971
v 0.12318407 0.022889227 -0.06726517
v 0.124766424 0.018796206 -0.087308586
v 0.12726858 0.002894044 -0.09416253
v 0.19438441 0.9290088 -0.039484885
v 0.20196362 0.90377206 -0.052269906
v 0.18968424 0.9241848 -0.052035037
v 0.20061298 0.9111197 -0.044932175
v 0.20411935 0.8907027 -0.039705284
v 0.20724429 0.88023305 -0.03797919
v 0.20829047 0.87795275 -0.016100988
v 0.20150602 0.8827932 -0.05259361
v 0.20347387 0.8902776 -0.010231912
v 0.2165879 0.8769562 -0.030024532
v 0.21601874 0.8632424 -0.028377708
v 0.21085475 0.9019821 -0.021704607
v 0.20010892 0.9135977 -0.0046550296
v 0.20988065 0.91161716 -0.04222654
v 0.22250384 0.9200169 -0.04003934
v 0.22186166 0.9157222 -0.02371363
v 0.2215774 0.91895986 -0.0097538475
v 0.20061298 0.9111197 -0.044932175
v 0.19438441 0.9290088 -0.039484885
v 0.21369334 0.9342549 -0.042560205
v 0.20988065 0.91161716 -0.04222654
v 0.22250384 0.9200169 -0.04003934
v 0.20411935 0.8907027 -0.039705284
v 0.23205152 0.92830884 -0.041029133
v 0.22646499 0.947999 -0.036433652
v 0.23077409 0.9147814 -0.028312922
v 0.22186166 0.9157222 -0.02371363
v 0.23270686 0.93344814 -0.023395425
v 0.23190956 0.9173206 -0.013287544
v 0.2310507 0.9344717 -0.0067566372
v 0.22645915 0.9524978 -0.021992335
v 0.22559236 0.6886891 -0.040178195
v 0.22569294 0.68313897 -0.027687995
v 0.22675051 0.7016747 -0.02765118
v 0.23426661 0.669351 -0.0397897
v 0.23127818 0.7125716 -0.03998869
v 0.23503812 0.71895003 -0.026517414
v 0.24517694 0.7267053 -0.036351796
v 0.23834331 0.67013943 -0.027284417
v 0.25083697 0.7095717 -0.034448925
v 0.23765159 0.68598974 -0.040266443
v 0.22559236 0.6886891 -0.040178195
v 0.23426661 0.669351 -0.0397897
v 0.23127818 0.7125716 -0.03998869
v 0.24517694 0.7267053 -0.036351796
v 0.25665635 0.7204795 -0.038337234
v 0.25067532 0.72620755 -0.024590742
v 0.24372454 0.67445105 -0.039840795
v 0.22569294 0.68313897 -0.027687995
v 0.23721892 0.6942715 -0.02333764
v 0.22675051 0.7016747 -0.02765118
v 0.23834331 0.67013943 -0.027284417
v 0.23503812 0.71895003 -0.026517414
v 0.24801476 0.7140979 -0.023578823
v 0.25067532 0.72620755 -0.024590742
v 0.24517694 0.7267053 -0.036351796
v 0.24109268 0.68257785 -0.0319042
v 0.23721892 0.6942715 -0.02333764
v 0.23834331 0.67013943 -0.027284417
v 0.2437665 0.70371217 -0.03285925
v 0.24372454 0.67445105 -0.039840795
v 0.23426661 0.669351 -0.0397897
v 0.23765159 0.68598974 -0.040266443
v 0.25083697 0.7095717 -0.034448925
v 0.24801476 0.7140979 -0.023578823
v 0.25067532 0.72620755 -0.024590742
v 0.25665635 0.7204795 -0.038337234
v 0.26425213 0.623029 -0.028003434
v 0.27236256 0.6289518 -0.020579524
v 0.2625494 0.63625205 -0.034868173
v 0.27945817 0.6081852 -0.032804437
v 0.27639216 0.6378585 -0.031952534
v 0.29104972 0.6248511 -0.02930504
v 0.29435748 0.60401094 -0.019377459
v 0.28028536 0.5992913 -0.019336425
v 0.27855015 0.5828045 -0.019462988
v 0.28884733 0.5760082 -0.020174827
v 0.27119362 0.56434613 -0.023455393
v 0.2629903 0.57061446 -0.0212828
v 0.26904586 0.5689404 -0.036220536
v 0.2629903 0.57061446 -0.0212828
v 0.2659406 0.57741517 -0.032647856
v 0.27119362 0.56434613 -0.023455393
v 0.27855015 0.5828045 -0.019462988
v 0.2784255 0.59096617 -0.032425202
v 0.28028536 0.5992913 -0.019336425
v 0.27945817 0.6081852 -0.032804437
v 0.27236256 0.6289518 -0.020579524
v 0.26425213 0.623029 -0.028003434
v 0.2625494 0.63625205 -0.034868173
v 0.276021 0.62899345 -0.036172424
v 0.27639216 0.6378585 -0.031952534
v 0.27945817 0.6081852 -0.032804437
v 0.29298377 0.59308904 -0.036227144
v 0.29104972 0.6248511 -0.02930504
v 0.2784255 0.59096617 -0.032425202
v 0.26904586 0.5689404 -0.036220536
v 0.2821743 0.5700569 -0.03309803
v 0.2659406 0.57741517 -0.032647856
v 0.29738867 0.5977981 -0.030309213
v 0.2821743 0.5700569 -0.03309803
v 0.27119362 0.56434613 -0.023455393
v 0.26904586 0.5689404 -0.036220536
v 0.28884733 0.5760082 -0.020174827
v 0.29738867 0.5977981 -0.030309213
v 0.29298377 0.59308904 -0.036227144
v 0.29435748 0.60401094 -0.019377459
v 0.29104972 0.6248511 -0.02930504
v 0.08134745 0.012590766 0.0049184486
v 0.07869782 0.0100232065 0.014476668
v 0.07506114 0.025093794 0.016006056
vt 0.4949089 0.24434048
vt 0.5121879 0.25338495
vt 0.48877525 0.2554645
vt 0.5040493 0.2367605
vt 0.49004704 0.23739386
vt 0.5086221 0.22800356
vt 0.4808194 0.22269833
vt 0.52207494 0.23661482
vt 0.5339581 0.22810006
vt 0.5357217 0.24179822
vt 0.5289187 0.21510148
vt 0.5376482 0.2183308
vt 0.51182187 0.22159076
vt 0.49827123 0.21310079
vt 0.5234807 0.21009296
vt 0.51169527 0.20321506
vt 0.5314782 0.19620085
vt 0.5114897 0.19238478
vt 0.547236 0.2040137
vt 0.54372305 0.19633675
vt 0.5726462 0.19450504
vt 0.5587954 0.21222657
vt 0.5346778 0.18266696
vt 0.54941005 0.14476556
vt 0.5793078 0.15414834
vt 0.530541 0.16467679
vt 0.5179064 0.16797781
vt 0.5365072 0.1486969
vt 0.53118503 0.1339438
vt 0.5364029 0.11268705
vt 0.5667266 0.12249446
vt 0.5760286 0.13860613
vt 0.56848353 0.10945761
vt 0.59528726 0.09641838
vt 0.60974497 0.09787327
vt 0.60222626 0.07877958
vt 0.6059415 0.11685085
vt 0.5229365 0.18610078
vt 0.5238312 0.15267152
vt 0.49945796 0.1827181
vt 0.4799317 0.19913822
vt 0.47040072 0.21370912
vt 0.4740273 0.22885656
vt 0.58558565 0.20322531
vt 0.57897234 0.21663254
vt 0.5898904 0.19032079
vt 0.6097449 0.19783723
vt 0.58391696 0.17447984
vt 0.59453267 0.21160918
vt 0.58760154 0.22512251
vt 0.5993033 0.22942972
vt 0.5746782 0.22751158
vt 0.5858959 0.23174262
vt 0.5642763 0.22436571
vt 0.5672537 0.24165124
vt 0.5494976 0.22997528
vt 0.54450876 0.24042797
vt 0.592234 0.23833245
vt 0.599736 0.23716682
vt 0.6028257 0.24745715
vt 0.6003041 0.2503122
vt 0.6031517 0.251159
vt 0.8137523 0.7083718
vt 0.80085474 0.700408
vt 0.79025245 0.71174866
vt 0.777095 0.65890896
vt 0.790311 0.6405437
vt 0.7585993 0.6495013
vt 0.80408794 0.6593872
vt 0.7542961 0.6246946
vt 0.7823449 0.60877055
vt 0.7381209 0.6457298
vt 0.7406952 0.6207306
vt 0.74886805 0.67267203
vt 0.72085613 0.6655915
vt 0.76945114 0.68002886
vt 0.76108325 0.6890238
vt 0.7824117 0.695406
vt 0.76053244 0.7045378
vt 0.74521434 0.6049594
vt 0.7644085 0.60235876
vt 0.75512284 0.5940571
vt 0.77661705 0.5907774
vt 0.7890637 0.58151186
vt 0.76629555 0.5859722
vt 0.8137523 0.6212576
vt 0.80979174 0.6442198
vt 0.8075661 0.58860695
vt 0.7886766 0.5918795
vt 0.5685162 0.27357507
vt 0.58267033 0.27646863
vt 0.56889313 0.2836076
vt 0.57579154 0.26884818
vt 0.583809 0.26766372
vt 0.5532617 0.2726668
vt 0.55258137 0.2835189
vt 0.5699076 0.2612205
vt 0.5474373 0.29262722
vt 0.5384638 0.2877171
vt 0.5406199 0.30446017
vt 0.55049473 0.30652332
vt 0.55040336 0.3238727
vt 0.5591394 0.3259403
vt 0.5504504 0.3343466
vt 0.53619087 0.30901092
vt 0.5404545 0.32446545
vt 0.52515686 0.31643224
vt 0.50971335 0.29978764
vt 0.5297915 0.3355075
vt 0.50525564 0.32589382
vt 0.5413885 0.33574188
vt 0.5469778 0.3431809
vt 0.5239117 0.35215074
vt 0.5511327 0.3709879
vt 0.5328208 0.38344675
vt 0.5460681 0.41462934
vt 0.5076412 0.3564453
vt 0.49571982 0.38700306
vt 0.4852352 0.37069035
vt 0.48687094 0.34802336
vt 0.46440056 0.35316414
vt 0.4430371 0.33907735
vt 0.47816837 0.32873464
vt 0.45190558 0.3277508
vt 0.46136335 0.37684715
vt 0.43926573 0.37093782
vt 0.43963343 0.35387552
vt 0.42783603 0.35145962
vt 0.42542142 0.37263608
vt 0.42030966 0.36693704
vt 0.4216366 0.39872587
vt 0.5705791 0.36019325
vt 0.5638515 0.374902
vt 0.5885211 0.37499315
vt 0.57604736 0.38350827
vt 0.5897092 0.37804145
vt 0.602459 0.3722297
vt 0.5285802 0.4154961
vt 0.47369695 0.3786255
vt 0.4725573 0.3900928
vt 0.46647602 0.38050777
vt 0.5619611 0.341098
vt 0.57708573 0.3358612
vt 0.5868772 0.3510924
vt 0.5869914 0.3385684
vt 0.5976879 0.33369553
vt 0.58907324 0.36245835
vt 0.5909208 0.37042618
vt 0.5982953 0.36517078
vt 0.5457251 0.33356392
vt 0.5430005 0.3375944
vt 0.5271942 0.29447657
vt 0.48510352 0.41016722
vt 0.49177793 0.44235516
vt 0.4602546 0.43072248
vt 0.53839266 0.29317576
vt 0.51510257 0.446697
vt 0.4921165 0.46942538
vt 0.5285776 0.46862364
vt 0.53284186 0.4561795
vt 0.54776263 0.45939916
vt 0.55155784 0.466043
vt 0.5108851 0.48934305
vt 0.47686902 0.4541247
vt 0.45688125 0.44403672
vt 0.53294635 0.49462402
vt 0.539637 0.47297895
vt 0.55389774 0.4819827
vt 0.55159324 0.4772998
vt 0.5657537 0.49106973
vt 0.5640752 0.52175355
vt 0.546439 0.5242532
vt 0.5565767 0.4754442
vt 0.55149126 0.4575824
vt 0.55477625 0.45842624
vt 0.5270055 0.5120237
vt 0.5564351 0.46457076
vt 0.56260073 0.46674085
vt 0.5557343 0.45995235
vt 0.56645584 0.5105537
vt 0.5760334 0.49302042
vt 0.5782981 0.52024
vt 0.5835858 0.52816653
vt 0.59148115 0.5170521
vt 0.602459 0.53142077
vt 0.55073047 0.4728716
vt 0.5214244 0.44981897
vt 0.48137322 0.31859446
vt 0.4952994 0.30208337
vt 0.5092502 0.2801535
vt 0.5134687 0.27510488
vt 0.5111542 0.27122974
vt 0.52133274 0.27945507
vt 0.51870024 0.27400315
vt 0.5122118 0.2692545
vt 0.5123682 0.270985
vt 0.5318465 0.26665002
vt 0.5264776 0.2744984
vt 0.5225765 0.26158464
vt 0.5572812 0.24726772
vt 0.5524095 0.25736737
vt 0.5431548 0.26746
vt 0.56611705 0.257833
vt 0.51148367 0.3376838
vt 0.43617827 0.38538092
vt 0.5290248 0.2835384
vt 0.58161914 0.26018178
vt 0.5521716 0.26350653
vt 0.57969034 0.9166667
vt 0.5764906 0.92214495
vt 0.5693051 0.9240491
vt 0.5669399 0.91721934
vt 0.5669399 0.9312386
vt 0.397541 0.6835155
vt 0.39029452 0.6898907
vt 0.37750456 0.6835155
vt 0.41211292 0.23711765
vt 0.41363862 0.21994537
vt 0.41848817 0.22994876
vt 0.41848817 0.25182152
vt 0.038569905 0.8082878
vt 0.03525568 0.798561
vt 0.045081966 0.80446076
vt 0.02196595 0.8042657
vt 0.03835294 0.79026115
vt 0.028005159 0.79264647
vt 0.014562824 0.79006565
vt 0.007414396 0.8082878
vt 0.006830601 0.79200906
vt 0.008010265 0.7755009
vt 0.48224044 0.25530756
vt 0.4858834 0.2691257
vt 0.4858834 0.24908924
vt 0.9586895 0.95702046
vt 0.96215343 0.96266395
vt 0.95127505 0.9584832
vt 0.96700954 0.95310664
vt 0.95127505 0.9779383
vt 0.95690197 0.9848444
vt 0.978676 0.96148527
vt 0.97690856 0.9509578
vt 0.97132206 0.98497266
vt 0.9868524 0.9720302
vt 0.9995446 0.9577823
vt 0.9883542 0.9826596
vt 0.99735993 0.9710214
vt 0.9958081 0.9392988
vt 0.9854583 0.9381982
vt 0.9926335 0.92941713
vt 0.97393364 0.9314007
vt 0.977014 0.93961364
vt 0.37311995 0.2544161
vt 0.37705824 0.2563752
vt 0.36566484 0.2563752
vt 0.37750456 0.25
vt 0.36779264 0.25012654
vt 0.5086521 0.9949909
vt 0.49809495 0.9931694
vt 0.49043715 0.9949909
vt 0.5449815 0.92941713
vt 0.54690343 0.9285064
vt 0.534153 0.9285064
vt 0.148302 0.8419854
vt 0.14526412 0.8447177
vt 0.1507286 0.8447177
vt 0.117941715 0.84836066
vt 0.1197632 0.84836066
vt 0.119467214 0.84653914
vt 0.63573235 0.7332941
vt 0.6224027 0.74908924
vt 0.6096473 0.7284447
vt 0.61755973 0.70730925
vt 0.632451 0.70652914
vt 0.6195405 0.6932989
vt 0.6481308 0.719623
vt 0.6550396 0.7309574
vt 0.6765682 0.7210632
vt 0.6525378 0.739217
vt 0.67688894 0.73601353
vt 0.704643 0.7196211
vt 0.7059979 0.73432463
vt 0.69868124 0.7138639
vt 0.71980107 0.70463866
vt 0.7248819 0.7158924
vt 0.7135628 0.7112344
vt 0.72996354 0.73208314
vt 0.71900326 0.7394192
vt 0.7274202 0.7451526
vt 0.72037196 0.7419213
vt 0.7210155 0.7427688
vt 0.72022843 0.74343693
vt 0.72148216 0.74908924
vt 0.7185858 0.7459681
vt 0.6260874 0.6863741
vt 0.6063195 0.7009847
vt 0.6050155 0.69242245
vt 0.6081498 0.68564147
vt 0.6138758 0.6745224
vt 0.60103166 0.679081
vt 0.5905224 0.6782424
vt 0.5964881 0.6716729
vt 0.59906626 0.6651344
vt 0.5883289 0.66322833
vt 0.5806011 0.65742195
vt 0.5925892 0.65592605
vt 0.6021612 0.654505
vt 0.6056333 0.6619275
vt 0.6162707 0.65556824
vt 0.60904527 0.6525165
vt 0.6218055 0.65315807
vt 0.60316443 0.6452641
vt 0.63544726 0.6510757
vt 0.6222512 0.6598329
vt 0.58387387 0.6476609
vt 0.60445696 0.6731405
vt 0.61411333 0.66456497
vt 0.6254126 0.6733576
vt 0.7136525 0.69798285
vt 0.92395264 0.27276868
vt 0.92395264 0.28460836
vt 0.9248634 0.2753452
vt 0.92058325 0.27059114
vt 0.9193989 0.26973736
vt 0.920558 0.2669164
vt 0.9266121 0.27024382
vt 0.92136604 0.27178317
vt 0.9203143 0.2581967
vt 0.9275956 0.26112843
vt 0.9275956 0.2800547
vt 0.9466351 0.32559198
vt 0.94912046 0.32452106
vt 0.9439318 0.32002413
vt 0.94966847 0.32479262
vt 0.9303643 0.3213734
vt 0.9573092 0.30607164
vt 0.9354328 0.29346
vt 0.95027316 0.31945038
vt 0.94950455 0.32358652
vt 0.9554184 0.32121605
vt 0.9505124 0.32248503
vt 0.9464465 0.32204425
vt 0.9458185 0.29211593
vt 0.941375 0.27536774
vt 0.9603825 0.29025537
vt 0.9570316 0.27343637
vt 0.9426415 0.26131016
vt 0.9573304 0.2506758
vt 0.9425866 0.24748361
vt 0.9534271 0.24000108
vt 0.9248634 0.24393594
vt 0.9382698 0.23891032
vt 0.93864864 0.23366052
vt 0.93979967 0.23431516
vt 0.9454239 0.22905284
vt 0.9603825 0.24035376
vt 0.68685544 0.16532004
vt 0.6780886 0.15865833
vt 0.6954967 0.15734684
vt 0.6865618 0.14926219
vt 0.7028862 0.17024314
vt 0.6930345 0.17959595
vt 0.71075064 0.19371653
vt 0.7205803 0.17268777
vt 0.69623405 0.1975748
vt 0.6818779 0.17625433
vt 0.7013031 0.22119951
vt 0.69009084 0.21835738
vt 0.7065892 0.14400125
vt 0.6843504 0.13327157
vt 0.67357355 0.1422565
vt 0.67703044 0.15212417
vt 0.6678055 0.1322996
vt 0.6702749 0.12432498
vt 0.68239236 0.12400168
vt 0.69111466 0.119763196
vt 0.7087959 0.16057378
vt 0.68196875 0.23200345
vt 0.69496226 0.23624587
vt 0.6865803 0.24122304
vt 0.71074027 0.24406028
vt 0.72358835 0.2515192
vt 0.7228872 0.2233845
vt 0.71729016 0.25868118
vt 0.6730617 0.23599714
vt 0.7048088 0.13166535
vt 0.71841997 0.26703906
vt 0.7116649 0.26404238
vt 0.7011 0.26842296
vt 0.68737435 0.17535734
vt 0.6805865 0.17116809
vt 0.67770594 0.1673106
vt 0.67789483 0.16520339
vt 0.66347903 0.12808263
vt 0.7005455 0.2793008
vt 0.7066972 0.29149532
vt 0.6949418 0.3031249
vt 0.6919749 0.2840314
vt 0.70513767 0.30579352
vt 0.6867401 0.26759458
vt 0.68504167 0.32447827
vt 0.6940056 0.3251052
vt 0.68020874 0.34289616
vt 0.66347903 0.34254706
vt 0.66668195 0.32573307
vt 0.67742914 0.32048827
vt 0.6857574 0.30934662
vt 0.29323632 0.63675207
vt 0.2893773 0.64071035
vt 0.28551912 0.6361567
vt 0.29681286 0.6388569
vt 0.29918033 0.6361567
vt 0.72654605 0.45370942
vt 0.72770953 0.44502354
vt 0.73542804 0.4603325
vt 0.7330891 0.47718954
vt 0.72276044 0.46079206
vt 0.71821743 0.4497682
vt 0.711766 0.45393133
vt 0.720714 0.4448998
vt 0.7139362 0.44502354
vt 0.70494825 0.45160967
vt 0.7075406 0.4679336
vt 0.70173043 0.4689629
vt 0.71148485 0.47859746
vt 0.9934984 0.6918716
vt 0.9803612 0.68324316
vt 0.9940801 0.68349415
vt 0.9679213 0.6906252
vt 0.9911281 0.6674629
vt 0.9685439 0.67633164
vt 0.9821934 0.6606581
vt 0.95624334 0.6830349
vt 0.9590921 0.6939214
vt 0.95127505 0.66858184
vt 0.9628537 0.69324595
vt 0.965538 0.6971567
vt 0.9615223 0.6975531
vt 0.956847 0.69822836
vt 0.96292853 0.70628417
vt 0.9752178 0.697038
vt 0.97517514 0.7057957
vt 0.9545414 0.69797564
vt 0.99051976 0.655622
vt 0.9940801 0.6443534
vt 0.97131145 0.6498178
vt 0.97313297 0.64771867
vt 0.97131145 0.6425319
vt 0.92395264 0.2926215
vt 0.9248634 0.29553735
vt 0.9248634 0.29189432
vt 0.926536 0.25455374
vt 0.92577416 0.2554645
vt 0.9312386 0.2554645
vt 0.9341724 0.27191943
vt 0.9348816 0.27195895
vt 0.9367031 0.2734226
vt 0.9285064 0.26080716
vt 0.9335278 0.27121037
vt 0.9320378 0.2742231
vt 0.9361147 0.2581967
vt 0.93500614 0.2706889
vt 0.9285064 0.2800547
vt 0.93582714 0.2695157
vt 0.935928 0.26976728
vt 0.93637526 0.27008045
vt 0.93016034 0.28278685
vt 0.9343037 0.28460836
vt 0.9346664 0.28396535
vt 0.92668486 0.28373355
vt 0.9348816 0.2837336
vt 0.79944843 0.1574421
vt 0.80452824 0.1431216
vt 0.8081067 0.15742129
vt 0.78024596 0.14910161
vt 0.801605 0.16504848
vt 0.79105175 0.13189387
vt 0.8098635 0.12386471
vt 0.81466305 0.14170802
vt 0.74305713 0.18752778
vt 0.7413316 0.17527002
vt 0.74516153 0.18530655
vt 0.73909795 0.18651605
vt 0.7697352 0.17649072
vt 0.77210027 0.17546666
vt 0.769834 0.17802846
vt 0.7583758 0.17266804
vt 0.74222076 0.22176683
vt 0.7363388 0.21074754
vt 0.75084084 0.2133345
vt 0.75457543 0.20078903
vt 0.7492136 0.19173086
vt 0.76913923 0.20827246
vt 0.76680344 0.19701475
vt 0.75775135 0.18199867
vt 0.7718302 0.18424487
vt 0.7750691 0.19454968
vt 0.78674644 0.19434011
vt 0.73817885 0.19452566
vt 0.7511174 0.12607253
vt 0.7570475 0.1524784
vt 0.7363388 0.13479781
vt 0.7371071 0.118310034
vt 0.7394702 0.15184659
vt 0.74233073 0.11039251
vt 0.73654354 0.102601886
vt 0.75673985 0.11962217
vt 0.74451 0.10108507
vt 0.74095184 0.10403693
vt 0.7414232 0.1011076
vt 0.75698656 0.1058501
vt 0.76510227 0.11088073
vt 0.741425 0.099726796
vt 0.76674753 0.13598114
vt 0.7846026 0.16885972
vt 0.7708975 0.1740948
vt 0.77950805 0.12810028
vt 0.78638446 0.11296713
vt 0.77367944 0.8301803
vt 0.7691257 0.821949
vt 0.7691257 0.83652097
vt 0.091530055 0.2921028
vt 0.086065575 0.2891621
vt 0.086151674 0.2911694
vt 0.086065575 0.3028233
vt 0.43123862 0.32618666
vt 0.4385246 0.31901073
vt 0.4385246 0.3337887
vt 0.43197915 0.30737704
vt 0.07247883 0.16757691
vt 0.06844003 0.14741093
vt 0.08151184 0.14344263
vt 0.06022337 0.16786611
vt 0.058743168 0.14522225
vt 0.06509869 0.17927933
vt 0.05901762 0.18078327
vt 0.08077097 0.18078327
vt 0.40079457 0.13680768
vt 0.39716712 0.15043211
vt 0.38376743 0.14332712
vt 0.36930457 0.14839059
vt 0.38653892 0.125628
vt 0.3711391 0.12006569
vt 0.38027394 0.10997701
vt 0.39315486 0.11032939
vt 0.36247355 0.10653925
vt 0.3643373 0.091716886
vt 0.38540903 0.09139007
vt 0.37111652 0.07877916
vt 0.38081366 0.06691581
vt 0.35837886 0.06792766
vt 0.4074245 0.07619393
vt 0.4112022 0.062386155
vt 0.40583003 0.0939911
vt 0.37418118 0.15619308
vt 0.36822918 0.13626504
vt 0.35837886 0.15495616
vt 0.9451273 0.59045154
vt 0.9337325 0.60044104
vt 0.9339295 0.5806011
vt 0.95031226 0.60810167
vt 0.97131145 0.59953743
vt 0.93749756 0.61316377
vt 0.9484438 0.62231034
vt 0.9312386 0.62648904
vt 0.9374354 0.6332633
vt 0.93164814 0.6482024
vt 0.94118446 0.6512714
vt 0.9528436 0.6432036
vt 0.96778744 0.6517296
vt 0.94616866 0.6607468
vt 0.97131145 0.63732034
vt 0.9684974 0.61929715
vt 0.96246785 0.58532065
vt 0.23308168 0.94435364
vt 0.20559727 0.9230419
vt 0.23502463 0.9230419
vt 0.27276868 0.9329695
vt 0.26478824 0.9606142
vt 0.25514063 0.9649604
vt 0.21961965 0.965847
vt 0.20860265 0.95328856
vt 0.20875807 0.9362806
vt 0.19977996 0.95602465
vt 0.19080146 0.93770933
vt 0.20242329 0.70551366
vt 0.21276216 0.7315642
vt 0.17426331 0.73542804
vt 0.21550322 0.7090508
vt 0.17938434 0.7133821
vt 0.19812806 0.6944444
vt 0.15634818 0.72356284
vt 0.1469472 0.72300285
vt 0.15630014 0.6995417
vt 0.17467609 0.6965815
vt 0.14620021 0.70006675
vt 0.2274618 0.7269966
vt 0.23746534 0.7336433
vt 0.25470576 0.7282308
vt 0.25295672 0.73542804
vt 0.27889585 0.7335334
vt 0.27992702 0.72721547
vt 0.29227683 0.7225889
vt 0.29826957 0.735172
vt 0.12941216 0.7125373
vt 0.1260034 0.7281333
vt 0.114453435 0.7241531
vt 0.11774279 0.7201097
vt 0.11067344 0.73457146
vt 0.10916087 0.72047436
vt 0.10154827 0.71753633
vt 0.88378835 0.45488375
vt 0.8754233 0.4333557
vt 0.8912486 0.45340908
vt 0.8944401 0.43423957
vt 0.88645357 0.467328
vt 0.9002732 0.40755916
vt 0.88845843 0.47083235
vt 0.879163 0.47715032
vt 0.8766414 0.47177702
vt 0.8692476 0.47299147
vt 0.87097174 0.47822893
vt 0.8779153 0.4842081
vt 0.8876906 0.49325627
vt 0.8875895 0.50272226
vt 0.8668224 0.46874934
vt 0.86020035 0.46740425
vt 0.9002732 0.5141166
vt 0.9138116 0.16774929
vt 0.8893443 0.1589253
vt 0.90343213 0.17093247
vt 0.8933807 0.17190641
vt 0.90356 0.18153626
vt 0.91585916 0.18351549
vt 0.8906664 0.18046921
vt 0.926506 0.18028939
vt 0.9275956 0.15892535
vt 0.17170417 0.7525536
vt 0.15983607 0.7388278
vt 0.18286397 0.74420375
vt 0.19458476 0.7534791
vt 0.20918629 0.7464599
vt 0.18628922 0.7892743
vt 0.206942 0.7570787
vt 0.16631699 0.77198106
vt 0.16141689 0.8000276
vt 0.21704152 0.7712752
vt 0.20834678 0.7824291
vt 0.22015242 0.7574498
vt 0.23320688 0.77504146
vt 0.24319702 0.76349247
vt 0.22836421 0.7923242
vt 0.2163834 0.7947796
vt 0.2427674 0.78053474
vt 0.24259156 0.7925859
vt 0.23856442 0.8091959
vt 0.25231817 0.77991813
vt 0.26107603 0.78208196
vt 0.25472322 0.7637274
vt 0.26623598 0.77587557
vt 0.26759976 0.8007684
vt 0.27527088 0.7817613
vt 0.26972428 0.82285976
vt 0.27897853 0.80212426
vt 0.2816795 0.7907456
vt 0.28492045 0.80926746
vt 0.29826957 0.79468477
vt 0.27310854 0.77428824
vt 0.28565332 0.7875694
vt 0.21643077 0.81486225
vt 0.2044714 0.82285976
vt 0.22936197 0.748207
vt 0.26182213 0.7497334
vt 0.2208137 0.74110407
vt 0.22723103 0.7370015
vt 0.22186571 0.73830515
vt 0.22219464 0.7336066
vt 0.21977663 0.7363539
vt 0.20076801 0.7954048
vt 0.7200888 0.88714516
vt 0.7035519 0.87798554
vt 0.71004516 0.86710465
vt 0.7055484 0.89222
vt 0.7054629 0.8639019
vt 0.72032785 0.8712716
vt 0.7181574 0.8587093
vt 0.736712 0.8650751
vt 0.74562794 0.88810277
vt 0.73753965 0.84958845
vt 0.7072105 0.8546871
vt 0.75506073 0.85550964
vt 0.75740135 0.8447177
vt 0.7540597 0.87857825
vt 0.7708414 0.86247706
vt 0.7671118 0.88278806
vt 0.75569564 0.8956172
vt 0.7839694 0.8833339
vt 0.7726126 0.89254165
vt 0.7808595 0.8594852
vt 0.79371583 0.8632129
vt 0.77260214 0.84690374
vt 0.7664705 0.9030055
vt 0.7404416 0.9030055
vt 0.72113156 0.8965629
vt 0.71688694 0.9018563
vt 0.5080126 0.9448119
vt 0.51104486 0.9529997
vt 0.5031876 0.95664704
vt 0.51848286 0.94274014
vt 0.5128579 0.96235454
vt 0.5048923 0.96949
vt 0.52063805 0.9584354
vt 0.5392083 0.9330601
vt 0.5390766 0.9605136
vt 0.5199508 0.9340329
vt 0.51407826 0.9347781
vt 0.55677104 0.9458299
vt 0.56401116 0.9347885
vt 0.5660161 0.96265113
vt 0.5785067 0.951631
vt 0.57696086 0.96736366
vt 0.5732492 0.93866843
vt 0.5887978 0.96949
vt 0.514382 0.9389326
vt 0.40839952 0.9100695
vt 0.42050406 0.908495
vt 0.41900057 0.9181149
vt 0.41129237 0.8957923
vt 0.43026432 0.9212204
vt 0.4293144 0.912687
vt 0.42310846 0.8982671
vt 0.4389251 0.91563106
vt 0.43304187 0.895528
vt 0.42201707 0.88504523
vt 0.4286875 0.8742012
vt 0.44138673 0.8808343
vt 0.41342282 0.86908686
vt 0.40798762 0.87511295
vt 0.41897509 0.8620582
vt 0.40995607 0.8602738
vt 0.42752406 0.8573161
vt 0.41936117 0.8467995
vt 0.4380104 0.8633856
vt 0.43677893 0.84512955
vt 0.457612 0.86923164
vt 0.45047414 0.85757065
vt 0.46321625 0.8819769
vt 0.48814127 0.8854353
vt 0.45101598 0.8965412
vt 0.46614885 0.89899284
vt 0.44215748 0.91065294
vt 0.46428308 0.91835135
vt 0.4850769 0.9027567
vt 0.49772313 0.9212204
vt 0.470894 0.86576927
vt 0.46526873 0.85775197
vt 0.45069194 0.8470993
vt 0.4641223 0.8436495
vt 0.47847366 0.8476225
vt 0.4858304 0.8539322
vt 0.42897862 0.8419854
vt 0.4039162 0.8879601
vt 0.32620153 0.9609525
vt 0.33298486 0.9531475
vt 0.3356102 0.9802613
vt 0.32189402 0.9406118
vt 0.32403687 0.971076
vt 0.30639312 0.9474147
vt 0.31691605 0.97527164
vt 0.31074867 0.92941713
vt 0.28585872 0.92941713
vt 0.2817029 0.9578945
vt 0.28524673 0.9711287
vt 0.2736794 0.93883544
vt 0.2761113 0.96981305
vt 0.2786171 0.9805866
vt 0.32686394 0.9831512
vt 0.8502317 0.09393895
vt 0.84089494 0.100637555
vt 0.8329644 0.08836275
vt 0.85392964 0.085247755
vt 0.8646658 0.09431845
vt 0.8401427 0.07753056
vt 0.828233 0.07739079
vt 0.8546768 0.07020676
vt 0.8335617 0.06788802
vt 0.8684114 0.07864916
vt 0.8728329 0.061009407
vt 0.8660637 0.046515405
vt 0.8824142 0.06625736
vt 0.87711155 0.047637403
vt 0.8781012 0.085072756
vt 0.8908156 0.068719685
vt 0.8739278 0.100637555
vt 0.89116573 0.044695914
vt 0.87289685 0.030705154
vt 0.88260436 0.032988846
vt 0.8790384 0.01823163
vt 0.8530822 0.041570723
vt 0.8400071 0.055365086
vt 0.8277583 0.031654954
vt 0.8192959 0.0493837
vt 0.83984566 0.023528814
vt 0.8215405 0.007603705
vt 0.8064663 0.017704725
vt 0.8075689 0.0004553795
vt 0.8138617 0.069753885
vt 0.8189358 0.08157921
vt 0.8164845 0.05943054
vt 0.6662544 0.23670202
vt 0.6607079 0.23955387
vt 0.65427184 0.21265936
vt 0.6689435 0.25322342
vt 0.65163934 0.2282508
vt 0.65713817 0.24486327
vt 0.6638415 0.2656002
vt 0.66835207 0.2812212
vt 0.6638095 0.27900624
vt 0.6590505 0.3000911
vt 0.65163934 0.2856663
vt 0.9600441 0.98770493
vt 0.96288264 0.99772316
vt 0.97677594 0.9884609
vt 0.94945353 0.99772316
vt 0.45612964 0.23427457
vt 0.45218578 0.20524406
vt 0.45756525 0.22061837
vt 0.457235 0.20317328
vt 0.46542934 0.24084061
vt 0.47135177 0.25677496
vt 0.4739376 0.2512042
vt 0.48119727 0.26264703
vt 0.47782272 0.2691257
vt 0.45633638 0.1845231
vt 0.46667507 0.19784206
vt 0.47223574 0.18910557
vt 0.48132968 0.19199401
vt 0.48119727 0.18260473
vt 0.27610677 0.98503315
vt 0.26686043 0.99240816
vt 0.2809654 0.9931694
vt 0.25825188 0.98264277
vt 0.23808074 0.98873574
vt 0.2593039 0.97512513
vt 0.23865366 0.9740437
vt 0.22883686 0.9810223
vt 0.22090068 0.9931694
vt 0.22363457 0.97519624
vt 0.21539162 0.98593324
vt 0.8345904 0.63822675
vt 0.8259153 0.62632465
vt 0.840189 0.63136107
vt 0.84755766 0.63757575
vt 0.8547359 0.6225161
vt 0.8501997 0.6233235
vt 0.8508465 0.6132621
vt 0.83655244 0.5970714
vt 0.84318733 0.59150904
vt 0.8358807 0.60531265
vt 0.8403589 0.58144873
vt 0.84732634 0.5767893
vt 0.84774345 0.59805775
vt 0.8441109 0.60436785
vt 0.8453066 0.6085538
vt 0.8412498 0.573932
vt 0.8463258 0.56602913
vt 0.8392872 0.6074575
vt 0.8364037 0.6165714
vt 0.8281044 0.70247287
vt 0.84578305 0.6708009
vt 0.85115486 0.7065745
vt 0.8344236 0.71812385
vt 0.8379724 0.6769986
vt 0.82152545 0.6668645
vt 0.8543037 0.71671
vt 0.8185291 0.7115148
vt 0.8274425 0.63721454
vt 0.8266268 0.6304508
vt 0.8322666 0.6480411
vt 0.84422433 0.65566087
vt 0.8547359 0.65721875
vt 0.8137523 0.65035146
vt 0.8255587 0.6356932
vt 0.7312104 0.23570156
vt 0.72683716 0.242244
vt 0.7244991 0.2315318
vt 0.73178506 0.25182152
vt 0.73178506 0.22267759
vt 0.7718579 0.19865501
vt 0.7782332 0.2053734
vt 0.7782332 0.1971767
vt 0.9611084 0.56785065
vt 0.97040075 0.5765635
vt 0.96844035 0.58064246
vt 0.9570685 0.57470137
vt 0.95173186 0.5683486
vt 0.9452502 0.57349676
vt 0.9433347 0.56785065
vt 0.9440129 0.5808137
vt 0.94307834 0.5833333
vt 0.739071 0.22085607
vt 0.7325262 0.21517289
vt 0.73272127 0.21268749
vt 0.718747 0.21490216
vt 0.7224761 0.2108379
vt 0.71214426 0.21338606
vt 0.7108379 0.22085607
vt 0.6026546 0.33196723
vt 0.593368 0.32802463
vt 0.6033698 0.32356167
vt 0.5902753 0.31185436
vt 0.60330594 0.29849976
vt 0.58263266 0.29052436
vt 0.5916501 0.28003943
vt 0.5787796 0.30329978
vt 0.5814643 0.31386793
vt 0.5849295 0.32709646
vt 0.5913495 0.26639342
vt 0.6033698 0.27137017
vt 0.3784153 0.331492
vt 0.36853132 0.3410747
vt 0.36684194 0.33375013
vt 0.37282825 0.3168484
vt 0.36514977 0.3230741
vt 0.35746813 0.31471682
vt 0.36370757 0.30553746
vt 0.3771488 0.2963127
vt 0.36386743 0.29417545
vt 0.3784153 0.28460836
vt 0.90123457 0.9922373
vt 0.89810956 0.97957855
vt 0.9102045 0.9831334
vt 0.9158599 0.9737965
vt 0.9212204 0.9805723
vt 0.88953996 0.9796116
vt 0.882969 0.9940801
vt 0.9175272 0.9940801
vt 0.89852506 0.973411
vt 0.91244656 0.9667577
vt 0.361055 0.9798661
vt 0.36673027 0.9640255
vt 0.34927142 0.98271036
vt 0.36967653 0.9939249
vt 0.3779908 0.9817352
vt 0.35349205 0.99772316
vt 0.38837108 0.99772316
vt 0.38843352 0.96903515
vt 0.92577416 0.60746515
vt 0.915159 0.59586567
vt 0.91759384 0.59153
vt 0.9139344 0.60515016
vt 0.91720086 0.61192435
vt 0.9139344 0.6197632
vt 0.39298725 0.36384332
vt 0.39298725 0.33743167
vt 0.38464284 0.344625
vt 0.3765742 0.35990882
vt 0.37204006 0.35332108
vt 0.5872271 0.9042128
vt 0.59596056 0.9030055
vt 0.583875 0.9217551
vt 0.5954571 0.92872584
vt 0.6216986 0.90839404
vt 0.5824226 0.94068193
vt 0.5905749 0.95419204
vt 0.6094081 0.9545595
vt 0.61005074 0.9654601
vt 0.59109783 0.9667577
vt 0.6234418 0.96004796
vt 0.6331268 0.947579
vt 0.6396133 0.95318615
vt 0.6413684 0.94459534
vt 0.6442271 0.9396753
vt 0.64617485 0.94715345
vt 0.6370725 0.9310525
vt 0.64617485 0.9250418
vt 0.80173594 0.31300634
vt 0.80973655 0.3150015
vt 0.8059181 0.32646358
vt 0.8048931 0.28584886
vt 0.79488444 0.30200362
vt 0.79771847 0.29030526
vt 0.7904647 0.30992907
vt 0.7902898 0.32072717
vt 0.7909326 0.305282
vt 0.7800597 0.30282557
vt 0.7915644 0.29963732
vt 0.77128273 0.3213817
vt 0.75945807 0.294006
vt 0.7735606 0.2854098
vt 0.7345487 0.29682308
vt 0.75587595 0.28673887
vt 0.7438984 0.32016516
vt 0.7209253 0.31863558
vt 0.72503746 0.32650274
vt 0.71530354 0.2914443
vt 0.70665777 0.30962658
vt 0.72418565 0.2744131
vt 0.73677415 0.27644318
vt 0.7165688 0.28340483
vt 0.71267134 0.28688633
vt 0.7375682 0.25064284
vt 0.7537402 0.2566337
vt 0.7581498 0.25202173
vt 0.7584299 0.27669418
vt 0.7597467 0.2578079
vt 0.7804322 0.27483654
vt 0.764288 0.26647818
vt 0.7944105 0.2821489
vt 0.7794444 0.2477991
vt 0.7974325 0.24714422
vt 0.81263113 0.25379872
vt 0.7885466 0.2239722
vt 0.8074085 0.2163024
vt 0.77298075 0.22315371
vt 0.7641684 0.23604965
vt 0.7547379 0.22446609
vt 0.73707974 0.23353142
vt 0.7403105 0.222983
vt 0.775506 0.25588953
vt 0.76727253 0.25597775
vt 0.81466305 0.23718214
vt 0.76294136 0.25847673
vt 0.70446265 0.32646358
vt 0.8000843 0.32199812
vt 0.31466302 0.23252982
vt 0.32468125 0.22267759
vt 0.32468125 0.236853
vt 0.31700733 0.23774534
vt 0.3224862 0.24180329
vt 0.9754923 0.82435346
vt 0.9648483 0.83037114
vt 0.96834296 0.8214667
vt 0.9583726 0.82476526
vt 0.9617572 0.81599534
vt 0.9517998 0.82934326
vt 0.95380706 0.8227972
vt 0.9376155 0.8220441
vt 0.937127 0.8072733
vt 0.9561666 0.8023397
vt 0.9248634 0.8018805
vt 0.9758652 0.83469945
vt 0.9452007 0.7844353
vt 0.96307296 0.7899263
vt 0.96484876 0.77393806
vt 0.93836194 0.77094716
vt 0.9758652 0.78090644
vt 0.08385822 0.95694387
vt 0.08569953 0.9515959
vt 0.0936209 0.95323515
vt 0.0811195 0.92341375
vt 0.12288275 0.9360949
vt 0.08749616 0.9397891
vt 0.09037704 0.90892535
vt 0.11277833 0.90847
vt 0.10782591 0.95068884
vt 0.12398052 0.95354813
vt 0.07968969 0.94419396
vt 0.117050655 0.96157455
vt 0.11689525 0.97040075
vt 0.13069217 0.96687657
vt 0.07974834 0.9612508
vt 0.08880353 0.95889753
vt 0.07439098 0.9599883
vt 0.068761386 0.9687273
vt 0.07586341 0.97040075
vt 0.9298627 0.49107718
vt 0.93229383 0.5004554
vt 0.9077758 0.4914915
vt 0.944432 0.49301946
vt 0.910558 0.48133874
vt 0.8982694 0.47529757
vt 0.92852473 0.4792508
vt 0.9153471 0.47498333
vt 0.9091048 0.4597507
vt 0.89727855 0.45496976
vt 0.89025503 0.472795
vt 0.91012526 0.43527555
vt 0.9213727 0.43885875
vt 0.9304461 0.4303279
vt 0.9153251 0.45048678
vt 0.9228534 0.4508546
vt 0.93852395 0.4498105
vt 0.9458387 0.4307599
vt 0.9598972 0.45561415
vt 0.9573155 0.47086918
vt 0.9486742 0.47632748
vt 0.9559158 0.48366606
vt 0.9380565 0.4739529
vt 0.947531 0.5004554
vt 0.9603825 0.487666
vt 0.9682914 0.52407366
vt 0.9725635 0.5274212
vt 0.96287084 0.5308543
vt 0.9742576 0.51977694
vt 0.97898066 0.5352423
vt 0.97132283 0.51396453
vt 0.98067474 0.51601046
vt 0.97529274 0.50634646
vt 0.9677507 0.50045615
vt 0.9646394 0.5087801
vt 0.95765024 0.5124433
vt 0.96342963 0.49236172
vt 0.9624933 0.5136712
vt 0.9714262 0.48240054
vt 0.97046 0.4737414
vt 0.962592 0.47320557
vt 0.967035 0.46322536
vt 0.96143943 0.45770383
vt 0.9679857 0.45218575
vt 0.97309583 0.46097732
vt 0.97372067 0.4657513
vt 0.98406196 0.4721653
vt 0.98406196 0.5203839
vt 0.97517425 0.537796
vt 0.42679083 0.24863058
vt 0.43193874 0.24076796
vt 0.4314361 0.24658686
vt 0.42395264 0.23816031
vt 0.4297438 0.25234187
vt 0.43761384 0.2466321
vt 0.42395264 0.25273228
vt 0.43032786 0.3082878
vt 0.4248634 0.3285948
vt 0.43032786 0.3337887
vt 0.774505 0.20810568
vt 0.7855191 0.20810568
vt 0.7789942 0.21539164
vt 0.7744729 0.2146768
vt 0.76821494 0.2122103
vt 0.3957195 0.8656828
vt 0.3957195 0.886612
vt 0.38834772 0.8665313
vt 0.38296902 0.87880653
vt 0.38703024 0.8556466
vt 0.031991303 0.71464825
vt 0.03642442 0.69926137
vt 0.042375375 0.6991645
vt 0.049885284 0.68618596
vt 0.040247772 0.68813914
vt 0.049082994 0.6790215
vt 0.058743168 0.6841558
vt 0.05443905 0.67014354
vt 0.038481392 0.6704518
vt 0.046841323 0.66256833
vt 0.030862555 0.6628103
vt 0.03346869 0.6831727
vt 0.01968867 0.6683522
vt 0.025616113 0.67358685
vt 0.027512923 0.674797
vt 0.016848816 0.6785849
vt 0.018570926 0.6916475
vt 0.03801908 0.6892585
vt 0.058743156 0.66428053
vt 0.03484851 0.6961577
vt 0.023922881 0.7326958
vt 0.13706739 0.6880692
vt 0.15255009 0.6880692
vt 0.14649911 0.69626594
vt 0.14328697 0.6689435
vt 0.15372387 0.66256833
vt 0.15892532 0.6689435
vt 0.13797814 0.6655935
vt 0.022726472 0.7527322
vt 0.03233151 0.74271405
vt 0.031002803 0.75059676
vt 0.019581057 0.74271405
vt 0.33548918 0.7342306
vt 0.29826957 0.7303107
vt 0.31109303 0.71832484
vt 0.3393535 0.7112689
vt 0.2982832 0.7114293
vt 0.36919045 0.7164579
vt 0.38878757 0.73542804
vt 0.3867197 0.71658283
vt 0.40375727 0.7228422
vt 0.43052858 0.7109511
vt 0.4290534 0.73125494
vt 0.36446586 0.70232487
vt 0.37806228 0.69951415
vt 0.47319856 0.71993953
vt 0.46470574 0.7121752
vt 0.44923034 0.70435524
vt 0.45685765 0.7003756
vt 0.4753416 0.69559
vt 0.50313973 0.69556046
vt 0.507901 0.7143882
vt 0.50956285 0.73542804
vt 0.4572789 0.6917122
vt 0.49891376 0.8066331
vt 0.51014537 0.8190396
vt 0.5045154 0.8273666
vt 0.5075639 0.79826957
vt 0.49408016 0.80125874
vt 0.5130573 0.83303916
vt 0.5046722 0.84243184
vt 0.519619 0.8239406
vt 0.5259563 0.83511245
vt 0.51247984 0.8460545
vt 0.49408016 0.86020035
vt 0.5150101 0.6943149
vt 0.50956285 0.69757605
vt 0.51111305 0.6920027
vt 0.52105755 0.73461163
vt 0.552943 0.7145744
vt 0.56625044 0.7329414
vt 0.5420111 0.75516415
vt 0.57064813 0.71029866
vt 0.5252823 0.70642823
vt 0.54080904 0.6963011
vt 0.5655519 0.75067097
vt 0.5850793 0.74018806
vt 0.5898848 0.7292817
vt 0.5872238 0.71377856
vt 0.5177691 0.75578564
vt 0.512881 0.7108714
vt 0.51244557 0.68533695
vt 0.5238087 0.7632403
vt 0.5151408 0.76409745
vt 0.54241455 0.7658677
vt 0.55771494 0.75959194
vt 0.6071874 0.72303164
vt 0.5197668 0.77433354
vt 0.5441291 0.7810074
vt 0.5772079 0.8115031
vt 0.5736331 0.81284153
vt 0.57497746 0.8112603
vt 0.57114106 0.81258637
vt 0.57038325 0.81058514
vt 0.57664186 0.8041378
vt 0.56914693 0.8109673
vt 0.57709265 0.8098384
vt 0.5668799 0.8095294
vt 0.5783003 0.7918656
vt 0.5623662 0.79478824
vt 0.5637699 0.7862617
vt 0.58944654 0.7964149
vt 0.5795753 0.81085503
vt 0.5581604 0.7805448
vt 0.52453685 0.7929691
vt 0.54901975 0.80530405
vt 0.53153056 0.8067636
vt 0.50956285 0.8026845
vt 0.56431305 0.808003
vt 0.5106067 0.79236495
vt 0.58944994 0.78903604
vt 0.613388 0.7979864
vt 0.36391145 0.25596917
vt 0.3647541 0.260929
vt 0.36020038 0.25945342
vt 0.36020038 0.25364298
vt 0.1507286 0.69626594
vt 0.16621129 0.69626594
vt 0.1559319 0.68715847
vt 0.16129836 0.6902976
vt 0.390184 0.55771863
vt 0.38184005 0.56744844
vt 0.37184677 0.55573887
vt 0.36555645 0.56567097
vt 0.4010642 0.5585147
vt 0.37545428 0.5783508
vt 0.39728883 0.56936795
vt 0.39294404 0.579263
vt 0.38681304 0.28698105
vt 0.3983416 0.28698575
vt 0.40093914 0.2908677
vt 0.40955362 0.286353
vt 0.41432586 0.2949471
vt 0.39035425 0.29528594
vt 0.40349805 0.29882997
vt 0.3901685 0.30461466
vt 0.39390314 0.3102175
vt 0.38246018 0.3154518
vt 0.3913327 0.31984317
vt 0.4068346 0.307472
vt 0.42212418 0.30327117
vt 0.41281015 0.3290428
vt 0.4148735 0.33810735
vt 0.3967365 0.33032393
vt 0.4224212 0.33332038
vt 0.41167164 0.3189621
vt 0.42106113 0.32660115
vt 0.41947678 0.31319547
vt 0.42577413 0.3172388
vt 0.3988968 0.43377054
vt 0.40937766 0.41642618
vt 0.4053751 0.44345516
vt 0.38675642 0.47116458
vt 0.38683823 0.42887735
vt 0.41031128 0.40596116
vt 0.39229596 0.39422667
vt 0.40640995 0.38487065
vt 0.39526656 0.35971373
vt 0.4140027 0.36650503
vt 0.41859856 0.3851024
vt 0.40423816 0.46817368
vt 0.39858964 0.48324
vt 0.37540954 0.5014689
vt 0.39947417 0.5124512
vt 0.3854265 0.54259276
vt 0.41623637 0.39387888
vt 0.37750906 0.3036027
vt 0.4001421 0.54463375
vt 0.39640653 0.6195268
vt 0.4025148 0.62613845
vt 0.36384335 0.6229331
vt 0.37461254 0.6126141
vt 0.37882835 0.6010163
vt 0.39460388 0.6030249
vt 0.39968723 0.5959077
vt 0.4110256 0.6000153
vt 0.40915832 0.6061953
vt 0.3800005 0.5874674
vt 0.40516338 0.5902828
vt 0.37738723 0.23716092
vt 0.37982208 0.20870191
vt 0.3911244 0.23056412
vt 0.38591766 0.25638092
vt 0.39141563 0.20427501
vt 0.38558298 0.19034135
vt 0.36985964 0.19183236
vt 0.39452004 0.17527592
vt 0.3696329 0.1758694
vt 0.388583 0.1587857
vt 0.36384335 0.1631934
vt 0.41520843 0.15346086
vt 0.4001003 0.2542745
vt 0.39773664 0.27092254
vt 0.40036988 0.19941902
vt 0.40316877 0.1883632
vt 0.40354422 0.22026724
vt 0.40516737 0.22774273
vt 0.40778065 0.23965603
vt 0.40964273 0.2677362
vt 0.37599793 0.26256245
vt 0.38387978 0.25910747
vt 0.38042054 0.2645719
vt 0.37568307 0.25910747
vt 0.021027118 0.3164845
vt 0.007741348 0.30921507
vt 0.014823193 0.30046642
vt 0.043260474 0.30436665
vt 0.032797657 0.29813886
vt 0.043240305 0.2945069
vt 0.012653156 0.2767359
vt 0.04024955 0.26925635
vt 0.023076339 0.2581349
vt 0.034014836 0.24719459
vt 0.007741348 0.25840157
vt 0.010948834 0.24859667
vt 0.023740679 0.23178506
vt 0.16907483 0.9755777
vt 0.18715847 0.96265006
vt 0.18391475 0.9849269
vt 0.18208702 0.9476321
vt 0.17637724 0.9940801
vt 0.1529426 0.99251
vt 0.14489457 0.97396433
vt 0.15017381 0.9496738
vt 0.14033867 0.98744035
vt 0.13408911 0.9638705
vt 0.14007166 0.9495643
vt 0.13069217 0.9476321
vt 0.4157919 0.9406001
vt 0.41939938 0.92474014
vt 0.43720683 0.92441183
vt 0.39937097 0.9343745
vt 0.4410459 0.93447137
vt 0.44398907 0.9193989
vt 0.43752134 0.95917046
vt 0.41013196 0.9651961
vt 0.39356366 0.94920206
vt 0.4232716 0.9792335
vt 0.44398904 0.9804189
vt 0.40148252 0.9803112
vt 0.39487064 0.9683671
vt 0.38661203 0.94610286
vt 0.117136106 0.7007349
vt 0.12466336 0.7071949
vt 0.11220821 0.7034603
vt 0.11065574 0.6953552
vt 0.12683886 0.69698656
vt 0.123758 0.7035952
vt 0.13433516 0.6953552
vt 0.67385566 0.25360632
vt 0.6725865 0.2436248
vt 0.6795409 0.2500006
vt 0.6821677 0.2436248
vt 0.68636805 0.2616334
vt 0.6861095 0.26548266
vt 0.6962772 0.2645086
vt 0.6921333 0.25029576
vt 0.69461787 0.24663371
vt 0.69808745 0.25406897
vt 0.4209215 0.40209472
vt 0.41484517 0.40664846
vt 0.4266849 0.40664846
vt 0.44592655 0.054780602
vt 0.4531436 0.06354976
vt 0.44159448 0.061932027
vt 0.4629949 0.053337514
vt 0.43170282 0.056212604
vt 0.4418162 0.036323667
vt 0.4288926 0.06275195
vt 0.4161726 0.060719073
vt 0.42231542 0.05257404
vt 0.4039162 0.045885324
vt 0.429309 0.04117006
vt 0.4121047 0.037772
vt 0.4294485 0.028080702
vt 0.43622223 0.025713444
vt 0.4199992 0.02660054
vt 0.41307995 0.031410933
vt 0.4057507 0.03236568
vt 0.4510879 0.026971579
vt 0.45007712 0.03911227
vt 0.47839156 0.022455156
vt 0.47076398 0.009803116
vt 0.4777981 0.050213397
vt 0.47899505 0.06042868
vt 0.46693313 0.062152684
vt 0.46010026 0.012861609
vt 0.47963965 0.0038345456
vt 0.4683232 0.0004553795
vt 0.4889017 0.009575963
vt 0.417913 0.20724428
vt 0.4039162 0.19438362
vt 0.4297757 0.2077226
vt 0.43024832 0.1975354
vt 0.42994934 0.18311524
vt 0.41939017 0.14801174
vt 0.4362361 0.14084554
vt 0.43726224 0.12225741
vt 0.41910046 0.11016017
vt 0.43356523 0.10491443
vt 0.46173173 0.127725
vt 0.41955933 0.07634044
vt 0.43133193 0.08215225
vt 0.4444326 0.07687783
vt 0.45310435 0.10358274
vt 0.4633648 0.13733411
vt 0.47690058 0.14712375
vt 0.46640658 0.15083462
vt 0.4736506 0.16180861
vt 0.45606515 0.14211226
vt 0.45119995 0.13259709
vt 0.4144492 0.06239003
vt 0.43630922 0.24152315
vt 0.4425648 0.22495449
vt 0.44907004 0.2554645
vt 0.43066517 0.22180325
vt 0.4642373 0.15974891
vt 0.46957758 0.1677683
vt 0.48010975 0.17602599
vt 0.486335 0.17194003
vt 0.4931694 0.18594295
vt 0.43123862 0.75455374
vt 0.4125293 0.74362475
vt 0.40664846 0.75455374
vt 0.81284153 0.068923
vt 0.805656 0.07848257
vt 0.80729926 0.06418908
vt 0.80292284 0.06977773
vt 0.79390806 0.078856945
vt 0.80075526 0.055469215
vt 0.78612214 0.059582412
vt 0.78933096 0.0400393
vt 0.7704433 0.04249811
vt 0.7973591 0.04062742
vt 0.7840517 0.021609366
vt 0.75865513 0.03537941
vt 0.74905634 0.065191925
vt 0.73322874 0.0478369
vt 0.73745745 0.06332624
vt 0.7180815 0.055895984
vt 0.7219222 0.08012098
vt 0.72723144 0.08454007
vt 0.7095759 0.064427614
vt 0.71157795 0.08044839
vt 0.71935445 0.0942623
vt 0.7035519 0.06798679
vt 0.77148217 0.05807638
vt 0.7638273 0.07515699
vt 0.7837627 0.071632564
vt 0.79707015 0.0942623
vt 0.742397 0.07647306
vt 0.76560545 0.017680764
vt 0.7837035 0.007762432
vt 0.74442136 0.030543745
vt 0.7530231 0.01566416
vt 0.7446163 0.017885745
vt 0.76071966 0.0034442544
vt 0.77464545 0.0016288161
vt 0.7326469 0.026002347
vt 0.72265375 0.040679097
vt 0.7231103 0.025671482
vt 0.75095785 0.0004553795
vt 0.35313454 0.6689435
vt 0.36566484 0.6835155
vt 0.34198543 0.6835155
vt 0.34508076 0.31638587
vt 0.35872197 0.33241045
vt 0.3475848 0.33813834
vt 0.3285465 0.33127737
vt 0.3402399 0.3433283
vt 0.3248033 0.30261862
vt 0.35302544 0.28848392
vt 0.30101946 0.32170212
vt 0.28049055 0.2948873
vt 0.31260937 0.27152574
vt 0.2816815 0.32626957
vt 0.2913983 0.33260107
vt 0.2592557 0.31936586
vt 0.21938363 0.29436684
vt 0.2539455 0.25962853
vt 0.19966887 0.2505703
vt 0.27391276 0.23885089
vt 0.23772468 0.20729965
vt 0.3104664 0.23552966
vt 0.2767921 0.19976836
vt 0.34048793 0.26272506
vt 0.317817 0.19835603
vt 0.26091397 0.15415114
vt 0.22693916 0.16950822
vt 0.3095922 0.15955615
vt 0.27159327 0.11279273
vt 0.21581313 0.11795181
vt 0.307321 0.08631867
vt 0.28418693 0.06433594
vt 0.32758665 0.05807364
vt 0.24439749 0.061873257
vt 0.24026091 0.023801327
vt 0.1958376 0.06604469
vt 0.16916858 0.10862166
vt 0.1644113 0.045108438
vt 0.1863655 0.16872984
vt 0.12024265 0.18572283
vt 0.17180823 0.20446056
vt 0.116997235 0.14365107
vt 0.119978994 0.08737332
vt 0.08598395 0.16362792
vt 0.087854065 0.12210846
vt 0.09550438 0.22119278
vt 0.13759477 0.24880779
vt 0.09193127 0.26016665
vt 0.108407 0.30524796
vt 0.11516369 0.31628013
vt 0.17565016 0.31100112
vt 0.094265446 0.32775396
vt 0.10716561 0.33375508
vt 0.1876292 0.28145516
vt 0.20368108 0.2088086
vt 0.0819997 0.088695884
vt 0.10394451 0.05234438
vt 0.059268262 0.101478934
vt 0.06089876 0.091018915
vt 0.06006044 0.07979524
vt 0.054561358 0.09910643
vt 0.049080767 0.090676725
vt 0.050564233 0.08399099
vt 0.03840213 0.08480859
vt 0.050926387 0.069153786
vt 0.043739676 0.078577995
vt 0.06656217 0.06367868
vt 0.052497026 0.06166655
vt 0.044822488 0.06286931
vt 0.041514743 0.07195753
vt 0.033767324 0.07950896
vt 0.037844606 0.09594661
vt 0.02366229 0.092110336
vt 0.14235926 0.06289452
vt 0.28332427 0.016897976
vt 0.24942498 0.0004553795
vt 0.31736127 0.026617289
vt 0.36040947 0.034324884
vt 0.36107683 0.008685708
vt 0.38843352 0.007090032
vt 0.28636605 0.3387593
vt 0.2742211 0.33222604
vt 0.2655516 0.33986515
vt 0.046702188 0.10840869
vt 0.28284198 0.3571862
vt 0.2844357 0.37267566
vt 0.27602956 0.3736974
vt 0.3023994 0.37359673
vt 0.31172496 0.36119968
vt 0.2900985 0.34706485
vt 0.3296021 0.3770479
vt 0.3392176 0.36706817
vt 0.33735353 0.35431522
vt 0.3486398 0.38334036
vt 0.3534049 0.37435246
vt 0.35247916 0.35678434
vt 0.35893098 0.3872397
vt 0.3741502 0.38103056
vt 0.3683924 0.36745524
vt 0.35477272 0.35720658
vt 0.38091627 0.37213367
vt 0.37329033 0.36100185
vt 0.38787368 0.38843352
vt 0.35444546 0.34644973
vt 0.34305087 0.3464787
vt 0.32150617 0.34646785
vt 0.36306757 0.35835767
vt 0.36672062 0.35191023
vt 0.042054538 0.11181712
vt 0.028847035 0.120675266
vt 0.036835387 0.14470106
vt 0.016008694 0.100367546
vt 0.006166779 0.09738743
vt 0.016697582 0.14298767
vt 0.042046692 0.17661
vt 0.054288693 0.16647232
vt 0.030454542 0.19147468
vt 0.042087052 0.20695227
vt 0.054862056 0.22560823
vt 0.03976807 0.23605096
vt 0.05697901 0.26586008
vt 0.07175312 0.27029788
vt 0.045791723 0.29606175
vt 0.07493238 0.31739068
vt 0.057301804 0.34095943
vt 0.07900724 0.33752966
vt 0.08347501 0.30199558
vt 0.069060154 0.22362173
vt 0.059633132 0.19460452
vt 0.05373055 0.14265418
vt 0.010964188 0.080198646
vt 0.0004553734 0.112054944
vt 0.022776928 0.077204585
vt 0.021418812 0.071448386
vt 0.009257786 0.07311821
vt 0.07888847 0.35833275
vt 0.088711746 0.35876906
vt 0.08368884 0.36923617
vt 0.082937784 0.35369563
vt 0.09006196 0.36765665
vt 0.09727546 0.36091715
vt 0.092197835 0.35208416
vt 0.08606208 0.34969294
vt 0.096711494 0.35027182
vt 0.11068424 0.35525334
vt 0.09235824 0.34727883
vt 0.09717334 0.34049058
vt 0.089142784 0.34259385
vt 0.101751365 0.3458115
vt 0.08850823 0.33520746
vt 0.07971108 0.34570658
vt 0.07460721 0.33991766
vt 0.06573852 0.35282266
vt 0.06761033 0.35733318
vt 0.066675015 0.3475939
vt 0.056665752 0.35025853
vt 0.056969672 0.35725278
vt 0.062366027 0.34290254
vt 0.05208745 0.35552442
vt 0.051127657 0.36282885
vt 0.06076742 0.36045468
vt 0.10362446 0.34357053
vt 0.10825962 0.36802077
vt 0.12795971 0.36326826
vt 0.068102226 0.38064396
vt 0.059473924 0.38843352
vt 0.054814693 0.385696
vt 0.076504156 0.38077718
vt 0.06603632 0.36808205
vt 0.05490691 0.37416148
vt 0.07721467 0.37424105
vt 0.08952425 0.37366784
vt 0.0911241 0.37030184
vt 0.05797707 0.3672315
vt 0.05089238 0.37310284
vt 0.12699543 0.3436818
vt 0.14891072 0.34481823
vt 0.14358757 0.36162484
vt 0.15358673 0.35793334
vt 0.17781654 0.35346723
vt 0.19863743 0.33089888
vt 0.21305741 0.347906
vt 0.23009528 0.33569217
vt 0.22167139 0.36302876
vt 0.24909645 0.36226606
vt 0.23785025 0.34630942
vt 0.262158 0.35436583
vt 0.27313682 0.35343707
vt 0.28132436 0.34050584
vt 0.26402396 0.36795568
vt 0.5427899 0.962204
vt 0.52142376 0.96410245
vt 0.53434986 0.9729323
vt 0.5744318 0.971246
vt 0.55700064 0.9886157
vt 0.53438455 0.9862852
vt 0.5860656 0.9808481
vt 0.52140254 0.9886157
vt 0.5661852 0.39395964
vt 0.5532787 0.38471353
vt 0.5666132 0.38205826
vt 0.5548466 0.39936244
vt 0.5733604 0.39325273
vt 0.5815639 0.3966908
vt 0.5848464 0.39000034
vt 0.5711782 0.39936244
vt 0.5906193 0.39028716
vt 0.92669064 0.32468128
vt 0.91260177 0.32468128
vt 0.91693354 0.31463504
vt 0.9076744 0.3103174
vt 0.90118396 0.29712903
vt 0.9164667 0.2964481
vt 0.9312386 0.30210984
vt 0.91148186 0.14228368
vt 0.9203464 0.13352019
vt 0.9149974 0.14769977
vt 0.92295456 0.14566743
vt 0.90375954 0.13171506
vt 0.9077971 0.14346677
vt 0.9341195 0.13594139
vt 0.9307446 0.15798259
vt 0.9370711 0.1515696
vt 0.9367099 0.16803277
vt 0.92099804 0.1205889
vt 0.9436877 0.13189596
vt 0.9098405 0.15345627
vt 0.90337014 0.12162799
vt 0.9160094 0.16004026
vt 0.9439891 0.1141485
vt 0.92715204 0.11124027
vt 0.9436877 0.09699452
vt 0.926521 0.09873158
vt 0.92014074 0.1080485
vt 0.9198279 0.10392982
vt 0.91279954 0.11344868
vt 0.91832453 0.09957999
vt 0.91291314 0.1027782
vt 0.8983702 0.13641942
vt 0.8838848 0.13053834
vt 0.8839894 0.113447964
vt 0.89065707 0.106289685
vt 0.9077282 0.10263735
vt 0.8729508 0.12257743
vt 0.87402457 0.10674775
vt 0.8950678 0.14626026
vt 0.8775798 0.099663675
vt 0.90893763 0.11024946
vt 0.7949328 0.111566484
vt 0.7991803 0.120673954
vt 0.79007286 0.120673954
vt 0.3183967 0.76046854
vt 0.29371583 0.7535007
vt 0.33639443 0.7441878
vt 0.33082455 0.7587899
vt 0.3273917 0.77300954
vt 0.34322664 0.7585341
vt 0.33513665 0.76562756
vt 0.35127035 0.73724955
vt 0.3674009 0.7637706
vt 0.35542783 0.7779324
vt 0.36920768 0.784008
vt 0.3418452 0.77798873
vt 0.3458387 0.7839567
vt 0.33623698 0.7702313
vt 0.3307903 0.8003077
vt 0.35146078 0.8043903
vt 0.31841952 0.8009739
vt 0.32977372 0.8182179
vt 0.31293422 0.78038335
vt 0.3001699 0.76668036
vt 0.31651068 0.8183007
vt 0.31311303 0.83270997
vt 0.32931125 0.83024025
vt 0.30121574 0.8272
vt 0.30894634 0.84237564
vt 0.29520938 0.833439
vt 0.3187988 0.84562844
vt 0.32868913 0.8359172
vt 0.29371583 0.830953
vt 0.33705673 0.8202205
vt 0.3363756 0.82499224
vt 0.34172606 0.81672424
vt 0.3503866 0.82274187
vt 0.33131284 0.8311854
vt 0.3820583 0.77497256
vt 0.79084784 0.1716758
vt 0.79027355 0.17700344
vt 0.8028233 0.18260473
vt 0.7804202 0.17391157
vt 0.7777162 0.18260473
vt 0.7727687 0.18170404
vt 0.117941715 0.74544626
vt 0.100637525 0.74544626
vt 0.11109403 0.7518215
vt 0.007313699 0.76275045
vt 0.006848155 0.76415354
vt 0.0040983604 0.7631799
vt 0.0078891935 0.76449007
vt 0.0104735885 0.7631799
vt 0.008980876 0.76457196
vt 0.002276867 0.78176594
vt 0.0023737308 0.77641165
vt 0.0040983604 0.7809151
vt 0.002373709 0.7946266
vt 0.006830601 0.75637525
vt 0.0013661202 0.75637525
vt 0.004089842 0.7579083
vt 0.005593014 0.7581967
vt 0.016848816 0.8201275
vt 0.008272185 0.81102
vt 0.0013661202 0.8201275
vt 0.017513776 0.9864597
vt 0.009479238 0.98105633
vt 0.014777033 0.97215873
vt 0.0012933791 0.9741942
vt 0.031958684 0.97712207
vt 0.028615102 0.97980237
vt 0.041084062 0.9895264
vt 0.045545835 0.95802885
vt 0.050453193 0.96827614
vt 0.018805593 0.9613504
vt 0.050633978 0.9827912
vt 0.05957612 0.9655765
vt 0.0339735 0.95021254
vt 0.046533875 0.94307834
vt 0.065118395 0.95032674
vt 0.019679777 0.9446844
vt 0.007947142 0.96378624
vt 0.008344053 0.9757449
vt 0.011093041 0.9821965
vt 0.0004553734 0.9752273
vt 0.0013185799 0.98603386
vt 0.017672963 0.9895264
vt 0.35580286 0.63134736
vt 0.36859268 0.6398769
vt 0.34694362 0.6383342
vt 0.37009093 0.6490171
vt 0.34329954 0.6247597
vt 0.35724008 0.6211011
vt 0.34198546 0.60227334
vt 0.35484162 0.5722947
vt 0.3430776 0.5595965
vt 0.34806347 0.5308339
vt 0.36333454 0.5445721
vt 0.3625886 0.5059423
vt 0.35218212 0.5006574
vt 0.3663386 0.47349882
vt 0.3525298 0.45612133
vt 0.36938873 0.44058108
vt 0.35839644 0.4141854
vt 0.37312102 0.41190934
vt 0.36104992 0.39595258
vt 0.35378695 0.39986235
vt 0.38843352 0.40067065
vt 0.37044853 0.38754392
vt 0.34507915 0.39238083
vt 0.34198543 0.38296902
vt 0.35115278 0.65677094
vt 0.3651456 0.66111404
vt 0.35814625 0.67076504
vt 0.020526074 0.0016878247
vt 0.030679908 0.015521526
vt 0.019581057 0.012931824
vt 0.02178231 0.023562074
vt 0.030254621 0.03796953
vt 0.04664688 0.043079138
vt 0.04256371 0.023543239
vt 0.04372513 0.008643448
vt 0.053710215 0.035169005
vt 0.051737744 0.04781419
vt 0.05403247 0.015766978
vt 0.061367653 0.0356732
vt 0.062155426 0.0041121244
vt 0.07585073 0.018304884
vt 0.07347214 0.003255427
vt 0.10181223 0.03809166
vt 0.10689168 0.025353253
vt 0.13071713 0.022838473
vt 0.094765596 0.0074587464
vt 0.12681176 0.008287251
vt 0.14294934 0.017512918
vt 0.13554165 0.036940217
vt 0.13967302 0.0032343864
vt 0.14786248 0.005769551
vt 0.17064258 0.008867145
vt 0.16882804 0.022924542
vt 0.1819148 0.01316601
vt 0.16828814 0.03414488
vt 0.18234019 0.028592765
vt 0.1869613 0.020989895
vt 0.18874629 0.03397709
vt 0.19249877 0.0013661385
vt 0.20467322 0.022361457
vt 0.21745804 0.011331856
vt 0.21994536 0.030106306
vt 0.21422903 0.034377277
vt 0.21781051 0.03787911
vt 0.17895848 0.042786658
vt 0.036331385 0.008604467
vt 0.027117953 0.0013661385
vt 0.89822924 0.7236184
vt 0.9050921 0.7494621
vt 0.8884335 0.73627365
vt 0.9224543 0.743069
vt 0.9286678 0.7633286
vt 0.9216943 0.7292659
vt 0.9168024 0.70942265
vt 0.9305586 0.7327804
vt 0.9401742 0.7451536
vt 0.92733103 0.7215481
vt 0.9403909 0.729306
vt 0.9343772 0.7092258
vt 0.925079 0.70320046
vt 0.93668884 0.71715283
vt 0.94617176 0.69768566
vt 0.9385916 0.6959265
vt 0.95309657 0.6935337
vt 0.9171713 0.70028687
vt 0.9243896 0.6940704
vt 0.9035058 0.70618963
vt 0.9511124 0.75856215
vt 0.93765265 0.75878865
vt 0.95309657 0.76821494
vt 0.91511697 0.7632917
vt 0.30821222 0.4791901
vt 0.31557378 0.4913479
vt 0.3064663 0.4892379
vt 0.31557378 0.4722222
vt 0.19061065 0.31641018
vt 0.17637914 0.32741344
vt 0.17076503 0.31826472
vt 0.19192928 0.3101077
vt 0.2100865 0.30555558
vt 0.21048146 0.32524335
vt 0.19147655 0.3260194
vt 0.2163829 0.31408876
vt 0.22299679 0.31894052
vt 0.22472778 0.32347977
vt 0.22564718 0.32198197
vt 0.22523579 0.32741344
vt 0.22905283 0.32353926
vt 0.9686766 0.43220288
vt 0.9817844 0.4339248
vt 0.97366774 0.4494536
vt 0.98320246 0.41287386
vt 0.9733939 0.41411722
vt 0.97535056 0.4045822
vt 0.96311474 0.4199083
vt 0.96520185 0.40421343
vt 0.9647452 0.39532697
vt 0.976066 0.3875569
vt 0.96311474 0.39040077
vt 0.9858834 0.39132965
vt 0.9799429 0.37568307
vt 0.9660999 0.37592196
vt 0.079690345 0.12531585
vt 0.07264398 0.12544549
vt 0.0687614 0.110655725
vt 0.077804185 0.13051766
vt 0.068761386 0.14344263
vt 0.06934564 0.13487524
vt 0.0782349 0.14137805
vt 0.0171302 0.38825452
vt 0.0004553734 0.38355792
vt 0.0058361674 0.36633873
vt 0.00499635 0.39629555
vt 0.015588201 0.37322474
vt 0.024458561 0.37117732
vt 0.028489243 0.38529563
vt 0.028735552 0.39647567
vt 0.038703877 0.39156026
vt 0.05007148 0.39298373
vt 0.048123468 0.40320063
vt 0.062804505 0.39820606
vt 0.05529382 0.38916767
vt 0.0644971 0.42517346
vt 0.1374421 0.42074537
vt 0.13549891 0.46274137
vt 0.18437643 0.4372462
vt 0.07386802 0.4555701
vt 0.09043915 0.508062
vt 0.045746546 0.4663962
vt 0.052628007 0.491758
vt 0.048744798 0.5023198
vt 0.06470088 0.52498645
vt 0.105455466 0.5576836
vt 0.037999775 0.5551167
vt 0.07350845 0.59838843
vt 0.108784996 0.61189145
vt 0.039414007 0.59328175
vt 0.037837267 0.63076
vt 0.008167232 0.6125965
vt 0.010441431 0.6259759
vt 0.0023932674 0.61621135
vt 0.016992565 0.6387378
vt 0.056353044 0.6573615
vt 0.01611784 0.64706635
vt 0.0004553734 0.6442862
vt 0.0033905918 0.63538295
vt 0.09955562 0.65110546
vt 0.15500395 0.64544904
vt 0.121192224 0.6643921
vt 0.17349042 0.59457546
vt 0.19036841 0.5061633
vt 0.19903485 0.64215297
vt 0.23414275 0.58513737
vt 0.20186982 0.68420297
vt 0.21543936 0.6649649
vt 0.24742249 0.65553284
vt 0.21147709 0.7053734
vt 0.24765792 0.6908071
vt 0.28381577 0.68230397
vt 0.2991164 0.6686071
vt 0.2738585 0.628399
vt 0.3303012 0.6889137
vt 0.32942125 0.6756142
vt 0.329664 0.6987855
vt 0.35837886 0.7003654
vt 0.29529276 0.65382284
vt 0.27785316 0.5620275
vt 0.26301706 0.5526147
vt 0.23854862 0.51717365
vt 0.28728658 0.5269359
vt 0.28033152 0.4930327
vt 0.26799127 0.4703396
vt 0.31310254 0.46949708
vt 0.25849146 0.44603395
vt 0.21833676 0.43886346
vt 0.3022068 0.4313537
vt 0.27393523 0.4146567
vt 0.3274381 0.4467969
vt 0.3205808 0.42140406
vt 0.32733935 0.4053533
vt 0.30342072 0.4070812
vt 0.33513525 0.40804076
vt 0.33941787 0.40083623
vt 0.3334244 0.39529848
vt 0.32620713 0.39625084
vt 0.31693807 0.39764357
vt 0.2466385 0.42516917
vt 0.2563607 0.4057635
vt 0.24893445 0.40772235
vt 0.26452038 0.40487194
vt 0.22709577 0.4154334
vt 0.035229348 0.37622845
vt 0.0367878 0.38606918
vt 0.038048945 0.35909235
vt 0.0077163056 0.35153002
vt 0.03524605 0.35054564
vt 0.010484428 0.3392532
vt 0.8917784 0.6397062
vt 0.8893443 0.63903356
vt 0.89298725 0.6270492
vt 0.8897331 0.64114505
vt 0.89298725 0.6489071
vt 0.8811969 0.6729886
vt 0.8775045 0.66146535
vt 0.88699687 0.66518545
vt 0.88599455 0.6607468
vt 0.89116573 0.6641534
vt 0.8906909 0.674408
vt 0.89000845 0.66624063
vt 0.889281 0.66493446
vt 0.8906909 0.6647553
vt 0.88571274 0.6623589
vt 0.29728872 0.78550965
vt 0.31102005 0.7809654
vt 0.2952494 0.7891621
vt 0.30334842 0.78249645
vt 0.29371583 0.7809654
vt 0.018585792 0.40209472
vt 0.03488792 0.41936493
vt 0.019575212 0.42584157
vt 0.0322661 0.4025265
vt 0.009562842 0.42759562
vt 0.04512515 0.41680402
vt 0.048724953 0.42759562
vt 0.8864115 0.9773756
vt 0.8621054 0.9715391
vt 0.87926227 0.9804189
vt 0.86729366 0.9671175
vt 0.8578826 0.9613415
vt 0.8485026 0.9566288
vt 0.86318755 0.9494321
vt 0.8461768 0.9464774
vt 0.8615589 0.93631834
vt 0.8739291 0.9340906
vt 0.84741056 0.94146717
vt 0.8640333 0.92941713
vt 0.8246812 0.93791956
vt 0.886612 0.92941713
vt 0.0011483144 0.12748796
vt 0.0033845901 0.12249541
vt 0.013205829 0.12480897
vt 0.009397557 0.1319856
vt 0.0004553734 0.13814151
vt 0.0061017685 0.14353716
vt 0.0025887827 0.15241838
vt 0.010563663 0.14028138
vt 0.013205829 0.15710384
vt 0.09061931 0.26548266
vt 0.08241585 0.26258373
vt 0.0823221 0.25728595
vt 0.0788606 0.26294106
vt 0.082254656 0.25824082
vt 0.080425255 0.25833392
vt 0.08185546 0.26028723
vt 0.076958105 0.26548266
vt 0.076958105 0.2563752
vt 0.08577891 0.25141215
vt 0.08737931 0.25462985
vt 0.09061931 0.2563752
vt 0.08586259 0.24817848
vt 0.08854159 0.2502364
vt 0.08731228 0.2500962
vt 0.087381445 0.25206882
vt 0.09094469 0.30308586
vt 0.089890525 0.30373406
vt 0.08970856 0.30147755
vt 0.09088067 0.30178308
vt 0.09335155 0.30373406
vt 0.09144813 0.30097675
vt 0.08994927 0.3000911
vt 0.080601096 0.2809654
vt 0.083333336 0.2809654
vt 0.08082233 0.27914393
vt 0.085154824 0.23846161
vt 0.08904387 0.2363388
vt 0.087226085 0.23812777
vt 0.08733454 0.23907101
vt 0.08884237 0.23812884
vt 0.09061931 0.23846161
vt 0.08503652 0.23451734
vt 0.08697632 0.23542804
vt 0.083333336 0.23542804
vt 0.09357096 0.28975815
vt 0.094262294 0.28882766
vt 0.09334818 0.29189432
vt 0.0924408 0.2858529
vt 0.09334818 0.28278685
vt 0.35584176 0.95815843
vt 0.35881397 0.94297624
vt 0.37270314 0.9539447
vt 0.35094607 0.9424851
vt 0.37350798 0.93888855
vt 0.3691916 0.962204
vt 0.35885188 0.9268564
vt 0.3837222 0.92923015
vt 0.37501946 0.9131475
vt 0.3826757 0.94896936
vt 0.3574147 0.9141871
vt 0.39298725 0.91029143
vt 0.34120443 0.9231443
vt 0.3421389 0.91029143
vt 0.34515855 0.934936
vt 0.33077404 0.9346139
vt 0.33468196 0.9482562
vt 0.32455596 0.9191348
vt 0.3204217 0.9123598
vt 0.31921676 0.9335395
vt 0.34218514 0.9551542
vt 0.0924408 0.2946266
vt 0.09305825 0.29884243
vt 0.0943182 0.29799008
vt 0.0924408 0.29918033
vt 0.09517304 0.29614925
vt 0.08424408 0.30373406
vt 0.08424408 0.30646634
vt 0.085154824 0.30431628
vt 0.39845172 0.8084222
vt 0.38113108 0.7969555
vt 0.38655683 0.79371583
vt 0.3833111 0.8119032
vt 0.37454772 0.7968073
vt 0.36749178 0.8128572
vt 0.3697494 0.821154
vt 0.36232862 0.8282143
vt 0.3808259 0.8248691
vt 0.39816174 0.8209722
vt 0.35564664 0.82652974
vt 0.3566671 0.838169
vt 0.37892747 0.8331568
vt 0.37663725 0.84365994
vt 0.39845172 0.84562844
vt 0.98662776 0.48793936
vt 0.97677594 0.49161065
vt 0.98255706 0.4776671
vt 0.98163474 0.50549203
vt 0.99772316 0.47469532
vt 0.99612355 0.46584702
vt 0.99382734 0.4996832
vt 0.98621875 0.5206081
vt 0.99772316 0.51465994
vt 0.99018115 0.52959925
vt 0.2893382 0.6270492
vt 0.2791439 0.61776227
vt 0.29005623 0.6077926
vt 0.2791439 0.5960006
vt 0.3028233 0.6159457
vt 0.2962195 0.59168166
vt 0.28185087 0.57317793
vt 0.29147524 0.5642077
vt 0.30208868 0.5812655
vt 0.1162405 0.33628428
vt 0.11850939 0.33551383
vt 0.11885246 0.3385887
vt 0.11640441 0.33469945
vt 0.115209475 0.33559453
vt 0.115209475 0.34016395
vt 0.088797815 0.30555558
vt 0.09061931 0.30491257
vt 0.08879783 0.30464482
vt 0.10129468 0.30239785
vt 0.09756438 0.30396497
vt 0.10025827 0.302307
vt 0.10056926 0.2999997
vt 0.09975043 0.30464482
vt 0.103369765 0.30452037
vt 0.103369765 0.29553902
vt 0.100344524 0.2966228
vt 0.099909864 0.29834712
vt 0.097422495 0.29701126
vt 0.09966757 0.29717898
vt 0.09926103 0.29767478
vt 0.09906525 0.2982843
vt 0.09608379 0.29553735
vt 0.09764507 0.29807484
vt 0.009771061 0.06943619
vt 0.009580628 0.06768584
vt 0.010456191 0.06899309
vt 0.010017251 0.069475055
vt 0.009204415 0.069339216
vt 0.008081294 0.06982291
vt 0.0051367697 0.06636971
vt 0.007091912 0.07059288
vt 0.00500913 0.069713175
vt 0.0068961275 0.072404385
vt 0.008877879 0.071406424
vt 0.016848816 0.06262857
vt 0.010433808 0.066669285
vt 0.0050091073 0.05816388
vt 0.007602252 0.04781419
vt 0.011698393 0.069063544
vt 0.010104249 0.070687234
vt 0.11065574 0.34016395
vt 0.11429872 0.3397656
vt 0.11065575 0.33469945
vt 0.12522769 0.33721817
vt 0.12704915 0.33834243
vt 0.12704918 0.33469945
vt 0.11456237 0.3410747
vt 0.11338798 0.3419854
vt 0.11612022 0.34198546
vt 0.08875065 0.321949
vt 0.088797815 0.3201275
vt 0.08697632 0.3201275
vt 0.11703096 0.34273922
vt 0.11885246 0.34289616
vt 0.11703096 0.34016395
vt 0.12887065 0.33469945
vt 0.12795992 0.33845818
vt 0.12887068 0.34016395
vt 0.09159393 0.3132832
vt 0.090616666 0.3137461
vt 0.088797815 0.31373203
vt 0.09517304 0.31010926
vt 0.09135782 0.3156078
vt 0.092019625 0.3144294
vt 0.09466085 0.31830597
vt 0.09321111 0.3134293
vt 0.09426454 0.3131194
vt 0.091318555 0.3177296
vt 0.090254456 0.31654078
vt 0.08961582 0.31830597
vt 0.09277196 0.3124194
vt 0.09608379 0.3091985
vt 0.094262294 0.3091985
vt 0.09524415 0.30737704
vt 0.0880319 0.30860668
vt 0.085605785 0.30792874
vt 0.087603435 0.30646634
vt 0.08453621 0.30938035
vt 0.083333336 0.31041825
vt 0.08415385 0.3083532
vt 0.08761962 0.30990124
vt 0.088797815 0.31041825
vt 0.088028215 0.31117672
vt 0.08707555 0.31193078
vt 0.1197632 0.34289616
vt 0.1197632 0.3410747
vt 0.12249544 0.34228003
vt 0.0728282 0.24372327
vt 0.075809814 0.24019665
vt 0.073810704 0.24463683
vt 0.071493626 0.24236071
vt 0.07381094 0.24534833
vt 0.07363799 0.2455191
vt 0.073487766 0.24628615
vt 0.07230352 0.24635702
vt 0.071493626 0.22905284
vt 0.08171324 0.23463607
vt 0.07978821 0.24266452
vt 0.082422584 0.24069059
vt 0.07825383 0.24348503
vt 0.08048233 0.2439478
vt 0.09048141 0.2738011
vt 0.090472125 0.27082694
vt 0.091348924 0.27272117
vt 0.088059746 0.27704513
vt 0.09335155 0.27582043
vt 0.08424408 0.26821494
vt 0.08424408 0.28187615
vt 0.12262691 0.33364856
vt 0.120673954 0.33743167
vt 0.123406194 0.3350153
vt 0.120673954 0.33196723
vt 0.8589489 0.1947437
vt 0.86396056 0.19824696
vt 0.86748636 0.1862477
vt 0.85556936 0.19899821
vt 0.84567714 0.19213831
vt 0.8475199 0.19034976
vt 0.8383424 0.1862477
vt 0.12249544 0.33834243
vt 0.1197632 0.33834243
vt 0.12128993 0.34016395
vt 0.13615665 0.33785903
vt 0.13832505 0.3365209
vt 0.13832505 0.3410747
vt 0.1388889 0.33794504
vt 0.08871204 0.23998177
vt 0.09061931 0.2416774
vt 0.08797787 0.24180329
vt 0.085154824 0.2416774
vt 0.96113473 0.7092996
vt 0.9462765 0.7035519
vt 0.94581056 0.71298134
vt 0.95634854 0.71933967
vt 0.9497257 0.7266548
vt 0.9642123 0.7257336
vt 0.9764235 0.7357767
vt 0.95873076 0.7376977
vt 0.96544343 0.75728595
vt 0.97950697 0.7540947
vt 0.9952615 0.7412181
vt 0.98654234 0.71872383
vt 0.9995446 0.71702945
vt 0.9859985 0.70657635
vt 0.99939054 0.7035519
vt 0.602459 0.14710438
vt 0.61948955 0.15475702
vt 0.6087353 0.16846842
vt 0.61624515 0.14316863
vt 0.6253825 0.18248868
vt 0.61208224 0.21066976
vt 0.6314062 0.15334392
vt 0.6404019 0.17374551
vt 0.6334808 0.21214086
vt 0.6503806 0.16106737
vt 0.63505447 0.1388889
vt 0.65346086 0.14352351
vt 0.64819086 0.20256186
vt 0.6424012 0.24337888
vt 0.6270197 0.2376771
vt 0.63411635 0.27504814
vt 0.6099267 0.23957634
vt 0.6214229 0.26747715
vt 0.6083417 0.2699151
vt 0.6221697 0.29390228
vt 0.61178064 0.31444257
vt 0.62722206 0.31683302
vt 0.628169 0.34455132
vt 0.643328 0.31718338
vt 0.64824986 0.29596758
vt 0.6502676 0.3468455
vt 0.6308317 0.3627227
vt 0.6091362 0.35694355
vt 0.65346086 0.36181962
vt 0.64886606 0.37386155
vt 0.6125237 0.37160617
vt 0.64781004 0.27024913
vt 0.083333336 0.31921673
vt 0.086065575 0.31921673
vt 0.08598472 0.31739527
vt 0.086065575 0.31447434
vt 0.08565593 0.31284153
vt 0.08424408 0.31608886
vt 0.08565593 0.3164845
vt 0.0800698 0.31718433
vt 0.0787796 0.31739527
vt 0.07958933 0.3164845
vt 0.08132021 0.31672323
vt 0.083333336 0.31739527
vt 0.083333336 0.3155738
vt 0.0787796 0.3155738
vt 0.07902851 0.3137523
vt 0.082531445 0.31377357
vt 0.9911977 0.03921026
vt 0.99725664 0.04963571
vt 0.9855749 0.04707098
vt 0.9995446 0.02865076
vt 0.9804189 0.040166557
vt 0.9837463 0.032961547
vt 0.991514 0.026254773
vt 0.9804189 0.019049585
vt 0.993576 0.017006159
vt 0.98458713 0.012250423
vt 0.9840625 0.0004553795
vt 0.9754644 0.63598734
vt 0.9740437 0.6224955
vt 0.9813005 0.6265396
vt 0.98000294 0.6365117
vt 0.9742694 0.65346086
vt 0.9851767 0.63284785
vt 0.9883763 0.62895405
vt 0.9867985 0.6348093
vt 0.99863386 0.6224955
vt 0.982422 0.6458799
vt 0.099726774 0.29338384
vt 0.10080673 0.29098362
vt 0.10154827 0.2922951
vt 0.100806735 0.2946266
vt 0.097624615 0.29319
vt 0.09766541 0.2946266
vt 0.09608379 0.29237306
vt 0.09776812 0.29200625
vt 0.09766541 0.29098362
vt 0.09881603 0.29179794
vt 0.09176958 0.3068353
vt 0.09335155 0.30737704
vt 0.09335155 0.30464482
vt 0.091530055 0.30530787
vt 0.094262294 0.30646634
vt 0.09608379 0.30646634
vt 0.09537099 0.30464482
vt 0.1262958 0.3325174
vt 0.13069217 0.33309627
vt 0.12503709 0.3337887
vt 0.12567997 0.33196723
vt 0.12431694 0.33309627
vt 0.086413816 0.30464482
vt 0.086065575 0.30555558
vt 0.08788707 0.30555558
vt 0.78454554 0.9047244
vt 0.7701071 0.9023248
vt 0.78285664 0.893898
vt 0.78083205 0.9280497
vt 0.7971947 0.89429927
vt 0.8010893 0.9163881
vt 0.80827147 0.90530807
vt 0.8192167 0.92800516
vt 0.8076554 0.93604517
vt 0.817193 0.9445009
vt 0.79316497 0.9476321
vt 0.773134 0.9398756
vt 0.764796 0.91171837
vt 0.7578955 0.93382823
vt 0.7643342 0.9476321
vt 0.7438584 0.9468932
vt 0.7381603 0.93449795
vt 0.74262995 0.92860574
vt 0.7553074 0.92052853
vt 0.8031434 0.10877371
vt 0.80208266 0.11885244
vt 0.7991803 0.113951325
vt 0.8022373 0.103976905
vt 0.8082878 0.104735136
vt 0.8082183 0.11433673
vt 0.8058223 0.09830803
vt 0.7991803 0.0942623
vt 0.096994534 0.31102002
vt 0.099726774 0.31102002
vt 0.09931783 0.3091985
vt 0.12978142 0.33827305
vt 0.13073418 0.33727562
vt 0.13160291 0.33854496
vt 0.1304794 0.33469945
vt 0.13049257 0.3386631
vt 0.1304794 0.3392532
vt 0.12595956 0.3392532
vt 0.12571248 0.34016395
vt 0.12704918 0.34001923
vt 0.123406194 0.34001923
vt 0.096994534 0.3137523
vt 0.099726774 0.3137523
vt 0.098778315 0.31193078
vt 0.7855191 0.2122618
vt 0.8040781 0.20862973
vt 0.8056137 0.21539164
vt 0.821949 0.21539164
vt 0.806922 0.19626594
vt 0.7936257 0.19778848
vt 0.0924408 0.3000911
vt 0.097905286 0.3000911
vt 0.09582146 0.30119646
vt 0.094768085 0.30191255
vt 0.09061931 0.3082878
vt 0.0923186 0.3091985
vt 0.09335155 0.3082878
vt 0.099726774 0.3069625
vt 0.096994534 0.3069625
vt 0.09881163 0.30555558
vt 0.09768722 0.3082878
vt 0.29787272 0.7081056
vt 0.31031597 0.6984216
vt 0.32650274 0.704987
vt 0.3005703 0.69626594
vt 0.29189435 0.69626594
vt 0.012049382 0.1864819
vt 0.013815077 0.18743521
vt 0.012777981 0.18979347
vt 0.014116576 0.19019508
vt 0.010919503 0.19080144
vt 0.008526904 0.17827988
vt 0.011622952 0.17272204
vt 0.0039152293 0.19080144
vt 0.0004553734 0.17744356
vt 0.0034140225 0.16022247
vt 0.012747397 0.15801454
vt 0.44342345 0.21357012
vt 0.43773827 0.20412183
vt 0.44763204 0.20732552
vt 0.44271776 0.20002186
vt 0.4369544 0.19859004
vt 0.44689852 0.19299418
vt 0.43995038 0.19129115
vt 0.43993437 0.178051
vt 0.44763204 0.18537164
vt 0.43123862 0.19774902
vt 0.4403891 0.7053734
vt 0.42655316 0.70121086
vt 0.4307541 0.69833773
vt 0.4418369 0.6980176
vt 0.43268543 0.69520235
vt 0.41913733 0.69561094
vt 0.44682282 0.69280756
vt 0.43587947 0.6929089
vt 0.4373268 0.6860407
vt 0.44760785 0.68496406
vt 0.43381736 0.69169575
vt 0.42517862 0.6863746
vt 0.42440566 0.6754972
vt 0.4142237 0.6851978
vt 0.4385648 0.67207587
vt 0.43281692 0.64781123
vt 0.44622535 0.6702176
vt 0.44528028 0.64889765
vt 0.44640008 0.63426524
vt 0.42955285 0.63232964
vt 0.4164571 0.64145285
vt 0.44497204 0.62916976
vt 0.45127505 0.6235728
vt 0.43458137 0.61722285
vt 0.4163675 0.60961634
vt 0.4460362 0.61362624
vt 0.43918622 0.59673333
vt 0.42514846 0.5910399
vt 0.43430147 0.5639213
vt 0.41521344 0.5685118
vt 0.4227536 0.5548634
vt 0.4324271 0.53981924
vt 0.41111422 0.5431256
vt 0.41931146 0.5280457
vt 0.4432193 0.5388958
vt 0.40931103 0.5281711
vt 0.42147103 0.51826787
vt 0.43737623 0.5234988
vt 0.40853387 0.5155115
vt 0.4309216 0.511158
vt 0.41228113 0.5080284
vt 0.44760048 0.5124428
vt 0.4487255 0.5236535
vt 0.44238085 0.49164307
vt 0.42527926 0.4977603
vt 0.43323204 0.46233714
vt 0.4180368 0.46071482
vt 0.45051312 0.46327722
vt 0.45127505 0.44456834
vt 0.44043964 0.44019574
vt 0.41964123 0.43865454
vt 0.42879364 0.42211998
vt 0.41411054 0.42297685
vt 0.4450612 0.42606932
vt 0.43859205 0.41285324
vt 0.42592567 0.4112022
vt 0.40825304 0.44353527
vt 0.40664846 0.46357524
vt 0.40961215 0.4906224
vt 0.41591975 0.63165987
vt 0.4224151 0.6544286
vt 0.41193986 0.6730172
vt 0.42069596 0.7035741
vt 0.71867263 0.38629812
vt 0.7281421 0.3913653
vt 0.72440374 0.39663023
vt 0.72188437 0.37576103
vt 0.7119349 0.38766503
vt 0.7108379 0.37901777
vt 0.71508324 0.36897546
vt 0.7281421 0.3611111
vt 0.09437929 0.8908633
vt 0.12019069 0.88692707
vt 0.094262294 0.9020947
vt 0.10835814 0.88377655
vt 0.123715244 0.8795507
vt 0.1329784 0.8834373
vt 0.17264606 0.8985012
vt 0.17365687 0.9020947
vt 0.17265578 0.9004552
vt 0.17111516 0.9007734
vt 0.19069992 0.8806884
vt 0.18558963 0.9010576
vt 0.17891659 0.8875708
vt 0.17539053 0.86794907
vt 0.1818899 0.8649649
vt 0.20264116 0.88309425
vt 0.1743703 0.8933769
vt 0.15072434 0.8771017
vt 0.16394708 0.8695548
vt 0.16410533 0.8951633
vt 0.17208403 0.8870575
vt 0.13992117 0.8873313
vt 0.14081913 0.8674804
vt 0.14774106 0.8629748
vt 0.16193214 0.86215377
vt 0.1372035 0.86979014
vt 0.16233629 0.85607135
vt 0.17093503 0.8617035
vt 0.13597226 0.86259544
vt 0.12478893 0.85382515
vt 0.13127264 0.8610005
vt 0.13922293 0.8630721
vt 0.1421277 0.8598224
vt 0.15016685 0.85402906
vt 0.12795992 0.8474499
vt 0.12795992 0.8510929
vt 0.12978142 0.85015506
vt 0.03297141 0.8966302
vt 0.04369788 0.91570276
vt 0.059334356 0.91285133
vt 0.06807876 0.9157942
vt 0.016740441 0.9330272
vt 0.042438477 0.92810535
vt 0.06375123 0.9290517
vt 0.02064077 0.9077043
vt 0.005050764 0.925585
vt 0.0035784775 0.9476321
vt 0.05294954 0.93940854
vt 0.024925727 0.93937975
vt 0.062580384 0.9476321
vt 0.0004553734 0.9132315
vt 0.013276702 0.89903873
vt 0.07447743 0.92734545
vt 0.076958105 0.94354224
vt 0.5679615 0.5995014
vt 0.58215034 0.5985555
vt 0.57486516 0.5921276
vt 0.56468755 0.5781223
vt 0.56724316 0.55693567
vt 0.55484766 0.56543756
vt 0.58697635 0.5673932
vt 0.545082 0.5778138
vt 0.55427086 0.58958286
vt 0.5470557 0.5503564
vt 0.55482334 0.54599273
vt 0.56785387 0.5474181
vt 0.5810034 0.55500513
vt 0.57518023 0.6106557
vt 0.5618701 0.60802275
vt 0.58697635 0.60224587
vt 0.7671268 0.8202741
vt 0.7603056 0.8293834
vt 0.76309377 0.81383693
vt 0.75 0.80919856
vt 0.7564119 0.82304734
vt 0.75 0.83245164
vt 0.76821494 0.8337887
vt 0.95673954 0.6689435
vt 0.965847 0.6689435
vt 0.9638764 0.66256833
vt 0.9568948 0.66609854
vt 0.9968124 0.2755009
vt 0.9995446 0.26808846
vt 0.9968124 0.2581967
vt 0.11474875 0.3953312
vt 0.10206104 0.3828931
vt 0.11168644 0.37745857
vt 0.100637525 0.40168273
vt 0.11843975 0.38254178
vt 0.12704918 0.3875897
vt 0.12167633 0.37920105
vt 0.12704918 0.40826225
vt 0.108617574 0.41029143
vt 0.119407706 0.37568307
vt 0.98053825 0.22996354
vt 0.9949909 0.23044413
vt 0.98938954 0.23582035
vt 0.97138405 0.23689723
vt 0.98604685 0.24895144
vt 0.9786786 0.2546122
vt 0.9892416 0.26462924
vt 0.9787353 0.2718343
vt 0.98427725 0.27705574
vt 0.981416 0.27804863
vt 0.99024296 0.28272605
vt 0.9949909 0.27007055
vt 0.96949 0.24310392
vt 0.97589433 0.27959132
vt 0.98018557 0.27948928
vt 0.981222 0.28185976
vt 0.9808285 0.29553735
vt 0.98776495 0.2950598
vt 0.9704009 0.28716767
vt 0.98031586 0.28093266
vt 0.9819422 0.27822506
vt 0.9758652 0.21173096
vt 0.97040075 0.21539164
vt 0.97040075 0.2108379
vt 0.95309657 0.23245633
vt 0.95400727 0.23269582
vt 0.95400727 0.22905284
vt 0.0749241 0.68531775
vt 0.06436784 0.7027025
vt 0.061038423 0.6931656
vt 0.09739605 0.6843953
vt 0.07367643 0.7206219
vt 0.08518431 0.674408
vt 0.04277431 0.7187046
vt 0.052896127 0.72807956
vt 0.10004321 0.7080182
vt 0.115192495 0.68467844
vt 0.09039936 0.7228449
vt 0.07378506 0.7338478
vt 0.090990566 0.73669964
vt 0.07153569 0.75964946
vt 0.09273153 0.76090926
vt 0.09921423 0.7508305
vt 0.10129017 0.7632723
vt 0.09619954 0.78075165
vt 0.10601965 0.77029604
vt 0.11237728 0.77041656
vt 0.11033804 0.7848878
vt 0.12161483 0.7788502
vt 0.13615665 0.7855191
vt 0.092952885 0.7794772
vt 0.07840083 0.78247696
vt 0.09660207 0.7303299
vt 0.09960574 0.72350514
vt 0.106541835 0.7325577
vt 0.0613971 0.7785772
vt 0.057850074 0.7530745
vt 0.049001515 0.7624056
vt 0.04163327 0.7855191
vt 0.011384335 0.76874554
vt 0.042485874 0.7579006
vt 0.05397378 0.7420202
vt 0.046202023 0.7407635
vt 0.033575304 0.7264484
vt 0.045058303 0.7394192
vt 0.6443534 0.49863386
vt 0.63433516 0.49863386
vt 0.63981086 0.48861563
vt 0.041154906 0.81326896
vt 0.047868572 0.81886667
vt 0.06530879 0.80919856
vt 0.06521704 0.8613688
vt 0.06383268 0.8365015
vt 0.050837394 0.85933954
vt 0.058524128 0.88366055
vt 0.039588377 0.8713845
vt 0.07580064 0.88523275
vt 0.076958105 0.86360663
vt 0.07355945 0.8494518
vt 0.056605488 0.82955927
vt 0.06594735 0.81575507
vt 0.056301177 0.8946901
vt 0.07579391 0.8966302
vt 0.039934076 0.8938904
vt 0.041245047 0.84122294
vt 0.019652715 0.8331569
vt 0.021480389 0.8657725
vt 0.016832609 0.8966302
vt 0.0004553734 0.8920919
vt 0.0021849733 0.8654892
vt 0.0062536583 0.84846747
vt 0.018878518 0.823823
vt 0.3427625 0.46948332
vt 0.3294288 0.4729041
vt 0.33476698 0.45856106
vt 0.33169702 0.48216772
vt 0.32285973 0.48428726
vt 0.3370333 0.48898935
vt 0.34279835 0.4824589
vt 0.33178365 0.49568093
vt 0.35018215 0.5050091
vt 0.3500603 0.49299395
vt 0.35018215 0.47235125
vt 0.34975514 0.46208972
vt 0.28933623 0.38807148
vt 0.27652824 0.39011896
vt 0.29922292 0.39663023
vt 0.27641165 0.3811475
vt 0.31711337 0.39553553
vt 0.30805695 0.3891756
vt 0.32285973 0.3811475
vt 0.35018215 0.44208312
vt 0.34435892 0.4640255
vt 0.34182402 0.45255345
vt 0.3425101 0.43956995
vt 0.33820444 0.45858282
vt 0.3319672 0.45512742
vt 0.33732474 0.4292385
vt 0.34840715 0.42494738
vt 0.3319672 0.41390663
vt 0.34176442 0.40846992
vt 0.15947305 0.33170652
vt 0.14253187 0.33105648
vt 0.16122045 0.3371809
vt 0.17714025 0.33105648
vt 0.1527018 0.3410747
vt 0.035192125 0.4764557
vt 0.039419685 0.46816075
vt 0.042083256 0.48015523
vt 0.04216269 0.49300635
vt 0.02414329 0.5037935
vt 0.04417122 0.49869454
vt 0.02453579 0.51725024
vt 0.0058964067 0.51251894
vt 0.0013661202 0.54326046
vt 0.0015256879 0.49015498
vt 0.01772281 0.46872163
vt 0.0013661202 0.45568007
vt 0.013426581 0.4450751
vt 0.030206656 0.4489944
vt 0.03620475 0.4667871
vt 0.04124247 0.4496522
vt 0.030354133 0.43860626
vt 0.01863718 0.43545377
vt 0.022195071 0.42850637
vt 0.45134735 0.16389644
vt 0.4385246 0.1470856
vt 0.45947176 0.15165812
vt 0.45947176 0.165299
vt 0.44844294 0.17463702
vt 0.45424947 0.18260473
vt 0.44405025 0.16746318
vt 0.43941894 0.16512465
vt 0.9377417 0.9976162
vt 0.91848814 0.99772316
vt 0.9224554 0.9890629
vt 0.941144 0.9858834
vt 0.94854283 0.99772316
vt 0.80919856 0.89328146
vt 0.8270258 0.9027838
vt 0.8283242 0.8884335
vt 0.8170135 0.9065194
vt 0.8283242 0.91029143
vt 0.9826502 0.60795873
vt 0.99772316 0.61520946
vt 0.9864773 0.61313456
vt 0.9947795 0.59594893
vt 0.99053967 0.59048605
vt 0.9857706 0.5938498
vt 0.98020506 0.57776314
vt 0.99569297 0.5740291
vt 0.9823959 0.56489235
vt 0.97409743 0.57225704
vt 0.99077445 0.56198454
vt 0.9864544 0.55662405
vt 0.9938528 0.5567383
vt 0.98657024 0.5535852
vt 0.9903599 0.5556157
vt 0.99772316 0.5532787
vt 0.96949 0.5637426
vt 0.9749545 0.25364298
vt 0.958561 0.25364298
vt 0.964935 0.25728595
vt 0.46905825 0.27527165
vt 0.4621165 0.2554645
vt 0.47416267 0.2722273
vt 0.47988313 0.28229582
vt 0.470119 0.2981757
vt 0.45987716 0.29986614
vt 0.4664564 0.29332775
vt 0.48011726 0.29310632
vt 0.47223252 0.31102002
vt 0.44808376 0.30454367
vt 0.48606953 0.3033197
vt 0.4931694 0.29818976
vt 0.44859895 0.30904365
vt 0.4387654 0.30949634
vt 0.44430897 0.25937152
vt 0.45116094 0.28545177
vt 0.4289789 0.27797842
vt 0.42365324 0.2554645
vt 0.42484063 0.29872394
vt 0.442441 0.30311668
vt 0.41721353 0.28130913
vt 0.41435856 0.27101356
vt 0.41302368 0.2596494
vt 0.47370136 0.29192412
vt 0.4504569 0.30358785
vt 0.8693078 0.9885794
vt 0.8532284 0.98564506
vt 0.85876155 0.9940801
vt 0.84199184 0.9776867
vt 0.8392532 0.98937845
vt 0.8652907 0.9776867
vt 0.9995446 0.13967896
vt 0.98630345 0.13549125
vt 0.9984322 0.1334244
vt 0.9589629 0.14078301
vt 0.98168147 0.15480125
vt 0.9919499 0.15848315
vt 0.95473015 0.15615195
vt 0.9725224 0.16668814
vt 0.9852844 0.17201853
vt 0.9503643 0.1334244
vt 0.991708 0.1744417
vt 0.9796352 0.18260473
vt 0.3730025 0.48345125
vt 0.3676578 0.48783207
vt 0.3747723 0.49863386
vt 0.36748633 0.4777633
vt 0.3747723 0.46766847
vt 0.2585686 0.38805437
vt 0.25792345 0.37633133
vt 0.27185792 0.38359052
vt 0.2454922 0.38583577
vt 0.2555421 0.39325857
vt 0.24018802 0.37242484
vt 0.22498204 0.39290845
vt 0.2500818 0.36839712
vt 0.23970315 0.40252638
vt 0.22769384 0.37785703
vt 0.21889322 0.3845967
vt 0.21695875 0.377221
vt 0.20686713 0.38869226
vt 0.20127779 0.39960957
vt 0.20607887 0.4141307
vt 0.19720317 0.40842736
vt 0.1891992 0.39669323
vt 0.19166937 0.42213118
vt 0.18781213 0.40963817
vt 0.19518137 0.39346224
vt 0.18958662 0.38709444
vt 0.18293588 0.3911339
vt 0.19987446 0.38010454
vt 0.18358046 0.37996
vt 0.16760051 0.38300455
vt 0.15484636 0.3737476
vt 0.13988408 0.37584352
vt 0.14386891 0.38351429
vt 0.13256828 0.36839712
vt 0.13296445 0.37567323
vt 0.13160291 0.38421524
vt 0.25098178 0.39941442
vt 0.25899488 0.40065444
vt 0.3495892 0.06492728
vt 0.338789 0.064814925
vt 0.3490688 0.05692166
vt 0.3338588 0.07454741
vt 0.34991366 0.07399362
vt 0.34647337 0.08058107
vt 0.33184674 0.080525756
vt 0.32973102 0.09676516
vt 0.3476294 0.10227084
vt 0.31773806 0.08700508
vt 0.31913137 0.11653644
vt 0.32311553 0.0776186
vt 0.33734372 0.115531266
vt 0.332871 0.1356532
vt 0.34590474 0.14588177
vt 0.31557378 0.13967693
vt 0.33093345 0.18669015
vt 0.35795242 0.191674
vt 0.35393065 0.15258479
vt 0.3448521 0.22155166
vt 0.33643964 0.23251235
vt 0.36566484 0.23912561
vt 0.34671372 0.24170876
vt 0.3567625 0.24983418
vt 0.3260671 0.24598837
vt 0.33630916 0.25027555
vt 0.32586697 0.21494877
vt 0.34417167 0.25017607
vt 0.33830366 0.25749838
vt 0.34648803 0.25766057
vt 0.3587595 0.25932163
vt 0.3464325 0.2645719
vt 0.36566484 0.1350981
vt 0.3646312 0.120075524
vt 0.29720706 0.91029143
vt 0.296709 0.9003184
vt 0.30855072 0.9024932
vt 0.3045401 0.8937333
vt 0.31817567 0.88791376
vt 0.32365692 0.8940016
vt 0.32249576 0.8789838
vt 0.31451353 0.88023674
vt 0.33137697 0.8750992
vt 0.33251047 0.86418355
vt 0.34851494 0.87672645
vt 0.34451434 0.8667015
vt 0.34906018 0.8990394
vt 0.36715582 0.88220835
vt 0.3331538 0.9042363
vt 0.3535284 0.91029143
vt 0.31426153 0.90809906
vt 0.37174273 0.8987298
vt 0.37931338 0.87635255
vt 0.37094128 0.86227584
vt 0.37930498 0.8597227
vt 0.37559122 0.8534259
vt 0.3686538 0.85658
vt 0.3802368 0.8466281
vt 0.3591544 0.8605474
vt 0.3678982 0.85202336
vt 0.3185874 0.8756174
vt 0.31480142 0.8648379
vt 0.31034514 0.8772734
vt 0.33315486 0.84631294
vt 0.3255245 0.84562844
vt 0.34290478 0.84943676
vt 0.35313392 0.8544552
vt 0.3089787 0.8516553
vt 0.30215916 0.8809363
vt 0.3132011 0.879764
vt 0.31004402 0.88476217
vt 0.30493507 0.893075
vt 0.2977062 0.8904806
vt 0.29529423 0.8980799
vt 0.28825137 0.89150614
vt 0.2448336 0.33409113
vt 0.23269582 0.33469945
vt 0.23817515 0.32468128
vt 0.2581967 0.33469945
vt 0.38114753 0.4698565
vt 0.3747723 0.4609487
vt 0.37745607 0.47677594
vt 0.38036543 0.4600209
vt 0.38114753 0.4461397
vt 0.37713903 0.43761384
vt 0.99043715 0.12158471
vt 0.99043715 0.109366536
vt 0.9995446 0.113778174
vt 0.9968395 0.10792351
vt 0.90470606 0.09372884
vt 0.90371317 0.090619326
vt 0.90118396 0.09359658
vt 0.9162321 0.09655225
vt 0.9055622 0.09881604
vt 0.91848814 0.090619326
vt 0.8182445 0.3146971
vt 0.81597805 0.31386334
vt 0.8167139 0.31209433
vt 0.8119308 0.3088051
vt 0.8197874 0.30436426
vt 0.8222184 0.3136425
vt 0.8401651 0.29950356
vt 0.8804161 0.30679226
vt 0.88699985 0.33850896
vt 0.86811113 0.32400584
vt 0.8894138 0.3211863
vt 0.8971828 0.33985823
vt 0.87080973 0.35549366
vt 0.843444 0.33578503
vt 0.89106476 0.3037057
vt 0.8464819 0.35999155
vt 0.82737505 0.3353272
vt 0.8572875 0.301746
vt 0.8366966 0.31021535
vt 0.82492316 0.32477033
vt 0.8596157 0.37536418
vt 0.88212854 0.3751114
vt 0.8701068 0.2979108
vt 0.8761133 0.29637182
vt 0.88035774 0.29600334
vt 0.9004391 0.3145362
vt 0.8930323 0.36171287
vt 0.88392437 0.29451925
vt 0.88862497 0.29371583
vt 0.8989007 0.38296902
vt 0.90118396 0.30094898
vt 0.8923092 0.29737997
vt 0.8651313 0.2963637
vt 0.81649685 0.33193737
vt 0.90118396 0.33199704
vt 0.63160294 0.395661
vt 0.6271122 0.40372574
vt 0.6136387 0.3964362
vt 0.6145911 0.40328372
vt 0.60528934 0.4032557
vt 0.6135046 0.4134202
vt 0.6239911 0.419886
vt 0.61095595 0.4387803
vt 0.6201408 0.44236982
vt 0.6025296 0.4221183
vt 0.5886226 0.45964825
vt 0.6175883 0.4577728
vt 0.6062749 0.45265543
vt 0.60442734 0.46309817
vt 0.5940061 0.46975297
vt 0.60197604 0.5091027
vt 0.61136645 0.477018
vt 0.6141457 0.4602257
vt 0.61805433 0.49505675
vt 0.62522197 0.52829987
vt 0.62098026 0.55384326
vt 0.60611045 0.5591865
vt 0.6248883 0.5688439
vt 0.62338316 0.5793015
vt 0.6071599 0.5792859
vt 0.60733634 0.61417156
vt 0.5925826 0.56744486
vt 0.59131986 0.5783776
vt 0.58741605 0.5928567
vt 0.5806011 0.5881382
vt 0.6294048 0.5986438
vt 0.5997355 0.59483546
vt 0.62681854 0.6256088
vt 0.6145041 0.6376672
vt 0.63160294 0.6423625
vt 0.5981961 0.64128774
vt 0.6135653 0.64617485
vt 0.60307044 0.39765805
vt 0.6033934 0.39025497
vt 0.8608601 0.009299517
vt 0.8785297 0.015848637
vt 0.8586265 0.024134815
vt 0.88479054 0.0031875968
vt 0.84693676 0.0031875968
vt 0.83469945 0.0075968504
vt 0.34289616 0.6370674
vt 0.3195404 0.6303174
vt 0.32604176 0.6220224
vt 0.31125984 0.62528807
vt 0.31367746 0.6117495
vt 0.30334684 0.6203764
vt 0.30233333 0.6308516
vt 0.306275 0.60705256
vt 0.3135603 0.59577703
vt 0.30612737 0.5937319
vt 0.31116563 0.575448
vt 0.3044579 0.58055705
vt 0.3214444 0.5822329
vt 0.3272676 0.5702877
vt 0.32348788 0.5651189
vt 0.3164444 0.5629445
vt 0.33223414 0.5409873
vt 0.3083541 0.5587408
vt 0.32125476 0.5245598
vt 0.30403107 0.53554875
vt 0.33602056 0.5093629
vt 0.32275364 0.4981382
vt 0.31202924 0.50898
vt 0.34289616 0.5049045
vt 0.30910614 0.4949909
vt 0.29978755 0.50907844
vt 0.29760867 0.55187374
vt 0.29553735 0.561251
vt 0.31535298 0.33574593
vt 0.31060115 0.3283242
vt 0.32741347 0.33458054
vt 0.30802754 0.33563364
vt 0.30888367 0.3410747
vt 0.29644808 0.33006942
vt 0.2988468 0.3410746
vt 0.32183504 0.3410746
vt 0.13797814 0.850411
vt 0.15163934 0.8520036
vt 0.14134923 0.8501822
vt 0.14043008 0.85200363
vt 0.14526412 0.8456834
vt 0.14706232 0.84562844
vt 0.14671218 0.84681416
vt 0.14849783 0.8474499
vt 0.15163934 0.8456834
vt 0.60162437 0.7568916
vt 0.6150954 0.74410886
vt 0.6208232 0.75562435
vt 0.5926888 0.74824864
vt 0.6128474 0.7714353
vt 0.6215847 0.7676001
vt 0.5861042 0.7770193
vt 0.6086192 0.7807782
vt 0.5774988 0.7627638
vt 0.5651184 0.7827869
vt 0.6176169 0.7827869
vt 0.6019786 0.73724955
vt 0.81912744 0.96608025
vt 0.8182531 0.9476321
vt 0.8277678 0.971237
vt 0.83743167 0.9628224
vt 0.81097865 0.98810995
vt 0.82599443 0.9848751
vt 0.79630286 0.9758883
vt 0.79742986 0.96662456
vt 0.7891621 0.99590164
vt 0.8372692 0.99590164
vt 0.83716345 0.9872935
vt 0.83184445 0.9730108
vt 0.84174037 0.93303186
vt 0.84836066 0.9357923
vt 0.82923496 0.9357923
vt 0.8430625 0.930666
vt 0.8450212 0.9296547
vt 0.8372326 0.9285064
vt 0.13127744 0.8999921
vt 0.12602486 0.92174184
vt 0.12431694 0.89611864
vt 0.14026906 0.92148155
vt 0.14729455 0.90257215
vt 0.14223903 0.94037646
vt 0.15390906 0.9412568
vt 0.15921296 0.9312342
vt 0.16065773 0.9194893
vt 0.15114933 0.9130048
vt 0.1680072 0.9306143
vt 0.17729878 0.9231718
vt 0.1733142 0.9082123
vt 0.19302826 0.9197649
vt 0.18165232 0.9317096
vt 0.16827728 0.9412568
vt 0.20446266 0.9289765
vt 0.16604635 0.90960956
vt 0.16278303 0.90504396
vt 0.14979078 0.89480877
vt 0.13025711 0.8954519
vt 0.38668424 0.75403523
vt 0.37845907 0.75921565
vt 0.37750456 0.73724955
vt 0.37750456 0.7663934
vt 0.39590672 0.74373275
vt 0.3931797 0.75926113
vt 0.4057377 0.75234044
vt 0.9749545 0.26639342
vt 0.9758652 0.26599252
vt 0.9749545 0.26548266
vt 0.94890046 0.16102362
vt 0.9433119 0.16114867
vt 0.94307834 0.16074681
vt 0.95765024 0.16074681
vt 0.9461649 0.16438979
vt 0.6764216 0.20176864
vt 0.6759829 0.2022062
vt 0.67014223 0.20446265
vt 0.6737675 0.19551891
vt 0.6505494 0.18357736
vt 0.65201205 0.20437342
vt 0.6680162 0.1734994
vt 0.6831704 0.18756717
vt 0.68214726 0.20069659
vt 0.69080144 0.19910884
vt 0.6452641 0.17076504
vt 0.67632717 0.20212603
vt 0.67605466 0.20200932
vt 0.68030334 0.20437342
vt 0.6072793 0.8791712
vt 0.6106078 0.88672936
vt 0.59684455 0.88745093
vt 0.62258136 0.8790681
vt 0.5912028 0.87588733
vt 0.5763631 0.88752276
vt 0.60310394 0.86585766
vt 0.5818114 0.8592273
vt 0.57667845 0.87439406
vt 0.56938154 0.8663501
vt 0.56682616 0.8779474
vt 0.5524281 0.8741972
vt 0.5473472 0.85195136
vt 0.57969284 0.8487735
vt 0.54151404 0.83197755
vt 0.535389 0.8398318
vt 0.5456557 0.8654093
vt 0.56165713 0.8248341
vt 0.55212194 0.818156
vt 0.57462394 0.8164845
vt 0.53506374 0.8164845
vt 0.58693594 0.83105874
vt 0.54841655 0.8749925
vt 0.55083364 0.88118607
vt 0.59537536 0.8192044
vt 0.60961396 0.8280551
vt 0.604862 0.8500901
vt 0.6144446 0.8474282
vt 0.6120295 0.8643477
vt 0.6234062 0.86014146
vt 0.590878 0.8588877
vt 0.82285976 0.3602004
vt 0.82285976 0.3356102
vt 0.8356102 0.35135704
vt 0.1197632 0.9811752
vt 0.13102363 0.9795082
vt 0.1197632 0.99640703
vt 0.13102938 0.98900044
vt 0.13979964 0.99772316
vt 0.16621129 0.9539158
vt 0.17714025 0.95400727
vt 0.17714025 0.94034606
vt 0.29918033 0.64071035
vt 0.29098362 0.6437
vt 0.29918033 0.6498178
vt 0.47746724 0.5969945
vt 0.49043715 0.6033698
vt 0.47501034 0.6010739
vt 0.4640255 0.6033698
vt 0.38296902 0.42759562
vt 0.38296902 0.4130237
vt 0.3765938 0.41816986
vt 0.8613203 0.58494735
vt 0.8742274 0.5724044
vt 0.8769536 0.5945831
vt 0.85635686 0.6095513
vt 0.87031305 0.62449896
vt 0.89025503 0.61438817
vt 0.85726154 0.637783
vt 0.8721003 0.6397133
vt 0.886821 0.6280946
vt 0.856549 0.65274745
vt 0.8474499 0.64700264
vt 0.8696673 0.6556046
vt 0.85727215 0.6661996
vt 0.878322 0.67483306
vt 0.8707164 0.6896348
vt 0.88949585 0.6951307
vt 0.8597811 0.6882705
vt 0.8642893 0.70631474
vt 0.87739927 0.70783114
vt 0.87327 0.71812385
vt 0.89025503 0.7141362
vt 0.8872357 0.9460579
vt 0.8720401 0.94854283
vt 0.88126945 0.9330601
vt 0.8874103 0.93457854
vt 0.90847 0.94854283
vt 0.7071949 0.7060601
vt 0.69348633 0.7081056
vt 0.69739854 0.684243
vt 0.6772054 0.6925418
vt 0.67328584 0.7050562
vt 0.6846994 0.67013824
vt 0.65644455 0.6752243
vt 0.6644278 0.6899938
vt 0.66397583 0.66530055
vt 0.67210656 0.69316643
vt 0.64453447 0.691339
vt 0.6522732 0.7081056
vt 0.63797814 0.7033271
vt 0.332989 0.39258087
vt 0.33999225 0.38653105
vt 0.33115834 0.38296902
vt 0.34289616 0.39480877
vt 0.32650134 0.38862586
vt 0.32103825 0.39480877
vt 0.0805466 0.38228232
vt 0.08273606 0.39387363
vt 0.07830795 0.38933855
vt 0.088641495 0.3869549
vt 0.06329691 0.39571953
vt 0.094262294 0.3802368
vt 0.09342544 0.39571953
vt 0.96493626 0.7581967
vt 0.9847235 0.7584287
vt 0.9811381 0.77755743
vt 0.9955204 0.77417547
vt 0.97078663 0.77304
vt 0.9925108 0.78825134
vt 0.99772316 0.7581967
vt 0.9974138 0.78615487
vt 0.44489983 0.595669
vt 0.4536748 0.5651184
vt 0.45082378 0.58815634
vt 0.4522561 0.6011874
vt 0.45713496 0.5922437
vt 0.4526863 0.61520946
vt 0.46129325 0.5897902
vt 0.46129325 0.60124207
vt 0.7946266 0.8226089
vt 0.79071283 0.84289616
vt 0.78349596 0.8269801
vt 0.792125 0.80141395
vt 0.7776635 0.80830276
vt 0.77196574 0.7814242
vt 0.76259094 0.80930454
vt 0.7539081 0.7845575
vt 0.7421038 0.7871283
vt 0.74674666 0.775283
vt 0.7585882 0.76927876
vt 0.7399818 0.767586
vt 0.7813154 0.76678276
vt 0.7622754 0.7617372
vt 0.7883126 0.7756536
vt 0.79022795 0.7589434
vt 0.77680045 0.76045966
vt 0.76012594 0.73498744
vt 0.7858535 0.74857175
vt 0.7453337 0.755087
vt 0.74578696 0.73319787
vt 0.7515098 0.7156769
vt 0.75867826 0.70639247
vt 0.7503115 0.70173043
vt 0.77983296 0.7246536
vt 0.7946266 0.7336956
vt 0.18425694 0.6794001
vt 0.17435515 0.67489105
vt 0.18218213 0.67076504
vt 0.1665174 0.68038404
vt 0.1730001 0.6866974
vt 0.15632285 0.67520195
vt 0.13101763 0.6794338
vt 0.14143734 0.6850073
vt 0.11827677 0.6829304
vt 0.117941715 0.69262296
vt 0.18989071 0.69262296
vt 0.50301284 0.926238
vt 0.5168488 0.92701465
vt 0.50846916 0.93665296
vt 0.49644867 0.93506515
vt 0.49786434 0.9566875
vt 0.48255345 0.9261913
vt 0.4842032 0.94061315
vt 0.47163206 0.9281735
vt 0.47686246 0.96835876
vt 0.46709427 0.95813
vt 0.498109 0.96949
vt 0.45259452 0.96949
vt 0.4518317 0.9559326
vt 0.45682734 0.9251461
vt 0.46396208 0.9193989
vt 0.44398907 0.93340695
vt 0.44589913 0.9194658
vt 0.32103825 0.5969945
vt 0.31466302 0.5969945
vt 0.3177855 0.602459
vt 0.28642988 0.6352459
vt 0.29826957 0.6352459
vt 0.29319918 0.62887067
vt 0.3381738 0.6628455
vt 0.34401867 0.66933924
vt 0.33915964 0.6682607
vt 0.32848462 0.66445047
vt 0.32749638 0.6612118
vt 0.32559198 0.6698543
vt 0.32757837 0.6517832
vt 0.33430594 0.6419977
vt 0.3456284 0.6401955
vt 0.34343314 0.6615262
vt 0.32559198 0.6388889
vt 0.31375226 0.6297814
vt 0.31375226 0.6352459
vt 0.30555555 0.63396055
vt 0.95212996 0.22420812
vt 0.9476321 0.22905278
vt 0.95190185 0.2239132
vt 0.95262605 0.22404373
vt 0.95765024 0.22905284
vt 0.9528676 0.22358835
vt 0.96311474 0.2809654
vt 0.9758652 0.2726667
vt 0.96311474 0.2581967
vt 0.97131145 0.25667393
vt 0.97131145 0.260929
vt 0.9722222 0.2563752
vt 0.97763425 0.26548266
vt 0.97677594 0.26639342
vt 0.9776867 0.26639342
vt 0.96750796 0.24817848
vt 0.9676685 0.24726772
vt 0.9612933 0.24726772
vt 0.9600343 0.5359745
vt 0.9448998 0.53625816
vt 0.95222384 0.5455582
vt 0.9613624 0.54673433
vt 0.97384226 0.5499359
vt 0.96522874 0.554681
vt 0.9813297 0.54852325
vt 0.95570993 0.5554047
vt 0.97404474 0.56147534
vt 0.95840085 0.5593552
vt 0.9538899 0.5614754
vt 0.46092227 0.49071312
vt 0.45127505 0.5068306
vt 0.46672037 0.494555
vt 0.48041895 0.4926831
vt 0.47922888 0.47714728
vt 0.4640193 0.47254318
vt 0.47048476 0.46732068
vt 0.4516283 0.48242617
vt 0.455413 0.46632552
vt 0.45404845 0.49227142
vt 0.46509382 0.46311474
vt 0.47971454 0.46311474
vt 0.82748485 0.55962235
vt 0.81663096 0.5629947
vt 0.8137523 0.55422926
vt 0.82267314 0.5687614
vt 0.83965284 0.5525393
vt 0.85241437 0.5656984
vt 0.8688146 0.54673314
vt 0.85345006 0.53735787
vt 0.8785656 0.56309867
vt 0.89480877 0.5582384
vt 0.88596064 0.5449522
vt 0.89480877 0.53266114
vt 0.8735914 0.52829874
vt 0.85369545 0.5170345
vt 0.86806935 0.5178219
vt 0.87101054 0.5202134
vt 0.84320277 0.52084666
vt 0.8342066 0.5337991
vt 0.83672184 0.5076642
vt 0.82600564 0.51398593
vt 0.8477495 0.50019175
vt 0.83766156 0.4898901
vt 0.82850075 0.4916066
vt 0.8412027 0.48386252
vt 0.8693726 0.48119187
vt 0.8548851 0.4751532
vt 0.8605902 0.49857497
vt 0.8588836 0.5062349
vt 0.87078893 0.49477124
vt 0.8650763 0.50815064
vt 0.8348958 0.48021978
vt 0.8301121 0.4749545
vt 0.8280532 0.5217472
vt 0.8217827 0.54989004
vt 0.374801 0.6386321
vt 0.39357087 0.6279599
vt 0.38877106 0.6465796
vt 0.38266996 0.65726954
vt 0.38320813 0.6721754
vt 0.36860126 0.6640433
vt 0.3611111 0.67384285
vt 0.40623528 0.66989505
vt 0.4082673 0.65819776
vt 0.4020015 0.6746741
vt 0.41302368 0.6798725
vt 0.3743577 0.6798725
vt 0.42308107 0.74404794
vt 0.4233935 0.74259615
vt 0.42668486 0.73724955
vt 0.42110136 0.743606
vt 0.4266849 0.7453247
vt 0.42030966 0.746357
vt 0.42108467 0.74453247
vt 0.6790158 0.5195811
vt 0.66051304 0.5149227
vt 0.6668759 0.5095007
vt 0.6775428 0.49725014
vt 0.6935187 0.50029063
vt 0.6592055 0.4942518
vt 0.66623616 0.48933077
vt 0.6706986 0.48123312
vt 0.68024784 0.48037463
vt 0.6982352 0.48319787
vt 0.6832363 0.469168
vt 0.7083753 0.5099447
vt 0.7203098 0.50151557
vt 0.70639914 0.4820856
vt 0.72358835 0.51040447
vt 0.68638575 0.45770437
vt 0.67355573 0.4597475
vt 0.6796026 0.44620657
vt 0.6697615 0.43912476
vt 0.67193985 0.42214346
vt 0.66268075 0.45695364
vt 0.65952754 0.44329977
vt 0.65927553 0.42244637
vt 0.64965594 0.4404434
vt 0.65927196 0.40937757
vt 0.64875823 0.40306365
vt 0.67056787 0.40163076
vt 0.684221 0.4032339
vt 0.6920346 0.38072383
vt 0.68519443 0.42751956
vt 0.6966867 0.39031327
vt 0.7035126 0.3693292
vt 0.64036036 0.42143095
vt 0.6664551 0.39023495
vt 0.6523893 0.38778365
vt 0.6361567 0.39461637
vt 0.664801 0.37050903
vt 0.6715631 0.3642273
vt 0.6820182 0.37426078
vt 0.657255 0.34414417
vt 0.6878477 0.3467496
vt 0.7012914 0.35239363
vt 0.7159368 0.33469945
vt 0.72358835 0.34369743
vt 0.035173856 0.32831502
vt 0.0202386 0.32652652
vt 0.030782085 0.3337887
vt 0.024400184 0.3201275
vt 0.011384335 0.32013822
vt 0.042813454 0.32013828
vt 0.045081966 0.32995987
vt 0.061872188 0.11189473
vt 0.05637153 0.11713725
vt 0.058489162 0.10701275
vt 0.06584569 0.13069218
vt 0.067850634 0.12188381
vt 0.051800232 0.13069218
vt 0.051457196 0.12095988
vt 0.6468239 0.47411585
vt 0.6589253 0.46897125
vt 0.65684587 0.47998655
vt 0.63797814 0.45947176
vt 0.65076745 0.48891997
vt 0.64505976 0.48680794
vt 0.6470341 0.5030919
vt 0.6404486 0.48014534
vt 0.6560757 0.5107391
vt 0.64354813 0.51753676
vt 0.65246946 0.5223978
vt 0.63797814 0.52959925
vt 0.4367031 0.7488504
vt 0.4330601 0.75189406
vt 0.4347224 0.74981755
vt 0.43555605 0.7554645
vt 0.43490455 0.7455416
vt 0.43555608 0.7445355
vt 0.39845172 0.7381603
vt 0.39274386 0.73724955
vt 0.390255 0.7381603
vt 0.397541 0.7418033
vt 0.4004007 0.74271405
vt 0.40300545 0.7418033
vt 0.99797314 0.37031615
vt 0.9989086 0.37049043
vt 0.99422646 0.37365115
vt 0.9947832 0.36481738
vt 0.98497266 0.3747723
vt 0.98300534 0.36307132
vt 0.9868102 0.3426358
vt 0.9712868 0.35515988
vt 0.9991875 0.3479123
vt 0.9968583 0.33259523
vt 0.99882334 0.36148274
vt 0.99811983 0.3701613
vt 0.9995446 0.36845762
vt 0.97183067 0.37285805
vt 0.9815743 0.3243745
vt 0.96311474 0.32747972
vt 0.969503 0.31849712
vt 0.98540735 0.31185973
vt 0.97212327 0.31010926
vt 0.9995446 0.3135326
vt 0.4057377 0.73542804
vt 0.40868485 0.7387346
vt 0.406662 0.74271405
vt 0.41029143 0.73542804
vt 0.42850637 0.7445355
vt 0.43123862 0.739071
vt 0.42850637 0.7401278
vt 0.41757742 0.7408925
vt 0.41414484 0.7382537
vt 0.41624627 0.7363388
vt 0.41029143 0.7408925
vt 0.71017325 0.6429847
vt 0.7326958 0.62792516
vt 0.717974 0.6510878
vt 0.696127 0.6247077
vt 0.7007005 0.61580884
vt 0.7101897 0.6079714
vt 0.6996288 0.6049282
vt 0.7084 0.5976999
vt 0.73261034 0.58344084
vt 0.73166037 0.6181874
vt 0.7074696 0.5749782
vt 0.7229027 0.5650733
vt 0.7293502 0.5484713
vt 0.7082981 0.5463979
vt 0.68769777 0.55872345
vt 0.7326958 0.5264655
vt 0.704022 0.52048486
vt 0.68666315 0.5376766
vt 0.71570605 0.5141166
vt 0.6755285 0.5675807
vt 0.6845182 0.64337724
vt 0.684049 0.65484416
vt 0.6666972 0.64812857
vt 0.6735165 0.6264629
vt 0.6609874 0.6268818
vt 0.6436859 0.64159083
vt 0.65227556 0.6511762
vt 0.6731421 0.6604942
vt 0.6599171 0.6643898
vt 0.64271194 0.6202822
vt 0.6558392 0.61778104
vt 0.65068406 0.60906035
vt 0.63533205 0.6095013
vt 0.6613506 0.61629397
vt 0.67536 0.6129388
vt 0.68604195 0.6240138
vt 0.688678 0.5991434
vt 0.696175 0.6555308
vt 0.683469 0.5206786
vt 0.67350036 0.53133124
vt 0.6755206 0.5388073
vt 0.6703853 0.5439882
vt 0.6710194 0.52096814
vt 0.67532074 0.54507816
vt 0.6590114 0.55080426
vt 0.6493306 0.57572687
vt 0.6906743 0.61892337
vt 0.63251364 0.59517884
vt 0.66347903 0.10781658
vt 0.66278625 0.12206763
vt 0.64877397 0.11584467
vt 0.6495168 0.12348378
vt 0.65286756 0.10245901
vt 0.64056396 0.11023402
vt 0.6269563 0.11152619
vt 0.63923275 0.13251364
vt 0.61496073 0.13034236
vt 0.6113735 0.11644435
vt 0.6174246 0.106333435
vt 0.6106557 0.10245901
vt 0.7434596 0.45825446
vt 0.7727687 0.46087164
vt 0.76242447 0.4640255
vt 0.763322 0.44564438
vt 0.75293475 0.44125682
vt 0.7699418 0.44128865
vt 0.7381603 0.44128865
vt 0.64529073 0.89982074
vt 0.63401014 0.894811
vt 0.64695823 0.89342654
vt 0.657574 0.89781034
vt 0.6508174 0.8980333
vt 0.65817153 0.8846531
vt 0.6451587 0.88206536
vt 0.6731516 0.89539033
vt 0.6703355 0.8813333
vt 0.67981464 0.8840221
vt 0.6611978 0.8699846
vt 0.6663392 0.8624585
vt 0.6557739 0.8614516
vt 0.6804736 0.8655189
vt 0.63668793 0.8788958
vt 0.6448878 0.8568767
vt 0.6419065 0.90847
vt 0.6270492 0.90414464
vt 0.6963071 0.8765321
vt 0.68506473 0.897698
vt 0.6854889 0.8538459
vt 0.7090164 0.8447177
vt 0.69538045 0.9043846
vt 0.7011082 0.8905217
vt 0.69983506 0.90847
vt 0.81466305 0.49590164
vt 0.8167924 0.5113424
vt 0.82377046 0.5112174
vt 0.81466305 0.5223133
vt 0.16913655 0.39522296
vt 0.17016923 0.4130237
vt 0.16171603 0.40190452
vt 0.15688056 0.4083287
vt 0.16472949 0.3899362
vt 0.17076503 0.3883044
vt 0.1561311 0.38854802
vt 0.15517029 0.3857013
vt 0.14751424 0.39780438
vt 0.14435679 0.40408295
vt 0.13251366 0.39525223
vt 0.13691546 0.4130237
vt 0.97040075 0.22071362
vt 0.97465485 0.2215172
vt 0.9761391 0.223001
vt 0.9776867 0.21903461
vt 0.9776867 0.22540987
vt 0.96493626 0.22085607
vt 0.9667577 0.21618295
vt 0.96493626 0.21448088
vt 0.82122064 0.5929777
vt 0.82193285 0.6104437
vt 0.83088726 0.6046089
vt 0.81557375 0.62067395
vt 0.82427967 0.5824905
vt 0.81557375 0.57604736
vt 0.81699 0.6161553
vt 0.83287793 0.6168742
vt 0.8527422 0.10617441
vt 0.8425929 0.11189699
vt 0.8461569 0.100637555
vt 0.83352304 0.10553771
vt 0.8384618 0.124156535
vt 0.8628446 0.12439078
vt 0.8394256 0.14454108
vt 0.85918355 0.15398502
vt 0.846669 0.17227226
vt 0.8611603 0.17275703
vt 0.85935986 0.1811077
vt 0.87560827 0.13959813
vt 0.8818036 0.1611619
vt 0.82513183 0.15708655
vt 0.8354012 0.17436159
vt 0.8249731 0.17107862
vt 0.8249207 0.17576957
vt 0.81666297 0.1784581
vt 0.8321689 0.18349594
vt 0.82463324 0.1816994
vt 0.8219507 0.1917122
vt 0.81997555 0.18422437
vt 0.8000911 0.19089758
vt 0.81847626 0.16776311
vt 0.8729477 0.16773927
vt 0.8809411 0.17221075
vt 0.89116573 0.17201996
vt 0.882532 0.1811291
vt 0.878471 0.17997879
vt 0.8776112 0.19171214
vt 0.87313974 0.18824124
vt 0.86511695 0.17767817
vt 0.82041407 0.12534058
vt 0.81983584 0.10552132
vt 0.59153 0.3996526
vt 0.59517306 0.38661206
vt 0.59517306 0.404827
vt 0.321949 0.5858989
vt 0.32468122 0.59153
vt 0.32468125 0.5842441
vt 0.14219609 0.72905284
vt 0.1446464 0.7345173
vt 0.13160291 0.7290998
vt 0.14890711 0.7290998
vt 0.117941715 0.7445355
vt 0.11515845 0.7437072
vt 0.11783101 0.739071
vt 0.10519125 0.739071
vt 0.029599272 0.22218847
vt 0.029593248 0.22255385
vt 0.024578828 0.22188962
vt 0.026654163 0.22711557
vt 0.0104735885 0.23542804
vt 0.016021485 0.22514403
vt 0.010833888 0.21300447
vt 0.026267828 0.20812953
vt 0.01047359 0.19899821
vt 0.07614668 0.1971767
vt 0.08970856 0.20108104
vt 0.080868155 0.21349072
vt 0.089329846 0.21027285
vt 0.067850634 0.20195317
vt 0.06826576 0.21146554
vt 0.075934574 0.22072351
vt 0.08213025 0.2201215
vt 0.0809041 0.22602272
vt 0.07922119 0.22988856
vt 0.08522975 0.23360658
vt 0.08341578 0.22940993
vt 0.08970856 0.22124118
vt 0.9842279 0.1862477
vt 0.99772316 0.19778943
vt 0.98702186 0.19945073
vt 0.9934144 0.2062763
vt 0.9804189 0.21019989
vt 0.9923503 0.21545249
vt 0.98141885 0.2169714
vt 0.9892937 0.2244991
vt 0.99772316 0.22164905
vt 0.6834961 0.9410083
vt 0.6773718 0.9473995
vt 0.6737089 0.9376056
vt 0.6641878 0.94854283
vt 0.692172 0.925385
vt 0.6720393 0.91492236
vt 0.703478 0.9373102
vt 0.71317834 0.9291035
vt 0.7056417 0.94594944
vt 0.71797264 0.9394458
vt 0.721913 0.94854283
vt 0.72540987 0.93519825
vt 0.71953565 0.936393
vt 0.7128623 0.91472316
vt 0.69943297 0.91146666
vt 0.6849031 0.9089442
vt 0.71441036 0.9061716
vt 0.6699276 0.9030055
vt 0.6654296 0.91503894
vt 0.66266596 0.9317435
vt 0.6470856 0.9303061
vt 0.64719385 0.93924767
vt 0.0104735885 0.228338
vt 0.0038069228 0.21662295
vt 0.0031876138 0.23542804
vt 0.008847333 0.21601647
vt 0.0031876138 0.20719492
vt 0.1388889 0.7849543
vt 0.14673215 0.7896954
vt 0.14363377 0.7973588
vt 0.15380205 0.7968766
vt 0.15483929 0.7872673
vt 0.1542551 0.7819049
vt 0.14491297 0.7806566
vt 0.15690255 0.7823152
vt 0.14233711 0.7845265
vt 0.14397158 0.773943
vt 0.15498087 0.77003646
vt 0.15710382 0.7817594
vt 0.13966447 0.77003646
vt 0.62067395 0.48680174
vt 0.62367874 0.47120053
vt 0.62594277 0.4857962
vt 0.6317824 0.47576034
vt 0.62131333 0.49336106
vt 0.6269586 0.49457216
vt 0.63406277 0.49003625
vt 0.6262565 0.5004554
vt 0.6336117 0.45947123
vt 0.62067395 0.45469952
vt 0.6388889 0.4530965
vt 0.95947176 0.23542804
vt 0.97045285 0.22371292
vt 0.97131145 0.23210299
vt 0.95947176 0.22176683
vt 0.86748636 0.72358835
vt 0.8674781 0.7217668
vt 0.8629326 0.7217668
vt 0.8955874 0.073123336
vt 0.8923059 0.08515483
vt 0.88205826 0.08444208
vt 0.9012208 0.08126974
vt 0.9097417 0.07932192
vt 0.90894717 0.050533593
vt 0.90086037 0.053987384
vt 0.899045 0.04567516
vt 0.9068789 0.043231845
vt 0.9308035 0.05063176
vt 0.89699286 0.037372172
vt 0.9089146 0.036618233
vt 0.92461705 0.02660209
vt 0.89581364 0.036641598
vt 0.9385246 0.02346462
vt 0.92084736 0.010104537
vt 0.90597224 0.022705913
vt 0.9082485 0.030026376
vt 0.9056988 0.012272775
vt 0.8969426 0.019452453
vt 0.909721 0.0029895306
vt 0.8971387 0.0053284764
vt 0.89124876 0.016778767
vt 0.9038113 0.0004553795
vt 0.8929901 0.018200338
vt 0.8861253 0.013163269
vt 0.88205826 0.019572675
vt 0.8889087 0.024506032
vt 0.88506687 0.031972826
vt 0.8930051 0.019783735
vt 0.897555 0.022528768
vt 0.89831173 0.02363944
vt 0.899642 0.026552916
vt 0.8968386 0.024202466
vt 0.8940195 0.023634672
vt 0.8942589 0.025421381
vt 0.12431694 0.7691257
vt 0.12978142 0.7691257
vt 0.12705258 0.7733198
vt 0.12641145 0.77914387
vt 0.12676838 0.77302563
vt 0.09881603 0.7342435
vt 0.10024314 0.73872006
vt 0.09881603 0.7445355
vt 0.10428051 0.7396611
vt 0.10123175 0.7336066
vt 0.30107704 0.6545676
vt 0.30930984 0.6398549
vt 0.32172912 0.6388889
vt 0.30566648 0.6407993
vt 0.32650274 0.6616576
vt 0.30100182 0.6429925
vt 0.30224258 0.6388889
vt 0.1032318 0.84562844
vt 0.1079235 0.85655737
vt 0.09308251 0.8513139
vt 0.0915953 0.84638494
vt 0.090443134 0.8497009
vt 0.091038816 0.8471079
vt 0.08672328 0.8506826
vt 0.079690345 0.85655737
vt 0.39511707 0.6916436
vt 0.41211292 0.6807833
vt 0.40452433 0.6893385
vt 0.4024242 0.6960847
vt 0.4061859 0.69615245
vt 0.393665 0.6985466
vt 0.40844265 0.70577437
vt 0.390255 0.70992714
vt 0.41211292 0.7069235
vt 0.62777674 0.37732208
vt 0.63397 0.37724924
vt 0.63433516 0.3733431
vt 0.6339701 0.3860525
vt 0.6200098 0.3859291
vt 0.62767226 0.39298725
vt 0.61353606 0.37860215
vt 0.61243224 0.38543546
vt 0.60973954 0.37914813
vt 0.6119475 0.37334394
vt 0.605263 0.3885054
vt 0.60428053 0.3729508
vt 0.3789071 0.6880692
vt 0.36748633 0.69080144
vt 0.3820583 0.69080144
vt 0.5806011 0.40846992
vt 0.588384 0.41484517
vt 0.59335154 0.40846992
vt 0.5616828 0.40846992
vt 0.56238616 0.4002732
vt 0.5560109 0.4002732
vt 0.8337473 0.20597959
vt 0.819513 0.19643128
vt 0.8343679 0.19964069
vt 0.8119308 0.19867152
vt 0.8149785 0.19638795
vt 0.82998854 0.1917122
vt 0.84542555 0.20024258
vt 0.8165477 0.19506502
vt 0.83207995 0.2504099
vt 0.82860315 0.24942839
vt 0.8357347 0.23895603
vt 0.8450226 0.23078537
vt 0.8611971 0.26141226
vt 0.8502721 0.28362262
vt 0.8383489 0.26596057
vt 0.82454187 0.2774737
vt 0.8283834 0.25979662
vt 0.8119308 0.2768067
vt 0.8762257 0.27423263
vt 0.819993 0.29501998
vt 0.8463 0.29735887
vt 0.86680937 0.29363328
vt 0.8747528 0.25896883
vt 0.86880136 0.24529177
vt 0.8586424 0.20975703
vt 0.86144716 0.22881377
vt 0.87576073 0.21549582
vt 0.82581663 0.21454
vt 0.82448745 0.22568953
vt 0.87932605 0.24889785
vt 0.87355125 0.22683215
vt 0.8176934 0.26639342
vt 0.8192167 0.25742507
vt 0.8164845 0.25550866
vt 0.8192167 0.23907101
vt 0.56911635 0.3201275
vt 0.57380784 0.30960476
vt 0.5751366 0.31695974
vt 0.5640779 0.314265
vt 0.5551002 0.31142956
vt 0.56442875 0.30235314
vt 0.56186616 0.31983107
vt 0.56663513 0.29305923
vt 0.57296914 0.29784417
vt 0.5551002 0.29280508
vt 0.5924408 0.549809
vt 0.5887978 0.5478142
vt 0.5887978 0.55692166
vt 0.5735673 0.4170134
vt 0.57743967 0.4077984
vt 0.5734618 0.41104418
vt 0.57525617 0.40300548
vt 0.57196236 0.4097296
vt 0.5859181 0.42490876
vt 0.5694168 0.43224275
vt 0.57816756 0.4395613
vt 0.59057575 0.43076771
vt 0.5924408 0.41586077
vt 0.5623599 0.4434551
vt 0.5846748 0.44398904
vt 0.55493206 0.42302334
vt 0.57016045 0.41370273
vt 0.55169517 0.4393587
vt 0.5391051 0.43059886
vt 0.5612023 0.41245556
vt 0.53506374 0.44398904
vt 0.920283 0.8846136
vt 0.9268335 0.8876624
vt 0.9175774 0.8892559
vt 0.93899196 0.8818468
vt 0.92893094 0.8770674
vt 0.92501295 0.8726567
vt 0.9333643 0.8744058
vt 0.94448334 0.86202955
vt 0.9517284 0.8804612
vt 0.9373615 0.85683924
vt 0.95681447 0.84415084
vt 0.9460855 0.8310565
vt 0.95946187 0.86427796
vt 0.96916246 0.8522516
vt 0.967012 0.8752776
vt 0.97545487 0.86227614
vt 0.9636424 0.88700277
vt 0.9758652 0.87565637
vt 0.9499318 0.8893443
vt 0.97584945 0.8892559
vt 0.9639211 0.8337154
vt 0.611932 0.019678652
vt 0.6071376 0.017112672
vt 0.61735326 0.010311961
vt 0.63281375 0.007716477
vt 0.62196046 0.03484738
vt 0.6302379 0.00057685375
vt 0.64913857 0.021490932
vt 0.60154825 0.02699691
vt 0.613248 0.04396099
vt 0.63100785 0.06460309
vt 0.6740009 0.04107988
vt 0.6572568 0.06892532
vt 0.6719654 0.020534933
vt 0.6938998 0.023822367
vt 0.7169266 0.027532697
vt 0.7033951 0.017554462
vt 0.69577116 0.066845536
vt 0.67921966 0.061535418
vt 0.6698814 0.053786814
vt 0.67280316 0.074561894
vt 0.6905463 0.07174343
vt 0.6610726 0.06398654
vt 0.65318865 0.07367033
vt 0.65764433 0.082744956
vt 0.6440536 0.0807839
vt 0.66819763 0.08408457
vt 0.6663714 0.08951229
vt 0.6567995 0.09394503
vt 0.634113 0.08940381
vt 0.62450564 0.104270816
vt 0.6408996 0.074168205
vt 0.6191304 0.08126807
vt 0.65354407 0.074646175
vt 0.67343795 0.06540871
vt 0.6138126 0.09108651
vt 0.6050356 0.07953316
vt 0.67556834 0.089368284
vt 0.6763621 0.105692744
vt 0.70047724 0.085458755
vt 0.69022787 0.1074245
vt 0.7138528 0.112371325
vt 0.7044948 0.12663925
vt 0.717065 0.13160288
vt 0.7268223 0.121147394
vt 0.7326958 0.11294353
vt 0.7275452 0.10287851
vt 0.7152231 0.010209858
vt 0.7012018 0.01096493
vt 0.7326958 0.014786541
vt 0.6894702 0.019771695
vt 0.71311474 0.0004553795
vt 0.7044946 0.0014185905
vt 0.691426 0.009633243
vt 0.68618166 0.01826626
vt 0.6788675 0.011282742
vt 0.67124444 0.0150386095
vt 0.6865438 0.02168113
vt 0.66915774 0.0066829324
vt 0.55883956 0.5441712
vt 0.5531577 0.5440883
vt 0.5496357 0.5379826
vt 0.5612132 0.538205
vt 0.5671471 0.54091245
vt 0.56621844 0.528886
vt 0.57180387 0.5348601
vt 0.5796526 0.5440883
vt 0.58515483 0.53214675
vt 0.5706059 0.5277778
vt 0.6589253 0.31284153
vt 0.6589253 0.33469945
vt 0.6573273 0.31842685
vt 0.6543877 0.3280602
vt 0.6507286 0.3135162
vt 0.6716758 0.30177402
vt 0.66347903 0.31466305
vt 0.66791064 0.30227458
vt 0.66347903 0.29735887
vt 0.6704771 0.3155738
vt 0.67202187 0.31921673
vt 0.674408 0.31843424
vt 0.6607468 0.31843424
vt 0.71539164 0.32741344
vt 0.70992714 0.32741344
vt 0.7114841 0.33105648
vt 0.67922354 0.2772714
vt 0.6786183 0.27479732
vt 0.68442625 0.27459013
vt 0.67870903 0.27880603
vt 0.67699 0.2807358
vt 0.6753188 0.2760303
vt 0.68179244 0.28113246
vt 0.6843964 0.2946278
vt 0.68442625 0.3082878
vt 0.6023151 0.3670107
vt 0.6005811 0.36968124
vt 0.59881604 0.3672011
vt 0.60701275 0.36512017
vt 0.6058279 0.34653914
vt 0.6039068 0.3559186
vt 0.6042411 0.3480214
vt 0.6068587 0.37112933
vt 0.59881604 0.34823775
vt 0.60394466 0.35384226
vt 0.09061931 0.87112933
vt 0.08925955 0.8765755
vt 0.08788707 0.8738402
vt 0.09061931 0.8765938
vt 0.08691099 0.86609554
vt 0.08776147 0.86566484
vt 0.099726774 0.8660632
vt 0.088525094 0.86748636
vt 0.08151184 0.8660632
vt 0.58588123 0.40359366
vt 0.58546716 0.397541
vt 0.59153 0.40482694
vt 0.5778689 0.404827
vt 0.59020877 0.5359745
vt 0.6006375 0.5359745
vt 0.5909575 0.53807783
vt 0.5960271 0.54234976
vt 0.58697635 0.5401659
vt 0.9300507 0.65301096
vt 0.92323256 0.67483616
vt 0.916567 0.65102303
vt 0.9357923 0.67131406
vt 0.8958676 0.66556895
vt 0.91548485 0.63400894
vt 0.9019708 0.64671665
vt 0.9277768 0.6237293
vt 0.91209614 0.627765
vt 0.8992986 0.6232794
vt 0.91907996 0.61557585
vt 0.9298331 0.61369395
vt 0.90767384 0.61307627
vt 0.896686 0.61602247
vt 0.8953567 0.60629016
vt 0.89953136 0.59783554
vt 0.89298725 0.5998778
vt 0.9041679 0.600182
vt 0.9111524 0.59153
vt 0.89455557 0.65238696
vt 0.904693 0.6834094
vt 0.89298725 0.6898907
vt 0.7408107 0.58697635
vt 0.73724955 0.57348144
vt 0.74888927 0.58694595
vt 0.7537957 0.5695604
vt 0.7453402 0.54813325
vt 0.77079326 0.58202344
vt 0.78430915 0.5648438
vt 0.77294624 0.5592656
vt 0.79828835 0.5485092
vt 0.7827918 0.54838145
vt 0.77034813 0.5473666
vt 0.79172474 0.54201305
vt 0.80173534 0.5383671
vt 0.77542645 0.54154325
vt 0.7911349 0.52626276
vt 0.79293287 0.5338535
vt 0.77488655 0.5196342
vt 0.801217 0.5244063
vt 0.7454997 0.5303802
vt 0.7494907 0.5036661
vt 0.75673 0.5409877
vt 0.76426107 0.49729943
vt 0.7499394 0.49104273
vt 0.7871375 0.50845754
vt 0.7855473 0.49653208
vt 0.8137523 0.5120388
vt 0.8109683 0.5024905
vt 0.762671 0.4808604
vt 0.7390023 0.4921174
vt 0.743404 0.47664762
vt 0.75179756 0.4710874
vt 0.74817455 0.46203554
vt 0.73724955 0.46038252
vt 0.6898907 0.33834243
vt 0.6999089 0.33834243
vt 0.69545674 0.33495718
vt 0.69198537 0.3337887
vt 0.7051507 0.33279836
vt 0.7008197 0.33834243
vt 0.7008197 0.33002555
vt 0.7053734 0.3283242
vt 0.28683966 0.85021883
vt 0.2803908 0.8422688
vt 0.27813596 0.84836423
vt 0.27269042 0.8376122
vt 0.2891621 0.87225276
vt 0.273605 0.8697123
vt 0.26333532 0.84951156
vt 0.28736135 0.88216174
vt 0.26958367 0.90274334
vt 0.24327646 0.89564717
vt 0.28498936 0.90386075
vt 0.28219816 0.9199517
vt 0.25667152 0.91988593
vt 0.28803718 0.9141017
vt 0.21935326 0.91995996
vt 0.21650112 0.89892757
vt 0.2080305 0.9135311
vt 0.22108644 0.8572285
vt 0.20355192 0.8986469
vt 0.24811164 0.83873975
vt 0.21534215 0.8379643
vt 0.20716125 0.8431027
vt 0.20355192 0.8356102
vt 0.20380281 0.85404235
vt 0.20670718 0.9212204
vt 0.39663023 0.76385695
vt 0.4040186 0.7654533
vt 0.39948648 0.77444744
vt 0.40443194 0.7555473
vt 0.42389 0.77880156
vt 0.42392525 0.7584429
vt 0.40240133 0.8195264
vt 0.4129631 0.8115127
vt 0.43853915 0.8197551
vt 0.41737115 0.8409028
vt 0.3992719 0.84289616
vt 0.45364517 0.84086525
vt 0.4734819 0.8202795
vt 0.46919504 0.77598494
vt 0.47724855 0.8414423
vt 0.4867871 0.8351552
vt 0.49140817 0.8223713
vt 0.48968858 0.84289616
vt 0.49532098 0.8342776
vt 0.49135756 0.7969482
vt 0.49328876 0.7610563
vt 0.4859666 0.752731
vt 0.46365643 0.756526
vt 0.4943994 0.74139667
vt 0.46695736 0.74297976
vt 0.50864774 0.73935866
vt 0.50956285 0.7487849
vt 0.4949332 0.73178506
vt 0.47134867 0.7319846
vt 0.45415702 0.7358315
vt 0.4448866 0.74844897
vt 0.47165623 0.7537232
vt 0.4347809 0.73960733
vt 0.9795082 0.8337887
vt 0.98850405 0.8533898
vt 0.9819096 0.8518815
vt 0.9795082 0.8710872
vt 0.9931694 0.8672597
vt 0.98038083 0.882969
vt 0.7336066 0.17674178
vt 0.72289485 0.19899821
vt 0.7236225 0.1853593
vt 0.72280693 0.17101377
vt 0.7336066 0.15503585
vt 0.7226776 0.15705359
vt 0.7288648 0.14344263
vt 0.96833456 0.18716717
vt 0.97244644 0.17699426
vt 0.9741053 0.19041419
vt 0.9519147 0.18712562
vt 0.960083 0.21134377
vt 0.9601117 0.17440802
vt 0.9439751 0.17588389
vt 0.935178 0.17453104
vt 0.92800957 0.18009466
vt 0.9258244 0.20328194
vt 0.9356471 0.21052992
vt 0.92577416 0.21065885
vt 0.9373895 0.22846198
vt 0.927649 0.2208876
vt 0.9258614 0.2203176
vt 0.9273167 0.2275067
vt 0.9258244 0.2363388
vt 0.9758652 0.20347816
vt 0.8029863 0.7251906
vt 0.83039623 0.72603405
vt 0.8101675 0.74022037
vt 0.83589774 0.7362583
vt 0.7998026 0.7418501
vt 0.80744267 0.7747883
vt 0.79652077 0.7287043
vt 0.8316475 0.77211
vt 0.7996863 0.7712486
vt 0.7909836 0.78347796
vt 0.799404 0.8023114
vt 0.82257754 0.805387
vt 0.79764843 0.81683224
vt 0.80793476 0.8192167
vt 0.8417992 0.8192167
vt 0.8644095 0.7963762
vt 0.8723489 0.8179015
vt 0.86064184 0.7495267
vt 0.8760743 0.7710214
vt 0.8704847 0.72601527
vt 0.884118 0.7244991
vt 0.8857013 0.74334747
vt 0.88434786 0.78080106
vt 0.8826436 0.8051143
vt 0.8831805 0.81801313
vt 0.9944346 0.09944612
vt 0.99043715 0.10058296
vt 0.99043715 0.0942623
vt 0.9949909 0.10336977
vt 0.99798375 0.08556503
vt 0.9949909 0.08492714
vt 0.9995446 0.090619326
vt 0.9995446 0.08333331
vt 0.8138655 0.47950816
vt 0.81796604 0.4703052
vt 0.8307852 0.46717763
vt 0.8404336 0.45791352
vt 0.80943066 0.44646382
vt 0.8448961 0.46729445
vt 0.85903895 0.4697715
vt 0.8611111 0.4246385
vt 0.837435 0.4284519
vt 0.8208738 0.42550266
vt 0.828421 0.39248896
vt 0.82230175 0.4079396
vt 0.84258586 0.38493943
vt 0.86111104 0.38330197
vt 0.81523085 0.39340627
vt 0.8121049 0.40770715
vt 0.81519186 0.3831905
vt 0.7967649 0.38650417
vt 0.8290645 0.3724972
vt 0.8345302 0.3821541
vt 0.8398978 0.3665756
vt 0.80270267 0.39807665
vt 0.78091615 0.39875805
vt 0.79569286 0.414994
vt 0.7831053 0.3836223
vt 0.78524625 0.40925992
vt 0.78749293 0.4341511
vt 0.7819273 0.422001
vt 0.7890169 0.4555446
vt 0.77641165 0.4352454
vt 0.77948165 0.46304977
vt 0.7942955 0.47525775
vt 0.9046316 0.08539295
vt 0.9043741 0.08891654
vt 0.9020947 0.08970857
vt 0.91613567 0.08970857
vt 0.9166667 0.07877958
vt 0.9185873 0.062045693
vt 0.9201744 0.060008585
vt 0.9221311 0.07168239
vt 0.91388106 0.06950629
vt 0.91302365 0.05783242
vt 0.91302365 0.07695812
vt 0.9195014 0.05823666
vt 0.9300832 0.96857923
vt 0.9412568 0.98497266
vt 0.94098413 0.9727096
vt 0.9307174 0.9822131
vt 0.91848814 0.9709538
vt 0.9263945 0.98497266
vt 0.8972047 0.7724889
vt 0.8942513 0.77779436
vt 0.89116573 0.76275045
vt 0.9173072 0.77860767
vt 0.90896934 0.76275045
vt 0.92066693 0.772402
vt 0.9248634 0.77752125
vt 0.9079491 0.7864299
vt 0.8959329 0.7860993
vt 0.88865745 0.27686232
vt 0.8765938 0.28585452
vt 0.8987591 0.28734064
vt 0.9038634 0.27586967
vt 0.89482 0.25466508
vt 0.9095465 0.2854318
vt 0.9168007 0.27330285
vt 0.90713364 0.24893689
vt 0.91998005 0.24474895
vt 0.9057702 0.23025179
vt 0.8964727 0.22318
vt 0.9225803 0.23301369
vt 0.9159351 0.22533369
vt 0.91050506 0.21032608
vt 0.89007986 0.21307433
vt 0.8865513 0.20110089
vt 0.90696764 0.1965115
vt 0.8790254 0.2032187
vt 0.8765938 0.19353372
vt 0.92356366 0.20032763
vt 0.9201513 0.19374424
vt 0.9248634 0.21474582
vt 0.91914165 0.22083896
vt 0.90278983 0.41725183
vt 0.9122745 0.41409063
vt 0.9201634 0.42760515
vt 0.92837346 0.42193305
vt 0.92402154 0.39916295
vt 0.9448587 0.41775262
vt 0.9123319 0.40645313
vt 0.9196375 0.38743043
vt 0.95319635 0.38290852
vt 0.897541 0.39929497
vt 0.9021267 0.407816
vt 0.93741715 0.3755374
vt 0.95842785 0.40959394
vt 0.9524576 0.42941713
vt 0.9603825 0.42685056
vt 0.9336815 0.42830575
vt 0.94831836 0.36994863
vt 0.9552075 0.37059486
vt 0.9603825 0.36915195
vt 0.95013297 0.36202186
vt 0.89535415 0.8216773
vt 0.8863432 0.83196723
vt 0.8802623 0.82103825
vt 0.90024096 0.8260286
vt 0.9020947 0.8215715
vt 0.87043697 0.83196723
vt 0.8729426 0.82157236
vt 0.8629326 0.82727796
vt 0.8925923 0.40442467
vt 0.8929248 0.40710902
vt 0.887885 0.40513003
vt 0.89298725 0.40374708
vt 0.87746334 0.40606582
vt 0.87390006 0.39884365
vt 0.8629326 0.400007
vt 0.86428744 0.3857013
vt 0.86486435 0.41666663
vt 0.88162476 0.41666663
vt 0.9995446 0.024134815
vt 0.9995446 0.0004553795
vt 0.99225867 0.0032444
vt 0.13160291 0.7864299
vt 0.120673954 0.7864299
vt 0.13028583 0.7973588
vt 0.6656502 0.8294919
vt 0.7124745 0.84289616
vt 0.6720486 0.8422332
vt 0.6991333 0.8052949
vt 0.72585195 0.82981426
vt 0.7219155 0.799109
vt 0.7451444 0.81022125
vt 0.746357 0.7945176
vt 0.7121321 0.78392196
vt 0.6293083 0.8319331
vt 0.629256 0.8056588
vt 0.61159295 0.822253
vt 0.6647905 0.79846585
vt 0.6619702 0.78058857
vt 0.6822184 0.78890556
vt 0.6912831 0.79617596
vt 0.746357 0.84148914
vt 0.64930093 0.77372235
vt 0.64181405 0.7709684
vt 0.62851554 0.7705043
vt 0.6164719 0.7917813
vt 0.6106557 0.81746817
vt 0.6978509 0.7683613
vt 0.6793914 0.7775024
vt 0.6820663 0.76603264
vt 0.6857321 0.757356
vt 0.67880017 0.75938505
vt 0.7034506 0.75091076
vt 0.7262514 0.76155347
vt 0.6638984 0.76795834
vt 0.6588013 0.7760666
vt 0.67036605 0.7814457
vt 0.72069955 0.7764326
vt 0.73191875 0.77476174
vt 0.7350565 0.7850006
vt 0.7278483 0.7859846
vt 0.15528233 0.8046448
vt 0.14649688 0.8119308
vt 0.13433516 0.8046448
vt 0.95862305 0.0418123
vt 0.97178787 0.03296137
vt 0.9804189 0.054276407
vt 0.9643208 0.016665995
vt 0.9787989 0.067343354
vt 0.958128 0.05973494
vt 0.9567433 0.07331514
vt 0.9497606 0.05346787
vt 0.93943536 0.059579074
vt 0.9407151 0.030932307
vt 0.95107216 0.06310469
vt 0.95547533 0.014701426
vt 0.93943536 0.00604856
vt 0.96689904 0.010071278
vt 0.96236163 0.00931704
vt 0.96942306 0.013807774
vt 0.9719561 0.0032151341
vt 0.94855815 0.005640447
vt 0.96917635 0.004319966
vt 0.94212013 0.0004553795
vt 0.97928274 0.016645014
vt 0.8004223 0.6929648
vt 0.7950498 0.68576103
vt 0.80585206 0.6820705
vt 0.7952973 0.69626594
vt 0.79778516 0.6757458
vt 0.8082878 0.66347903
vt 0.79248977 0.6777457
vt 0.78290737 0.6789344
vt 0.78544134 0.66995573
vt 0.7813296 0.6880769
vt 0.78914714 0.69494605
vt 0.7755009 0.6801273
vt 0.7755009 0.6705323
vt 0.78071207 0.6678969
vt 0.77969444 0.6659909
vt 0.7794103 0.66437817
vt 0.7814217 0.6647107
vt 0.7975831 0.5744837
vt 0.7946266 0.55965394
vt 0.80737704 0.56925285
vt 0.8014977 0.57937515
vt 0.7981707 0.5816816
vt 0.79844916 0.58212227
vt 0.7946266 0.58394474
vt 0.8013499 0.5860656
vt 0.72085613 0.7010634
vt 0.72996354 0.69262296
vt 0.72996354 0.7035519
vt 0.7279137 0.6926661
vt 0.5530267 0.5347405
vt 0.55531794 0.52794915
vt 0.55965394 0.53673166
vt 0.54589295 0.5319631
vt 0.5424393 0.5384376
vt 0.53678787 0.5277778
vt 0.53012514 0.54234976
vt 0.5223133 0.5369489
vt 0.5255037 0.52794915
vt 0.9100236 0.3603766
vt 0.91545576 0.3747723
vt 0.90687793 0.3730476
vt 0.9276636 0.35636187
vt 0.90391624 0.35860652
vt 0.91061985 0.3427472
vt 0.9216012 0.33294702
vt 0.93271834 0.33014572
vt 0.9407601 0.34365714
vt 0.93524605 0.35767365
vt 0.9567618 0.33210105
vt 0.9593567 0.34387857
vt 0.9640255 0.3359329
vt 0.95205796 0.35268688
vt 0.95962566 0.35452598
vt 0.9407436 0.35528433
vt 0.9346071 0.36263752
vt 0.93479633 0.3747723
vt 0.94142526 0.36182988
vt 0.7143188 0.69288474
vt 0.71954817 0.69808745
vt 0.7081056 0.69262296
vt 0.72358835 0.69262296
vt 0.7191473 0.6902419
vt 0.7222438 0.6853774
vt 0.7269803 0.6917122
vt 0.7287125 0.6833078
vt 0.71968347 0.674408
vt 0.70173043 0.6807874
vt 0.73040223 0.674408
vt 0.7369581 0.6747516
vt 0.74085134 0.68479794
vt 0.7472678 0.68754077
vt 0.7427194 0.68984425
vt 0.7465536 0.67633915
vt 0.81026924 0.6960977
vt 0.81375074 0.70001215
vt 0.80905664 0.6974528
vt 0.8114824 0.7035519
vt 0.8124462 0.69512653
vt 0.80908155 0.6935088
vt 0.8064663 0.68898
vt 0.81573474 0.69992083
vt 0.8164845 0.68898
vt 0.8042549 0.7163024
vt 0.8003054 0.7135667
vt 0.8000911 0.71174866
vt 0.8082878 0.71174866
vt 0.800534 0.7217668
vt 0.7964481 0.72358835
vt 0.8055556 0.72358835
vt 0.78734064 0.71539164
vt 0.78734064 0.72358835
vt 0.7891621 0.71998477
vt 0.8085059 0.684137
vt 0.8085014 0.6801131
vt 0.8089247 0.68374294
vt 0.8164845 0.6862917
vt 0.812943 0.67579496
vt 0.8103215 0.6752266
vt 0.80929923 0.6745528
vt 0.8082878 0.67349726
vt 0.8082878 0.68898
vt 0.8096784 0.6739744
vt 0.8344912 0.7199454
vt 0.83816636 0.72121084
vt 0.8383424 0.72265047
vt 0.8343981 0.7226776
vt 0.82923496 0.72265047
vt 0.8438062 0.72000444
vt 0.84323305 0.7199454
vt 0.8410747 0.7226776
vt 0.84653914 0.7226776
vt 0.8055556 0.7191628
vt 0.8082878 0.72358835
vt 0.8082878 0.71539164
vt 0.7928051 0.7199454
vt 0.8028233 0.7199454
vt 0.79494953 0.71539164
vt 0.98983556 0.5392289
vt 0.98356754 0.5458325
vt 0.9795082 0.54242736
vt 0.98815596 0.5473723
vt 0.99142283 0.54747593
vt 0.9861677 0.5484651
vt 0.9853419 0.55115324
vt 0.99772316 0.5428283
vt 0.9905918 0.5495314
vt 0.99772316 0.53600514
vt 0.9946568 0.5523679
vt 0.9910353 0.55138797
vt 0.99549127 0.53544307
vt 0.9943953 0.534153
vt 0.9957124 0.5343421
vt 0.97952664 0.54564846
vt 0.9876253 0.5490454
vt 0.9876329 0.5518608
vt 0.8693078 0.7163024
vt 0.8693078 0.7217668
vt 0.8702186 0.7163921
vt 0.8152256 0.71682143
vt 0.81218696 0.718286
vt 0.8147598 0.71627724
vt 0.81562275 0.7189731
vt 0.8151479 0.7144809
vt 0.8165269 0.7158537
vt 0.8163546 0.72089654
vt 0.81661403 0.71581316
vt 0.81299543 0.72180057
vt 0.82103825 0.7226776
vt 0.8100161 0.7201384
vt 0.8094679 0.7215274
vt 0.80919856 0.7226776
vt 0.8184536 0.7186335
vt 0.6334305 0.5703792
vt 0.6297814 0.5769581
vt 0.6299437 0.565103
vt 0.634687 0.5648698
vt 0.6335267 0.5554973
vt 0.6444903 0.56075627
vt 0.64383554 0.5471513
vt 0.6498178 0.55531764
vt 0.6342023 0.5446401
vt 0.6398372 0.5349084
vt 0.6495342 0.54227513
vt 0.6297814 0.53695536
vt 0.6457631 0.5323315
vt 0.7179249 0.46493626
vt 0.72540987 0.47677594
vt 0.72016275 0.4766296
vt 0.71539164 0.47677594
vt 0.58605546 0.49444664
vt 0.5923857 0.49862707
vt 0.58601373 0.50785524
vt 0.5942623 0.48579222
vt 0.58396256 0.4806614
vt 0.57906973 0.49229896
vt 0.5791439 0.50366455
vt 0.57058287 0.4749545
vt 0.57312226 0.5036932
vt 0.5753745 0.50910836
vt 0.57058287 0.51130855
vt 0.58036953 0.51229507
vt 0.8645802 0.71491313
vt 0.86566484 0.71539164
vt 0.8611111 0.71539164
vt 0.86489004 0.7138174
vt 0.8636263 0.7135701
vt 0.8574681 0.6953552
vt 0.85655737 0.69879854
vt 0.8574681 0.69899815
vt 0.81235945 0.5800291
vt 0.81466305 0.58697635
vt 0.80919856 0.5782767
vt 0.812471 0.5794324
vt 0.81466305 0.57422584
vt 0.8133813 0.57935697
vt 0.8046448 0.58666044
vt 0.80373406 0.58788705
vt 0.8037342 0.58151186
vt 0.8283242 0.72293544
vt 0.8260513 0.7218826
vt 0.82708305 0.7200873
vt 0.8224734 0.7244991
vt 0.82463014 0.7203826
vt 0.8260905 0.7187518
vt 0.8238056 0.7208215
vt 0.8224734 0.71812385
vt 0.8232275 0.72002506
vt 0.82245886 0.7201176
vt 0.821949 0.7220504
vt 0.8638433 0.7168563
vt 0.86566484 0.7163024
vt 0.8652392 0.71801746
vt 0.86566484 0.72085613
vt 0.86839706 0.7167316
vt 0.8673244 0.72085613
vt 0.8665756 0.71779567
vt 0.8673244 0.7163024
vt 0.8501822 0.71812385
vt 0.85191375 0.72085613
vt 0.85461575 0.7191783
vt 0.85655737 0.72085613
vt 0.86001325 0.71969116
vt 0.8611111 0.71812385
vt 0.86109674 0.7208254
vt 0.8583789 0.7183845
vt 0.8608914 0.7218423
vt 0.8583789 0.72358835
vt 0.86020035 0.71539164
vt 0.85870147 0.7135701
vt 0.85655737 0.71539164
vt 0.8490853 0.7214897
vt 0.8492714 0.7244991
vt 0.8474499 0.7232178
vt 0.8480626 0.7208787
vt 0.8492714 0.71812385
vt 0.8546547 0.7217668
vt 0.8501822 0.72302467
vt 0.85378915 0.72358835
vt 0.8574681 0.72302467
vt 0.79402065 0.72383106
vt 0.79553735 0.72543293
vt 0.79334444 0.72905284
vt 0.7928051 0.7241306
vt 0.79334444 0.7217668
vt 0.7511815 0.3379234
vt 0.77429837 0.33014572
vt 0.77224123 0.33996642
vt 0.7567088 0.3527313
vt 0.775581 0.36172384
vt 0.7340097 0.35344088
vt 0.7453908 0.3670504
vt 0.7292656 0.34445763
vt 0.76407343 0.36687988
vt 0.7337005 0.36797822
vt 0.73638463 0.37686193
vt 0.75587153 0.37325823
vt 0.75372815 0.377433
vt 0.77008337 0.3789969
vt 0.7341115 0.38478392
vt 0.7259107 0.38033956
vt 0.75367385 0.39075363
vt 0.73402107 0.39346135
vt 0.7624567 0.40617675
vt 0.77561015 0.39268446
vt 0.7380466 0.41093957
vt 0.7477759 0.41570675
vt 0.7386149 0.41923857
vt 0.7582095 0.41851515
vt 0.7769022 0.41391754
vt 0.7800546 0.40510798
vt 0.76392007 0.4248842
vt 0.77600247 0.42348737
vt 0.74673104 0.4299543
vt 0.7496698 0.4367236
vt 0.71788067 0.43978715
vt 0.731694 0.41028106
vt 0.7313479 0.4420421
vt 0.7160832 0.4016801
vt 0.6957814 0.4158454
vt 0.69262296 0.43307042
vt 0.70114964 0.40177655
vt 0.70004576 0.3875029
vt 0.7057491 0.38152176
vt 0.7033311 0.447321
vt 0.69280845 0.45127505
vt 0.7800546 0.3781827
vt 0.7270576 0.3701564
vt 0.9867942 0.53465927
vt 0.98549795 0.53688526
vt 0.9855113 0.5340944
vt 0.98406196 0.5323793
vt 0.98549795 0.53142077
vt 0.955849 0.5259563
vt 0.9572 0.52399504
vt 0.96015084 0.52169764
vt 0.95309657 0.5195811
vt 0.9596393 0.5259563
vt 0.9603825 0.5246314
vt 0.94854283 0.52131724
vt 0.9481051 0.52868855
vt 0.9467213 0.52326113
vt 0.9481051 0.5204918
vt 0.9603825 0.30855513
vt 0.9667577 0.3113227
vt 0.9603825 0.3283242
vt 0.96517694 0.29098362
vt 0.32903823 0.6059165
vt 0.3333132 0.59153
vt 0.32485572 0.6006119
vt 0.33977506 0.5979507
vt 0.32103825 0.6158451
vt 0.32932734 0.6161202
vt 0.34073308 0.60886735
vt 0.34107468 0.6158451
vt 0.46582127 0.39663023
vt 0.44489983 0.39663023
vt 0.45380569 0.40618247
vt 0.47677594 0.41124177
vt 0.46153337 0.41666663
vt 0.44961405 0.41562873
vt 0.9898398 0.91082484
vt 0.9790297 0.9176374
vt 0.9805378 0.90263605
vt 0.9624216 0.90749115
vt 0.98229694 0.89136684
vt 0.9995446 0.89116573
vt 0.9734528 0.9198051
vt 0.9733978 0.9186121
vt 0.9751945 0.922453
vt 0.9726728 0.9194937
vt 0.95392835 0.89201957
vt 0.947141 0.9008935
vt 0.9435742 0.9031014
vt 0.942147 0.90433127
vt 0.9385246 0.89116573
vt 0.97749436 0.92941713
vt 0.79843384 0.8662885
vt 0.8012445 0.8786833
vt 0.79007286 0.8893443
vt 0.8124659 0.84318805
vt 0.8107157 0.8608629
vt 0.8046498 0.84233725
vt 0.81772345 0.8455094
vt 0.81747806 0.8435044
vt 0.84215194 0.8213999
vt 0.849744 0.82670933
vt 0.8386939 0.8225126
vt 0.84213185 0.8368378
vt 0.84180343 0.8201275
vt 0.82792825 0.8268392
vt 0.82119316 0.84383404
vt 0.81832004 0.84313655
vt 0.8535746 0.8430567
vt 0.8451456 0.8657854
vt 0.84994125 0.86226606
vt 0.8535261 0.873217
vt 0.85289824 0.8893443
vt 0.83019847 0.85945624
vt 0.8384089 0.8831205
vt 0.81748 0.88173723
vt 0.79976404 0.8839654
vt 0.8186051 0.8436296
vt 0.8701826 0.8594411
vt 0.8735342 0.83610994
vt 0.89809924 0.8599454
vt 0.90118396 0.845936
vt 0.874229 0.8805
vt 0.8852074 0.8762586
vt 0.9949909 0.8801763
vt 0.9895264 0.87527543
vt 0.9949909 0.87112933
vt 0.9923137 0.8884335
vt 0.9964222 0.8793028
vt 0.99667853 0.87822175
vt 0.99738437 0.8786463
vt 0.99590164 0.8746773
vt 0.99863386 0.8884335
vt 0.99623406 0.8786123
vt 0.99863386 0.8629326
vt 0.97859746 0.85453707
vt 0.9740437 0.85453707
vt 0.9784385 0.85382515
vt 0.9776191 0.8556466
vt 0.4949909 0.6782959
vt 0.4870813 0.6862481
vt 0.47930118 0.6823454
vt 0.47293964 0.69080144
vt 0.47635156 0.67622954
vt 0.4670452 0.6814027
vt 0.4684868 0.68791133
vt 0.46038252 0.6769366
vt 0.46038252 0.6878526
vt 0.19134703 0.8306164
vt 0.17026764 0.8438069
vt 0.17694718 0.82009536
vt 0.1917122 0.8153679
vt 0.1465938 0.82457495
vt 0.14721723 0.8153636
vt 0.17300303 0.81355053
vt 0.14860062 0.83783865
vt 0.11876219 0.8316261
vt 0.12474744 0.84342915
vt 0.103932045 0.8438069
vt 0.11746166 0.8072198
vt 0.09041308 0.8425921
vt 0.09457418 0.81726134
vt 0.124029174 0.80455637
vt 0.104043216 0.79592687
vt 0.112656 0.794658
vt 0.1031028 0.78700256
vt 0.090641856 0.80243444
vt 0.096458964 0.7827869
vt 0.08369492 0.78461885
vt 0.06888146 0.79458463
vt 0.07751576 0.8105025
vt 0.06282548 0.8061458
vt 0.054189436 0.7876358
vt 0.07643616 0.822309
vt 0.08381876 0.8295589
vt 0.120741256 0.79823226
vt 0.07984452 0.8342474
vt 0.067155 0.83226854
vt 0.06844969 0.8163115
vt 0.07578771 0.8111117
vt 0.08262384 0.84161496
vt 0.070916735 0.8423522
vt 0.8216888 0.4940802
vt 0.81557375 0.48770493
vt 0.8274135 0.48770493
vt 0.65999323 0.7485068
vt 0.68442625 0.7527322
vt 0.6724633 0.74719614
vt 0.6703609 0.7418033
vt 0.66401887 0.7434684
vt 0.6428415 0.7465734
vt 0.6334244 0.7527322
vt 0.5558862 0.6862477
vt 0.55309314 0.6953552
vt 0.54234976 0.6898521
vt 0.5658613 0.6914132
vt 0.57641184 0.6863288
vt 0.57919043 0.6953551
vt 0.5860656 0.6914708
vt 0.4784292 0.08659935
vt 0.48941767 0.0990994
vt 0.4729831 0.101213336
vt 0.47560033 0.10740024
vt 0.49729967 0.08439064
vt 0.46857923 0.11062956
vt 0.51786804 0.11269516
vt 0.52163523 0.11885244
vt 0.50401956 0.108555436
vt 0.5565963 0.06324279
vt 0.572511 0.07310116
vt 0.5514799 0.08196026
vt 0.5354225 0.07745683
vt 0.5349515 0.05784601
vt 0.5731505 0.05726552
vt 0.5543233 0.055161893
vt 0.52200145 0.061312914
vt 0.5170033 0.07908094
vt 0.5140775 0.093667805
vt 0.52313995 0.10595977
vt 0.544724 0.09004992
vt 0.51496387 0.10758424
vt 0.5073939 0.09136677
vt 0.5088201 0.07646352
vt 0.49496755 0.072945416
vt 0.50896484 0.058074117
vt 0.482353 0.0805673
vt 0.48524004 0.05645454
vt 0.49601722 0.053278685
vt 0.56812364 0.08019936
vt 0.5936789 0.07632184
vt 0.59235454 0.06661779
vt 0.57938915 0.053278685
vt 0.5997714 0.059916794
vt 0.6071387 0.06705183
vt 0.61247724 0.078234136
vt 0.9391455 0.8978308
vt 0.93619806 0.897541
vt 0.9330601 0.90664846
vt 0.93943536 0.90664846
vt 0.14530584 0.7488443
vt 0.15620044 0.7618949
vt 0.13250645 0.7654827
vt 0.15743183 0.7515903
vt 0.1302254 0.7435032
vt 0.1434486 0.7434159
vt 0.12218257 0.7566487
vt 0.120516166 0.7468108
vt 0.108834244 0.75774235
vt 0.11870796 0.7345173
vt 0.1523141 0.7383064
vt 0.15892532 0.7345173
vt 0.1334244 0.80373406
vt 0.15619308 0.80373406
vt 0.1464561 0.7991803
vt 0.9396938 0.9574593
vt 0.9509389 0.95249
vt 0.9489146 0.9667577
vt 0.9398578 0.93462723
vt 0.94082826 0.96633303
vt 0.9308158 0.9627065
vt 0.9239944 0.94402796
vt 0.91913503 0.9631154
vt 0.92286646 0.9270312
vt 0.9140745 0.93363965
vt 0.93995 0.9145813
vt 0.95483565 0.9075592
vt 0.95190865 0.9168128
vt 0.951762 0.93513566
vt 0.9603825 0.9334745
vt 0.95167184 0.9502601
vt 0.959269 0.91743535
vt 0.9126564 0.92298394
vt 0.9116119 0.95013875
vt 0.90734464 0.93600893
vt 0.9110581 0.9607183
vt 0.907808 0.96303195
vt 0.89480877 0.9667577
vt 0.59517306 0.99590164
vt 0.6279599 0.99590164
vt 0.60467833 0.9867942
vt 0.62208146 0.96493626
vt 0.6363173 0.97842366
vt 0.6079235 0.97148824
vt 0.6309714 0.9902446
vt 0.61352634 0.98547775
vt 0.6448709 0.99590164
vt 0.6643898 0.97646886
vt 0.6575981 0.96493626
vt 0.45890525 0.97906893
vt 0.47219577 0.99043715
vt 0.45964813 0.9853471
vt 0.44489983 0.97859746
vt 0.47387058 0.97859746
vt 0.4795082 0.9858526
vt 0.4849727 0.28278685
vt 0.4901281 0.26873422
vt 0.5031876 0.28278685
vt 0.50191575 0.26548266
vt 0.79547554 0.47708482
vt 0.7779494 0.47801167
vt 0.79708576 0.48613244
vt 0.7914438 0.4949909
vt 0.80989885 0.47677594
vt 0.811306 0.4861859
vt 0.8119308 0.4949909
vt 0.7755009 0.49314797
vt 0.46285528 0.5113186
vt 0.4861607 0.50477874
vt 0.46862143 0.5297971
vt 0.50177133 0.5237185
vt 0.4521392 0.53225935
vt 0.4503643 0.549892
vt 0.46046034 0.55808526
vt 0.5045571 0.49954462
vt 0.5179023 0.5285749
vt 0.4787263 0.55563307
vt 0.51481444 0.53619325
vt 0.50459504 0.5459101
vt 0.46882722 0.5758658
vt 0.48941508 0.5742726
vt 0.4732998 0.58461535
vt 0.46584716 0.58602154
vt 0.4832704 0.5896425
vt 0.50820947 0.5626753
vt 0.52227443 0.5449972
vt 0.5237429 0.55742097
vt 0.53335804 0.5528793
vt 0.531572 0.57455236
vt 0.5066301 0.58850086
vt 0.52246654 0.60171086
vt 0.54083955 0.5839055
vt 0.5398694 0.6000036
vt 0.53188336 0.60852456
vt 0.5072753 0.61136174
vt 0.5220192 0.6291235
vt 0.56604457 0.61916363
vt 0.5538405 0.6655712
vt 0.57477534 0.649501
vt 0.5796883 0.6198965
vt 0.57328874 0.6764668
vt 0.5110939 0.66495246
vt 0.49105436 0.57788634
vt 0.5296005 0.68204385
vt 0.55401856 0.68533695
vt 0.4950721 0.67639595
vt 0.4971294 0.6127907
vt 0.57271814 0.6137289
vt 0.5603158 0.6101668
vt 0.4910246 0.6497536
vt 0.4754002 0.6625477
vt 0.47476253 0.64708066
vt 0.4849134 0.631777
vt 0.47274753 0.6359455
vt 0.46165225 0.6541061
vt 0.45599416 0.63920075
vt 0.4628071 0.6282468
vt 0.47977224 0.6195812
vt 0.47800076 0.6131303
vt 0.50313854 0.59772325
vt 0.4503643 0.65234464
vt 0.4549806 0.6677154
vt 0.4659111 0.6650051
vt 0.48918265 0.6133183
vt 0.5653201 0.6841194
vt 0.58151186 0.61029166
vt 0.5078518 0.6103033
vt 0.57502 0.6852213
vt 0.4932574 0.62144643
vt 0.6896243 0.99043715
vt 0.7099474 0.97603834
vt 0.70733714 0.99043715
vt 0.68623847 0.97112584
vt 0.70292044 0.96184003
vt 0.67003435 0.98865014
vt 0.6901826 0.9601893
vt 0.6662113 0.96964186
vt 0.706613 0.9544094
vt 0.7128976 0.9656024
vt 0.66831017 0.960051
vt 0.69751346 0.95309657
vt 0.7178296 0.9603215
vt 0.72358835 0.97219753
vt 0.62067395 0.9320762
vt 0.62067395 0.91211295
vt 0.613388 0.9262953
vt 0.61544806 0.9467213
vt 0.6662113 0.14749533
vt 0.6626649 0.14925563
vt 0.6659167 0.15831637
vt 0.6571818 0.15258425
vt 0.6662113 0.1716758
vt 0.6622773 0.14162111
vt 0.65346086 0.16429693
vt 0.81739527 0.369025
vt 0.8152112 0.3770669
vt 0.8090549 0.3745665
vt 0.80323654 0.37932605
vt 0.80523056 0.35737258
vt 0.81739527 0.34054828
vt 0.80518734 0.36978322
vt 0.80078506 0.3283242
vt 0.7946266 0.34625125
vt 0.8050164 0.36156273
vt 0.5751366 0.101548254
vt 0.5787796 0.09656662
vt 0.5751366 0.09335154
vt 0.5906193 0.16779244
vt 0.596473 0.17440253
vt 0.5908752 0.17622948
vt 0.6020637 0.16818917
vt 0.6006771 0.15903318
vt 0.6033698 0.15565497
vt 0.5908752 0.1388889
vt 0.8046448 0.5276926
vt 0.8217827 0.5428317
vt 0.8046448 0.5496357
vt 0.8246812 0.5241348
vt 0.5632062 0.10792351
vt 0.57058287 0.10519129
vt 0.5587432 0.10519123
vt 0.93397087 0.897541
vt 0.93052286 0.9064357
vt 0.9275956 0.89772743
vt 0.9275956 0.90664846
vt 0.9640255 0.92668486
vt 0.9676685 0.92668486
vt 0.9644443 0.9225474
vt 0.966989 0.9193989
vt 0.97807306 0.12059361
vt 0.9866007 0.12519658
vt 0.9802399 0.12926912
vt 0.9846026 0.11685085
vt 0.9649852 0.115896225
vt 0.9852177 0.10401183
vt 0.96965253 0.12978142
vt 0.95711654 0.12585688
vt 0.95209706 0.113765836
vt 0.9619959 0.09702313
vt 0.95061 0.09859872
vt 0.9886157 0.09494841
vt 0.97988284 0.08406949
vt 0.96761 0.08186674
vt 0.9571799 0.077816606
vt 0.9769504 0.07331514
vt 0.9535172 0.08175373
vt 0.94769657 0.08312839
vt 0.9520176 0.07331514
vt 0.9455736 0.07998735
vt 0.93284744 0.076520264
vt 0.93214935 0.09509796
vt 0.5092268 0.019446373
vt 0.4951368 0.017899752
vt 0.5085428 0.007741332
vt 0.513643 0.013254583
vt 0.51994425 0.017878473
vt 0.52850574 0.017124474
vt 0.51685673 0.033037603
vt 0.5033366 0.03487283
vt 0.52636504 0.027760804
vt 0.53643167 0.045992732
vt 0.54315966 0.03533572
vt 0.5489119 0.018917978
vt 0.5605974 0.045075357
vt 0.5607331 0.02786988
vt 0.5710592 0.026193976
vt 0.56437653 0.0139606
vt 0.5786441 0.019462109
vt 0.58555037 0.03366524
vt 0.5740484 0.007741332
vt 0.59166545 0.011184871
vt 0.5970333 0.027547061
vt 0.6033698 0.016221046
vt 0.5744417 0.038713515
vt 0.48952642 0.026081681
vt 0.52465224 0.009398162
vt 0.9223328 0.8271142
vt 0.9113913 0.82400507
vt 0.9235843 0.80068773
vt 0.91144603 0.80611247
vt 0.9248634 0.85462856
vt 0.91230214 0.8514827
vt 0.9049106 0.800663
vt 0.9006218 0.8075524
vt 0.90682906 0.86300415
vt 0.9166991 0.87512827
vt 0.8980676 0.8708335
vt 0.9001129 0.88205826
vt 0.88686234 0.80888736
vt 0.8857013 0.7996268
vt 0.89701766 0.79480195
vt 0.9248634 0.7800546
vt 0.51961595 0.9823598
vt 0.5190823 0.98409605
vt 0.51589394 0.97177577
vt 0.5223133 0.9667577
vt 0.51190674 0.9670982
vt 0.501206 0.9777209
vt 0.51337117 0.98354197
vt 0.5054205 0.9873607
vt 0.50120676 0.9892325
vt 0.4895492 0.9818481
vt 0.5145119 0.9940801
vt 0.5120136 0.9892437
vt 0.49929327 0.97098917
vt 0.510243 0.9722498
vt 0.51003957 0.98056394
vt 0.5116457 0.9688814
vt 0.5130504 0.98780155
vt 0.48399562 0.97554857
vt 0.49097008 0.9889514
vt 0.4840681 0.9862689
vt 0.4776867 0.9940801
vt 0.48203433 0.9872935
vt 0.5787796 0.92668486
vt 0.5806011 0.9341242
vt 0.5787796 0.93526226
vt 0.5803857 0.94034606
vt 0.91853505 0.8985112
vt 0.9248634 0.91148347
vt 0.9165972 0.9100014
vt 0.91299343 0.88114756
vt 0.90439796 0.8849721
vt 0.90260965 0.9082996
vt 0.91025025 0.9222244
vt 0.8841334 0.8897847
vt 0.8853388 0.88114756
vt 0.8796163 0.9091238
vt 0.90414935 0.9303279
vt 0.8787269 0.8826204
vt 0.88213927 0.8826414
vt 0.860785 0.8919819
vt 0.8581903 0.9092985
vt 0.86960685 0.91790324
vt 0.8426701 0.90431297
vt 0.85035694 0.9240542
vt 0.8347861 0.8895464
vt 0.8301457 0.9027337
vt 0.8353336 0.9211013
vt 0.85892797 0.9290842
vt 0.8876464 0.9195558
vt 0.96857923 0.9357923
vt 0.9711755 0.9312103
vt 0.96857923 0.9285064
vt 0.9722222 0.93208826
vt 0.9949909 0.85157365
vt 0.9940801 0.8492714
vt 0.9940801 0.8702186
vt 0.9657504 0.9328472
vt 0.9676685 0.9367031
vt 0.9655009 0.9346021
vt 0.9676685 0.9275956
vt 0.96493626 0.9342957
vt 0.59373295 0.89845175
vt 0.59153 0.8959281
vt 0.5988938 0.89571947
vt 0.602459 0.89845175
vt 0.7847451 0.97347814
vt 0.7878608 0.9588866
vt 0.79553735 0.97273207
vt 0.77830255 0.9607852
vt 0.7803096 0.95385355
vt 0.7711183 0.9776867
vt 0.76785123 0.96436816
vt 0.7648791 0.97359
vt 0.7686832 0.95309657
vt 0.7540025 0.9546579
vt 0.7531031 0.9708222
vt 0.7439837 0.96262056
vt 0.7340737 0.9776867
vt 0.7432104 0.9579716
vt 0.7386327 0.95903194
vt 0.73470163 0.9640682
vt 0.7244991 0.9731335
vt 0.59881604 0.1304903
vt 0.6048803 0.13279402
vt 0.60974497 0.14162111
vt 0.60974497 0.120673954
vt 0.76972604 0.09184134
vt 0.78432614 0.090918005
vt 0.79007286 0.10336977
vt 0.7733105 0.08105844
vt 0.7763709 0.10215533
vt 0.7615332 0.07786882
vt 0.75982064 0.08429688
vt 0.74269444 0.084585965
vt 0.7536316 0.09253669
vt 0.7648888 0.09528053
vt 0.7408925 0.0922513
vt 0.7602102 0.10336977
vt 0.58151186 0.09517306
vt 0.5820044 0.08697629
vt 0.5894272 0.087524414
vt 0.58970857 0.09517306
vt 0.6695849 0.7144809
vt 0.6807833 0.7108379
vt 0.65437156 0.7108379
vt 0.3688179 0.2718835
vt 0.36042905 0.26534802
vt 0.37098753 0.260929
vt 0.35200363 0.270553
vt 0.37776908 0.2711373
vt 0.3796731 0.28038597
vt 0.38479054 0.2780801
vt 0.3700394 0.28517032
vt 0.35956126 0.28601813
vt 0.35200363 0.3010018
vt 0.38363728 0.29402173
vt 0.81284153 0.14731085
vt 0.818306 0.15801454
vt 0.818306 0.14344263
vt 0.6607468 0.1388889
vt 0.6607468 0.12431693
vt 0.6498178 0.13258153
vt 0.8164845 0.101548254
vt 0.8101093 0.11176032
vt 0.8164845 0.119763196
vt 0.8137523 0.12985224
vt 0.81739527 0.14253187
vt 0.81739527 0.12431693
vt 0.6291941 0.86448246
vt 0.6316915 0.87568307
vt 0.62067395 0.8746161
vt 0.63797814 0.8674524
vt 0.6366526 0.85753137
vt 0.6271449 0.85315096
vt 0.6288272 0.84727883
vt 0.62067395 0.8503158
vt 0.6221563 0.83743167
vt 0.36930785 0.22636122
vt 0.3747723 0.2445355
vt 0.3747723 0.21106869
vt 0.37163386 0.20081967
vt 0.49653044 0.908302
vt 0.48952642 0.88929075
vt 0.5051802 0.9083601
vt 0.5053678 0.9212204
vt 0.5186057 0.91446036
vt 0.5209693 0.903635
vt 0.50296813 0.8879985
vt 0.534955 0.9182461
vt 0.54600006 0.90390104
vt 0.5258934 0.8884786
vt 0.55294096 0.9208965
vt 0.5603749 0.90718216
vt 0.5630261 0.9153663
vt 0.5730415 0.90975523
vt 0.573346 0.89865863
vt 0.55858755 0.89442325
vt 0.5841589 0.9032224
vt 0.5842441 0.89258224
vt 0.50331414 0.8638433
vt 0.51761353 0.8638433
vt 0.7404094 0.9949909
vt 0.72632056 0.9899073
vt 0.7481644 0.9870779
vt 0.75853723 0.98853415
vt 0.76016396 0.98224044
vt 0.7670797 0.9915955
vt 0.77367944 0.98457766
vt 0.7722055 0.9949909
vt 0.63939244 0.7673042
vt 0.6646647 0.7623966
vt 0.66712207 0.75728595
vt 0.6462761 0.75790334
vt 0.6361567 0.75728595
vt 0.73178506 0.72357
vt 0.74376225 0.72449595
vt 0.73280305 0.72996354
vt 0.7403798 0.7110561
vt 0.73178506 0.6998396
vt 0.7472678 0.7086119
vt 0.73753977 0.68898
vt 0.6395002 0.6660612
vt 0.63844174 0.65710384
vt 0.6507286 0.66727614
vt 0.6279599 0.6635646
vt 0.6477779 0.6767949
vt 0.6328719 0.6769374
vt 0.639653 0.6865717
vt 0.6279599 0.6880692
vt 0.9168149 0.58277017
vt 0.92577416 0.5709323
vt 0.92342055 0.5860656
vt 0.91715133 0.56785065
vt 0.9119504 0.5772874
vt 0.9046174 0.5711434
vt 0.902877 0.57673913
vt 0.8918219 0.5799375
vt 0.8930592 0.5860656
vt 0.882969 0.5813104
vt 0.9297207 0.57969034
vt 0.9256128 0.5609477
vt 0.93914926 0.56837827
vt 0.94945353 0.5570999
vt 0.9387604 0.5514598
vt 0.9226814 0.54801756
vt 0.9081904 0.5464256
vt 0.9279981 0.52537763
vt 0.9035292 0.5270121
vt 0.9204737 0.5079861
vt 0.91317254 0.50184715
vt 0.9400777 0.5108764
vt 0.9323854 0.50529385
vt 0.9422503 0.5345668
vt 0.9242203 0.5001767
vt 0.90118396 0.49964213
vt 0.9117402 0.4949909
vt 0.90118396 0.56158185
vt 0.9892208 0.80863756
vt 0.9795082 0.79863304
vt 0.99590164 0.79371583
vt 0.9827485 0.8048868
vt 0.99590164 0.81253767
vt 0.9885372 0.8173142
vt 0.9904179 0.82628524
vt 0.98297143 0.8289223
vt 0.995018 0.8419854
vt 0.9852368 0.8407416
vt 0.7223096 0.90664846
vt 0.7361835 0.91848814
vt 0.7172131 0.91848814
vt 0.7385603 0.90763265
vt 0.7454698 0.91598886
vt 0.7600182 0.91194767
vt 0.537796 0.8703254
vt 0.5393334 0.85655737
vt 0.54326046 0.8760451
vt 0.537796 0.8794877
vt 0.54263824 0.8838798
vt 0.5824226 0.674408
vt 0.5945169 0.68938476
vt 0.5889858 0.6943088
vt 0.6006375 0.69290495
vt 0.59453 0.7058346
vt 0.5824226 0.7081056
vt 0.39920083 0.029516459
vt 0.37898183 0.028816104
vt 0.39366427 0.021402538
vt 0.38572225 0.031434596
vt 0.373994 0.040372014
vt 0.3674871 0.044368207
vt 0.37172163 0.058944345
vt 0.3653093 0.03362286
vt 0.38171834 0.059172153
vt 0.36300936 0.0518952
vt 0.35746813 0.059653938
vt 0.38729408 0.048104227
vt 0.39843655 0.059653938
vt 0.38683507 0.03247291
vt 0.39736673 0.031443477
vt 0.39843038 0.043036938
vt 0.40300545 0.051796675
vt 0.5120757 0.118061304
vt 0.52686703 0.1243608
vt 0.5187635 0.13869864
vt 0.50654805 0.1249727
vt 0.50618434 0.13754469
vt 0.49408016 0.10701275
vt 0.5088018 0.14424765
vt 0.51875436 0.15150118
vt 0.49831575 0.14484793
vt 0.49437448 0.1389749
vt 0.5060603 0.15416229
vt 0.49408016 0.15378141
vt 0.5010283 0.16347909
vt 0.5167382 0.16140705
vt 0.0034330573 0.67165536
vt 0.012076965 0.66790664
vt 0.011950685 0.6808264
vt 0.003371036 0.6569035
vt 0.0031876138 0.6887389
vt 0.012295082 0.69417924
vt 0.005019238 0.7026412
vt 0.012295082 0.6552823
vt 0.018733317 0.7312632
vt 0.014092343 0.7500134
vt 0.0052087167 0.7504086
vt 0.014888121 0.7618397
vt 0.0040983604 0.7333132
vt 0.0110945795 0.7209963
vt 0.020491803 0.722383
vt 0.014765553 0.71265936
vt 0.020491803 0.7566735
vt 0.15871653 0.85341376
vt 0.16810872 0.8467286
vt 0.1713409 0.8556466
vt 0.15163934 0.84289616
vt 0.18428704 0.8527894
vt 0.18322854 0.84289616
vt 0.19180459 0.8433028
vt 0.19535519 0.8516862
vt 0.10307139 0.67189056
vt 0.111147724 0.67896175
vt 0.094536714 0.6762753
vt 0.11818772 0.6711052
vt 0.096781366 0.66645235
vt 0.08970856 0.6684374
vt 0.10544645 0.66530055
vt 0.12420299 0.66863376
vt 0.12663056 0.6769123
vt 0.1352459 0.67646337
vt 0.13257506 0.66530055
vt 0.012155846 0.5856799
vt 0.019238282 0.58918536
vt 0.0104735885 0.59628236
vt 0.022513768 0.5749703
vt 0.021185262 0.5969945
vt 0.032050114 0.5868521
vt 0.03506375 0.570231
vt 0.02443324 0.5668852
vt 0.022646122 0.5546524
vt 0.030048769 0.54954773
vt 0.016160246 0.541439
vt 0.0104735885 0.54596734
vt 0.31222084 0.7363388
vt 0.31085005 0.7476322
vt 0.30622393 0.73935294
vt 0.31739527 0.74441373
vt 0.29725277 0.74908924
vt 0.29353598 0.73902214
vt 0.28603908 0.74689245
vt 0.28194684 0.7363388
vt 0.2654827 0.74176335
vt 0.243641 0.70083904
vt 0.23421618 0.6999089
vt 0.24002698 0.71002483
vt 0.23360656 0.7108532
vt 0.2550318 0.7118477
vt 0.26650482 0.72157896
vt 0.24351576 0.7217507
vt 0.26732662 0.71026236
vt 0.28278688 0.7018258
vt 0.2824938 0.7121977
vt 0.27650848 0.6999089
vt 0.26320633 0.72540987
vt 0.23440099 0.82162124
vt 0.22595206 0.82884604
vt 0.22540984 0.8188038
vt 0.240632 0.8310565
vt 0.2563786 0.82259566
vt 0.251875 0.818306
vt 0.260405 0.8310565
vt 0.27550092 0.82498765
vt 0.462204 0.22814208
vt 0.46949 0.22814208
vt 0.46848768 0.2172131
vn -0.13751961 0.98866546 -0.060240686
vn -0.21564992 -0.89024264 -0.4012021
vn -0.6068863 -0.58694226 0.53589904
vn -0.013658545 0.98994976 -0.14075817
vn -0.043029416 -0.9863557 0.15890522
vn -0.6082955 0.78831285 0.09240946
vn -0.65071213 0.7488595 0.1256311
vn -0.44776466 -0.89059824 0.07963428
vn -0.6623056 0.72146404 0.20209159
vn -0.88330996 -0.4687078 -0.008747732
vn -0.8092835 0.5748704 -0.12076534
vn -0.5102993 0.835902 0.20214471
vn -0.95506334 0.20524922 -0.21383816
vn -0.93588537 0.266128 0.23085581
vn -0.82031375 0.3085639 -0.48153263
vn -0.9394445 0.31800094 -0.12774761
vn -0.94205946 -0.10978427 -0.31697217
vn -0.844324 0.5270729 0.09649414
vn -0.70898694 0.70484424 -0.023066634
vn -0.60717255 0.634782 -0.4779051
vn -0.8878738 0.43818492 -0.14026424
vn -0.6065166 0.7879074 0.10648734
vn -0.8430656 0.5208063 -0.13416843
vn -0.84443074 0.53392243 0.043169074
vn -0.8639465 0.34153798 -0.37006524
vn -0.8292805 0.44432735 0.3389205
vn -0.34062052 0.8717998 0.352055
vn -0.7272848 0.36633125 0.58039486
vn -0.48170027 0.50371784 0.71710056
vn -0.61185044 0.64359605 0.45980772
vn -0.32945538 0.9439025 -0.022521496
vn -0.61600554 0.72340935 -0.31179497
vn -0.84580094 0.4370944 -0.30589092
vn -0.3926055 0.56694424 -0.7241789
vn -0.0437954 0.8175956 -0.57412493
vn 0.19294494 0.22033964 -0.95614994
vn -0.4185066 0.65898234 -0.6249756
vn -0.32294986 0.94618744 -0.020800967
vn -0.43725654 0.34490582 0.8305701
vn -0.3944623 0.8296012 0.39517254
vn -0.68992174 0.5150402 0.50866646
vn -0.62618035 0.47099292 0.62134033
vn -0.7757624 0.21537095 0.5931341
vn -0.52512604 0.8507438 -0.0218551
vn -0.7413755 0.6706976 -0.02295914
vn -0.4412217 0.84120387 -0.31256905
vn -0.365139 0.87804586 -0.30936867
vn -0.56216747 0.4132617 -0.71636754
vn -0.707398 0.631527 -0.31742987
vn -0.88187605 0.35068408 -0.3151433
vn -0.7570513 0.5539931 -0.3463596
vn -0.7669936 0.6289782 -0.12691432
vn -0.7301758 0.6197294 -0.28771302
vn -0.66559154 0.7371605 -0.11654312
vn -0.95282304 0.22978325 -0.19831257
vn -0.75577974 0.6547838 0.007424267
vn -0.88851064 -0.454602 0.0623364
vn -0.2667946 -0.963464 0.023615079
vn -0.4311209 0.877151 -0.21152039
vn -0.39153934 0.8944587 -0.21596426
vn -0.15601079 -0.8307567 0.53432566
vn -0.32669362 0.67284137 0.66374373
vn -0.7312236 -0.13231169 0.66918284
vn 0.014745468 -0.9992551 0.03566216
vn -0.41252035 -0.6677816 0.61959237
vn -0.084362544 -0.99058586 0.107808135
vn 0.03799209 -0.99222696 -0.11850021
vn 0.011008083 -0.997788 0.06555814
vn -0.05483247 -0.9984822 0.0051619317
vn 0.056537997 -0.9939286 -0.09438947
vn 0.099016905 -0.9906682 -0.093660384
vn 0.39345267 -0.85501003 0.33786505
vn 0.8050253 0.09163544 0.58612055
vn -0.0029681332 -0.96592104 0.25881988
vn 0.4779073 -0.059480153 0.87639415
vn -0.05268404 -0.9905244 -0.12682989
vn 0.10359863 -0.913475 0.3934855
vn -0.023299139 -0.9761748 -0.21573135
vn 0.0025636558 0.1033004 0.9946469
vn 0.30423307 -0.95131356 -0.049444344
vn -0.04193306 -0.98250824 -0.1814363
vn 0.90185606 -0.40841758 0.1408927
vn 0.27561817 -0.9611377 -0.015776124
vn 0.8086934 -0.54494137 -0.22148107
vn 0.68311584 0.6618417 -0.30873674
vn 0.064736344 -0.99789876 -0.0026916373
vn -0.047417223 -0.9973894 -0.05446083
vn 0.034717645 -0.9967204 0.07309691
vn -0.25349146 -0.94995433 0.18256184
vn -0.26184505 -0.9469953 0.1861102
vn 0.011145998 -0.9990137 -0.042981155
vn 0.51036 -0.69838005 -0.50179476
vn 0.195053 -0.9746874 0.10926496
vn 0.10231845 -0.99458677 -0.018114036
vn -0.08970907 -0.9901492 -0.10750263
vn -0.02914993 -0.9993303 -0.022118432
vn 0.08800297 -0.9950552 -0.04605001
vn 0.15607224 -0.46775034 -0.8699719
vn 0.33911207 0.80616367 0.48487434
vn 0.100152545 -0.9816475 0.16228874
vn -0.66325814 -0.4515301 -0.59683263
vn 0.077316545 -0.99699855 -0.004004714
vn 0.01605469 0.15950398 -0.98706675
vn 0.24013348 0.24590518 -0.9390775
vn 0.082253106 -0.9964203 0.019519398
vn -0.074102625 -0.9968799 0.027190555
vn -0.15349919 -0.97864646 -0.13670795
vn -0.018432474 -0.98925555 -0.14502987
vn -0.17323865 -0.98482454 -0.010440779
vn -0.15822648 -0.98394173 -0.08260204
vn -0.31185287 -0.93982804 0.13953863
vn -0.21085031 -0.97729087 -0.021088082
vn -0.16295628 -0.98654205 0.013416604
vn -0.15228614 -0.9190171 -0.363616
vn -0.047813162 -0.99572 -0.079091996
vn -0.14601499 -0.35371396 -0.9238864
vn -0.11687518 -0.99139225 -0.059004832
vn 0.048808187 -0.99878895 -0.0061912043
vn 0.013345893 -0.99984485 -0.011497854
vn -0.07121727 -0.9973115 0.017260171
vn 0.01857422 -0.99154514 0.12842593
vn 0.014745468 -0.9992551 0.03566216
vn -0.1303469 -0.987311 0.09070109
vn -0.7312236 -0.13231169 0.66918284
vn -0.05483247 -0.9984822 0.0051619317
vn -0.08357996 -0.977855 0.19186953
vn 0.03929972 -0.98973155 0.13742994
vn -0.010974884 -0.93708235 -0.34893575
vn -0.14881217 -0.98631173 0.07102175
vn -0.05268404 -0.9905244 -0.12682989
vn 0.011008083 -0.997788 0.06555814
vn -0.13776785 -0.9867231 -0.08600841
vn 0.44792122 -0.88631153 -0.117551796
vn -0.31600523 -0.9486153 -0.016423408
vn 0.6609336 -0.67031556 -0.3374075
vn 0.5855246 0.35617128 -0.72821903
vn -0.13501945 -0.9890561 -0.05947906
vn 0.0179533 -0.99879044 -0.045774717
vn 0.5399413 -0.813115 0.21750256
vn -0.047417223 -0.9973894 -0.05446083
vn -0.6074929 -0.7390228 0.29120037
vn -0.3693429 -0.8687226 0.33001038
vn -0.26469427 -0.9539765 0.14094606
vn -0.3692691 -0.78292805 -0.5006636
vn -0.060597662 -0.2358359 -0.96990174
vn -0.79848784 -0.56913096 0.19623218
vn -0.29109553 -0.9265955 -0.23808436
vn -0.00005218326 -0.45523617 -0.8903707
vn 0.80592334 -0.56629544 -0.172618
vn 0.5632543 -0.8130526 0.14727558
vn -0.7312887 0.4479571 -0.5143455
vn -0.77037597 0.31407073 0.5548697
vn 0.064736344 -0.99789876 -0.0026916373
vn 0.034717645 -0.9967204 0.07309691
vn 0.099016905 -0.9906682 -0.093660384
vn -0.12764792 0.25807 0.95765644
vn -0.006904222 -0.9962869 -0.0858179
vn 0.23362806 -0.9713224 0.044166457
vn 0.011695251 -0.9977307 -0.06630781
vn -0.40926564 -0.91070795 -0.055791758
vn -0.03137605 -0.97314006 -0.22806574
vn -0.0009873349 -0.9979306 -0.064293005
vn 0.10405909 -0.9943941 0.018764032
vn 0.8086934 -0.54494137 -0.22148107
vn 0.08921359 -0.9880004 0.1260799
vn -0.004545843 -0.9999842 0.0033071276
vn -0.83967596 -0.53466517 -0.09527587
vn -0.023416206 -0.9959719 0.08655386
vn -0.8909523 -0.22516137 0.394343
vn -0.06733856 -0.9976984 0.007963692
vn 0.36626273 -0.93050563 0.0032953278
vn 0.43602273 -0.8928238 -0.112915054
vn -0.7158977 0.68956304 -0.109514095
vn 0.16383979 -0.98027366 0.11054444
vn 0.0877763 0.9311664 0.35387066
vn 0.8606987 0.39252126 0.32422954
vn 0.6035017 -0.57806194 0.54920864
vn -0.10469203 -0.9901689 -0.092763446
vn -0.07813297 0.97497374 -0.20813814
vn -0.72407544 -0.6121569 -0.31777146
vn -0.07953458 -0.7600623 -0.6449648
vn -0.53044814 -0.83821356 0.12658128
vn 0.92271405 0.021131845 -0.38490543
vn -0.29433757 -0.945717 0.1377855
vn -0.04449659 -0.99714816 -0.060955975
vn 0.32237586 -0.91195476 -0.2537957
vn 0.138948 0.022835469 -0.99003637
vn -0.293429 -0.8574935 0.42261606
vn -0.32530597 0.56516415 0.75813293
vn -0.16136312 0.8910082 0.42434227
vn 0.07272568 -0.97403634 -0.21439257
vn -0.07958507 -0.99682146 0.0036273205
vn -0.58990556 0.80345535 0.08044198
vn 0.010715596 -0.98145354 -0.19140056
vn -0.034016274 -0.99931335 0.0146862585
vn 0.9771085 0.20762317 0.0463859
vn 0.047453187 -0.99078757 -0.12683932
vn 0.17662774 0.95079327 0.25454834
vn -0.12844214 0.6991054 0.70338774
vn -0.47922963 -0.48351467 0.73249745
vn 0.0676219 -0.96123564 -0.2673075
vn -0.011092135 -0.9353403 -0.35357538
vn 0.25814596 -0.9592045 -0.11527094
vn -0.18735754 -0.97914416 -0.07857372
vn -0.084362544 -0.99058586 0.107808135
vn 0.089397065 -0.9801374 -0.17702784
vn 0.3262573 -0.9094845 0.2576705
vn 0.026109863 -0.93277943 -0.35950083
vn -0.10469203 -0.9901689 -0.092763446
vn 0.6035017 -0.57806194 0.54920864
vn 0.16383979 -0.98027366 0.11054444
vn -0.976234 -0.21503241 -0.026985593
vn -0.44163752 0.89110285 0.10436453
vn -0.21085031 -0.97729087 -0.021088082
vn -0.31185287 -0.93982804 0.13953863
vn 0.077316545 -0.99699855 -0.004004714
vn 0.27561817 -0.9611377 -0.015776124
vn -0.04193306 -0.98250824 -0.1814363
vn 0.08921359 -0.9880004 0.1260799
vn 0.8086934 -0.54494137 -0.22148107
vn 0.34567884 -0.31897867 -0.8824731
vn 0.73469514 -0.5643992 0.37639958
vn 0.12778938 -0.9893219 -0.070086315
vn 0.012720122 -0.9925341 -0.1213022
vn -0.17195451 -0.22545075 -0.95895964
vn -0.95875317 -0.2404902 -0.15151514
vn 0.011145998 -0.9990137 -0.042981155
vn 0.7937656 -0.35439712 -0.49430645
vn 0.7342383 -0.31603152 -0.60084784
vn 0.51036 -0.69838005 -0.50179476
vn 0.138948 0.022835469 -0.99003637
vn -0.40926564 -0.91070795 -0.055791758
vn -0.006904222 -0.9962869 -0.0858179
vn -0.6074929 -0.7390228 0.29120037
vn 0.08281871 -0.7268437 0.68179125
vn 0.5399413 -0.813115 0.21750256
vn -0.4322907 0.7948248 0.42588535
vn 0.38707545 0.88560045 0.25667968
vn 0.3656561 -0.872668 0.32364509
vn 0.0091528 -0.99425536 0.10664215
vn 0.009378199 -0.7500208 0.66134775
vn 0.25905693 -0.9543524 -0.14866413
vn 0.023477493 -0.9840365 -0.17641132
vn -0.22069271 -0.9168099 -0.33279762
vn 0.16015789 0.6730493 -0.7220486
vn 0.12328673 0.5831917 -0.8029245
vn -0.38157973 -0.9153381 -0.12865886
vn -0.22207773 -0.9143732 0.33853075
vn -0.85086656 -0.29054034 0.43773556
vn -0.23730148 -0.24897608 0.93898827
vn 0.30381873 -0.46588704 0.8310496
vn -0.04052196 -0.6938337 -0.71899426
vn -0.0108297635 -0.9493082 0.3141602
vn 0.38163328 -0.8902566 -0.24859457
vn 0.47234368 0.12348463 -0.8727216
vn -0.945013 0.24180649 -0.22018182
vn -0.40926564 -0.91070795 -0.055791758
vn -0.44163752 0.89110285 0.10436453
vn 0.16383979 -0.98027366 0.11054444
vn -0.21450248 0.9216429 -0.3233621
vn -0.10469203 -0.9901689 -0.092763446
vn -0.976234 -0.21503241 -0.026985593
vn -0.015453852 0.9913698 0.13018136
vn 0.07272568 -0.97403634 -0.21439257
vn -0.07958507 -0.99682146 0.0036273205
vn 0.063266516 0.8953794 0.44078684
vn -0.07958507 -0.99682146 0.0036273205
vn 0.9771085 0.20762317 0.0463859
vn -0.043029416 -0.9863557 0.15890522
vn -0.6068863 -0.58694226 0.53589904
vn -0.21564992 -0.89024264 -0.4012021
vn -0.44776466 -0.89059824 0.07963428
vn 0.26591563 -0.9595895 0.092070065
vn 0.04604745 -0.99507284 -0.087804765
vn 0.65642846 -0.71899086 -0.22837213
vn -0.023968225 -0.99949193 0.021009663
vn 0.26256236 -0.9273388 -0.2666529
vn -0.7757624 0.21537095 0.5931341
vn -0.3774267 -0.76742685 0.51827127
vn 0.12778938 -0.9893219 -0.070086315
vn -0.64553666 0.42047307 0.6375616
vn 0.34567884 -0.31897867 -0.8824731
vn 0.3262573 -0.9094845 0.2576705
vn 0.25814596 -0.9592045 -0.11527094
vn -0.11543588 -0.8267278 -0.55063206
vn -0.47922963 -0.48351467 0.73249745
vn 0.099571966 -0.99187136 -0.07922546
vn 0.5801897 -0.5294996 0.6188781
vn 0.47658533 -0.87745553 -0.054205395
vn -0.13746703 -0.9893827 0.047167383
vn -0.56078756 0.16341013 -0.8116739
vn -0.58366406 -0.73177797 0.3519052
vn -0.547702 0.77155423 -0.3236149
vn 0.15965459 -0.97998315 -0.11892635
vn -0.88330996 -0.4687078 -0.008747732
vn -0.88851064 -0.454602 0.0623364
vn 0.35417804 -0.9329468 -0.064561345
vn 0.14380641 -0.97126836 -0.18962476
vn 0.22096188 -0.9725578 -0.072850764
vn -0.95282304 0.22978325 -0.19831257
vn 0.08682929 -0.99001485 -0.111046106
vn -0.119054645 -0.9753194 -0.18595177
vn 0.06712081 -0.9952015 0.071195014
vn -0.2667946 -0.963464 0.023615079
vn 0.5400988 -0.801676 -0.25614235
vn 0.27338332 -0.5823337 -0.7656037
vn 0.17152989 -0.89864254 0.4037562
vn -0.07753747 -0.97864676 0.19036399
vn 0.8796466 -0.27604046 -0.3873287
vn 0.47234368 0.12348463 -0.8727216
vn -0.4298276 0.058338106 -0.90102434
vn -0.146124 -0.65689856 0.7396838
vn -0.0108297635 -0.9493082 0.3141602
vn 0.7376487 -0.5162539 0.4351509
vn 0.3016165 -0.91243595 0.27656496
vn 0.38163328 -0.8902566 -0.24859457
vn 0.5412254 -0.81059426 0.22363366
vn 0.10231845 -0.99458677 -0.018114036
vn -0.32669362 0.67284137 0.66374373
vn -0.59762937 -0.7277598 0.3364593
vn 0.08357671 -0.9960878 -0.028706793
vn 0.18158418 -0.8989179 0.39871514
vn 0.27622694 -0.9055184 -0.3220793
vn 0.08357671 -0.9960878 -0.028706793
vn -0.013836861 -0.9692634 -0.24563591
vn -0.020035971 0.8974206 -0.44072086
vn -0.59762937 -0.7277598 0.3364593
vn -0.090701245 0.9943789 -0.05462423
vn -0.32985246 0.9387159 -0.10004903
vn -0.15601079 -0.8307567 0.53432566
vn 0.27622694 -0.9055184 -0.3220793
vn 0.3269946 -0.9370311 0.12266737
vn -0.32669362 0.67284137 0.66374373
vn -0.2667946 -0.963464 0.023615079
vn 0.036243692 -0.99932605 0.0058174175
vn 0.3671092 -0.83169895 0.4165425
vn 0.27604067 -0.9485009 0.1553952
vn 0.18158418 -0.8989179 0.39871514
vn -0.013836861 -0.9692634 -0.24563591
vn -0.040495235 0.9932157 0.109008014
vn -0.39153934 0.8944587 -0.21596426
vn -0.00034180054 -0.9976766 0.06812645
vn 0.19019602 -0.90297586 0.38530523
vn -0.53931856 0.16291353 -0.82619286
vn -0.27289447 -0.6246999 -0.7316274
vn 0.105210245 -0.93125063 0.34885964
vn -0.5043351 0.3702182 -0.7801183
vn 0.123144016 -0.97441506 0.18801832
vn 0.09865401 -0.9909496 -0.091029406
vn -0.14955707 -0.98129654 0.12120165
vn 0.44050515 -0.89562845 -0.061683465
vn 0.03959268 -0.93816847 -0.34390754
vn 0.10787944 -0.9151096 0.3885055
vn 0.0841534 -0.974995 0.20567666
vn -0.05724926 -0.9853238 -0.16080889
vn 0.38457385 -0.9165762 -0.10950367
vn 0.063301735 -0.9950869 -0.07612458
vn -0.09071903 -0.99362934 0.0668636
vn -0.26383463 -0.96275836 -0.059056256
vn -0.0050446796 -0.99954855 0.029617922
vn -0.11809722 -0.9925302 -0.030606786
vn 0.10295699 -0.9620731 -0.2526167
vn -0.03743391 -0.77667505 -0.6287882
vn 0.052250564 -0.9650017 0.25698566
vn 0.13154767 -0.8608718 0.49152315
vn -0.07448338 -0.9877416 -0.13718165
vn -0.3229276 -0.53344846 0.78176117
vn -0.04636248 -0.99211997 -0.1163978
vn 0.11382795 -0.98954815 0.08853075
vn -0.3447858 -0.74401355 -0.57233435
vn -0.095458284 -0.74547076 -0.6596674
vn 0.03959268 -0.93816847 -0.34390754
vn 0.5339756 -0.55403566 -0.6386818
vn 0.551374 -0.8281074 0.10111771
vn 0.007860241 -0.9996193 0.026447803
vn -0.294591 0.9088436 -0.29532948
vn -0.34262285 -0.8594512 0.37941176
vn 0.16136254 -0.98014474 0.115231924
vn 0.30555072 -0.9519939 -0.018613106
vn 0.020637853 -0.9906623 0.13476792
vn 0.16168882 -0.49061903 -0.8562416
vn -0.333568 0.70179963 -0.6294519
vn 0.1751146 -0.7795178 0.6014041
vn -0.6682532 -0.66715235 0.32915872
vn -0.56924826 0.24438873 -0.78500354
vn 0.5207782 -0.08696166 -0.84925133
vn -0.7253837 -0.5594885 0.40098763
vn -0.4138378 -0.9101701 0.01813059
vn 0.021736508 -0.97528255 0.2198897
vn -0.4443692 0.10190774 -0.89002854
vn 0.11316826 -0.9859232 0.12307911
vn -0.3550631 0.5180163 -0.77819616
vn 0.44050515 -0.89562845 -0.061683465
vn -0.18048505 -0.98247623 0.046535645
vn 0.43508026 -0.18515287 -0.881149
vn 0.021941086 -0.99943817 -0.025337024
vn -0.16912934 -0.6941672 0.6996622
vn 0.49839622 -0.30255353 -0.81244236
vn 0.23378466 -0.50255495 0.832336
vn -0.107719176 -0.98887104 0.10261884
vn 0.5517049 0.1585222 -0.81883603
vn 0.7182777 -0.6336488 -0.28734362
vn -0.04449659 -0.99714816 -0.060955975
vn -0.702239 -0.3922132 0.5941626
vn -0.40028483 -0.53023756 0.747409
vn -0.33409134 -0.75988203 0.55763996
vn 0.021736508 -0.97528255 0.2198897
vn 0.13154767 -0.8608718 0.49152315
vn -0.4443692 0.10190774 -0.89002854
vn -0.5212961 0.83908325 -0.15553029
vn 0.041403994 0.6922282 0.72049004
vn 0.2430871 -0.8553565 0.45746458
vn 0.16136254 -0.98014474 0.115231924
vn 0.020637853 -0.9906623 0.13476792
vn 0.1751146 -0.7795178 0.6014041
vn 0.77458334 -0.21483432 0.5948671
vn -0.42572016 -0.8925929 -0.14845972
vn 0.16474955 -0.54199815 -0.82407254
vn 0.8925431 -0.44460526 0.0754523
vn 0.30555072 -0.9519939 -0.018613106
vn 0.054192856 -0.78561777 0.6163342
vn -0.29685497 -0.8445276 -0.44570196
vn 0.23378466 -0.50255495 0.832336
vn -0.4138378 -0.9101701 0.01813059
vn 0.0841534 -0.974995 0.20567666
vn -0.044359114 -0.9940715 0.099268354
vn 0.10787944 -0.9151096 0.3885055
vn 0.10257657 -0.9838845 0.14645591
vn -0.14955707 -0.98129654 0.12120165
vn 0.044595454 -0.971769 0.23168138
vn 0.23539841 -0.8916155 0.38679376
vn 0.83445287 -0.5272448 0.16031621
vn 0.33295792 -0.9337628 0.13124818
vn 0.31235343 -0.91186285 0.26634833
vn -0.50150263 0.016130833 -0.86500573
vn 0.063301735 -0.9950869 -0.07612458
vn -0.3776138 0.3595201 -0.85331887
vn -0.3550631 0.5180163 -0.77819616
vn 0.38457385 -0.9165762 -0.10950367
vn -0.095458284 -0.74547076 -0.6596674
vn -0.26383463 -0.96275836 -0.059056256
vn 0.11316826 -0.9859232 0.12307911
vn -0.89100146 -0.36882228 -0.26473853
vn 0.05292098 -0.86275876 0.5028387
vn 0.24744536 0.9586101 0.14084533
vn 0.063301735 -0.9950869 -0.07612458
vn -0.50150263 0.016130833 -0.86500573
vn -0.32669362 0.67284137 0.66374373
vn 0.08357671 -0.9960878 -0.028706793
vn 0.27622694 -0.9055184 -0.3220793
vn -0.040495235 0.9932157 0.109008014
vn -0.020035971 0.8974206 -0.44072086
vn -0.013836861 -0.9692634 -0.24563591
vn -0.020035971 0.8974206 -0.44072086
vn -0.089473285 0.98834443 -0.123165585
vn -0.39153934 0.8944587 -0.21596426
vn -0.090701245 0.9943789 -0.05462423
vn -0.040495235 0.9932157 0.109008014
vn 0.27604067 -0.9485009 0.1553952
vn -0.59762937 -0.7277598 0.3364593
vn 0.18158418 -0.8989179 0.39871514
vn -0.32985246 0.9387159 -0.10004903
vn -0.32669362 0.67284137 0.66374373
vn 0.5160743 -0.05853965 -0.85454106
vn 0.27622694 -0.9055184 -0.3220793
vn -0.39153934 0.8944587 -0.21596426
vn 0.27622694 -0.9055184 -0.3220793
vn 0.5160743 -0.05853965 -0.85454106
vn 0.3269946 -0.9370311 0.12266737
vn -0.32669362 0.67284137 0.66374373
vn -0.05797432 0.7450254 -0.664512
vn -0.1472188 0.96130896 -0.23283415
vn 0.06399573 0.99364865 0.092557535
vn -0.2565487 0.66013116 -0.7059813
vn -0.3887394 -0.9029077 0.18341006
vn -0.365139 0.87804586 -0.30936867
vn -0.4412217 0.84120387 -0.31256905
vn -0.24949646 0.72734344 -0.6393145
vn 0.9007629 -0.36431813 -0.23642854
vn -0.5043351 0.3702182 -0.7801183
vn -0.61825866 0.7530835 -0.2249921
vn -0.61046714 0.5751494 -0.54454845
vn 0.15812647 0.6824179 -0.7136538
vn 0.5550914 0.4895053 -0.6725014
vn -0.41605034 0.5945941 -0.6880116
vn -0.18221833 0.9169584 -0.3549419
vn -0.04636248 -0.99211997 -0.1163978
vn -0.56924826 0.24438873 -0.78500354
vn 0.057611354 0.9269412 -0.37075716
vn -0.31878465 0.9328361 -0.1679081
vn -0.59966505 0.7395583 -0.3057048
vn 0.32832706 0.9354675 -0.13077444
vn -0.443737 0.89563334 -0.03063268
vn -0.4321468 0.9014918 0.023698129
vn -0.2038426 0.97537094 -0.0842597
vn -0.53034496 0.8423863 -0.09549607
vn -0.46276382 0.19182591 0.86547816
vn 0.007860241 -0.9996193 0.026447803
vn -0.37796295 0.84424037 -0.38000292
vn -0.19706397 0.714692 -0.6711044
vn -0.53931856 0.16291353 -0.82619286
vn 0.036243692 -0.99932605 0.0058174175
vn -0.27289447 -0.6246999 -0.7316274
vn -0.32985246 0.9387159 -0.10004903
vn -0.013836861 -0.9692634 -0.24563591
vn -0.58427036 0.72563386 -0.3634331
vn -0.39153934 0.8944587 -0.21596426
vn 0.27604067 -0.9485009 0.1553952
vn -0.020035971 0.8974206 -0.44072086
vn -0.4311209 0.877151 -0.21152039
vn -0.7570513 0.5539931 -0.3463596
vn 0.18158418 -0.8989179 0.39871514
vn -0.49046698 0.5705744 -0.65870094
vn 0.10341623 0.64066845 -0.7608213
vn -0.07713745 0.56533897 -0.821244
vn -0.63784295 0.54870117 -0.5404474
vn -0.707398 0.631527 -0.31742987
vn -0.443737 0.89563334 -0.03063268
vn -0.53034496 0.8423863 -0.09549607
vn -0.49661973 -0.46819246 -0.7308657
vn -0.07713745 0.56533897 -0.821244
vn 0.008304973 0.9857375 0.16808517
vn 0.15812647 0.6824179 -0.7136538
vn -0.18221833 0.9169584 -0.3549419
vn 0.22096188 -0.9725578 -0.072850764
vn 0.3016165 -0.91243595 0.27656496
vn 0.35417804 -0.9329468 -0.064561345
vn 0.17152989 -0.89864254 0.4037562
vn -0.63657963 0.4167602 -0.6489047
vn -0.65217835 -0.75139254 0.10036239
vn -0.70382196 0.6504555 -0.2855562
vn -0.94205946 -0.10978427 -0.31697217
vn -0.844324 0.5270729 0.09649414
vn -0.65532935 -0.7511709 -0.07928289
vn -0.60717255 0.634782 -0.4779051
vn 0.399157 0.7309802 -0.5534814
vn 0.97833544 -0.20659535 -0.0133472895
vn 0.26591563 -0.9595895 0.092070065
vn 0.74753815 -0.14922103 0.64724016
vn 0.5822761 -0.73988795 0.33692774
vn 0.92991525 -0.23923825 0.2793255
vn 0.6908811 -0.3539864 0.6303784
vn 0.615915 -0.7827643 0.08904343
vn 0.84365 -0.471755 -0.25632384
vn -0.1346011 -0.47041056 0.8721218
vn 0.026816094 -0.92662156 0.37503785
vn 0.35929844 -0.872683 -0.33064938
vn 0.00795918 -0.9842548 -0.1765763
vn -0.095130466 -0.8983484 -0.42885935
vn -0.593787 -0.5467394 0.590333
vn 0.3955747 -0.66298014 -0.63559264
vn 0.029364225 -0.5658385 -0.823993
vn 0.66676784 -0.52804065 -0.5259218
vn 0.15965459 -0.97998315 -0.11892635
vn -0.34674132 -0.029398339 0.93749994
vn 0.5412254 -0.81059426 0.22363366
vn 0.97833544 -0.20659535 -0.0133472895
vn 0.65642846 -0.71899086 -0.22837213
vn 0.26591563 -0.9595895 0.092070065
vn 0.88606 -0.26974455 -0.3770087
vn 0.84365 -0.471755 -0.25632384
vn 0.7615942 0.14933021 -0.6306146
vn 0.62732166 -0.25026703 -0.737451
vn 0.26256236 -0.9273388 -0.2666529
vn 0.5139362 0.12779069 -0.8482565
vn 0.34567884 -0.31897867 -0.8824731
vn 0.29574513 0.12191866 -0.9474548
vn 0.5007998 -0.20253235 -0.84153444
vn 0.029364225 -0.5658385 -0.823993
vn -0.17195451 -0.22545075 -0.95895964
vn 0.3955747 -0.66298014 -0.63559264
vn 0.66676784 -0.52804065 -0.5259218
vn 0.92991525 -0.23923825 0.2793255
vn -0.77624494 0.0017027309 0.63042915
vn -0.8835801 0.41047698 -0.22537723
vn -0.9940808 -0.032388307 -0.10370363
vn -0.91626704 -0.32089028 0.23975854
vn -0.5459523 -0.35753128 0.7576988
vn 0.19688064 -0.012021239 0.9803538
vn 0.3195908 0.2258795 0.9202392
vn -0.5043764 0.17346337 0.8458811
vn -0.90011597 0.23369049 0.3676683
vn 0.13760154 0.61516595 0.7762968
vn -0.45696837 0.4421229 0.7718207
vn -0.70924705 -0.2748904 -0.6491563
vn -0.91626704 -0.32089028 0.23975854
vn -0.9940808 -0.032388307 -0.10370363
vn 0.04675622 -0.6295196 -0.77557653
vn -0.61043286 -0.015622394 -0.7919139
vn 0.1790622 -0.23864983 -0.9544543
vn -0.717313 0.018017491 -0.69651806
vn -0.8835801 0.41047698 -0.22537723
vn -0.3962123 0.040740386 -0.9172546
vn 0.41878316 -0.013011843 -0.907993
vn 0.12714884 0.5987606 -0.79077107
vn -0.42764547 -0.035229485 -0.90325975
vn -0.9896991 -0.14249644 0.01380062
vn -0.4846549 -0.26434723 -0.8338046
vn -0.50389117 -0.2690813 0.8207856
vn -0.67026347 -0.7167731 0.1923101
vn -0.043128666 0.02246973 -0.9988168
vn -0.74543613 -0.5164222 -0.42146543
vn -0.70159954 -0.25182915 0.6665884
vn 0.24193512 0.5347672 -0.80962425
vn -0.7149051 0.45162624 -0.5338019
vn -0.8954072 -0.36581975 -0.25381455
vn 0.86909103 0.4594541 -0.1832558
vn -0.8954858 0.23446862 0.37832478
vn 0.9969223 -0.06543444 -0.04317673
vn -0.20140134 0.12414045 -0.9716103
vn -0.7149051 0.45162624 -0.5338019
vn -0.8835801 0.41047698 -0.22537723
vn -0.45696837 0.4421229 0.7718207
vn -0.90011597 0.23369049 0.3676683
vn -0.9246099 -0.12245296 -0.3606963
vn -0.77624494 0.0017027309 0.63042915
vn -0.40099263 0.2229346 0.888541
vn -0.8635029 0.32624823 0.38460988
vn -0.028789632 -0.9535016 -0.30000973
vn -0.8954858 0.23446862 0.37832478
vn -0.20140134 0.12414045 -0.9716103
vn -0.5408452 0.18783706 -0.8198803
vn -0.81690687 0.073346436 0.57208693
vn -0.27700645 0.107723534 -0.9548105
vn 0.9969223 -0.06543444 -0.04317673
vn -0.8954072 -0.36581975 -0.25381455
vn -0.64545107 0.011487388 0.76371527
vn -0.63657963 0.4167602 -0.6489047
vn -0.70382196 0.6504555 -0.2855562
vn 0.1852696 0.98249644 -0.01938841
vn -0.65217835 -0.75139254 0.10036239
vn -0.32294986 0.94618744 -0.020800967
vn -0.8430656 0.5208063 -0.13416843
vn -0.844324 0.5270729 0.09649414
vn -0.60717255 0.634782 -0.4779051
vn 0.399157 0.7309802 -0.5534814
vn -0.62618035 0.47099292 0.62134033
vn -0.7757624 0.21537095 0.5931341
vn -0.3774267 -0.76742685 0.51827127
vn -0.3567993 0.59541863 0.7198409
vn -0.64553666 0.42047307 0.6375616
vn -0.36852753 0.6912251 0.62160707
vn -0.39208722 0.61350226 0.6854798
vn -0.68992174 0.5150402 0.50866646
vn -0.3944623 0.8296012 0.39517254
vn -0.6538242 0.5029488 0.56529325
vn -0.284382 0.38493398 0.8780391
vn -0.5813509 0.66452014 0.46951473
vn -0.60301715 0.56247985 0.5656737
vn -0.2571532 0.6210935 0.7403479
vn -0.57749 0.6667893 0.4710598
vn -0.38710016 0.72164875 0.57391334
vn -0.070821874 0.72394484 0.6862129
vn 0.095466845 0.5910932 0.8009338
vn -0.10589146 0.6783773 0.72704285
vn 0.42755768 0.49822056 0.7543015
vn 0.42339364 0.34290186 0.8385441
vn 0.38790786 0.7181082 0.5777959
vn 0.24901411 0.41560018 0.8747962
vn 0.049876496 0.37259233 0.9266538
vn -0.12764792 0.25807 0.95765644
vn 0.4228617 0.606335 0.67345816
vn 0.2961121 0.50028956 0.813651
vn -0.2044026 0.55728185 0.80477107
vn 0.068232894 0.80807227 0.58511835
vn -0.01142917 0.843684 0.5367184
vn 0.33911207 0.80616367 0.48487434
vn 0.100152545 -0.9816475 0.16228874
vn -0.628345 0.7029504 0.33323148
vn -0.30872312 0.8474853 0.4318086
vn -0.47922963 -0.48351467 0.73249745
vn -0.12844214 0.6991054 0.70338774
vn -0.2508853 0.9504943 0.18334989
vn 0.5801897 -0.5294996 0.6188781
vn -0.1179256 0.99302214 0.0007350923
vn -0.58366406 -0.73177797 0.3519052
vn -0.547702 0.77155423 -0.3236149
vn -0.28948647 0.75540346 0.5878462
vn 0.64777046 -0.74884814 0.14007102
vn 0.9367508 -0.062388267 -0.34439164
vn 0.9555571 -0.28229907 0.08495774
vn 0.52622163 -0.4607076 -0.71473026
vn 0.5400988 -0.801676 -0.25614235
vn 0.8002121 -0.5042033 0.3247147
vn 0.7376487 -0.5162539 0.4351509
vn 0.6465101 -0.49211118 0.58296764
vn 0.44786066 -0.8558164 0.2588418
vn 0.3671092 -0.83169895 0.4165425
vn -0.2667946 -0.963464 0.023615079
vn 0.51236916 -0.3648816 0.7773926
vn 0.19019602 -0.90297586 0.38530523
vn 0.35321572 -0.62091345 0.69978935
vn 0.115332365 -0.5264803 0.84232825
vn -0.12071164 -0.71230567 0.6914111
vn -0.08966356 -0.97919273 0.18204965
vn -0.8916266 -0.41201338 0.1877418
vn -0.40893626 -0.8216953 0.3969735
vn -0.19931698 -0.5553021 0.8074109
vn -0.14955707 -0.98129654 0.12120165
vn 0.105210245 -0.93125063 0.34885964
vn -0.71682006 -0.3264999 -0.61608994
vn -0.4345033 -0.36572897 -0.823073
vn -0.15957756 -0.9094802 -0.38390198
vn 0.4780514 -0.86821955 0.132897
vn 0.52622163 -0.4607076 -0.71473026
vn -0.3881398 0.30019084 -0.87133974
vn 0.9367508 -0.062388267 -0.34439164
vn -0.6574051 0.121451855 -0.7436854
vn 0.27338332 -0.5823337 -0.7656037
vn 0.5400988 -0.801676 -0.25614235
vn -0.4298276 0.058338106 -0.90102434
vn -0.4345033 -0.36572897 -0.823073
vn 0.36803606 -0.6098829 0.7018492
vn -0.15957756 -0.9094802 -0.38390198
vn 0.4780514 -0.86821955 0.132897
vn -0.60446656 0.14969815 -0.7824389
vn -0.71682006 -0.3264999 -0.61608994
vn 0.05292098 -0.86275876 0.5028387
vn -0.8916266 -0.41201338 0.1877418
vn -0.89100146 -0.36882228 -0.26473853
vn -0.40893626 -0.8216953 0.3969735
vn -0.14955707 -0.98129654 0.12120165
vn 0.9645546 -0.20104945 -0.1709196
vn -0.90792596 -0.18090539 -0.378079
vn -0.7950748 0.20355494 0.571333
vn -0.9225983 0.34897983 -0.16439433
vn -0.6945549 -0.3265982 0.6410359
vn -0.37527606 0.8347519 -0.40293568
vn -0.104417674 0.49957693 0.8599534
vn -0.19127236 0.10051087 0.9763772
vn -0.65896547 0.726678 0.19417405
vn -0.16592465 0.07249302 0.98347026
vn -0.07277535 -0.24899127 0.9657676
vn -0.008066819 -0.031323314 0.99947673
vn 0.09884894 -0.31778887 0.9429948
vn -0.3414252 0.023844022 0.9396065
vn -0.9526052 -0.18028238 0.24503383
vn -0.3535677 0.37290335 0.85786533
vn -0.15940376 0.78116864 0.6036274
vn 0.34054163 0.41706452 0.8426675
vn 0.08279772 0.92193925 0.37838146
vn 0.1137006 -0.058904275 0.99176735
vn 0.7073461 -0.035176903 0.70599157
vn 0.34154132 -0.013866891 0.93976444
vn -0.15556268 -0.020314772 0.98761714
vn 0.5654502 -0.27697235 0.77688634
vn 0.99259067 -0.0979414 0.07191128
vn -0.11812102 -0.054210067 0.9915184
vn 0.22415692 0.074704275 0.97168565
vn -0.5982165 0.25608063 0.7593154
vn -0.32605845 0.54440504 0.7728577
vn 0.5477225 0.11358434 0.82891417
vn 0.4737156 0.67409515 0.56673557
vn 0.7343312 0.64062905 0.22439282
vn 0.24282935 0.22898337 0.9426561
vn 0.29866445 -0.47727424 0.8264435
vn 0.6688322 -0.581874 0.46269447
vn 0.91229707 -0.38793927 0.13121442
vn 0.53681564 0.820325 0.19722019
vn 0.540076 0.57705426 0.6126388
vn -0.8043321 -0.5539994 -0.21478951
vn 0.21356368 -0.084228836 0.97329134
vn 0.6908811 -0.3539864 0.6303784
vn 0.74753815 -0.14922103 0.64724016
vn -0.1346011 -0.47041056 0.8721218
vn -0.34674132 -0.029398339 0.93749994
vn -0.037502132 -0.9766218 0.21166825
vn 0.82195616 -0.53450173 0.196713
vn 0.026816094 -0.92662156 0.37503785
vn -0.593787 -0.5467394 0.590333
vn -0.7633063 0.15468515 0.6272447
vn -0.19008857 -0.40867442 -0.89266545
vn -0.9883541 0.007445162 0.15198919
vn 0.4281965 -0.75190765 0.501281
vn 0.19199197 -0.94969124 -0.24743824
vn 0.5822761 -0.73988795 0.33692774
vn -0.8043321 -0.5539994 -0.21478951
vn -0.6945549 -0.3265982 0.6410359
vn -0.90792596 -0.18090539 -0.378079
vn -0.33281347 -0.47348243 -0.81550574
vn -0.9526052 -0.18028238 0.24503383
vn -0.17324321 -0.055638805 -0.9833062
vn -0.38446665 0.34052807 -0.85803616
vn 0.06143449 -0.18837309 -0.9801742
vn -0.21436054 0.3187076 -0.92329574
vn -0.15886782 -0.113740765 -0.9807263
vn -0.042258203 0.0041353093 -0.9990982
vn 0.24857242 -0.07512449 -0.9656956
vn 0.18800746 -0.20865288 -0.9597485
vn 0.04046324 0.059142064 -0.9974292
vn -0.2701296 0.67230654 -0.68922704
vn 0.24401544 0.89695406 -0.36868668
vn -0.4859137 0.87296546 -0.042652633
vn 0.5349799 -0.5648062 -0.6283235
vn 0.005685726 0.63408977 -0.77323854
vn 0.4363769 -0.023290811 -0.89946246
vn 0.53681564 0.820325 0.19722019
vn 0.2161357 -0.20624815 -0.9543307
vn -0.19440779 -0.0009400008 -0.9809204
vn -0.113620184 0.28965738 -0.95036256
vn -0.5646466 0.48914367 -0.6647652
vn 0.5442091 -0.037276454 -0.83812106
vn 0.49358124 0.3944393 -0.77510977
vn -0.51047724 0.83955723 -0.18589419
vn 0.4737156 0.67409515 0.56673557
vn -0.37527606 0.8347519 -0.40293568
vn -0.9225983 0.34897983 -0.16439433
vn -0.65896547 0.726678 0.19417405
vn -0.9896991 -0.14249644 0.01380062
vn 0.338931 0.06559627 0.9385217
vn -0.91626704 -0.32089028 0.23975854
vn -0.50389117 -0.2690813 0.8207856
vn 0.22766674 -0.86143374 0.45398217
vn 0.8161749 0.1736102 -0.55110615
vn 0.86076295 0.40897116 0.30303413
vn -0.67026347 -0.7167731 0.1923101
vn 0.30583808 0.76368505 0.5685492
vn -0.70159954 -0.25182915 0.6665884
vn -0.3901682 0.900273 -0.19307317
vn 0.8604163 -0.49580005 0.11775438
vn 0.38131595 0.03992674 -0.92358214
vn 0.04675622 -0.6295196 -0.77557653
vn -0.6118768 0.3300252 0.71881163
vn -0.4846549 -0.26434723 -0.8338046
vn -0.42764547 -0.035229485 -0.90325975
vn 0.8161749 0.1736102 -0.55110615
vn 0.22766674 -0.86143374 0.45398217
vn 0.86076295 0.40897116 0.30303413
vn -0.043128666 0.02246973 -0.9988168
vn 0.30583808 0.76368505 0.5685492
vn -0.3901682 0.900273 -0.19307317
vn -0.74543613 -0.5164222 -0.42146543
vn 0.04675622 -0.6295196 -0.77557653
vn 0.017029772 -0.7607644 -0.64880466
vn 0.38131595 0.03992674 -0.92358214
vn -0.5717311 -0.3194278 -0.7557046
vn -0.92280823 0.22159101 -0.31515464
vn -0.9745103 -0.19080783 -0.11799149
vn -0.74634534 0.66411024 0.043888472
vn -0.76554316 0.24452795 -0.5951049
vn -0.947776 0.083024286 0.3079408
vn -0.66981786 0.60561484 0.42962152
vn -0.5502921 -0.8330391 0.056784634
vn -0.64423025 -0.6003456 0.47386968
vn -0.5758618 0.06979919 0.81456196
vn -0.17610304 0.8431212 0.50806934
vn -0.102290146 -0.8664716 0.4886346
vn -0.013266879 -0.009549031 0.99986637
vn -0.0960167 0.5217829 0.8476576
vn 0.50444406 0.7737586 0.38318896
vn 0.18327194 0.981872 0.048360724
vn -0.45696837 0.4421229 0.7718207
vn -0.40099263 0.2229346 0.888541
vn 0.64460605 -0.018611355 0.7642883
vn -0.8635029 0.32624823 0.38460988
vn 0.5418454 0.0804415 -0.83661985
vn 0.27099603 -0.047204554 0.9614223
vn 0.96434575 0.25851 -0.056655955
vn 0.94971806 0.024970958 0.31210905
vn -0.64545107 0.011487388 0.76371527
vn -0.81690687 0.073346436 0.57208693
vn -0.3455645 -0.4898379 0.8004024
vn -0.04155258 0.5549861 0.83082116
vn -0.19399711 -0.80579627 -0.5595154
vn -0.50914454 -0.0776252 0.8571734
vn -0.013511548 0.24692163 0.9689413
vn 0.25038245 -0.2090379 0.9453104
vn 0.6508111 -0.021356884 0.75893927
vn 0.3195908 0.2258795 0.9202392
vn 0.19688064 -0.012021239 0.9803538
vn 0.6192847 -0.50580555 0.6005391
vn 0.70386446 -0.041264694 0.7091347
vn -0.18570727 0.13973531 0.9726186
vn -0.5459523 -0.35753128 0.7576988
vn -0.5515612 -0.0929302 0.82894164
vn 0.91548735 -0.3609643 -0.17772937
vn 0.30684546 -0.039425455 0.95094246
vn 0.8091558 0.39125562 0.43839017
vn 0.13760154 0.61516595 0.7762968
vn -0.5043764 0.17346337 0.8458811
vn 0.29787126 0.7944387 -0.5292824
vn 0.24193512 0.5347672 -0.80962425
vn 0.25038245 -0.2090379 0.9453104
vn 0.9742512 0.18397202 -0.13034125
vn 0.8091923 0.38768503 -0.441484
vn 0.30684546 -0.039425455 0.95094246
vn 0.96434575 0.25851 -0.056655955
vn -0.3455645 -0.4898379 0.8004024
vn -0.019683752 0.2706703 -0.9624708
vn -0.013511548 0.24692163 0.9689413
vn -0.7149051 0.45162624 -0.5338019
vn -0.9246099 -0.12245296 -0.3606963
vn 0.64460605 -0.018611355 0.7642883
vn 0.18327194 0.981872 0.048360724
vn 0.17214654 0.90660995 -0.38525832
vn -0.37320998 0.57327825 -0.72942877
vn 0.24193512 0.5347672 -0.80962425
vn 0.50444406 0.7737586 0.38318896
vn 0.83368266 -0.2884945 -0.47089723
vn -0.37320998 0.57327825 -0.72942877
vn -0.80080056 0.1710491 -0.57398665
vn 0.83368266 -0.2884945 -0.47089723
vn -0.70138496 0.093918666 -0.706568
vn 0.9666335 0.05116196 0.25100237
vn 0.8091923 0.38768503 -0.441484
vn 0.09344819 -0.80983704 -0.5791644
vn -0.9745103 -0.19080783 -0.11799149
vn -0.76554316 0.24452795 -0.5951049
vn -0.33566415 -0.885742 -0.3206099
vn -0.34830084 -0.32896695 -0.8777627
vn -0.14017877 -0.7764302 -0.6144152
vn 0.16933236 0.32046002 -0.9320043
vn 0.29445952 -0.47704542 -0.82808286
vn -0.0002804405 0.8423015 -0.53900665
vn -0.5153066 0.63135004 -0.5795311
vn -0.4569728 0.8344121 -0.30811086
vn 0.5727154 0.59303075 -0.5659608
vn 0.4720261 -0.7171041 -0.5127895
vn 0.82195616 -0.53450173 0.196713
vn 0.5822761 -0.73988795 0.33692774
vn 0.8488893 -0.4625311 -0.25583586
vn 0.92964876 -0.13056204 -0.34453848
vn 0.9813537 -0.07019859 0.17893308
vn 0.63913167 -0.39429158 0.660337
vn 0.94217086 -0.25863627 0.21312277
vn 0.84179014 -0.3607745 -0.40153596
vn 0.13279152 -0.57217383 0.8093105
vn 0.40499976 -0.7481997 -0.5255211
vn 0.06421005 -0.6588204 0.749555
vn -0.12919164 -0.6776718 0.7239271
vn 0.11317968 0.061598245 0.9916633
vn -0.574148 -0.6246973 0.5292517
vn -0.6118768 0.3300252 0.71881163
vn 0.22766674 -0.86143374 0.45398217
vn -0.91626704 -0.32089028 0.23975854
vn 0.8604163 -0.49580005 0.11775438
vn 0.017029772 -0.7607644 -0.64880466
vn -0.5717311 -0.3194278 -0.7557046
vn 0.8604163 -0.49580005 0.11775438
vn 0.04675622 -0.6295196 -0.77557653
vn -0.36112761 -0.47750977 -0.8009814
vn 0.6192847 -0.50580555 0.6005391
vn 0.06421005 -0.6588204 0.749555
vn -0.5515612 -0.0929302 0.82894164
vn -0.5459523 -0.35753128 0.7576988
vn -0.91626704 -0.32089028 0.23975854
vn -0.7149051 0.45162624 -0.5338019
vn 0.9969223 -0.06543444 -0.04317673
vn -0.8954858 0.23446862 0.37832478
vn 0.86909103 0.4594541 -0.1832558
vn 0.17214654 0.90660995 -0.38525832
vn 0.24193512 0.5347672 -0.80962425
vn 0.63913167 -0.39429158 0.660337
vn 0.5822761 -0.73988795 0.33692774
vn 0.5412254 -0.81059426 0.22363366
vn 0.16095966 -0.37510875 0.91289943
vn -0.0108297635 -0.9493082 0.3141602
vn -0.9745103 -0.19080783 -0.11799149
vn -0.33566415 -0.885742 -0.3206099
vn -0.5502921 -0.8330391 0.056784634
vn -0.30545497 -0.9503053 0.060142502
vn -0.14017877 -0.7764302 -0.6144152
vn -0.64423025 -0.6003456 0.47386968
vn -0.102290146 -0.8664716 0.4886346
vn 0.05289545 -0.8513238 0.52196735
vn 0.38498187 -0.29220608 0.87544537
vn -0.013266879 -0.009549031 0.99986637
vn 0.33087093 -0.84514606 0.4198244
vn 0.5834497 -0.68693113 0.4332575
vn 0.6886964 -0.6687873 0.28003722
vn -0.62492734 0.7429073 0.23990542
vn 0.52640045 -0.47330993 -0.70631456
vn 0.92443764 0.3797309 0.03492168
vn 0.42035282 -0.6483977 -0.6347314
vn 0.4720261 -0.7171041 -0.5127895
vn 0.97382855 -0.165472 0.15581067
vn 0.38163328 -0.8902566 -0.24859457
vn 0.17152989 -0.89864254 0.4037562
vn 0.8496148 -0.048219364 -0.5251948
vn 0.9645546 -0.20104945 -0.1709196
vn 0.78768396 -0.4551138 0.41524133
vn 0.7308598 -0.20240813 0.6518243
vn -0.4298276 0.058338106 -0.90102434
vn -0.6574051 0.121451855 -0.7436854
vn 0.47966117 -0.40784964 0.77690655
vn 0.4780514 -0.86821955 0.132897
vn 0.36803606 -0.6098829 0.7018492
vn 0.42613977 -0.45769724 0.7803321
vn 0.5720195 -0.4220805 0.7033077
vn 0.5117742 -0.38922295 0.7658934
vn 0.5225501 -0.2593607 0.8122028
vn 0.05292098 -0.86275876 0.5028387
vn 0.49545825 -0.45643696 0.73904425
vn 0.23539841 -0.8916155 0.38679376
vn 0.25800207 -0.4793273 0.8388565
vn -0.34722653 -0.5730194 0.7423493
vn 0.4063086 -0.39665744 0.82315016
vn 0.4892924 -0.27575558 0.8273764
vn 0.16429865 0.4525877 -0.8764533
vn -0.99340034 -0.0494272 -0.10350205
vn 0.1358871 -0.52295077 0.84146136
vn 0.332394 -0.5885044 0.7370053
vn 0.4472251 -0.43499675 0.7815162
vn 0.49888876 -0.091252744 0.86184853
vn 0.3952101 -0.2614563 0.88059616
vn 0.7129738 -0.12423916 0.6900964
vn -0.42786247 0.4565045 -0.78008807
vn 0.8997757 -0.31073758 0.30634278
vn 0.7408674 -0.41328892 0.529441
vn 0.92604333 -0.37459728 0.04605034
vn 0.7556314 0.11441652 -0.6449264
vn 0.7461883 -0.6522127 0.133498
vn 0.2877252 -0.8708069 -0.3986347
vn 0.08688032 -0.98978394 0.1130469
vn 0.45247978 -0.38012192 0.8067028
vn 0.257032 -0.67506236 0.6915384
vn -0.15748495 -0.4496147 0.87922984
vn -0.43429342 -0.80798304 0.39818668
vn 0.32752094 -0.5126862 -0.7936516
vn -0.64797634 -0.7365168 -0.19408683
vn 0.8156006 -0.45799574 -0.3536037
vn -0.5024377 0.2572882 -0.8254448
vn 0.044595454 -0.971769 0.23168138
vn 0.8796466 -0.27604046 -0.3873287
vn 0.97382855 -0.165472 0.15581067
vn 0.17152989 -0.89864254 0.4037562
vn -0.07753747 -0.97864676 0.19036399
vn -0.945013 0.24180649 -0.22018182
vn -0.04052196 -0.6938337 -0.71899426
vn -0.34272522 0.64300597 0.6848961
vn 0.15623741 0.9868713 -0.040925197
vn -0.81094223 0.57955706 -0.08053781
vn -0.010538811 0.91142094 -0.4113403
vn -0.41558295 0.8697911 0.2659967
vn -0.30872312 0.8474853 0.4318086
vn -0.32626075 0.92459804 0.19665286
vn -0.628345 0.7029504 0.33323148
vn -0.14802223 0.93359566 0.32632592
vn -0.1307967 0.8624672 0.48891973
vn -0.10589146 0.6783773 0.72704285
vn -0.033695254 0.660581 0.7499982
vn 0.109467745 0.91313046 0.39269528
vn 0.16991574 0.7391859 0.6517153
vn 0.6461938 0.6823556 0.3417959
vn 0.4228617 0.606335 0.67345816
vn 0.4121266 0.47236288 0.77911806
vn -0.6849415 0.67875326 0.26485693
vn 0.29861245 0.9302075 -0.21341199
vn -0.30872312 0.8474853 0.4318086
vn -0.18983188 0.7483823 0.6355217
vn -0.36852753 0.6912251 0.62160707
vn -0.18364029 0.9262735 0.32908
vn -0.34062052 0.8717998 0.352055
vn -0.3944623 0.8296012 0.39517254
vn -0.08798045 0.92140687 0.3785087
vn -0.28948647 0.75540346 0.5878462
vn -0.033695254 0.660581 0.7499982
vn 0.3992953 0.6328434 0.6633796
vn -0.38710016 0.72164875 0.57391334
vn -0.284382 0.38493398 0.8780391
vn 0.18013191 -0.051028296 0.982318
vn -0.010538811 0.91142094 -0.4113403
vn -0.40368822 0.51920784 -0.75329876
vn -0.121476315 0.86534625 0.48622978
vn -0.4256252 0.64411724 0.6355755
vn -0.4859137 0.87296546 -0.042652633
vn -0.74634534 0.66411024 0.043888472
vn -0.66981786 0.60561484 0.42962152
vn -0.4569728 0.8344121 -0.30811086
vn -0.27485013 0.9245114 0.26407596
vn -0.17610304 0.8431212 0.50806934
vn -0.9526052 -0.18028238 0.24503383
vn -0.15940376 0.78116864 0.6036274
vn 0.08279772 0.92193925 0.37838146
vn 0.32690457 0.648272 0.68766046
vn -0.013266879 -0.009549031 0.99986637
vn 0.55468845 0.6866525 0.4699245
vn 0.31568587 0.94661 0.06536087
vn 0.6553227 0.74296373 -0.13622434
vn 0.540076 0.57705426 0.6126388
vn 0.7073461 -0.035176903 0.70599157
vn 0.24401544 0.89695406 -0.36868668
vn 0.5727154 0.59303075 -0.5659608
vn 0.16933236 0.32046002 -0.9320043
vn -0.0002804405 0.8423015 -0.53900665
vn -0.12016709 0.9794922 -0.16172472
vn -0.5153066 0.63135004 -0.5795311
vn -0.2701296 0.67230654 -0.68922704
vn -0.76554316 0.24452795 -0.5951049
vn -0.34830084 -0.32896695 -0.8777627
vn -0.20140134 0.12414045 -0.9716103
vn -0.028789632 -0.9535016 -0.30000973
vn 0.9969223 -0.06543444 -0.04317673
vn 0.09344819 -0.80983704 -0.5791644
vn 0.64460605 -0.018611355 0.7642883
vn -0.019683752 0.2706703 -0.9624708
vn 0.8091923 0.38768503 -0.441484
vn 0.96434575 0.25851 -0.056655955
vn 0.5418454 0.0804415 -0.83661985
vn -0.3455645 -0.4898379 0.8004024
vn -0.5408452 0.18783706 -0.8198803
vn -0.27700645 0.107723534 -0.9548105
vn -0.04155258 0.5549861 0.83082116
vn 0.94971806 0.024970958 0.31210905
vn -0.19399711 -0.80579627 -0.5595154
vn -0.42396045 -0.037873726 -0.90488845
vn -0.40358356 -0.116063535 -0.9075514
vn -0.9968775 0.07042323 0.0357196
vn -0.90045446 -0.2676053 -0.34288365
vn -0.71670204 -0.690189 -0.099886164
vn -0.18584633 0.10332773 0.9771308
vn -0.762553 -0.46351573 0.45129386
vn 0.25038245 -0.2090379 0.9453104
vn -0.9246099 -0.12245296 -0.3606963
vn 0.6940796 0.6895235 -0.20690784
vn 0.97382855 -0.165472 0.15581067
vn -0.945013 0.24180649 -0.22018182
vn 0.8796466 -0.27604046 -0.3873287
vn 0.2168708 0.28533563 -0.9335688
vn 0.38163328 -0.8902566 -0.24859457
vn 0.47234368 0.12348463 -0.8727216
vn 0.63913167 -0.39429158 0.660337
vn 0.8488893 -0.4625311 -0.25583586
vn 0.5822761 -0.73988795 0.33692774
vn -0.019683752 0.2706703 -0.9624708
vn -0.20140134 0.12414045 -0.9716103
vn -0.5408452 0.18783706 -0.8198803
vn -0.04155258 0.5549861 0.83082116
vn -0.013511548 0.24692163 0.9689413
vn -0.6118768 0.3300252 0.71881163
vn -0.5515612 -0.0929302 0.82894164
vn -0.92280823 0.22159101 -0.31515464
vn -0.36112761 -0.47750977 -0.8009814
vn 0.38131595 0.03992674 -0.92358214
vn -0.27700645 0.107723534 -0.9548105
vn -0.64545107 0.011487388 0.76371527
vn -0.42396045 -0.037873726 -0.90488845
vn -0.9968775 0.07042323 0.0357196
vn -0.50914454 -0.0776252 0.8571734
vn -0.8434583 -0.26460326 0.4675075
vn -0.90045446 -0.2676053 -0.34288365
vn -0.995974 -0.08836789 -0.01506441
vn -0.75514823 -0.15983248 0.635771
vn -0.73418087 0.5299039 0.42447656
vn -0.44045278 0.44076353 0.78213096
vn -0.762553 -0.46351573 0.45129386
vn -0.27818614 0.019348523 0.9603323
vn -0.17954695 0.24578989 0.95254934
vn -0.7166078 0.04947903 0.6957191
vn -0.38594893 -0.015553015 0.92238903
vn -0.14603335 -0.29782832 0.9433836
vn -0.75940704 0.005857383 0.65058947
vn -0.7800055 0.52009255 -0.34798732
vn -0.8183554 -0.22968516 0.5268199
vn -0.52445984 -0.061638027 0.84920114
vn -0.762553 -0.46351573 0.45129386
vn -0.8434583 -0.26460326 0.4675075
vn -0.18584633 0.10332773 0.9771308
vn -0.71670204 -0.690189 -0.099886164
vn -0.75940704 0.005857383 0.65058947
vn -0.762553 -0.46351573 0.45129386
vn -0.4121716 0.89188784 -0.18614693
vn -0.50914454 -0.0776252 0.8571734
vn -0.8183554 -0.22968516 0.5268199
vn -0.75940704 0.005857383 0.65058947
vn -0.19399711 -0.80579627 -0.5595154
vn -0.52445984 -0.061638027 0.84920114
vn -0.8183554 -0.22968516 0.5268199
vn -0.97680724 -0.16245106 0.13948928
vn -0.9817968 -0.08955436 -0.16749649
vn -0.844739 -0.3759117 -0.38092825
vn -0.90456134 -0.03411618 0.42497635
vn -0.38285273 -0.019571265 0.92360204
vn -0.18570727 0.13973531 0.9726186
vn -0.6872295 -0.0787329 0.7221612
vn -0.5515612 -0.0929302 0.82894164
vn -0.440775 -0.06926634 0.8949411
vn -0.8499017 0.036560886 -0.52567136
vn 0.29787126 0.7944387 -0.5292824
vn -0.5568495 -0.0095112715 0.83055896
vn -0.68235004 -0.20436172 0.70187944
vn -0.6118768 0.3300252 0.71881163
vn -0.574148 -0.6246973 0.5292517
vn -0.96721196 -0.23053248 -0.10656351
vn -0.9726493 0.16642228 -0.16204019
vn -0.7583014 0.2218163 0.6130061
vn -0.3139961 0.113947496 0.9425616
vn -0.5717311 -0.3194278 -0.7557046
vn 0.4435827 0.8719371 -0.2072682
vn -0.12248606 0.969634 -0.2116767
vn 0.8700591 -0.47158265 0.14355132
vn 0.18480368 0.87347096 0.45043987
vn -0.003160531 0.6243696 0.7811227
vn 0.46369773 0.8834658 0.066877104
vn 0.44130617 -0.7961672 -0.41396454
vn 0.80634964 -0.14105083 -0.5743735
vn 0.9821907 -0.0072067925 0.18774842
vn -0.4098378 -0.6454408 -0.6445457
vn -0.20090899 -0.85865104 -0.4715443
vn 0.2168708 0.28533563 -0.9335688
vn 0.47234368 0.12348463 -0.8727216
vn -0.04052196 -0.6938337 -0.71899426
vn 0.65786624 0.16435133 -0.73498344
vn 0.5324745 0.31786647 -0.7844946
vn 0.58851844 0.26090348 -0.765229
vn 0.72883147 0.25240368 -0.6364724
vn 0.7556314 0.11441652 -0.6449264
vn 0.47621438 0.2217684 -0.8509046
vn 0.8496148 -0.048219364 -0.5251948
vn 0.2577371 -0.2783963 -0.9252389
vn 0.017639767 -0.38838312 -0.92132914
vn 0.49742144 -0.085691705 -0.8632664
vn 0.8156006 -0.45799574 -0.3536037
vn -0.30031928 -0.4303344 -0.85124654
vn -0.146124 -0.65689856 0.7396838
vn 0.38163328 -0.8902566 -0.24859457
vn 0.5505341 0.17351837 -0.8165804
vn 0.74335307 -0.47429493 0.47166786
vn -0.1409159 0.0811163 -0.9866929
vn 0.4565949 -0.1167012 -0.8819875
vn 0.2877252 -0.8708069 -0.3986347
vn -0.060492184 -0.16261561 -0.9848334
vn 0.085155286 -0.07589883 -0.9934727
vn 0.4899544 -0.8328707 -0.25743154
vn -0.9355774 0.25564498 -0.24359919
vn 0.8257163 -0.07542477 -0.5590202
vn 0.30344486 0.114355735 -0.94596195
vn 0.5732738 0.028703345 -0.81886095
vn 0.7354048 -0.35556653 -0.5768468
vn 0.7827661 -0.13894884 0.60660565
vn 0.9870327 0.15639663 0.036145803
vn 0.6484342 -0.25677454 -0.71665883
vn 0.80634964 -0.14105083 -0.5743735
vn 0.61902577 -0.24159941 -0.7472863
vn 0.9073284 -0.39215857 -0.15154798
vn -0.11499097 -0.88314295 0.45479187
vn 0.04408858 -0.89728373 -0.4392472
vn 0.2105071 -0.8023109 -0.55855525
vn 0.2882614 -0.5949866 -0.75026417
vn 0.14234687 -0.011134895 -0.9897542
vn -0.19587214 -0.07922031 -0.97742426
vn -0.060597662 -0.2358359 -0.96990174
vn 0.1435182 0.12102055 -0.98222023
vn -0.79848784 -0.56913096 0.19623218
vn -0.12248606 0.969634 -0.2116767
vn -0.57515675 0.5060955 0.642699
vn 0.6940796 0.6895235 -0.20690784
vn 0.2168708 0.28533563 -0.9335688
vn -0.04052196 -0.6938337 -0.71899426
vn -0.07753747 -0.97864676 0.19036399
vn -0.90045446 -0.2676053 -0.34288365
vn -0.7320793 -0.5019828 -0.460514
vn -0.71670204 -0.690189 -0.099886164
vn -0.4121716 0.89188784 -0.18614693
vn -0.844739 -0.3759117 -0.38092825
vn -0.7320793 -0.5019828 -0.460514
vn -0.42725104 -0.17966641 -0.88610184
vn -0.36195973 -0.5137843 -0.77782446
vn -0.19399711 -0.80579627 -0.5595154
vn -0.6871009 -0.20397791 -0.6973416
vn -0.40358356 -0.116063535 -0.9075514
vn -0.90045446 -0.2676053 -0.34288365
vn -0.12211512 -0.26487762 -0.95651853
vn -0.7969945 -0.2818301 -0.5342018
vn -0.7318798 -0.50124705 -0.46163127
vn -0.90929615 -0.3653503 -0.19924772
vn -0.9911078 -0.026026104 0.13049093
vn -0.5218678 -0.20826581 -0.8272118
vn -0.83724093 0.34738776 -0.42231432
vn -0.5721221 0.4501095 -0.68562216
vn -0.54938555 0.45342404 -0.701842
vn -0.30708605 0.68354976 -0.6621615
vn -0.08638111 0.11959857 -0.98905736
vn -0.906223 0.008269378 -0.4227192
vn -0.967735 0.17270668 0.18347043
vn -0.6449737 0.19736977 -0.7382778
vn -0.9726493 0.16642228 -0.16204019
vn -0.45969492 -0.016439829 -0.88792473
vn -0.3901682 0.900273 -0.19307317
vn -0.6182103 -0.18285242 -0.76444817
vn -0.74543613 -0.5164222 -0.42146543
vn -0.9025295 -0.42651176 0.05939886
vn -0.8873842 -0.4548267 -0.0753786
vn -0.7167577 -0.053840525 -0.6952406
vn 0.10812857 -0.001309656 -0.99413604
vn 0.34767678 -0.022598535 -0.93734205
vn -0.47188032 -0.026879806 -0.88125277
vn -0.425382 -0.024368862 -0.90468574
vn -0.36112761 -0.47750977 -0.8009814
vn -0.37998948 -0.028015647 -0.92456645
vn -0.71511966 -0.06962409 -0.69552594
vn -0.4995639 -0.01060658 -0.8662121
vn -0.96721196 -0.23053248 -0.10656351
vn -0.5717311 -0.3194278 -0.7557046
vn 0.29787126 0.7944387 -0.5292824
vn -0.8499017 0.036560886 -0.52567136
vn -0.42723438 -0.043412622 -0.90309805
vn -0.9817968 -0.08955436 -0.16749649
vn -0.79439074 -0.1326959 -0.59273535
vn -0.92280823 0.22159101 -0.31515464
vn 0.13613763 -0.22661561 -0.9644231
vn -0.97680724 -0.16245106 0.13948928
vn -0.9955467 -0.051212203 0.07914623
vn -0.30545497 -0.9503053 0.060142502
vn -0.14017877 -0.7764302 -0.6144152
vn -0.18584228 0.15629606 -0.97006917
vn -0.62348676 0.47997597 -0.6171607
vn -0.83217907 0.45202532 -0.3211714
vn -0.7800055 0.52009255 -0.34798732
vn -0.73418087 0.5299039 0.42447656
vn -0.6400303 0.5529477 0.5334886
vn -0.6665623 0.22490855 -0.7107115
vn -0.995974 -0.08836789 -0.01506441
vn -0.02948441 -0.05099762 -0.9982634
vn -0.22320801 -0.006752072 -0.9747475
vn -0.77020806 -0.07953786 -0.63281375
vn -0.26439118 -0.016000828 -0.96428275
vn -0.88702065 -0.14774248 -0.43745464
vn -0.8964328 0.026388485 -0.44239333
vn -0.4109791 0.21180466 -0.8866989
vn -0.9697156 0.20123325 -0.13840812
vn -0.6647193 0.1491169 -0.7320604
vn -0.84580094 0.4370944 -0.30589092
vn -0.3926055 0.56694424 -0.7241789
vn -0.61185044 0.64359605 0.45980772
vn -0.87984776 -0.09394496 -0.4658779
vn -0.77402586 -0.1081495 -0.6238491
vn -0.98910993 -0.1422531 0.0377566
vn -0.9796681 0.18960357 0.06558155
vn -0.96030676 -0.2201063 -0.17135958
vn -0.98844874 -0.057783473 -0.1401077
vn -0.9967022 -0.03700893 0.07221534
vn -0.9862487 -0.16262579 -0.029434903
vn 0.6940796 0.6895235 -0.20690784
vn -0.0108297635 -0.9493082 0.3141602
vn 0.47234368 0.12348463 -0.8727216
vn -0.07753747 -0.97864676 0.19036399
vn 0.04675622 -0.6295196 -0.77557653
vn -0.70924705 -0.2748904 -0.6491563
vn 0.1790622 -0.23864983 -0.9544543
vn -0.36112761 -0.47750977 -0.8009814
vn 0.69996357 0.026751813 -0.71367735
vn 0.10812857 -0.001309656 -0.99413604
vn 0.41878316 -0.013011843 -0.907993
vn 0.34767678 -0.022598535 -0.93734205
vn 0.6924538 0.06807475 -0.7182434
vn 0.29787126 0.7944387 -0.5292824
vn -0.3962123 0.040740386 -0.9172546
vn 0.12714884 0.5987606 -0.79077107
vn 0.24193512 0.5347672 -0.80962425
vn -0.037502132 -0.9766218 0.21166825
vn 0.92964876 -0.13056204 -0.34453848
vn 0.84179014 -0.3607745 -0.40153596
vn 0.82195616 -0.53450173 0.196713
vn 0.40499976 -0.7481997 -0.5255211
vn 0.018975146 -0.79319656 -0.60867
vn 0.23997106 -0.21600983 -0.9464426
vn -0.19008857 -0.40867442 -0.89266545
vn -0.77343494 -0.6018235 -0.19901474
vn -0.6577197 -0.16872776 -0.73412246
vn 0.19199197 -0.94969124 -0.24743824
vn -0.6824818 -0.6445624 -0.34461266
vn -0.39735106 -0.3513556 0.847739
vn 0.63913167 -0.39429158 0.660337
vn 0.16095966 -0.37510875 0.91289943
vn 0.13279152 -0.57217383 0.8093105
vn -0.146124 -0.65689856 0.7396838
vn -0.0108297635 -0.9493082 0.3141602
vn 0.65786624 0.16435133 -0.73498344
vn -0.60477364 -0.42991075 0.67039216
vn -0.45290336 -0.6000191 0.65943587
vn -0.85043395 -0.3272985 0.41187117
vn -0.30031928 -0.4303344 -0.85124654
vn -0.77343494 -0.6018235 -0.19901474
vn 0.018975146 -0.79319656 -0.60867
vn 0.40499976 -0.7481997 -0.5255211
vn -0.18584633 0.10332773 0.9771308
vn -0.8434583 -0.26460326 0.4675075
vn -0.50914454 -0.0776252 0.8571734
vn -0.75940704 0.005857383 0.65058947
vn -0.4121716 0.89188784 -0.18614693
vn -0.40358356 -0.116063535 -0.9075514
vn -0.7320793 -0.5019828 -0.460514
vn 0.25038245 -0.2090379 0.9453104
vn 0.09344819 -0.80983704 -0.5791644
vn -0.24110797 -0.9655104 0.09826762
vn -0.70138496 0.093918666 -0.706568
vn -0.90085024 0.37672582 -0.21574639
vn 0.30684546 -0.039425455 0.95094246
vn -0.0960167 0.5217829 0.8476576
vn 0.50444406 0.7737586 0.38318896
vn -0.80080056 0.1710491 -0.57398665
vn -0.37320998 0.57327825 -0.72942877
vn 0.62541234 -0.14407776 0.7668774
vn -0.2964021 -0.679549 -0.67108786
vn 0.20417866 0.43113056 0.87888426
vn 0.38685822 0.34012532 0.85712045
vn 0.2608671 0.81884277 0.5113168
vn 0.41070855 0.4178109 0.8104027
vn -0.016201904 0.18513454 0.9825796
vn 0.28582346 0.39788508 0.87177545
vn 0.5187802 0.17570807 0.83665633
vn -0.032898914 0.39315888 0.9188818
vn -0.4767284 0.4010153 0.78225106
vn -0.24311079 0.0480565 0.96880734
vn -0.72065574 0.11598364 0.6835226
vn 0.16418979 0.10827877 0.980468
vn -0.2585408 0.10842323 0.9598964
vn 0.5269174 0.011648857 0.84983665
vn 0.23430371 0.10488352 0.96648914
vn -0.44022155 0.49497855 0.74913365
vn -0.12338783 -0.16262962 0.9789418
vn -0.790683 0.20791706 0.57583934
vn 0.09163159 0.23322693 0.9680955
vn 0.23099056 0.0724877 0.970252
vn 0.2473249 0.16252321 0.955205
vn 0.10276186 0.18967257 0.976455
vn 0.56742215 0.33462074 0.7523703
vn 0.42865622 0.7133758 0.5543905
vn -0.43412867 0.86021566 0.2675095
vn 0.4812623 0.8731202 -0.07776717
vn -0.15835373 0.58218217 0.7974886
vn 0.54520094 0.82084507 -0.17020378
vn 0.4584608 0.81771255 0.34808025
vn -0.5072611 0.6641711 0.5491475
vn -0.5699594 -0.13818172 0.80997044
vn 0.05134902 -0.1882204 0.9807835
vn 0.25863793 -0.4255971 0.8671641
vn 0.25207534 -0.08025973 0.9643736
vn -0.3483554 -0.06866964 0.93484384
vn 0.4206942 0.07203331 0.90433824
vn 0.18761279 0.06416309 0.98014516
vn -0.336783 -0.06344096 0.93944263
vn 0.41858447 -0.05979648 0.90620714
vn 0.7899041 -0.28491172 0.5430256
vn -0.3502404 -0.0625336 0.9345701
vn 0.24911502 0.0776229 0.96535814
vn 0.6281484 0.13455786 0.76637053
vn 0.8775803 0.07863605 0.47293684
vn 0.10287027 0.44629145 0.88895535
vn 0.7508424 0.29977497 0.5885326
vn 0.43922815 0.39336166 0.80767894
vn 0.510285 0.32287338 0.79709595
vn 0.49496493 0.03988638 0.867997
vn -0.8816132 0.4589953 -0.10991561
vn -0.5918312 0.34410724 0.7289211
vn 0.20417866 0.43113056 0.87888426
vn 0.6015323 -0.047614206 0.79742825
vn 0.6346627 0.0173358 0.7725948
vn -0.49203363 0.86910546 0.05058284
vn 0.3822045 0.8907731 -0.24585153
vn -0.43989292 -0.29644462 -0.8477115
vn 0.620812 -0.09714036 0.77791786
vn 0.90639645 0.21561463 0.36325723
vn 0.8752307 0.029981492 0.4827756
vn -0.12248606 0.969634 -0.2116767
vn 0.18480368 0.87347096 0.45043987
vn -0.57515675 0.5060955 0.642699
vn 0.5269174 0.011648857 0.84983665
vn 0.6590153 -0.40527916 0.633599
vn 0.23430371 0.10488352 0.96648914
vn -0.5885227 0.15094316 0.7942652
vn -0.11499097 -0.88314295 0.45479187
vn -0.6138079 0.6610713 0.43153742
vn -0.57515675 0.5060955 0.642699
vn -0.7019122 0.21338817 0.6795474
vn -0.57742625 0.089930736 0.81147486
vn -0.36800802 0.85806847 0.358174
vn -0.12944034 0.3452816 0.9295299
vn -0.09752564 0.06779366 0.99292135
vn -0.2449892 0.12033458 0.96202904
vn 0.044268243 0.1502001 0.98766404
vn -0.4592866 0.1293588 0.8788186
vn -0.52051896 0.6076195 0.5998821
vn -0.5263269 0.016131226 0.85012925
vn 0.097657844 -0.021713538 0.99498314
vn -0.8802849 0.23611036 0.41152206
vn -0.3693429 -0.8687226 0.33001038
vn -0.26469427 -0.9539765 0.14094606
vn -0.21085031 -0.97729087 -0.021088082
vn -0.22112904 0.28942332 0.9313088
vn 0.4121266 0.47236288 0.77911806
vn 0.18480368 0.87347096 0.45043987
vn 0.8700591 -0.47158265 0.14355132
vn 0.94226 0.10136024 0.31917423
vn 0.51101303 0.11648178 0.8516441
vn 0.25591055 0.83295566 0.49060646
vn 0.5372482 -0.012218889 0.8433357
vn -0.9281323 0.1711584 0.330568
vn 0.028560242 -0.79454315 -0.6065357
vn 0.38899058 0.8493891 0.3566854
vn 0.92677474 0.28709236 0.24221179
vn 0.78584516 0.19811067 0.58583236
vn 0.10447163 0.5691225 0.8155889
vn 0.04687795 0.10846489 -0.99299437
vn -0.22203214 0.90327895 -0.36713606
vn 0.8775803 0.07863605 0.47293684
vn 0.94934464 -0.08217568 0.30330172
vn 0.41858447 -0.05979648 0.90620714
vn 0.25522017 -0.15277477 0.9547369
vn 0.7539568 -0.40168723 0.5198043
vn -0.027495794 -0.24414228 0.96934956
vn -0.7353908 0.23271629 0.63643026
vn -0.22087888 -0.96218836 -0.15939277
vn 0.0050275386 0.010777871 0.99992925
vn 0.134404 -0.00055830413 0.99092644
vn 0.24030948 0.22093278 -0.9452196
vn -0.005214037 -0.0019257532 0.99998456
vn 0.020447474 -0.012104332 0.99971765
vn -0.04802192 -0.014178658 0.9987456
vn 0.883766 0.3793347 0.2739761
vn -0.26841262 0.19984064 0.9423473
vn -0.06443308 0.4451996 -0.8931101
vn -0.008070303 0.010023065 0.9999172
vn 0.004575732 0.0049900613 0.99997705
vn 0.006204658 0.0027248538 0.99997705
vn -0.0014296997 0.0020701073 0.99999684
vn 0.092481874 -0.014450271 0.9956095
vn 0.01366115 0.0072611673 0.9998803
vn 0.09271435 -0.046545006 -0.99460423
vn 0.3351041 0.13198295 -0.9328911
vn 0.0001972975 0.0048017344 0.99998844
vn -0.0028899221 0.0035985035 0.99998933
vn 0.110851884 0.014573386 0.99373007
vn 0.017765665 0.005488583 0.9998271
vn -0.0076716114 -0.0047335047 0.99995935
vn 0.20622158 0.13089399 -0.969711
vn 0.012912914 0.005952875 0.9998989
vn 0.041285664 0.07769179 0.99612224
vn -0.014493912 -0.012001868 0.9998229
vn -0.05026613 -0.0950824 0.9941995
vn -0.023796706 -0.24812964 -0.9684345
vn 0.0058774445 -0.0034441107 0.9999768
vn 0.05370033 -0.08113437 0.9952555
vn -0.0019735699 0.0020066733 0.99999607
vn -0.007560267 -0.0016035002 0.99997014
vn 0.0013700416 -0.0012190907 0.99999833
vn -0.017316619 -0.00021662613 0.99985003
vn -0.0061494787 -0.005734169 0.99996465
vn -0.12975807 -0.026171675 -0.9912002
vn -0.22500446 0.060538594 0.97247523
vn -0.078935675 -0.02569104 0.9965486
vn -0.0072609335 0.00038194 0.9999736
vn -0.13205166 0.022934569 0.99097747
vn -0.045244344 0.014074598 -0.9988768
vn -0.006523966 0.0026254673 0.99997526
vn 0.05652893 0.46230292 0.88491833
vn 0.07357628 -0.6296108 0.7734189
vn 0.2880619 0.26076472 -0.921424
vn 0.006746507 0.017825147 0.9998184
vn -0.0007390332 0.000029400007 0.9999997
vn 0.0061577 0.0068243057 0.99995774
vn 0.034096204 -0.34848413 -0.9366943
vn -0.12981087 0.39746386 -0.90838957
vn 0.22405504 0.29571527 0.928629
vn 0.27066028 -0.051033966 0.96132123
vn -0.08450033 0.993085 -0.08149713
vn 0.12685983 0.8212756 0.5562491
vn 0.6346627 0.0173358 0.7725948
vn 0.20417866 0.43113056 0.87888426
vn 0.26555422 -0.5022267 0.82295156
vn 0.43612286 -0.82717913 0.35436073
vn 0.08397602 -0.21209866 0.97363347
vn 0.22053632 -0.77355516 -0.59411794
vn 0.87969863 -0.42457214 -0.21417013
vn 0.47236148 -0.5555152 0.68430805
vn 0.62541234 -0.14407776 0.7668774
vn 0.69631207 0.5070356 0.5080004
vn 0.38323176 0.03095864 0.92313325
vn 0.004167566 -0.019061157 0.9998096
vn 0.06163073 -0.104158305 0.9926493
vn 0.020058546 -0.062638864 -0.9978347
vn 0.013980562 -0.18075064 0.9834296
vn 0.05703097 0.10329854 0.99301404
vn 0.0061001536 -0.12766515 0.9917986
vn 0.8906439 0.23097998 0.39166537
vn 0.69173545 -0.7138296 0.10931319
vn 0.017977087 -0.8004915 0.5990744
vn 0.1858869 -0.7662359 0.6150843
vn 0.7622359 0.5358521 -0.36312392
vn 0.21029645 -0.08231905 0.9741658
vn -0.1690616 0.74123526 0.6496064
vn -0.021983394 0.58702874 0.8092675
vn -0.22900775 0.5068825 0.83103883
vn 0.05690918 -0.28922185 0.95556897
vn 0.2636734 -0.763084 0.590067
vn -0.21101934 0.31893688 0.92398596
vn 0.12045089 -0.083502784 0.9892011
vn 0.13908988 -0.6531434 0.7443505
vn -0.079467334 0.5426108 0.83621675
vn 0.37768215 -0.035954423 0.925237
vn 0.760331 -0.16506216 0.6282128
vn -0.3759274 0.88532865 0.273627
vn -0.2427053 0.4855863 0.83982146
vn 0.29235247 -0.4513166 0.84311527
vn 0.8216833 -0.5518513 0.14246649
vn 0.61776286 0.23597519 0.75012314
vn 0.7977769 -0.5021948 0.3336951
vn 0.38382402 0.86759084 0.31617287
vn 0.7719064 -0.052592237 0.6335571
vn -0.11413269 -0.8205683 0.56003696
vn 0.25137332 -0.9486884 0.19183803
vn 0.43447495 -0.9004029 0.02249763
vn 0.79317963 -0.57762843 -0.19290264
vn 0.90837914 0.08919207 0.40852433
vn 0.23119853 0.11167294 0.96647626
vn 0.46568522 0.036869496 0.8841821
vn -0.3139961 0.113947496 0.9425616
vn -0.43283617 -0.044759046 0.90036076
vn -0.5568495 -0.0095112715 0.83055896
vn 0.33142954 -0.0062913676 0.943459
vn 0.88345605 0.04791267 0.46605766
vn -0.440775 -0.06926634 0.8949411
vn 0.13535137 0.02890408 0.990376
vn 0.5802273 0.06032416 0.8122175
vn -0.38285273 -0.019571265 0.92360204
vn 0.1945176 0.064513184 0.9787752
vn 0.8383019 0.078305766 0.53955364
vn -0.52445984 -0.061638027 0.84920114
vn 0.4936464 0.020978283 0.8694096
vn -0.14603335 -0.29782832 0.9433836
vn 0.5865723 -0.47205594 0.6581004
vn 0.9767946 0.107853994 0.18503998
vn 0.9727545 0.09828895 0.20997156
vn 0.87072265 0.09285289 0.48292893
vn 0.9898671 0.046375472 0.13421051
vn -0.3609448 -0.059907775 0.930661
vn -0.7583014 0.2218163 0.6130061
vn 0.44363287 0.13053082 0.8866519
vn 0.8218769 0.030579735 0.56884384
vn -0.5072611 0.6641711 0.5491475
vn 0.094549716 0.21794069 0.9713713
vn -0.22475176 0.2722695 0.93560463
vn 0.13973054 0.47371036 0.8695251
vn -0.1893277 0.10116341 0.9766888
vn -0.19466452 0.7529334 0.628647
vn 0.16537459 0.46315074 0.8707139
vn 0.4253061 0.07438871 0.90198725
vn 0.012309407 -0.28240782 0.95921546
vn 0.574268 -0.2935509 0.7642278
vn 0.01661023 0.048132267 0.9987028
vn 0.7044653 -0.5557989 0.44137985
vn 0.7677104 -0.27496076 0.5788069
vn 0.66129297 -0.43914703 0.60814595
vn 0.18220213 -0.79207045 0.58260345
vn 0.687149 -0.37567773 0.621846
vn 0.3027265 0.09771017 0.94805557
vn 0.34933156 -0.6912775 0.6325369
vn 0.045849703 0.450878 0.89140725
vn 0.11542253 0.08890455 0.9893299
vn 0.16663061 0.13892081 0.976184
vn -0.38594893 -0.015553015 0.92238903
vn -0.17954695 0.24578989 0.95254934
vn 0.052226402 -0.5303722 0.84615463
vn -0.7166078 0.04947903 0.6957191
vn -0.75514823 -0.15983248 0.635771
vn -0.27818614 0.019348523 0.9603323
vn 0.66780275 -0.73539305 -0.1150504
vn -0.015610187 0.907149 0.42051992
vn -0.106217414 0.7972597 0.59421784
vn -0.54257035 -0.18332992 0.8197607
vn -0.30545497 -0.9503053 0.060142502
vn -0.9955467 -0.051212203 0.07914623
vn 0.05289545 -0.8513238 0.52196735
vn -0.26780236 0.24889997 0.93076885
vn -0.6400303 0.5529477 0.5334886
vn 0.28818455 0.038575526 0.9567976
vn 0.5834497 -0.68693113 0.4332575
vn 0.32740778 0.93253255 0.15227328
vn -0.44045278 0.44076353 0.78213096
vn -0.73418087 0.5299039 0.42447656
vn 0.045523178 -0.83387715 0.55006963
vn 0.092754185 -0.36788148 0.92523503
vn -0.033888552 0.5527713 0.8326437
vn 0.091392994 0.5279943 0.84431595
vn -0.06605781 0.36487296 0.928711
vn 0.16180629 -0.95179516 0.2605853
vn -0.072985545 -0.12878312 0.98898333
vn 0.15651232 -0.74553776 0.64782506
vn -0.22724032 0.7573496 0.6121956
vn -0.2544499 0.5462564 0.79803455
vn 0.022615837 -0.1680628 0.98551685
vn -0.074402444 -0.06576251 0.9950576
vn -0.009810738 -0.11799371 0.9929659
vn 0.5708676 -0.58401626 0.577092
vn -0.34974644 0.41379327 0.8405073
vn -0.5646466 0.48914367 -0.6647652
vn -0.21436054 0.3187076 -0.92329574
vn -0.65896547 0.726678 0.19417405
vn -0.51047724 0.83955723 -0.18589419
vn -0.32605845 0.54440504 0.7728577
vn -0.5982165 0.25608063 0.7593154
vn 0.4737156 0.67409515 0.56673557
vn -0.16592465 0.07249302 0.98347026
vn 0.91548735 -0.3609643 -0.17772937
vn 0.24193512 0.5347672 -0.80962425
vn 0.50444406 0.7737586 0.38318896
vn 0.8091558 0.39125562 0.43839017
vn -0.90085024 0.37672582 -0.21574639
vn 0.9742512 0.18397202 -0.13034125
vn -0.24110797 -0.9655104 0.09826762
vn 0.30684546 -0.039425455 0.95094246
vn 0.8091923 0.38768503 -0.441484
vn 0.18480368 0.87347096 0.45043987
vn -0.003160531 0.6243696 0.7811227
vn 0.27978736 0.51224756 0.81198615
vn -0.3016294 0.590912 0.7482264
vn -0.1307967 0.8624672 0.48891973
vn 0.16991574 0.7391859 0.6517153
vn 0.4121266 0.47236288 0.77911806
vn -0.35840216 0.46961555 0.8068514
vn -0.4545338 0.37790608 0.8065891
vn 0.77602893 0.33593547 0.53378505
vn -0.29838356 0.9393689 0.16897711
vn -0.35714093 0.6258152 0.6934015
vn -0.36751208 0.51462626 -0.7746578
vn -0.40183112 0.5444901 0.7362488
vn -0.44022155 0.49497855 0.74913365
vn 0.7683823 0.26739725 0.5814527
vn 0.5269174 0.011648857 0.84983665
vn -0.58688366 0.26543912 0.7649246
vn -0.003160531 0.6243696 0.7811227
vn -0.790683 0.20791706 0.57583934
vn -0.3682568 0.2276745 0.90141624
vn -0.12338783 -0.16262962 0.9789418
vn -0.3016294 0.590912 0.7482264
vn -0.4256252 0.64411724 0.6355755
vn -0.1307967 0.8624672 0.48891973
vn -0.41558295 0.8697911 0.2659967
vn -0.97992986 0.19831938 0.02017051
vn -0.8431263 -0.53674066 0.032364108
vn -0.66726106 0.12919582 0.7335333
vn -0.81094223 0.57955706 -0.08053781
vn -0.34272522 0.64300597 0.6848961
vn -0.10349037 0.50593287 0.856342
vn -0.48170027 0.50371784 0.71710056
vn -0.43725654 0.34490582 0.8305701
vn -0.18983188 0.7483823 0.6355217
vn -0.033695254 0.660581 0.7499982
vn -0.7272848 0.36633125 0.58039486
vn -0.8292805 0.44432735 0.3389205
vn -0.61185044 0.64359605 0.45980772
vn -0.34062052 0.8717998 0.352055
vn -0.002230366 0.34023035 0.9403395
vn -0.97992986 0.19831938 0.02017051
vn -0.81094223 0.57955706 -0.08053781
vn -0.41558295 0.8697911 0.2659967
vn -0.56216747 0.4132617 -0.71636754
vn -0.8878738 0.43818492 -0.14026424
vn -0.8639465 0.34153798 -0.37006524
vn 0.32752094 -0.5126862 -0.7936516
vn -0.42786247 0.4565045 -0.78008807
vn -0.5602567 0.22865695 -0.7961334
vn -0.64797634 -0.7365168 -0.19408683
vn -0.61600554 0.72340935 -0.31179497
vn -0.4185066 0.65898234 -0.6249756
vn -0.46654323 0.13614771 -0.8739572
vn -0.1545281 0.37704763 -0.913212
vn 0.332394 -0.5885044 0.7370053
vn -0.48978356 0.33809662 -0.80361855
vn -0.5024377 0.2572882 -0.8254448
vn -0.47563276 0.35207254 -0.8061131
vn -0.50299895 0.35846958 -0.78644234
vn -0.34494644 0.52850705 -0.77568823
vn -0.4917883 0.36119846 -0.79226255
vn -0.24949646 0.72734344 -0.6393145
vn -0.4412217 0.84120387 -0.31256905
vn 0.033224802 0.63868046 -0.7687544
vn -0.5538572 0.43465635 -0.71015215
vn -0.4874532 0.43091276 -0.75941
vn 0.078892745 0.6653535 -0.74234813
vn -0.35097247 0.9264449 -0.13608167
vn 0.3569401 0.91153777 0.20418794
vn -0.848101 0.45025283 -0.27927947
vn -0.9217748 0.14280131 -0.36047056
vn 0.4635537 0.8312798 -0.30674404
vn 0.16429865 0.4525877 -0.8764533
vn -0.99340034 -0.0494272 -0.10350205
vn -0.87867445 0.11097525 -0.46434435
vn -0.97918224 -0.201016 0.02818965
vn -0.90871084 -0.4095945 0.08047933
vn -0.0437954 0.8175956 -0.57412493
vn 0.83368266 -0.2884945 -0.47089723
vn 0.50444406 0.7737586 0.38318896
vn 0.24193512 0.5347672 -0.80962425
vn 0.9666335 0.05116196 0.25100237
vn -0.24110797 -0.9655104 0.09826762
vn 0.8091923 0.38768503 -0.441484
vn -0.844739 -0.3759117 -0.38092825
vn -0.8183554 -0.22968516 0.5268199
vn -0.19399711 -0.80579627 -0.5595154
vn -0.1179256 0.99302214 0.0007350923
vn -0.56078756 0.16341013 -0.8116739
vn -0.547702 0.77155423 -0.3236149
vn -0.13746703 -0.9893827 0.047167383
vn -0.2508853 0.9504943 0.18334989
vn 0.47658533 -0.87745553 -0.054205395
vn 0.099571966 -0.99187136 -0.07922546
vn -0.547702 0.77155423 -0.3236149
vn -0.2508853 0.9504943 0.18334989
vn -0.64553666 0.42047307 0.6375616
vn -0.2508853 0.9504943 0.18334989
vn -0.547702 0.77155423 -0.3236149
vn -0.56078756 0.16341013 -0.8116739
vn 0.47658533 -0.87745553 -0.054205395
vn -0.17195451 -0.22545075 -0.95895964
vn -0.11543588 -0.8267278 -0.55063206
vn 0.12778938 -0.9893219 -0.070086315
vn 0.011145998 -0.9990137 -0.042981155
vn 0.10231845 -0.99458677 -0.018114036
vn -0.95875317 -0.2404902 -0.15151514
vn -0.11543588 -0.8267278 -0.55063206
vn -0.99548227 0.06704039 -0.06723606
vn 0.7937656 -0.35439712 -0.49430645
vn 0.4281965 -0.75190765 0.501281
vn -0.91036594 -0.26532722 -0.31754586
vn -0.9121049 0.36145183 -0.19343518
vn -0.8839788 -0.18881026 -0.42770573
vn -0.7633063 0.15468515 0.6272447
vn -0.9883541 0.007445162 0.15198919
vn -0.5882524 -0.5936315 -0.5491454
vn -0.095130466 -0.8983484 -0.42885935
vn -0.593787 -0.5467394 0.590333
vn 0.029364225 -0.5658385 -0.823993
vn -0.17195451 -0.22545075 -0.95895964
vn 0.73469514 -0.5643992 0.37639958
vn -0.62312275 0.6293083 -0.46442348
vn 0.29574513 0.12191866 -0.9474548
vn 0.34567884 -0.31897867 -0.8824731
vn 0.012720122 -0.9925341 -0.1213022
vn -0.36195973 -0.5137843 -0.77782446
vn -0.6871009 -0.20397791 -0.6973416
vn -0.1590959 0.07276891 -0.98457766
vn -0.6665623 0.22490855 -0.7107115
vn 0.23065795 -0.36795574 -0.9007805
vn -0.42725104 -0.17966641 -0.88610184
vn 0.28126135 0.0026880656 -0.95962745
vn -0.42723438 -0.043412622 -0.90309805
vn 0.58716553 0.04522644 -0.80820245
vn 0.21058394 0.022970984 -0.9773058
vn -0.47188032 -0.026879806 -0.88125277
vn -0.425382 -0.024368862 -0.90468574
vn 0.21500278 0.01650945 -0.97647387
vn -0.37998948 -0.028015647 -0.92456645
vn 0.29817468 0.027117992 -0.954126
vn -0.4995639 -0.01060658 -0.8662121
vn 0.29087257 0.064654835 -0.9545747
vn -0.45969492 -0.016439829 -0.88792473
vn -0.08638111 0.11959857 -0.98905736
vn 0.4229794 0.24067394 -0.87359285
vn -0.6182103 -0.18285242 -0.76444817
vn -0.54938555 0.45342404 -0.701842
vn -0.123060144 -0.5338005 -0.8366082
vn 0.44925794 -0.28817496 -0.8456492
vn -0.13264166 0.37725684 -0.91656065
vn -0.62348676 0.47997597 -0.6171607
vn -0.18584228 0.15629606 -0.97006917
vn -0.3901682 0.900273 -0.19307317
vn -0.70159954 -0.25182915 0.6665884
vn -0.59983766 0.66559 0.44405493
vn -0.7583014 0.2218163 0.6130061
vn -0.43283617 -0.044759046 0.90036076
vn -0.3609448 -0.059907775 0.930661
vn -0.80384874 -0.19878933 0.5606336
vn -0.9025295 -0.42651176 0.05939886
vn -0.7601063 0.27032098 0.5909018
vn -0.5072611 0.6641711 0.5491475
vn -0.967735 0.17270668 0.18347043
vn -0.5699594 -0.13818172 0.80997044
vn -0.9911078 -0.026026104 0.13049093
vn -0.8713697 -0.22046106 0.4383056
vn -0.90929615 -0.3653503 -0.19924772
vn -0.3483554 -0.06866964 0.93484384
vn -0.8697159 -0.11230027 0.48060673
vn -0.8002038 -0.028506175 0.5990503
vn -0.9862487 -0.16262579 -0.029434903
vn -0.9967022 -0.03700893 0.07221534
vn -0.8491562 -0.12499652 0.513137
vn -0.336783 -0.06344096 0.93944263
vn -0.98844874 -0.057783473 -0.1401077
vn -0.96030676 -0.2201063 -0.17135958
vn -0.98910993 -0.1422531 0.0377566
vn -0.82738286 -0.100223795 0.55262357
vn -0.9796681 0.18960357 0.06558155
vn -0.3502404 -0.0625336 0.9345701
vn -0.5918312 0.34410724 0.7289211
vn -0.9157795 0.14852099 0.373215
vn -0.4767284 0.4010153 0.78225106
vn -0.9697156 0.20123325 -0.13840812
vn -0.72065574 0.11598364 0.6835226
vn -0.61185044 0.64359605 0.45980772
vn -0.38170767 -0.5285967 0.75821155
vn -0.790683 0.20791706 0.57583934
vn 0.77602893 0.33593547 0.53378505
vn -0.032898914 0.39315888 0.9188818
vn -0.8873842 -0.4548267 -0.0753786
vn -0.74543613 -0.5164222 -0.42146543
vn 0.08688032 -0.98978394 0.1130469
vn 0.2877252 -0.8708069 -0.3986347
vn 0.7461883 -0.6522127 0.133498
vn -0.5722889 -0.7316539 -0.37036198
vn 0.017639767 -0.38838312 -0.92132914
vn -0.63116336 -0.73838216 -0.23753865
vn -0.43032464 -0.81646377 -0.3849775
vn -0.9981272 -0.023019195 -0.056675836
vn -0.9703122 -0.19286166 -0.14594063
vn -0.9329307 -0.0038649742 -0.36003527
vn -0.20090899 -0.85865104 -0.4715443
vn -0.65234584 -0.13515504 -0.74577343
vn -0.7890432 -0.39625674 -0.46945867
vn -0.18695943 -0.97226804 -0.14050256
vn -0.34829628 -0.73668706 0.57963943
vn -0.9481387 -0.2937549 -0.12141262
vn -0.56312305 -0.19060485 0.8040909
vn -0.43429342 -0.80798304 0.39818668
vn -0.15748495 -0.4496147 0.87922984
vn 0.257032 -0.67506236 0.6915384
vn -0.44723275 -0.7780968 -0.4410762
vn -0.81300473 -0.32100463 -0.48577702
vn 0.2577371 -0.2783963 -0.9252389
vn 0.49742144 -0.085691705 -0.8632664
vn -0.59983766 0.66559 0.44405493
vn -0.9726493 0.16642228 -0.16204019
vn -0.3901682 0.900273 -0.19307317
vn -0.7583014 0.2218163 0.6130061
vn 0.42617288 0.8645777 -0.2662368
vn -0.1472188 0.96130896 -0.23283415
vn -0.24949646 0.72734344 -0.6393145
vn -0.34494644 0.52850705 -0.77568823
vn 0.033224802 0.63868046 -0.7687544
vn 0.10341623 0.64066845 -0.7608213
vn -0.05797432 0.7450254 -0.664512
vn 0.6280037 0.4163658 -0.6574579
vn 0.19488843 0.87155503 -0.44990042
vn 0.2025492 0.57168776 -0.79507667
vn -0.89742565 0.102027655 0.42920572
vn -0.07713745 0.56533897 -0.821244
vn -0.44017622 0.2821576 -0.8524271
vn 0.38498187 -0.29220608 0.87544537
vn 0.32690457 0.648272 0.68766046
vn -0.013266879 -0.009549031 0.99986637
vn 0.55468845 0.6866525 0.4699245
vn 0.7508263 -0.14971909 0.6433071
vn 0.9930831 0.08267606 0.08336988
vn 0.33087093 -0.84514606 0.4198244
vn 0.6886964 -0.6687873 0.28003722
vn 0.92443764 0.3797309 0.03492168
vn 0.97060657 -0.1052412 -0.21644206
vn 0.52640045 -0.47330993 -0.70631456
vn 0.6553227 0.74296373 -0.13622434
vn 0.5727154 0.59303075 -0.5659608
vn 0.4720261 -0.7171041 -0.5127895
vn 0.42617288 0.8645777 -0.2662368
vn 0.06399573 0.99364865 0.092557535
vn -0.1472188 0.96130896 -0.23283415
vn 0.8806495 0.20496552 -0.42713645
vn 0.42828748 0.77104056 -0.47123912
vn -0.3887394 -0.9029077 0.18341006
vn 0.9253834 0.29775995 -0.23453066
vn 0.25493103 -0.014815325 -0.96684575
vn -0.1590959 0.07276891 -0.98457766
vn -0.13264166 0.37725684 -0.91656065
vn 0.23065795 -0.36795574 -0.9007805
vn 0.20294267 0.32779917 -0.9226928
vn 0.13723636 0.50271654 -0.8534883
vn 0.3840754 0.10672486 -0.9171128
vn 0.56103295 -0.45837405 -0.6893006
vn 0.59820485 -0.3105439 -0.73872423
vn 0.6835458 -0.3477647 -0.6417358
vn 0.26347607 -0.35938147 -0.8952236
vn 0.2880619 0.26076472 -0.921424
vn 0.66780275 -0.73539305 -0.1150504
vn -0.045244344 0.014074598 -0.9988768
vn 0.05652893 0.46230292 0.88491833
vn 0.0026097803 0.014412979 -0.9998927
vn -0.06443308 0.4451996 -0.8931101
vn -0.020214526 0.0028858357 -0.9997915
vn 0.002191532 -0.0009678618 -0.99999714
vn -0.13205166 0.022934569 0.99097747
vn -0.05937424 -0.010312852 -0.99818254
vn -0.078935675 -0.02569104 0.9965486
vn -0.028510302 -0.0116742775 -0.9995253
vn -0.0013104948 -0.0016239256 -0.9999978
vn -0.12975807 -0.026171675 -0.9912002
vn -0.016222134 0.00071284384 -0.99986815
vn 0.0039595086 -0.006038821 -0.99997395
vn -0.22500446 0.060538594 0.97247523
vn 0.004894456 0.006924759 -0.99996406
vn -0.12981087 0.39746386 -0.90838957
vn 0.2743566 0.15779306 -0.9485936
vn -0.08450033 0.993085 -0.08149713
vn 0.079662524 -0.09410394 -0.99237007
vn 0.034096204 -0.34848413 -0.9366943
vn 0.08397602 -0.21209866 0.97363347
vn 0.22053632 -0.77355516 -0.59411794
vn 0.5500074 -0.12616257 -0.8255755
vn 0.00795051 -0.025663916 -0.99963903
vn -0.023796706 -0.24812964 -0.9684345
vn 0.05370033 -0.08113437 0.9952555
vn -0.0012263459 -0.0043255826 -0.99998987
vn -0.00004346567 0.0019973165 -0.99999803
vn -0.006868794 -0.014145445 -0.9998764
vn 0.008569048 0.0016977246 -0.99996185
vn -0.05026613 -0.0950824 0.9941995
vn -0.019349007 -0.02893865 -0.9993939
vn 0.014299993 -0.017611837 -0.9997426
vn 0.020058546 -0.062638864 -0.9978347
vn 0.06163073 -0.104158305 0.9926493
vn 0.013980562 -0.18075064 0.9834296
vn 0.023266641 0.006389323 -0.9997089
vn 0.20622158 0.13089399 -0.969711
vn 0.007026612 -0.032862723 -0.9994352
vn 0.05703097 0.10329854 0.99301404
vn 0.0061001536 -0.12766515 0.9917986
vn 0.8906439 0.23097998 0.39166537
vn 0.041285664 0.07769179 0.99612224
vn 0.110851884 0.014573386 0.99373007
vn 0.03908108 -0.006675804 -0.99921376
vn 0.01048999 0.0040536416 -0.99993676
vn 0.3351041 0.13198295 -0.9328911
vn 0.092481874 -0.014450271 0.9956095
vn 0.013619024 -0.004630045 -0.9998965
vn 0.09271435 -0.046545006 -0.99460423
vn -0.005689074 0.008400425 -0.99994856
vn -0.011545722 0.01331757 -0.9998447
vn 0.005732498 0.003987246 -0.9999756
vn 0.24030948 0.22093278 -0.9452196
vn 0.134404 -0.00055830413 0.99092644
vn 0.25522017 -0.15277477 0.9547369
vn 0.04916061 -0.13115758 -0.99014187
vn -0.7353908 0.23271629 0.63643026
vn 0.7539568 -0.40168723 0.5198043
vn 0.89182293 0.24602942 -0.37963322
vn 0.89885837 0.056014072 -0.43464473
vn -0.0028856131 -0.8455608 -0.53387135
vn -0.22087888 -0.96218836 -0.15939277
vn -0.0282768 0.0073080263 -0.9995734
vn 0.02567251 -0.4722569 -0.881087
vn -0.04802192 -0.014178658 0.9987456
vn 0.883766 0.3793347 0.2739761
vn -0.26841262 0.19984064 0.9423473
vn -0.27635717 0.21535246 -0.93661624
vn 0.12776549 -0.5195836 -0.8448129
vn -0.01400132 0.4853964 -0.8741821
vn -0.18584228 0.15629606 -0.97006917
vn 0.42035282 -0.6483977 -0.6347314
vn -0.14017877 -0.7764302 -0.6144152
vn -0.61046714 0.5751494 -0.54454845
vn -0.05724926 -0.9853238 -0.16080889
vn -0.5043351 0.3702182 -0.7801183
vn 0.28850335 -0.9532347 0.0900525
vn 0.007860241 -0.9996193 0.026447803
vn 0.551374 -0.8281074 0.10111771
vn 0.5339756 -0.55403566 -0.6386818
vn 0.9007629 -0.36431813 -0.23642854
vn 0.09865401 -0.9909496 -0.091029406
vn -0.05724926 -0.9853238 -0.16080889
vn 0.007860241 -0.9996193 0.026447803
vn 0.28850335 -0.9532347 0.0900525
vn 0.14430827 -0.835741 0.52982277
vn -0.61046714 0.5751494 -0.54454845
vn -0.61825866 0.7530835 -0.2249921
vn 0.3952101 -0.2614563 0.88059616
vn -0.48978356 0.33809662 -0.80361855
vn -0.5024377 0.2572882 -0.8254448
vn 0.332394 -0.5885044 0.7370053
vn 0.4472251 -0.43499675 0.7815162
vn 0.56611854 -0.74893343 0.34439585
vn 0.7937656 -0.35439712 -0.49430645
vn 0.4281965 -0.75190765 0.501281
vn -0.008048643 -0.7379328 -0.6748262
vn 0.19199197 -0.94969124 -0.24743824
vn 0.75455886 0.08897456 -0.65017265
vn 0.7342383 -0.31603152 -0.60084784
vn -0.14603335 -0.29782832 0.9433836
vn 0.34933156 -0.6912775 0.6325369
vn 0.052226402 -0.5303722 0.84615463
vn 0.5865723 -0.47205594 0.6581004
vn 0.0898519 -0.9955992 -0.026625084
vn 0.687149 -0.37567773 0.621846
vn 0.7117661 -0.69010884 0.130915
vn 0.07357628 -0.6296108 0.7734189
vn -0.014051527 -0.9985209 0.05252198
vn 0.74590904 -0.5376097 -0.39318636
vn 0.26347607 -0.35938147 -0.8952236
vn 0.56103295 -0.45837405 -0.6893006
vn -0.045244344 0.014074598 -0.9988768
vn 0.23065795 -0.36795574 -0.9007805
vn 0.8806495 0.20496552 -0.42713645
vn 0.42617288 0.8645777 -0.2662368
vn -0.05797432 0.7450254 -0.664512
vn -0.3887394 -0.9029077 0.18341006
vn 0.9253834 0.29775995 -0.23453066
vn -0.6187816 -0.58824325 0.52065265
vn -0.51330715 -0.36369598 0.77732944
vn 0.42828748 0.77104056 -0.47123912
vn -0.86737126 0.42636964 -0.25666326
vn -0.29821387 0.7872922 0.53966606
vn 0.6088971 0.651134 -0.45306602
vn -0.09781106 0.5364722 -0.8382306
vn 0.75802827 0.6452901 -0.09483581
vn 0.901209 0.3032018 -0.3096628
vn 0.80481964 0.40954667 -0.42957756
vn -0.613526 -0.68992174 0.3841795
vn 0.6571144 0.13759826 0.74112576
vn -0.29821387 0.7872922 0.53966606
vn -0.613526 -0.68992174 0.3841795
vn -0.7098458 -0.65754455 0.25249583
vn 0.6571144 0.13759826 0.74112576
vn -0.09781106 0.5364722 -0.8382306
vn -0.3814849 -0.9023246 0.20069763
vn -0.9548153 -0.043817244 0.29395193
vn -0.7939625 -0.3302409 0.5104552
vn -0.9548153 -0.043817244 0.29395193
vn -0.3814849 -0.9023246 0.20069763
vn -0.7939625 -0.3302409 0.5104552
vn 0.6400803 0.50339085 -0.58042645
vn -0.09781106 0.5364722 -0.8382306
vn -0.613526 -0.68992174 0.3841795
vn 0.90678954 0.17924567 -0.38158062
vn -0.7939625 -0.3302409 0.5104552
vn 0.75802827 0.6452901 -0.09483581
vn 0.90678954 0.17924567 -0.38158062
vn 0.901209 0.3032018 -0.3096628
vn 0.6088971 0.651134 -0.45306602
vn -0.613526 -0.68992174 0.3841795
vn 0.6400803 0.50339085 -0.58042645
vn 0.90678954 0.17924567 -0.38158062
vn -0.7098458 -0.65754455 0.25249583
vn 0.90678954 0.17924567 -0.38158062
vn -0.7098458 -0.65754455 0.25249583
vn -0.613526 -0.68992174 0.3841795
vn 0.80481964 0.40954667 -0.42957756
vn -0.3814849 -0.9023246 0.20069763
vn -0.09781106 0.5364722 -0.8382306
vn 0.75802827 0.6452901 -0.09483581
vn 0.6571144 0.13759826 0.74112576
vn 0.8956589 -0.39240742 -0.20931213
vn 0.9806435 0.1645686 0.10609178
vn 0.910176 -0.11255929 0.39863524
vn 0.7136563 0.36533085 -0.5976856
vn 0.8700722 0.27050915 0.412067
vn 0.3137083 -0.9410287 0.12669662
vn 0.9591282 0.2742631 -0.06966195
vn 0.821658 -0.023809692 0.5694833
vn 0.6458605 -0.67790484 0.35115412
vn 0.56069225 -0.08728276 0.82341117
vn 0.7342383 -0.31603152 -0.60084784
vn 0.74335307 -0.47429493 0.47166786
vn 0.7604488 0.04230286 -0.64801854
vn 0.51036 -0.69838005 -0.50179476
vn 0.5314934 0.5063709 -0.67904586
vn 0.5873269 0.20382293 -0.7832646
vn 0.25201073 0.07979661 -0.9644289
vn 0.56943995 0.020065501 -0.821788
vn 0.15607224 -0.46775034 -0.8699719
vn -0.045111038 -0.15964545 -0.9861432
vn 0.33585563 -0.71458524 -0.6136521
vn 0.75802827 0.6452901 -0.09483581
vn -0.9548153 -0.043817244 0.29395193
vn 0.6400803 0.50339085 -0.58042645
vn 0.80481964 0.40954667 -0.42957756
vn 0.90678954 0.17924567 -0.38158062
vn 0.80481964 0.40954667 -0.42957756
vn -0.613526 -0.68992174 0.3841795
vn -0.9548153 -0.043817244 0.29395193
vn -0.008048643 -0.7379328 -0.6748262
vn -0.7997789 -0.3636676 -0.47759777
vn 0.75455886 0.08897456 -0.65017265
vn -0.9067929 -0.3426964 -0.24553186
vn 0.7342383 -0.31603152 -0.60084784
vn 0.6458605 -0.67790484 0.35115412
vn -0.86332595 -0.44408357 0.23970404
vn -0.6824818 -0.6445624 -0.34461266
vn -0.7632599 -0.46318862 0.45043385
vn 0.56611854 -0.74893343 0.34439585
vn 0.74335307 -0.47429493 0.47166786
vn -0.30031928 -0.4303344 -0.85124654
vn -0.6577197 -0.16872776 -0.73412246
vn -0.85043395 -0.3272985 0.41187117
vn -0.77343494 -0.6018235 -0.19901474
vn 0.4487634 -0.8925289 -0.044761673
vn 0.29866445 -0.47727424 0.8264435
vn 0.7073461 -0.035176903 0.70599157
vn 0.6688322 -0.581874 0.46269447
vn 0.18800746 -0.20865288 -0.9597485
vn 0.24401544 0.89695406 -0.36868668
vn 0.5349799 -0.5648062 -0.6283235
vn 0.91229707 -0.38793927 0.13121442
vn 0.4363769 -0.023290811 -0.89946246
vn 0.53681564 0.820325 0.19722019
vn 0.24857242 -0.07512449 -0.9656956
vn 0.2161357 -0.20624815 -0.9543307
vn 0.6975468 -0.21198006 -0.68446547
vn 0.5442091 -0.037276454 -0.83812106
vn 0.7343312 0.64062905 0.22439282
vn 0.99259067 -0.0979414 0.07191128
vn 0.49358124 0.3944393 -0.77510977
vn 0.4737156 0.67409515 0.56673557
vn 0.5477225 0.11358434 0.82891417
vn 0.40976113 -0.02319415 -0.91189796
vn 0.5550914 0.4895053 -0.6725014
vn -0.07713745 0.56533897 -0.821244
vn -0.9079196 0.31359303 0.27810335
vn 0.2025492 0.57168776 -0.79507667
vn -0.44017622 0.2821576 -0.8524271
vn -0.7649409 0.01696283 0.6438771
vn 0.38762137 0.1658185 -0.90678215
vn 0.63640124 0.029904077 -0.7707783
vn 0.008304973 0.9857375 0.16808517
vn 0.2025492 0.57168776 -0.79507667
vn 0.274831 -0.1577884 -0.948457
vn 0.31169313 -0.48642394 -0.8162347
vn 0.5550914 0.4895053 -0.6725014
vn -0.41605034 0.5945941 -0.6880116
vn 0.3569401 0.91153777 0.20418794
vn 0.4635537 0.8312798 -0.30674404
vn 0.1740124 -0.8339288 0.5237197
vn -0.6583786 0.040941093 0.7515726
vn 0.20019543 -0.2001064 -0.95910335
vn 0.49208882 -0.032947104 -0.8699213
vn -0.4839596 0.3871334 0.7847999
vn 0.40044352 -0.29886386 0.86621326
vn 0.63370603 0.20550631 -0.7457773
vn 0.32531664 0.54056954 -0.77585673
vn 0.63370603 0.20550631 -0.7457773
vn 0.49208882 -0.032947104 -0.8699213
vn -0.4839596 0.3871334 0.7847999
vn -0.30888185 0.24666664 0.91855735
vn 0.63640124 0.029904077 -0.7707783
vn 0.19488843 0.87155503 -0.44990042
vn 0.38762137 0.1658185 -0.90678215
vn 0.83340114 -0.5492 -0.061821792
vn 0.274831 -0.1577884 -0.948457
vn 0.31169313 -0.48642394 -0.8162347
vn 0.078892745 0.6653535 -0.74234813
vn 0.88895696 0.006649334 -0.4579425
vn 0.6280037 0.4163658 -0.6574579
vn 0.033224802 0.63868046 -0.7687544
vn 0.4635537 0.8312798 -0.30674404
vn -0.5596224 -0.47534806 -0.6788718
vn -0.41605034 0.5945941 -0.6880116
vn 0.008304973 0.9857375 0.16808517
vn -0.07713745 0.56533897 -0.821244
vn -0.41073692 0.8284337 0.38077918
vn 0.5550914 0.4895053 -0.6725014
vn 0.15812647 0.6824179 -0.7136538
vn -0.9079196 0.31359303 0.27810335
vn 0.2025492 0.57168776 -0.79507667
vn -0.41073692 0.8284337 0.38077918
vn -0.69414645 0.079648085 0.7154138
vn 0.2025492 0.57168776 -0.79507667
vn 0.83340114 -0.5492 -0.061821792
vn -0.6992995 -0.4234435 -0.575913
vn -0.41073692 0.8284337 0.38077918
vn 0.2025492 0.57168776 -0.79507667
vn 0.3569401 0.91153777 0.20418794
vn 0.1740124 -0.8339288 0.5237197
vn 0.31169313 -0.48642394 -0.8162347
vn -0.4853131 -0.58089095 0.6534806
vn 0.3975316 -0.11201245 0.910726
vn 0.008304973 0.9857375 0.16808517
vn 0.3569401 0.91153777 0.20418794
vn -0.3377221 -0.26870137 0.90207726
vn -0.7649409 0.01696283 0.6438771
vn 0.19488843 0.87155503 -0.44990042
vn -0.30888185 0.24666664 0.91855735
vn -0.32513928 -0.08899594 0.94146913
vn 0.83340114 -0.5492 -0.061821792
vn -0.89742565 0.102027655 0.42920572
vn 0.2025492 0.57168776 -0.79507667
vn 0.1740124 -0.8339288 0.5237197
vn -0.30888185 0.24666664 0.91855735
vn -0.7649409 0.01696283 0.6438771
vn -0.5596224 -0.47534806 -0.6788718
vn 0.008304973 0.9857375 0.16808517
vn -0.41073692 0.8284337 0.38077918
vn 0.15812647 0.6824179 -0.7136538
vn -0.9079196 0.31359303 0.27810335
vn -0.69414645 0.079648085 0.7154138
vn -0.6992995 -0.4234435 -0.575913
vn -0.6387728 -0.1452869 0.7555534
vn 0.3975316 -0.11201245 0.910726
vn -0.9249082 0.36429438 -0.10878602
vn 0.6550467 0.057464805 0.7534
vn -0.9079196 0.31359303 0.27810335
vn -0.6992995 -0.4234435 -0.575913
vn 0.5550914 0.4895053 -0.6725014
vn -0.6583786 0.040941093 0.7515726
vn 0.19488843 0.87155503 -0.44990042
vn -0.32513928 -0.08899594 0.94146913
vn 0.40044352 -0.29886386 0.86621326
vn 0.32531664 0.54056954 -0.77585673
vn -0.4839596 0.3871334 0.7847999
vn 0.1740124 -0.8339288 0.5237197
vn 0.4635537 0.8312798 -0.30674404
vn -0.51330715 -0.36369598 0.77732944
vn -0.86737126 0.42636964 -0.25666326
vn -0.69414645 0.079648085 0.7154138
vn -0.44017622 0.2821576 -0.8524271
vn -0.89742565 0.102027655 0.42920572
vn 0.40976113 -0.02319415 -0.91189796
vn -0.6992995 -0.4234435 -0.575913
vn -0.41605034 0.5945941 -0.6880116
vn -0.41073692 0.8284337 0.38077918
vn -0.44017622 0.2821576 -0.8524271
vn -0.07713745 0.56533897 -0.821244
vn -0.2038426 0.97537094 -0.0842597
vn -0.86737126 0.42636964 -0.25666326
vn -0.41073692 0.8284337 0.38077918
vn -0.07713745 0.56533897 -0.821244
vn 0.5550914 0.4895053 -0.6725014
vn -0.41605034 0.5945941 -0.6880116
vn 0.29861245 0.9302075 -0.21341199
vn 0.15623741 0.9868713 -0.040925197
vn -0.033695254 0.660581 0.7499982
vn -0.010538811 0.91142094 -0.4113403
vn 0.18013191 -0.051028296 0.982318
vn -0.8431263 -0.53674066 0.032364108
vn -0.4256252 0.64411724 0.6355755
vn -0.6992995 -0.4234435 -0.575913
vn 0.2025492 0.57168776 -0.79507667
vn 0.5550914 0.4895053 -0.6725014
vn -0.6992995 -0.4234435 -0.575913
vn -0.69414645 0.079648085 0.7154138
vn -0.07713745 0.56533897 -0.821244
vn 0.40976113 -0.02319415 -0.91189796
vn 0.75802827 0.6452901 -0.09483581
vn -0.7939625 -0.3302409 0.5104552
vn -0.7098458 -0.65754455 0.25249583
vn 0.6088971 0.651134 -0.45306602
vn 0.40591544 -0.5828373 0.7039413
vn 0.3137083 -0.9410287 0.12669662
vn 0.910176 -0.11255929 0.39863524
vn 0.56069225 -0.08728276 0.82341117
vn 0.8700722 0.27050915 0.412067
vn 0.41594717 -0.18735875 0.889879
vn 0.4113046 -0.2780989 0.86803776
vn 0.821658 -0.023809692 0.5694833
vn 0.74335307 -0.47429493 0.47166786
vn -0.060492184 -0.16261561 -0.9848334
vn 0.2882614 -0.5949866 -0.75026417
vn -0.12135096 -0.20424749 0.97136855
vn -0.8137513 -0.16030098 0.5586703
vn 0.2255094 -0.7180549 0.6584396
vn -0.681175 -0.696312 0.2261641
vn 0.23065795 -0.36795574 -0.9007805
vn 0.7522091 0.033483002 -0.6580732
vn 0.28126135 0.0026880656 -0.95962745
vn 0.74590904 -0.5376097 -0.39318636
vn 0.873722 0.06516355 -0.48204103
vn 0.58716553 0.04522644 -0.80820245
vn 0.9950307 0.054150224 -0.083556265
vn 0.9767946 0.107853994 0.18503998
vn 0.98010933 0.08346836 -0.18005216
vn 0.4936464 0.020978283 0.8694096
vn 0.7117661 -0.69010884 0.130915
vn 0.5865723 -0.47205594 0.6581004
vn 0.8383019 0.078305766 0.53955364
vn 0.9727545 0.09828895 0.20997156
vn 0.8730235 0.08975251 -0.47934797
vn 0.97823066 0.086305395 -0.1887223
vn 0.21058394 0.022970984 -0.9773058
vn 0.70302784 0.06283164 -0.7083813
vn 0.21500278 0.01650945 -0.97647387
vn 0.6904334 0.06803616 -0.72018945
vn 0.29817468 0.027117992 -0.954126
vn 0.8928607 0.060878977 -0.446199
vn 0.8898171 0.0510418 -0.45345363
vn 0.9898671 0.046375472 0.13421051
vn 0.88345605 0.04791267 0.46605766
vn 0.90837914 0.08919207 0.40852433
vn 0.7622359 0.5358521 -0.36312392
vn 0.29087257 0.064654835 -0.9545747
vn 0.69631207 0.5070356 0.5080004
vn 0.12685983 0.8212756 0.5562491
vn 0.4229794 0.24067394 -0.87359285
vn 0.87072265 0.09285289 0.48292893
vn -0.69414645 0.079648085 0.7154138
vn 0.83340114 -0.5492 -0.061821792
vn 0.6550467 0.057464805 0.7534
vn 0.6550467 0.057464805 0.7534
vn 0.83340114 -0.5492 -0.061821792
vn 0.274831 -0.1577884 -0.948457
vn -0.6387728 -0.1452869 0.7555534
vn 0.6550467 0.057464805 0.7534
vn -0.9249082 0.36429438 -0.10878602
vn -0.3377221 -0.26870137 0.90207726
vn -0.89742565 0.102027655 0.42920572
vn -0.69414645 0.079648085 0.7154138
vn -0.69414645 0.079648085 0.7154138
vn -0.6387728 -0.1452869 0.7555534
vn 0.274831 -0.1577884 -0.948457
vn 0.2025492 0.57168776 -0.79507667
vn 0.59987783 0.6353735 0.48625827
vn -0.61185044 0.64359605 0.45980772
vn -0.10349037 0.50593287 0.856342
vn -0.0423929 -0.18934596 0.9809949
vn -0.35714093 0.6258152 0.6934015
vn 0.17397185 0.8946897 -0.41141722
vn -0.14235325 0.94484097 0.29497647
vn -0.22021322 0.8000765 -0.55801773
vn -0.6237815 -0.20529519 0.7541555
vn -0.7392541 0.6490893 0.17940569
vn -0.44022155 0.49497855 0.74913365
vn 0.0841534 -0.974995 0.20567666
vn 0.09865401 -0.9909496 -0.091029406
vn 0.5339756 -0.55403566 -0.6386818
vn -0.1649055 0.61313605 -0.7725738
vn -0.095458284 -0.74547076 -0.6596674
vn 0.10787944 -0.9151096 0.3885055
vn 0.44050515 -0.89562845 -0.061683465
vn 0.03959268 -0.93816847 -0.34390754
vn -0.14955707 -0.98129654 0.12120165
vn -0.3447858 -0.74401355 -0.57233435
vn 0.38762137 0.1658185 -0.90678215
vn 0.31169313 -0.48642394 -0.8162347
vn 0.3975316 -0.11201245 0.910726
vn -0.3377221 -0.26870137 0.90207726
vn 0.3975316 -0.11201245 0.910726
vn 0.31169313 -0.48642394 -0.8162347
vn 0.274831 -0.1577884 -0.948457
vn -0.9249082 0.36429438 -0.10878602
vn 0.38762137 0.1658185 -0.90678215
vn -0.3377221 -0.26870137 0.90207726
vn -0.4853131 -0.58089095 0.6534806
vn 0.31169313 -0.48642394 -0.8162347
vn 0.38762137 0.1658185 -0.90678215
vn -0.7649409 0.01696283 0.6438771
vn 0.63640124 0.029904077 -0.7707783
vn 0.31169313 -0.48642394 -0.8162347
vn -0.4853131 -0.58089095 0.6534806
vn -0.5596224 -0.47534806 -0.6788718
vn 0.3569401 0.91153777 0.20418794
vn 0.31169313 -0.48642394 -0.8162347
vn -0.4853131 -0.58089095 0.6534806
vn 0.63640124 0.029904077 -0.7707783
vn -0.7649409 0.01696283 0.6438771
vn 0.63640124 0.029904077 -0.7707783
vn -0.5596224 -0.47534806 -0.6788718
vn 0.07289043 -0.9762181 -0.20416941
vn 0.33585563 -0.71458524 -0.6136521
vn 0.8956589 -0.39240742 -0.20931213
vn -0.014652164 -0.96934205 -0.24527794
vn 0.3137083 -0.9410287 0.12669662
vn 0.06295953 -0.9975903 -0.029148627
vn 0.40591544 -0.5828373 0.7039413
vn 0.2255094 -0.7180549 0.6584396
vn -0.0014527218 -0.9918231 -0.12761222
vn -0.681175 -0.696312 0.2261641
vn -0.7056134 -0.64599174 -0.29121193
vn -0.2059493 -0.6494961 -0.7319424
vn 0.25201073 0.07979661 -0.9644289
vn -0.045111038 -0.15964545 -0.9861432
vn -0.80213803 -0.1937751 -0.5648237
vn -0.51149255 0.05768407 -0.85734934
vn 0.15607224 -0.46775034 -0.8699719
vn 0.56943995 0.020065501 -0.821788
vn 0.5873269 0.20382293 -0.7832646
vn -0.8431263 -0.53674066 0.032364108
vn 0.29861245 0.9302075 -0.21341199
vn -0.6849415 0.67875326 0.26485693
vn -0.40368822 0.51920784 -0.75329876
vn -0.97992986 0.19831938 0.02017051
vn -0.41558295 0.8697911 0.2659967
vn -0.4256252 0.64411724 0.6355755
vn -0.121476315 0.86534625 0.48622978
vn -0.6583786 0.040941093 0.7515726
vn -0.6411257 -0.67094254 -0.3725506
vn 0.20019543 -0.2001064 -0.95910335
vn -0.32513928 -0.08899594 0.94146913
vn -0.6411257 -0.67094254 -0.3725506
vn 0.1740124 -0.8339288 0.5237197
vn 0.3569401 0.91153777 0.20418794
vn 0.32531664 0.54056954 -0.77585673
vn -0.30888185 0.24666664 0.91855735
vn -0.6411257 -0.67094254 -0.3725506
vn 0.46064305 -0.5431089 0.7020261
vn 0.20019543 -0.2001064 -0.95910335
vn 0.3569401 0.91153777 0.20418794
vn -0.6583786 0.040941093 0.7515726
vn 0.1740124 -0.8339288 0.5237197
vn -0.6411257 -0.67094254 -0.3725506
vn 0.24857242 -0.07512449 -0.9656956
vn 0.7343312 0.64062905 0.22439282
vn 0.005685726 0.63408977 -0.77323854
vn 0.53681564 0.820325 0.19722019
vn 0.24282935 0.22898337 0.9426561
vn 0.34154132 -0.013866891 0.93976444
vn 0.40044352 -0.29886386 0.86621326
vn 0.20019543 -0.2001064 -0.95910335
vn 0.63370603 0.20550631 -0.7457773
vn 0.88895696 0.006649334 -0.4579425
vn -0.6583786 0.040941093 0.7515726
vn 0.46064305 -0.5431089 0.7020261
vn 0.4635537 0.8312798 -0.30674404
vn 0.46064305 -0.5431089 0.7020261
vn 0.63370603 0.20550631 -0.7457773
vn 0.20019543 -0.2001064 -0.95910335
vn -0.6583786 0.040941093 0.7515726
vn 0.19199197 -0.94969124 -0.24743824
vn -0.7632599 -0.46318862 0.45043385
vn 0.56611854 -0.74893343 0.34439585
vn -0.86332595 -0.44408357 0.23970404
vn -0.6824818 -0.6445624 -0.34461266
vn 0.40044352 -0.29886386 0.86621326
vn 0.88895696 0.006649334 -0.4579425
vn 0.46064305 -0.5431089 0.7020261
vn 0.4635537 0.8312798 -0.30674404
vn 0.3569401 0.91153777 0.20418794
vn 0.78406334 0.3849561 -0.48688135
vn -0.51330715 -0.36369598 0.77732944
vn -0.2038426 0.97537094 -0.0842597
vn -0.86737126 0.42636964 -0.25666326
vn 0.42828748 0.77104056 -0.47123912
vn 0.9253834 0.29775995 -0.23453066
vn -0.35714093 0.6258152 0.6934015
vn -0.36751208 0.51462626 -0.7746578
vn 0.17397185 0.8946897 -0.41141722
vn 0.30903795 0.32482016 -0.89386094
vn 0.77602893 0.33593547 0.53378505
vn -0.22021322 0.8000765 -0.55801773
vn -0.29838356 0.9393689 0.16897711
vn -0.44022155 0.49497855 0.74913365
vn -0.7392541 0.6490893 0.17940569
vn -0.790683 0.20791706 0.57583934
vn 0.42035282 -0.6483977 -0.6347314
vn 0.5834497 -0.68693113 0.4332575
vn 0.32740778 0.93253255 0.15227328
vn -0.01400132 0.4853964 -0.8741821
vn -0.62492734 0.7429073 0.23990542
vn -0.19466452 0.7529334 0.628647
vn -0.38177764 0.5335232 -0.7547177
vn 0.52640045 -0.47330993 -0.70631456
vn 0.04500424 0.9707429 -0.23586625
vn 0.06913576 0.553954 -0.82967174
vn 0.92443764 0.3797309 0.03492168
vn 0.0061938684 0.910351 0.41379067
vn -0.015610187 0.907149 0.42051992
vn 0.16537459 0.46315074 0.8707139
vn -0.057110097 0.9848069 -0.16399324
vn -0.06925073 0.99759 0.0043085497
vn -0.029985124 0.6001665 -0.7993129
vn -0.071349315 0.8263722 -0.55858594
vn 0.03913219 0.82898706 -0.5578971
vn 0.06616002 0.99248236 0.102963954
vn -0.033888552 0.5527713 0.8326437
vn 0.08890402 0.8795998 -0.4673331
vn 0.08059353 0.18934567 -0.9785974
vn -0.14055076 0.9886609 -0.052869625
vn -0.06605781 0.36487296 0.928711
vn -0.062241085 0.6721176 -0.73782384
vn -0.15000074 0.8136904 -0.5616117
vn -0.2809252 0.9492992 0.1411101
vn -0.27828687 0.87304264 -0.40044093
vn -0.22724032 0.7573496 0.6121956
vn -0.24856788 0.9420453 0.22531019
vn -0.35536397 0.9332851 0.051916957
vn -0.2544499 0.5462564 0.79803455
vn -0.5731753 0.8068575 0.14300707
vn -0.359295 0.61315805 -0.7035228
vn -0.34974644 0.41379327 0.8405073
vn -0.32311556 0.9314185 0.16749923
vn -0.41372943 0.8973454 -0.15362006
vn -0.021983394 0.58702874 0.8092675
vn -0.22963265 0.970648 -0.07149333
vn -0.1690616 0.74123526 0.6496064
vn -0.05388612 0.49015114 -0.8699702
vn -0.26511797 0.43093866 -0.8625569
vn -0.28915372 0.6934909 -0.6598943
vn -0.40293464 0.90008825 0.16578558
vn -0.37718573 0.91568816 -0.13873054
vn -0.37151483 0.8511772 0.370775
vn -0.2965728 0.37590143 -0.8779195
vn -0.13835937 0.6198633 -0.7724158
vn -0.24827823 0.90945256 -0.33354753
vn -0.3759274 0.88532865 0.273627
vn -0.547093 0.8353843 -0.053125966
vn -0.2427053 0.4855863 0.83982146
vn -0.10912513 0.36469963 -0.92470855
vn 0.383735 0.70367837 -0.5979834
vn 0.38382402 0.86759084 0.31617287
vn -0.079467334 0.5426108 0.83621675
vn -0.21101934 0.31893688 0.92398596
vn -0.22900775 0.5068825 0.83103883
vn 0.091392994 0.5279943 0.84431595
vn -0.106217414 0.7972597 0.59421784
vn 0.01661023 0.048132267 0.9987028
vn 0.13973054 0.47371036 0.8695251
vn 0.19473426 0.45646968 0.86816704
vn -0.2038426 0.97537094 -0.0842597
vn 0.3569401 0.91153777 0.20418794
vn -0.46276382 0.19182591 0.86547816
vn -0.35097247 0.9264449 -0.13608167
vn 0.01672779 0.100856066 0.9947604
vn -0.3904139 -0.51157784 0.76541823
vn -0.9727964 0.074306585 0.21942139
vn -0.490556 0.7066555 0.5098949
vn -0.293429 -0.8574935 0.42261606
vn -0.7312236 -0.13231169 0.66918284
vn -0.5332777 0.5614202 0.63278925
vn 0.06497398 0.9452988 0.31966954
vn -0.13070303 0.86385727 0.48648462
vn -0.015453852 0.9913698 0.13018136
vn -0.034016274 -0.99931335 0.0146862585
vn 0.21923563 0.96220434 0.16155061
vn 0.063266516 0.8953794 0.44078684
vn 0.38790786 0.7181082 0.5777959
vn -0.12844214 0.6991054 0.70338774
vn 0.17662774 0.95079327 0.25454834
vn 0.33911207 0.80616367 0.48487434
vn 0.24901411 0.41560018 0.8747962
vn -0.2571532 0.6210935 0.7403479
vn 0.010715596 -0.98145354 -0.19140056
vn -0.12729488 0.92710197 0.35253084
vn -0.77037597 0.31407073 0.5548697
vn -0.16136312 0.8910082 0.42434227
vn -0.58990556 0.80345535 0.08044198
vn -0.32530597 0.56516415 0.75813293
vn -0.16828856 0.85553396 0.4896331
vn -0.01142917 0.843684 0.5367184
vn -0.20862174 0.93804187 0.27668473
vn -0.56804293 0.7051255 0.42441162
vn -0.2044026 0.55728185 0.80477107
vn -0.12764792 0.25807 0.95765644
vn 0.2855008 0.4633444 -0.83892864
vn -0.65955913 0.70384765 0.26378053
vn 0.31633875 0.9419306 0.1126789
vn -0.76217544 -0.32303807 -0.56101245
vn -0.9037353 -0.3810611 -0.19507694
vn 0.146587 0.98079526 -0.12865795
vn -0.015453852 0.9913698 0.13018136
vn -0.07958507 -0.99682146 0.0036273205
vn 0.063266516 0.8953794 0.44078684
vn -0.20090899 -0.85865104 -0.4715443
vn -0.4098378 -0.6454408 -0.6445457
vn -0.44723275 -0.7780968 -0.4410762
vn 0.2577371 -0.2783963 -0.9252389
vn -0.61874866 -0.6687053 -0.41229033
vn -0.45957896 -0.74629956 -0.48148116
vn -0.42108265 -0.55437183 -0.7178867
vn -0.75633603 -0.56071186 -0.3369837
vn -0.7294344 -0.6518722 -0.2073358
vn -0.71116865 -0.5025468 0.4916156
vn 0.2105071 -0.8023109 -0.55855525
vn 0.74627405 -0.47091347 0.47044182
vn 0.085155286 -0.07589883 -0.9934727
vn -0.5298821 -0.7808845 0.3308238
vn -0.018254278 -0.99564797 0.09138854
vn 0.4565949 -0.1167012 -0.8819875
vn -0.1409159 0.0811163 -0.9866929
vn 0.38746512 -0.9098936 -0.14820401
vn -0.018254278 -0.99564797 0.09138854
vn -0.75633603 -0.56071186 -0.3369837
vn 0.41473424 -0.82100713 0.3923554
vn -0.08294877 -0.9964379 0.015197741
vn -0.11499097 -0.88314295 0.45479187
vn -0.14892663 -0.9409885 0.3039104
vn 0.8700591 -0.47158265 0.14355132
vn 0.44130617 -0.7961672 -0.41396454
vn 0.04408858 -0.89728373 -0.4392472
vn -0.6678567 -0.50307465 -0.5485283
vn -0.82832795 -0.55547637 -0.07292989
vn -0.8697116 -0.44418997 0.21516757
vn -0.18695943 -0.97226804 -0.14050256
vn -0.20090899 -0.85865104 -0.4715443
vn 0.3949807 -0.7533748 0.5257534
vn -0.49661973 -0.46819246 -0.7308657
vn 0.23618682 0.95101726 -0.19945416
vn 0.28601876 0.76481855 0.5772745
vn -0.24615619 -0.82219815 -0.5132225
vn 0.32832706 0.9354675 -0.13077444
vn 0.6708567 0.74014896 -0.046160057
vn -0.53034496 0.8423863 -0.09549607
vn 0.24744536 0.9586101 0.14084533
vn 0.6708567 0.74014896 -0.046160057
vn 0.10257657 -0.9838845 0.14645591
vn 0.063301735 -0.9950869 -0.07612458
vn -0.57056797 -0.69423854 0.4387311
vn 0.31728742 0.9482913 -0.008503749
vn -0.1933586 -0.98108923 -0.008740024
vn 0.3904364 0.9071773 -0.15680774
vn 0.32832706 0.9354675 -0.13077444
vn 0.6708567 0.74014896 -0.046160057
vn 0.057611354 0.9269412 -0.37075716
vn 0.24744536 0.9586101 0.14084533
vn 0.38457385 -0.9165762 -0.10950367
vn -0.3776138 0.3595201 -0.85331887
vn -0.294591 0.9088436 -0.29532948
vn -0.04636248 -0.99211997 -0.1163978
vn -0.50150263 0.016130833 -0.86500573
vn -0.34686834 -0.8470054 -0.40282026
vn -0.49661973 -0.46819246 -0.7308657
vn 0.28601876 0.76481855 0.5772745
vn 0.23576327 0.92391115 0.3013368
vn -0.24615619 -0.82219815 -0.5132225
vn 0.16973881 0.98517746 -0.024781572
vn 0.31728742 0.9482913 -0.008503749
vn -0.70472145 -0.6655163 -0.24587747
vn 0.43573412 0.896852 0.076106824
vn 0.20590445 0.95251137 -0.22433342
vn 0.53724647 0.7752598 0.33217245
vn -0.57056797 -0.69423854 0.4387311
vn -0.26375812 -0.8957258 -0.35792035
vn -0.403781 0.14646618 -0.90305513
vn -0.64958215 0.6866654 0.32639492
vn 0.21671657 0.83750105 0.50162333
vn 0.64924175 0.7397724 -0.1766975
vn 0.5868189 0.17894202 0.7896983
vn 0.08091414 0.20201303 -0.97603464
vn -0.32961705 0.24240366 -0.9124654
vn 0.45096952 -0.8845652 0.11904179
vn 0.43573412 0.896852 0.076106824
vn 0.21671657 0.83750105 0.50162333
vn -0.64958215 0.6866654 0.32639492
vn 0.45096952 -0.8845652 0.11904179
vn 0.20590445 0.95251137 -0.22433342
vn 0.43573412 0.896852 0.076106824
vn 0.6102825 0.1854849 -0.7701627
vn 0.18933082 0.06911663 -0.97947776
vn 0.900934 0.38653365 -0.19725549
vn -0.2370501 0.096772246 -0.9666656
vn -0.15597863 -0.06345885 -0.98571986
vn 0.66336566 0.54664195 -0.5110074
vn 0.6584835 0.38606852 -0.64602673
vn -0.04509283 0.08424142 -0.99542457
vn -0.17576611 -0.12794742 -0.97608185
vn -0.8061486 -0.08627643 -0.5853895
vn 0.10915155 -0.38624078 -0.91591704
vn 0.3081575 0.10523927 -0.9454965
vn 0.52647114 0.20719595 -0.8245593
vn 0.2150848 0.14728507 -0.9654251
vn 0.19294494 0.22033964 -0.95614994
vn 0.16967237 0.4828683 -0.8590981
vn 0.09359942 0.98641735 -0.13498116
vn -0.0437954 0.8175956 -0.57412493
vn 0.36985424 -0.7030489 -0.6073962
vn 0.5393184 0.39431563 -0.7440772
vn -0.1545281 0.37704763 -0.913212
vn -0.5700546 0.52801836 -0.6294715
vn -0.50299895 0.35846958 -0.78644234
vn -0.3926055 0.56694424 -0.7241789
vn -0.6647193 0.1491169 -0.7320604
vn 0.9210974 -0.38830277 -0.028292743
vn 0.7768208 0.2838169 -0.56213653
vn 0.6426172 0.6188928 0.45167997
vn -0.4109791 0.21180466 -0.8866989
vn 0.2323875 0.3141544 -0.9204907
vn 0.23860769 0.34418023 -0.9080784
vn -0.22320801 -0.006752072 -0.9747475
vn 0.609338 -0.044849396 -0.7916412
vn 0.7868237 0.07382593 -0.6127464
vn 0.27845365 0.20770405 -0.937722
vn -0.3026289 0.94810146 -0.09756729
vn 0.4006608 0.64878833 -0.64695024
vn -0.24663918 0.64982086 -0.7189589
vn 0.7768208 0.2838169 -0.56213653
vn 0.10915155 -0.38624078 -0.91591704
vn 0.8165212 0.54751897 -0.18307401
vn -0.054371756 -0.40766314 -0.9115122
vn 0.09223821 0.21417981 -0.9724295
vn 0.36985424 -0.7030489 -0.6073962
vn 0.65786093 0.42042106 -0.6248721
vn 0.7463597 0.42385572 -0.5131213
vn 0.46747625 0.42277566 -0.7763548
vn 0.6586832 0.3069456 -0.686965
vn 0.1371454 0.23412937 -0.9624835
vn 0.96695024 0.15933591 -0.19904594
vn 0.9863124 0.05504521 0.15542799
vn 0.97095406 0.21265395 -0.1096655
vn 0.39500338 0.42227578 -0.81587714
vn 0.5393184 0.39431563 -0.7440772
vn 0.56008786 -0.17947757 -0.8087579
vn 0.31235343 -0.91186285 0.26634833
vn 0.31701538 -0.30640298 -0.8975625
vn -0.008309161 0.29708293 -0.9548155
vn -0.13960803 0.24720226 -0.95885384
vn -0.15780252 0.2139652 -0.964011
vn -0.13197105 0.094160296 -0.9867712
vn -0.14920008 -0.75800455 -0.6349554
vn -0.10606936 0.10903483 -0.9883626
vn -0.5717977 -0.05476396 -0.8185648
vn -0.5194186 -0.5989166 -0.6095107
vn 0.5500074 -0.12616257 -0.8255755
vn 0.2743566 0.15779306 -0.9485936
vn 0.079662524 -0.09410394 -0.99237007
vn 0.3736682 0.6747798 -0.6364309
vn -0.08450033 0.993085 -0.08149713
vn 0.07681603 0.70842195 -0.7015965
vn 0.6700948 0.037767325 -0.7413141
vn 0.7622359 0.5358521 -0.36312392
vn 0.4229794 0.24067394 -0.87359285
vn -0.123060144 -0.5338005 -0.8366082
vn 0.16257894 -0.61101663 -0.774743
vn 0.22053632 -0.77355516 -0.59411794
vn -0.20646998 0.80979615 -0.5491815
vn 0.6700948 0.037767325 -0.7413141
vn 0.65697783 -0.2016364 -0.7264454
vn 0.07681603 0.70842195 -0.7015965
vn 0.13613763 -0.22661561 -0.9644231
vn -0.30708605 0.68354976 -0.6621615
vn -0.5721221 0.4501095 -0.68562216
vn 0.65697783 -0.2016364 -0.7264454
vn 0.6700948 0.037767325 -0.7413141
vn 0.45579246 -0.8833246 0.10950272
vn 0.8375729 -0.48409942 -0.25321808
vn 0.26495618 -0.71227235 -0.6499741
vn 0.44925794 -0.28817496 -0.8456492
vn 0.6114307 -0.25155678 -0.7502478
vn 0.13613763 -0.22661561 -0.9644231
vn -0.12211512 -0.26487762 -0.95651853
vn -0.5218678 -0.20826581 -0.8272118
vn 0.8215852 0.28695607 -0.49259925
vn 0.19547026 0.39683095 -0.896837
vn -0.43989292 -0.29644462 -0.8477115
vn 0.8393788 0.090934075 -0.5358864
vn 0.3822045 0.8907731 -0.24585153
vn 0.558288 0.28364703 -0.7796531
vn 0.3822045 0.8907731 -0.24585153
vn 0.19547026 0.39683095 -0.896837
vn 0.6115647 0.16202568 -0.7744264
vn 0.28720722 0.081804775 -0.9543689
vn 0.86296517 -0.4655778 -0.1962867
vn 0.609338 -0.044849396 -0.7916412
vn -0.02948441 -0.05099762 -0.9982634
vn -0.22320801 -0.006752072 -0.9747475
vn -0.26439118 -0.016000828 -0.96428275
vn 0.4097898 0.035305236 -0.9114965
vn -0.12211512 -0.26487762 -0.95651853
vn 0.6114307 -0.25155678 -0.7502478
vn 0.6769252 -0.01690184 -0.7358577
vn 0.7991084 0.049004517 -0.5991864
vn 0.8393788 0.090934075 -0.5358864
vn 0.7918683 0.17417102 -0.5853281
vn 0.8375729 -0.48409942 -0.25321808
vn -0.07878146 0.90497005 0.41811797
vn -0.38170767 -0.5285967 0.75821155
vn -0.61185044 0.64359605 0.45980772
vn -0.0423929 -0.18934596 0.9809949
vn -0.6237815 -0.20529519 0.7541555
vn -0.12338783 -0.16262962 0.9789418
vn -0.44022155 0.49497855 0.74913365
vn 0.77602893 0.33593547 0.53378505
vn -0.35840216 0.46961555 0.8068514
vn -0.27635717 0.21535246 -0.93661624
vn -0.01400132 0.4853964 -0.8741821
vn -0.38177764 0.5335232 -0.7547177
vn 0.09628073 0.12741695 -0.9871651
vn 0.12776549 -0.5195836 -0.8448129
vn -0.24615619 -0.82219815 -0.5132225
vn -0.49661973 -0.46819246 -0.7308657
vn -0.34686834 -0.8470054 -0.40282026
vn 0.32832706 0.9354675 -0.13077444
vn -0.443737 0.89563334 -0.03063268
vn -0.26375812 -0.8957258 -0.35792035
vn -0.34686834 -0.8470054 -0.40282026
vn 0.23576327 0.92391115 0.3013368
vn -0.24615619 -0.82219815 -0.5132225
vn -0.1933586 -0.98108923 -0.008740024
vn 0.16973881 0.98517746 -0.024781572
vn -0.70472145 -0.6655163 -0.24587747
vn -0.57056797 -0.69423854 0.4387311
vn -0.9833786 0.14320801 0.11161535
vn -0.403781 0.14646618 -0.90305513
vn -0.9055498 -0.30498713 0.29489374
vn 0.041403994 0.6922282 0.72049004
vn -0.25716236 0.44342533 -0.8586277
vn -0.11809722 -0.9925302 -0.030606786
vn -0.5212961 0.83908325 -0.15553029
vn 0.13154767 -0.8608718 0.49152315
vn -0.14652002 0.80493915 -0.57498246
vn 0.31728742 0.9482913 -0.008503749
vn -0.24615619 -0.82219815 -0.5132225
vn -0.1933586 -0.98108923 -0.008740024
vn -0.5408725 -0.29087466 0.7892077
vn -0.71116865 -0.5025468 0.4916156
vn -0.7294344 -0.6518722 -0.2073358
vn -0.5298821 -0.7808845 0.3308238
vn -0.7635356 -0.3014374 0.5710944
vn -0.82566667 0.17133911 0.53751045
vn -0.56312305 -0.19060485 0.8040909
vn -0.9481387 -0.2937549 -0.12141262
vn 0.1358871 -0.52295077 0.84146136
vn -0.97918224 -0.201016 0.02818965
vn -0.15748495 -0.4496147 0.87922984
vn -0.7890432 -0.39625674 -0.46945867
vn 0.4063086 -0.39665744 0.82315016
vn 0.16429865 0.4525877 -0.8764533
vn -0.5340573 -0.416337 0.7358303
vn -0.34836838 -0.2888124 0.8917549
vn -0.25648546 -0.37719375 0.88991016
vn -0.56862146 -0.4943639 0.6574755
vn -0.3175345 -0.68552333 0.6551562
vn -0.75418967 -0.27911416 0.5943848
vn 0.04697818 -0.034562796 -0.9982978
vn -0.19574536 -0.5606296 0.80459815
vn -0.40586314 -0.64065593 0.6517937
vn -0.34829628 -0.73668706 0.57963943
vn -0.9155868 0.057224464 -0.39802772
vn 0.38746512 -0.9098936 -0.14820401
vn 0.3949807 -0.7533748 0.5257534
vn -0.018254278 -0.99564797 0.09138854
vn -0.34829628 -0.73668706 0.57963943
vn -0.5298821 -0.7808845 0.3308238
vn -0.18695943 -0.97226804 -0.14050256
vn 0.31235343 -0.91186285 0.26634833
vn -0.25043556 -0.47584385 0.84312195
vn -0.56983453 -0.63651603 0.51974607
vn -0.587923 -0.4504795 0.67187405
vn -0.6809168 -0.38523728 0.62285197
vn 0.56008786 -0.17947757 -0.8087579
vn -0.66461205 -0.54294086 -0.51332843
vn -0.8867765 -0.17581332 -0.4274542
vn -0.40586314 -0.64065593 0.6517937
vn 0.3911604 -0.8503503 0.35199133
vn 0.31701538 -0.30640298 -0.8975625
vn -0.56862146 -0.4943639 0.6574755
vn -0.49203363 0.86910546 0.05058284
vn 0.8218769 0.030579735 0.56884384
vn -0.5072611 0.6641711 0.5491475
vn -0.2964021 -0.679549 -0.67108786
vn 0.20417866 0.43113056 0.87888426
vn 0.44363287 0.13053082 0.8866519
vn 0.62541234 -0.14407776 0.7668774
vn 0.38323176 0.03095864 0.92313325
vn 0.6996588 -0.028999828 0.71388835
vn 0.8218769 0.030579735 0.56884384
vn 0.8752307 0.029981492 0.4827756
vn 0.69204646 0.039202135 0.7207877
vn 0.47236148 -0.5555152 0.68430805
vn 0.25207534 -0.08025973 0.9643736
vn 0.620812 -0.09714036 0.77791786
vn 0.9371821 0.18295547 0.2970135
vn -0.43989292 -0.29644462 -0.8477115
vn 0.43922815 0.39336166 0.80767894
vn 0.49496493 0.03988638 0.867997
vn 0.4206942 0.07203331 0.90433824
vn 0.7315058 0.21914533 0.64565825
vn 0.9983891 -0.030044299 0.048129987
vn 0.18761279 0.06416309 0.98014516
vn 0.94934464 -0.08217568 0.30330172
vn 0.13588549 -0.9748988 -0.17637305
vn 0.4352805 -0.042335145 0.89929897
vn -0.7713965 -0.5354614 0.3438437
vn 0.9867449 0.07127577 -0.14578843
vn 0.89460474 0.24806412 -0.3716807
vn 0.11734201 0.016336555 0.9929572
vn 0.568136 0.30110598 -0.7658699
vn 0.49952233 0.27899924 0.8201444
vn -0.90698105 -0.3723607 0.19680664
vn 0.7617607 0.594201 -0.25815836
vn -0.45175907 0.7103507 0.5397366
vn -0.49501812 0.80556834 -0.32560205
vn 0.25863793 -0.4255971 0.8671641
vn 0.05134902 -0.1882204 0.9807835
vn 0.12776549 -0.5195836 -0.8448129
vn 0.59820485 -0.3105439 -0.73872423
vn 0.3840754 0.10672486 -0.9171128
vn 0.6835458 -0.3477647 -0.6417358
vn 0.6173485 -0.5107642 -0.5983317
vn 0.42927828 -0.6969076 -0.5744911
vn 0.66780275 -0.73539305 -0.1150504
vn 0.13767232 -0.98973155 -0.038442288
vn 0.07391674 -0.7250527 -0.6847152
vn 0.18220213 -0.79207045 0.58260345
vn 0.045523178 -0.83387715 0.55006963
vn 0.7677104 -0.27496076 0.5788069
vn 0.0157871 -0.99393624 -0.10881877
vn 0.07799725 -0.96746194 0.24069452
vn 0.13354987 -0.8434269 -0.5203802
vn 0.092754185 -0.36788148 0.92523503
vn 0.16180629 -0.95179516 0.2605853
vn 0.04705404 -0.27759528 -0.9595451
vn 0.098103814 -0.47545767 -0.8742515
vn 0.17490701 -0.8253287 -0.5368799
vn 0.30084282 -0.9472781 0.11026235
vn -0.00402564 -0.22341807 -0.9747144
vn 0.09081009 -0.9326629 -0.34913242
vn -0.09463051 -0.5931023 -0.7995466
vn 0.1858869 -0.7662359 0.6150843
vn 0.017977087 -0.8004915 0.5990744
vn 0.15651232 -0.74553776 0.64782506
vn -0.25145653 -0.92821443 -0.27420363
vn -0.04802192 -0.014178658 0.9987456
vn 0.02567251 -0.4722569 -0.881087
vn 0.75484425 -0.18444414 -0.6294367
vn 0.883766 0.3793347 0.2739761
vn -0.038205724 -0.24719685 -0.96821177
vn -0.014971466 -0.10314978 -0.99455315
vn 0.23618682 0.95101726 -0.19945416
vn -0.53034496 0.8423863 -0.09549607
vn -0.6101932 0.5636969 -0.55669564
vn -0.46276382 0.19182591 0.86547816
vn -0.9727964 0.074306585 0.21942139
vn -0.936177 0.20287213 -0.28708094
vn -0.99340034 -0.0494272 -0.10350205
vn -0.90871084 -0.4095945 0.08047933
vn -0.87867445 0.11097525 -0.46434435
vn -0.97918224 -0.201016 0.02818965
vn -0.930146 0.17418937 -0.32324383
vn -0.50299895 0.35846958 -0.78644234
vn -0.9423623 0.19763523 -0.26998818
vn -0.9249582 0.18616627 -0.3313524
vn -0.8069595 0.13266395 -0.57551426
vn -0.42828545 0.2726759 -0.8615216
vn -0.5187212 0.27318385 -0.8101228
vn -0.512627 0.6863937 -0.51582676
vn -0.73750913 0.6013717 -0.30729842
vn -0.97860634 0.11235652 -0.1723531
vn -0.49170977 0.8504767 0.18684465
vn 0.36985424 -0.7030489 -0.6073962
vn 0.9280724 -0.13153017 0.34839845
vn 0.09359942 0.98641735 -0.13498116
vn -0.5700546 0.52801836 -0.6294715
vn 0.5393184 0.39431563 -0.7440772
vn 0.25800207 -0.4793273 0.8388565
vn -0.75541365 -0.65321815 -0.05153872
vn -0.97231215 -0.23333049 0.012881444
vn -0.9155868 0.057224464 -0.39802772
vn -0.75418967 -0.27911416 0.5943848
vn -0.82566667 0.17133911 0.53751045
vn -0.7635356 -0.3014374 0.5710944
vn -0.3175345 -0.68552333 0.6551562
vn -0.34722653 -0.5730194 0.7423493
vn 0.5597704 0.4032058 0.72393525
vn -0.9217748 0.14280131 -0.36047056
vn -0.3904139 -0.51157784 0.76541823
vn -0.848101 0.45025283 -0.27927947
vn 0.01672779 0.100856066 0.9947604
vn -0.35097247 0.9264449 -0.13608167
vn -0.07878146 0.90497005 0.41811797
vn -0.30708605 0.68354976 -0.6621615
vn -0.08638111 0.11959857 -0.98905736
vn 0.7918683 0.17417102 -0.5853281
vn 0.8218769 0.030579735 0.56884384
vn 0.6015323 -0.047614206 0.79742825
vn 0.05134902 -0.1882204 0.9807835
vn -0.2964021 -0.679549 -0.67108786
vn 0.43612286 -0.82717913 0.35436073
vn 0.6346627 0.0173358 0.7725948
vn -0.16962679 0.09289616 -0.9811203
vn -0.017556911 -0.379428 -0.92505467
vn 0.22441445 0.08615456 -0.97067785
vn -0.15497214 0.24545744 -0.95694005
vn -0.6937914 0.70069057 -0.16639182
vn -0.30975503 -0.73749065 -0.60013276
vn -0.15497214 0.24545744 -0.95694005
vn -0.562459 -0.43636328 -0.7023012
vn -0.017556911 -0.379428 -0.92505467
vn 0.62644386 -0.37074965 -0.6856477
vn -0.5041171 0.85161656 0.14357994
vn -0.15497214 0.24545744 -0.95694005
vn 0.49955758 0.004243767 -0.8662703
vn -0.11941991 0.3577525 -0.926149
vn 0.14451486 0.53371173 -0.833227
vn 0.22441445 0.08615456 -0.97067785
vn 0.04781219 0.8058276 -0.59021676
vn -0.30715612 0.24234506 -0.92028475
vn -0.23050316 0.18747963 -0.9548401
vn -0.28820106 0.27495447 -0.917246
vn -0.5187212 0.27318385 -0.8101228
vn -0.8069595 0.13266395 -0.57551426
vn -0.20823477 0.21153232 -0.95493054
vn -0.27233934 0.29947326 -0.91441077
vn -0.18459153 0.25315732 -0.9496512
vn 0.06914076 0.40968758 -0.9096019
vn 0.06725709 0.56774867 -0.8204498
vn -0.25716236 0.44342533 -0.8586277
vn -0.18785761 0.28095087 -0.9411568
vn -0.16962679 0.09289616 -0.9811203
vn -0.053770375 0.3839751 -0.9217765
vn -0.13035865 0.6547382 -0.7445297
vn -0.4443692 0.10190774 -0.89002854
vn -0.3550631 0.5180163 -0.77819616
vn -0.3776138 0.3595201 -0.85331887
vn -0.6101932 0.5636969 -0.55669564
vn -0.42828545 0.2726759 -0.8615216
vn -0.50150263 0.016130833 -0.86500573
vn 0.10257657 -0.9838845 0.14645591
vn -0.512627 0.6863937 -0.51582676
vn 0.23618682 0.95101726 -0.19945416
vn 0.6708567 0.74014896 -0.046160057
vn 0.13154767 -0.8608718 0.49152315
vn -0.34419414 -0.12189812 -0.9309518
vn -0.936177 0.20287213 -0.28708094
vn -0.38177764 0.5335232 -0.7547177
vn 0.06913576 0.553954 -0.82967174
vn 0.09628073 0.12741695 -0.9871651
vn 0.354092 -0.017129544 -0.9350537
vn 0.42927828 -0.6969076 -0.5744911
vn 0.033300553 -0.062343173 -0.99749905
vn -0.029985124 0.6001665 -0.7993129
vn -0.014971466 -0.10314978 -0.99455315
vn -0.071349315 0.8263722 -0.55858594
vn 0.07391674 -0.7250527 -0.6847152
vn 0.13354987 -0.8434269 -0.5203802
vn 0.03913219 0.82898706 -0.5578971
vn -0.038205724 -0.24719685 -0.96821177
vn 0.08059353 0.18934567 -0.9785974
vn 0.098103814 -0.47545767 -0.8742515
vn 0.04705404 -0.27759528 -0.9595451
vn -0.062241085 0.6721176 -0.73782384
vn 0.08890402 0.8795998 -0.4673331
vn -0.15000074 0.8136904 -0.5616117
vn -0.27828687 0.87304264 -0.40044093
vn -0.359295 0.61315805 -0.7035228
vn -0.00402564 -0.22341807 -0.9747144
vn -0.26511797 0.43093866 -0.8625569
vn -0.05388612 0.49015114 -0.8699702
vn 0.16382983 -0.15137802 -0.9748048
vn 0.056774326 -0.41532308 -0.9079006
vn -0.09463051 -0.5931023 -0.7995466
vn 0.75484425 -0.18444414 -0.6294367
vn 0.69173545 -0.7138296 0.10931319
vn 0.883766 0.3793347 0.2739761
vn -0.28915372 0.6934909 -0.6598943
vn 0.2762209 -0.78000283 -0.56151366
vn -0.2965728 0.37590143 -0.8779195
vn -0.089467265 0.010133013 -0.99593824
vn -0.13835937 0.6198633 -0.7724158
vn 0.21394315 -0.45561054 -0.8640876
vn 0.7712506 0.21507019 -0.5990971
vn 0.6173485 -0.5107642 -0.5983317
vn 0.12776549 -0.5195836 -0.8448129
vn -0.75541365 -0.65321815 -0.05153872
vn 0.48936722 -0.04961186 -0.8706655
vn -0.3175345 -0.68552333 0.6551562
vn 0.3911604 -0.8503503 0.35199133
vn -0.25043556 -0.47584385 0.84312195
vn -0.56983453 -0.63651603 0.51974607
vn -0.08638111 0.11959857 -0.98905736
vn 0.44925794 -0.28817496 -0.8456492
vn 0.7918683 0.17417102 -0.5853281
vn 0.87969863 -0.42457214 -0.21417013
vn 0.8393788 0.090934075 -0.5358864
vn 0.8752307 0.029981492 0.4827756
vn 0.47236148 -0.5555152 0.68430805
vn 0.90639645 0.21561463 0.36325723
vn 0.8215852 0.28695607 -0.49259925
vn 0.510285 0.32287338 0.79709595
vn 0.9867449 0.07127577 -0.14578843
vn 0.7508424 0.29977497 0.5885326
vn 0.19547026 0.39683095 -0.896837
vn 0.6115647 0.16202568 -0.7744264
vn 0.86296517 -0.4655778 -0.1962867
vn 0.7148043 -0.6805239 -0.1610654
vn 0.609338 -0.044849396 -0.7916412
vn 0.9983891 -0.030044299 0.048129987
vn 0.94531834 0.13491902 -0.29693443
vn 0.8775803 0.07863605 0.47293684
vn 0.7868237 0.07382593 -0.6127464
vn 0.9063816 0.3066018 -0.29063335
vn 0.9607838 0.17115596 0.21817465
vn 0.23860769 0.34418023 -0.9080784
vn 0.2608671 0.81884277 0.5113168
vn 0.6281484 0.13455786 0.76637053
vn 0.94934464 -0.08217568 0.30330172
vn 0.7899041 -0.28491172 0.5430256
vn -0.07878146 0.90497005 0.41811797
vn -0.20646998 0.80979615 -0.5491815
vn -0.30708605 0.68354976 -0.6621615
vn -0.123060144 -0.5338005 -0.8366082
vn 0.45579246 -0.8833246 0.10950272
vn 0.07681603 0.70842195 -0.7015965
vn 0.44925794 -0.28817496 -0.8456492
vn 0.8375729 -0.48409942 -0.25321808
vn -0.034016274 -0.99931335 0.0146862585
vn -0.16136312 0.8910082 0.42434227
vn 0.063266516 0.8953794 0.44078684
vn -0.07958507 -0.99682146 0.0036273205
vn 0.063266516 0.8953794 0.44078684
vn 0.9771085 0.20762317 0.0463859
vn 0.21923563 0.96220434 0.16155061
vn -0.015453852 0.9913698 0.13018136
vn 0.07272568 -0.97403634 -0.21439257
vn -0.10043441 0.96169084 0.25507572
vn -0.49170977 0.8504767 0.18684465
vn 0.09359942 0.98641735 -0.13498116
vn -0.17599529 0.9610909 -0.21290827
vn -0.058854766 0.97778696 0.20116861
vn 0.16967237 0.4828683 -0.8590981
vn 0.2216134 0.865852 0.4485396
vn 0.51761436 0.6169779 0.5928015
vn -0.07528368 0.9897241 -0.12156702
vn 0.20321354 0.97307307 0.10877981
vn 0.52647114 0.20719595 -0.8245593
vn -0.73750913 0.6013717 -0.30729842
vn 0.41473424 -0.82100713 0.3923554
vn -0.75633603 -0.56071186 -0.3369837
vn 0.46369773 0.8834658 0.066877104
vn -0.4098378 -0.6454408 -0.6445457
vn 0.74627405 -0.47091347 0.47044182
vn 0.9821907 -0.0072067925 0.18774842
vn 0.17430402 -0.3677476 0.9134439
vn -0.14892663 -0.9409885 0.3039104
vn -0.71116865 -0.5025468 0.4916156
vn 0.2105071 -0.8023109 -0.55855525
vn 0.9073284 -0.39215857 -0.15154798
vn 0.80634964 -0.14105083 -0.5743735
vn 0.5597704 0.4032058 0.72393525
vn 0.25800207 -0.4793273 0.8388565
vn -0.34722653 -0.5730194 0.7423493
vn -0.4874532 0.43091276 -0.75941
vn -0.90871084 -0.4095945 0.08047933
vn -0.9217748 0.14280131 -0.36047056
vn 0.9280724 -0.13153017 0.34839845
vn 0.34145075 -0.8925235 0.29464066
vn 0.36985424 -0.7030489 -0.6073962
vn 0.9372215 -0.16778673 0.3057179
vn 0.99553055 0.053063765 0.07812302
vn 0.39904404 -0.7466355 0.5322587
vn 0.6835455 -0.1022868 0.72270536
vn 0.8126876 0.41558775 0.40844303
vn 0.7721187 0.470192 0.42749527
vn 0.83796054 0.02352511 0.54522353
vn 0.4813031 0.5958848 0.64285976
vn 0.892404 0.3143324 0.323744
vn 0.63013417 -0.23199126 0.74102026
vn 0.7403563 -0.6147953 0.27184412
vn 0.9345254 -0.14159273 0.32651776
vn 0.3532953 -0.024439856 0.9351926
vn 0.4895436 -0.39517498 0.7772926
vn 0.41533816 -0.25588217 0.8729367
vn 0.97095406 0.21265395 -0.1096655
vn 0.7463597 0.42385572 -0.5131213
vn 0.5393184 0.39431563 -0.7440772
vn 0.9645601 -0.26249444 -0.02684224
vn 0.4435827 0.8719371 -0.2072682
vn 0.8700591 -0.47158265 0.14355132
vn -0.003160531 0.6243696 0.7811227
vn 0.6590153 -0.40527916 0.633599
vn 0.7683823 0.26739725 0.5814527
vn 0.5269174 0.011648857 0.84983665
vn 0.18557733 0.10903685 -0.9765613
vn 0.17072903 0.960354 -0.22039025
vn 0.11058887 0.07600432 -0.9909558
vn 0.033275623 0.12061472 -0.99214154
vn 0.11058887 0.07600432 -0.9909558
vn -0.40939903 -0.59274495 0.69357467
vn -0.40586314 -0.64065593 0.6517937
vn -0.19574536 -0.5606296 0.80459815
vn 0.11058887 0.07600432 -0.9909558
vn 0.17072903 0.960354 -0.22039025
vn 0.04697818 -0.034562796 -0.9982978
vn 0.09522084 0.1923063 -0.9767043
vn 0.48936722 -0.04961186 -0.8706655
vn -0.3175345 -0.68552333 0.6551562
vn -0.66461205 -0.54294086 -0.51332843
vn -0.8867765 -0.17581332 -0.4274542
vn 0.033275623 0.12061472 -0.99214154
vn -0.40586314 -0.64065593 0.6517937
vn 0.3911604 -0.8503503 0.35199133
vn 0.18557733 0.10903685 -0.9765613
vn -0.011693502 0.8724698 0.48852816
vn -0.19574536 -0.5606296 0.80459815
vn 0.41533816 -0.25588217 0.8729367
vn 0.97095406 0.21265395 -0.1096655
vn 0.9863124 0.05504521 0.15542799
vn 0.83796054 0.02352511 0.54522353
vn 0.5755887 -0.61038285 0.54417866
vn 0.96695024 0.15933591 -0.19904594
vn 0.63013417 -0.23199126 0.74102026
vn 0.7403563 -0.6147953 0.27184412
vn 0.36512724 -0.7685213 0.52541137
vn 0.4895436 -0.39517498 0.7772926
vn 0.92880493 -0.15125874 0.33829308
vn 0.52680826 -0.36377442 0.7682065
vn 0.30058715 -0.39928052 0.86615384
vn 0.33645713 -0.30989212 0.88924885
vn 0.21029997 -0.28717947 0.93450624
vn 0.052250564 -0.9650017 0.25698566
vn 0.13154767 -0.8608718 0.49152315
vn 0.3025118 -0.3399984 0.89044243
vn -0.33043358 -0.22524604 0.9165576
vn -0.23708381 -0.50235426 0.8315236
vn -0.3229276 -0.53344846 0.78176117
vn 0.23972182 -0.32664737 0.91424006
vn 0.11316826 -0.9859232 0.12307911
vn 0.33295792 -0.9337628 0.13124818
vn -0.2072768 -0.44227314 0.8726
vn 0.021153133 -0.46830675 0.8833127
vn 0.3532953 -0.024439856 0.9351926
vn 0.13140273 -0.5142961 0.8474862
vn 0.6835455 -0.1022868 0.72270536
vn 0.39904404 -0.7466355 0.5322587
vn 0.9345254 -0.14159273 0.32651776
vn 0.9345254 -0.14159273 0.32651776
vn 0.4895436 -0.39517498 0.7772926
vn 0.33645713 -0.30989212 0.88924885
vn 0.6835455 -0.1022868 0.72270536
vn 0.8126876 0.41558775 0.40844303
vn 0.3532953 -0.024439856 0.9351926
vn 0.4813031 0.5958848 0.64285976
vn 0.892404 0.3143324 0.323744
vn 0.7721187 0.470192 0.42749527
vn 0.41533816 -0.25588217 0.8729367
vn 0.63013417 -0.23199126 0.74102026
vn -0.31657034 0.93967056 0.12962429
vn 0.13154767 -0.8608718 0.49152315
vn 0.11316826 -0.9859232 0.12307911
vn 0.7315058 0.21914533 0.64565825
vn 0.18761279 0.06416309 0.98014516
vn -0.8816132 0.4589953 -0.10991561
vn 0.10287027 0.44629145 0.88895535
vn 0.43612286 -0.82717913 0.35436073
vn -0.2964021 -0.679549 -0.67108786
vn 0.62541234 -0.14407776 0.7668774
vn -0.049838442 -0.95378226 -0.2963368
vn 0.36985424 -0.7030489 -0.6073962
vn 0.34145075 -0.8925235 0.29464066
vn -0.1898356 -0.97870547 0.07809021
vn 0.040124696 -0.8782748 0.4764697
vn 0.39904404 -0.7466355 0.5322587
vn -0.26942593 -0.8777902 0.39609843
vn 0.021153133 -0.46830675 0.8833127
vn 0.13140273 -0.5142961 0.8474862
vn -0.6329331 -0.4741102 0.6120582
vn -0.7701602 -0.63681644 0.03630509
vn -0.2072768 -0.44227314 0.8726
vn -0.8208529 -0.47528106 0.3167151
vn -0.23708381 -0.50235426 0.8315236
vn -0.59719974 -0.38798127 0.7020135
vn -0.33043358 -0.22524604 0.9165576
vn -0.8940115 -0.4135909 0.17229612
vn -0.9161817 -0.23607635 0.32385036
vn -0.63029134 -0.17240538 0.7569737
vn -0.34262285 -0.8594512 0.37941176
vn -0.3229276 -0.53344846 0.78176117
vn -0.34722653 -0.5730194 0.7423493
vn 0.044595454 -0.971769 0.23168138
vn 0.31235343 -0.91186285 0.26634833
vn -0.56983453 -0.63651603 0.51974607
vn -0.75541365 -0.65321815 -0.05153872
vn -0.73750913 0.6013717 -0.30729842
vn -0.17599529 0.9610909 -0.21290827
vn -0.512627 0.6863937 -0.51582676
vn -0.12626716 0.82699335 -0.54784906
vn -0.07528368 0.9897241 -0.12156702
vn -0.13035865 0.6547382 -0.7445297
vn 0.29244155 0.66347015 -0.68868375
vn 0.0070060263 0.8157134 -0.57841384
vn -0.053770375 0.3839751 -0.9217765
vn -0.24647753 0.8211185 -0.5147944
vn 0.32689014 0.6044772 -0.72646415
vn 0.20321354 0.97307307 0.10877981
vn 0.85554194 0.46064448 0.23633583
vn 0.16257894 -0.61101663 -0.774743
vn 0.87969863 -0.42457214 -0.21417013
vn 0.44925794 -0.28817496 -0.8456492
vn 0.22053632 -0.77355516 -0.59411794
vn 0.26495618 -0.71227235 -0.6499741
vn 0.6700948 0.037767325 -0.7413141
vn 0.9371821 0.18295547 0.2970135
vn 0.7991084 0.049004517 -0.5991864
vn -0.43989292 -0.29644462 -0.8477115
vn 0.3822045 0.8907731 -0.24585153
vn 0.8393788 0.090934075 -0.5358864
vn 0.43922815 0.39336166 0.80767894
vn 0.558288 0.28364703 -0.7796531
vn 0.5755887 -0.61038285 0.54417866
vn 0.96695024 0.15933591 -0.19904594
vn 0.92880493 -0.15125874 0.33829308
vn 0.83445287 -0.5272448 0.16031621
vn 0.36512724 -0.7685213 0.52541137
vn 0.52680826 -0.36377442 0.7682065
vn 0.31235343 -0.91186285 0.26634833
vn 0.33295792 -0.9337628 0.13124818
vn 0.7899041 -0.28491172 0.5430256
vn 0.41858447 -0.05979648 0.90620714
vn 0.94934464 -0.08217568 0.30330172
vn 0.13588549 -0.9748988 -0.17637305
vn -0.8816132 0.4589953 -0.10991561
vn 0.9867449 0.07127577 -0.14578843
vn 0.7315058 0.21914533 0.64565825
vn 0.49496493 0.03988638 0.867997
vn -0.054371756 -0.40766314 -0.9115122
vn 0.36985424 -0.7030489 -0.6073962
vn -0.049838442 -0.95378226 -0.2963368
vn -0.5194186 -0.5989166 -0.6095107
vn -0.48842582 -0.81698287 -0.30656037
vn -0.741166 -0.5806267 -0.33696526
vn -0.1898356 -0.97870547 0.07809021
vn -0.61536247 -0.7575014 -0.2179922
vn -0.26942593 -0.8777902 0.39609843
vn -0.7701602 -0.63681644 0.03630509
vn -0.931569 -0.32396364 -0.16500555
vn -0.6329331 -0.4741102 0.6120582
vn -0.8760291 -0.31196383 -0.36776578
vn -0.93269974 -0.349766 -0.087948285
vn -0.5717977 -0.05476396 -0.8185648
vn -0.10606936 0.10903483 -0.9883626
vn -0.6737554 -0.73723155 0.050430823
vn -0.9448191 -0.27282622 -0.18133591
vn -0.95674866 -0.064450055 -0.28368676
vn -0.8208529 -0.47528106 0.3167151
vn -0.8940115 -0.4135909 0.17229612
vn -0.9161817 -0.23607635 0.32385036
vn -0.6682532 -0.66715235 0.32915872
vn -0.34262285 -0.8594512 0.37941176
vn 0.8660157 -0.36587608 0.34081006
vn -0.14920008 -0.75800455 -0.6349554
vn 0.7148043 -0.6805239 -0.1610654
vn -0.7713965 -0.5354614 0.3438437
vn 0.9983891 -0.030044299 0.048129987
vn -0.55553424 -0.31039453 -0.7713864
vn 0.89460474 0.24806412 -0.3716807
vn 0.11734201 0.016336555 0.9929572
vn -0.90698105 -0.3723607 0.19680664
vn 0.568136 0.30110598 -0.7658699
vn -0.49501812 0.80556834 -0.32560205
vn 0.7617607 0.594201 -0.25815836
vn 0.9867449 0.07127577 -0.14578843
vn -0.66325814 -0.4515301 -0.59683263
vn 0.15607224 -0.46775034 -0.8699719
vn -0.51149255 0.05768407 -0.85734934
vn -0.8924495 0.033571176 -0.44989654
vn -0.80213803 -0.1937751 -0.5648237
vn 0.01605469 0.15950398 -0.98706675
vn -0.9563476 -0.16182773 -0.24333322
vn -0.8994112 -0.3721295 0.22930127
vn -0.7056134 -0.64599174 -0.29121193
vn -0.990915 -0.13419683 -0.008873102
vn -0.2059493 -0.6494961 -0.7319424
vn -0.681175 -0.696312 0.2261641
vn -0.8137513 -0.16030098 0.5586703
vn -0.8965142 -0.14885908 0.41725683
vn -0.26469427 -0.9539765 0.14094606
vn 0.2882614 -0.5949866 -0.75026417
vn -0.79848784 -0.56913096 0.19623218
vn -0.9055498 -0.30498713 0.29489374
vn -0.5212961 0.83908325 -0.15553029
vn -0.25716236 0.44342533 -0.8586277
vn -0.3550631 0.5180163 -0.77819616
vn 0.13154767 -0.8608718 0.49152315
vn -0.31657034 0.93967056 0.12962429
vn -0.31657034 0.93967056 0.12962429
vn 0.11316826 -0.9859232 0.12307911
vn -0.4443692 0.10190774 -0.89002854
vn -0.5212961 0.83908325 -0.15553029
vn 0.041403994 0.6922282 0.72049004
vn -0.25716236 0.44342533 -0.8586277
vn -0.9833786 0.14320801 0.11161535
vn -0.47025925 0.8633815 -0.18283486
vn -0.294591 0.9088436 -0.29532948
vn 0.38457385 -0.9165762 -0.10950367
vn -0.14652002 0.80493915 -0.57498246
vn -0.31657034 0.93967056 0.12962429
vn 0.38457385 -0.9165762 -0.10950367
vn -0.3550631 0.5180163 -0.77819616
vn -0.011693502 0.8724698 0.48852816
vn 0.04697818 -0.034562796 -0.9982978
vn 0.17072903 0.960354 -0.22039025
vn -0.40939903 -0.59274495 0.69357467
vn 0.09522084 0.1923063 -0.9767043
vn 0.11058887 0.07600432 -0.9909558
vn 0.18480368 0.87347096 0.45043987
vn 0.27978736 0.51224756 0.81198615
vn 0.4121266 0.47236288 0.77911806
vn 0.11058887 0.07600432 -0.9909558
vn -0.19574536 -0.5606296 0.80459815
vn 0.18557733 0.10903685 -0.9765613
vn -0.40939903 -0.59274495 0.69357467
vn 0.17072903 0.960354 -0.22039025
vn 0.18557733 0.10903685 -0.9765613
vn -0.40939903 -0.59274495 0.69357467
vn 0.18557733 0.10903685 -0.9765613
vn 0.033275623 0.12061472 -0.99214154
vn -0.03743391 -0.77667505 -0.6287882
vn -0.294591 0.9088436 -0.29532948
vn -0.47025925 0.8633815 -0.18283486
vn -0.14652002 0.80493915 -0.57498246
vn 0.41699705 0.57877487 -0.7008089
vn 0.12154277 0.22458743 -0.96684426
vn 0.10295699 -0.9620731 -0.2526167
vn -0.403781 0.14646618 -0.90305513
vn 0.64924175 0.7397724 -0.1766975
vn -0.32961705 0.24240366 -0.9124654
vn 0.43573412 0.896852 0.076106824
vn -0.3026289 0.94810146 -0.09756729
vn 0.23860769 0.34418023 -0.9080784
vn 0.9063816 0.3066018 -0.29063335
vn 0.2608671 0.81884277 0.5113168
vn -0.43412867 0.86021566 0.2675095
vn -0.49501812 0.80556834 -0.32560205
vn -0.45175907 0.7103507 0.5397366
vn -0.24663918 0.64982086 -0.7189589
vn 0.4006608 0.64878833 -0.64695024
vn 0.27845365 0.20770405 -0.937722
vn 0.7617607 0.594201 -0.25815836
vn 0.42865622 0.7133758 0.5543905
vn 0.51761436 0.6169779 0.5928015
vn 0.9210974 -0.38830277 -0.028292743
vn 0.6426172 0.6188928 0.45167997
vn 0.52647114 0.20719595 -0.8245593
vn 0.547326 0.4552329 0.70228004
vn 0.2216134 0.865852 0.4485396
vn 0.7015166 0.373043 0.60721767
vn 0.5329212 0.12135275 0.8374177
vn 0.20321354 0.97307307 0.10877981
vn 0.85554194 0.46064448 0.23633583
vn 0.8746365 -0.09566334 0.47524685
vn 0.51428515 0.5622725 -0.6475805
vn 0.41385505 0.6132943 0.6727511
vn 0.36801863 0.20895793 0.9060347
vn 0.93915874 -0.02125567 0.34282517
vn -0.34784612 -0.6315072 -0.69296587
vn 0.28165585 -0.083498575 0.9558755
vn 0.7601863 -0.082108654 0.6444959
vn 0.28604305 -0.3215499 0.9026544
vn 0.96279746 0.048534274 0.26582968
vn -0.10384066 -0.4415795 0.89119285
vn 0.19505878 -0.27063787 0.94271266
vn 0.84994984 -0.16310805 0.50098014
vn 0.27451402 -0.42716807 0.8614926
vn -0.14920008 -0.75800455 -0.6349554
vn -0.13197105 0.094160296 -0.9867712
vn 0.53901356 -0.20491712 0.81699044
vn 0.03782947 -0.43192065 -0.9011179
vn 0.89821535 0.06466177 0.4347736
vn -0.10606936 0.10903483 -0.9883626
vn -0.021104554 -0.3365554 0.9414271
vn 0.31701538 -0.30640298 -0.8975625
vn 0.6427524 -0.111192904 0.7579614
vn 0.77383906 0.6320014 0.041800935
vn 0.4228617 0.606335 0.67345816
vn 0.2961121 0.50028956 0.813651
vn 0.82162386 0.5695827 -0.022578012
vn 0.9187837 0.31520492 0.23766011
vn 0.94226 0.10136024 0.31917423
vn 0.6461938 0.6823556 0.3417959
vn 0.4121266 0.47236288 0.77911806
vn -0.8994112 -0.3721295 0.22930127
vn 0.01605469 0.15950398 -0.98706675
vn 0.097657844 -0.021713538 0.99498314
vn -0.26469427 -0.9539765 0.14094606
vn -0.2449892 0.12033458 0.96202904
vn 0.4899544 -0.8328707 -0.25743154
vn 0.9870327 0.15639663 0.036145803
vn 0.7354048 -0.35556653 -0.5768468
vn -0.8370388 -0.16457614 -0.5218052
vn 0.04408858 -0.89728373 -0.4392472
vn -0.9355774 0.25564498 -0.24359919
vn 0.8257163 -0.07542477 -0.5590202
vn 0.82162386 0.5695827 -0.022578012
vn 0.2961121 0.50028956 0.813651
vn 0.068232894 0.80807227 0.58511835
vn 0.39055347 0.84071714 0.37505028
vn -0.11474171 0.97744066 -0.17732494
vn -0.01142917 0.843684 0.5367184
vn 0.146587 0.98079526 -0.12865795
vn 0.31633875 0.9419306 0.1126789
vn -0.65955913 0.70384765 0.26378053
vn -0.53764844 0.8407485 0.06384488
vn -0.82236236 0.53912354 0.18184063
vn -0.52051896 0.6076195 0.5998821
vn -0.6856161 0.7085263 0.16709612
vn -0.9398868 0.3412415 -0.012924534
vn 0.10447163 0.5691225 0.8155889
vn -0.9042495 0.41387007 0.10509234
vn -0.8240252 0.1153131 0.55469394
vn -0.5454705 0.2745344 0.79189193
vn -0.60078734 0.16418782 0.7823662
vn -0.23459649 0.7558878 0.61122674
vn -0.5332777 0.5614202 0.63278925
vn -0.490556 0.7066555 0.5098949
vn -0.41266993 0.6412487 0.64691854
vn -0.7312236 -0.13231169 0.66918284
vn -0.11268029 0.501551 0.8577586
vn 0.017563537 0.82581025 0.56367445
vn 0.12643446 0.6622386 0.7385488
vn -0.0018569615 0.9437452 0.3306683
vn 0.21505779 0.7704052 0.6001883
vn -0.016681936 0.36870384 0.9293972
vn 0.023455614 0.4989893 0.8662906
vn 0.29900685 0.33336765 0.89412576
vn -0.41252035 -0.6677816 0.61959237
vn 0.2588051 0.6603924 0.7049126
vn 0.10359863 -0.913475 0.3934855
vn 0.0025636558 0.1033004 0.9946469
vn -0.0029681332 -0.96592104 0.25881988
vn 0.15685435 0.98207164 0.10455625
vn 0.37435457 0.74081945 0.5577143
vn 0.4779073 -0.059480153 0.87639415
vn 0.39345267 -0.85501003 0.33786505
vn 0.40393844 0.6910369 0.5994178
vn 0.8050253 0.09163544 0.58612055
vn 0.77508664 0.31726423 0.5464285
vn -0.8429877 -0.4631148 -0.27367204
vn -0.9037353 -0.3810611 -0.19507694
vn -0.7699612 -0.53828025 0.3426574
vn -0.25674412 -0.2746288 -0.9266399
vn 0.146587 0.98079526 -0.12865795
vn -0.42347112 0.5428294 -0.72526443
vn -0.3457653 0.8490769 0.39939296
vn -0.5297328 -0.6698349 -0.5202926
vn -0.6068404 -0.50098526 0.6170563
vn 0.40384617 -0.11681967 0.90733755
vn -0.628166 -0.37411264 0.6822369
vn 0.22393583 0.9493489 0.22042999
vn -0.3457653 0.8490769 0.39939296
vn -0.8429877 -0.4631148 -0.27367204
vn 0.77383906 0.6320014 0.041800935
vn 0.6426172 0.6188928 0.45167997
vn 0.7768208 0.2838169 -0.56213653
vn 0.547326 0.4552329 0.70228004
vn 0.8165212 0.54751897 -0.18307401
vn -0.9644672 -0.0055782 -0.26414368
vn -0.6089653 0.7837923 0.12178224
vn -0.17576611 -0.12794742 -0.97608185
vn 0.9375485 0.31540397 -0.14670762
vn -0.5114853 0.8504314 -0.12308244
vn 0.46512306 0.2982204 -0.83350176
vn 0.09968156 0.5878809 -0.8027824
vn -0.9355774 0.25564498 -0.24359919
vn 0.9870327 0.15639663 0.036145803
vn -0.8370388 -0.16457614 -0.5218052
vn 0.04408858 -0.89728373 -0.4392472
vn 0.5732738 0.028703345 -0.81886095
vn 0.7827661 -0.13894884 0.60660565
vn 0.1435182 0.12102055 -0.98222023
vn 0.7827661 -0.13894884 0.60660565
vn 0.30344486 0.114355735 -0.94596195
vn 0.1435182 0.12102055 -0.98222023
vn 0.6484342 -0.25677454 -0.71665883
vn 0.7827661 -0.13894884 0.60660565
vn -0.8370388 -0.16457614 -0.5218052
vn 0.8257163 -0.07542477 -0.5590202
vn 0.04408858 -0.89728373 -0.4392472
vn -0.5740205 -0.040852323 -0.81782126
vn -0.6678567 -0.50307465 -0.5485283
vn -0.7138102 -0.0428254 -0.6990286
vn -0.64905727 -0.12707834 -0.7500505
vn -0.9530653 -0.21821545 -0.20987757
vn 0.14234687 -0.011134895 -0.9897542
vn -0.19587214 -0.07922031 -0.97742426
vn 0.1435182 0.12102055 -0.98222023
vn -0.9355774 0.25564498 -0.24359919
vn 0.30344486 0.114355735 -0.94596195
vn -0.82832795 -0.55547637 -0.07292989
vn -0.6953199 -0.15694205 -0.70135546
vn -0.98556256 -0.14167435 -0.09270817
vn -0.88432527 -0.15322913 -0.44100988
vn -0.3692691 -0.78292805 -0.5006636
vn -0.29109553 -0.9265955 -0.23808436
vn -0.060597662 -0.2358359 -0.96990174
vn -0.5740205 -0.040852323 -0.81782126
vn 0.5732738 0.028703345 -0.81886095
vn -0.8370388 -0.16457614 -0.5218052
vn 0.6484342 -0.25677454 -0.71665883
vn 0.04408858 -0.89728373 -0.4392472
vn 0.8257163 -0.07542477 -0.5590202
vn 0.9870327 0.15639663 0.036145803
vn -0.5740205 -0.040852323 -0.81782126
vn 0.7827661 -0.13894884 0.60660565
vn 0.6484342 -0.25677454 -0.71665883
vn -0.9355774 0.25564498 -0.24359919
vn 0.10930191 0.9473759 0.3008853
vn -0.14098278 0.9447685 0.29586536
vn 0.021113496 0.8799481 -0.4746004
vn 0.12682025 0.85494214 0.50298166
vn -0.6848654 0.554371 0.47289762
vn -0.31197146 0.9391172 0.14398853
vn -0.36208922 0.92338836 -0.12745701
vn -0.06991873 0.99657196 0.044222813
vn -0.36426702 0.7315952 0.57626206
vn -0.02162173 -0.96229136 -0.27116022
vn 0.29356813 0.9557896 -0.016851414
vn -0.2896805 0.9403214 0.17855231
vn 0.06529093 0.9628342 -0.262083
vn 0.33403906 0.9083148 -0.25175804
vn 0.49749288 0.85718066 -0.13319966
vn -0.22058927 0.85901475 -0.46198925
vn 0.2757339 0.78430974 -0.55572385
vn 0.45104697 0.8839167 -0.12348269
vn -0.1468845 0.47018224 -0.87026066
vn 0.39465526 0.91548336 -0.07834185
vn 0.09078816 0.97586185 0.1986233
vn 0.2129763 0.96349525 -0.16222821
vn 0.4443198 0.8471003 0.29154915
vn 0.044909246 0.9000895 0.43338436
vn 0.5477696 0.8203266 0.16435544
vn 0.8372474 0.48960808 0.24351752
vn 0.6794475 0.50766695 0.5297409
vn 0.41001025 0.4827793 -0.77383184
vn 0.7040012 0.6224673 0.34193102
vn 0.44860885 0.8639881 0.22863667
vn 0.48427102 0.8437725 -0.23136465
vn 0.2801563 0.9550578 -0.096835226
vn 0.13934858 0.9898987 0.026125686
vn 0.41366333 0.87505263 -0.25132757
vn 0.23557825 0.9655447 -0.11057249
vn 0.2510672 0.9329128 0.25814515
vn 0.4737545 0.87736255 -0.07610312
vn -0.06686428 -0.04060512 -0.9969355
vn 0.38570085 0.7435677 -0.54620683
vn 0.829922 0.556686 0.036471024
vn -0.5426663 -0.8253762 0.15577985
vn 0.78587526 0.30917063 -0.5355498
vn 0.80270284 0.28376174 -0.52454495
vn -0.8461379 0.27180058 -0.45844862
vn 0.5709772 0.7662775 -0.29462495
vn 0.54770136 0.82462007 -0.14150941
vn 0.7557886 0.65416634 -0.02915439
vn 0.4868715 0.7463314 -0.45381233
vn 0.41366333 0.87505263 -0.25132757
vn 0.23557825 0.9655447 -0.11057249
vn 0.54039437 0.7501453 -0.38112462
vn -0.8958026 -0.27472863 0.34937352
vn 0.5477696 0.8203266 0.16435544
vn -0.34795785 -0.8036791 0.4827269
vn 0.48638222 0.8667007 -0.110734746
vn -0.39905646 0.8702751 -0.2887477
vn -0.12732913 0.8248945 -0.5507598
vn 0.5613513 0.7739573 -0.29304397
vn 0.3434886 -0.8699591 -0.35381734
vn 0.047506206 -0.04047444 -0.9980506
vn 0.20247188 0.91655 -0.3448786
vn 0.4737545 0.87736255 -0.07610312
vn -0.36208922 0.92338836 -0.12745701
vn 0.7557886 0.65416634 -0.02915439
vn 0.7702067 0.2916843 0.5671877
vn 0.2510672 0.9329128 0.25814515
vn -0.7036297 -0.29358256 0.64708155
vn 0.30446166 0.65864134 0.6881095
vn -0.6138079 0.6610713 0.43153742
vn 0.09968156 0.5878809 -0.8027824
vn 0.4812623 0.8731202 -0.07776717
vn -0.8769881 0.2240017 0.425106
vn 0.38383326 0.6441126 -0.66165775
vn -0.04908988 0.9849971 -0.16544138
vn 0.54520094 0.82084507 -0.17020378
vn 0.7795802 0.37183523 -0.50397754
vn -0.1457098 0.9842128 0.10046778
vn 0.5053293 0.80238366 -0.31752604
vn 0.92677474 0.28709236 0.24221179
vn 0.25591055 0.83295566 0.49060646
vn 0.38899058 0.8493891 0.3566854
vn -0.36800802 0.85806847 0.358174
vn -0.12944034 0.3452816 0.9295299
vn 0.09163159 0.23322693 0.9680955
vn 0.23430371 0.10488352 0.96648914
vn -0.14098278 0.9447685 0.29586536
vn -0.15835373 0.58218217 0.7974886
vn -0.22203214 0.90327895 -0.36713606
vn 0.021113496 0.8799481 -0.4746004
vn 0.4584608 0.81771255 0.34808025
vn -0.02162173 -0.96229136 -0.27116022
vn 0.94111246 -0.06721986 -0.33134404
vn 0.5709772 0.7662775 -0.29462495
vn 0.78587526 0.30917063 -0.5355498
vn -0.8461379 0.27180058 -0.45844862
vn -0.97655416 0.17482978 -0.1256047
vn -0.7699612 -0.53828025 0.3426574
vn -0.71657073 0.19040318 0.67102385
vn 0.22393583 0.9493489 0.22042999
vn -0.02348243 -0.62190104 0.7827437
vn -0.6068404 -0.50098526 0.6170563
vn -0.8429877 -0.4631148 -0.27367204
vn 0.29558903 -0.09241494 -0.9508347
vn 0.40384617 -0.11681967 0.90733755
vn 0.79293334 0.008852699 0.60924405
vn 0.58878416 0.007239827 0.8082579
vn 0.31633875 0.9419306 0.1126789
vn 0.06497398 0.9452988 0.31966954
vn -0.403781 0.14646618 -0.90305513
vn -0.64958215 0.6866654 0.32639492
vn 0.45096952 -0.8845652 0.11904179
vn 0.21671657 0.83750105 0.50162333
vn 0.43573412 0.896852 0.076106824
vn 0.43573412 0.896852 0.076106824
vn -0.64958215 0.6866654 0.32639492
vn -0.32961705 0.24240366 -0.9124654
vn -0.18703789 -0.96764106 0.16937405
vn 0.5273184 -0.84857494 -0.043079562
vn 0.9375485 0.31540397 -0.14670762
vn 0.09968156 0.5878809 -0.8027824
vn 0.8165212 0.54751897 -0.18307401
vn 0.10915155 -0.38624078 -0.91591704
vn 0.30446166 0.65864134 0.6881095
vn 0.46512306 0.2982204 -0.83350176
vn 0.17430402 -0.3677476 0.9134439
vn -0.81851906 -0.19093066 0.5418229
vn -0.14892663 -0.9409885 0.3039104
vn -0.8697116 -0.44418997 0.21516757
vn -0.9080288 -0.2580195 0.33001468
vn -0.71116865 -0.5025468 0.4916156
vn -0.91059136 -0.30232644 0.28181928
vn -0.881194 -0.33945447 0.3290407
vn -0.867727 -0.44252604 0.22631976
vn -0.027212892 -0.71235514 -0.7012914
vn -0.09816596 -0.9042022 -0.4156703
vn -0.5340573 -0.416337 0.7358303
vn -0.56862146 -0.4943639 0.6574755
vn -0.98556256 -0.14167435 -0.09270817
vn -0.9709881 -0.18835896 -0.14731926
vn -0.98404574 0.060670268 0.16725169
vn 0.80592334 -0.56629544 -0.172618
vn -0.29109553 -0.9265955 -0.23808436
vn -0.13501945 -0.9890561 -0.05947906
vn -0.054191522 0.8585152 0.5099166
vn -0.31600523 -0.9486153 -0.016423408
vn -0.00005218326 -0.45523617 -0.8903707
vn -0.13776785 -0.9867231 -0.08600841
vn -0.88432527 -0.15322913 -0.44100988
vn 0.70635563 -0.7077021 -0.014813837
vn -0.5246017 -0.7771551 0.34759596
vn 0.31701538 -0.30640298 -0.8975625
vn 0.06415861 -0.6360868 -0.7689455
vn -0.8206682 0.12124692 0.5583931
vn -0.13650475 -0.9873806 -0.08028649
vn -0.7892096 -0.29045984 0.54109263
vn -0.876981 0.4794749 0.031750053
vn -0.9530653 -0.21821545 -0.20987757
vn -0.82832795 -0.55547637 -0.07292989
vn -0.876981 0.4794749 0.031750053
vn -0.7892096 -0.29045984 0.54109263
vn -0.8363222 0.41772324 0.35506693
vn 0.041403994 0.6922282 0.72049004
vn 0.021736508 -0.97528255 0.2198897
vn -0.11809722 -0.9925302 -0.030606786
vn 0.29558903 -0.09241494 -0.9508347
vn -0.6291776 -0.6611081 0.40874404
vn -0.7699612 -0.53828025 0.3426574
vn 0.2855008 0.4633444 -0.83892864
vn 0.40384617 -0.11681967 0.90733755
vn 0.29558903 -0.09241494 -0.9508347
vn -0.9037353 -0.3810611 -0.19507694
vn -0.7699612 -0.53828025 0.3426574
vn -0.76217544 -0.32303807 -0.56101245
vn -0.55012673 0.09647867 0.82948923
vn -0.6291776 -0.6611081 0.40874404
vn -0.56804293 0.7051255 0.42441162
vn 0.06497398 0.9452988 0.31966954
vn 0.58878416 0.007239827 0.8082579
vn -0.02348243 -0.62190104 0.7827437
vn -0.7699612 -0.53828025 0.3426574
vn -0.71657073 0.19040318 0.67102385
vn -0.3457653 0.8490769 0.39939296
vn -0.628166 -0.37411264 0.6822369
vn 0.48788708 0.86788106 -0.09353439
vn 0.22393583 0.9493489 0.22042999
vn -0.42347112 0.5428294 -0.72526443
vn 0.5603714 0.59188765 -0.57935554
vn 0.95307153 0.20096064 -0.22642751
vn -0.5297328 -0.6698349 -0.5202926
vn 0.40384617 -0.11681967 0.90733755
vn 0.2855008 0.4633444 -0.83892864
vn -0.16828856 0.85553396 0.4896331
vn -0.76217544 -0.32303807 -0.56101245
vn 0.5607781 0.7742299 0.2934212
vn -0.57056797 -0.69423854 0.4387311
vn -0.25716236 0.44342533 -0.8586277
vn 0.53724647 0.7752598 0.33217245
vn 0.5508564 0.64261127 0.53254855
vn 0.5868189 0.17894202 0.7896983
vn 0.8822628 0.43708935 0.174829
vn 0.64924175 0.7397724 -0.1766975
vn 0.41699705 0.57877487 -0.7008089
vn 0.10295699 -0.9620731 -0.2526167
vn 0.96279746 0.048534274 0.26582968
vn 0.6427524 -0.111192904 0.7579614
vn 0.971343 0.059093576 -0.23021892
vn 0.7601863 -0.082108654 0.6444959
vn 0.8939345 0.19180423 -0.4050831
vn 0.8610198 0.18614048 -0.47328278
vn 0.9612183 0.12881675 -0.24385588
vn 0.70635563 -0.7077021 -0.014813837
vn 0.84994984 -0.16310805 0.50098014
vn 0.9082808 0.3709134 -0.19351828
vn 0.31701538 -0.30640298 -0.8975625
vn 0.06415861 -0.6360868 -0.7689455
vn -0.5246017 -0.7771551 0.34759596
vn -0.027212892 -0.71235514 -0.7012914
vn 0.23051684 0.22322792 -0.9471173
vn -0.669591 0.283874 -0.68634063
vn -0.09816596 -0.9042022 -0.4156703
vn -0.6745045 -0.07581766 -0.7343673
vn 0.08925876 -0.51973855 -0.8496498
vn 0.939698 0.02447272 -0.34112862
vn -0.17576611 -0.12794742 -0.97608185
vn 0.77383906 0.6320014 0.041800935
vn 0.5603714 0.59188765 -0.57935554
vn -0.25674412 -0.2746288 -0.9266399
vn -0.42347112 0.5428294 -0.72526443
vn 0.95307153 0.20096064 -0.22642751
vn 0.2855008 0.4633444 -0.83892864
vn -0.25674412 -0.2746288 -0.9266399
vn 0.2855008 0.4633444 -0.83892864
vn 0.146587 0.98079526 -0.12865795
vn 0.31633875 0.9419306 0.1126789
vn 0.66109043 0.2431906 -0.7098012
vn 0.23877409 0.5242515 -0.8174028
vn -0.5297328 -0.6698349 -0.5202926
vn 0.51277804 0.7244558 -0.46067616
vn 0.29558903 -0.09241494 -0.9508347
vn 0.48788708 0.86788106 -0.09353439
vn 0.5607781 0.7742299 0.2934212
vn 0.8204115 0.26799217 -0.5050793
vn 0.22393583 0.9493489 0.22042999
vn 0.5273184 -0.84857494 -0.043079562
vn -0.18703789 -0.96764106 0.16937405
vn -0.7752461 -0.4420802 0.45117468
vn -0.6089653 0.7837923 0.12178224
vn 0.30446166 0.65864134 0.6881095
vn -0.8769881 0.2240017 0.425106
vn -0.5114853 0.8504314 -0.12308244
vn 0.09968156 0.5878809 -0.8027824
vn -0.9644672 -0.0055782 -0.26414368
vn 0.10915155 -0.38624078 -0.91591704
vn -0.17576611 -0.12794742 -0.97608185
vn 0.08091414 0.20201303 -0.97603464
vn 0.12154277 0.22458743 -0.96684426
vn -0.32961705 0.24240366 -0.9124654
vn 0.64924175 0.7397724 -0.1766975
vn 0.6342526 -0.7512352 -0.18267262
vn -0.41654915 0.8739962 -0.25023472
vn -0.88765854 0.4561684 -0.0630291
vn 0.04781219 0.8058276 -0.59021676
vn 0.5508564 0.64261127 0.53254855
vn -0.25716236 0.44342533 -0.8586277
vn 0.8822628 0.43708935 0.174829
vn 0.10295699 -0.9620731 -0.2526167
vn -0.07448338 -0.9877416 -0.13718165
vn 0.14451486 0.53371173 -0.833227
vn -0.11941991 0.3577525 -0.926149
vn -0.25057214 0.926421 -0.28099427
vn -0.333568 0.70179963 -0.6294519
vn 0.9870835 -0.16020639 -0.0003424844
vn -0.37681112 0.86399937 -0.33394375
vn -0.23902872 0.7646187 -0.5985178
vn 0.34468317 0.85200304 -0.39406136
vn 0.16168882 -0.49061903 -0.8562416
vn 0.15360071 0.66497403 -0.73090106
vn -0.33242992 0.72764635 -0.6000176
vn -0.5653791 0.5363785 -0.62661356
vn 0.13186063 0.9606689 -0.24439317
vn 0.7134673 0.46632588 -0.5229767
vn 0.62546575 0.71101165 -0.32133317
vn -0.054919653 0.921123 -0.385378
vn 0.13860095 0.9849533 0.103232
vn 0.17597069 0.7553556 -0.63124657
vn 0.3899962 0.88211423 0.26415431
vn -0.0474964 0.99810994 -0.0389949
vn -0.3092485 0.42631048 -0.8500734
vn -0.61575973 0.71194863 -0.3375931
vn 0.7766982 0.4631334 -0.4269045
vn 0.48284027 -0.87167245 -0.083978795
vn -0.59741735 0.74562895 -0.29517785
vn -0.41654915 0.8739962 -0.25023472
vn 0.5548121 -0.75631344 -0.34666052
vn 0.85115725 0.49479213 0.1752485
vn -0.88765854 0.4561684 -0.0630291
vn 0.7692194 -0.62373465 -0.13876826
vn 0.40384617 -0.11681967 0.90733755
vn -0.9037353 -0.3810611 -0.19507694
vn -0.55012673 0.09647867 0.82948923
vn -0.56804293 0.7051255 0.42441162
vn -0.76217544 -0.32303807 -0.56101245
vn -0.9037353 -0.3810611 -0.19507694
vn -0.76217544 -0.32303807 -0.56101245
vn -0.56804293 0.7051255 0.42441162
vn 0.2855008 0.4633444 -0.83892864
vn -0.6291776 -0.6611081 0.40874404
vn -0.11474171 0.97744066 -0.17732494
vn 0.24013348 0.24590518 -0.9390775
vn 0.01605469 0.15950398 -0.98706675
vn 0.5632543 -0.8130526 0.14727558
vn 0.82162386 0.5695827 -0.022578012
vn -0.7312887 0.4479571 -0.5143455
vn -0.31185287 -0.93982804 0.13953863
vn 0.5607781 0.7742299 0.2934212
vn 0.22393583 0.9493489 0.22042999
vn 0.79293334 0.008852699 0.60924405
vn 0.55524987 -0.4956536 0.6678511
vn 0.23877409 0.5242515 -0.8174028
vn 0.8204115 0.26799217 -0.5050793
vn 0.66109043 0.2431906 -0.7098012
vn 0.31633875 0.9419306 0.1126789
vn -0.21085031 -0.97729087 -0.021088082
vn 0.077316545 -0.99699855 -0.004004714
vn 0.24013348 0.24590518 -0.9390775
vn -0.7312887 0.4479571 -0.5143455
vn -0.31185287 -0.93982804 0.13953863
vn -0.8802849 0.23611036 0.41152206
vn -0.11474171 0.97744066 -0.17732494
vn -0.52051896 0.6076195 0.5998821
vn -0.074102625 -0.9968799 0.027190555
vn -0.8206682 0.12124692 0.5583931
vn 0.9082808 0.3709134 -0.19351828
vn -0.5246017 -0.7771551 0.34759596
vn -0.021104554 -0.3365554 0.9414271
vn -0.75365734 0.5934621 0.28249487
vn 0.19505878 -0.27063787 0.94271266
vn -0.876981 0.4794749 0.031750053
vn 0.3994187 0.57297844 -0.71565384
vn -0.9111815 0.1667381 -0.37675813
vn -0.23814812 -0.17628513 0.95509636
vn -0.2424695 -0.09073251 -0.9659069
vn -0.97396404 0.0383448 -0.22343607
vn 0.5632543 -0.8130526 0.14727558
vn 0.077316545 -0.99699855 -0.004004714
vn -0.31185287 -0.93982804 0.13953863
vn -0.9681295 0.22503182 -0.10993596
vn -0.8363222 0.41772324 0.35506693
vn -0.97396404 0.0383448 -0.22343607
vn -0.9681295 0.22503182 -0.10993596
vn -0.876981 0.4794749 0.031750053
vn -0.8363222 0.41772324 0.35506693
vn -0.97396404 0.0383448 -0.22343607
vn -0.92575336 -0.016561752 -0.37776506
vn -0.8649171 -0.0948048 -0.49287972
vn -0.21308051 -0.8175941 -0.53491735
vn 0.66977173 -0.26705253 -0.6928844
vn -0.09816596 -0.9042022 -0.4156703
vn 0.23051684 0.22322792 -0.9471173
vn -0.47915554 -0.78457594 0.3935106
vn -0.88253 0.45989558 -0.09816786
vn 0.93915874 -0.02125567 0.34282517
vn 0.36801863 0.20895793 0.9060347
vn -0.9241257 0.2759268 -0.26430318
vn -0.77835906 0.59580004 -0.19793828
vn -0.6915625 0.72152585 -0.03379132
vn -0.86871535 0.49369246 -0.040017635
vn -0.72831684 0.6796837 -0.08708955
vn 0.41385505 0.6132943 0.6727511
vn 0.51428515 0.5622725 -0.6475805
vn -0.36426702 0.7315952 0.57626206
vn -0.22058927 0.85901475 -0.46198925
vn 0.06529093 0.9628342 -0.262083
vn -0.2896805 0.9403214 0.17855231
vn 0.66336566 0.54664195 -0.5110074
vn -0.2370501 0.096772246 -0.9666656
vn -0.669591 0.283874 -0.68634063
vn -0.8061486 -0.08627643 -0.5853895
vn -0.6745045 -0.07581766 -0.7343673
vn -0.9681295 0.22503182 -0.10993596
vn -0.10384066 -0.4415795 0.89119285
vn -0.17576611 -0.12794742 -0.97608185
vn 0.08925876 -0.51973855 -0.8496498
vn 0.41385505 0.6132943 0.6727511
vn -0.34784612 -0.6315072 -0.69296587
vn -0.88253 0.45989558 -0.09816786
vn 0.03782947 -0.43192065 -0.9011179
vn -0.021104554 -0.3365554 0.9414271
vn 0.06415861 -0.6360868 -0.7689455
vn 0.9082808 0.3709134 -0.19351828
vn 0.4625246 0.04426937 -0.88550055
vn 0.3689635 0.21247135 -0.9048325
vn 0.43304268 -0.36493 -0.82419664
vn 0.27451402 -0.42716807 0.8614926
vn -0.21308051 -0.8175941 -0.53491735
vn -0.13650475 -0.9873806 -0.08028649
vn -0.14879486 -0.033900663 -0.9882868
vn -0.9681295 0.22503182 -0.10993596
vn 0.098175794 -0.38517764 -0.9176054
vn 0.3994187 0.57297844 -0.71565384
vn -0.2424695 -0.09073251 -0.9659069
vn -0.9111815 0.1667381 -0.37675813
vn -0.27603874 -0.91730726 0.28696695
vn 0.12011638 -0.9914591 -0.050803732
vn -0.9681295 0.22503182 -0.10993596
vn -0.14879486 -0.033900663 -0.9882868
vn -0.28964707 -0.16505276 -0.94279486
vn -0.5920128 -0.07559879 -0.80237496
vn -0.12009806 -0.5452506 -0.82962537
vn -0.21308051 -0.8175941 -0.53491735
vn 0.43420872 0.51628774 0.73818004
vn 0.5497355 -0.06741715 0.8326138
vn 0.03782947 -0.43192065 -0.9011179
vn 0.098175794 -0.38517764 -0.9176054
vn -0.30107403 -0.5256318 -0.79565424
vn -0.34784612 -0.6315072 -0.69296587
vn -0.10384066 -0.4415795 0.89119285
vn 0.38891202 -0.9068613 -0.162327
vn 0.9728101 -0.22674842 0.047176674
vn -0.13501945 -0.9890561 -0.05947906
vn -0.9709881 -0.18835896 -0.14731926
vn 0.5855246 0.35617128 -0.72821903
vn -0.054191522 0.8585152 0.5099166
vn 0.80592334 -0.56629544 -0.172618
vn -0.00005218326 -0.45523617 -0.8903707
vn 0.60529417 0.17227209 -0.7771366
vn 0.893868 0.19591808 -0.40325674
vn 0.8110411 -0.11198504 -0.5741704
vn 0.7416818 -0.0060443706 -0.67072463
vn 0.95071024 -0.29213712 -0.103951484
vn 0.88536334 0.048682798 -0.46234378
vn 0.987148 0.15145306 -0.050998207
vn 0.97153366 -0.057193812 -0.22989391
vn 0.90895075 0.12349207 -0.3981938
vn 0.44792122 -0.88631153 -0.117551796
vn 0.7642213 -0.12852131 -0.63201904
vn 0.6609336 -0.67031556 -0.3374075
vn -0.15228614 -0.9190171 -0.363616
vn 0.86666995 0.15102021 -0.4754746
vn 0.9728101 -0.22674842 0.047176674
vn -0.9709881 -0.18835896 -0.14731926
vn -0.867727 -0.44252604 0.22631976
vn 0.92001873 -0.24089764 0.30908558
vn 0.9597988 -0.25199345 0.12363483
vn -0.09816596 -0.9042022 -0.4156703
vn 0.9620755 -0.17692876 0.20762216
vn 0.80592334 -0.56629544 -0.172618
vn 0.8110411 -0.11198504 -0.5741704
vn 0.95071024 -0.29213712 -0.103951484
vn 0.8963482 -0.39658508 0.19819246
vn 0.9287584 -0.35019836 0.121527545
vn 0.9025012 -0.12722097 0.41146854
vn 0.86878204 -0.24786411 0.42869705
vn 0.57166207 -0.78427637 0.24106658
vn 0.38891202 -0.9068613 -0.162327
vn -0.36426702 0.7315952 0.57626206
vn 0.66336566 0.54664195 -0.5110074
vn 0.9620372 -0.10900251 -0.2502057
vn 0.9354316 0.31849706 -0.15338631
vn 0.6102825 0.1854849 -0.7701627
vn 0.42861268 -0.86609024 -0.25725248
vn 0.9653425 -0.22586313 0.1307657
vn 0.94476825 -0.3062572 -0.116702445
vn 0.94522405 -0.27153018 0.18117097
vn 0.94111246 -0.06721986 -0.33134404
vn 0.4584608 0.81771255 0.34808025
vn -0.02162173 -0.96229136 -0.27116022
vn 0.7658938 -0.5821012 -0.27306557
vn 0.28658277 -0.6792342 -0.67565614
vn 0.6968529 -0.64675236 -0.31001198
vn 0.99849606 -0.054823462 -0.00024044026
vn 0.06759181 -0.88714665 -0.45651084
vn 0.14220357 -0.95635563 0.25526866
vn 0.028560242 -0.79454315 -0.6065357
vn 0.78584516 0.19811067 0.58583236
vn 0.889619 0.45508656 0.03839653
vn 0.2473249 0.16252321 0.955205
vn 0.900934 0.38653365 -0.19725549
vn 0.9092164 0.38438612 0.15991503
vn 0.9050327 0.42402557 -0.033437956
vn 0.56742215 0.33462074 0.7523703
vn 0.42865622 0.7133758 0.5543905
vn 0.7617607 0.594201 -0.25815836
vn 0.4006608 0.64878833 -0.64695024
vn 0.6584835 0.38606852 -0.64602673
vn 0.8021982 -0.31869748 0.50488615
vn 0.60898846 -0.786782 0.10053398
vn 0.75157565 -0.53945065 -0.37964064
vn -0.34784612 -0.6315072 -0.69296587
vn -0.34536472 -0.43492982 -0.8316004
vn 0.9338265 0.103717946 0.34236044
vn -0.6737554 -0.73723155 0.050430823
vn 0.93915874 -0.02125567 0.34282517
vn -0.10606936 0.10903483 -0.9883626
vn 0.03782947 -0.43192065 -0.9011179
vn -0.88253 0.45989558 -0.09816786
vn 0.53901356 -0.20491712 0.81699044
vn 0.4625246 0.04426937 -0.88550055
vn 0.27451402 -0.42716807 0.8614926
vn 0.19505878 -0.27063787 0.94271266
vn -0.75365734 0.5934621 0.28249487
vn 0.3689635 0.21247135 -0.9048325
vn -0.9681295 0.22503182 -0.10993596
vn 0.3994187 0.57297844 -0.71565384
vn 0.43304268 -0.36493 -0.82419664
vn -0.14879486 -0.033900663 -0.9882868
vn -0.2424695 -0.09073251 -0.9659069
vn -0.21308051 -0.8175941 -0.53491735
vn -0.97396404 0.0383448 -0.22343607
vn 0.09366512 -0.4654384 0.8801102
vn -0.23814812 -0.17628513 0.95509636
vn -0.13650475 -0.9873806 -0.08028649
vn 0.68678015 -0.2594148 0.67899704
vn -0.09816596 -0.9042022 -0.4156703
vn -0.47915554 -0.78457594 0.3935106
vn -0.13650475 -0.9873806 -0.08028649
vn 0.09366512 -0.4654384 0.8801102
vn 0.1589833 0.20162426 0.966474
vn -0.5429632 -0.5311724 0.65042055
vn -0.23814812 -0.17628513 0.95509636
vn 0.09366512 -0.4654384 0.8801102
vn -0.5429632 -0.5311724 0.65042055
vn -0.92575336 -0.016561752 -0.37776506
vn -0.5429632 -0.5311724 0.65042055
vn 0.1589833 0.20162426 0.966474
vn -0.13650475 -0.9873806 -0.08028649
vn 0.66977173 -0.26705253 -0.6928844
vn 0.68678015 -0.2594148 0.67899704
vn -0.92575336 -0.016561752 -0.37776506
vn -0.21308051 -0.8175941 -0.53491735
vn -0.12009806 -0.5452506 -0.82962537
vn 0.5497355 -0.06741715 0.8326138
vn 0.1589833 0.20162426 0.966474
vn -0.47915554 -0.78457594 0.3935106
vn -0.92575336 -0.016561752 -0.37776506
vn -0.7892096 -0.29045984 0.54109263
vn -0.8363222 0.41772324 0.35506693
vn -0.23814812 -0.17628513 0.95509636
vn 0.12011638 -0.9914591 -0.050803732
vn -0.13650475 -0.9873806 -0.08028649
vn -0.97396404 0.0383448 -0.22343607
vn -0.9111815 0.1667381 -0.37675813
vn 0.79293334 0.008852699 0.60924405
vn 0.51277804 0.7244558 -0.46067616
vn 0.23877409 0.5242515 -0.8174028
vn 0.8204115 0.26799217 -0.5050793
vn 0.51277804 0.7244558 -0.46067616
vn 0.8204115 0.26799217 -0.5050793
vn 0.5607781 0.7742299 0.2934212
vn 0.55524987 -0.4956536 0.6678511
vn 0.66109043 0.2431906 -0.7098012
vn -0.876981 0.4794749 0.031750053
vn 0.12011638 -0.9914591 -0.050803732
vn -0.23814812 -0.17628513 0.95509636
vn -0.9681295 0.22503182 -0.10993596
vn -0.9681295 0.22503182 -0.10993596
vn -0.75365734 0.5934621 0.28249487
vn -0.27603874 -0.91730726 0.28696695
vn 0.3994187 0.57297844 -0.71565384
vn 0.098175794 -0.38517764 -0.9176054
vn 0.06914076 0.40968758 -0.9096019
vn 0.29244155 0.66347015 -0.68868375
vn 0.57732844 0.5090372 -0.6384144
vn -0.053770375 0.3839751 -0.9217765
vn 0.51428515 0.5622725 -0.6475805
vn 0.57872015 0.56452316 -0.5885547
vn 0.89456195 0.3656446 -0.2570271
vn 0.06725709 0.56774867 -0.8204498
vn 0.7427731 0.65780497 -0.124822825
vn 0.922997 0.37599847 -0.08186382
vn -0.19063514 0.9363877 -0.29467988
vn -0.34419414 -0.12189812 -0.9309518
vn 0.9764039 0.20462617 0.0690186
vn 0.7766982 0.4631334 -0.4269045
vn 0.83852583 0.2745236 -0.4706498
vn 0.34468317 0.85200304 -0.39406136
vn 0.11994303 0.1657665 0.97884375
vn 0.9870835 -0.16020639 -0.0003424844
vn -0.25057214 0.926421 -0.28099427
vn -0.34536472 -0.43492982 -0.8316004
vn 0.32689014 0.6044772 -0.72646415
vn 0.85554194 0.46064448 0.23633583
vn -0.09816596 -0.9042022 -0.4156703
vn 0.68678015 -0.2594148 0.67899704
vn 0.92001873 -0.24089764 0.30908558
vn 0.7350203 0.027936805 0.6774693
vn 0.5497355 -0.06741715 0.8326138
vn 0.9620755 -0.17692876 0.20762216
vn 0.9025012 -0.12722097 0.41146854
vn 0.49650854 0.16681814 0.8518515
vn 0.86878204 -0.24786411 0.42869705
vn -0.30107403 -0.5256318 -0.79565424
vn 0.43420872 0.51628774 0.73818004
vn 0.8565323 0.40877423 0.3150493
vn 0.38891202 -0.9068613 -0.162327
vn 0.88972646 0.28846866 0.3537974
vn 0.22602932 0.15919885 0.9610236
vn -0.8834121 -0.3629628 -0.29637983
vn 0.9180692 0.26147485 0.29795945
vn 0.8021982 -0.31869748 0.50488615
vn 0.89357144 -0.44617698 -0.049559478
vn -0.62711346 -0.70475316 0.33174047
vn 0.8707874 0.1291688 0.47438878
vn 0.6585918 -0.006379465 0.75247335
vn 0.59625065 -0.14421085 0.78973943
vn 0.73431116 0.0347249 0.6779243
vn 0.21892154 -0.19317639 0.9564289
vn 0.75157565 -0.53945065 -0.37964064
vn 0.019773204 -0.26286092 0.9646311
vn 0.10353722 -0.62214637 0.77602446
vn 0.054192856 -0.78561777 0.6163342
vn 0.23378466 -0.50255495 0.832336
vn 0.2159656 -0.31197923 0.9252177
vn -0.13192236 -0.07413745 0.9884837
vn -0.16912934 -0.6941672 0.6996622
vn 0.68678015 -0.2594148 0.67899704
vn -0.13650475 -0.9873806 -0.08028649
vn 0.1589833 0.20162426 0.966474
vn -0.92575336 -0.016561752 -0.37776506
vn 0.66977173 -0.26705253 -0.6928844
vn -0.13650475 -0.9873806 -0.08028649
vn 0.09366512 -0.4654384 0.8801102
vn -0.92575336 -0.016561752 -0.37776506
vn 0.04687795 0.10846489 -0.99299437
vn 0.10447163 0.5691225 0.8155889
vn -0.9927925 0.11933488 0.01105727
vn -0.6856161 0.7085263 0.16709612
vn 0.028560242 -0.79454315 -0.6065357
vn -0.99932903 0.013026302 0.034232248
vn -0.99898744 0.043621007 0.011015024
vn -0.9281323 0.1711584 0.330568
vn -0.9998594 -0.0088658165 0.014231587
vn -0.99991345 -0.0041011837 -0.012499389
vn -0.78769374 0.054917034 -0.61361444
vn -0.73874927 0.663021 -0.121047944
vn -0.706049 0.7080072 0.014850437
vn -0.12238078 0.17294134 -0.97729945
vn -0.8151576 0.5771691 -0.04892785
vn -0.9994149 -0.033525787 -0.006767853
vn -0.9953921 -0.095870815 -0.0018429372
vn -0.9988542 0.044055946 -0.0186915
vn -0.5630678 -0.0027179704 0.82640624
vn -0.9398868 0.3412415 -0.012924534
vn -0.9042495 0.41387007 0.10509234
vn -0.9693705 -0.084247485 0.23070163
vn -0.5454705 0.2745344 0.79189193
vn -0.60251784 0.08126331 0.79395753
vn -0.1565285 0.8793806 0.4496539
vn -0.9693705 -0.084247485 0.23070163
vn -0.10973054 0.0140923895 0.99386144
vn -0.60251784 0.08126331 0.79395753
vn -0.5454705 0.2745344 0.79189193
vn 0.0074702767 0.039280534 0.9992003
vn -0.016681936 0.36870384 0.9293972
vn -0.5630678 -0.0027179704 0.82640624
vn 0.04396742 -0.00253701 0.99902976
vn -0.002108087 0.00362111 0.99999124
vn 0.013668669 0.54544306 0.8380364
vn -0.1565285 0.8793806 0.4496539
vn 0.0076698903 0.5028438 0.8643433
vn -0.004377452 0.0033459761 0.9999848
vn 0.035530075 0.04330454 0.99842995
vn -0.09411683 0.8159044 0.5704753
vn 0.02206944 0.067277834 0.99749017
vn 0.7064459 -0.13575613 0.69462544
vn 0.31036764 0.8643698 0.39564726
vn 0.9891799 0.114746064 0.09141338
vn 0.6864438 -0.0177795 0.7269655
vn 0.73469406 0.31449223 0.60109836
vn 0.29900685 0.33336765 0.89412576
vn 0.023455614 0.4989893 0.8662906
vn 0.5342258 0.1761121 0.8267934
vn 0.42216903 0.22795746 0.8773874
vn 0.77508664 0.31726423 0.5464285
vn 0.7199396 0.67781913 0.14915822
vn 0.40393844 0.6910369 0.5994178
vn 0.37435457 0.74081945 0.5577143
vn 0.2588051 0.6603924 0.7049126
vn 0.12643446 0.6622386 0.7385488
vn 0.21505779 0.7704052 0.6001883
vn -0.11268029 0.501551 0.8577586
vn 0.95071024 -0.29213712 -0.103951484
vn 0.99849606 -0.054823462 -0.00024044026
vn 0.86666995 0.15102021 -0.4754746
vn 0.987148 0.15145306 -0.050998207
vn 0.78584516 0.19811067 0.58583236
vn 0.90895075 0.12349207 -0.3981938
vn 0.14220357 -0.95635563 0.25526866
vn 0.8963482 -0.39658508 0.19819246
vn 0.9620372 -0.10900251 -0.2502057
vn 0.42861268 -0.86609024 -0.25725248
vn 0.06759181 -0.88714665 -0.45651084
vn 0.9653425 -0.22586313 0.1307657
vn 0.6968529 -0.64675236 -0.31001198
vn -0.95674866 -0.064450055 -0.28368676
vn -0.10606936 0.10903483 -0.9883626
vn 0.89821535 0.06466177 0.4347736
vn 0.9517981 0.1926279 0.23869409
vn 0.8660157 -0.36587608 0.34081006
vn -0.6737554 -0.73723155 0.050430823
vn 0.9338265 0.103717946 0.34236044
vn -0.34536472 -0.43492982 -0.8316004
vn 0.89456195 0.3656446 -0.2570271
vn 0.922997 0.37599847 -0.08186382
vn 0.96004146 0.10890777 0.25779742
vn 0.7766982 0.4631334 -0.4269045
vn -0.6682532 -0.66715235 0.32915872
vn 0.83852583 0.2745236 -0.4706498
vn -0.16489494 0.05002176 0.98504186
vn 0.11994303 0.1657665 0.97884375
vn 0.30555072 -0.9519939 -0.018613106
vn -0.14920008 -0.75800455 -0.6349554
vn -0.73874927 0.663021 -0.121047944
vn -0.706049 0.7080072 0.014850437
vn 0.03138204 0.99849963 0.044874147
vn 0.043394446 0.9988685 0.01945884
vn 0.038865417 0.7199681 -0.69291806
vn -0.002164324 0.9981749 0.060350053
vn -0.12238078 0.17294134 -0.97729945
vn 0.007742913 0.99975365 0.020801589
vn -0.13609257 0.35467374 -0.9250326
vn -0.12732913 0.8248945 -0.5507598
vn 0.0813685 0.9752033 -0.20581001
vn -0.017744943 0.99956083 0.023732299
vn 0.17819563 0.7238758 -0.6665209
vn 0.54915184 0.8355925 0.014745912
vn 0.663602 0.74775857 0.022125527
vn -0.016491748 0.9996063 -0.022699717
vn 0.52273655 0.8470433 -0.09625097
vn 0.019968633 0.9997647 -0.008477182
vn -0.0026371228 0.99979895 -0.019875674
vn -0.8151576 0.5771691 -0.04892785
vn -0.1565285 0.8793806 0.4496539
vn 0.013668669 0.54544306 0.8380364
vn 0.0076698903 0.5028438 0.8643433
vn -0.09411683 0.8159044 0.5704753
vn 0.31036764 0.8643698 0.39564726
vn -0.30975503 -0.73749065 -0.60013276
vn 0.49955758 0.004243767 -0.8662703
vn 0.22441445 0.08615456 -0.97067785
vn -0.6937914 0.70069057 -0.16639182
vn -0.5041171 0.85161656 0.14357994
vn -0.30975503 -0.73749065 -0.60013276
vn 0.22441445 0.08615456 -0.97067785
vn -0.15497214 0.24545744 -0.95694005
vn 0.78584516 0.19811067 0.58583236
vn 0.04687795 0.10846489 -0.99299437
vn 0.90895075 0.12349207 -0.3981938
vn -0.1931976 0.26947176 -0.9434297
vn 0.0066325315 0.093456045 -0.9956013
vn 0.7642213 -0.12852131 -0.63201904
vn -0.15228614 -0.9190171 -0.363616
vn -0.14601499 -0.35371396 -0.9238864
vn -0.2900614 0.5368884 -0.7922217
vn -0.14250149 0.4583941 -0.8772504
vn -0.21405017 0.47771162 -0.8520411
vn -0.16101493 0.9044563 -0.39501008
vn 0.0071549257 -0.31281707 -0.9497864
vn 0.138948 0.022835469 -0.99003637
vn -0.42311883 0.51803064 -0.7433806
vn -0.13447241 0.27218097 -0.9528036
vn -0.867906 0.32812214 -0.37292767
vn -0.6688152 -0.26076284 -0.6961961
vn -0.88199234 0.3571937 -0.307412
vn -0.76308906 -0.19596775 -0.61586666
vn -0.9240225 0.3811556 0.030046541
vn -0.3295174 -0.22636119 -0.91661274
vn -0.25185648 -0.6151785 -0.7470768
vn -0.121234685 -0.19165885 -0.9739451
vn -0.54958075 -0.79804593 -0.24715109
vn 0.779492 -0.56149447 -0.27769804
vn -0.046177 -0.109153114 -0.9929518
vn -0.66419894 -0.62883687 -0.40423253
vn 0.10962053 -0.14123821 -0.98388773
vn -0.10691695 -0.82121575 -0.5605118
vn 0.28658277 -0.6792342 -0.67565614
vn 0.028560242 -0.79454315 -0.6065357
vn -0.6937914 0.70069057 -0.16639182
vn -0.5041171 0.85161656 0.14357994
vn 0.49955758 0.004243767 -0.8662703
vn -0.63476425 0.4579041 -0.62241316
vn 0.62644386 -0.37074965 -0.6856477
vn -0.30975503 -0.73749065 -0.60013276
vn -0.5041171 0.85161656 0.14357994
vn -0.63476425 0.4579041 -0.62241316
vn 0.45281538 -0.70277184 -0.5486985
vn -0.11941991 0.3577525 -0.926149
vn 0.62644386 -0.37074965 -0.6856477
vn -0.15497214 0.24545744 -0.95694005
vn -0.34419414 -0.12189812 -0.9309518
vn -0.017556911 -0.379428 -0.92505467
vn -0.16962679 0.09289616 -0.9811203
vn -0.562459 -0.43636328 -0.7023012
vn -0.3890526 0.22447051 -0.89344895
vn 0.62644386 -0.37074965 -0.6856477
vn -0.66330284 0.5547038 -0.5023277
vn -0.19063514 0.9363877 -0.29467988
vn 0.7427731 0.65780497 -0.124822825
vn -0.50690144 0.7035574 -0.49805415
vn 0.0039884225 0.9937626 0.11144484
vn 0.60324126 0.79751354 -0.008492159
vn 0.18382578 0.5266625 -0.82996064
vn -0.3890526 0.22447051 -0.89344895
vn -0.34419414 -0.12189812 -0.9309518
vn -0.22203214 0.90327895 -0.36713606
vn -0.9281323 0.1711584 0.330568
vn -0.78769374 0.054917034 -0.61361444
vn 0.045555495 0.07216751 -0.9963516
vn 0.021113496 0.8799481 -0.4746004
vn -0.12238078 0.17294134 -0.97729945
vn 0.038865417 0.7199681 -0.69291806
vn 0.017190538 0.06546819 -0.9977066
vn -0.13609257 0.35467374 -0.9250326
vn -0.06686428 -0.04060512 -0.9969355
vn 0.2129763 0.96349525 -0.16222821
vn -0.12732913 0.8248945 -0.5507598
vn -0.25456643 -0.74493754 -0.61665547
vn 0.047506206 -0.04047444 -0.9980506
vn 0.41001025 0.4827793 -0.77383184
vn 0.17512734 0.07536838 -0.9816568
vn 0.58067757 -0.04115172 -0.81309295
vn 0.7040012 0.6224673 0.34193102
vn 0.98121685 0.07616719 -0.17723462
vn 0.17819563 0.7238758 -0.6665209
vn 0.98244697 0.08024278 -0.16840148
vn 0.0813685 0.9752033 -0.20581001
vn 0.5613513 0.7739573 -0.29304397
vn 0.38891202 -0.9068613 -0.162327
vn -0.8834121 -0.3629628 -0.29637983
vn -0.30107403 -0.5256318 -0.79565424
vn 0.88972646 0.28846866 0.3537974
vn -0.92853326 -0.3266286 -0.17646462
vn -0.91763204 -0.18623634 -0.35109463
vn 0.22602932 0.15919885 0.9610236
vn -0.8941178 -0.23889898 -0.37878847
vn -0.62711346 -0.70475316 0.33174047
vn -0.34536472 -0.43492982 -0.8316004
vn 0.8021982 -0.31869748 0.50488615
vn -0.7652672 -0.532697 0.36138627
vn 0.89357144 -0.44617698 -0.049559478
vn -0.5920128 -0.07559879 -0.80237496
vn 0.5497355 -0.06741715 0.8326138
vn 0.43420872 0.51628774 0.73818004
vn -0.901689 -0.40268815 0.15747754
vn -0.8193383 -0.22996156 -0.52516896
vn 0.054192856 -0.78561777 0.6163342
vn 0.85760844 0.49315137 -0.14597763
vn 0.6780933 -0.58821833 -0.44066846
vn 0.8907962 -0.26056096 0.37227705
vn 0.62644386 -0.37074965 -0.6856477
vn 0.7857687 -0.3024096 0.5395517
vn 0.17827007 -0.79914653 -0.57409453
vn 0.9870835 -0.16020639 -0.0003424844
vn 0.45281538 -0.70277184 -0.5486985
vn -0.11941991 0.3577525 -0.926149
vn 0.5697512 -0.77320856 -0.2784459
vn 0.60324126 0.79751354 -0.008492159
vn 0.7857687 -0.3024096 0.5395517
vn 0.70832676 -0.6781789 -0.19582286
vn 0.6443386 -0.076686785 0.7608856
vn 0.8907962 -0.26056096 0.37227705
vn 0.9764039 0.20462617 0.0690186
vn 0.9870835 -0.16020639 -0.0003424844
vn 0.7427731 0.65780497 -0.124822825
vn 0.0039884225 0.9937626 0.11144484
vn -0.025976721 -0.9984355 0.04951492
vn 0.75157565 -0.53945065 -0.37964064
vn -0.22399779 -0.95866036 -0.17548601
vn 0.83396477 0.30834302 0.45763236
vn -0.2539131 -0.9570334 0.1400543
vn -0.8105735 -0.5823125 -0.062311247
vn -0.13371933 -0.98619956 0.09761976
vn -0.02162173 -0.96229136 -0.27116022
vn -0.36426702 0.7315952 0.57626206
vn -0.18613203 -0.9801622 -0.06809484
vn -0.104288146 -0.9307942 -0.35035148
vn -0.6018955 -0.7478653 -0.28003433
vn -0.10691695 -0.82121575 -0.5605118
vn -0.66419894 -0.62883687 -0.40423253
vn 0.16026299 -0.95497185 -0.24968882
vn 0.57166207 -0.78427637 0.24106658
vn -0.025976721 -0.9984355 0.04951492
vn 0.75157565 -0.53945065 -0.37964064
vn -0.1861124 -0.9818526 0.0364375
vn -0.42817086 -0.90310574 -0.032706685
vn -0.8105735 -0.5823125 -0.062311247
vn -0.2539131 -0.9570334 0.1400543
vn 0.28658277 -0.6792342 -0.67565614
vn -0.8461379 0.27180058 -0.45844862
vn -0.5426663 -0.8253762 0.15577985
vn -0.38836285 -0.8935149 0.22540069
vn -0.24741966 -0.7256375 0.6420543
vn -0.22399779 -0.95866036 -0.17548601
vn -0.30522722 -0.9514206 -0.040437642
vn -0.20099923 -0.9584337 0.20249484
vn -0.3187356 -0.9121957 0.2575007
vn -0.8209364 -0.57067776 0.019757729
vn 0.54770136 0.82462007 -0.14150941
vn -0.9016159 -0.42948064 -0.051333606
vn -0.54958075 -0.79804593 -0.24715109
vn -0.78911495 -0.5088692 0.34402
vn 0.41128492 -0.52998304 0.7415947
vn 0.9395262 -0.14153038 0.31186482
vn -0.13925232 -0.97433877 -0.17684105
vn -0.25185648 -0.6151785 -0.7470768
vn 0.779492 -0.56149447 -0.27769804
vn 0.58975554 -0.7540018 -0.28925723
vn 0.9395262 -0.14153038 0.31186482
vn -0.20099923 -0.9584337 0.20249484
vn 0.83396477 0.30834302 0.45763236
vn -0.41407207 0.24978444 -0.8753011
vn -0.8941178 -0.23889898 -0.37878847
vn -0.34536472 -0.43492982 -0.8316004
vn -0.3092485 0.42631048 -0.8500734
vn 0.51428515 0.5622725 -0.6475805
vn 0.75157565 -0.53945065 -0.37964064
vn -0.22058927 0.85901475 -0.46198925
vn 0.019773204 -0.26286092 0.9646311
vn -0.1468845 0.47018224 -0.87026066
vn 0.083120555 0.36939746 -0.9255466
vn -0.22399779 -0.95866036 -0.17548601
vn -0.39690393 0.24258852 -0.885222
vn 0.015586337 0.47365043 -0.880575
vn -0.61365324 0.22179666 -0.75778353
vn -0.0474964 0.99810994 -0.0389949
vn -0.7652672 -0.532697 0.36138627
vn -0.901689 -0.40268815 0.15747754
vn -0.054919653 0.921123 -0.385378
vn -0.09092402 -0.30046293 0.9494498
vn 0.17597069 0.7553556 -0.63124657
vn 0.7766982 0.4631334 -0.4269045
vn 0.34468317 0.85200304 -0.39406136
vn -0.88769245 0.44646078 -0.11258295
vn -0.37681112 0.86399937 -0.33394375
vn 0.11994303 0.1657665 0.97884375
vn -0.5653791 0.5363785 -0.62661356
vn -0.23902872 0.7646187 -0.5985178
vn -0.7376961 0.47728354 -0.47749853
vn -0.7148319 0.6983009 0.03729996
vn 0.20435745 -0.64453995 -0.7367539
vn -0.61575973 0.71194863 -0.3375931
vn -0.16489494 0.05002176 0.98504186
vn 0.18464364 0.8355983 0.5173802
vn 0.67017454 0.6425912 0.37140635
vn -0.64005315 0.76788735 -0.02609606
vn 0.26696962 0.96362936 -0.012066859
vn 0.08134773 -0.60191905 -0.79440296
vn -0.55536175 0.48188227 -0.6777631
vn 0.6780933 -0.58821833 -0.44066846
vn 0.62644386 -0.37074965 -0.6856477
vn -0.3890526 0.22447051 -0.89344895
vn -0.50690144 0.7035574 -0.49805415
vn 0.70832676 -0.6781789 -0.19582286
vn 0.5697512 -0.77320856 -0.2784459
vn 0.60324126 0.79751354 -0.008492159
vn 0.18382578 0.5266625 -0.82996064
vn -0.61575973 0.71194863 -0.3375931
vn 0.83852583 0.2745236 -0.4706498
vn 0.7766982 0.4631334 -0.4269045
vn -0.16489494 0.05002176 0.98504186
vn 0.8925431 -0.44460526 0.0754523
vn 0.30555072 -0.9519939 -0.018613106
vn 0.16136254 -0.98014474 0.115231924
vn 0.4105496 -0.36231312 -0.83676654
vn 0.6208497 -0.7824814 0.047628395
vn 0.007877359 -0.79757595 -0.6031671
vn 0.1724106 -0.9265667 0.3342884
vn -0.52849555 -0.8489109 0.006528944
vn -0.6691259 -0.35411844 -0.6533534
vn 0.29681486 0.8777206 -0.37617478
vn 0.38707545 0.88560045 0.25667968
vn 0.3656561 -0.872668 0.32364509
vn 0.106241725 0.95960444 -0.26052254
vn 0.25905693 -0.9543524 -0.14866413
vn 0.16015789 0.6730493 -0.7220486
vn 0.12328673 0.5831917 -0.8029245
vn -0.027138678 0.86213267 -0.5059553
vn 0.06769218 0.9970695 -0.035639685
vn -0.4322907 0.7948248 0.42588535
vn -0.36428136 0.868668 -0.33573046
vn -0.122514084 0.9882736 0.09113495
vn -0.85086656 -0.29054034 0.43773556
vn 0.3606582 0.8510154 0.3817047
vn -0.23730148 -0.24897608 0.93898827
vn 0.09955127 0.46170273 0.88143075
vn -0.05483247 -0.9984822 0.0051619317
vn 0.5399413 -0.813115 0.21750256
vn -0.6074929 -0.7390228 0.29120037
vn -0.901689 -0.40268815 0.15747754
vn -0.09092402 -0.30046293 0.9494498
vn 0.18231606 0.23420495 0.9549392
vn -0.61365324 0.22179666 -0.75778353
vn -0.3092485 0.42631048 -0.8500734
vn -0.7652672 -0.532697 0.36138627
vn -0.0474964 0.99810994 -0.0389949
vn -0.09092402 -0.30046293 0.9494498
vn 0.7766982 0.4631334 -0.4269045
vn -0.8941178 -0.23889898 -0.37878847
vn -0.16489494 0.05002176 0.98504186
vn 0.11994303 0.1657665 0.97884375
vn 0.18231606 0.23420495 0.9549392
vn 0.054192856 -0.78561777 0.6163342
vn -0.8193383 -0.22996156 -0.52516896
vn 0.30555072 -0.9519939 -0.018613106
vn 0.70775056 -0.70490044 -0.04695234
vn 0.7692194 -0.62373465 -0.13876826
vn -0.0202798 0.97882557 -0.20368916
vn 0.8355858 0.16081938 -0.52529377
vn 0.5548121 -0.75631344 -0.34666052
vn -0.335222 0.9257772 -0.17482212
vn -0.5653791 0.5363785 -0.62661356
vn -0.88765854 0.4561684 -0.0630291
vn -0.33242992 0.72764635 -0.6000176
vn -0.7376961 0.47728354 -0.47749853
vn 0.70775056 -0.70490044 -0.04695234
vn -0.0202798 0.97882557 -0.20368916
vn -0.5653791 0.5363785 -0.62661356
vn -0.8646433 0.069739856 -0.49752218
vn 0.5548121 -0.75631344 -0.34666052
vn -0.5653791 0.5363785 -0.62661356
vn -0.5653791 0.5363785 -0.62661356
vn -0.0202798 0.97882557 -0.20368916
vn -0.8646433 0.069739856 -0.49752218
vn -0.8646433 0.069739856 -0.49752218
vn -0.0202798 0.97882557 -0.20368916
vn -0.335222 0.9257772 -0.17482212
vn -0.33242992 0.72764635 -0.6000176
vn -0.88765854 0.4561684 -0.0630291
vn -0.64917195 0.7234962 -0.23479566
vn -0.5830703 0.7413895 -0.3322208
vn 0.8355858 0.16081938 -0.52529377
vn -0.5653791 0.5363785 -0.62661356
vn 0.18192595 -0.9495859 0.25532252
vn -0.88765854 0.4561684 -0.0630291
vn -0.5830703 0.7413895 -0.3322208
vn 0.8355858 0.16081938 -0.52529377
vn 0.47065416 -0.071884096 -0.87938464
vn 0.13860095 0.9849533 0.103232
vn -0.8646433 0.069739856 -0.49752218
vn -0.335222 0.9257772 -0.17482212
vn 0.70775056 -0.70490044 -0.04695234
vn -0.7376961 0.47728354 -0.47749853
vn 0.13860095 0.9849533 0.103232
vn 0.47065416 -0.071884096 -0.87938464
vn 0.18464364 0.8355983 0.5173802
vn 0.18464364 0.8355983 0.5173802
vn -0.61575973 0.71194863 -0.3375931
vn 0.13860095 0.9849533 0.103232
vn 0.20435745 -0.64453995 -0.7367539
vn 0.5548121 -0.75631344 -0.34666052
vn -0.7376961 0.47728354 -0.47749853
vn 0.6342526 -0.7512352 -0.18267262
vn 0.7134673 0.46632588 -0.5229767
vn 0.85115725 0.49479213 0.1752485
vn 0.7692194 -0.62373465 -0.13876826
vn 0.67017454 0.6425912 0.37140635
vn 0.78563064 -0.58327866 0.20632616
vn 0.9343092 -0.32069376 -0.15563379
vn 0.18464364 0.8355983 0.5173802
vn 0.3899962 0.88211423 0.26415431
vn 0.08134773 -0.60191905 -0.79440296
vn -0.55536175 0.48188227 -0.6777631
vn -0.256586 -0.9303468 -0.2619512
vn -0.8646433 0.069739856 -0.49752218
vn 0.88228285 0.45520613 -0.119851306
vn -0.88765854 0.4561684 -0.0630291
vn 0.6342526 -0.7512352 -0.18267262
vn 0.75308 -0.65143555 0.092207655
vn -0.59741735 0.74562895 -0.29517785
vn 0.016430426 -0.9930179 -0.11681362
vn 0.7692194 -0.62373465 -0.13876826
vn 0.88228285 0.45520613 -0.119851306
vn -0.4523611 0.52806157 0.71869355
vn -0.41654915 0.8739962 -0.25023472
vn 0.6342526 -0.7512352 -0.18267262
vn 0.75308 -0.65143555 0.092207655
vn -0.59741735 0.74562895 -0.29517785
vn 0.47065416 -0.071884096 -0.87938464
vn 0.18464364 0.8355983 0.5173802
vn -0.64917195 0.7234962 -0.23479566
vn 0.18192595 -0.9495859 0.25532252
vn 0.8355858 0.16081938 -0.52529377
vn 0.78563064 -0.58327866 0.20632616
vn -0.42572016 -0.8925929 -0.14845972
vn 0.30555072 -0.9519939 -0.018613106
vn 0.4105496 -0.36231312 -0.83676654
vn 0.85760844 0.49315137 -0.14597763
vn 0.007877359 -0.79757595 -0.6031671
vn -0.8193383 -0.22996156 -0.52516896
vn -0.5744388 0.014559431 -0.818418
vn 0.16474955 -0.54199815 -0.82407254
vn -0.6691259 -0.35411844 -0.6533534
vn -0.9243197 -0.316451 -0.21328835
vn -0.29685497 -0.8445276 -0.44570196
vn -0.52849555 -0.8489109 0.006528944
vn -0.4138378 -0.9101701 0.01813059
vn 0.67722875 0.15738198 0.71874344
vn 0.8925431 -0.44460526 0.0754523
vn -0.42572016 -0.8925929 -0.14845972
vn 0.85760844 0.49315137 -0.14597763
vn 0.67722875 0.15738198 0.71874344
vn 0.6208497 -0.7824814 0.047628395
vn 0.8925431 -0.44460526 0.0754523
vn 0.1724106 -0.9265667 0.3342884
vn 0.5154127 -0.1703517 0.83983934
vn 0.77458334 -0.21483432 0.5948671
vn 0.85760844 0.49315137 -0.14597763
vn 0.1751146 -0.7795178 0.6014041
vn 0.16474955 -0.54199815 -0.82407254
vn 0.18231606 0.23420495 0.9549392
vn -0.8193383 -0.22996156 -0.52516896
vn -0.901689 -0.40268815 0.15747754
vn 0.18192595 -0.9495859 0.25532252
vn 0.8355858 0.16081938 -0.52529377
vn 0.7692194 -0.62373465 -0.13876826
vn -0.5830703 0.7413895 -0.3322208
vn -0.64917195 0.7234962 -0.23479566
vn -0.88765854 0.4561684 -0.0630291
vn 0.18192595 -0.9495859 0.25532252
vn -0.5830703 0.7413895 -0.3322208
vn 0.17827007 -0.79914653 -0.57409453
vn 0.6780933 -0.58821833 -0.44066846
vn 0.60324126 0.79751354 -0.008492159
vn 0.5697512 -0.77320856 -0.2784459
vn 0.18382578 0.5266625 -0.82996064
vn 0.70832676 -0.6781789 -0.19582286
vn 0.17827007 -0.79914653 -0.57409453
vn 0.70832676 -0.6781789 -0.19582286
vn 0.7857687 -0.3024096 0.5395517
vn -0.88765854 0.4561684 -0.0630291
vn -0.4523611 0.52806157 0.71869355
vn 0.016430426 -0.9930179 -0.11681362
vn 0.13860095 0.9849533 0.103232
vn -0.97733396 0.19977024 0.07007295
vn -0.59741735 0.74562895 -0.29517785
vn -0.35979125 0.91233397 0.1954405
vn 0.7134673 0.46632588 -0.5229767
vn -0.44500583 -0.85492706 -0.26658875
vn -0.956115 -0.13380542 0.26065332
vn 0.3899962 0.88211423 0.26415431
vn -0.59741735 0.74562895 -0.29517785
vn -0.41654915 0.8739962 -0.25023472
vn 0.88228285 0.45520613 -0.119851306
vn -0.88765854 0.4561684 -0.0630291
vn -0.59741735 0.74562895 -0.29517785
vn -0.88765854 0.4561684 -0.0630291
vn 0.016430426 -0.9930179 -0.11681362
vn 0.6342526 -0.7512352 -0.18267262
vn 0.13860095 0.9849533 0.103232
vn 0.75308 -0.65143555 0.092207655
vn -0.97733396 0.19977024 0.07007295
vn 0.6342526 -0.7512352 -0.18267262
vn 0.48284027 -0.87167245 -0.083978795
vn 0.75308 -0.65143555 0.092207655
vn -0.35979125 0.91233397 0.1954405
vn 0.3899962 0.88211423 0.26415431
vn -0.97733396 0.19977024 0.07007295
vn 0.6342526 -0.7512352 -0.18267262
vn -0.35979125 0.91233397 0.1954405
vn 0.75308 -0.65143555 0.092207655
vn 0.13860095 0.9849533 0.103232
vn 0.78563064 -0.58327866 0.20632616
vn 0.75308 -0.65143555 0.092207655
vn 0.3899962 0.88211423 0.26415431
vn -0.44500583 -0.85492706 -0.26658875
vn 0.6342526 -0.7512352 -0.18267262
vn -0.44500583 -0.85492706 -0.26658875
vn 0.13860095 0.9849533 0.103232
vn 0.48284027 -0.87167245 -0.083978795
vn 0.6342526 -0.7512352 -0.18267262
vn -0.956115 -0.13380542 0.26065332
vn 0.3899962 0.88211423 0.26415431
vn 0.18464364 0.8355983 0.5173802
vn 0.78563064 -0.58327866 0.20632616
vn 0.7134673 0.46632588 -0.5229767
vn -0.24741966 -0.7256375 0.6420543
vn -0.22399779 -0.95866036 -0.17548601
vn 0.019773204 -0.26286092 0.9646311
vn -0.27596214 -0.27105525 0.9221572
vn 0.21892154 -0.19317639 0.9564289
vn -0.7160759 -0.18118382 0.6740977
vn -0.59027076 0.32127902 0.74051344
vn -0.38836285 -0.8935149 0.22540069
vn -0.4117213 0.14126198 0.9002948
vn -0.8599619 0.3310888 0.38838857
vn -0.6027085 0.48074636 0.63688725
vn -0.6191937 0.71809185 0.31771585
vn -0.11249885 -0.7879502 0.60537463
vn -0.29967985 -0.6441389 0.70375925
vn 0.047711615 -0.9052756 0.42213705
vn -0.88486737 -0.4632839 0.048762176
vn -0.012815287 -0.83807415 0.5454058
vn -0.50558233 -0.68844914 0.52002335
vn -0.2770555 -0.6419854 0.714909
vn 0.10353722 -0.62214637 0.77602446
vn -0.39856222 -0.64797693 0.64905626
vn -0.24807796 -0.7726206 0.58439255
vn -0.5334656 -0.43461898 0.72561747
vn -0.41069967 -0.46099043 0.7866471
vn -0.13192236 -0.07413745 0.9884837
vn 0.2159656 -0.31197923 0.9252177
vn -0.4308152 0.32068497 0.84353983
vn -0.16912934 -0.6941672 0.6996622
vn -0.6340243 -0.12015526 0.7639214
vn -0.33409134 -0.75988203 0.55763996
vn -0.702239 -0.3922132 0.5941626
vn -0.21108173 -0.51096267 0.83328366
vn -0.40028483 -0.53023756 0.747409
vn -0.2529923 -0.5862804 0.7695909
vn -0.7983111 -0.52635163 0.29266587
vn -0.92973596 -0.35431445 0.10026113
vn -0.30695805 -0.9516964 0.0071204994
vn -0.3986099 -0.89964104 0.17820266
vn 0.95193404 0.11085304 0.2855401
vn -0.9122733 -0.017308405 0.40921614
vn -0.89581984 -0.15030494 -0.41822872
vn 0.6585918 -0.006379465 0.75247335
vn -0.9854915 -0.15696898 -0.06455432
vn -0.5987314 0.7813407 0.17614603
vn -0.64005315 0.76788735 -0.02609606
vn 0.26696962 0.96362936 -0.012066859
vn -0.55536175 0.48188227 -0.6777631
vn -0.256586 -0.9303468 -0.2619512
vn -0.64005315 0.76788735 -0.02609606
vn -0.5987314 0.7813407 0.17614603
vn 0.9343092 -0.32069376 -0.15563379
vn 0.67017454 0.6425912 0.37140635
vn -0.55536175 0.48188227 -0.6777631
vn -0.256586 -0.9303468 -0.2619512
vn 0.08134773 -0.60191905 -0.79440296
vn 0.67017454 0.6425912 0.37140635
vn -0.5987314 0.7813407 0.17614603
vn -0.256586 -0.9303468 -0.2619512
vn -0.010974884 -0.93708235 -0.34893575
vn -0.023299139 -0.9761748 -0.21573135
vn 0.014745468 -0.9992551 0.03566216
vn -0.05268404 -0.9905244 -0.12682989
vn -0.60299534 -0.5356661 0.5911501
vn 0.1724106 -0.9265667 0.3342884
vn 0.5154127 -0.1703517 0.83983934
vn -0.52849555 -0.8489109 0.006528944
vn 0.1751146 -0.7795178 0.6014041
vn -0.7253837 -0.5594885 0.40098763
vn -0.9243197 -0.316451 -0.21328835
vn -0.4138378 -0.9101701 0.01813059
vn 0.20247188 0.91655 -0.3448786
vn -0.36208922 0.92338836 -0.12745701
vn -0.6848654 0.554371 0.47289762
vn -0.7036297 -0.29358256 0.64708155
vn 0.7702067 0.2916843 0.5671877
vn 0.7557886 0.65416634 -0.02915439
vn 0.15360071 0.66497403 -0.73090106
vn 0.62546575 0.71101165 -0.32133317
vn 0.62428766 0.48835844 -0.60973024
vn 0.44880983 0.58306533 -0.6772035
vn 0.5207782 -0.08696166 -0.84925133
vn 0.16168882 -0.49061903 -0.8562416
vn 0.25768813 0.38341808 -0.8868976
vn 0.62952507 0.7660902 0.12962988
vn 0.17597069 0.7553556 -0.63124657
vn -0.14576226 -0.078413196 -0.98620725
vn 0.43508026 -0.18515287 -0.881149
vn 0.11335258 0.6944189 -0.7105868
vn 0.33335793 0.8998135 -0.2814396
vn 0.20677824 0.9243774 -0.32057646
vn 0.49839622 -0.30255353 -0.81244236
vn 0.015586337 0.47365043 -0.880575
vn 0.5517049 0.1585222 -0.81883603
vn 0.37701496 0.9006746 -0.21597464
vn 0.7182777 -0.6336488 -0.28734362
vn 0.30314013 0.8393054 -0.45130086
vn 0.47456756 0.6445469 -0.5994538
vn 0.49839622 -0.30255353 -0.81244236
vn 0.20677824 0.9243774 -0.32057646
vn 0.33335793 0.8998135 -0.2814396
vn 0.25768813 0.38341808 -0.8868976
vn 0.015586337 0.47365043 -0.880575
vn 0.14739682 0.19454767 -0.9697553
vn 0.33154613 0.47520617 -0.8150192
vn 0.62952507 0.7660902 0.12962988
vn 0.44880983 0.58306533 -0.6772035
vn 0.41948327 0.3229719 -0.84836483
vn 0.092530355 0.098270655 -0.99084866
vn 0.34700516 0.5547147 -0.75622684
vn 0.29801598 0.72179794 -0.62465525
vn 0.40493163 0.47727776 -0.77989507
vn 0.72873527 0.44478545 -0.520683
vn 0.15648979 0.9739027 -0.16439112
vn 0.50434875 0.40382487 -0.76325476
vn 0.59058 0.55344665 -0.58729213
vn 0.7089411 0.3898773 -0.5877059
vn 0.65116507 0.69147474 -0.31280464
vn 0.747807 0.38261122 -0.5425802
vn 0.37334615 0.31969106 -0.87086755
vn 0.083120555 0.36939746 -0.9255466
vn 0.2757339 0.78430974 -0.55572385
vn -0.1468845 0.47018224 -0.87026066
vn 0.80270284 0.28376174 -0.52454495
vn 0.38570085 0.7435677 -0.54620683
vn 0.30314013 0.8393054 -0.45130086
vn 0.11335258 0.6944189 -0.7105868
vn 0.41948327 0.3229719 -0.84836483
vn 0.49839622 -0.30255353 -0.81244236
vn 0.25768813 0.38341808 -0.8868976
vn -0.38562682 -0.7007851 0.6001602
vn -0.14576226 -0.078413196 -0.98620725
vn 0.14739682 0.19454767 -0.9697553
vn 0.015586337 0.47365043 -0.880575
vn 0.62952507 0.7660902 0.12962988
vn 0.44880983 0.58306533 -0.6772035
vn -0.38562682 -0.7007851 0.6001602
vn 0.17597069 0.7553556 -0.63124657
vn 0.62952507 0.7660902 0.12962988
vn 0.25768813 0.38341808 -0.8868976
vn 0.08281871 -0.7268437 0.68179125
vn -0.4322907 0.7948248 0.42588535
vn 0.09955127 0.46170273 0.88143075
vn 0.06769218 0.9970695 -0.035639685
vn 0.009378199 -0.7500208 0.66134775
vn 0.30381873 -0.46588704 0.8310496
vn 0.3606582 0.8510154 0.3817047
vn -0.22207773 -0.9143732 0.33853075
vn -0.23730148 -0.24897608 0.93898827
vn -0.66419894 -0.62883687 -0.40423253
vn -0.6018955 -0.7478653 -0.28003433
vn -0.84325284 -0.5352505 -0.049311444
vn -0.121234685 -0.19165885 -0.9739451
vn -0.94962686 -0.29266545 -0.11205251
vn -0.26754048 -0.9510526 0.15466441
vn 0.86345446 -0.49305665 0.10649649
vn -0.93659925 0.26928306 -0.22420624
vn -0.9771453 -0.10325129 -0.1858124
vn -0.8105735 -0.5823125 -0.062311247
vn -0.42817086 -0.90310574 -0.032706685
vn -0.9656846 -0.21095753 -0.15149315
vn -0.8461379 0.27180058 -0.45844862
vn -0.9887521 -0.11851214 -0.09123678
vn 0.44727296 0.8050203 0.38972977
vn -0.9607256 -0.25750905 -0.10341861
vn -0.53385645 -0.8359141 0.1274556
vn -0.7668246 -0.5395444 0.34766632
vn -0.9416728 -0.3034627 -0.14547417
vn -0.77844185 -0.60747975 -0.15810335
vn 0.91298145 -0.35115144 -0.2077439
vn -0.2826499 -0.89690024 0.3401162
vn -0.88486737 -0.4632839 0.048762176
vn -0.50558233 -0.68844914 0.52002335
vn -0.39856222 -0.64797693 0.64905626
vn -0.9854915 -0.15696898 -0.06455432
vn -0.99324554 -0.110176854 0.03639135
vn -0.82966095 -0.39876825 -0.3907001
vn -0.97655416 0.17482978 -0.1256047
vn -0.7160759 -0.18118382 0.6740977
vn -0.8599619 0.3310888 0.38838857
vn -0.6027085 0.48074636 0.63688725
vn -0.5426663 -0.8253762 0.15577985
vn -0.38836285 -0.8935149 0.22540069
vn -0.5426663 -0.8253762 0.15577985
vn -0.97655416 0.17482978 -0.1256047
vn 0.78587526 0.30917063 -0.5355498
vn -0.93659925 0.26928306 -0.22420624
vn -0.6018955 -0.7478653 -0.28003433
vn -0.06326776 0.93604016 -0.34615892
vn 0.16026299 -0.95497185 -0.24968882
vn 0.8415619 0.54009545 -0.008393578
vn 0.83396477 0.30834302 0.45763236
vn -0.8105735 -0.5823125 -0.062311247
vn -0.22069271 -0.9168099 -0.33279762
vn -0.027138678 0.86213267 -0.5059553
vn 0.12328673 0.5831917 -0.8029245
vn -0.66472566 -0.048933633 -0.7454833
vn -0.38157973 -0.9153381 -0.12865886
vn -0.36428136 0.868668 -0.33573046
vn -0.85086656 -0.29054034 0.43773556
vn -0.2529923 -0.5862804 0.7695909
vn -0.2826499 -0.89690024 0.3401162
vn -0.21108173 -0.51096267 0.83328366
vn -0.39856222 -0.64797693 0.64905626
vn 0.95193404 0.11085304 0.2855401
vn -0.5334656 -0.43461898 0.72561747
vn 0.687789 0.6750958 -0.26681826
vn -0.65746886 -0.73014647 0.18606658
vn 0.91298145 -0.35115144 -0.2077439
vn 0.9676151 0.17737432 0.17960888
vn 0.9920144 0.05538993 0.11331091
vn 0.9755275 -0.063452974 0.2105226
vn 0.9621101 0.085708335 0.25884014
vn 0.9395262 -0.14153038 0.31186482
vn 0.8415619 0.54009545 -0.008393578
vn 0.83396477 0.30834302 0.45763236
vn 0.41128492 -0.52998304 0.7415947
vn 0.8182106 -0.08310456 0.5688805
vn 0.98300016 -0.020545995 0.18245138
vn 0.77222365 0.55128115 -0.31584764
vn 0.44727296 0.8050203 0.38972977
vn 0.9986863 0.046649422 0.021202242
vn 0.9168083 0.057661597 -0.39514259
vn 0.9496344 0.10476043 -0.29533005
vn 0.98743296 0.14473875 0.06345711
vn 0.78587526 0.30917063 -0.5355498
vn 0.72873527 0.44478545 -0.520683
vn 0.80270284 0.28376174 -0.52454495
vn 0.829922 0.556686 0.036471024
vn -0.26754048 -0.9510526 0.15466441
vn 0.86345446 -0.49305665 0.10649649
vn 0.98522675 0.15317784 0.07658184
vn 0.16026299 -0.95497185 -0.24968882
vn 0.58975554 -0.7540018 -0.28925723
vn 0.779492 -0.56149447 -0.27769804
vn -0.121234685 -0.19165885 -0.9739451
vn -0.77844185 -0.60747975 -0.15810335
vn 0.9986863 0.046649422 0.021202242
vn 0.77222365 0.55128115 -0.31584764
vn -0.7668246 -0.5395444 0.34766632
vn -0.4331185 -0.90129066 0.009138043
vn -0.12732913 0.8248945 -0.5507598
vn -0.39905646 0.8702751 -0.2887477
vn -0.25456643 -0.74493754 -0.61665547
vn -0.34795785 -0.8036791 0.4827269
vn 0.48638222 0.8667007 -0.110734746
vn -0.8958026 -0.27472863 0.34937352
vn 0.044909246 0.9000895 0.43338436
vn 0.23557825 0.9655447 -0.11057249
vn 0.5477696 0.8203266 0.16435544
vn 0.3434886 -0.8699591 -0.35381734
vn 0.047506206 -0.04047444 -0.9980506
vn -0.20099923 -0.9584337 0.20249484
vn -0.2539131 -0.9570334 0.1400543
vn 0.83396477 0.30834302 0.45763236
vn -0.16879523 -0.97842306 -0.119149104
vn -0.30410162 -0.9458628 0.113427155
vn -0.89533645 -0.08602149 0.43700448
vn -0.5142347 -0.85599256 0.053285554
vn -0.82966095 -0.39876825 -0.3907001
vn -0.53385645 -0.8359141 0.1274556
vn -0.62105376 -0.6514434 0.43579093
vn -0.7668246 -0.5395444 0.34766632
vn -0.9036488 -0.3973071 0.15989347
vn -0.6717121 -0.3686969 0.64254606
vn -0.93635845 -0.3369189 0.09858235
vn -0.910213 -0.39527988 -0.123556085
vn -0.49749368 -0.8338293 0.23922537
vn -0.41821706 -0.9041127 0.087605566
vn -0.40145418 0.6641836 0.6306304
vn -0.3116905 0.7582869 0.5725818
vn -0.9240225 0.3811556 0.030046541
vn -0.9339433 -0.31726122 0.16460642
vn -0.65746886 -0.73014647 0.18606658
vn -0.669526 -0.7423899 0.024335368
vn -0.7082612 -0.6893004 0.15241733
vn -0.77844185 -0.60747975 -0.15810335
vn 0.91298145 -0.35115144 -0.2077439
vn -0.980243 0.01172623 0.19744894
vn -0.87218976 0.19728778 -0.4476188
vn -0.08733883 0.9954521 -0.038039573
vn -0.91488457 0.29047012 0.2803807
vn -0.08733883 0.9954521 -0.038039573
vn -0.9240225 0.3811556 0.030046541
vn -0.3116905 0.7582869 0.5725818
vn -0.40145418 0.6641836 0.6306304
vn 0.44727296 0.8050203 0.38972977
vn 0.77222365 0.55128115 -0.31584764
vn -0.87218976 0.19728778 -0.4476188
vn -0.3116905 0.7582869 0.5725818
vn -0.89533645 -0.08602149 0.43700448
vn -0.30410162 -0.9458628 0.113427155
vn -0.41821706 -0.9041127 0.087605566
vn 0.44727296 0.8050203 0.38972977
vn -0.82966095 -0.39876825 -0.3907001
vn 0.8283563 -0.48014417 -0.28859553
vn 0.71901083 0.5293432 -0.45035455
vn 0.0071549257 -0.31281707 -0.9497864
vn 0.138948 0.022835469 -0.99003637
vn 0.9496344 0.10476043 -0.29533005
vn 0.78587526 0.30917063 -0.5355498
vn 0.26798984 0.08566039 -0.95960605
vn 0.84605396 0.26503444 -0.46254665
vn 0.9168083 0.057661597 -0.39514259
vn 0.16296484 -0.71473676 -0.68014246
vn 0.7989031 0.58466685 -0.14113304
vn 0.5709772 0.7662775 -0.29462495
vn 0.7989031 0.58466685 -0.14113304
vn 0.84605396 0.26503444 -0.46254665
vn 0.94959193 0.23791891 -0.20413175
vn 0.9304702 0.28031883 -0.23589508
vn 0.59727925 0.7635782 0.24536881
vn 0.5979439 0.8007911 -0.034593932
vn 0.81119186 0.4749146 -0.3412095
vn 0.5709772 0.7662775 -0.29462495
vn 0.54770136 0.82462007 -0.14150941
vn 0.9231762 0.24291019 -0.29789302
vn 0.82628536 0.51730853 -0.2228102
vn 0.94740486 0.20543078 -0.24540217
vn 0.60192937 0.78593946 -0.14135134
vn 0.9280967 0.27410114 -0.25200203
vn 0.91392094 0.041562356 0.4037587
vn -0.83136976 -0.11979255 0.54265463
vn 0.9399037 0.021128504 0.3407853
vn 0.95648795 0.2820618 0.07464577
vn 0.9465893 0.117527954 -0.30025965
vn 0.93713474 0.33859062 0.08446848
vn 0.44860885 0.8639881 0.22863667
vn 0.8372474 0.48960808 0.24351752
vn 0.92904335 0.2158807 0.3004563
vn 0.9364133 0.2623634 0.2330141
vn 0.6794475 0.50766695 0.5297409
vn 0.7040012 0.6224673 0.34193102
vn 0.98121685 0.07616719 -0.17723462
vn 0.9663423 0.25707683 0.009704512
vn 0.9942908 0.10611643 0.011183776
vn 0.99966514 -0.011339078 0.023260064
vn 0.99999106 0.0025933671 -0.003333774
vn 0.663602 0.74775857 0.022125527
vn 0.54915184 0.8355925 0.014745912
vn 0.52273655 0.8470433 -0.09625097
vn 0.9924503 0.12176961 0.0146464305
vn 0.7067626 0.2912675 0.6447091
vn 0.6864438 -0.0177795 0.7269655
vn 0.7064459 -0.13575613 0.69462544
vn 0.73469406 0.31449223 0.60109836
vn 0.9438972 0.33001754 -0.012106163
vn 0.98244697 0.08024278 -0.16840148
vn 0.58067757 -0.04115172 -0.81309295
vn 0.83450127 0.5495926 0.039440583
vn 0.7199396 0.67781913 0.14915822
vn 0.8476953 0.52610207 0.06803886
vn 0.7574468 0.6384685 -0.13650006
vn 0.77424353 0.62418294 -0.104606934
vn 0.72463566 0.6601713 0.19767934
vn 0.90185606 -0.40841758 0.1408927
vn 0.68311584 0.6618417 -0.30873674
vn 0.6715943 0.63334316 -0.38449642
vn 0.8086934 -0.54494137 -0.22148107
vn 0.71901083 0.5293432 -0.45035455
vn 0.30423307 -0.95131356 -0.049444344
vn 0.8050253 0.09163544 0.58612055
vn 0.77508664 0.31726423 0.5464285
vn 0.92956215 0.20420365 -0.30694473
vn 0.9891799 0.114746064 0.09141338
vn 0.17819563 0.7238758 -0.6665209
vn 0.8283563 -0.48014417 -0.28859553
vn 0.31036764 0.8643698 0.39564726
vn 0.6436474 0.7505017 -0.1498843
vn 0.92904335 0.2158807 0.3004563
vn 0.92632616 0.13508014 0.35167193
vn 0.7067626 0.2912675 0.6447091
vn 0.9296139 0.3407193 0.14045785
vn 0.9082813 0.41185334 0.07349739
vn 0.9364133 0.2623634 0.2330141
vn 0.6070243 -0.48522764 0.62934536
vn 0.9663423 0.25707683 0.009704512
vn 0.23871848 0.9541945 -0.18035074
vn 0.86424536 0.4719667 0.17414773
vn 0.9438972 0.33001754 -0.012106163
vn -0.5882079 0.37407932 0.71699107
vn -0.29801226 0.9542214 -0.02549874
vn 0.93910855 0.33568949 0.073400706
vn 0.9280967 0.27410114 -0.25200203
vn 0.95648795 0.2820618 0.07464577
vn 0.88421667 0.35793266 0.30007514
vn 0.9399037 0.021128504 0.3407853
vn 0.82628536 0.51730853 -0.2228102
vn -0.8209364 -0.57067776 0.019757729
vn 0.9465893 0.117527954 -0.30025965
vn 0.4868715 0.7463314 -0.45381233
vn 0.5299561 0.8478768 -0.015857918
vn 0.54770136 0.82462007 -0.14150941
vn 0.44860885 0.8639881 0.22863667
vn -0.6037615 0.609118 -0.5142445
vn 0.41366333 0.87505263 -0.25132757
vn -0.44944698 0.66740274 0.5937769
vn 0.5477696 0.8203266 0.16435544
vn -0.42568827 0.78631765 0.44776562
vn 0.34850445 -0.71735704 -0.6032773
vn 0.76639956 -0.6178563 -0.17574218
vn -0.3118267 0.8418936 0.44043076
vn 0.38250512 -0.83180696 -0.4022276
vn 0.5246453 -0.75891215 -0.38574558
vn 0.76639956 -0.6178563 -0.17574218
vn -0.44944698 0.66740274 0.5937769
vn 0.48427102 0.8437725 -0.23136465
vn -0.6037615 0.609118 -0.5142445
vn 0.48427102 0.8437725 -0.23136465
vn 0.41366333 0.87505263 -0.25132757
vn 0.76639956 -0.6178563 -0.17574218
vn 0.5246453 -0.75891215 -0.38574558
vn -0.42568827 0.78631765 0.44776562
vn 0.34850445 -0.71735704 -0.6032773
vn 0.34850445 -0.71735704 -0.6032773
vn 0.38250512 -0.83180696 -0.4022276
vn 0.5246453 -0.75891215 -0.38574558
vn -0.3118267 0.8418936 0.44043076
vn -0.44944698 0.66740274 0.5937769
vn 0.5477696 0.8203266 0.16435544
vn 0.48427102 0.8437725 -0.23136465
vn 0.77222365 0.55128115 -0.31584764
vn 0.687789 0.6750958 -0.26681826
vn -0.7668246 -0.5395444 0.34766632
vn -0.7082612 -0.6893004 0.15241733
vn -0.7082612 -0.6893004 0.15241733
vn 0.687789 0.6750958 -0.26681826
vn -0.77844185 -0.60747975 -0.15810335
vn 0.9986863 0.046649422 0.021202242
vn 0.16296484 -0.71473676 -0.68014246
vn 0.98300016 -0.020545995 0.18245138
vn 0.9168083 0.057661597 -0.39514259
vn -0.732972 -0.514696 0.44479215
vn -0.5238671 -0.7461928 -0.41080362
vn -0.8005531 -0.5336683 -0.27260384
vn -0.3986099 -0.89964104 0.17820266
vn -0.30695805 -0.9516964 0.0071204994
vn -0.7983111 -0.52635163 0.29266587
vn -0.7093137 -0.49442297 -0.5024142
vn -0.92973596 -0.35431445 0.10026113
vn -0.87218976 0.19728778 -0.4476188
vn -0.36423922 -0.3846709 -0.8481498
vn -0.000924136 -0.98882926 -0.14904982
vn -0.51435274 -0.586633 0.62554216
vn 0.4482196 -0.3259863 -0.8323654
vn -0.96031564 -0.260282 -0.10023545
vn -0.89581984 -0.15030494 -0.41822872
vn -0.29433757 -0.945717 0.1377855
vn -0.8050954 -0.5853811 -0.09565795
vn -0.04449659 -0.99714816 -0.060955975
vn -0.702239 -0.3922132 0.5941626
vn 0.15648979 0.9739027 -0.16439112
vn 0.72873527 0.44478545 -0.520683
vn 0.95193404 0.11085304 0.2855401
vn -0.3986099 -0.89964104 0.17820266
vn 0.212846 0.918758 0.3325363
vn 0.7989031 0.58466685 -0.14113304
vn 0.61809784 0.77939457 -0.10246528
vn 0.59058 0.55344665 -0.58729213
vn 0.6442032 0.66515374 0.37758803
vn 0.8324999 0.5011692 -0.23616369
vn 0.5512316 0.8075533 0.209765
vn 0.59727925 0.7635782 0.24536881
vn 0.7545274 0.6486781 -0.099524505
vn 0.43330097 0.8981797 0.07432026
vn 0.35101932 0.93543106 0.04188256
vn 0.5979439 0.8007911 -0.034593932
vn 0.17364074 0.96877056 -0.17700976
vn 0.6348885 0.7467711 -0.19811481
vn 0.81119186 0.4749146 -0.3412095
vn 0.60192937 0.78593946 -0.14135134
vn 0.7483807 0.6415399 0.16838321
vn 0.3396651 0.7624667 0.55070144
vn 0.8219182 0.5613035 -0.096895985
vn 0.29801598 0.72179794 -0.62465525
vn 0.16296484 -0.71473676 -0.68014246
vn 0.10405909 -0.9943941 0.018764032
vn 0.49249122 0.8212289 0.2881588
vn 0.23362806 -0.9713224 0.044166457
vn 0.687031 0.38034704 0.6191321
vn 0.8606987 0.39252126 0.32422954
vn 0.79053056 0.5575923 0.25328293
vn 0.051425915 0.99797297 -0.037487175
vn -0.49633577 0.3508261 0.79408556
vn 0.598251 0.77468306 -0.20484605
vn 0.43602273 -0.8928238 -0.112915054
vn 0.46782807 0.8713153 -0.14814366
vn 0.36626273 -0.93050563 0.0032953278
vn -0.5676793 0.7023954 0.42939597
vn 0.138948 0.022835469 -0.99003637
vn 0.71901083 0.5293432 -0.45035455
vn 0.8086934 -0.54494137 -0.22148107
vn -0.10469203 -0.9901689 -0.092763446
vn -0.21450248 0.9216429 -0.3233621
vn -0.7158977 0.68956304 -0.109514095
vn -0.92992127 0.2612948 -0.2587884
vn -0.96941346 0.18718417 0.15874396
vn -0.16870353 0.98087513 -0.09707282
vn 0.6035017 -0.57806194 0.54920864
vn -0.03137605 -0.97314006 -0.22806574
vn -0.44163752 0.89110285 0.10436453
vn -0.4776502 0.8403496 -0.2562476
vn -0.976234 -0.21503241 -0.026985593
vn 0.0877763 0.9311664 0.35387066
vn -0.83967596 -0.53466517 -0.09527587
vn 0.32237586 -0.91195476 -0.2537957
vn -0.0009873349 -0.9979306 -0.064293005
vn -0.8909523 -0.22516137 0.394343
vn -0.07813297 0.97497374 -0.20813814
vn -0.79408944 0.23841277 -0.5590897
vn -0.40926564 -0.91070795 -0.055791758
vn -0.5676793 0.7023954 0.42939597
vn 0.138948 0.022835469 -0.99003637
vn -0.9483463 -0.09924737 -0.30131245
vn -0.0009873349 -0.9979306 -0.064293005
vn -0.07813297 0.97497374 -0.20813814
vn 0.0877763 0.9311664 0.35387066
vn -0.976234 -0.21503241 -0.026985593
vn 0.8182106 -0.08310456 0.5688805
vn 0.98300016 -0.020545995 0.18245138
vn -0.732972 -0.514696 0.44479215
vn 0.41128492 -0.52998304 0.7415947
vn -0.78911495 -0.5088692 0.34402
vn -0.94941145 -0.19441937 0.24661519
vn -0.8005531 -0.5336683 -0.27260384
vn -0.92311996 -0.19874662 0.32916465
vn -0.3187356 -0.9121957 0.2575007
vn -0.980243 0.01172623 0.19744894
vn -0.87218976 0.19728778 -0.4476188
vn -0.8209364 -0.57067776 0.019757729
vn 0.82628536 0.51730853 -0.2228102
vn -0.9016159 -0.42948064 -0.051333606
vn -0.99790263 -0.031582862 -0.056505095
vn -0.91488457 0.29047012 0.2803807
vn -0.95024496 -0.14551806 -0.27542514
vn -0.88199234 0.3571937 -0.307412
vn -0.54958075 -0.79804593 -0.24715109
vn -0.6688152 -0.26076284 -0.6961961
vn -0.867906 0.32812214 -0.37292767
vn -0.9240225 0.3811556 0.030046541
vn -0.08733883 0.9954521 -0.038039573
vn 0.11335258 0.6944189 -0.7105868
vn 0.092530355 0.098270655 -0.99084866
vn 0.41948327 0.3229719 -0.84836483
vn 0.33335793 0.8998135 -0.2814396
vn 0.092530355 0.098270655 -0.99084866
vn 0.20677824 0.9243774 -0.32057646
vn 0.44880983 0.58306533 -0.6772035
vn 0.33335793 0.8998135 -0.2814396
vn 0.41948327 0.3229719 -0.84836483
vn 0.747807 0.38261122 -0.5425802
vn 0.30314013 0.8393054 -0.45130086
vn 0.092530355 0.098270655 -0.99084866
vn 0.0877763 0.9311664 0.35387066
vn 0.16383979 -0.98027366 0.11054444
vn 0.6035017 -0.57806194 0.54920864
vn -0.0009873349 -0.9979306 -0.064293005
vn -0.76308906 -0.19596775 -0.61586666
vn 0.0071549257 -0.31281707 -0.9497864
vn -0.21405017 0.47771162 -0.8520411
vn -0.6917707 -0.39019492 -0.60761935
vn -0.9483463 -0.09924737 -0.30131245
vn -0.9240225 0.3811556 0.030046541
vn -0.910213 -0.39527988 -0.123556085
vn -0.49749368 -0.8338293 0.23922537
vn -0.79408944 0.23841277 -0.5590897
vn -0.83967596 -0.53466517 -0.09527587
vn -0.93635845 -0.3369189 0.09858235
vn -0.96941346 0.18718417 0.15874396
vn -0.9036488 -0.3973071 0.15989347
vn -0.8909523 -0.22516137 0.394343
vn -0.7158977 0.68956304 -0.109514095
vn -0.92992127 0.2612948 -0.2587884
vn -0.9339433 -0.31726122 0.16460642
vn 0.13934858 0.9898987 0.026125686
vn 0.4868715 0.7463314 -0.45381233
vn 0.2801563 0.9550578 -0.096835226
vn 0.44860885 0.8639881 0.22863667
vn -0.36423922 -0.3846709 -0.8481498
vn -0.65746886 -0.73014647 0.18606658
vn 0.77222365 0.55128115 -0.31584764
vn -0.669526 -0.7423899 0.024335368
vn -0.87218976 0.19728778 -0.4476188
vn -0.07953458 -0.7600623 -0.6449648
vn 0.4482196 -0.3259863 -0.8323654
vn 0.094577715 0.14837684 -0.98439795
vn 0.24060486 -0.5345156 -0.8101866
vn 0.9362794 -0.3055256 -0.17330608
vn -0.74444956 -0.5203219 -0.4184017
vn 0.28727582 -0.95505255 0.07312477
vn -0.3187356 -0.9121957 0.2575007
vn -0.92311996 -0.19874662 0.32916465
vn 0.82628536 0.51730853 -0.2228102
vn 0.54770136 0.82462007 -0.14150941
vn -0.92992127 0.2612948 -0.2587884
vn -0.06733856 -0.9976984 0.007963692
vn -0.10469203 -0.9901689 -0.092763446
vn -0.45996475 -0.46881256 0.754087
vn -0.9483463 -0.09924737 -0.30131245
vn -0.5676793 0.7023954 0.42939597
vn 0.0071549257 -0.31281707 -0.9497864
vn -0.49633577 0.3508261 0.79408556
vn -0.5882079 0.37407932 0.71699107
vn 0.687031 0.38034704 0.6191321
vn 0.6070243 -0.48522764 0.62934536
vn 0.8283563 -0.48014417 -0.28859553
vn 0.9438972 0.33001754 -0.012106163
vn 0.7878666 -0.3726395 0.49031222
vn -0.06733856 -0.9976984 0.007963692
vn -0.92992127 0.2612948 -0.2587884
vn -0.9339433 -0.31726122 0.16460642
vn 0.5299561 0.8478768 -0.015857918
vn 0.44860885 0.8639881 0.22863667
vn 0.9465893 0.117527954 -0.30025965
vn -0.669526 -0.7423899 0.024335368
vn -0.07953458 -0.7600623 -0.6449648
vn -0.06733856 -0.9976984 0.007963692
vn -0.9339433 -0.31726122 0.16460642
vn -0.669526 -0.7423899 0.024335368
vn -0.06733856 -0.9976984 0.007963692
vn -0.000924136 -0.98882926 -0.14904982
vn 0.9362794 -0.3055256 -0.17330608
vn 0.4482196 -0.3259863 -0.8323654
vn 0.28727582 -0.95505255 0.07312477
vn -0.28543112 -0.75506914 0.59025395
vn -0.51435274 -0.586633 0.62554216
vn -0.64286757 -0.2994454 0.70502037
vn -0.29433757 -0.945717 0.1377855
vn -0.53044814 -0.83821356 0.12658128
vn -0.25349146 -0.94995433 0.18256184
vn 0.034717645 -0.9967204 0.07309691
vn 0.08921359 -0.9880004 0.1260799
vn -0.04193306 -0.98250824 -0.1814363
vn 0.37701496 0.9006746 -0.21597464
vn 0.47456756 0.6445469 -0.5994538
vn 0.65116507 0.69147474 -0.31280464
vn 0.7182777 -0.6336488 -0.28734362
vn -0.04449659 -0.99714816 -0.060955975
vn 0.81885296 0.4435065 -0.36439234
vn 0.7089411 0.3898773 -0.5877059
vn 0.92271405 0.021131845 -0.38490543
vn 0.7545274 0.6486781 -0.099524505
vn 0.8324999 0.5011692 -0.23616369
vn 0.36626273 -0.93050563 0.0032953278
vn 0.8219182 0.5613035 -0.096895985
vn 0.46782807 0.8713153 -0.14814366
vn 0.598251 0.77468306 -0.20484605
vn 0.6348885 0.7467711 -0.19811481
vn 0.35101932 0.93543106 0.04188256
vn 0.79053056 0.5575923 0.25328293
vn 0.7483807 0.6415399 0.16838321
vn 0.59058 0.55344665 -0.58729213
vn 0.61809784 0.77939457 -0.10246528
vn 0.88421667 0.35793266 0.30007514
vn 0.95648795 0.2820618 0.07464577
vn 0.7067626 0.2912675 0.6447091
vn 0.9399037 0.021128504 0.3407853
vn 0.92632616 0.13508014 0.35167193
vn 0.91392094 0.041562356 0.4037587
vn 0.93910855 0.33568949 0.073400706
vn -0.83136976 -0.11979255 0.54265463
vn 0.93910855 0.33568949 0.073400706
vn 0.2036018 0.9734 0.105065666
vn 0.6462245 -0.71926874 0.2550418
vn 0.10822965 -0.9899983 0.09049743
vn -0.83136976 -0.11979255 0.54265463
vn 0.2036018 0.9734 0.105065666
vn -0.72248644 -0.38440502 0.57467043
vn 0.6462245 -0.71926874 0.2550418
vn -0.19635625 0.9803967 0.016327819
vn 0.93910855 0.33568949 0.073400706
vn -0.9782131 -0.20016392 -0.05507853
vn -0.29801226 0.9542214 -0.02549874
vn -0.44123855 -0.89323086 -0.08629701
vn 0.24060486 -0.5345156 -0.8101866
vn 0.28727582 -0.95505255 0.07312477
vn -0.74444956 -0.5203219 -0.4184017
vn -0.28543112 -0.75506914 0.59025395
vn -0.88819486 -0.4474742 0.1042916
vn -0.64286757 -0.2994454 0.70502037
vn -0.53044814 -0.83821356 0.12658128
vn -0.50305504 0.8164226 -0.283531
vn -0.5882079 0.37407932 0.71699107
vn 0.7878666 -0.3726395 0.49031222
vn 0.23871848 0.9541945 -0.18035074
vn 0.98885554 -0.12516733 0.08060933
vn -0.29801226 0.9542214 -0.02549874
vn 0.27798674 0.7231537 0.6322753
vn -0.83136976 -0.11979255 0.54265463
vn 0.3396651 0.7624667 0.55070144
vn 0.60192937 0.78593946 -0.14135134
vn 0.1858869 -0.7662359 0.6150843
vn 0.69173545 -0.7138296 0.10931319
vn 0.5708676 -0.58401626 0.577092
vn 0.21029645 -0.08231905 0.9741658
vn 0.2636734 -0.763084 0.590067
vn 0.4421247 -0.8902713 -0.109283134
vn 0.2762209 -0.78000283 -0.56151366
vn 0.25137332 -0.9486884 0.19183803
vn 0.056774326 -0.41532308 -0.9079006
vn -0.22087888 -0.96218836 -0.15939277
vn -0.0028856131 -0.8455608 -0.53387135
vn 0.13908988 -0.6531434 0.7443505
vn -0.11413269 -0.8205683 0.56003696
vn 0.05690918 -0.28922185 0.95556897
vn -0.027495794 -0.24414228 0.96934956
vn 0.21394315 -0.45561054 -0.8640876
vn 0.89885837 0.056014072 -0.43464473
vn 0.16382983 -0.15137802 -0.9748048
vn 0.98885554 -0.12516733 0.08060933
vn 0.7878666 -0.3726395 0.49031222
vn 0.687031 0.38034704 0.6191321
vn -0.50305504 0.8164226 -0.283531
vn 0.49249122 0.8212289 0.2881588
vn 0.27798674 0.7231537 0.6322753
vn 0.8450214 0.09766648 0.52573764
vn 0.3396651 0.7624667 0.55070144
vn 0.79053056 0.5575923 0.25328293
vn 0.7483807 0.6415399 0.16838321
vn -0.72248644 -0.38440502 0.57467043
vn 0.10822965 -0.9899983 0.09049743
vn 0.6462245 -0.71926874 0.2550418
vn -0.9782131 -0.20016392 -0.05507853
vn -0.83136976 -0.11979255 0.54265463
vn -0.29801226 0.9542214 -0.02549874
vn -0.9122733 -0.017308405 0.40921614
vn -0.702239 -0.3922132 0.5941626
vn -0.8050954 -0.5853811 -0.09565795
vn -0.89581984 -0.15030494 -0.41822872
vn -0.96031564 -0.260282 -0.10023545
vn -0.07953458 -0.7600623 -0.6449648
vn 0.094577715 0.14837684 -0.98439795
vn -0.72407544 -0.6121569 -0.31777146
vn -0.74444956 -0.5203219 -0.4184017
vn -0.88819486 -0.4474742 0.1042916
vn -0.53044814 -0.83821356 0.12658128
vn -0.24827823 0.90945256 -0.33354753
vn 0.7712506 0.21507019 -0.5990971
vn -0.13835937 0.6198633 -0.7724158
vn 0.36506948 0.12140897 -0.92302984
vn 0.98880184 -0.0565534 -0.13810393
vn 0.89885837 0.056014072 -0.43464473
vn 0.7719064 -0.052592237 0.6335571
vn 0.21394315 -0.45561054 -0.8640876
vn 0.760331 -0.16506216 0.6282128
vn 0.89182293 0.24602942 -0.37963322
vn 0.7539568 -0.40168723 0.5198043
vn 0.8216833 -0.5518513 0.14246649
vn 0.37768215 -0.035954423 0.925237
vn 0.6234174 -0.3583112 -0.69495606
vn 0.43615425 -0.6173171 -0.6547435
vn 0.43447495 -0.9004029 0.02249763
vn 0.29235247 -0.4513166 0.84311527
vn 0.36506948 0.12140897 -0.92302984
vn -0.24827823 0.90945256 -0.33354753
vn -0.10912513 0.36469963 -0.92470855
vn 0.6234174 -0.3583112 -0.69495606
vn 0.43615425 -0.6173171 -0.6547435
vn 0.98880184 -0.0565534 -0.13810393
vn 0.74595004 0.010132465 -0.66592485
vn 0.383735 0.70367837 -0.5979834
vn 0.79317963 -0.57762843 -0.19290264
vn 0.43447495 -0.9004029 0.02249763
vn 0.9904244 0.136599 -0.020004792
vn 0.7977769 -0.5021948 0.3336951
vn 0.61776286 0.23597519 0.75012314
vn 0.38382402 0.86759084 0.31617287
vn -0.49391374 0.011067873 -0.86944044
vn -0.79245263 -0.30446333 0.5285082
vn -0.88916236 0.21296822 0.40501216
vn -0.5438798 -0.6295687 -0.55483156
vn -0.44970477 0.30629194 -0.8390178
vn -0.5778735 0.47492516 0.663708
vn -0.19823647 0.66173345 -0.7230568
vn 0.22753792 -0.5670279 0.7916475
vn 0.5307094 -0.17616482 -0.82904375
vn 0.4593961 0.030118054 -0.88772076
vn -0.49391374 0.011067873 -0.86944044
vn -0.5438798 -0.6295687 -0.55483156
vn -0.44970477 0.30629194 -0.8390178
vn -0.19823647 0.66173345 -0.7230568
vn 0.88185716 0.24668992 -0.40183583
vn 0.5330251 0.5164492 0.6701973
vn 0.8998483 -0.2522186 -0.35589167
vn -0.79245263 -0.30446333 0.5285082
vn 0.1989713 -0.08756217 0.9760857
vn -0.88916236 0.21296822 0.40501216
vn 0.22753792 -0.5670279 0.7916475
vn -0.5778735 0.47492516 0.663708
vn 0.4427905 -0.20825905 0.87210363
vn 0.5330251 0.5164492 0.6701973
vn -0.19823647 0.66173345 -0.7230568
vn 0.9814183 -0.014057648 0.19136485
vn 0.1989713 -0.08756217 0.9760857
vn 0.22753792 -0.5670279 0.7916475
vn 0.89669967 -0.3621222 0.254553
vn 0.8998483 -0.2522186 -0.35589167
vn -0.5438798 -0.6295687 -0.55483156
vn 0.4593961 0.030118054 -0.88772076
vn 0.5307094 -0.17616482 -0.82904375
vn 0.4427905 -0.20825905 0.87210363
vn 0.5330251 0.5164492 0.6701973
vn 0.88185716 0.24668992 -0.40183583
vn -0.8333315 -0.51651615 -0.19690007
vn -0.20853265 0.24427105 0.9470194
vn -0.7840542 0.5932962 -0.18236947
vn -0.8405084 -0.3003036 -0.4509583
vn 0.35553804 0.9307055 0.08590712
vn 0.84909266 0.5155104 -0.11528531
vn 0.46770775 0.12584828 0.8748781
vn -0.77797544 -0.049388077 0.6263505
vn -0.4003073 0.19581461 0.89521545
vn 0.6965618 -0.45437038 0.55529195
vn 0.10287841 -0.82974744 0.5485756
vn -0.86924696 -0.001656034 0.49437538
vn -0.2618427 -0.24977411 -0.9322292
vn -0.86924696 -0.001656034 0.49437538
vn -0.80504537 0.5922714 -0.03341466
vn 0.10287841 -0.82974744 0.5485756
vn -0.4003073 0.19581461 0.89521545
vn -0.786722 0.3181539 -0.5290053
vn -0.77797544 -0.049388077 0.6263505
vn -0.8405084 -0.3003036 -0.4509583
vn -0.20853265 0.24427105 0.9470194
vn -0.8333315 -0.51651615 -0.19690007
vn -0.7840542 0.5932962 -0.18236947
vn 0.003742311 0.011377796 -0.9999283
vn 0.35553804 0.9307055 0.08590712
vn -0.8405084 -0.3003036 -0.4509583
vn 0.19742148 0.021802988 -0.9800762
vn 0.84909266 0.5155104 -0.11528531
vn -0.786722 0.3181539 -0.5290053
vn -0.2618427 -0.24977411 -0.9322292
vn 0.6542177 -0.6268886 -0.4230956
vn -0.80504537 0.5922714 -0.03341466
vn 0.9804812 -0.16636486 -0.10478234
vn 0.6542177 -0.6268886 -0.4230956
vn 0.10287841 -0.82974744 0.5485756
vn -0.2618427 -0.24977411 -0.9322292
vn 0.6965618 -0.45437038 0.55529195
vn 0.9804812 -0.16636486 -0.10478234
vn 0.19742148 0.021802988 -0.9800762
vn 0.46770775 0.12584828 0.8748781
vn 0.84909266 0.5155104 -0.11528531
vn -0.4776502 0.8403496 -0.2562476
vn -0.5676793 0.7023954 0.42939597
vn -0.9483463 -0.09924737 -0.30131245
usemtl material_0
f 1/1/1 2/2/2 3/3/3
f 5/5/5 1/1/1 3/3/3
f 2/2/2 1/1/1 4/4/4
f 8/8/8 2/2/2 4/4/4
f 4/4/4 1/1/1 5/5/5
f 61/61/61 58/58/58 60/60/60
f 60/60/60 62/62/62 61/61/61
f 55/55/55 57/57/57 56/56/56
f 55/55/55 56/56/56 54/54/54
f 58/58/58 55/55/55 52/52/52
f 60/60/60 58/58/58 59/59/59
f 57/57/57 10/10/10 9/9/9
f 57/57/57 9/9/9 56/56/56
f 6/6/6 8/8/8 4/4/4
f 52/52/52 55/55/55 54/54/54
f 9/9/9 10/10/10 8/8/8
f 53/53/53 58/58/58 52/52/52
f 9/9/9 8/8/8 6/6/6
f 4/4/4 5/5/5 6/6/6
f 13/13/13 6/6/6 14/14/14
f 7/7/7 5/5/5 43/43/43
f 9/9/9 12/12/12 56/56/56
f 7/7/7 43/43/43 42/42/42
f 16/16/16 13/13/13 14/14/14
f 54/54/54 56/56/56 22/22/22
f 6/6/6 5/5/5 7/7/7
f 11/11/11 9/9/9 6/6/6
f 11/11/11 6/6/6 13/13/13
f 59/59/59 58/58/58 51/51/51
f 14/14/14 6/6/6 7/7/7
f 11/11/11 13/13/13 15/15/15
f 12/12/12 22/22/22 56/56/56
f 51/51/51 58/58/58 53/53/53
f 15/15/15 13/13/13 16/16/16
f 50/50/50 52/52/52 45/45/45
f 50/50/50 53/53/53 52/52/52
f 7/7/7 42/42/42 14/14/14
f 52/52/52 22/22/22 45/45/45
f 16/16/16 14/14/14 18/18/18
f 15/15/15 16/16/16 18/18/18
f 49/49/49 50/50/50 45/45/45
f 53/53/53 50/50/50 51/51/51
f 42/42/42 41/41/41 14/14/14
f 14/14/14 41/41/41 18/18/18
f 22/22/22 52/52/52 54/54/54
f 18/18/18 41/41/41 40/40/40
f 49/49/49 51/51/51 50/50/50
f 9/9/9 11/11/11 12/12/12
f 17/17/17 15/15/15 18/18/18
f 38/38/38 18/18/18 40/40/40
f 44/44/44 45/45/45 22/22/22
f 19/19/19 12/12/12 11/11/11
f 11/11/11 15/15/15 17/17/17
f 19/19/19 11/11/11 17/17/17
f 12/12/12 19/19/19 22/22/22
f 49/49/49 45/45/45 44/44/44
f 44/44/44 22/22/22 21/21/21
f 27/27/27 38/38/38 40/40/40
f 20/20/20 19/19/19 17/17/17
f 47/47/47 49/49/49 44/44/44
f 22/22/22 19/19/19 21/21/21
f 47/47/47 44/44/44 46/46/46
f 38/38/38 27/27/27 23/23/23
f 21/21/21 19/19/19 20/20/20
f 21/21/21 20/20/20 23/23/23
f 46/46/46 44/44/44 21/21/21
f 26/26/26 23/23/23 27/27/27
f 24/24/24 21/21/21 23/23/23
f 23/23/23 26/26/26 24/24/24
f 24/24/24 26/26/26 28/28/28
f 48/48/48 46/46/46 21/21/21
f 25/25/25 21/21/21 24/24/24
f 29/29/29 24/24/24 28/28/28
f 39/39/39 26/26/26 27/27/27
f 24/24/24 32/32/32 25/25/25
f 32/32/32 24/24/24 31/31/31
f 30/30/30 24/24/24 29/29/29
f 31/31/31 24/24/24 30/30/30
f 37/37/37 32/32/32 31/31/31
f 31/31/31 30/30/30 33/33/33
f 31/31/31 35/35/35 37/37/37
f 33/33/33 34/34/34 31/31/31
f 34/34/34 35/35/35 31/31/31
f 34/34/34 36/36/36 35/35/35
f 269/269/269 270/270/270 271/271/271
f 272/272/272 269/269/269 271/271/271
f 274/274/274 295/295/295 296/296/296
f 299/299/299 296/296/296 300/300/300
f 299/299/299 297/297/297 296/296/296
f 303/303/303 300/300/300 304/304/304
f 301/301/301 299/299/299 300/300/300
f 301/301/301 300/300/300 303/303/303
f 269/269/269 276/276/276 278/278/278
f 274/274/274 272/272/272 295/295/295
f 272/272/272 273/273/273 269/269/269
f 275/275/275 276/276/276 269/269/269
f 297/297/297 274/274/274 296/296/296
f 301/301/301 302/302/302 299/299/299
f 275/275/275 269/269/269 273/273/273
f 274/274/274 273/273/273 272/272/272
f 298/298/298 297/297/297 315/315/315
f 302/302/302 301/301/301 303/303/303
f 276/276/276 279/279/279 278/278/278
f 277/277/277 276/276/276 275/275/275
f 302/302/302 303/303/303 305/305/305
f 302/302/302 307/307/307 299/299/299
f 294/294/294 273/273/273 274/274/274
f 298/298/298 274/274/274 297/297/297
f 304/304/304 305/305/305 303/303/303
f 276/276/276 277/277/277 279/279/279
f 314/314/314 305/305/305 304/304/304
f 298/298/298 315/315/315 316/316/316
f 298/298/298 294/294/294 274/274/274
f 306/306/306 302/302/302 305/305/305
f 317/317/317 294/294/294 298/298/298
f 316/316/316 315/315/315 307/307/307
f 306/306/306 307/307/307 302/302/302
f 317/317/317 298/298/298 316/316/316
f 280/280/280 279/279/279 277/277/277
f 306/306/306 308/308/308 307/307/307
f 309/309/309 308/308/308 306/306/306
f 311/311/311 309/309/309 306/306/306
f 252/252/252 253/253/253 254/254/254
f 313/313/313 317/317/317 316/316/316
f 256/256/256 252/252/252 254/254/254
f 280/280/280 281/281/281 279/279/279
f 255/255/255 253/253/253 252/252/252
f 310/310/310 308/308/308 309/309/309
f 308/308/308 312/312/312 313/313/313
f 312/312/312 308/308/308 310/310/310
f 282/282/282 280/280/280 277/277/277
f 287/287/287 292/292/292 293/293/293
f 291/291/291 292/292/292 287/287/287
f 290/290/290 292/292/292 291/291/291
f 289/289/289 291/291/291 287/287/287
f 288/288/288 292/292/292 290/290/290
f 288/288/288 290/290/290 289/289/289
f 287/287/287 288/288/288 289/289/289
f 281/281/281 280/280/280 287/287/287
f 287/287/287 286/286/286 288/288/288
f 286/286/286 287/287/287 280/280/280
f 221/221/221 222/222/222 223/223/223
f 284/284/284 280/280/280 285/285/285
f 225/225/225 223/223/223 222/222/222
f 280/280/280 284/284/284 286/286/286
f 283/283/283 284/284/284 285/285/285
f 283/283/283 285/285/285 318/318/318
f 226/226/226 222/222/222 224/224/224
f 201/201/201 200/200/200 203/203/203
f 203/203/203 207/207/207 97/97/97
f 224/224/224 227/227/227 226/226/226
f 207/207/207 94/94/94 97/97/97
f 227/227/227 224/224/224 228/228/228
f 203/203/203 208/208/208 201/201/201
f 203/203/203 97/97/97 208/208/208
f 94/94/94 93/93/93 97/97/97
f 93/93/93 94/94/94 91/91/91
f 91/91/91 90/90/90 93/93/93
f 229/229/229 227/227/227 228/228/228
f 93/93/93 95/95/95 97/97/97
f 97/97/97 95/95/95 208/208/208
f 93/93/93 90/90/90 95/95/95
f 202/202/202 201/201/201 208/208/208
f 200/200/200 197/197/197 199/199/199
f 197/197/197 200/200/200 201/201/201
f 90/90/90 91/91/91 92/92/92
f 202/202/202 197/197/197 201/201/201
f 95/95/95 202/202/202 208/208/208
f 229/229/229 230/230/230 227/227/227
f 90/90/90 96/96/96 95/95/95
f 90/90/90 92/92/92 96/96/96
f 95/95/95 197/197/197 202/202/202
f 206/206/206 197/197/197 95/95/95
f 195/195/195 199/199/199 197/197/197
f 206/206/206 198/198/198 197/197/197
f 194/194/194 195/195/195 197/197/197
f 198/198/198 194/194/194 197/197/197
f 195/195/195 194/194/194 191/191/191
f 96/96/96 206/206/206 95/95/95
f 98/98/98 96/96/96 92/92/92
f 196/196/196 195/195/195 191/191/191
f 99/99/99 206/206/206 96/96/96
f 192/192/192 195/195/195 196/196/196
f 266/266/266 267/267/267 268/268/268
f 263/263/263 264/264/264 265/265/265
f 98/98/98 99/99/99 96/96/96
f 190/190/190 192/192/192 191/191/191
f 191/191/191 194/194/194 193/193/193
f 206/206/206 193/193/193 198/198/198
f 108/108/108 193/193/193 206/206/206
f 108/108/108 206/206/206 152/152/152
f 206/206/206 99/99/99 152/152/152
f 108/108/108 191/191/191 193/193/193
f 100/100/100 99/99/99 98/98/98
f 101/101/101 100/100/100 98/98/98
f 108/108/108 190/190/190 191/191/191
f 156/156/156 100/100/100 152/152/152
f 152/152/152 100/100/100 105/105/105
f 103/103/103 102/102/102 101/101/101
f 108/108/108 189/189/189 190/190/190
f 105/105/105 108/108/108 152/152/152
f 100/100/100 101/101/101 102/102/102
f 105/105/105 100/100/100 102/102/102
f 106/106/106 107/107/107 105/105/105
f 143/143/143 146/146/146 145/145/145
f 106/106/106 105/105/105 102/102/102
f 107/107/107 108/108/108 105/105/105
f 104/104/104 102/102/102 103/103/103
f 107/107/107 110/110/110 108/108/108
f 132/132/132 143/143/143 144/144/144
f 143/143/143 145/145/145 144/144/144
f 188/188/188 108/108/108 110/110/110
f 106/106/106 102/102/102 150/150/150
f 142/142/142 143/143/143 132/132/132
f 188/188/188 189/189/189 108/108/108
f 214/214/214 215/215/215 216/216/216
f 151/151/151 106/106/106 150/150/150
f 109/109/109 110/110/110 107/107/107
f 106/106/106 109/109/109 107/107/107
f 106/106/106 111/111/111 109/109/109
f 148/148/148 147/147/147 149/149/149
f 142/142/142 132/132/132 112/112/112
f 144/144/144 147/147/147 132/132/132
f 112/112/112 109/109/109 111/111/111
f 110/110/110 123/123/123 188/188/188
f 204/204/204 110/110/110 109/109/109
f 113/113/113 204/204/204 109/109/109
f 132/132/132 114/114/114 112/112/112
f 132/132/132 147/147/147 148/148/148
f 109/109/109 112/112/112 113/113/113
f 136/136/136 134/134/134 137/137/137
f 204/204/204 117/117/117 110/110/110
f 114/114/114 113/113/113 112/112/112
f 123/123/123 110/110/110 120/120/120
f 110/110/110 117/117/117 120/120/120
f 114/114/114 132/132/132 133/133/133
f 204/204/204 113/113/113 117/117/117
f 134/134/134 133/133/133 132/132/132
f 136/136/136 135/135/135 134/134/134
f 123/123/123 124/124/124 188/188/188
f 135/135/135 133/133/133 134/134/134
f 122/122/122 124/124/124 123/123/123
f 63/63/63 64/64/64 65/65/65
f 122/122/122 123/123/123 120/120/120
f 113/113/113 114/114/114 115/115/115
f 121/121/121 122/122/122 120/120/120
f 116/116/116 115/115/115 114/114/114
f 117/117/117 113/113/113 115/115/115
f 121/121/121 120/120/120 119/119/119
f 240/240/240 242/242/242 239/239/239
f 121/121/121 127/127/127 122/122/122
f 120/120/120 117/117/117 119/119/119
f 239/239/239 238/238/238 235/235/235
f 117/117/117 118/118/118 119/119/119
f 117/117/117 115/115/115 118/118/118
f 119/119/119 125/125/125 121/121/121
f 118/118/118 115/115/115 138/138/138
f 116/116/116 138/138/138 115/115/115
f 128/128/128 122/122/122 127/127/127
f 121/121/121 126/126/126 127/127/127
f 235/235/235 240/240/240 239/239/239
f 64/64/64 78/78/78 65/65/65
f 125/125/125 126/126/126 121/121/121
f 77/77/77 65/65/65 78/78/78
f 245/245/245 242/242/242 243/243/243
f 240/240/240 243/243/243 242/242/242
f 139/139/139 119/119/119 118/118/118
f 65/65/65 77/77/77 79/79/79
f 236/236/236 235/235/235 238/238/238
f 234/234/234 235/235/235 236/236/236
f 77/77/77 78/78/78 76/76/76
f 139/139/139 125/125/125 119/119/119
f 140/140/140 139/139/139 118/118/118
f 140/140/140 141/141/141 139/139/139
f 128/128/128 127/127/127 129/129/129
f 118/118/118 138/138/138 153/153/153
f 129/129/129 130/130/130 128/128/128
f 243/243/243 246/246/246 245/245/245
f 235/235/235 234/234/234 237/237/237
f 141/141/141 140/140/140 125/125/125
f 153/153/153 140/140/140 118/118/118
f 129/129/129 127/127/127 126/126/126
f 244/244/244 246/246/246 243/243/243
f 240/240/240 244/244/244 243/243/243
f 125/125/125 205/205/205 126/126/126
f 235/235/235 241/241/241 240/240/240
f 66/66/66 69/69/69 67/67/67
f 67/67/67 69/69/69 87/87/87
f 77/77/77 76/76/76 74/74/74
f 205/205/205 129/129/129 126/126/126
f 248/248/248 240/240/240 241/241/241
f 86/86/86 67/67/67 87/87/87
f 131/131/131 130/130/130 129/129/129
f 138/138/138 154/154/154 153/153/153
f 66/66/66 67/67/67 68/68/68
f 247/247/247 244/244/244 240/240/240
f 74/74/74 76/76/76 68/68/68
f 157/157/157 138/138/138 116/116/116
f 131/131/131 129/129/129 205/205/205
f 248/248/248 251/251/251 250/250/250
f 209/209/209 211/211/211 212/212/212
f 247/247/247 240/240/240 248/248/248
f 260/260/260 261/261/261 262/262/262
f 86/86/86 71/71/71 67/67/67
f 138/138/138 157/157/157 154/154/154
f 211/211/211 213/213/213 212/212/212
f 209/209/209 210/210/210 211/211/211
f 248/248/248 250/250/250 249/249/249
f 157/157/157 116/116/116 187/187/187
f 175/175/175 161/161/161 174/174/174
f 249/249/249 247/247/247 248/248/248
f 257/257/257 258/258/258 259/259/259
f 162/162/162 161/161/161 179/179/179
f 161/161/161 160/160/160 174/174/174
f 68/68/68 67/67/67 70/70/70
f 71/71/71 70/70/70 67/67/67
f 154/154/154 155/155/155 153/153/153
f 160/160/160 161/161/161 159/159/159
f 231/231/231 232/232/232 233/233/233
f 159/159/159 161/161/161 162/162/162
f 177/177/177 178/178/178 170/170/170
f 173/173/173 177/177/177 170/170/170
f 159/159/159 157/157/157 160/160/160
f 173/173/173 170/170/170 168/168/168
f 72/72/72 74/74/74 68/68/68
f 186/186/186 159/159/159 162/162/162
f 168/168/168 186/186/186 162/162/162
f 70/70/70 72/72/72 68/68/68
f 168/168/168 169/169/169 186/186/186
f 167/167/167 159/159/159 186/186/186
f 71/71/71 88/88/88 89/89/89
f 158/158/158 154/154/154 157/157/157
f 167/167/167 169/169/169 168/168/168
f 75/75/75 74/74/74 72/72/72
f 159/159/159 167/167/167 166/166/166
f 167/167/167 168/168/168 166/166/166
f 164/164/164 165/165/165 154/154/154
f 71/71/71 89/89/89 81/81/81
f 158/158/158 164/164/164 154/154/154
f 159/159/159 158/158/158 157/157/157
f 217/217/217 219/219/219 220/220/220
f 73/73/73 72/72/72 70/70/70
f 70/70/70 71/71/71 81/81/81
f 217/217/217 218/218/218 219/219/219
f 181/181/181 180/180/180 170/170/170
f 81/81/81 83/83/83 82/82/82
f 84/84/84 82/82/82 83/83/83
f 166/166/166 168/168/168 170/170/170
f 80/80/80 70/70/70 81/81/81
f 159/159/159 166/166/166 163/163/163
f 73/73/73 70/70/70 80/80/80
f 84/84/84 85/85/85 82/82/82
f 158/158/158 159/159/159 163/163/163
f 170/170/170 180/180/180 171/171/171
f 183/183/183 184/184/184 185/185/185
f 82/82/82 80/80/80 81/81/81
f 166/166/166 170/170/170 171/171/171
f 171/171/171 180/180/180 182/182/182
f 183/183/183 182/182/182 184/184/184
f 183/183/183 171/171/171 182/182/182
f 172/172/172 166/166/166 171/171/171
f 176/176/176 163/163/163 166/166/166
f 166/166/166 172/172/172 176/176/176
f 224/224/224 222/222/222 221/221/221
f 173/173/173 168/168/168 162/162/162
f 328/328/328 325/325/325 327/327/327
f 327/327/327 325/325/325 324/324/324
f 319/319/319 320/320/320 321/321/321
f 322/322/322 323/323/323 324/324/324
f 325/325/325 322/322/322 324/324/324
f 325/325/325 326/326/326 322/322/322
f 325/325/325 328/328/328 329/329/329
f 330/330/330 331/331/331 332/332/332
f 333/333/333 331/331/331 330/330/330
f 332/332/332 341/341/341 338/338/338
f 340/340/340 339/339/339 337/337/337
f 330/330/330 332/332/332 334/334/334
f 337/337/337 332/332/332 338/338/338
f 335/335/335 337/337/337 339/339/339
f 335/335/335 332/332/332 337/337/337
f 335/335/335 334/334/334 332/332/332
f 335/335/335 336/336/336 334/334/334
f 342/342/342 336/336/336 335/335/335
f 344/344/344 342/342/342 335/335/335
f 343/343/343 336/336/336 342/342/342
f 343/343/343 342/342/342 344/344/344
f 343/343/343 344/344/344 345/345/345
f 346/346/346 343/343/343 345/345/345
f 345/345/345 347/347/347 346/346/346
f 346/346/346 347/347/347 348/348/348
f 348/348/348 350/350/350 346/346/346
f 348/348/348 347/347/347 349/349/349
f 349/349/349 347/347/347 355/355/355
f 351/351/351 350/350/350 348/348/348
f 354/354/354 348/348/348 349/349/349
f 369/369/369 373/373/373 374/374/374
f 351/351/351 348/348/348 353/353/353
f 431/431/431 444/444/444 443/443/443
f 354/354/354 353/353/353 348/348/348
f 429/429/429 431/431/431 443/443/443
f 369/369/369 374/374/374 375/375/375
f 372/372/372 393/393/393 373/373/373
f 372/372/372 373/373/373 369/369/369
f 385/385/385 369/369/369 375/375/375
f 351/351/351 352/352/352 350/350/350
f 426/426/426 429/429/429 427/427/427
f 368/368/368 369/369/369 385/385/385
f 425/425/425 426/426/426 427/427/427
f 370/370/370 372/372/372 369/369/369
f 369/369/369 368/368/368 359/359/359
f 430/430/430 429/429/429 426/426/426
f 431/431/431 429/429/429 430/430/430
f 359/359/359 370/370/370 369/369/369
f 428/428/428 426/426/426 425/425/425
f 428/428/428 430/430/430 426/426/426
f 440/440/440 428/428/428 425/425/425
f 359/359/359 371/371/371 370/370/370
f 359/359/359 368/368/368 358/358/358
f 432/432/432 434/434/434 430/430/430
f 440/440/440 436/436/436 428/428/428
f 358/358/358 357/357/357 359/359/359
f 436/436/436 440/440/440 441/441/441
f 358/358/358 368/368/368 376/376/376
f 428/428/428 432/432/432 430/430/430
f 356/356/356 357/357/357 358/358/358
f 433/433/433 428/428/428 435/435/435
f 445/445/445 446/446/446 447/447/447
f 433/433/433 432/432/432 428/428/428
f 437/437/437 433/433/433 436/436/436
f 433/433/433 435/435/435 436/436/436
f 437/437/437 436/436/436 439/439/439
f 438/438/438 433/433/433 437/437/437
f 360/360/360 356/356/356 358/358/358
f 376/376/376 360/360/360 358/358/358
f 433/433/433 438/438/438 442/442/442
f 392/392/392 356/356/356 391/391/391
f 390/390/390 391/391/391 356/356/356
f 360/360/360 376/376/376 363/363/363
f 407/407/407 408/408/408 409/409/409
f 389/389/389 390/390/390 356/356/356
f 361/361/361 356/356/356 360/360/360
f 407/407/407 410/410/410 408/408/408
f 389/389/389 356/356/356 361/361/361
f 362/362/362 361/361/361 360/360/360
f 410/410/410 407/407/407 411/411/411
f 362/362/362 360/360/360 363/363/363
f 361/361/361 364/364/364 365/365/365
f 361/361/361 362/362/362 364/364/364
f 366/366/366 364/364/364 362/362/362
f 366/366/366 367/367/367 364/364/364
f 377/377/377 367/367/367 366/366/366
f 366/366/366 378/378/378 377/377/377
f 382/382/382 381/381/381 366/366/366
f 379/379/379 377/377/377 378/378/378
f 380/380/380 378/378/378 366/366/366
f 379/379/379 384/384/384 377/377/377
f 412/412/412 419/419/419 413/413/413
f 417/417/417 419/419/419 412/412/412
f 412/412/412 413/413/413 414/414/414
f 380/380/380 366/366/366 381/381/381
f 418/418/418 420/420/420 417/417/417
f 416/416/416 418/418/418 417/417/417
f 418/418/418 421/421/421 420/420/420
f 416/416/416 417/417/417 412/412/412
f 412/412/412 414/414/414 415/415/415
f 415/415/415 416/416/416 412/412/412
f 421/421/421 418/418/418 422/422/422
f 423/423/423 421/421/421 422/422/422
f 380/380/380 381/381/381 383/383/383
f 386/386/386 383/383/383 381/381/381
f 424/424/424 423/423/423 422/422/422
f 383/383/383 386/386/386 387/387/387
f 386/386/386 388/388/388 387/387/387
f 388/388/388 394/394/394 399/399/399
f 386/386/386 394/394/394 388/388/388
f 399/399/399 394/394/394 397/397/397
f 395/395/395 394/394/394 386/386/386
f 396/396/396 397/397/397 394/394/394
f 395/395/395 396/396/396 394/394/394
f 397/397/397 396/396/396 406/406/406
f 398/398/398 396/396/396 395/395/395
f 396/396/396 400/400/400 406/406/406
f 396/396/396 398/398/398 400/400/400
f 400/400/400 405/405/405 406/406/406
f 401/401/401 400/400/400 398/398/398
f 404/404/404 405/405/405 400/400/400
f 402/402/402 400/400/400 401/401/401
f 400/400/400 403/403/403 404/404/404
f 400/400/400 402/402/402 403/403/403
f 448/448/448 449/449/449 450/450/450
f 461/461/461 464/464/464 465/465/465
f 463/463/463 464/464/464 461/461/461
f 461/461/461 460/460/460 463/463/463
f 458/458/458 460/460/460 461/461/461
f 457/457/457 460/460/460 458/458/458
f 455/455/455 461/461/461 456/456/456
f 454/454/454 458/458/458 455/455/455
f 458/458/458 461/461/461 455/455/455
f 454/454/454 455/455/455 456/456/456
f 451/451/451 452/452/452 453/453/453
f 457/457/457 458/458/458 459/459/459
f 462/462/462 457/457/457 459/459/459
f 466/466/466 467/467/467 468/468/468
f 466/466/466 468/468/468 470/470/470
f 469/469/469 467/467/467 466/466/466
f 508/508/508 512/512/512 509/509/509
f 507/507/507 508/508/508 509/509/509
f 508/508/508 507/507/507 504/504/504
f 502/502/502 505/505/505 504/504/504
f 506/506/506 507/507/507 510/510/510
f 504/504/504 507/507/507 506/506/506
f 499/499/499 502/502/502 504/504/504
f 504/504/504 506/506/506 499/499/499
f 510/510/510 511/511/511 506/506/506
f 499/499/499 501/501/501 502/502/502
f 516/516/516 511/511/511 517/517/517
f 516/516/516 506/506/506 511/511/511
f 499/499/499 500/500/500 501/501/501
f 513/513/513 506/506/506 516/516/516
f 503/503/503 501/501/501 500/500/500
f 476/476/476 516/516/516 517/517/517
f 499/499/499 506/506/506 513/513/513
f 513/513/513 500/500/500 499/499/499
f 513/513/513 516/516/516 474/474/474
f 480/480/480 503/503/503 500/500/500
f 500/500/500 513/513/513 474/474/474
f 474/474/474 516/516/516 476/476/476
f 476/476/476 477/477/477 472/472/472
f 472/472/472 477/477/477 478/478/478
f 474/474/474 476/476/476 472/472/472
f 480/480/480 500/500/500 486/486/486
f 471/471/471 474/474/474 472/472/472
f 515/515/515 486/486/486 500/500/500
f 471/471/471 472/472/472 473/473/473
f 471/471/471 514/514/514 474/474/474
f 480/480/480 486/486/486 481/481/481
f 494/494/494 481/481/481 486/486/486
f 514/514/514 500/500/500 474/474/474
f 515/515/515 500/500/500 514/514/514
f 475/475/475 471/471/471 473/473/473
f 479/479/479 482/482/482 480/480/480
f 479/479/479 480/480/480 481/481/481
f 481/481/481 498/498/498 482/482/482
f 521/521/521 523/523/523 524/524/524
f 491/491/491 498/498/498 481/481/481
f 521/521/521 522/522/522 523/523/523
f 491/491/491 481/481/481 494/494/494
f 483/483/483 484/484/484 485/485/485
f 494/494/494 486/486/486 495/495/495
f 485/485/485 486/486/486 483/483/483
f 495/495/495 486/486/486 485/485/485
f 490/490/490 491/491/491 494/494/494
f 488/488/488 498/498/498 491/491/491
f 488/488/488 491/491/491 490/490/490
f 490/490/490 494/494/494 493/493/493
f 493/493/493 494/494/494 495/495/495
f 489/489/489 488/488/488 490/490/490
f 493/493/493 495/495/495 496/496/496
f 496/496/496 495/495/495 497/497/497
f 492/492/492 490/490/490 493/493/493
f 487/487/487 488/488/488 489/489/489
f 492/492/492 489/489/489 490/490/490
f 518/518/518 519/519/519 520/520/520
f 525/525/525 526/526/526 527/527/527
f 525/525/525 528/528/528 526/526/526
f 529/529/529 530/530/530 531/531/531
f 536/536/536 534/534/534 529/529/529
f 532/532/532 530/530/530 529/529/529
f 532/532/532 533/533/533 530/530/530
f 534/534/534 532/532/532 529/529/529
f 535/535/535 532/532/532 534/534/534
f 536/536/536 535/535/535 534/534/534
f 537/537/537 538/538/538 539/539/539
f 541/541/541 537/537/537 539/539/539
f 541/541/541 543/543/543 544/544/544
f 539/539/539 538/538/538 540/540/540
f 543/543/543 541/541/541 542/542/542
f 540/540/540 538/538/538 554/554/554
f 539/539/539 542/542/542 541/541/541
f 545/545/545 543/543/543 542/542/542
f 540/540/540 554/554/554 556/556/556
f 543/543/543 547/547/547 544/544/544
f 547/547/547 553/553/553 544/544/544
f 555/555/555 539/539/539 540/540/540
f 547/547/547 543/543/543 546/546/546
f 547/547/547 551/551/551 553/553/553
f 545/545/545 546/546/546 543/543/543
f 548/548/548 547/547/547 546/546/546
f 547/547/547 549/549/549 551/551/551
f 552/552/552 551/551/551 549/549/549
f 549/549/549 547/547/547 548/548/548
f 546/546/546 550/550/550 548/548/548
f 550/550/550 549/549/549 548/548/548
f 557/557/557 558/558/558 559/559/559
f 558/558/558 560/560/560 562/562/562
f 557/557/557 560/560/560 558/558/558
f 560/560/560 557/557/557 561/561/561
f 562/562/562 564/564/564 558/558/558
f 562/562/562 560/560/560 563/563/563
f 572/572/572 560/560/560 561/561/561
f 563/563/563 560/560/560 572/572/572
f 565/565/565 562/562/562 563/563/563
f 564/564/564 562/562/562 565/565/565
f 563/563/563 572/572/572 571/571/571
f 571/571/571 568/568/568 563/563/563
f 568/568/568 565/565/565 563/563/563
f 567/567/567 565/565/565 568/568/568
f 565/565/565 566/566/566 564/564/564
f 566/566/566 565/565/565 567/567/567
f 569/569/569 568/568/568 571/571/571
f 569/569/569 567/567/567 568/568/568
f 570/570/570 567/567/567 569/569/569
f 573/573/573 561/561/561 557/557/557
f 574/574/574 575/575/575 576/576/576
f 577/577/577 574/574/574 576/576/576
f 574/574/574 581/581/581 582/582/582
f 584/584/584 582/582/582 583/583/583
f 578/578/578 574/574/574 577/577/577
f 583/583/583 582/582/582 581/581/581
f 574/574/574 580/580/580 581/581/581
f 574/574/574 578/578/578 579/579/579
f 580/580/580 574/574/574 579/579/579
f 585/585/585 586/586/586 587/587/587
f 591/591/591 587/587/587 592/592/592
f 612/612/612 616/616/616 614/614/614
f 587/587/587 591/591/591 589/589/589
f 589/589/589 585/585/585 587/587/587
f 612/612/612 614/614/614 613/613/613
f 596/596/596 597/597/597 586/586/586
f 613/613/613 617/617/617 615/615/615
f 608/608/608 606/606/606 605/605/605
f 613/613/613 615/615/615 611/611/611
f 596/596/596 598/598/598 597/597/597
f 598/598/598 599/599/599 597/597/597
f 611/611/611 612/612/612 613/613/613
f 606/606/606 609/609/609 607/607/607
f 588/588/588 596/596/596 586/586/586
f 619/619/619 620/620/620 625/625/625
f 610/610/610 609/609/609 606/606/606
f 626/626/626 620/620/620 621/621/621
f 618/618/618 615/615/615 617/617/617
f 618/618/618 619/619/619 615/615/615
f 619/619/619 618/618/618 620/620/620
f 588/588/588 586/586/586 585/585/585
f 591/591/591 592/592/592 593/593/593
f 623/623/623 622/622/622 618/618/618
f 620/620/620 618/618/618 621/621/621
f 621/621/621 618/618/618 622/622/622
f 604/604/604 605/605/605 606/606/606
f 607/607/607 604/604/604 606/606/606
f 593/593/593 589/589/589 591/591/591
f 600/600/600 599/599/599 598/598/598
f 623/623/623 624/624/624 622/622/622
f 627/627/627 624/624/624 623/623/623
f 595/595/595 592/592/592 604/604/604
f 585/585/585 589/589/589 590/590/590
f 595/595/595 593/593/593 592/592/592
f 590/590/590 589/589/589 594/594/594
f 589/589/589 593/593/593 594/594/594
f 601/601/601 600/600/600 598/598/598
f 601/601/601 602/602/602 600/600/600
f 602/602/602 603/603/603 600/600/600
f 604/604/604 592/592/592 605/605/605
f 628/628/628 629/629/629 630/630/630
f 631/631/631 630/630/630 629/629/629
f 634/634/634 630/630/630 631/631/631
f 630/630/630 634/634/634 632/632/632
f 632/632/632 628/628/628 630/630/630
f 628/628/628 632/632/632 633/633/633
f 635/635/635 636/636/636 628/628/628
f 635/635/635 628/628/628 633/633/633
f 637/637/637 638/638/638 639/639/639
f 642/642/642 644/644/644 637/637/637
f 637/637/637 639/639/639 640/640/640
f 645/645/645 644/644/644 642/642/642
f 639/639/639 641/641/641 640/640/640
f 637/637/637 640/640/640 642/642/642
f 643/643/643 640/640/640 641/641/641
f 642/642/642 640/640/640 643/643/643
f 675/675/675 677/677/677 676/676/676
f 675/675/675 676/676/676 674/674/674
f 643/643/643 641/641/641 648/648/648
f 673/673/673 675/675/675 674/674/674
f 671/671/671 641/641/641 673/673/673
f 646/646/646 642/642/642 643/643/643
f 673/673/673 674/674/674 671/671/671
f 646/646/646 643/643/643 648/648/648
f 678/678/678 642/642/642 647/647/647
f 671/671/671 648/648/648 641/641/641
f 647/647/647 642/642/642 646/646/646
f 650/650/650 648/648/648 671/671/671
f 652/652/652 647/647/647 646/646/646
f 648/648/648 649/649/649 646/646/646
f 652/652/652 646/646/646 651/651/651
f 651/651/651 646/646/646 649/649/649
f 669/669/669 670/670/670 652/652/652
f 669/669/669 652/652/652 651/651/651
f 649/649/649 648/648/648 650/650/650
f 651/651/651 655/655/655 669/669/669
f 672/672/672 650/650/650 671/671/671
f 649/649/649 650/650/650 653/653/653
f 651/651/651 649/649/649 653/653/653
f 655/655/655 651/651/651 654/654/654
f 654/654/654 651/651/651 653/653/653
f 656/656/656 654/654/654 653/653/653
f 656/656/656 653/653/653 650/650/650
f 656/656/656 650/650/650 658/658/658
f 658/658/658 657/657/657 656/656/656
f 658/658/658 659/659/659 657/657/657
f 660/660/660 655/655/655 654/654/654
f 654/654/654 656/656/656 657/657/657
f 660/660/660 654/654/654 657/657/657
f 657/657/657 659/659/659 660/660/660
f 661/661/661 659/659/659 667/667/667
f 660/660/660 659/659/659 661/661/661
f 661/661/661 667/667/667 668/668/668
f 664/664/664 660/660/660 661/661/661
f 660/660/660 662/662/662 655/655/655
f 662/662/662 660/660/660 663/663/663
f 664/664/664 663/663/663 660/660/660
f 664/664/664 666/666/666 665/665/665
f 664/664/664 665/665/665 663/663/663
f 679/679/679 680/680/680 681/681/681
f 681/681/681 684/684/684 679/679/679
f 688/688/688 685/685/685 689/689/689
f 685/685/685 684/684/684 681/681/681
f 683/683/683 681/681/681 680/680/680
f 685/685/685 681/681/681 683/683/683
f 679/679/679 682/682/682 680/680/680
f 686/686/686 685/685/685 688/688/688
f 685/685/685 686/686/686 684/684/684
f 704/704/704 682/682/682 679/679/679
f 703/703/703 704/704/704 679/679/679
f 686/686/686 679/679/679 684/684/684
f 686/686/686 688/688/688 690/690/690
f 702/702/702 703/703/703 679/679/679
f 686/686/686 687/687/687 679/679/679
f 687/687/687 686/686/686 692/692/692
f 692/692/692 686/686/686 690/690/690
f 688/688/688 691/691/691 690/690/690
f 687/687/687 702/702/702 679/679/679
f 702/702/702 687/687/687 695/695/695
f 692/692/692 690/690/690 693/693/693
f 690/690/690 691/691/691 693/693/693
f 693/693/693 691/691/691 700/700/700
f 695/695/695 687/687/687 692/692/692
f 694/694/694 695/695/695 692/692/692
f 694/694/694 692/692/692 693/693/693
f 698/698/698 693/693/693 700/700/700
f 697/697/697 695/695/695 694/694/694
f 698/698/698 700/700/700 699/699/699
f 702/702/702 695/695/695 701/701/701
f 695/695/695 697/697/697 701/701/701
f 696/696/696 694/694/694 693/693/693
f 698/698/698 696/696/696 693/693/693
f 697/697/697 694/694/694 696/696/696
f 696/696/696 698/698/698 699/699/699
f 705/705/705 706/706/706 707/707/707
f 709/709/709 710/710/710 707/707/707
f 709/709/709 707/707/707 706/706/706
f 711/711/711 709/709/709 706/706/706
f 708/708/708 706/706/706 705/705/705
f 723/723/723 705/705/705 715/715/715
f 723/723/723 708/708/708 705/705/705
f 708/708/708 711/711/711 706/706/706
f 708/708/708 715/715/715 714/714/714
f 712/712/712 708/708/708 714/714/714
f 712/712/712 711/711/711 708/708/708
f 713/713/713 711/711/711 712/712/712
f 712/712/712 716/716/716 713/713/713
f 718/718/718 713/713/713 716/716/716
f 717/717/717 716/716/716 712/712/712
f 719/719/719 718/718/718 716/716/716
f 716/716/716 717/717/717 719/719/719
f 719/719/719 717/717/717 721/721/721
f 719/719/719 720/720/720 718/718/718
f 719/719/719 722/722/722 720/720/720
f 724/724/724 725/725/725 726/726/726
f 727/727/727 725/725/725 724/724/724
f 726/726/726 725/725/725 728/728/728
f 728/728/728 725/725/725 729/729/729
f 737/737/737 727/727/727 761/761/761
f 725/725/725 727/727/727 730/730/730
f 729/729/729 725/725/725 730/730/730
f 730/730/730 727/727/727 733/733/733
f 733/733/733 727/727/727 737/737/737
f 731/731/731 728/728/728 729/729/729
f 730/730/730 732/732/732 729/729/729
f 731/731/731 729/729/729 732/732/732
f 736/736/736 737/737/737 739/739/739
f 733/733/733 737/737/737 736/736/736
f 730/730/730 733/733/733 732/732/732
f 736/736/736 739/739/739 738/738/738
f 734/734/734 732/732/732 733/733/733
f 734/734/734 733/733/733 736/736/736
f 732/732/732 734/734/734 735/735/735
f 739/739/739 741/741/741 738/738/738
f 734/734/734 736/736/736 738/738/738
f 732/732/732 748/748/748 750/750/750
f 748/748/748 732/732/732 735/735/735
f 738/738/738 740/740/740 734/734/734
f 738/738/738 741/741/741 740/740/740
f 750/750/750 748/748/748 751/751/751
f 740/740/740 742/742/742 734/734/734
f 734/734/734 742/742/742 735/735/735
f 742/742/742 740/740/740 743/743/743
f 748/748/748 749/749/749 751/751/751
f 760/760/760 740/740/740 741/741/741
f 742/742/742 744/744/744 735/735/735
f 760/760/760 743/743/743 740/740/740
f 746/746/746 748/748/748 735/735/735
f 743/743/743 745/745/745 742/742/742
f 742/742/742 745/745/745 744/744/744
f 746/746/746 749/749/749 748/748/748
f 744/744/744 746/746/746 735/735/735
f 743/743/743 756/756/756 745/745/745
f 744/744/744 745/745/745 755/755/755
f 749/749/749 746/746/746 752/752/752
f 749/749/749 752/752/752 751/751/751
f 747/747/747 746/746/746 744/744/744
f 751/751/751 752/752/752 753/753/753
f 756/756/756 755/755/755 745/745/745
f 747/747/747 744/744/744 754/754/754
f 746/746/746 747/747/747 752/752/752
f 756/756/756 757/757/757 755/755/755
f 757/757/757 758/758/758 755/755/755
f 759/759/759 755/755/755 758/758/758
f 762/762/762 763/763/763 764/764/764
f 764/764/764 766/766/766 762/762/762
f 768/768/768 766/766/766 776/776/776
f 765/765/765 763/763/763 762/762/762
f 766/766/766 765/765/765 762/762/762
f 765/765/765 766/766/766 767/767/767
f 767/767/767 766/766/766 768/768/768
f 769/769/769 765/765/765 767/767/767
f 769/769/769 767/767/767 770/770/770
f 772/772/772 771/771/771 767/767/767
f 772/772/772 775/775/775 774/774/774
f 774/774/774 771/771/771 772/772/772
f 770/770/770 767/767/767 771/771/771
f 771/771/771 773/773/773 770/770/770
f 777/777/777 778/778/778 779/779/779
f 779/779/779 807/807/807 783/783/783
f 807/807/807 806/806/806 783/783/783
f 780/780/780 777/777/777 779/779/779
f 785/785/785 783/783/783 806/806/806
f 783/783/783 782/782/782 779/779/779
f 785/785/785 782/782/782 783/783/783
f 779/779/779 782/782/782 780/780/780
f 782/782/782 784/784/784 780/780/780
f 808/808/808 785/785/785 806/806/806
f 782/782/782 785/785/785 784/784/784
f 777/777/777 780/780/780 781/781/781
f 793/793/793 781/781/781 791/791/791
f 799/799/799 785/785/785 801/801/801
f 786/786/786 781/781/781 780/780/780
f 786/786/786 791/791/791 781/781/781
f 786/786/786 780/780/780 784/784/784
f 799/799/799 784/784/784 785/785/785
f 786/786/786 784/784/784 787/787/787
f 799/799/799 801/801/801 800/800/800
f 791/791/791 786/786/786 789/789/789
f 786/786/786 787/787/787 789/789/789
f 792/792/792 791/791/791 789/789/789
f 798/798/798 784/784/784 799/799/799
f 799/799/799 800/800/800 798/798/798
f 801/801/801 804/804/804 800/800/800
f 788/788/788 787/787/787 784/784/784
f 788/788/788 784/784/784 798/798/798
f 800/800/800 802/802/802 798/798/798
f 787/787/787 788/788/788 790/790/790
f 790/790/790 789/789/789 787/787/787
f 804/804/804 803/803/803 800/800/800
f 794/794/794 789/789/789 790/790/790
f 803/803/803 802/802/802 800/800/800
f 790/790/790 788/788/788 795/795/795
f 804/804/804 805/805/805 803/803/803
f 796/796/796 790/790/790 795/795/795
f 794/794/794 790/790/790 796/796/796
f 795/795/795 797/797/797 796/796/796
f 809/809/809 810/810/810 811/811/811
f 813/813/813 811/811/811 810/810/810
f 812/812/812 810/810/810 809/809/809
f 813/813/813 810/810/810 814/814/814
f 814/814/814 810/810/810 815/815/815
f 815/815/815 810/810/810 812/812/812
f 816/816/816 815/815/815 812/812/812
f 816/816/816 817/817/817 815/815/815
f 818/818/818 817/817/817 816/816/816
f 819/819/819 817/817/817 818/818/818
f 824/824/824 825/825/825 826/826/826
f 826/826/826 825/825/825 827/827/827
f 825/825/825 833/833/833 827/827/827
f 834/834/834 827/827/827 833/833/833
f 824/824/824 826/826/826 828/828/828
f 824/824/824 828/828/828 829/829/829
f 833/833/833 835/835/835 834/834/834
f 820/820/820 821/821/821 822/822/822
f 828/828/828 830/830/830 829/829/829
f 820/820/820 823/823/823 821/821/821
f 836/836/836 834/834/834 835/835/835
f 830/830/830 831/831/831 829/829/829
f 832/832/832 829/829/829 831/831/831
f 837/837/837 836/836/836 835/835/835
f 838/838/838 839/839/839 840/840/840
f 844/844/844 841/841/841 843/843/843
f 843/843/843 841/841/841 838/838/838
f 841/841/841 839/839/839 838/838/838
f 844/844/844 842/842/842 841/841/841
f 839/839/839 841/841/841 842/842/842
f 845/845/845 842/842/842 844/844/844
f 847/847/847 845/845/845 844/844/844
f 842/842/842 845/845/845 846/846/846
f 846/846/846 845/845/845 848/848/848
f 845/845/845 847/847/847 848/848/848
f 853/853/853 852/852/852 854/854/854
f 852/852/852 851/851/851 854/854/854
f 855/855/855 863/863/863 861/861/861
f 853/853/853 854/854/854 855/855/855
f 855/855/855 854/854/854 863/863/863
f 861/861/861 863/863/863 862/862/862
f 878/878/878 852/852/852 879/879/879
f 860/860/860 861/861/861 857/857/857
f 849/849/849 852/852/852 878/878/878
f 869/869/869 879/879/879 880/880/880
f 888/888/888 889/889/889 890/890/890
f 876/876/876 849/849/849 878/878/878
f 857/857/857 862/862/862 866/866/866
f 860/860/860 857/857/857 859/859/859
f 860/860/860 859/859/859 864/864/864
f 863/863/863 854/854/854 866/866/866
f 860/860/860 864/864/864 865/865/865
f 849/849/849 850/850/850 851/851/851
f 857/857/857 866/866/866 858/858/858
f 856/856/856 857/857/857 858/858/858
f 859/859/859 857/857/857 856/856/856
f 874/874/874 871/871/871 870/870/870
f 868/868/868 869/869/869 870/870/870
f 854/854/854 867/867/867 866/866/866
f 872/872/872 869/869/869 868/868/868
f 876/876/876 877/877/877 849/849/849
f 870/870/870 871/871/871 868/868/868
f 858/858/858 866/866/866 867/867/867
f 885/885/885 887/887/887 883/883/883
f 883/883/883 884/884/884 885/885/885
f 869/869/869 878/878/878 879/879/879
f 881/881/881 882/882/882 878/878/878
f 884/884/884 883/883/883 886/886/886
f 878/878/878 869/869/869 881/881/881
f 872/872/872 873/873/873 869/869/869
f 872/872/872 868/868/868 873/873/873
f 869/869/869 873/873/873 881/881/881
f 873/873/873 868/868/868 875/875/875
f 868/868/868 871/871/871 875/875/875
f 857/857/857 861/861/861 862/862/862
f 851/851/851 852/852/852 849/849/849
f 891/891/891 892/892/892 893/893/893
f 894/894/894 891/891/891 893/893/893
f 895/895/895 891/891/891 894/894/894
f 895/895/895 896/896/896 897/897/897
f 895/895/895 894/894/894 896/896/896
f 896/896/896 894/894/894 898/898/898
f 905/905/905 903/903/903 906/906/906
f 899/899/899 897/897/897 896/896/896
f 900/900/900 901/901/901 902/902/902
f 902/902/902 901/901/901 903/903/903
f 903/903/903 904/904/904 902/902/902
f 905/905/905 904/904/904 903/903/903
f 907/907/907 908/908/908 909/909/909
f 910/910/910 909/909/909 908/908/908
f 910/910/910 916/916/916 915/915/915
f 909/909/909 910/910/910 911/911/911
f 910/910/910 915/915/915 914/914/914
f 912/912/912 911/911/911 910/910/910
f 910/910/910 914/914/914 912/912/912
f 912/912/912 913/913/913 911/911/911
f 918/918/918 911/911/911 913/913/913
f 917/917/917 913/913/913 912/912/912
f 918/918/918 913/913/913 917/917/917
f 919/919/919 920/920/920 921/921/921
f 923/923/923 922/922/922 921/921/921
f 925/925/925 922/922/922 924/924/924
f 922/922/922 925/925/925 926/926/926
f 924/924/924 922/922/922 923/923/923
f 919/919/919 921/921/921 922/922/922
f 927/927/927 926/926/926 925/925/925
f 923/923/923 921/921/921 924/924/924
f 928/928/928 926/926/926 927/927/927
f 927/927/927 925/925/925 924/924/924
f 929/929/929 935/935/935 934/934/934
f 943/943/943 945/945/945 946/946/946
f 934/934/934 930/930/930 929/929/929
f 930/930/930 934/934/934 937/937/937
f 929/929/929 930/930/930 931/931/931
f 945/945/945 943/943/943 942/942/942
f 932/932/932 931/931/931 930/930/930
f 930/930/930 937/937/937 932/932/932
f 931/931/931 936/936/936 929/929/929
f 942/942/942 943/943/943 939/939/939
f 931/931/931 933/933/933 936/936/936
f 932/932/932 937/937/937 938/938/938
f 939/939/939 940/940/940 941/941/941
f 932/932/932 933/933/933 931/931/931
f 942/942/942 939/939/939 941/941/941
f 941/941/941 944/944/944 942/942/942
f 947/947/947 948/948/948 949/949/949
f 948/948/948 947/947/947 950/950/950
f 947/947/947 951/951/951 950/950/950
f 951/951/951 952/952/952 950/950/950
f 953/953/953 954/954/954 955/955/955
f 955/955/955 956/956/956 953/953/953
f 956/956/956 955/955/955 957/957/957
f 958/958/958 959/959/959 960/960/960
f 960/960/960 959/959/959 961/961/961
f 963/963/963 960/960/960 961/961/961
f 961/961/961 959/959/959 962/962/962
f 963/963/963 961/961/961 964/964/964
f 967/967/967 964/964/964 966/966/966
f 966/966/966 964/964/964 965/965/965
f 964/964/964 961/961/961 965/965/965
f 968/968/968 966/966/966 965/965/965
f 975/975/975 974/974/974 962/962/962
f 968/968/968 965/965/965 969/969/969
f 972/972/972 974/974/974 975/975/975
f 969/969/969 974/974/974 972/972/972
f 972/972/972 971/971/971 969/969/969
f 970/970/970 968/968/968 969/969/969
f 969/969/969 971/971/971 970/970/970
f 973/973/973 970/970/970 971/971/971
f 976/976/976 977/977/977 978/978/978
f 983/983/983 976/976/976 1024/1024/1024
f 980/980/980 976/976/976 982/982/982
f 982/982/982 976/976/976 983/983/983
f 976/976/976 979/979/979 977/977/977
f 984/984/984 980/980/980 982/982/982
f 980/980/980 979/979/979 976/976/976
f 981/981/981 979/979/979 980/980/980
f 985/985/985 986/986/986 984/984/984
f 985/985/985 984/984/984 982/982/982
f 987/987/987 982/982/982 983/983/983
f 979/979/979 981/981/981 1008/1008/1008
f 986/986/986 981/981/981 980/980/980
f 982/982/982 987/987/987 985/985/985
f 1010/1010/1010 979/979/979 1008/1008/1008
f 1010/1010/1010 1011/1011/1011 979/979/979
f 1006/1006/1006 1008/1008/1008 981/981/981
f 1009/1009/1009 1008/1008/1008 1006/1006/1006
f 1009/1009/1009 1010/1010/1010 1008/1008/1008
f 981/981/981 986/986/986 989/989/989
f 1019/1019/1019 1009/1009/1009 1006/1006/1006
f 986/986/986 985/985/985 989/989/989
f 1010/1010/1010 1021/1021/1021 1011/1011/1011
f 1013/1013/1013 1021/1021/1021 1010/1010/1010
f 1006/1006/1006 981/981/981 989/989/989
f 989/989/989 985/985/985 988/988/988
f 1013/1013/1013 1010/1010/1010 1012/1012/1012
f 1012/1012/1012 1010/1010/1010 1009/1009/1009
f 1014/1014/1014 1012/1012/1012 1009/1009/1009
f 1014/1014/1014 1009/1009/1009 1015/1015/1015
f 1007/1007/1007 1019/1019/1019 1006/1006/1006
f 988/988/988 985/985/985 987/987/987
f 1004/1004/1004 1006/1006/1006 989/989/989
f 991/991/991 989/989/989 988/988/988
f 1007/1007/1007 1006/1006/1006 1004/1004/1004
f 1020/1020/1020 1007/1007/1007 1005/1005/1005
f 1004/1004/1004 989/989/989 991/991/991
f 1016/1016/1016 1014/1014/1014 1015/1015/1015
f 1009/1009/1009 1019/1019/1019 1003/1003/1003
f 1020/1020/1020 1003/1003/1003 1019/1019/1019
f 990/990/990 988/988/988 987/987/987
f 990/990/990 987/987/987 992/992/992
f 1015/1015/1015 1009/1009/1009 1003/1003/1003
f 1003/1003/1003 1020/1020/1020 1005/1005/1005
f 1005/1005/1005 1007/1007/1007 1004/1004/1004
f 1002/1002/1002 1005/1005/1005 1004/1004/1004
f 1002/1002/1002 1003/1003/1003 1022/1022/1022
f 998/998/998 1004/1004/1004 991/991/991
f 1002/1002/1002 1004/1004/1004 998/998/998
f 998/998/998 991/991/991 990/990/990
f 990/990/990 992/992/992 993/993/993
f 994/994/994 993/993/993 992/992/992
f 990/990/990 991/991/991 988/988/988
f 1001/1001/1001 1003/1003/1003 1002/1002/1002
f 1015/1015/1015 1003/1003/1003 1001/1001/1001
f 1001/1001/1001 1002/1002/1002 998/998/998
f 1016/1016/1016 1015/1015/1015 1017/1017/1017
f 1017/1017/1017 1015/1015/1015 1001/1001/1001
f 998/998/998 990/990/990 997/997/997
f 1017/1017/1017 1018/1018/1018 1016/1016/1016
f 993/993/993 994/994/994 1023/1023/1023
f 1001/1001/1001 998/998/998 997/997/997
f 990/990/990 993/993/993 995/995/995
f 997/997/997 990/990/990 995/995/995
f 999/999/999 997/997/997 995/995/995
f 1000/1000/1000 999/999/999 995/995/995
f 995/995/995 993/993/993 996/996/996
f 1023/1023/1023 996/996/996 993/993/993
f 1025/1025/1025 1026/1026/1026 1027/1027/1027
f 1027/1027/1027 1028/1028/1028 1025/1025/1025
f 1027/1027/1027 1029/1029/1029 1028/1028/1028
f 1053/1053/1053 1054/1054/1054 1051/1051/1051
f 1050/1050/1050 1053/1053/1053 1051/1051/1051
f 1055/1055/1055 1051/1051/1051 1056/1056/1056
f 1055/1055/1055 1052/1052/1052 1051/1051/1051
f 1050/1050/1050 1051/1051/1051 1052/1052/1052
f 1060/1060/1060 1058/1058/1058 1056/1056/1056
f 1055/1055/1055 1056/1056/1056 1058/1058/1058
f 1058/1058/1058 1060/1060/1060 1059/1059/1059
f 1050/1050/1050 1052/1052/1052 1057/1057/1057
f 1055/1055/1055 1058/1058/1058 1059/1059/1059
f 1052/1052/1052 1055/1055/1055 1049/1049/1049
f 1055/1055/1055 1059/1059/1059 1049/1049/1049
f 1048/1048/1048 1052/1052/1052 1049/1049/1049
f 1047/1047/1047 1048/1048/1048 1049/1049/1049
f 1037/1037/1037 1036/1036/1036 1035/1035/1035
f 1057/1057/1057 1052/1052/1052 1048/1048/1048
f 1035/1035/1035 1036/1036/1036 1033/1033/1033
f 1047/1047/1047 1049/1049/1049 1062/1062/1062
f 1037/1037/1037 1040/1040/1040 1038/1038/1038
f 1038/1038/1038 1036/1036/1036 1037/1037/1037
f 1061/1061/1061 1047/1047/1047 1062/1062/1062
f 1032/1032/1032 1031/1031/1031 1033/1033/1033
f 1041/1041/1041 1031/1031/1031 1030/1030/1030
f 1063/1063/1063 1047/1047/1047 1061/1061/1061
f 1034/1034/1034 1033/1033/1033 1036/1036/1036
f 1034/1034/1034 1032/1032/1032 1033/1033/1033
f 1063/1063/1063 1061/1061/1061 1064/1064/1064
f 1030/1030/1030 1031/1031/1031 1032/1032/1032
f 1038/1038/1038 1034/1034/1034 1036/1036/1036
f 1065/1065/1065 1064/1064/1064 1061/1061/1061
f 1038/1038/1038 1039/1039/1039 1034/1034/1034
f 1038/1038/1038 1040/1040/1040 1042/1042/1042
f 1042/1042/1042 1039/1039/1039 1038/1038/1038
f 1039/1039/1039 1042/1042/1042 1043/1043/1043
f 1042/1042/1042 1040/1040/1040 1045/1045/1045
f 1044/1044/1044 1042/1042/1042 1045/1045/1045
f 1046/1046/1046 1043/1043/1043 1044/1044/1044
f 1042/1042/1042 1044/1044/1044 1043/1043/1043
f 1066/1066/1066 1067/1067/1067 1068/1068/1068
f 1067/1067/1067 1066/1066/1066 1069/1069/1069
f 1090/1090/1090 1089/1089/1089 1069/1069/1069
f 1068/1068/1068 1070/1070/1070 1066/1066/1066
f 1069/1069/1069 1066/1066/1066 1086/1086/1086
f 1069/1069/1069 1086/1086/1086 1087/1087/1087
f 1086/1086/1086 1085/1085/1085 1087/1087/1087
f 1068/1068/1068 1071/1071/1071 1070/1070/1070
f 1070/1070/1070 1072/1072/1072 1066/1066/1066
f 1066/1066/1066 1088/1088/1088 1086/1086/1086
f 1072/1072/1072 1070/1070/1070 1073/1073/1073
f 1070/1070/1070 1074/1074/1074 1073/1073/1073
f 1071/1071/1071 1074/1074/1074 1070/1070/1070
f 1082/1082/1082 1086/1086/1086 1088/1088/1088
f 1071/1071/1071 1076/1076/1076 1075/1075/1075
f 1071/1071/1071 1075/1075/1075 1074/1074/1074
f 1082/1082/1082 1085/1085/1085 1086/1086/1086
f 1085/1085/1085 1082/1082/1082 1084/1084/1084
f 1074/1074/1074 1078/1078/1078 1080/1080/1080
f 1081/1081/1081 1078/1078/1078 1082/1082/1082
f 1080/1080/1080 1078/1078/1078 1081/1081/1081
f 1075/1075/1075 1077/1077/1077 1074/1074/1074
f 1082/1082/1082 1083/1083/1083 1084/1084/1084
f 1074/1074/1074 1077/1077/1077 1078/1078/1078
f 1083/1083/1083 1082/1082/1082 1079/1079/1079
f 1078/1078/1078 1079/1079/1079 1082/1082/1082
f 1077/1077/1077 1079/1079/1079 1078/1078/1078
f 1089/1089/1089 1067/1067/1067 1069/1069/1069
f 1091/1091/1091 1092/1092/1092 1093/1093/1093
f 1095/1095/1095 1114/1114/1114 1092/1092/1092
f 1096/1096/1096 1094/1094/1094 1091/1091/1091
f 1099/1099/1099 1101/1101/1101 1102/1102/1102
f 1094/1094/1094 1092/1092/1092 1091/1091/1091
f 1094/1094/1094 1095/1095/1095 1092/1092/1092
f 1101/1101/1101 1099/1099/1099 1100/1100/1100
f 1101/1101/1101 1100/1100/1100 1103/1103/1103
f 1095/1095/1095 1094/1094/1094 1113/1113/1113
f 1106/1106/1106 1105/1105/1105 1102/1102/1102
f 1106/1106/1106 1107/1107/1107 1105/1105/1105
f 1106/1106/1106 1108/1108/1108 1107/1107/1107
f 1108/1108/1108 1109/1109/1109 1107/1107/1107
f 1099/1099/1099 1096/1096/1096 1100/1100/1100
f 1097/1097/1097 1094/1094/1094 1096/1096/1096
f 1099/1099/1099 1102/1102/1102 1104/1104/1104
f 1105/1105/1105 1104/1104/1104 1102/1102/1102
f 1107/1107/1107 1109/1109/1109 1110/1110/1110
f 1107/1107/1107 1110/1110/1110 1111/1111/1111
f 1096/1096/1096 1099/1099/1099 1098/1098/1098
f 1098/1098/1098 1097/1097/1097 1096/1096/1096
f 1110/1110/1110 1112/1112/1112 1111/1111/1111
f 1115/1115/1115 1116/1116/1116 1117/1117/1117
f 1115/1115/1115 1118/1118/1118 1116/1116/1116
f 1117/1117/1117 1120/1120/1120 1119/1119/1119
f 1115/1115/1115 1117/1117/1117 1119/1119/1119
f 1121/1121/1121 1118/1118/1118 1115/1115/1115
f 1122/1122/1122 1123/1123/1123 1124/1124/1124
f 1125/1125/1125 1126/1126/1126 1127/1127/1127
f 1125/1125/1125 1127/1127/1127 1128/1128/1128
f 1125/1125/1125 1128/1128/1128 1129/1129/1129
f 1135/1135/1135 1136/1136/1136 1137/1137/1137
f 1136/1136/1136 1138/1138/1138 1137/1137/1137
f 1144/1144/1144 1153/1153/1153 1142/1142/1142
f 1138/1138/1138 1136/1136/1136 1139/1139/1139
f 1142/1142/1142 1143/1143/1143 1144/1144/1144
f 1141/1141/1141 1138/1138/1138 1140/1140/1140
f 1141/1141/1141 1140/1140/1140 1142/1142/1142
f 1138/1138/1138 1139/1139/1139 1140/1140/1140
f 1140/1140/1140 1143/1143/1143 1142/1142/1142
f 1140/1140/1140 1146/1146/1146 1143/1143/1143
f 1156/1156/1156 1157/1157/1157 1158/1158/1158
f 1143/1143/1143 1146/1146/1146 1149/1149/1149
f 1164/1164/1164 1163/1163/1163 1166/1166/1166
f 1144/1144/1144 1143/1143/1143 1145/1145/1145
f 1163/1163/1163 1164/1164/1164 1165/1165/1165
f 1159/1159/1159 1160/1160/1160 1161/1161/1161
f 1162/1162/1162 1160/1160/1160 1159/1159/1159
f 1169/1169/1169 1168/1168/1168 1171/1171/1171
f 1167/1167/1167 1168/1168/1168 1169/1169/1169
f 1151/1151/1151 1152/1152/1152 1154/1154/1154
f 1150/1150/1150 1149/1149/1149 1146/1146/1146
f 1167/1167/1167 1169/1169/1169 1170/1170/1170
f 1152/1152/1152 1151/1151/1151 1146/1146/1146
f 1145/1145/1145 1143/1143/1143 1147/1147/1147
f 1150/1150/1150 1146/1146/1146 1151/1151/1151
f 1172/1172/1172 1170/1170/1170 1178/1178/1178
f 1132/1132/1132 1134/1134/1134 1130/1130/1130
f 1143/1143/1143 1148/1148/1148 1147/1147/1147
f 1172/1172/1172 1167/1167/1167 1170/1170/1170
f 1178/1178/1178 1179/1179/1179 1172/1172/1172
f 1154/1154/1154 1155/1155/1155 1151/1151/1151
f 1174/1174/1174 1172/1172/1172 1179/1179/1179
f 1184/1184/1184 1183/1183/1183 1188/1188/1188
f 1175/1175/1175 1174/1174/1174 1176/1176/1176
f 1174/1174/1174 1173/1173/1173 1172/1172/1172
f 1183/1183/1183 1184/1184/1184 1181/1181/1181
f 1172/1172/1172 1173/1173/1173 1167/1167/1167
f 1183/1183/1183 1181/1181/1181 1182/1182/1182
f 1131/1131/1131 1133/1133/1133 1132/1132/1132
f 1175/1175/1175 1173/1173/1173 1174/1174/1174
f 1130/1130/1130 1131/1131/1131 1132/1132/1132
f 1175/1175/1175 1176/1176/1176 1177/1177/1177
f 1182/1182/1182 1181/1181/1181 1176/1176/1176
f 1184/1184/1184 1180/1180/1180 1181/1181/1181
f 1180/1180/1180 1185/1185/1185 1186/1186/1186
f 1180/1180/1180 1184/1184/1184 1185/1185/1185
f 1180/1180/1180 1176/1176/1176 1181/1181/1181
f 1173/1173/1173 1175/1175/1175 1177/1177/1177
f 1177/1177/1177 1176/1176/1176 1180/1180/1180
f 1186/1186/1186 1187/1187/1187 1180/1180/1180
f 1200/1200/1200 1216/1216/1216 1209/1209/1209
f 1247/1247/1247 1249/1249/1249 1250/1250/1250
f 1247/1247/1247 1248/1248/1248 1249/1249/1249
f 1200/1200/1200 1209/1209/1209 1208/1208/1208
f 1200/1200/1200 1201/1201/1201 1202/1202/1202
f 1204/1204/1204 1209/1209/1209 1207/1207/1207
f 1208/1208/1208 1201/1201/1201 1200/1200/1200
f 1209/1209/1209 1204/1204/1204 1208/1208/1208
f 1215/1215/1215 1201/1201/1201 1208/1208/1208
f 1212/1212/1212 1207/1207/1207 1213/1213/1213
f 1221/1221/1221 1212/1212/1212 1213/1213/1213
f 1212/1212/1212 1205/1205/1205 1207/1207/1207
f 1205/1205/1205 1204/1204/1204 1207/1207/1207
f 1203/1203/1203 1208/1208/1208 1204/1204/1204
f 1208/1208/1208 1203/1203/1203 1215/1215/1215
f 1211/1211/1211 1205/1205/1205 1212/1212/1212
f 1203/1203/1203 1204/1204/1204 1205/1205/1205
f 1210/1210/1210 1205/1205/1205 1211/1211/1211
f 1205/1205/1205 1206/1206/1206 1203/1203/1203
f 1206/1206/1206 1205/1205/1205 1210/1210/1210
f 1206/1206/1206 1214/1214/1214 1203/1203/1203
f 1210/1210/1210 1220/1220/1220 1206/1206/1206
f 1220/1220/1220 1219/1219/1219 1206/1206/1206
f 1217/1217/1217 1214/1214/1214 1206/1206/1206
f 1206/1206/1206 1219/1219/1219 1217/1217/1217
f 1214/1214/1214 1217/1217/1217 1218/1218/1218
f 1195/1195/1195 1198/1198/1198 1199/1199/1199
f 1222/1222/1222 1218/1218/1218 1217/1217/1217
f 1222/1222/1222 1217/1217/1217 1219/1219/1219
f 1222/1222/1222 1219/1219/1219 1223/1223/1223
f 1194/1194/1194 1195/1195/1195 1191/1191/1191
f 1198/1198/1198 1195/1195/1195 1194/1194/1194
f 1238/1238/1238 1234/1234/1234 1223/1223/1223
f 1235/1235/1235 1234/1234/1234 1238/1238/1238
f 1189/1189/1189 1190/1190/1190 1191/1191/1191
f 1190/1190/1190 1194/1194/1194 1191/1191/1191
f 1196/1196/1196 1194/1194/1194 1190/1190/1190
f 1189/1189/1189 1192/1192/1192 1190/1190/1190
f 1236/1236/1236 1233/1233/1233 1245/1245/1245
f 1239/1239/1239 1222/1222/1222 1223/1223/1223
f 1233/1233/1233 1234/1234/1234 1235/1235/1235
f 1240/1240/1240 1223/1223/1223 1234/1234/1234
f 1233/1233/1233 1229/1229/1229 1234/1234/1234
f 1239/1239/1239 1223/1223/1223 1240/1240/1240
f 1192/1192/1192 1189/1189/1189 1193/1193/1193
f 1236/1236/1236 1229/1229/1229 1233/1233/1233
f 1236/1236/1236 1245/1245/1245 1246/1246/1246
f 1243/1243/1243 1240/1240/1240 1234/1234/1234
f 1236/1236/1236 1237/1237/1237 1229/1229/1229
f 1232/1232/1232 1243/1243/1243 1234/1234/1234
f 1229/1229/1229 1232/1232/1232 1234/1234/1234
f 1231/1231/1231 1226/1226/1226 1229/1229/1229
f 1239/1239/1239 1240/1240/1240 1241/1241/1241
f 1242/1242/1242 1244/1244/1244 1239/1239/1239
f 1224/1224/1224 1225/1225/1225 1226/1226/1226
f 1229/1229/1229 1228/1228/1228 1232/1232/1232
f 1226/1226/1226 1228/1228/1228 1229/1229/1229
f 1227/1227/1227 1228/1228/1228 1226/1226/1226
f 1228/1228/1228 1227/1227/1227 1230/1230/1230
f 1225/1225/1225 1227/1227/1227 1226/1226/1226
f 1241/1241/1241 1242/1242/1242 1239/1239/1239
f 1194/1194/1194 1196/1196/1196 1197/1197/1197
f 1312/1312/1312 1262/1262/1262 1313/1313/1313
f 1309/1309/1309 1312/1312/1312 1313/1313/1313
f 1259/1259/1259 1261/1261/1261 1256/1256/1256
f 1309/1309/1309 1310/1310/1310 1308/1308/1308
f 1307/1307/1307 1312/1312/1312 1309/1309/1309
f 1262/1262/1262 1312/1312/1312 1260/1260/1260
f 1310/1310/1310 1311/1311/1311 1308/1308/1308
f 1309/1309/1309 1308/1308/1308 1307/1307/1307
f 1308/1308/1308 1311/1311/1311 1303/1303/1303
f 1306/1306/1306 1308/1308/1308 1303/1303/1303
f 1262/1262/1262 1260/1260/1260 1256/1256/1256
f 1251/1251/1251 1252/1252/1252 1253/1253/1253
f 1303/1303/1303 1304/1304/1304 1305/1305/1305
f 1259/1259/1259 1256/1256/1256 1255/1255/1255
f 1252/1252/1252 1254/1254/1254 1253/1253/1253
f 1307/1307/1307 1308/1308/1308 1306/1306/1306
f 1305/1305/1305 1306/1306/1306 1303/1303/1303
f 1302/1302/1302 1255/1255/1255 1299/1299/1299
f 1257/1257/1257 1299/1299/1299 1255/1255/1255
f 1255/1255/1255 1256/1256/1256 1257/1257/1257
f 1256/1256/1256 1260/1260/1260 1258/1258/1258
f 1298/1298/1298 1302/1302/1302 1299/1299/1299
f 1298/1298/1298 1297/1297/1297 1296/1296/1296
f 1297/1297/1297 1298/1298/1298 1299/1299/1299
f 1296/1296/1296 1287/1287/1287 1295/1295/1295
f 1291/1291/1291 1294/1294/1294 1300/1300/1300
f 1280/1280/1280 1281/1281/1281 1276/1276/1276
f 1281/1281/1281 1279/1279/1279 1276/1276/1276
f 1287/1287/1287 1284/1284/1284 1286/1286/1286
f 1287/1287/1287 1286/1286/1286 1295/1295/1295
f 1256/1256/1256 1258/1258/1258 1257/1257/1257
f 1280/1280/1280 1283/1283/1283 1281/1281/1281
f 1291/1291/1291 1293/1293/1293 1294/1294/1294
f 1284/1284/1284 1285/1285/1285 1286/1286/1286
f 1279/1279/1279 1277/1277/1277 1276/1276/1276
f 1284/1284/1284 1289/1289/1289 1285/1285/1285
f 1257/1257/1257 1297/1297/1297 1299/1299/1299
f 1282/1282/1282 1283/1283/1283 1280/1280/1280
f 1289/1289/1289 1291/1291/1291 1300/1300/1300
f 1297/1297/1297 1287/1287/1287 1296/1296/1296
f 1269/1269/1269 1267/1267/1267 1275/1275/1275
f 1267/1267/1267 1265/1265/1265 1266/1266/1266
f 1291/1291/1291 1289/1289/1289 1290/1290/1290
f 1280/1280/1280 1274/1274/1274 1282/1282/1282
f 1293/1293/1293 1291/1291/1291 1292/1292/1292
f 1292/1292/1292 1277/1277/1277 1293/1293/1293
f 1289/1289/1289 1284/1284/1284 1288/1288/1288
f 1274/1274/1274 1275/1275/1275 1282/1282/1282
f 1265/1265/1265 1267/1267/1267 1269/1269/1269
f 1288/1288/1288 1284/1284/1284 1287/1287/1287
f 1274/1274/1274 1269/1269/1269 1275/1275/1275
f 1276/1276/1276 1277/1277/1277 1278/1278/1278
f 1288/1288/1288 1290/1290/1290 1289/1289/1289
f 1277/1277/1277 1292/1292/1292 1278/1278/1278
f 1265/1265/1265 1264/1264/1264 1266/1266/1266
f 1266/1266/1266 1264/1264/1264 1333/1333/1333
f 1271/1271/1271 1269/1269/1269 1274/1274/1274
f 1270/1270/1270 1269/1269/1269 1271/1271/1271
f 1268/1268/1268 1265/1265/1265 1269/1269/1269
f 1327/1327/1327 1333/1333/1333 1264/1264/1264
f 1280/1280/1280 1276/1276/1276 1278/1278/1278
f 1263/1263/1263 1264/1264/1264 1265/1265/1265
f 1326/1326/1326 1332/1332/1332 1333/1333/1333
f 1271/1271/1271 1274/1274/1274 1280/1280/1280
f 1291/1291/1291 1290/1290/1290 1292/1292/1292
f 1265/1265/1265 1268/1268/1268 1263/1263/1263
f 1270/1270/1270 1268/1268/1268 1269/1269/1269
f 1326/1326/1326 1333/1333/1333 1327/1327/1327
f 1327/1327/1327 1264/1264/1264 1263/1263/1263
f 1330/1330/1330 1331/1331/1331 1316/1316/1316
f 1317/1317/1317 1326/1326/1326 1327/1327/1327
f 1332/1332/1332 1316/1316/1316 1331/1331/1331
f 1332/1332/1332 1326/1326/1326 1316/1316/1316
f 1323/1323/1323 1325/1325/1325 1321/1321/1321
f 1316/1316/1316 1318/1318/1318 1330/1330/1330
f 1318/1318/1318 1328/1328/1328 1330/1330/1330
f 1329/1329/1329 1319/1319/1319 1321/1321/1321
f 1316/1316/1316 1326/1326/1326 1317/1317/1317
f 1327/1327/1327 1263/1263/1263 1317/1317/1317
f 1328/1328/1328 1319/1319/1319 1329/1329/1329
f 1320/1320/1320 1321/1321/1321 1319/1319/1319
f 1321/1321/1321 1320/1320/1320 1322/1322/1322
f 1270/1270/1270 1271/1271/1271 1272/1272/1272
f 1316/1316/1316 1315/1315/1315 1318/1318/1318
f 1319/1319/1319 1328/1328/1328 1318/1318/1318
f 1323/1323/1323 1321/1321/1321 1322/1322/1322
f 1322/1322/1322 1324/1324/1324 1323/1323/1323
f 1270/1270/1270 1301/1301/1301 1268/1268/1268
f 1315/1315/1315 1319/1319/1319 1318/1318/1318
f 1317/1317/1317 1314/1314/1314 1316/1316/1316
f 1314/1314/1314 1315/1315/1315 1316/1316/1316
f 1273/1273/1273 1272/1272/1272 1271/1271/1271
f 1315/1315/1315 1320/1320/1320 1319/1319/1319
f 1334/1334/1334 1335/1335/1335 1336/1336/1336
f 1337/1337/1337 1335/1335/1335 1334/1334/1334
f 1338/1338/1338 1339/1339/1339 1340/1340/1340
f 1347/1347/1347 1349/1349/1349 1350/1350/1350
f 1346/1346/1346 1344/1344/1344 1348/1348/1348
f 1346/1346/1346 1348/1348/1348 1349/1349/1349
f 1340/1340/1340 1344/1344/1344 1342/1342/1342
f 1346/1346/1346 1349/1349/1349 1347/1347/1347
f 1341/1341/1341 1338/1338/1338 1340/1340/1340
f 1342/1342/1342 1341/1341/1341 1340/1340/1340
f 1342/1342/1342 1344/1344/1344 1345/1345/1345
f 1346/1346/1346 1345/1345/1345 1344/1344/1344
f 1342/1342/1342 1345/1345/1345 1343/1343/1343
f 1345/1345/1345 1346/1346/1346 1347/1347/1347
f 1342/1342/1342 1343/1343/1343 1341/1341/1341
f 1351/1351/1351 1352/1352/1352 1353/1353/1353
f 1351/1351/1351 1354/1354/1354 1352/1352/1352
f 1351/1351/1351 1353/1353/1353 1355/1355/1355
f 1356/1356/1356 1351/1351/1351 1355/1355/1355
f 1358/1358/1358 1351/1351/1351 1357/1357/1357
f 1357/1357/1357 1361/1361/1361 1358/1358/1358
f 1357/1357/1357 1351/1351/1351 1356/1356/1356
f 1359/1359/1359 1357/1357/1357 1356/1356/1356
f 1360/1360/1360 1361/1361/1361 1357/1357/1357
f 1357/1357/1357 1359/1359/1359 1360/1360/1360
f 1360/1360/1360 1362/1362/1362 1361/1361/1361
f 1363/1363/1363 1364/1364/1364 1365/1365/1365
f 1365/1365/1365 1368/1368/1368 1367/1367/1367
f 1366/1366/1366 1364/1364/1364 1363/1363/1363
f 1366/1366/1366 1371/1371/1371 1376/1376/1376
f 1363/1363/1363 1365/1365/1365 1367/1367/1367
f 1371/1371/1371 1366/1366/1366 1363/1363/1363
f 1375/1375/1375 1376/1376/1376 1371/1371/1371
f 1371/1371/1371 1363/1363/1363 1370/1370/1370
f 1367/1367/1367 1369/1369/1369 1363/1363/1363
f 1375/1375/1375 1371/1371/1371 1370/1370/1370
f 1370/1370/1370 1363/1363/1363 1369/1369/1369
f 1369/1369/1369 1372/1372/1372 1370/1370/1370
f 1374/1374/1374 1375/1375/1375 1370/1370/1370
f 1374/1374/1374 1370/1370/1370 1372/1372/1372
f 1369/1369/1369 1373/1373/1373 1372/1372/1372
f 1377/1377/1377 1378/1378/1378 1379/1379/1379
f 1379/1379/1379 1380/1380/1380 1377/1377/1377
f 1381/1381/1381 1383/1383/1383 1382/1382/1382
f 1377/1377/1377 1381/1381/1381 1382/1382/1382
f 1381/1381/1381 1377/1377/1377 1380/1380/1380
f 1384/1384/1384 1385/1385/1385 1386/1386/1386
f 1388/1388/1388 1391/1391/1391 1390/1390/1390
f 1385/1385/1385 1387/1387/1387 1386/1386/1386
f 1384/1384/1384 1386/1386/1386 1388/1388/1388
f 1390/1390/1390 1389/1389/1389 1388/1388/1388
f 1392/1392/1392 1393/1393/1393 1391/1391/1391
f 1391/1391/1391 1386/1386/1386 1387/1387/1387
f 1387/1387/1387 1392/1392/1392 1391/1391/1391
f 1388/1388/1388 1389/1389/1389 1384/1384/1384
f 1661/1661/1661 1662/1662/1662 1663/1663/1663
f 1656/1656/1656 1655/1655/1655 1653/1653/1653
f 1670/1670/1670 1666/1666/1666 1671/1671/1671
f 1663/1663/1663 1666/1666/1666 1665/1665/1665
f 1663/1663/1663 1665/1665/1665 1661/1661/1661
f 1670/1670/1670 1665/1665/1665 1666/1666/1666
f 1655/1655/1655 1652/1652/1652 1653/1653/1653
f 1654/1654/1654 1652/1652/1652 1621/1621/1621
f 1649/1649/1649 1653/1653/1653 1652/1652/1652
f 1664/1664/1664 1662/1662/1662 1661/1661/1661
f 1652/1652/1652 1654/1654/1654 1651/1651/1651
f 1670/1670/1670 1657/1657/1657 1665/1665/1665
f 1650/1650/1650 1657/1657/1657 1653/1653/1653
f 1650/1650/1650 1665/1665/1665 1657/1657/1657
f 1649/1649/1649 1652/1652/1652 1651/1651/1651
f 1650/1650/1650 1653/1653/1653 1649/1649/1649
f 1621/1621/1621 1619/1619/1619 1620/1620/1620
f 1661/1661/1661 1665/1665/1665 1667/1667/1667
f 1664/1664/1664 1661/1661/1661 1667/1667/1667
f 1619/1619/1619 1616/1616/1616 1617/1617/1617
f 1619/1619/1619 1617/1617/1617 1620/1620/1620
f 1668/1668/1668 1664/1664/1664 1667/1667/1667
f 1632/1632/1632 1667/1667/1667 1665/1665/1665
f 1665/1665/1665 1650/1650/1650 1632/1632/1632
f 1613/1613/1613 1614/1614/1614 1616/1616/1616
f 1632/1632/1632 1650/1650/1650 1649/1649/1649
f 1620/1620/1620 1622/1622/1622 1621/1621/1621
f 1634/1634/1634 1667/1667/1667 1632/1632/1632
f 1667/1667/1667 1634/1634/1634 1668/1668/1668
f 1651/1651/1651 1654/1654/1654 1648/1648/1648
f 1628/1628/1628 1609/1609/1609 1608/1608/1608
f 1569/1569/1569 1609/1609/1609 1627/1627/1627
f 1609/1609/1609 1569/1569/1569 1608/1608/1608
f 1618/1618/1618 1620/1620/1620 1617/1617/1617
f 1651/1651/1651 1647/1647/1647 1649/1649/1649
f 1610/1610/1610 1606/1606/1606 1607/1607/1607
f 1616/1616/1616 1615/1615/1615 1617/1617/1617
f 1618/1618/1618 1617/1617/1617 1615/1615/1615
f 1425/1425/1425 1426/1426/1426 1427/1427/1427
f 1632/1632/1632 1633/1633/1633 1634/1634/1634
f 1426/1426/1426 1430/1430/1430 1429/1429/1429
f 1610/1610/1610 1611/1611/1611 1613/1613/1613
f 1616/1616/1616 1614/1614/1614 1615/1615/1615
f 1636/1636/1636 1634/1634/1634 1633/1633/1633
f 1634/1634/1634 1669/1669/1669 1668/1668/1668
f 1426/1426/1426 1428/1428/1428 1427/1427/1427
f 1647/1647/1647 1632/1632/1632 1649/1649/1649
f 1610/1610/1610 1608/1608/1608 1606/1606/1606
f 1647/1647/1647 1651/1651/1651 1648/1648/1648
f 1613/1613/1613 1611/1611/1611 1614/1614/1614
f 1429/1429/1429 1428/1428/1428 1426/1426/1426
f 1611/1611/1611 1615/1615/1615 1614/1614/1614
f 1427/1427/1427 1450/1450/1450 1425/1425/1425
f 1610/1610/1610 1607/1607/1607 1611/1611/1611
f 1635/1635/1635 1632/1632/1632 1647/1647/1647
f 1620/1620/1620 1618/1618/1618 1623/1623/1623
f 1633/1633/1633 1632/1632/1632 1635/1635/1635
f 1406/1406/1406 1405/1405/1405 1404/1404/1404
f 1433/1433/1433 1436/1436/1436 1434/1434/1434
f 1639/1639/1639 1633/1633/1633 1635/1635/1635
f 1615/1615/1615 1624/1624/1624 1618/1618/1618
f 1629/1629/1629 1569/1569/1569 1627/1627/1627
f 1607/1607/1607 1606/1606/1606 1605/1605/1605
f 1630/1630/1630 1627/1627/1627 1631/1631/1631
f 1430/1430/1430 1433/1433/1433 1432/1432/1432
f 1430/1430/1430 1432/1432/1432 1431/1431/1431
f 1406/1406/1406 1413/1413/1413 1408/1408/1408
f 1608/1608/1608 1569/1569/1569 1606/1606/1606
f 1639/1639/1639 1635/1635/1635 1647/1647/1647
f 1639/1639/1639 1647/1647/1647 1644/1644/1644
f 1648/1648/1648 1646/1646/1646 1647/1647/1647
f 1434/1434/1434 1436/1436/1436 1437/1437/1437
f 1605/1605/1605 1606/1606/1606 1569/1569/1569
f 1647/1647/1647 1646/1646/1646 1644/1644/1644
f 1629/1629/1629 1627/1627/1627 1630/1630/1630
f 1624/1624/1624 1615/1615/1615 1625/1625/1625
f 1408/1408/1408 1405/1405/1405 1406/1406/1406
f 1615/1615/1615 1611/1611/1611 1625/1625/1625
f 1429/1429/1429 1430/1430/1430 1431/1431/1431
f 1436/1436/1436 1446/1446/1446 1403/1403/1403
f 1408/1408/1408 1413/1413/1413 1412/1412/1412
f 1433/1433/1433 1434/1434/1434 1432/1432/1432
f 1605/1605/1605 1569/1569/1569 1568/1568/1568
f 1612/1612/1612 1625/1625/1625 1611/1611/1611
f 1637/1637/1637 1636/1636/1636 1633/1633/1633
f 1607/1607/1607 1612/1612/1612 1611/1611/1611
f 1605/1605/1605 1626/1626/1626 1607/1607/1607
f 1612/1612/1612 1607/1607/1607 1626/1626/1626
f 1644/1644/1644 1642/1642/1642 1639/1639/1639
f 1646/1646/1646 1643/1643/1643 1644/1644/1644
f 1404/1404/1404 1405/1405/1405 1401/1401/1401
f 1633/1633/1633 1639/1639/1639 1638/1638/1638
f 1401/1401/1401 1403/1403/1403 1404/1404/1404
f 1637/1637/1637 1633/1633/1633 1638/1638/1638
f 1639/1639/1639 1642/1642/1642 1638/1638/1638
f 1640/1640/1640 1637/1637/1637 1638/1638/1638
f 1642/1642/1642 1644/1644/1644 1643/1643/1643
f 1408/1408/1408 1407/1407/1407 1405/1405/1405
f 1437/1437/1437 1436/1436/1436 1403/1403/1403
f 1640/1640/1640 1638/1638/1638 1642/1642/1642
f 1448/1448/1448 1450/1450/1450 1427/1427/1427
f 1569/1569/1569 1567/1567/1567 1560/1560/1560
f 1637/1637/1637 1641/1641/1641 1659/1659/1659
f 1642/1642/1642 1643/1643/1643 1640/1640/1640
f 1641/1641/1641 1637/1637/1637 1640/1640/1640
f 1394/1394/1394 1395/1395/1395 1396/1396/1396
f 1568/1568/1568 1569/1569/1569 1560/1560/1560
f 1450/1450/1450 1448/1448/1448 1447/1447/1447
f 1645/1645/1645 1641/1641/1641 1640/1640/1640
f 1645/1645/1645 1640/1640/1640 1643/1643/1643
f 1643/1643/1643 1646/1646/1646 1548/1548/1548
f 1408/1408/1408 1412/1412/1412 1407/1407/1407
f 1438/1438/1438 1434/1434/1434 1437/1437/1437
f 1643/1643/1643 1548/1548/1548 1549/1549/1549
f 1643/1643/1643 1549/1549/1549 1658/1658/1658
f 1463/1463/1463 1460/1460/1460 1484/1484/1484
f 1558/1558/1558 1568/1568/1568 1560/1560/1560
f 1399/1399/1399 1403/1403/1403 1401/1401/1401
f 1403/1403/1403 1399/1399/1399 1437/1437/1437
f 1548/1548/1548 1545/1545/1545 1546/1546/1546
f 1407/1407/1407 1412/1412/1412 1411/1411/1411
f 1438/1438/1438 1437/1437/1437 1399/1399/1399
f 1435/1435/1435 1432/1432/1432 1434/1434/1434
f 1439/1439/1439 1434/1434/1434 1438/1438/1438
f 1548/1548/1548 1546/1546/1546 1549/1549/1549
f 1454/1454/1454 1455/1455/1455 1453/1453/1453
f 1453/1453/1453 1452/1452/1452 1443/1443/1443
f 1401/1401/1401 1405/1405/1405 1407/1407/1407
f 1401/1401/1401 1397/1397/1397 1399/1399/1399
f 1447/1447/1447 1448/1448/1448 1449/1449/1449
f 1558/1558/1558 1560/1560/1560 1559/1559/1559
f 1497/1497/1497 1498/1498/1498 1499/1499/1499
f 1561/1561/1561 1566/1566/1566 1565/1565/1565
f 1454/1454/1454 1453/1453/1453 1443/1443/1443
f 1557/1557/1557 1580/1580/1580 1558/1558/1558
f 1411/1411/1411 1409/1409/1409 1407/1407/1407
f 1440/1440/1440 1432/1432/1432 1435/1435/1435
f 1440/1440/1440 1444/1444/1444 1445/1445/1445
f 1566/1566/1566 1561/1561/1561 1562/1562/1562
f 1443/1443/1443 1452/1452/1452 1451/1451/1451
f 1443/1443/1443 1451/1451/1451 1442/1442/1442
f 1459/1459/1459 1460/1460/1460 1461/1461/1461
f 1442/1442/1442 1444/1444/1444 1440/1440/1440
f 1561/1561/1561 1565/1565/1565 1564/1564/1564
f 1409/1409/1409 1402/1402/1402 1407/1407/1407
f 1461/1461/1461 1460/1460/1460 1462/1462/1462
f 1562/1562/1562 1561/1561/1561 1559/1559/1559
f 1557/1557/1557 1558/1558/1558 1555/1555/1555
f 1542/1542/1542 1540/1540/1540 1536/1536/1536
f 1544/1544/1544 1543/1543/1543 1545/1545/1545
f 1462/1462/1462 1460/1460/1460 1463/1463/1463
f 1407/1407/1407 1402/1402/1402 1401/1401/1401
f 1659/1659/1659 1641/1641/1641 1660/1660/1660
f 1397/1397/1397 1401/1401/1401 1402/1402/1402
f 1555/1555/1555 1558/1558/1558 1559/1559/1559
f 1545/1545/1545 1543/1543/1543 1546/1546/1546
f 1397/1397/1397 1398/1398/1398 1399/1399/1399
f 1442/1442/1442 1441/1441/1441 1443/1443/1443
f 1398/1398/1398 1438/1438/1438 1399/1399/1399
f 1402/1402/1402 1409/1409/1409 1410/1410/1410
f 1559/1559/1559 1561/1561/1561 1556/1556/1556
f 1557/1557/1557 1555/1555/1555 1554/1554/1554
f 1462/1462/1462 1463/1463/1463 1465/1465/1465
f 1441/1441/1441 1442/1442/1442 1440/1440/1440
f 1561/1561/1561 1563/1563/1563 1556/1556/1556
f 1544/1544/1544 1542/1542/1542 1543/1543/1543
f 1456/1456/1456 1457/1457/1457 1458/1458/1458
f 1645/1645/1645 1672/1672/1672 1641/1641/1641
f 1559/1559/1559 1556/1556/1556 1555/1555/1555
f 1561/1561/1561 1564/1564/1564 1563/1563/1563
f 1464/1464/1464 1462/1462/1462 1465/1465/1465
f 1441/1441/1441 1440/1440/1440 1435/1435/1435
f 1402/1402/1402 1415/1415/1415 1397/1397/1397
f 1400/1400/1400 1397/1397/1397 1415/1415/1415
f 1398/1398/1398 1397/1397/1397 1400/1400/1400
f 1462/1462/1462 1464/1464/1464 1461/1461/1461
f 1546/1546/1546 1547/1547/1547 1549/1549/1549
f 1420/1420/1420 1398/1398/1398 1400/1400/1400
f 1554/1554/1554 1552/1552/1552 1541/1541/1541
f 1555/1555/1555 1552/1552/1552 1554/1554/1554
f 1641/1641/1641 1672/1672/1672 1673/1673/1673
f 1556/1556/1556 1552/1552/1552 1555/1555/1555
f 1465/1465/1465 1483/1483/1483 1482/1482/1482
f 1415/1415/1415 1402/1402/1402 1414/1414/1414
f 1481/1481/1481 1465/1465/1465 1482/1482/1482
f 1471/1471/1471 1482/1482/1482 1485/1485/1485
f 1465/1465/1465 1466/1466/1466 1464/1464/1464
f 1471/1471/1471 1476/1476/1476 1473/1473/1473
f 1464/1464/1464 1466/1466/1466 1468/1468/1468
f 1414/1414/1414 1400/1400/1400 1415/1415/1415
f 1473/1473/1473 1476/1476/1476 1475/1475/1475
f 1465/1465/1465 1481/1481/1481 1467/1467/1467
f 1479/1479/1479 1475/1475/1475 1476/1476/1476
f 1465/1465/1465 1467/1467/1467 1466/1466/1466
f 1479/1479/1479 1478/1478/1478 1475/1475/1475
f 1481/1481/1481 1482/1482/1482 1471/1471/1471
f 1563/1563/1563 1552/1552/1552 1556/1556/1556
f 1536/1536/1536 1543/1543/1543 1542/1542/1542
f 1471/1471/1471 1467/1467/1467 1481/1481/1481
f 1470/1470/1470 1467/1467/1467 1471/1471/1471
f 1563/1563/1563 1553/1553/1553 1552/1552/1552
f 1674/1674/1674 1641/1641/1641 1673/1673/1673
f 1420/1420/1420 1400/1400/1400 1419/1419/1419
f 1540/1540/1540 1538/1538/1538 1536/1536/1536
f 1543/1543/1543 1547/1547/1547 1546/1546/1546
f 1473/1473/1473 1475/1475/1475 1474/1474/1474
f 1541/1541/1541 1538/1538/1538 1540/1540/1540
f 1400/1400/1400 1418/1418/1418 1419/1419/1419
f 1471/1471/1471 1473/1473/1473 1472/1472/1472
f 1466/1466/1466 1469/1469/1469 1468/1468/1468
f 1417/1417/1417 1414/1414/1414 1421/1421/1421
f 1552/1552/1552 1539/1539/1539 1541/1541/1541
f 1475/1475/1475 1478/1478/1478 1477/1477/1477
f 1418/1418/1418 1400/1400/1400 1416/1416/1416
f 1474/1474/1474 1475/1475/1475 1477/1477/1477
f 1471/1471/1471 1472/1472/1472 1470/1470/1470
f 1414/1414/1414 1416/1416/1416 1400/1400/1400
f 1478/1478/1478 1480/1480/1480 1477/1477/1477
f 1416/1416/1416 1414/1414/1414 1417/1417/1417
f 1472/1472/1472 1473/1473/1473 1474/1474/1474
f 1466/1466/1466 1467/1467/1467 1469/1469/1469
f 1552/1552/1552 1553/1553/1553 1539/1539/1539
f 1488/1488/1488 1470/1470/1470 1472/1472/1472
f 1469/1469/1469 1467/1467/1467 1470/1470/1470
f 1486/1486/1486 1469/1469/1469 1470/1470/1470
f 1487/1487/1487 1469/1469/1469 1486/1486/1486
f 1488/1488/1488 1472/1472/1472 1493/1493/1493
f 1421/1421/1421 1423/1423/1423 1417/1417/1417
f 1486/1486/1486 1470/1470/1470 1488/1488/1488
f 1541/1541/1541 1539/1539/1539 1538/1538/1538
f 1472/1472/1472 1474/1474/1474 1494/1494/1494
f 1493/1493/1493 1472/1472/1472 1494/1494/1494
f 1674/1674/1674 1673/1673/1673 1675/1675/1675
f 1486/1486/1486 1488/1488/1488 1489/1489/1489
f 1490/1490/1490 1488/1488/1488 1493/1493/1493
f 1422/1422/1422 1417/1417/1417 1423/1423/1423
f 1493/1493/1493 1494/1494/1494 1495/1495/1495
f 1673/1673/1673 1676/1676/1676 1675/1675/1675
f 1489/1489/1489 1488/1488/1488 1490/1490/1490
f 1416/1416/1416 1417/1417/1417 1422/1422/1422
f 1486/1486/1486 1492/1492/1492 1487/1487/1487
f 1492/1492/1492 1486/1486/1486 1491/1491/1491
f 1491/1491/1491 1486/1486/1486 1489/1489/1489
f 1416/1416/1416 1422/1422/1422 1424/1424/1424
f 1491/1491/1491 1489/1489/1489 1496/1496/1496
f 1538/1538/1538 1533/1533/1533 1536/1536/1536
f 1553/1553/1553 1570/1570/1570 1539/1539/1539
f 1536/1536/1536 1537/1537/1537 1543/1543/1543
f 1543/1543/1543 1550/1550/1550 1547/1547/1547
f 1539/1539/1539 1533/1533/1533 1538/1538/1538
f 1677/1677/1677 1676/1676/1676 1673/1673/1673
f 1536/1536/1536 1535/1535/1535 1537/1537/1537
f 1533/1533/1533 1535/1535/1535 1536/1536/1536
f 1537/1537/1537 1515/1515/1515 1543/1543/1543
f 1543/1543/1543 1515/1515/1515 1550/1550/1550
f 1539/1539/1539 1570/1570/1570 1533/1533/1533
f 1677/1677/1677 1678/1678/1678 1676/1676/1676
f 1553/1553/1553 1534/1534/1534 1570/1570/1570
f 1537/1537/1537 1551/1551/1551 1515/1515/1515
f 1534/1534/1534 1533/1533/1533 1570/1570/1570
f 1550/1550/1550 1513/1513/1513 1547/1547/1547
f 1678/1678/1678 1680/1680/1680 1676/1676/1676
f 1550/1550/1550 1515/1515/1515 1513/1513/1513
f 1678/1678/1678 1677/1677/1677 1679/1679/1679
f 1537/1537/1537 1535/1535/1535 1551/1551/1551
f 1551/1551/1551 1517/1517/1517 1515/1515/1515
f 1678/1678/1678 1679/1679/1679 1682/1682/1682
f 1515/1515/1515 1514/1514/1514 1513/1513/1513
f 1534/1534/1534 1532/1532/1532 1533/1533/1533
f 1533/1533/1533 1532/1532/1532 1526/1526/1526
f 1533/1533/1533 1526/1526/1526 1535/1535/1535
f 1678/1678/1678 1681/1681/1681 1680/1680/1680
f 1535/1535/1535 1523/1523/1523 1551/1551/1551
f 1535/1535/1535 1526/1526/1526 1523/1523/1523
f 1517/1517/1517 1514/1514/1514 1515/1515/1515
f 1682/1682/1682 1681/1681/1681 1678/1678/1678
f 1523/1523/1523 1517/1517/1517 1551/1551/1551
f 1679/1679/1679 1579/1579/1579 1682/1682/1682
f 1682/1682/1682 1683/1683/1683 1681/1681/1681
f 1513/1513/1513 1508/1508/1508 1512/1512/1512
f 1682/1682/1682 1579/1579/1579 1683/1683/1683
f 1517/1517/1517 1516/1516/1516 1514/1514/1514
f 1513/1513/1513 1514/1514/1514 1508/1508/1508
f 1686/1686/1686 1681/1681/1681 1683/1683/1683
f 1583/1583/1583 1686/1686/1686 1684/1684/1684
f 1684/1684/1684 1686/1686/1686 1683/1683/1683
f 1683/1683/1683 1579/1579/1579 1684/1684/1684
f 1526/1526/1526 1522/1522/1522 1523/1523/1523
f 1508/1508/1508 1510/1510/1510 1512/1512/1512
f 1579/1579/1579 1578/1578/1578 1577/1577/1577
f 1517/1517/1517 1523/1523/1523 1522/1522/1522
f 1583/1583/1583 1684/1684/1684 1581/1581/1581
f 1531/1531/1531 1530/1530/1530 1532/1532/1532
f 1581/1581/1581 1582/1582/1582 1583/1583/1583
f 1517/1517/1517 1522/1522/1522 1519/1519/1519
f 1532/1532/1532 1530/1530/1530 1526/1526/1526
f 1577/1577/1577 1578/1578/1578 1510/1510/1510
f 1508/1508/1508 1507/1507/1507 1510/1510/1510
f 1684/1684/1684 1579/1579/1579 1685/1685/1685
f 1584/1584/1584 1582/1582/1582 1581/1581/1581
f 1517/1517/1517 1519/1519/1519 1516/1516/1516
f 1526/1526/1526 1530/1530/1530 1525/1525/1525
f 1581/1581/1581 1684/1684/1684 1685/1685/1685
f 1526/1526/1526 1525/1525/1525 1522/1522/1522
f 1511/1511/1511 1577/1577/1577 1510/1510/1510
f 1511/1511/1511 1510/1510/1510 1507/1507/1507
f 1581/1581/1581 1585/1585/1585 1584/1584/1584
f 1514/1514/1514 1516/1516/1516 1508/1508/1508
f 1581/1581/1581 1586/1586/1586 1585/1585/1585
f 1586/1586/1586 1602/1602/1602 1585/1585/1585
f 1522/1522/1522 1524/1524/1524 1519/1519/1519
f 1516/1516/1516 1518/1518/1518 1508/1508/1508
f 1587/1587/1587 1584/1584/1584 1585/1585/1585
f 1530/1530/1530 1528/1528/1528 1525/1525/1525
f 1519/1519/1519 1518/1518/1518 1516/1516/1516
f 1518/1518/1518 1509/1509/1509 1508/1508/1508
f 1508/1508/1508 1505/1505/1505 1507/1507/1507
f 1522/1522/1522 1525/1525/1525 1524/1524/1524
f 1508/1508/1508 1509/1509/1509 1505/1505/1505
f 1530/1530/1530 1531/1531/1531 1528/1528/1528
f 1507/1507/1507 1505/1505/1505 1503/1503/1503
f 1531/1531/1531 1571/1571/1571 1528/1528/1528
f 1572/1572/1572 1571/1571/1571 1531/1531/1531
f 1524/1524/1524 1521/1521/1521 1519/1519/1519
f 1519/1519/1519 1521/1521/1521 1518/1518/1518
f 1585/1585/1585 1589/1589/1589 1588/1588/1588
f 1509/1509/1509 1518/1518/1518 1520/1520/1520
f 1505/1505/1505 1500/1500/1500 1503/1503/1503
f 1585/1585/1585 1588/1588/1588 1587/1587/1587
f 1590/1590/1590 1587/1587/1587 1588/1588/1588
f 1504/1504/1504 1503/1503/1503 1502/1502/1502
f 1509/1509/1509 1506/1506/1506 1505/1505/1505
f 1528/1528/1528 1527/1527/1527 1525/1525/1525
f 1525/1525/1525 1527/1527/1527 1524/1524/1524
f 1500/1500/1500 1502/1502/1502 1503/1503/1503
f 1588/1588/1588 1589/1589/1589 1592/1592/1592
f 1571/1571/1571 1573/1573/1573 1528/1528/1528
f 1588/1588/1588 1591/1591/1591 1590/1590/1590
f 1590/1590/1590 1591/1591/1591 1593/1593/1593
f 1601/1601/1601 1600/1600/1600 1589/1589/1589
f 1505/1505/1505 1506/1506/1506 1500/1500/1500
f 1594/1594/1594 1593/1593/1593 1591/1591/1591
f 1591/1591/1591 1588/1588/1588 1592/1592/1592
f 1500/1500/1500 1501/1501/1501 1502/1502/1502
f 1589/1589/1589 1600/1600/1600 1592/1592/1592
f 1509/1509/1509 1520/1520/1520 1506/1506/1506
f 1600/1600/1600 1601/1601/1601 1502/1502/1502
f 1528/1528/1528 1573/1573/1573 1529/1529/1529
f 1600/1600/1600 1502/1502/1502 1501/1501/1501
f 1528/1528/1528 1529/1529/1529 1527/1527/1527
f 1591/1591/1591 1596/1596/1596 1595/1595/1595
f 1594/1594/1594 1591/1591/1591 1595/1595/1595
f 1594/1594/1594 1595/1595/1595 1597/1597/1597
f 1598/1598/1598 1595/1595/1595 1603/1603/1603
f 1597/1597/1597 1595/1595/1595 1598/1598/1598
f 1599/1599/1599 1594/1594/1594 1597/1597/1597
f 1603/1603/1603 1604/1604/1604 1598/1598/1598
f 1529/1529/1529 1573/1573/1573 1574/1574/1574
f 1575/1575/1575 1574/1574/1574 1573/1573/1573
f 1574/1574/1574 1575/1575/1575 1576/1576/1576
f 1566/1566/1566 1562/1562/1562 1567/1567/1567
f 1402/1402/1402 1410/1410/1410 1414/1414/1414
f 1687/1687/1687 1688/1688/1688 1689/1689/1689
f 1692/1692/1692 1689/1689/1689 1694/1694/1694
f 1692/1692/1692 1691/1691/1691 1689/1689/1689
f 1690/1690/1690 1687/1687/1687 1689/1689/1689
f 1689/1689/1689 1691/1691/1691 1690/1690/1690
f 1693/1693/1693 1690/1690/1690 1691/1691/1691
f 1695/1695/1695 1696/1696/1696 1697/1697/1697
f 1699/1699/1699 1695/1695/1695 1697/1697/1697
f 1696/1696/1696 1695/1695/1695 1698/1698/1698
f 1700/1700/1700 1701/1701/1701 1703/1703/1703
f 1701/1701/1701 1700/1700/1700 1699/1699/1699
f 1699/1699/1699 1700/1700/1700 1695/1695/1695
f 1695/1695/1695 1700/1700/1700 1702/1702/1702
f 1740/1740/1740 1737/1737/1737 1736/1736/1736
f 1738/1738/1738 1737/1737/1737 1743/1743/1743
f 1737/1737/1737 1740/1740/1740 1741/1741/1741
f 1736/1736/1736 1737/1737/1737 1724/1724/1724
f 1738/1738/1738 1724/1724/1724 1737/1737/1737
f 1739/1739/1739 1724/1724/1724 1738/1738/1738
f 1735/1735/1735 1736/1736/1736 1724/1724/1724
f 1736/1736/1736 1735/1735/1735 1742/1742/1742
f 1739/1739/1739 1744/1744/1744 1724/1724/1724
f 1735/1735/1735 1724/1724/1724 1715/1715/1715
f 1715/1715/1715 1724/1724/1724 1712/1712/1712
f 1732/1732/1732 1724/1724/1724 1744/1744/1744
f 1734/1734/1734 1744/1744/1744 1739/1739/1739
f 1712/1712/1712 1724/1724/1724 1721/1721/1721
f 1711/1711/1711 1715/1715/1715 1712/1712/1712
f 1716/1716/1716 1715/1715/1715 1711/1711/1711
f 1732/1732/1732 1744/1744/1744 1734/1734/1734
f 1732/1732/1732 1721/1721/1721 1724/1724/1724
f 1716/1716/1716 1711/1711/1711 1723/1723/1723
f 1734/1734/1734 1733/1733/1733 1732/1732/1732
f 1731/1731/1731 1729/1729/1729 1727/1727/1727
f 1721/1721/1721 1732/1732/1732 1730/1730/1730
f 1721/1721/1721 1730/1730/1730 1727/1727/1727
f 1732/1732/1732 1733/1733/1733 1730/1730/1730
f 1745/1745/1745 1746/1746/1746 1747/1747/1747
f 1711/1711/1711 1712/1712/1712 1713/1713/1713
f 1727/1727/1727 1729/1729/1729 1728/1728/1728
f 1712/1712/1712 1714/1714/1714 1713/1713/1713
f 1723/1723/1723 1711/1711/1711 1725/1725/1725
f 1726/1726/1726 1727/1727/1727 1728/1728/1728
f 1712/1712/1712 1721/1721/1721 1717/1717/1717
f 1714/1714/1714 1712/1712/1712 1717/1717/1717
f 1727/1727/1727 1726/1726/1726 1721/1721/1721
f 1717/1717/1717 1721/1721/1721 1722/1722/1722
f 1726/1726/1726 1722/1722/1722 1721/1721/1721
f 1707/1707/1707 1708/1708/1708 1709/1709/1709
f 1718/1718/1718 1714/1714/1714 1717/1717/1717
f 1706/1706/1706 1707/1707/1707 1709/1709/1709
f 1719/1719/1719 1717/1717/1717 1722/1722/1722
f 1718/1718/1718 1717/1717/1717 1719/1719/1719
f 1705/1705/1705 1707/1707/1707 1706/1706/1706
f 1706/1706/1706 1709/1709/1709 1710/1710/1710
f 1718/1718/1718 1719/1719/1719 1720/1720/1720
f 1704/1704/1704 1705/1705/1705 1706/1706/1706
f 1748/1748/1748 1749/1749/1749 1750/1750/1750
f 1751/1751/1751 1748/1748/1748 1750/1750/1750
f 1753/1753/1753 1750/1750/1750 1755/1755/1755
f 1766/1766/1766 1767/1767/1767 1748/1748/1748
f 1752/1752/1752 1748/1748/1748 1751/1751/1751
f 1753/1753/1753 1751/1751/1751 1750/1750/1750
f 1752/1752/1752 1766/1766/1766 1748/1748/1748
f 1753/1753/1753 1754/1754/1754 1751/1751/1751
f 1761/1761/1761 1752/1752/1752 1754/1754/1754
f 1756/1756/1756 1753/1753/1753 1755/1755/1755
f 1761/1761/1761 1754/1754/1754 1753/1753/1753
f 1759/1759/1759 1761/1761/1761 1753/1753/1753
f 1764/1764/1764 1766/1766/1766 1752/1752/1752
f 1760/1760/1760 1752/1752/1752 1761/1761/1761
f 1757/1757/1757 1759/1759/1759 1753/1753/1753
f 1753/1753/1753 1756/1756/1756 1757/1757/1757
f 1757/1757/1757 1760/1760/1760 1759/1759/1759
f 1762/1762/1762 1764/1764/1764 1752/1752/1752
f 1760/1760/1760 1762/1762/1762 1752/1752/1752
f 1773/1773/1773 1776/1776/1776 1771/1771/1771
f 1773/1773/1773 1771/1771/1771 1772/1772/1772
f 1763/1763/1763 1762/1762/1762 1760/1760/1760
f 1762/1762/1762 1765/1765/1765 1764/1764/1764
f 1758/1758/1758 1757/1757/1757 1756/1756/1756
f 1765/1765/1765 1768/1768/1768 1764/1764/1764
f 1769/1769/1769 1771/1771/1771 1768/1768/1768
f 1782/1782/1782 1758/1758/1758 1756/1756/1756
f 1772/1772/1772 1771/1771/1771 1769/1769/1769
f 1758/1758/1758 1760/1760/1760 1757/1757/1757
f 1763/1763/1763 1765/1765/1765 1762/1762/1762
f 1765/1765/1765 1769/1769/1769 1768/1768/1768
f 1760/1760/1760 1758/1758/1758 1763/1763/1763
f 1763/1763/1763 1779/1779/1779 1765/1765/1765
f 1777/1777/1777 1765/1765/1765 1779/1779/1779
f 1777/1777/1777 1770/1770/1770 1765/1765/1765
f 1770/1770/1770 1769/1769/1769 1765/1765/1765
f 1779/1779/1779 1780/1780/1780 1777/1777/1777
f 1777/1777/1777 1778/1778/1778 1770/1770/1770
f 1772/1772/1772 1769/1769/1769 1774/1774/1774
f 1778/1778/1778 1781/1781/1781 1770/1770/1770
f 1770/1770/1770 1775/1775/1775 1769/1769/1769
f 1775/1775/1775 1774/1774/1774 1769/1769/1769
f 1783/1783/1783 1784/1784/1784 1785/1785/1785
f 1787/1787/1787 1784/1784/1784 1786/1786/1786
f 1788/1788/1788 1787/1787/1787 1786/1786/1786
f 1784/1784/1784 1783/1783/1783 1786/1786/1786
f 1789/1789/1789 1790/1790/1790 1791/1791/1791
f 1792/1792/1792 1793/1793/1793 1794/1794/1794
f 1795/1795/1795 1793/1793/1793 1792/1792/1792
f 1796/1796/1796 1797/1797/1797 1795/1795/1795
f 1796/1796/1796 1795/1795/1795 1792/1792/1792
f 1798/1798/1798 1799/1799/1799 1800/1800/1800
f 1801/1801/1801 1798/1798/1798 1800/1800/1800
f 1802/1802/1802 1803/1803/1803 1804/1804/1804
f 1802/1802/1802 1804/1804/1804 1805/1805/1805
f 1827/1827/1827 1829/1829/1829 1828/1828/1828
f 1826/1826/1826 1827/1827/1827 1828/1828/1828
f 1829/1829/1829 1827/1827/1827 1830/1830/1830
f 1821/1821/1821 1824/1824/1824 1822/1822/1822
f 1821/1821/1821 1818/1818/1818 1824/1824/1824
f 1806/1806/1806 1807/1807/1807 1808/1808/1808
f 1825/1825/1825 1826/1826/1826 1828/1828/1828
f 1811/1811/1811 1812/1812/1812 1825/1825/1825
f 1818/1818/1818 1825/1825/1825 1824/1824/1824
f 1811/1811/1811 1827/1827/1827 1826/1826/1826
f 1818/1818/1818 1811/1811/1811 1825/1825/1825
f 1830/1830/1830 1827/1827/1827 1814/1814/1814
f 1811/1811/1811 1810/1810/1810 1812/1812/1812
f 1814/1814/1814 1827/1827/1827 1811/1811/1811
f 1822/1822/1822 1816/1816/1816 1821/1821/1821
f 1813/1813/1813 1815/1815/1815 1814/1814/1814
f 1815/1815/1815 1813/1813/1813 1819/1819/1819
f 1813/1813/1813 1817/1817/1817 1819/1819/1819
f 1813/1813/1813 1816/1816/1816 1817/1817/1817
f 1809/1809/1809 1810/1810/1810 1811/1811/1811
f 1813/1813/1813 1814/1814/1814 1811/1811/1811
f 1816/1816/1816 1818/1818/1818 1821/1821/1821
f 1811/1811/1811 1818/1818/1818 1813/1813/1813
f 1818/1818/1818 1816/1816/1816 1813/1813/1813
f 1816/1816/1816 1822/1822/1822 1823/1823/1823
f 1820/1820/1820 1819/1819/1819 1817/1817/1817
f 1820/1820/1820 1816/1816/1816 1823/1823/1823
f 1820/1820/1820 1817/1817/1817 1816/1816/1816
f 1831/1831/1831 1832/1832/1832 1833/1833/1833
f 1834/1834/1834 1856/1856/1856 1855/1855/1855
f 1832/1832/1832 1834/1834/1834 1833/1833/1833
f 1857/1857/1857 1855/1855/1855 1856/1856/1856
f 1831/1831/1831 1833/1833/1833 1835/1835/1835
f 1833/1833/1833 1834/1834/1834 1855/1855/1855
f 1837/1837/1837 1838/1838/1838 1836/1836/1836
f 1836/1836/1836 1831/1831/1831 1835/1835/1835
f 1836/1836/1836 1835/1835/1835 1837/1837/1837
f 1840/1840/1840 1842/1842/1842 1841/1841/1841
f 1848/1848/1848 1849/1849/1849 1851/1851/1851
f 1841/1841/1841 1838/1838/1838 1840/1840/1840
f 1842/1842/1842 1840/1840/1840 1843/1843/1843
f 1842/1842/1842 1843/1843/1843 1844/1844/1844
f 1846/1846/1846 1844/1844/1844 1845/1845/1845
f 1852/1852/1852 1851/1851/1851 1849/1849/1849
f 1837/1837/1837 1839/1839/1839 1838/1838/1838
f 1844/1844/1844 1843/1843/1843 1845/1845/1845
f 1838/1838/1838 1839/1839/1839 1840/1840/1840
f 1848/1848/1848 1847/1847/1847 1849/1849/1849
f 1848/1848/1848 1846/1846/1846 1847/1847/1847
f 1845/1845/1845 1847/1847/1847 1846/1846/1846
f 1849/1849/1849 1847/1847/1847 1850/1850/1850
f 1850/1850/1850 1853/1853/1853 1849/1849/1849
f 1849/1849/1849 1853/1853/1853 1854/1854/1854
f 1858/1858/1858 1859/1859/1859 1860/1860/1860
f 1897/1897/1897 1896/1896/1896 1859/1859/1859
f 1859/1859/1859 1861/1861/1861 1860/1860/1860
f 1869/1869/1869 1870/1870/1870 1871/1871/1871
f 1896/1896/1896 1865/1865/1865 1859/1859/1859
f 1865/1865/1865 1864/1864/1864 1859/1859/1859
f 1865/1865/1865 1868/1868/1868 1864/1864/1864
f 1859/1859/1859 1862/1862/1862 1861/1861/1861
f 1859/1859/1859 1864/1864/1864 1863/1863/1863
f 1868/1868/1868 1870/1870/1870 1869/1869/1869
f 1863/1863/1863 1862/1862/1862 1859/1859/1859
f 1869/1869/1869 1866/1866/1866 1868/1868/1868
f 1864/1864/1864 1868/1868/1868 1866/1866/1866
f 1876/1876/1876 1871/1871/1871 1872/1872/1872
f 1871/1871/1871 1873/1873/1873 1869/1869/1869
f 1871/1871/1871 1876/1876/1876 1874/1874/1874
f 1877/1877/1877 1874/1874/1874 1876/1876/1876
f 1878/1878/1878 1877/1877/1877 1880/1880/1880
f 1881/1881/1881 1878/1878/1878 1880/1880/1880
f 1874/1874/1874 1873/1873/1873 1871/1871/1871
f 1878/1878/1878 1875/1875/1875 1877/1877/1877
f 1874/1874/1874 1877/1877/1877 1875/1875/1875
f 1884/1884/1884 1889/1889/1889 1887/1887/1887
f 1866/1866/1866 1869/1869/1869 1867/1867/1867
f 1866/1866/1866 1863/1863/1863 1864/1864/1864
f 1881/1881/1881 1882/1882/1882 1878/1878/1878
f 1879/1879/1879 1875/1875/1875 1878/1878/1878
f 1889/1889/1889 1890/1890/1890 1887/1887/1887
f 1878/1878/1878 1882/1882/1882 1883/1883/1883
f 1863/1863/1863 1866/1866/1866 1867/1867/1867
f 1891/1891/1891 1890/1890/1890 1889/1889/1889
f 1878/1878/1878 1883/1883/1883 1885/1885/1885
f 1887/1887/1887 1886/1886/1886 1884/1884/1884
f 1891/1891/1891 1892/1892/1892 1890/1890/1890
f 1885/1885/1885 1879/1879/1879 1878/1878/1878
f 1888/1888/1888 1887/1887/1887 1890/1890/1890
f 1884/1884/1884 1883/1883/1883 1882/1882/1882
f 1886/1886/1886 1883/1883/1883 1884/1884/1884
f 1875/1875/1875 1873/1873/1873 1874/1874/1874
f 1873/1873/1873 1875/1875/1875 1879/1879/1879
f 1886/1886/1886 1887/1887/1887 1888/1888/1888
f 1893/1893/1893 1890/1890/1890 1892/1892/1892
f 1883/1883/1883 1886/1886/1886 1885/1885/1885
f 1886/1886/1886 1888/1888/1888 1895/1895/1895
f 1870/1870/1870 1872/1872/1872 1871/1871/1871
f 1893/1893/1893 1892/1892/1892 1894/1894/1894
f 1898/1898/1898 1899/1899/1899 1900/1900/1900
f 1902/1902/1902 1921/1921/1921 1899/1899/1899
f 1899/1899/1899 1901/1901/1901 1902/1902/1902
f 1920/1920/1920 1902/1902/1902 1919/1919/1919
f 1901/1901/1901 1919/1919/1919 1902/1902/1902
f 1919/1919/1919 1918/1918/1918 1920/1920/1920
f 1905/1905/1905 1908/1908/1908 1906/1906/1906
f 1907/1907/1907 1905/1905/1905 1903/1903/1903
f 1907/1907/1907 1908/1908/1908 1905/1905/1905
f 1901/1901/1901 1906/1906/1906 1919/1919/1919
f 1901/1901/1901 1899/1899/1899 1898/1898/1898
f 1911/1911/1911 1908/1908/1908 1907/1907/1907
f 1906/1906/1906 1908/1908/1908 1918/1918/1918
f 1901/1901/1901 1905/1905/1905 1906/1906/1906
f 1898/1898/1898 1903/1903/1903 1901/1901/1901
f 1905/1905/1905 1901/1901/1901 1903/1903/1903
f 1906/1906/1906 1918/1918/1918 1919/1919/1919
f 1907/1907/1907 1909/1909/1909 1911/1911/1911
f 1904/1904/1904 1903/1903/1903 1898/1898/1898
f 1904/1904/1904 1898/1898/1898 1917/1917/1917
f 1904/1904/1904 1907/1907/1907 1903/1903/1903
f 1904/1904/1904 1909/1909/1909 1907/1907/1907
f 1915/1915/1915 1904/1904/1904 1917/1917/1917
f 1915/1915/1915 1910/1910/1910 1904/1904/1904
f 1911/1911/1911 1909/1909/1909 1912/1912/1912
f 1910/1910/1910 1909/1909/1909 1904/1904/1904
f 1915/1915/1915 1916/1916/1916 1910/1910/1910
f 1910/1910/1910 1913/1913/1913 1909/1909/1909
f 1913/1913/1913 1912/1912/1912 1909/1909/1909
f 1913/1913/1913 1914/1914/1914 1912/1912/1912
f 1922/1922/1922 1923/1923/1923 1924/1924/1924
f 1923/1923/1923 1922/1922/1922 1925/1925/1925
f 1926/1926/1926 1927/1927/1927 1928/1928/1928
f 1932/1932/1932 1926/1926/1926 1931/1931/1931
f 1928/1928/1928 1929/1929/1929 1926/1926/1926
f 1931/1931/1931 1934/1934/1934 1935/1935/1935
f 1931/1931/1931 1935/1935/1935 1937/1937/1937
f 1937/1937/1937 1935/1935/1935 1938/1938/1938
f 1933/1933/1933 1934/1934/1934 1931/1931/1931
f 1936/1936/1936 1935/1935/1935 1934/1934/1934
f 1931/1931/1931 1926/1926/1926 1930/1930/1930
f 1930/1930/1930 1933/1933/1933 1931/1931/1931
f 1930/1930/1930 1926/1926/1926 1929/1929/1929
f 1939/1939/1939 1940/1940/1940 1941/1941/1941
f 1940/1940/1940 1939/1939/1939 1942/1942/1942
f 1945/1945/1945 1943/1943/1943 1939/1939/1939
f 1943/1943/1943 1942/1942/1942 1939/1939/1939
f 1943/1943/1943 1945/1945/1945 1946/1946/1946
f 1944/1944/1944 1943/1943/1943 1946/1946/1946
f 1949/1949/1949 1952/1952/1952 1948/1948/1948
f 1948/1948/1948 1951/1951/1951 1950/1950/1950
f 1942/1942/1942 1943/1943/1943 1944/1944/1944
f 1949/1949/1949 1948/1948/1948 1947/1947/1947
f 1944/1944/1944 1946/1946/1946 1947/1947/1947
f 1944/1944/1944 1948/1948/1948 1950/1950/1950
f 1951/1951/1951 1948/1948/1948 1952/1952/1952
f 1944/1944/1944 1950/1950/1950 1942/1942/1942
f 1947/1947/1947 1948/1948/1948 1944/1944/1944
f 1953/1953/1953 1954/1954/1954 1955/1955/1955
f 1956/1956/1956 1954/1954/1954 1953/1953/1953
f 1954/1954/1954 1957/1957/1957 1958/1958/1958
f 1957/1957/1957 1954/1954/1954 1956/1956/1956
f 1956/1956/1956 1959/1959/1959 1957/1957/1957
f 1960/1960/1960 1961/1961/1961 1962/1962/1962
f 1962/1962/1962 1964/1964/1964 1960/1960/1960
f 1962/1962/1962 2045/2045/2045 1965/1965/1965
f 1964/1964/1964 1962/1962/1962 1965/1965/1965
f 1961/1961/1961 1960/1960/1960 1963/1963/1963
f 2047/2047/2047 2046/2046/2046 2045/2045/2045
f 1967/1967/1967 1963/1963/1963 1960/1960/1960
f 2044/2044/2044 1965/1965/1965 2045/2045/2045
f 2044/2044/2044 2045/2045/2045 2046/2046/2046
f 1960/1960/1960 1964/1964/1964 1966/1966/1966
f 1966/1966/1966 1964/1964/1964 1965/1965/1965
f 1960/1960/1960 1966/1966/1966 1967/1967/1967
f 2042/2042/2042 1965/1965/1965 2044/2044/2044
f 2042/2042/2042 1966/1966/1966 1965/1965/1965
f 1968/1968/1968 1967/1967/1967 1966/1966/1966
f 2042/2042/2042 2043/2043/2043 1966/1966/1966
f 1969/1969/1969 1967/1967/1967 1968/1968/1968
f 1970/1970/1970 1967/1967/1967 1969/1969/1969
f 1971/1971/1971 1969/1969/1969 1972/1972/1972
f 1969/1969/1969 1971/1971/1971 1970/1970/1970
f 1981/1981/1981 1979/1979/1979 1980/1980/1980
f 1973/1973/1973 1970/1970/1970 1971/1971/1971
f 1979/1979/1979 1973/1973/1973 1977/1977/1977
f 1991/1991/1991 1989/1989/1989 1990/1990/1990
f 1995/1995/1995 1996/1996/1996 1992/1992/1992
f 1981/1981/1981 1980/1980/1980 1982/1982/1982
f 1984/1984/1984 1981/1981/1981 1982/1982/1982
f 1971/1971/1971 1974/1974/1974 1973/1973/1973
f 1980/1980/1980 1979/1979/1979 1977/1977/1977
f 1990/1990/1990 1989/1989/1989 1988/1988/1988
f 1994/1994/1994 1995/1995/1995 1992/1992/1992
f 1990/1990/1990 1988/1988/1988 1992/1992/1992
f 1989/1989/1989 1987/1987/1987 1988/1988/1988
f 1980/1980/1980 1977/1977/1977 1978/1978/1978
f 1980/1980/1980 1978/1978/1978 1982/1982/1982
f 1994/1994/1994 1992/1992/1992 1993/1993/1993
f 1973/1973/1973 1974/1974/1974 1975/1975/1975
f 1984/1984/1984 1982/1982/1982 1983/1983/1983
f 1973/1973/1973 1975/1975/1975 1977/1977/1977
f 1992/1992/1992 1988/1988/1988 1993/1993/1993
f 1987/1987/1987 1985/1985/1985 1988/1988/1988
f 1977/1977/1977 1975/1975/1975 1978/1978/1978
f 1987/1987/1987 1984/1984/1984 1985/1985/1985
f 1984/1984/1984 1983/1983/1983 1985/1985/1985
f 1988/1988/1988 1985/1985/1985 1986/1986/1986
f 1982/1982/1982 1978/1978/1978 1983/1983/1983
f 1988/1988/1988 1986/1986/1986 1993/1993/1993
f 2001/2001/2001 1978/1978/1978 1975/1975/1975
f 1993/1993/1993 1986/1986/1986 1997/1997/1997
f 1983/1983/1983 1978/1978/1978 2001/2001/2001
f 1975/1975/1975 1974/1974/1974 1976/1976/1976
f 1985/1985/1985 1983/1983/1983 1986/1986/1986
f 1993/1993/1993 1997/1997/1997 1999/1999/1999
f 1986/1986/1986 1998/1998/1998 1997/1997/1997
f 1997/1997/1997 1998/1998/1998 1999/1999/1999
f 1986/1986/1986 1983/1983/1983 2001/2001/2001
f 1986/1986/1986 2001/2001/2001 2000/2000/2000
f 1975/1975/1975 1976/1976/1976 2001/2001/2001
f 1998/1998/1998 1986/1986/1986 2000/2000/2000
f 1976/1976/1976 2041/2041/2041 2025/2025/2025
f 1976/1976/1976 2025/2025/2025 2001/2001/2001
f 2025/2025/2025 2041/2041/2041 2037/2037/2037
f 2000/2000/2000 2001/2001/2001 2003/2003/2003
f 1998/1998/1998 2000/2000/2000 2002/2002/2002
f 2025/2025/2025 2037/2037/2037 2024/2024/2024
f 2041/2041/2041 2039/2039/2039 2037/2037/2037
f 2025/2025/2025 2024/2024/2024 2001/2001/2001
f 1998/1998/1998 2002/2002/2002 2004/2004/2004
f 2000/2000/2000 2003/2003/2003 2002/2002/2002
f 2001/2001/2001 2019/2019/2019 2003/2003/2003
f 2037/2037/2037 2039/2039/2039 2038/2038/2038
f 2001/2001/2001 2024/2024/2024 2022/2022/2022
f 2037/2037/2037 2038/2038/2038 2027/2027/2027
f 2002/2002/2002 2005/2005/2005 2004/2004/2004
f 2038/2038/2038 2040/2040/2040 2027/2027/2027
f 2019/2019/2019 2018/2018/2018 2003/2003/2003
f 2001/2001/2001 2022/2022/2022 2019/2019/2019
f 2004/2004/2004 2005/2005/2005 2007/2007/2007
f 2027/2027/2027 2024/2024/2024 2037/2037/2037
f 2005/2005/2005 2002/2002/2002 2006/2006/2006
f 2002/2002/2002 2003/2003/2003 2006/2006/2006
f 2022/2022/2022 2021/2021/2021 2019/2019/2019
f 2024/2024/2024 2027/2027/2027 2026/2026/2026
f 2031/2031/2031 2026/2026/2026 2027/2027/2027
f 2005/2005/2005 2006/2006/2006 2007/2007/2007
f 2024/2024/2024 2026/2026/2026 2022/2022/2022
f 2020/2020/2020 2019/2019/2019 2021/2021/2021
f 2003/2003/2003 2011/2011/2011 2006/2006/2006
f 2018/2018/2018 2019/2019/2019 2020/2020/2020
f 2021/2021/2021 2022/2022/2022 2023/2023/2023
f 2022/2022/2022 2026/2026/2026 2023/2023/2023
f 2007/2007/2007 2006/2006/2006 2008/2008/2008
f 2031/2031/2031 2036/2036/2036 2030/2030/2030
f 2028/2028/2028 2026/2026/2026 2029/2029/2029
f 2003/2003/2003 2018/2018/2018 2017/2017/2017
f 2026/2026/2026 2031/2031/2031 2030/2030/2030
f 2030/2030/2030 2036/2036/2036 2035/2035/2035
f 2026/2026/2026 2030/2030/2030 2029/2029/2029
f 2018/2018/2018 2020/2020/2020 2017/2017/2017
f 2026/2026/2026 2028/2028/2028 2023/2023/2023
f 2035/2035/2035 2034/2034/2034 2030/2030/2030
f 2017/2017/2017 2011/2011/2011 2003/2003/2003
f 2030/2030/2030 2032/2032/2032 2029/2029/2029
f 2033/2033/2033 2030/2030/2030 2034/2034/2034
f 2008/2008/2008 2006/2006/2006 2009/2009/2009
f 2030/2030/2030 2033/2033/2033 2032/2032/2032
f 2006/2006/2006 2011/2011/2011 2010/2010/2010
f 2011/2011/2011 2016/2016/2016 2010/2010/2010
f 2006/2006/2006 2010/2010/2010 2009/2009/2009
f 2016/2016/2016 2013/2013/2013 2010/2010/2010
f 2009/2009/2009 2010/2010/2010 2012/2012/2012
f 2009/2009/2009 2012/2012/2012 2014/2014/2014
f 2012/2012/2012 2010/2010/2010 2013/2013/2013
f 2012/2012/2012 2013/2013/2013 2015/2015/2015
f 2014/2014/2014 2012/2012/2012 2015/2015/2015
f 2048/2048/2048 2049/2049/2049 2050/2050/2050
f 2049/2049/2049 2048/2048/2048 2051/2051/2051
f 2051/2051/2051 2048/2048/2048 2052/2052/2052
f 2055/2055/2055 2060/2060/2060 2061/2061/2061
f 2055/2055/2055 2057/2057/2057 2060/2060/2060
f 2060/2060/2060 2057/2057/2057 2059/2059/2059
f 2062/2062/2062 2061/2061/2061 2060/2060/2060
f 2055/2055/2055 2056/2056/2056 2057/2057/2057
f 2062/2062/2062 2060/2060/2060 2059/2059/2059
f 2055/2055/2055 2062/2062/2062 2059/2059/2059
f 2055/2055/2055 2059/2059/2059 2058/2058/2058
f 2058/2058/2058 2053/2053/2053 2055/2055/2055
f 2054/2054/2054 2056/2056/2056 2055/2055/2055
f 2053/2053/2053 2054/2054/2054 2055/2055/2055
f 2063/2063/2063 2064/2064/2064 2065/2065/2065
f 2067/2067/2067 2063/2063/2063 2065/2065/2065
f 2064/2064/2064 2063/2063/2063 2066/2066/2066
f 2068/2068/2068 2069/2069/2069 2070/2070/2070
f 2071/2071/2071 2069/2069/2069 2068/2068/2068
f 2068/2068/2068 2070/2070/2070 2072/2072/2072
f 2069/2069/2069 2071/2071/2071 2073/2073/2073
f 2074/2074/2074 2069/2069/2069 2073/2073/2073
f 2075/2075/2075 2076/2076/2076 2077/2077/2077
f 2076/2076/2076 2075/2075/2075 2078/2078/2078
f 2084/2084/2084 2086/2086/2086 2083/2083/2083
f 2079/2079/2079 2076/2076/2076 2078/2078/2078
f 2078/2078/2078 2081/2081/2081 2079/2079/2079
f 2083/2083/2083 2081/2081/2081 2084/2084/2084
f 2080/2080/2080 2076/2076/2076 2079/2079/2079
f 2081/2081/2081 2083/2083/2083 2082/2082/2082
f 2079/2079/2079 2081/2081/2081 2082/2082/2082
f 2082/2082/2082 2083/2083/2083 2085/2085/2085
f 2080/2080/2080 2079/2079/2079 2082/2082/2082
f 2083/2083/2083 2086/2086/2086 2085/2085/2085
f 2082/2082/2082 2085/2085/2085 2087/2087/2087
f 2086/2086/2086 2084/2084/2084 2088/2088/2088
f 2089/2089/2089 2090/2090/2090 2091/2091/2091
f 2092/2092/2092 2089/2089/2089 2091/2091/2091
f 2093/2093/2093 2089/2089/2089 2092/2092/2092
f 2094/2094/2094 2092/2092/2092 2096/2096/2096
f 2097/2097/2097 2094/2094/2094 2096/2096/2096
f 2094/2094/2094 2093/2093/2093 2092/2092/2092
f 2097/2097/2097 2095/2095/2095 2094/2094/2094
f 2095/2095/2095 2093/2093/2093 2094/2094/2094
f 2098/2098/2098 2099/2099/2099 2100/2100/2100
f 2099/2099/2099 2102/2102/2102 2100/2100/2100
f 2103/2103/2103 2100/2100/2100 2102/2102/2102
f 2103/2103/2103 2102/2102/2102 2104/2104/2104
f 2101/2101/2101 2099/2099/2099 2098/2098/2098
f 2101/2101/2101 2098/2098/2098 2105/2105/2105
f 2106/2106/2106 2107/2107/2107 2108/2108/2108
f 2106/2106/2106 2110/2110/2110 2107/2107/2107
f 2107/2107/2107 2110/2110/2110 2112/2112/2112
f 2117/2117/2117 2116/2116/2116 2119/2119/2119
f 2115/2115/2115 2114/2114/2114 2118/2118/2118
f 2120/2120/2120 2119/2119/2119 2116/2116/2116
f 2121/2121/2121 2122/2122/2122 2123/2123/2123
f 2114/2114/2114 2115/2115/2115 2116/2116/2116
f 2114/2114/2114 2116/2116/2116 2117/2117/2117
f 2108/2108/2108 2109/2109/2109 2106/2106/2106
f 2113/2113/2113 2111/2111/2111 2108/2108/2108
f 2108/2108/2108 2111/2111/2111 2109/2109/2109
f 2124/2124/2124 2125/2125/2125 2126/2126/2126
f 2125/2125/2125 2128/2128/2128 2127/2127/2127
f 2125/2125/2125 2127/2127/2127 2126/2126/2126
f 2130/2130/2130 2131/2131/2131 2132/2132/2132
f 2129/2129/2129 2128/2128/2128 2125/2125/2125
f 2133/2133/2133 2134/2134/2134 2135/2135/2135
f 2136/2136/2136 2134/2134/2134 2133/2133/2133
f 2137/2137/2137 2134/2134/2134 2136/2136/2136
f 2138/2138/2138 2139/2139/2139 2140/2140/2140
f 2139/2139/2139 2142/2142/2142 2140/2140/2140
f 2138/2138/2138 2140/2140/2140 2143/2143/2143
f 2139/2139/2139 2138/2138/2138 2141/2141/2141
f 2158/2158/2158 2141/2141/2141 2138/2138/2138
f 2139/2139/2139 2141/2141/2141 2144/2144/2144
f 2158/2158/2158 2154/2154/2154 2141/2141/2141
f 2142/2142/2142 2139/2139/2139 2144/2144/2144
f 2152/2152/2152 2144/2144/2144 2141/2141/2141
f 2144/2144/2144 2152/2152/2152 2150/2150/2150
f 2150/2150/2150 2148/2148/2148 2144/2144/2144
f 2144/2144/2144 2148/2148/2148 2146/2146/2146
f 2147/2147/2147 2142/2142/2142 2145/2145/2145
f 2150/2150/2150 2151/2151/2151 2148/2148/2148
f 2144/2144/2144 2146/2146/2146 2145/2145/2145
f 2142/2142/2142 2144/2144/2144 2145/2145/2145
f 2152/2152/2152 2141/2141/2141 2154/2154/2154
f 2152/2152/2152 2154/2154/2154 2153/2153/2153
f 2152/2152/2152 2153/2153/2153 2150/2150/2150
f 2153/2153/2153 2154/2154/2154 2157/2157/2157
f 2150/2150/2150 2155/2155/2155 2151/2151/2151
f 2151/2151/2151 2155/2155/2155 2156/2156/2156
f 2155/2155/2155 2150/2150/2150 2153/2153/2153
f 2149/2149/2149 2145/2145/2145 2146/2146/2146
f 2159/2159/2159 2160/2160/2160 2161/2161/2161
f 2159/2159/2159 2161/2161/2161 2163/2163/2163
f 2159/2159/2159 2162/2162/2162 2160/2160/2160
f 2164/2164/2164 2165/2165/2165 2166/2166/2166
f 2167/2167/2167 2168/2168/2168 2169/2169/2169
f 2168/2168/2168 2167/2167/2167 2170/2170/2170
f 2171/2171/2171 2169/2169/2169 2168/2168/2168
f 2167/2167/2167 2176/2176/2176 2170/2170/2170
f 2176/2176/2176 2175/2175/2175 2170/2170/2170
f 2170/2170/2170 2172/2172/2172 2168/2168/2168
f 2180/2180/2180 2179/2179/2179 2181/2181/2181
f 2171/2171/2171 2168/2168/2168 2172/2172/2172
f 2173/2173/2173 2170/2170/2170 2175/2175/2175
f 2173/2173/2173 2172/2172/2172 2170/2170/2170
f 2174/2174/2174 2172/2172/2172 2173/2173/2173
f 2178/2178/2178 2174/2174/2174 2179/2179/2179
f 2178/2178/2178 2179/2179/2179 2180/2180/2180
f 2178/2178/2178 2177/2177/2177 2174/2174/2174
f 2177/2177/2177 2172/2172/2172 2174/2174/2174
f 2182/2182/2182 2183/2183/2183 2184/2184/2184
f 2186/2186/2186 2184/2184/2184 2187/2187/2187
f 2184/2184/2184 2186/2186/2186 2182/2182/2182
f 2182/2182/2182 2186/2186/2186 2188/2188/2188
f 2183/2183/2183 2182/2182/2182 2185/2185/2185
f 2188/2188/2188 2185/2185/2185 2182/2182/2182
f 2189/2189/2189 2185/2185/2185 2188/2188/2188
f 2190/2190/2190 2189/2189/2189 2188/2188/2188
f 2191/2191/2191 2189/2189/2189 2190/2190/2190
f 2192/2192/2192 2193/2193/2193 2194/2194/2194
f 2195/2195/2195 2194/2194/2194 2193/2193/2193
f 2196/2196/2196 2192/2192/2192 2194/2194/2194
f 2194/2194/2194 2197/2197/2197 2196/2196/2196
f 2194/2194/2194 2195/2195/2195 2197/2197/2197
f 2198/2198/2198 2197/2197/2197 2195/2195/2195
f 2200/2200/2200 2197/2197/2197 2199/2199/2199
f 2199/2199/2199 2197/2197/2197 2198/2198/2198
f 2201/2201/2201 2202/2202/2202 2203/2203/2203
f 2206/2206/2206 2205/2205/2205 2201/2201/2201
f 2204/2204/2204 2202/2202/2202 2201/2201/2201
f 2204/2204/2204 2201/2201/2201 2205/2205/2205
f 2215/2215/2215 2214/2214/2214 2210/2210/2210
f 2211/2211/2211 2210/2210/2210 2214/2214/2214
f 2210/2210/2210 2211/2211/2211 2212/2212/2212
f 2212/2212/2212 2213/2213/2213 2210/2210/2210
f 2232/2232/2232 2234/2234/2234 2233/2233/2233
f 2231/2231/2231 2232/2232/2232 2233/2233/2233
f 2210/2210/2210 2213/2213/2213 2217/2217/2217
f 2231/2231/2231 2230/2230/2230 2232/2232/2232
f 2207/2207/2207 2208/2208/2208 2209/2209/2209
f 2229/2229/2229 2235/2235/2235 2230/2230/2230
f 2218/2218/2218 2217/2217/2217 2213/2213/2213
f 2241/2241/2241 2235/2235/2235 2229/2229/2229
f 2216/2216/2216 2210/2210/2210 2217/2217/2217
f 2220/2220/2220 2217/2217/2217 2218/2218/2218
f 2226/2226/2226 2229/2229/2229 2230/2230/2230
f 2231/2231/2231 2226/2226/2226 2230/2230/2230
f 2221/2221/2221 2220/2220/2220 2218/2218/2218
f 2222/2222/2222 2221/2221/2221 2218/2218/2218
f 2225/2225/2225 2226/2226/2226 2227/2227/2227
f 2225/2225/2225 2227/2227/2227 2228/2228/2228
f 2225/2225/2225 2229/2229/2229 2226/2226/2226
f 2237/2237/2237 2226/2226/2226 2231/2231/2231
f 2219/2219/2219 2220/2220/2220 2221/2221/2221
f 2219/2219/2219 2221/2221/2221 2224/2224/2224
f 2223/2223/2223 2217/2217/2217 2220/2220/2220
f 2236/2236/2236 2240/2240/2240 2237/2237/2237
f 2231/2231/2231 2236/2236/2236 2237/2237/2237
f 2231/2231/2231 2238/2238/2238 2236/2236/2236
f 2238/2238/2238 2239/2239/2239 2236/2236/2236
f 2242/2242/2242 2243/2243/2243 2244/2244/2244
f 2245/2245/2245 2246/2246/2246 2247/2247/2247
f 2286/2286/2286 2287/2287/2287 2288/2288/2288
f 2300/2300/2300 2302/2302/2302 2299/2299/2299
f 2298/2298/2298 2300/2300/2300 2299/2299/2299
f 2276/2276/2276 2277/2277/2277 2278/2278/2278
f 2254/2254/2254 2255/2255/2255 2256/2256/2256
f 2280/2280/2280 2281/2281/2281 2279/2279/2279
f 2279/2279/2279 2277/2277/2277 2276/2276/2276
f 2248/2248/2248 2249/2249/2249 2250/2250/2250
f 2276/2276/2276 2280/2280/2280 2279/2279/2279
f 2251/2251/2251 2252/2252/2252 2253/2253/2253
f 2280/2280/2280 2276/2276/2276 2282/2282/2282
f 2270/2270/2270 2269/2269/2269 2271/2271/2271
f 2299/2299/2299 2301/2301/2301 2290/2290/2290
f 2266/2266/2266 2269/2269/2269 2264/2264/2264
f 2282/2282/2282 2276/2276/2276 2283/2283/2283
f 2282/2282/2282 2283/2283/2283 2284/2284/2284
f 2284/2284/2284 2285/2285/2285 2282/2282/2282
f 2264/2264/2264 2269/2269/2269 2270/2270/2270
f 2264/2264/2264 2260/2260/2260 2265/2265/2265
f 2264/2264/2264 2261/2261/2261 2260/2260/2260
f 2298/2298/2298 2299/2299/2299 2290/2290/2290
f 2260/2260/2260 2261/2261/2261 2262/2262/2262
f 2257/2257/2257 2258/2258/2258 2259/2259/2259
f 2267/2267/2267 2272/2272/2272 2263/2263/2263
f 2260/2260/2260 2262/2262/2262 2263/2263/2263
f 2273/2273/2273 2274/2274/2274 2275/2275/2275
f 2265/2265/2265 2267/2267/2267 2266/2266/2266
f 2266/2266/2266 2264/2264/2264 2265/2265/2265
f 2268/2268/2268 2267/2267/2267 2263/2263/2263
f 2266/2266/2266 2267/2267/2267 2268/2268/2268
f 2289/2289/2289 2294/2294/2294 2295/2295/2295
f 2293/2293/2293 2294/2294/2294 2289/2289/2289
f 2291/2291/2291 2293/2293/2293 2289/2289/2289
f 2289/2289/2289 2290/2290/2290 2291/2291/2291
f 2298/2298/2298 2290/2290/2290 2297/2297/2297
f 2289/2289/2289 2296/2296/2296 2292/2292/2292
f 2290/2290/2290 2289/2289/2289 2292/2292/2292
f 2297/2297/2297 2290/2290/2290 2292/2292/2292
f 2310/2310/2310 2313/2313/2313 2311/2311/2311
f 2310/2310/2310 2311/2311/2311 2312/2312/2312
f 2306/2306/2306 2303/2303/2303 2307/2307/2307
f 2303/2303/2303 2304/2304/2304 2305/2305/2305
f 2306/2306/2306 2304/2304/2304 2303/2303/2303
f 2306/2306/2306 2308/2308/2308 2304/2304/2304
f 2306/2306/2306 2309/2309/2309 2308/2308/2308
f 2314/2314/2314 2315/2315/2315 2316/2316/2316
f 2317/2317/2317 2315/2315/2315 2314/2314/2314
f 2318/2318/2318 2317/2317/2317 2314/2314/2314
f 2318/2318/2318 2314/2314/2314 2319/2319/2319
f 2318/2318/2318 2319/2319/2319 2320/2320/2320
f 2321/2321/2321 2322/2322/2322 2323/2323/2323
f 2324/2324/2324 2325/2325/2325 2326/2326/2326
f 2326/2326/2326 2325/2325/2325 2327/2327/2327
f 2328/2328/2328 2329/2329/2329 2330/2330/2330
f 2330/2330/2330 2331/2331/2331 2328/2328/2328
f 2332/2332/2332 2333/2333/2333 2334/2334/2334
f 2335/2335/2335 2334/2334/2334 2336/2336/2336
f 2332/2332/2332 2334/2334/2334 2335/2335/2335
f 2337/2337/2337 2335/2335/2335 2339/2339/2339
f 2337/2337/2337 2332/2332/2332 2335/2335/2335
f 2338/2338/2338 2339/2339/2339 2340/2340/2340
f 2341/2341/2341 2338/2338/2338 2340/2340/2340
f 2337/2337/2337 2339/2339/2339 2338/2338/2338
f 2338/2338/2338 2332/2332/2332 2337/2337/2337
f 2345/2345/2345 2332/2332/2332 2338/2338/2338
f 2341/2341/2341 2342/2342/2342 2338/2338/2338
f 2343/2343/2343 2345/2345/2345 2338/2338/2338
f 2338/2338/2338 2342/2342/2342 2343/2343/2343
f 2343/2343/2343 2344/2344/2344 2345/2345/2345
f 2344/2344/2344 2343/2343/2343 2342/2342/2342
f 2346/2346/2346 2345/2345/2345 2344/2344/2344
f 2347/2347/2347 2348/2348/2348 2349/2349/2349
f 2350/2350/2350 2348/2348/2348 2347/2347/2347
f 2349/2349/2349 2351/2351/2351 2352/2352/2352
f 2351/2351/2351 2349/2349/2349 2348/2348/2348
f 2350/2350/2350 2353/2353/2353 2348/2348/2348
f 2361/2361/2361 2363/2363/2363 2352/2352/2352
f 2357/2357/2357 2358/2358/2358 2356/2356/2356
f 2353/2353/2353 2357/2357/2357 2356/2356/2356
f 2357/2357/2357 2353/2353/2353 2350/2350/2350
f 2364/2364/2364 2365/2365/2365 2363/2363/2363
f 2353/2353/2353 2356/2356/2356 2354/2354/2354
f 2348/2348/2348 2353/2353/2353 2351/2351/2351
f 2351/2351/2351 2355/2355/2355 2352/2352/2352
f 2361/2361/2361 2352/2352/2352 2355/2355/2355
f 2363/2363/2363 2361/2361/2361 2364/2364/2364
f 2354/2354/2354 2351/2351/2351 2353/2353/2353
f 2364/2364/2364 2366/2366/2366 2365/2365/2365
f 2367/2367/2367 2365/2365/2365 2366/2366/2366
f 2359/2359/2359 2355/2355/2355 2354/2354/2354
f 2355/2355/2355 2351/2351/2351 2354/2354/2354
f 2368/2368/2368 2367/2367/2367 2366/2366/2366
f 2360/2360/2360 2355/2355/2355 2359/2359/2359
f 2364/2364/2364 2361/2361/2361 2362/2362/2362
f 2369/2369/2369 2374/2374/2374 2367/2367/2367
f 2360/2360/2360 2361/2361/2361 2355/2355/2355
f 2367/2367/2367 2368/2368/2368 2369/2369/2369
f 2378/2378/2378 2362/2362/2362 2360/2360/2360
f 2361/2361/2361 2360/2360/2360 2362/2362/2362
f 2362/2362/2362 2366/2366/2366 2364/2364/2364
f 2374/2374/2374 2373/2373/2373 2377/2377/2377
f 2371/2371/2371 2362/2362/2362 2378/2378/2378
f 2373/2373/2373 2374/2374/2374 2369/2369/2369
f 2366/2366/2366 2362/2362/2362 2368/2368/2368
f 2371/2371/2371 2370/2370/2370 2362/2362/2362
f 2362/2362/2362 2370/2370/2370 2368/2368/2368
f 2370/2370/2370 2369/2369/2369 2368/2368/2368
f 2372/2372/2372 2369/2369/2369 2370/2370/2370
f 2373/2373/2373 2369/2369/2369 2372/2372/2372
f 2373/2373/2373 2372/2372/2372 2375/2375/2375
f 2373/2373/2373 2375/2375/2375 2376/2376/2376
f 2382/2382/2382 2383/2383/2383 2384/2384/2384
f 2379/2379/2379 2380/2380/2380 2381/2381/2381
f 2382/2382/2382 2384/2384/2384 2385/2385/2385
f 2389/2389/2389 2390/2390/2390 2386/2386/2386
f 2386/2386/2386 2387/2387/2387 2388/2388/2388
f 2388/2388/2388 2389/2389/2389 2386/2386/2386
f 2391/2391/2391 2392/2392/2392 2393/2393/2393
f 2391/2391/2391 2393/2393/2393 2394/2394/2394
f 2395/2395/2395 2396/2396/2396 2397/2397/2397
f 2397/2397/2397 2399/2399/2399 2395/2395/2395
f 2395/2395/2395 2399/2399/2399 2400/2400/2400
f 2395/2395/2395 2400/2400/2400 2401/2401/2401
f 2398/2398/2398 2396/2396/2396 2395/2395/2395
f 2398/2398/2398 2395/2395/2395 2401/2401/2401
f 2401/2401/2401 2400/2400/2400 2402/2402/2402
f 2398/2398/2398 2401/2401/2401 2403/2403/2403
f 2403/2403/2403 2401/2401/2401 2404/2404/2404
f 2404/2404/2404 2401/2401/2401 2402/2402/2402
f 2405/2405/2405 2403/2403/2403 2404/2404/2404
f 2406/2406/2406 2407/2407/2407 2408/2408/2408
f 2409/2409/2409 2406/2406/2406 2408/2408/2408
f 2411/2411/2411 2408/2408/2408 2412/2412/2412
f 2409/2409/2409 2408/2408/2408 2411/2411/2411
f 2411/2411/2411 2413/2413/2413 2409/2409/2409
f 2414/2414/2414 2413/2413/2413 2411/2411/2411
f 2409/2409/2409 2413/2413/2413 2415/2415/2415
f 2406/2406/2406 2409/2409/2409 2410/2410/2410
f 2415/2415/2415 2410/2410/2410 2409/2409/2409
f 2416/2416/2416 2417/2417/2417 2418/2418/2418
f 2419/2419/2419 2416/2416/2416 2418/2418/2418
f 2420/2420/2420 2421/2421/2421 2422/2422/2422
f 2423/2423/2423 2420/2420/2420 2422/2422/2422
f 2425/2425/2425 2423/2423/2423 2424/2424/2424
f 2423/2423/2423 2422/2422/2422 2424/2424/2424
f 2426/2426/2426 2427/2427/2427 2428/2428/2428
f 2429/2429/2429 2426/2426/2426 2428/2428/2428
f 2430/2430/2430 2431/2431/2431 2432/2432/2432
f 2433/2433/2433 2434/2434/2434 2435/2435/2435
f 2433/2433/2433 2436/2436/2436 2434/2434/2434
f 2433/2433/2433 2437/2437/2437 2436/2436/2436
f 2438/2438/2438 2439/2439/2439 2440/2440/2440
f 2441/2441/2441 2442/2442/2442 2443/2443/2443
f 2445/2445/2445 2441/2441/2441 2443/2443/2443
f 2446/2446/2446 2441/2441/2441 2445/2445/2445
f 2447/2447/2447 2446/2446/2446 2445/2445/2445
f 2441/2441/2441 2444/2444/2444 2442/2442/2442
f 2441/2441/2441 2446/2446/2446 2444/2444/2444
f 2452/2452/2452 2454/2454/2454 2453/2453/2453
f 2452/2452/2452 2453/2453/2453 2442/2442/2442
f 2442/2442/2442 2444/2444/2444 2452/2452/2452
f 2446/2446/2446 2447/2447/2447 2448/2448/2448
f 2454/2454/2454 2458/2458/2458 2459/2459/2459
f 2454/2454/2454 2457/2457/2457 2458/2458/2458
f 2446/2446/2446 2448/2448/2448 2449/2449/2449
f 2444/2444/2444 2446/2446/2446 2449/2449/2449
f 2451/2451/2451 2444/2444/2444 2449/2449/2449
f 2452/2452/2452 2455/2455/2455 2454/2454/2454
f 2454/2454/2454 2456/2456/2456 2457/2457/2457
f 2455/2455/2455 2456/2456/2456 2454/2454/2454
f 2451/2451/2451 2452/2452/2452 2444/2444/2444
f 2449/2449/2449 2448/2448/2448 2450/2450/2450
f 2449/2449/2449 2450/2450/2450 2451/2451/2451
f 2460/2460/2460 2461/2461/2461 2462/2462/2462
f 2463/2463/2463 2460/2460/2460 2462/2462/2462
f 2465/2465/2465 2460/2460/2460 2464/2464/2464
f 2466/2466/2466 2464/2464/2464 2463/2463/2463
f 2464/2464/2464 2460/2460/2460 2463/2463/2463
f 2467/2467/2467 2466/2466/2466 2463/2463/2463
f 2475/2475/2475 2473/2473/2473 2476/2476/2476
f 2471/2471/2471 2473/2473/2473 2475/2475/2475
f 2468/2468/2468 2469/2469/2469 2470/2470/2470
f 2471/2471/2471 2474/2474/2474 2472/2472/2472
f 2471/2471/2471 2472/2472/2472 2473/2473/2473
f 2477/2477/2477 2480/2480/2480 2478/2478/2478
f 2477/2477/2477 2478/2478/2478 2479/2479/2479
f 2481/2481/2481 2482/2482/2482 2483/2483/2483
f 2484/2484/2484 2485/2485/2485 2486/2486/2486
f 2485/2485/2485 2489/2489/2489 2488/2488/2488
f 2485/2485/2485 2488/2488/2488 2487/2487/2487
f 2487/2487/2487 2486/2486/2486 2485/2485/2485
f 2490/2490/2490 2491/2491/2491 2492/2492/2492
f 2493/2493/2493 2490/2490/2490 2492/2492/2492
f 2494/2494/2494 2495/2495/2495 2496/2496/2496
f 2497/2497/2497 2498/2498/2498 2499/2499/2499
f 2498/2498/2498 2497/2497/2497 2500/2500/2500
f 2501/2501/2501 2502/2502/2502 2503/2503/2503
f 2501/2501/2501 2504/2504/2504 2502/2502/2502
f 2505/2505/2505 2504/2504/2504 2501/2501/2501
f 2506/2506/2506 2507/2507/2507 2508/2508/2508
f 2507/2507/2507 2509/2509/2509 2508/2508/2508
f 2511/2511/2511 2514/2514/2514 2515/2515/2515
f 2506/2506/2506 2508/2508/2508 2510/2510/2510
f 2511/2511/2511 2513/2513/2513 2514/2514/2514
f 2515/2515/2515 2516/2516/2516 2511/2511/2511
f 2511/2511/2511 2506/2506/2506 2510/2510/2510
f 2511/2511/2511 2510/2510/2510 2513/2513/2513
f 2506/2506/2506 2511/2511/2511 2512/2512/2512
f 2516/2516/2516 2512/2512/2512 2511/2511/2511
f 2517/2517/2517 2518/2518/2518 2519/2519/2519
f 2519/2519/2519 2518/2518/2518 2520/2520/2520
f 2521/2521/2521 2520/2520/2520 2518/2518/2518
f 2521/2521/2521 2518/2518/2518 2526/2526/2526
f 2520/2520/2520 2522/2522/2522 2519/2519/2519
f 2520/2520/2520 2521/2521/2521 2523/2523/2523
f 2523/2523/2523 2522/2522/2522 2520/2520/2520
f 2522/2522/2522 2523/2523/2523 2524/2524/2524
f 2525/2525/2525 2522/2522/2522 2524/2524/2524
f 2527/2527/2527 2528/2528/2528 2529/2529/2529
f 2527/2527/2527 2529/2529/2529 2530/2530/2530
f 2529/2529/2529 2589/2589/2589 2532/2532/2532
f 2530/2530/2530 2529/2529/2529 2531/2531/2531
f 2529/2529/2529 2532/2532/2532 2531/2531/2531
f 2531/2531/2531 2533/2533/2533 2530/2530/2530
f 2532/2532/2532 2538/2538/2538 2531/2531/2531
f 2531/2531/2531 2534/2534/2534 2533/2533/2533
f 2535/2535/2535 2533/2533/2533 2534/2534/2534
f 2537/2537/2537 2531/2531/2531 2538/2538/2538
f 2535/2535/2535 2534/2534/2534 2537/2537/2537
f 2535/2535/2535 2537/2537/2537 2538/2538/2538
f 2533/2533/2533 2535/2535/2535 2536/2536/2536
f 2538/2538/2538 2532/2532/2532 2540/2540/2540
f 2539/2539/2539 2538/2538/2538 2540/2540/2540
f 2543/2543/2543 2536/2536/2536 2535/2535/2535
f 2535/2535/2535 2538/2538/2538 2539/2539/2539
f 2543/2543/2543 2535/2535/2535 2541/2541/2541
f 2535/2535/2535 2539/2539/2539 2541/2541/2541
f 2544/2544/2544 2543/2543/2543 2541/2541/2541
f 2587/2587/2587 2542/2542/2542 2539/2539/2539
f 2539/2539/2539 2542/2542/2542 2541/2541/2541
f 2541/2541/2541 2542/2542/2542 2544/2544/2544
f 2587/2587/2587 2588/2588/2588 2547/2547/2547
f 2587/2587/2587 2547/2547/2547 2542/2542/2542
f 2542/2542/2542 2545/2545/2545 2544/2544/2544
f 2545/2545/2545 2542/2542/2542 2546/2546/2546
f 2542/2542/2542 2547/2547/2547 2546/2546/2546
f 2547/2547/2547 2586/2586/2586 2546/2546/2546
f 2548/2548/2548 2545/2545/2545 2546/2546/2546
f 2548/2548/2548 2549/2549/2549 2545/2545/2545
f 2546/2546/2546 2586/2586/2586 2551/2551/2551
f 2548/2548/2548 2546/2546/2546 2550/2550/2550
f 2551/2551/2551 2550/2550/2550 2546/2546/2546
f 2550/2550/2550 2552/2552/2552 2548/2548/2548
f 2553/2553/2553 2552/2552/2552 2550/2550/2550
f 2551/2551/2551 2554/2554/2554 2550/2550/2550
f 2550/2550/2550 2554/2554/2554 2553/2553/2553
f 2554/2554/2554 2555/2555/2555 2553/2553/2553
f 2551/2551/2551 2556/2556/2556 2554/2554/2554
f 2554/2554/2554 2556/2556/2556 2555/2555/2555
f 2557/2557/2557 2555/2555/2555 2556/2556/2556
f 2558/2558/2558 2555/2555/2555 2557/2557/2557
f 2559/2559/2559 2557/2557/2557 2556/2556/2556
f 2558/2558/2558 2561/2561/2561 2555/2555/2555
f 2559/2559/2559 2558/2558/2558 2557/2557/2557
f 2560/2560/2560 2558/2558/2558 2559/2559/2559
f 2561/2561/2561 2558/2558/2558 2560/2560/2560
f 2564/2564/2564 2561/2561/2561 2560/2560/2560
f 2560/2560/2560 2559/2559/2559 2562/2562/2562
f 2561/2561/2561 2564/2564/2564 2569/2569/2569
f 2560/2560/2560 2563/2563/2563 2564/2564/2564
f 2563/2563/2563 2560/2560/2560 2562/2562/2562
f 2562/2562/2562 2565/2565/2565 2563/2563/2563
f 2564/2564/2564 2568/2568/2568 2569/2569/2569
f 2566/2566/2566 2564/2564/2564 2563/2563/2563
f 2565/2565/2565 2566/2566/2566 2563/2563/2563
f 2566/2566/2566 2565/2565/2565 2567/2567/2567
f 2570/2570/2570 2566/2566/2566 2571/2571/2571
f 2567/2567/2567 2571/2571/2571 2566/2566/2566
f 2566/2566/2566 2570/2570/2570 2568/2568/2568
f 2571/2571/2571 2567/2567/2567 2585/2585/2585
f 2571/2571/2571 2572/2572/2572 2570/2570/2570
f 2573/2573/2573 2571/2571/2571 2585/2585/2585
f 2573/2573/2573 2572/2572/2572 2571/2571/2571
f 2573/2573/2573 2585/2585/2585 2584/2584/2584
f 2574/2574/2574 2570/2570/2570 2572/2572/2572
f 2572/2572/2572 2575/2575/2575 2574/2574/2574
f 2583/2583/2583 2573/2573/2573 2584/2584/2584
f 2573/2573/2573 2577/2577/2577 2572/2572/2572
f 2572/2572/2572 2577/2577/2577 2576/2576/2576
f 2572/2572/2572 2576/2576/2576 2575/2575/2575
f 2583/2583/2583 2577/2577/2577 2573/2573/2573
f 2576/2576/2576 2577/2577/2577 2578/2578/2578
f 2580/2580/2580 2576/2576/2576 2578/2578/2578
f 2578/2578/2578 2577/2577/2577 2579/2579/2579
f 2580/2580/2580 2578/2578/2578 2581/2581/2581
f 2581/2581/2581 2578/2578/2578 2582/2582/2582
f 2578/2578/2578 2579/2579/2579 2582/2582/2582
f 2568/2568/2568 2564/2564/2564 2566/2566/2566
f 2590/2590/2590 2591/2591/2591 2592/2592/2592
f 2590/2590/2590 2592/2592/2592 2594/2594/2594
f 2593/2593/2593 2591/2591/2591 2590/2590/2590
f 2595/2595/2595 2593/2593/2593 2590/2590/2590
f 2595/2595/2595 2590/2590/2590 2594/2594/2594
f 2595/2595/2595 2596/2596/2596 2593/2593/2593
f 2596/2596/2596 2597/2597/2597 2593/2593/2593
f 2608/2608/2608 2613/2613/2613 2609/2609/2609
f 2608/2608/2608 2609/2609/2609 2610/2610/2610
f 2610/2610/2610 2609/2609/2609 2604/2604/2604
f 2612/2612/2612 2608/2608/2608 2611/2611/2611
f 2604/2604/2604 2609/2609/2609 2605/2605/2605
f 2611/2611/2611 2608/2608/2608 2610/2610/2610
f 2604/2604/2604 2605/2605/2605 2606/2606/2606
f 2614/2614/2614 2610/2610/2610 2604/2604/2604
f 2611/2611/2611 2610/2610/2610 2618/2618/2618
f 2605/2605/2605 2607/2607/2607 2606/2606/2606
f 2632/2632/2632 2633/2633/2633 2634/2634/2634
f 2618/2618/2618 2614/2614/2614 2604/2604/2604
f 2618/2618/2618 2604/2604/2604 2617/2617/2617
f 2611/2611/2611 2618/2618/2618 2616/2616/2616
f 2617/2617/2617 2604/2604/2604 2607/2607/2607
f 2618/2618/2618 2617/2617/2617 2616/2616/2616
f 2625/2625/2625 2616/2616/2616 2622/2622/2622
f 2624/2624/2624 2625/2625/2625 2622/2622/2622
f 2615/2615/2615 2616/2616/2616 2617/2617/2617
f 2615/2615/2615 2617/2617/2617 2619/2619/2619
f 2622/2622/2622 2616/2616/2616 2615/2615/2615
f 2624/2624/2624 2622/2622/2622 2621/2621/2621
f 2621/2621/2621 2622/2622/2622 2615/2615/2615
f 2621/2621/2621 2615/2615/2615 2620/2620/2620
f 2631/2631/2631 2621/2621/2621 2630/2630/2630
f 2630/2630/2630 2621/2621/2621 2620/2620/2620
f 2620/2620/2620 2615/2615/2615 2619/2619/2619
f 2629/2629/2629 2630/2630/2630 2620/2620/2620
f 2620/2620/2620 2623/2623/2623 2626/2626/2626
f 2620/2620/2620 2619/2619/2619 2623/2623/2623
f 2619/2619/2619 2599/2599/2599 2603/2603/2603
f 2623/2623/2623 2619/2619/2619 2603/2603/2603
f 2623/2623/2623 2603/2603/2603 2602/2602/2602
f 2602/2602/2602 2603/2603/2603 2599/2599/2599
f 2628/2628/2628 2602/2602/2602 2627/2627/2627
f 2601/2601/2601 2627/2627/2627 2602/2602/2602
f 2601/2601/2601 2602/2602/2602 2599/2599/2599
f 2598/2598/2598 2599/2599/2599 2600/2600/2600
f 2601/2601/2601 2599/2599/2599 2598/2598/2598
f 2635/2635/2635 2636/2636/2636 2637/2637/2637
f 2638/2638/2638 2641/2641/2641 2650/2650/2650
f 2636/2636/2636 2638/2638/2638 2637/2637/2637
f 2665/2665/2665 2652/2652/2652 2666/2666/2666
f 2651/2651/2651 2650/2650/2650 2641/2641/2641
f 2641/2641/2641 2638/2638/2638 2636/2636/2636
f 2652/2652/2652 2660/2660/2660 2666/2666/2666
f 2667/2667/2667 2652/2652/2652 2665/2665/2665
f 2640/2640/2640 2641/2641/2641 2636/2636/2636
f 2647/2647/2647 2651/2651/2651 2641/2641/2641
f 2654/2654/2654 2660/2660/2660 2652/2652/2652
f 2652/2652/2652 2653/2653/2653 2654/2654/2654
f 2645/2645/2645 2647/2647/2647 2641/2641/2641
f 2655/2655/2655 2659/2659/2659 2660/2660/2660
f 2639/2639/2639 2640/2640/2640 2636/2636/2636
f 2654/2654/2654 2655/2655/2655 2660/2660/2660
f 2640/2640/2640 2645/2645/2645 2641/2641/2641
f 2642/2642/2642 2639/2639/2639 2636/2636/2636
f 2646/2646/2646 2640/2640/2640 2639/2639/2639
f 2646/2646/2646 2645/2645/2645 2640/2640/2640
f 2657/2657/2657 2659/2659/2659 2655/2655/2655
f 2649/2649/2649 2648/2648/2648 2642/2642/2642
f 2643/2643/2643 2642/2642/2642 2648/2648/2648
f 2643/2643/2643 2639/2639/2639 2642/2642/2642
f 2655/2655/2655 2656/2656/2656 2657/2657/2657
f 2644/2644/2644 2639/2639/2639 2643/2643/2643
f 2656/2656/2656 2661/2661/2661 2657/2657/2657
f 2658/2658/2658 2656/2656/2656 2655/2655/2655
f 2656/2656/2656 2662/2662/2662 2661/2661/2661
f 2644/2644/2644 2646/2646/2646 2639/2639/2639
f 2664/2664/2664 2656/2656/2656 2658/2658/2658
f 2656/2656/2656 2663/2663/2663 2662/2662/2662
f 2664/2664/2664 2663/2663/2663 2656/2656/2656
f 2692/2692/2692 2693/2693/2693 2694/2694/2694
f 2668/2668/2668 2669/2669/2669 2670/2670/2670
f 2694/2694/2694 2695/2695/2695 2692/2692/2692
f 2669/2669/2669 2668/2668/2668 2674/2674/2674
f 2670/2670/2670 2669/2669/2669 2672/2672/2672
f 2697/2697/2697 2704/2704/2704 2695/2695/2695
f 2671/2671/2671 2670/2670/2670 2672/2672/2672
f 2695/2695/2695 2694/2694/2694 2696/2696/2696
f 2672/2672/2672 2669/2669/2669 2673/2673/2673
f 2682/2682/2682 2690/2690/2690 2685/2685/2685
f 2682/2682/2682 2683/2683/2683 2684/2684/2684
f 2685/2685/2685 2683/2683/2683 2682/2682/2682
f 2695/2695/2695 2696/2696/2696 2697/2697/2697
f 2682/2682/2682 2684/2684/2684 2686/2686/2686
f 2675/2675/2675 2676/2676/2676 2677/2677/2677
f 2689/2689/2689 2690/2690/2690 2682/2682/2682
f 2675/2675/2675 2677/2677/2677 2678/2678/2678
f 2697/2697/2697 2696/2696/2696 2698/2698/2698
f 2682/2682/2682 2686/2686/2686 2687/2687/2687
f 2688/2688/2688 2686/2686/2686 2691/2691/2691
f 2687/2687/2687 2686/2686/2686 2688/2688/2688
f 2689/2689/2689 2682/2682/2682 2687/2687/2687
f 2697/2697/2697 2698/2698/2698 2699/2699/2699
f 2679/2679/2679 2680/2680/2680 2681/2681/2681
f 2699/2699/2699 2698/2698/2698 2700/2700/2700
f 2701/2701/2701 2699/2699/2699 2700/2700/2700
f 2705/2705/2705 2699/2699/2699 2701/2701/2701
f 2702/2702/2702 2698/2698/2698 2703/2703/2703
f 2716/2716/2716 2717/2717/2717 2718/2718/2718
f 2706/2706/2706 2705/2705/2705 2701/2701/2701
f 2707/2707/2707 2701/2701/2701 2712/2712/2712
f 2713/2713/2713 2714/2714/2714 2715/2715/2715
f 2701/2701/2701 2711/2711/2711 2706/2706/2706
f 2711/2711/2711 2701/2701/2701 2707/2707/2707
f 2707/2707/2707 2700/2700/2700 2702/2702/2702
f 2707/2707/2707 2710/2710/2710 2711/2711/2711
f 2708/2708/2708 2702/2702/2702 2709/2709/2709
f 2708/2708/2708 2707/2707/2707 2702/2702/2702
f 2708/2708/2708 2710/2710/2710 2707/2707/2707
f 2702/2702/2702 2700/2700/2700 2698/2698/2698
f 2811/2811/2811 2812/2812/2812 2810/2810/2810
f 2829/2829/2829 2830/2830/2830 2828/2828/2828
f 2827/2827/2827 2829/2829/2829 2828/2828/2828
f 2824/2824/2824 2826/2826/2826 2825/2825/2825
f 2743/2743/2743 2747/2747/2747 2732/2732/2732
f 2800/2800/2800 2802/2802/2802 2801/2801/2801
f 2811/2811/2811 2810/2810/2810 2809/2809/2809
f 2825/2825/2825 2822/2822/2822 2824/2824/2824
f 2827/2827/2827 2822/2822/2822 2825/2825/2825
f 2736/2736/2736 2738/2738/2738 2739/2739/2739
f 2830/2830/2830 2831/2831/2831 2828/2828/2828
f 2803/2803/2803 2809/2809/2809 2810/2810/2810
f 2739/2739/2739 2740/2740/2740 2741/2741/2741
f 2803/2803/2803 2806/2806/2806 2809/2809/2809
f 2742/2742/2742 2743/2743/2743 2732/2732/2732
f 2800/2800/2800 2801/2801/2801 2798/2798/2798
f 2736/2736/2736 2737/2737/2737 2738/2738/2738
f 2750/2750/2750 2749/2749/2749 2747/2747/2747
f 2732/2732/2732 2733/2733/2733 2742/2742/2742
f 2738/2738/2738 2740/2740/2740 2739/2739/2739
f 2836/2836/2836 2834/2834/2834 2835/2835/2835
f 2827/2827/2827 2828/2828/2828 2822/2822/2822
f 2735/2735/2735 2737/2737/2737 2736/2736/2736
f 2750/2750/2750 2751/2751/2751 2749/2749/2749
f 2835/2835/2835 2834/2834/2834 2830/2830/2830
f 2733/2733/2733 2735/2735/2735 2736/2736/2736
f 2796/2796/2796 2798/2798/2798 2801/2801/2801
f 2805/2805/2805 2806/2806/2806 2803/2803/2803
f 2791/2791/2791 2789/2789/2789 2792/2792/2792
f 2789/2789/2789 2793/2793/2793 2792/2792/2792
f 2770/2770/2770 2763/2763/2763 2769/2769/2769
f 2796/2796/2796 2797/2797/2797 2798/2798/2798
f 2772/2772/2772 2762/2762/2762 2761/2761/2761
f 2834/2834/2834 2831/2831/2831 2830/2830/2830
f 2799/2799/2799 2797/2797/2797 2796/2796/2796
f 2752/2752/2752 2749/2749/2749 2751/2751/2751
f 2763/2763/2763 2770/2770/2770 2764/2764/2764
f 2805/2805/2805 2807/2807/2807 2808/2808/2808
f 2818/2818/2818 2822/2822/2822 2828/2828/2828
f 2831/2831/2831 2832/2832/2832 2828/2828/2828
f 2832/2832/2832 2831/2831/2831 2833/2833/2833
f 2749/2749/2749 2748/2748/2748 2747/2747/2747
f 2832/2832/2832 2818/2818/2818 2828/2828/2828
f 2733/2733/2733 2734/2734/2734 2735/2735/2735
f 2760/2760/2760 2761/2761/2761 2762/2762/2762
f 2772/2772/2772 2771/2771/2771 2764/2764/2764
f 2789/2789/2789 2791/2791/2791 2788/2788/2788
f 2732/2732/2732 2747/2747/2747 2748/2748/2748
f 2772/2772/2772 2761/2761/2761 2771/2771/2771
f 2833/2833/2833 2831/2831/2831 2834/2834/2834
f 2807/2807/2807 2805/2805/2805 2804/2804/2804
f 2803/2803/2803 2804/2804/2804 2805/2805/2805
f 2789/2789/2789 2788/2788/2788 2787/2787/2787
f 2822/2822/2822 2818/2818/2818 2820/2820/2820
f 2763/2763/2763 2768/2768/2768 2769/2769/2769
f 2816/2816/2816 2813/2813/2813 2815/2815/2815
f 2818/2818/2818 2819/2819/2819 2820/2820/2820
f 2813/2813/2813 2814/2814/2814 2815/2815/2815
f 2822/2822/2822 2823/2823/2823 2824/2824/2824
f 2776/2776/2776 2771/2771/2771 2761/2761/2761
f 2764/2764/2764 2771/2771/2771 2765/2765/2765
f 2789/2789/2789 2787/2787/2787 2790/2790/2790
f 2776/2776/2776 2765/2765/2765 2771/2771/2771
f 2784/2784/2784 2795/2795/2795 2794/2794/2794
f 2821/2821/2821 2823/2823/2823 2822/2822/2822
f 2763/2763/2763 2764/2764/2764 2765/2765/2765
f 2820/2820/2820 2821/2821/2821 2822/2822/2822
f 2794/2794/2794 2790/2790/2790 2784/2784/2784
f 2785/2785/2785 2787/2787/2787 2788/2788/2788
f 2766/2766/2766 2768/2768/2768 2763/2763/2763
f 2768/2768/2768 2766/2766/2766 2774/2774/2774
f 2784/2784/2784 2790/2790/2790 2785/2785/2785
f 2785/2785/2785 2790/2790/2790 2787/2787/2787
f 2745/2745/2745 2746/2746/2746 2744/2744/2744
f 2766/2766/2766 2773/2773/2773 2774/2774/2774
f 2784/2784/2784 2785/2785/2785 2786/2786/2786
f 2766/2766/2766 2763/2763/2763 2765/2765/2765
f 2754/2754/2754 2753/2753/2753 2749/2749/2749
f 2748/2748/2748 2749/2749/2749 2753/2753/2753
f 2732/2732/2732 2748/2748/2748 2753/2753/2753
f 2731/2731/2731 2734/2734/2734 2733/2733/2733
f 2733/2733/2733 2732/2732/2732 2731/2731/2731
f 2776/2776/2776 2767/2767/2767 2765/2765/2765
f 2730/2730/2730 2731/2731/2731 2732/2732/2732
f 2765/2765/2765 2767/2767/2767 2766/2766/2766
f 2731/2731/2731 2729/2729/2729 2744/2744/2744
f 2730/2730/2730 2729/2729/2729 2731/2731/2731
f 2753/2753/2753 2756/2756/2756 2726/2726/2726
f 2744/2744/2744 2729/2729/2729 2745/2745/2745
f 2777/2777/2777 2761/2761/2761 2760/2760/2760
f 2776/2776/2776 2761/2761/2761 2777/2777/2777
f 2766/2766/2766 2767/2767/2767 2773/2773/2773
f 2775/2775/2775 2773/2773/2773 2767/2767/2767
f 2757/2757/2757 2758/2758/2758 2759/2759/2759
f 2753/2753/2753 2726/2726/2726 2730/2730/2730
f 2729/2729/2729 2730/2730/2730 2723/2723/2723
f 2777/2777/2777 2760/2760/2760 2783/2783/2783
f 2776/2776/2776 2778/2778/2778 2767/2767/2767
f 2726/2726/2726 2723/2723/2723 2730/2730/2730
f 2723/2723/2723 2727/2727/2727 2729/2729/2729
f 2755/2755/2755 2726/2726/2726 2756/2756/2756
f 2776/2776/2776 2777/2777/2777 2778/2778/2778
f 2723/2723/2723 2722/2722/2722 2727/2727/2727
f 2779/2779/2779 2775/2775/2775 2767/2767/2767
f 2755/2755/2755 2725/2725/2725 2726/2726/2726
f 2722/2722/2722 2728/2728/2728 2727/2727/2727
f 2778/2778/2778 2779/2779/2779 2767/2767/2767
f 2720/2720/2720 2723/2723/2723 2726/2726/2726
f 2723/2723/2723 2720/2720/2720 2722/2722/2722
f 2777/2777/2777 2783/2783/2783 2782/2782/2782
f 2726/2726/2726 2725/2725/2725 2720/2720/2720
f 2720/2720/2720 2725/2725/2725 2721/2721/2721
f 2778/2778/2778 2777/2777/2777 2782/2782/2782
f 2722/2722/2722 2720/2720/2720 2719/2719/2719
f 2781/2781/2781 2778/2778/2778 2782/2782/2782
f 2719/2719/2719 2720/2720/2720 2721/2721/2721
f 2780/2780/2780 2778/2778/2778 2781/2781/2781
f 2778/2778/2778 2780/2780/2780 2779/2779/2779
f 2719/2719/2719 2724/2724/2724 2722/2722/2722
f 2814/2814/2814 2817/2817/2817 2815/2815/2815
f 2753/2753/2753 2730/2730/2730 2732/2732/2732
f 2837/2837/2837 2838/2838/2838 2839/2839/2839
f 2837/2837/2837 2839/2839/2839 2840/2840/2840
f 2841/2841/2841 2844/2844/2844 2843/2843/2843
f 2841/2841/2841 2843/2843/2843 2837/2837/2837
f 2840/2840/2840 2841/2841/2841 2837/2837/2837
f 2842/2842/2842 2841/2841/2841 2840/2840/2840
f 2845/2845/2845 2846/2846/2846 2847/2847/2847
f 2845/2845/2845 2847/2847/2847 2848/2848/2848
f 2848/2848/2848 2849/2849/2849 2845/2845/2845
f 2855/2855/2855 2856/2856/2856 2857/2857/2857
f 2850/2850/2850 2851/2851/2851 2852/2852/2852
f 2855/2855/2855 2858/2858/2858 2856/2856/2856
f 2851/2851/2851 2853/2853/2853 2854/2854/2854
f 2853/2853/2853 2851/2851/2851 2850/2850/2850
f 2859/2859/2859 2858/2858/2858 2855/2855/2855
f 2860/2860/2860 2859/2859/2859 2855/2855/2855
f 2872/2872/2872 2873/2873/2873 2874/2874/2874
f 2861/2861/2861 2859/2859/2859 2860/2860/2860
f 2861/2861/2861 2862/2862/2862 2859/2859/2859
f 2861/2861/2861 2863/2863/2863 2862/2862/2862
f 2862/2862/2862 2863/2863/2863 2865/2865/2865
f 2863/2863/2863 2861/2861/2861 2864/2864/2864
f 2864/2864/2864 2871/2871/2871 2863/2863/2863
f 2865/2865/2865 2867/2867/2867 2862/2862/2862
f 2865/2865/2865 2868/2868/2868 2869/2869/2869
f 2865/2865/2865 2866/2866/2866 2868/2868/2868
f 2863/2863/2863 2866/2866/2866 2865/2865/2865
f 2868/2868/2868 2870/2870/2870 2869/2869/2869
f 2900/2900/2900 2901/2901/2901 2902/2902/2902
f 2901/2901/2901 2905/2905/2905 2903/2903/2903
f 2880/2880/2880 2899/2899/2899 2894/2894/2894
f 2890/2890/2890 2894/2894/2894 2893/2893/2893
f 2880/2880/2880 2894/2894/2894 2890/2890/2890
f 2890/2890/2890 2893/2893/2893 2891/2891/2891
f 2887/2887/2887 2884/2884/2884 2883/2883/2883
f 2883/2883/2883 2884/2884/2884 2879/2879/2879
f 2885/2885/2885 2883/2883/2883 2879/2879/2879
f 2881/2881/2881 2880/2880/2880 2890/2890/2890
f 2891/2891/2891 2893/2893/2893 2895/2895/2895
f 2882/2882/2882 2886/2886/2886 2885/2885/2885
f 2888/2888/2888 2884/2884/2884 2887/2887/2887
f 2879/2879/2879 2880/2880/2880 2881/2881/2881
f 2885/2885/2885 2879/2879/2879 2882/2882/2882
f 2882/2882/2882 2879/2879/2879 2881/2881/2881
f 2907/2907/2907 2909/2909/2909 2915/2915/2915
f 2901/2901/2901 2903/2903/2903 2904/2904/2904
f 2909/2909/2909 2907/2907/2907 2910/2910/2910
f 2875/2875/2875 2898/2898/2898 2881/2881/2881
f 2906/2906/2906 2907/2907/2907 2908/2908/2908
f 2878/2878/2878 2898/2898/2898 2875/2875/2875
f 2904/2904/2904 2902/2902/2902 2901/2901/2901
f 2875/2875/2875 2881/2881/2881 2890/2890/2890
f 2906/2906/2906 2910/2910/2910 2907/2907/2907
f 2875/2875/2875 2877/2877/2877 2878/2878/2878
f 2909/2909/2909 2912/2912/2912 2915/2915/2915
f 2891/2891/2891 2895/2895/2895 2896/2896/2896
f 2875/2875/2875 2876/2876/2876 2877/2877/2877
f 2910/2910/2910 2906/2906/2906 2911/2911/2911
f 2912/2912/2912 2909/2909/2909 2910/2910/2910
f 2875/2875/2875 2890/2890/2890 2876/2876/2876
f 2889/2889/2889 2890/2890/2890 2891/2891/2891
f 2890/2890/2890 2889/2889/2889 2876/2876/2876
f 2891/2891/2891 2892/2892/2892 2889/2889/2889
f 2913/2913/2913 2912/2912/2912 2910/2910/2910
f 2910/2910/2910 2914/2914/2914 2913/2913/2913
f 2914/2914/2914 2910/2910/2910 2911/2911/2911
f 2897/2897/2897 2891/2891/2891 2896/2896/2896
f 2892/2892/2892 2891/2891/2891 2897/2897/2897
f 2911/2911/2911 2916/2916/2916 2914/2914/2914
f 2916/2916/2916 2917/2917/2917 2914/2914/2914
f 2918/2918/2918 2919/2919/2919 2920/2920/2920
f 2921/2921/2921 2919/2919/2919 2918/2918/2918
f 2918/2918/2918 2922/2922/2922 2921/2921/2921
f 2923/2923/2923 2924/2924/2924 2925/2925/2925
f 2955/2955/2955 2954/2954/2954 2927/2927/2927
f 2926/2926/2926 2927/2927/2927 2954/2954/2954
f 2931/2931/2931 2926/2926/2926 2954/2954/2954
f 2926/2926/2926 2931/2931/2931 2929/2929/2929
f 2923/2923/2923 2927/2927/2927 2926/2926/2926
f 2929/2929/2929 2931/2931/2931 2937/2937/2937
f 2923/2923/2923 2926/2926/2926 2924/2924/2924
f 2938/2938/2938 2937/2937/2937 2940/2940/2940
f 2938/2938/2938 2936/2936/2936 2937/2937/2937
f 2926/2926/2926 2928/2928/2928 2924/2924/2924
f 2928/2928/2928 2926/2926/2926 2929/2929/2929
f 2936/2936/2936 2929/2929/2929 2937/2937/2937
f 2930/2930/2930 2924/2924/2924 2928/2928/2928
f 2932/2932/2932 2928/2928/2928 2929/2929/2929
f 2933/2933/2933 2932/2932/2932 2929/2929/2929
f 2934/2934/2934 2932/2932/2932 2933/2933/2933
f 2933/2933/2933 2929/2929/2929 2935/2935/2935
f 2936/2936/2936 2938/2938/2938 2939/2939/2939
f 2929/2929/2929 2936/2936/2936 2935/2935/2935
f 2939/2939/2939 2938/2938/2938 2941/2941/2941
f 2942/2942/2942 2936/2936/2936 2939/2939/2939
f 2942/2942/2942 2939/2939/2939 2943/2943/2943
f 2939/2939/2939 2944/2944/2944 2943/2943/2943
f 2945/2945/2945 2942/2942/2942 2943/2943/2943
f 2943/2943/2943 2944/2944/2944 2947/2947/2947
f 2945/2945/2945 2943/2943/2943 2946/2946/2946
f 2943/2943/2943 2947/2947/2947 2946/2946/2946
f 2946/2946/2946 2947/2947/2947 2948/2948/2948
f 2950/2950/2950 2949/2949/2949 2947/2947/2947
f 2953/2953/2953 2952/2952/2952 2950/2950/2950
f 2948/2948/2948 2947/2947/2947 2949/2949/2949
f 2949/2949/2949 2950/2950/2950 2952/2952/2952
f 2951/2951/2951 2948/2948/2948 2949/2949/2949
f 2951/2951/2951 2949/2949/2949 2952/2952/2952
f 2956/2956/2956 2957/2957/2957 2958/2958/2958
f 2959/2959/2959 2957/2957/2957 2956/2956/2956
f 2960/2960/2960 2959/2959/2959 2956/2956/2956
f 2959/2959/2959 2961/2961/2961 2962/2962/2962
f 2959/2959/2959 2960/2960/2960 2961/2961/2961
f 2961/2961/2961 2963/2963/2963 2962/2962/2962
f 2965/2965/2965 2967/2967/2967 2962/2962/2962
f 2963/2963/2963 2965/2965/2965 2962/2962/2962
f 2963/2963/2963 2961/2961/2961 2964/2964/2964
f 2966/2966/2966 2965/2965/2965 2963/2963/2963
f 2963/2963/2963 2964/2964/2964 2968/2968/2968
f 2966/2966/2966 2963/2963/2963 2968/2968/2968
f 2970/2970/2970 2968/2968/2968 2964/2964/2964
f 2966/2966/2966 2968/2968/2968 2969/2969/2969
f 2969/2969/2969 2968/2968/2968 2970/2970/2970
f 2970/2970/2970 2989/2989/2989 2988/2988/2988
f 2969/2969/2969 2971/2971/2971 2966/2966/2966
f 2970/2970/2970 2988/2988/2988 2974/2974/2974
f 2969/2969/2969 2970/2970/2970 2972/2972/2972
f 2971/2971/2971 2969/2969/2969 2972/2972/2972
f 2973/2973/2973 2970/2970/2970 2974/2974/2974
f 2972/2972/2972 2970/2970/2970 2973/2973/2973
f 2975/2975/2975 2972/2972/2972 2973/2973/2973
f 2972/2972/2972 2975/2975/2975 2976/2976/2976
f 2976/2976/2976 2982/2982/2982 2972/2972/2972
f 2977/2977/2977 2975/2975/2975 2973/2973/2973
f 2977/2977/2977 2978/2978/2978 2975/2975/2975
f 2980/2980/2980 2982/2982/2982 2976/2976/2976
f 2976/2976/2976 2975/2975/2975 2978/2978/2978
f 2978/2978/2978 2977/2977/2977 2979/2979/2979
f 2978/2978/2978 2980/2980/2980 2976/2976/2976
f 2980/2980/2980 2978/2978/2978 2981/2981/2981
f 2978/2978/2978 2983/2983/2983 2981/2981/2981
f 2983/2983/2983 2978/2978/2978 2979/2979/2979
f 2984/2984/2984 2981/2981/2981 2983/2983/2983
f 2979/2979/2979 2985/2985/2985 2983/2983/2983
f 2985/2985/2985 2984/2984/2984 2983/2983/2983
f 2985/2985/2985 2979/2979/2979 2986/2986/2986
f 2987/2987/2987 2985/2985/2985 2986/2986/2986
f 2990/2990/2990 2991/2991/2991 2992/2992/2992
f 2992/2992/2992 2991/2991/2991 2993/2993/2993
f 2999/2999/2999 3019/3019/3019 3021/3021/3021
f 3020/3020/3020 3017/3017/3017 3023/3023/3023
f 2992/2992/2992 2993/2993/2993 2994/2994/2994
f 2999/2999/2999 3021/3021/3021 3022/3022/3022
f 3019/3019/3019 3017/3017/3017 3020/3020/3020
f 3012/3012/3012 3014/3014/3014 3015/3015/3015
f 3012/3012/3012 3011/3011/3011 3009/3009/3009
f 3009/3009/3009 3011/3011/3011 3010/3010/3010
f 3009/3009/3009 3014/3014/3014 3012/3012/3012
f 3001/3001/3001 3014/3014/3014 3000/3000/3000
f 2999/2999/2999 3017/3017/3017 3019/3019/3019
f 3009/3009/3009 3010/3010/3010 3008/3008/3008
f 3000/3000/3000 3014/3014/3014 3009/3009/3009
f 2998/2998/2998 3001/3001/3001 3000/3000/3000
f 3011/3011/3011 3013/3013/3013 3010/3010/3010
f 3003/3003/3003 3009/3009/3009 3008/3008/3008
f 3003/3003/3003 3000/3000/3000 3009/3009/3009
f 3016/3016/3016 3017/3017/3017 2999/2999/2999
f 2996/2996/2996 3016/3016/3016 2999/2999/2999
f 2996/2996/2996 2999/2999/2999 2998/2998/2998
f 2995/2995/2995 2996/2996/2996 2998/2998/2998
f 2998/2998/2998 3000/3000/3000 2995/2995/2995
f 2995/2995/2995 2994/2994/2994 2996/2996/2996
f 2995/2995/2995 2992/2992/2992 2994/2994/2994
f 3025/3025/3025 3024/3024/3024 3018/3018/3018
f 2997/2997/2997 3018/3018/3018 3016/3016/3016
f 3025/3025/3025 3018/3018/3018 2997/2997/2997
f 2997/2997/2997 3026/3026/3026 3025/3025/3025
f 2994/2994/2994 2997/2997/2997 2996/2996/2996
f 2994/2994/2994 3026/3026/3026 2997/2997/2997
f 3000/3000/3000 3002/3002/3002 2995/2995/2995
f 2994/2994/2994 3027/3027/3027 3026/3026/3026
f 3002/3002/3002 3004/3004/3004 2995/2995/2995
f 3028/3028/3028 3029/3029/3029 3030/3030/3030
f 3027/3027/3027 3028/3028/3028 3026/3026/3026
f 3016/3016/3016 3018/3018/3018 3017/3017/3017
f 3005/3005/3005 3004/3004/3004 3002/3002/3002
f 3028/3028/3028 3027/3027/3027 3029/3029/3029
f 3008/3008/3008 3007/3007/3007 3003/3003/3003
f 2995/2995/2995 3004/3004/3004 3006/3006/3006
f 3024/3024/3024 3017/3017/3017 3018/3018/3018
f 3000/3000/3000 3003/3003/3003 3002/3002/3002
f 3003/3003/3003 3007/3007/3007 3002/3002/3002
f 3002/3002/3002 3007/3007/3007 3005/3005/3005
f 3031/3031/3031 3032/3032/3032 3033/3033/3033
f 3033/3033/3033 3034/3034/3034 3031/3031/3031
f 3035/3035/3035 3036/3036/3036 3037/3037/3037
f 3035/3035/3035 3038/3038/3038 3036/3036/3036
f 3038/3038/3038 3039/3039/3039 3036/3036/3036
f 3040/3040/3040 3036/3036/3036 3039/3039/3039
f 3081/3081/3081 3076/3076/3076 3065/3065/3065
f 3082/3082/3082 3081/3081/3081 3065/3065/3065
f 3061/3061/3061 3065/3065/3065 3076/3076/3076
f 3077/3077/3077 3059/3059/3059 3062/3062/3062
f 3061/3061/3061 3062/3062/3062 3059/3059/3059
f 3085/3085/3085 3061/3061/3061 3076/3076/3076
f 3065/3065/3065 3079/3079/3079 3082/3082/3082
f 3065/3065/3065 3078/3078/3078 3079/3079/3079
f 3058/3058/3058 3078/3078/3078 3065/3065/3065
f 3075/3075/3075 3078/3078/3078 3058/3058/3058
f 3061/3061/3061 3058/3058/3058 3065/3065/3065
f 3061/3061/3061 3059/3059/3059 3058/3058/3058
f 3080/3080/3080 3072/3072/3072 3077/3077/3077
f 3063/3063/3063 3059/3059/3059 3077/3077/3077
f 3074/3074/3074 3075/3075/3075 3058/3058/3058
f 3077/3077/3077 3072/3072/3072 3063/3063/3063
f 3058/3058/3058 3059/3059/3059 3060/3060/3060
f 3058/3058/3058 3073/3073/3073 3074/3074/3074
f 3074/3074/3074 3073/3073/3073 3083/3083/3083
f 3073/3073/3073 3058/3058/3058 3068/3068/3068
f 3058/3058/3058 3060/3060/3060 3068/3068/3068
f 3060/3060/3060 3059/3059/3059 3063/3063/3063
f 3064/3064/3064 3060/3060/3060 3063/3063/3063
f 3068/3068/3068 3060/3060/3060 3064/3064/3064
f 3068/3068/3068 3064/3064/3064 3069/3069/3069
f 3072/3072/3072 3071/3071/3071 3063/3063/3063
f 3069/3069/3069 3057/3057/3057 3068/3068/3068
f 3063/3063/3063 3071/3071/3071 3066/3066/3066
f 3064/3064/3064 3063/3063/3063 3066/3066/3066
f 3056/3056/3056 3057/3057/3057 3069/3069/3069
f 3067/3067/3067 3064/3064/3064 3066/3066/3066
f 3070/3070/3070 3069/3069/3069 3064/3064/3064
f 3069/3069/3069 3070/3070/3070 3056/3056/3056
f 3055/3055/3055 3057/3057/3057 3056/3056/3056
f 3067/3067/3067 3070/3070/3070 3064/3064/3064
f 3084/3084/3084 3070/3070/3070 3067/3067/3067
f 3055/3055/3055 3056/3056/3056 3053/3053/3053
f 3041/3041/3041 3042/3042/3042 3043/3043/3043
f 3053/3053/3053 3054/3054/3054 3055/3055/3055
f 3051/3051/3051 3052/3052/3052 3053/3053/3053
f 3045/3045/3045 3046/3046/3046 3047/3047/3047
f 3043/3043/3043 3042/3042/3042 3044/3044/3044
f 3053/3053/3053 3052/3052/3052 3054/3054/3054
f 3049/3049/3049 3045/3045/3045 3047/3047/3047
f 3048/3048/3048 3045/3045/3045 3049/3049/3049
f 3048/3048/3048 3050/3050/3050 3045/3045/3045
f 3086/3086/3086 3087/3087/3087 3088/3088/3088
f 3124/3124/3124 3088/3088/3088 3123/3123/3123
f 3089/3089/3089 3088/3088/3088 3087/3087/3087
f 3090/3090/3090 3088/3088/3088 3089/3089/3089
f 3090/3090/3090 3123/3123/3123 3088/3088/3088
f 3091/3091/3091 3089/3089/3089 3087/3087/3087
f 3091/3091/3091 3090/3090/3090 3089/3089/3089
f 3091/3091/3091 3087/3087/3087 3092/3092/3092
f 3090/3090/3090 3091/3091/3091 3095/3095/3095
f 3091/3091/3091 3092/3092/3092 3093/3093/3093
f 3091/3091/3091 3093/3093/3093 3095/3095/3095
f 3094/3094/3094 3093/3093/3093 3092/3092/3092
f 3093/3093/3093 3096/3096/3096 3095/3095/3095
f 3093/3093/3093 3094/3094/3094 3097/3097/3097
f 3093/3093/3093 3097/3097/3097 3098/3098/3098
f 3098/3098/3098 3097/3097/3097 3099/3099/3099
f 3098/3098/3098 3099/3099/3099 3100/3100/3100
f 3102/3102/3102 3099/3099/3099 3103/3103/3103
f 3100/3100/3100 3099/3099/3099 3101/3101/3101
f 3099/3099/3099 3102/3102/3102 3101/3101/3101
f 3101/3101/3101 3102/3102/3102 3104/3104/3104
f 3105/3105/3105 3101/3101/3101 3104/3104/3104
f 3107/3107/3107 3101/3101/3101 3106/3106/3106
f 3108/3108/3108 3107/3107/3107 3106/3106/3106
f 3107/3107/3107 3108/3108/3108 3109/3109/3109
f 3110/3110/3110 3112/3112/3112 3107/3107/3107
f 3109/3109/3109 3110/3110/3110 3107/3107/3107
f 3109/3109/3109 3111/3111/3111 3110/3110/3110
f 3110/3110/3110 3113/3113/3113 3112/3112/3112
f 3109/3109/3109 3116/3116/3116 3111/3111/3111
f 3110/3110/3110 3114/3114/3114 3113/3113/3113
f 3111/3111/3111 3117/3117/3117 3110/3110/3110
f 3114/3114/3114 3115/3115/3115 3113/3113/3113
f 3118/3118/3118 3111/3111/3111 3116/3116/3116
f 3118/3118/3118 3119/3119/3119 3111/3111/3111
f 3119/3119/3119 3118/3118/3118 3120/3120/3120
f 3119/3119/3119 3121/3121/3121 3111/3111/3111
f 3119/3119/3119 3120/3120/3120 3122/3122/3122
f 3122/3122/3122 3121/3121/3121 3119/3119/3119
f 3106/3106/3106 3101/3101/3101 3105/3105/3105
f 3125/3125/3125 3126/3126/3126 3127/3127/3127
f 3128/3128/3128 3126/3126/3126 3125/3125/3125
f 3128/3128/3128 3125/3125/3125 3129/3129/3129
f 3129/3129/3129 3125/3125/3125 3130/3130/3130
f 3131/3131/3131 3132/3132/3132 3133/3133/3133
f 3133/3133/3133 3132/3132/3132 3134/3134/3134
f 3134/3134/3134 3137/3137/3137 3136/3136/3136
f 3135/3135/3135 3133/3133/3133 3134/3134/3134
f 3134/3134/3134 3136/3136/3136 3135/3135/3135
f 3150/3150/3150 3148/3148/3148 3157/3157/3157
f 3146/3146/3146 3148/3148/3148 3147/3147/3147
f 3149/3149/3149 3148/3148/3148 3150/3150/3150
f 3147/3147/3147 3148/3148/3148 3149/3149/3149
f 3136/3136/3136 3138/3138/3138 3135/3135/3135
f 3147/3147/3147 3149/3149/3149 3151/3151/3151
f 3138/3138/3138 3139/3139/3139 3135/3135/3135
f 3141/3141/3141 3143/3143/3143 3139/3139/3139
f 3146/3146/3146 3147/3147/3147 3145/3145/3145
f 3150/3150/3150 3156/3156/3156 3153/3153/3153
f 3150/3150/3150 3153/3153/3153 3149/3149/3149
f 3151/3151/3151 3152/3152/3152 3154/3154/3154
f 3138/3138/3138 3140/3140/3140 3139/3139/3139
f 3151/3151/3151 3149/3149/3149 3152/3152/3152
f 3153/3153/3153 3156/3156/3156 3155/3155/3155
f 3153/3153/3153 3152/3152/3152 3149/3149/3149
f 3153/3153/3153 3155/3155/3155 3152/3152/3152
f 3140/3140/3140 3142/3142/3142 3141/3141/3141
f 3139/3139/3139 3140/3140/3140 3141/3141/3141
f 3141/3141/3141 3144/3144/3144 3143/3143/3143
f 3142/3142/3142 3158/3158/3158 3141/3141/3141
f 3141/3141/3141 3146/3146/3146 3145/3145/3145
f 3141/3141/3141 3145/3145/3145 3144/3144/3144
f 3159/3159/3159 3160/3160/3160 3161/3161/3161
f 3163/3163/3163 3159/3159/3159 3166/3166/3166
f 3160/3160/3160 3159/3159/3159 3162/3162/3162
f 3163/3163/3163 3162/3162/3162 3159/3159/3159
f 3160/3160/3160 3162/3162/3162 3164/3164/3164
f 3163/3163/3163 3165/3165/3165 3162/3162/3162
f 3167/3167/3167 3168/3168/3168 3169/3169/3169
f 3168/3168/3168 3167/3167/3167 3170/3170/3170
f 3171/3171/3171 3172/3172/3172 3173/3173/3173
f 3174/3174/3174 3173/3173/3173 3172/3172/3172
f 3174/3174/3174 3172/3172/3172 3175/3175/3175
f 3176/3176/3176 3177/3177/3177 3178/3178/3178
f 3187/3187/3187 3177/3177/3177 3179/3179/3179
f 3179/3179/3179 3177/3177/3177 3176/3176/3176
f 3176/3176/3176 3178/3178/3178 3180/3180/3180
f 3178/3178/3178 3181/3181/3181 3180/3180/3180
f 3180/3180/3180 3181/3181/3181 3186/3186/3186
f 3183/3183/3183 3180/3180/3180 3186/3186/3186
f 3176/3176/3176 3180/3180/3180 3182/3182/3182
f 3184/3184/3184 3176/3176/3176 3182/3182/3182
f 3179/3179/3179 3176/3176/3176 3184/3184/3184
f 3182/3182/3182 3180/3180/3180 3183/3183/3183
f 3182/3182/3182 3185/3185/3185 3184/3184/3184
f 3188/3188/3188 3189/3189/3189 3190/3190/3190
f 3189/3189/3189 3191/3191/3191 3190/3190/3190
f 3193/3193/3193 3198/3198/3198 3197/3197/3197
f 3192/3192/3192 3193/3193/3193 3197/3197/3197
f 3198/3198/3198 3193/3193/3193 3199/3199/3199
f 3190/3190/3190 3193/3193/3193 3192/3192/3192
f 3188/3188/3188 3190/3190/3190 3192/3192/3192
f 3194/3194/3194 3188/3188/3188 3192/3192/3192
f 3195/3195/3195 3188/3188/3188 3194/3194/3194
f 3194/3194/3194 3192/3192/3192 3196/3196/3196
f 3200/3200/3200 3201/3201/3201 3202/3202/3202
f 3203/3203/3203 3201/3201/3201 3200/3200/3200
f 3203/3203/3203 3204/3204/3204 3201/3201/3201
f 3205/3205/3205 3203/3203/3203 3200/3200/3200
f 3206/3206/3206 3207/3207/3207 3208/3208/3208
f 3207/3207/3207 3206/3206/3206 3209/3209/3209
f 3210/3210/3210 3225/3225/3225 3224/3224/3224
f 3209/3209/3209 3206/3206/3206 3210/3210/3210
f 3206/3206/3206 3225/3225/3225 3210/3210/3210
f 3215/3215/3215 3210/3210/3210 3224/3224/3224
f 3209/3209/3209 3210/3210/3210 3215/3215/3215
f 3206/3206/3206 3226/3226/3226 3225/3225/3225
f 3209/3209/3209 3215/3215/3215 3214/3214/3214
f 3209/3209/3209 3214/3214/3214 3213/3213/3213
f 3215/3215/3215 3223/3223/3223 3214/3214/3214
f 3207/3207/3207 3209/3209/3209 3211/3211/3211
f 3212/3212/3212 3209/3209/3209 3213/3213/3213
f 3211/3211/3211 3209/3209/3209 3212/3212/3212
f 3216/3216/3216 3213/3213/3213 3214/3214/3214
f 3217/3217/3217 3216/3216/3216 3214/3214/3214
f 3220/3220/3220 3219/3219/3219 3222/3222/3222
f 3217/3217/3217 3214/3214/3214 3218/3218/3218
f 3221/3221/3221 3217/3217/3217 3220/3220/3220
f 3217/3217/3217 3218/3218/3218 3219/3219/3219
f 3220/3220/3220 3217/3217/3217 3219/3219/3219
f 3227/3227/3227 3228/3228/3228 3229/3229/3229
f 3231/3231/3231 3227/3227/3227 3229/3229/3229
f 3232/3232/3232 3230/3230/3230 3227/3227/3227
f 3230/3230/3230 3228/3228/3228 3227/3227/3227
f 3231/3231/3231 3232/3232/3232 3227/3227/3227
f 3233/3233/3233 3232/3232/3232 3231/3231/3231
f 3244/3244/3244 3247/3247/3247 3246/3246/3246
f 3245/3245/3245 3244/3244/3244 3246/3246/3246
f 3248/3248/3248 3245/3245/3245 3246/3246/3246
f 3253/3253/3253 3255/3255/3255 3244/3244/3244
f 3253/3253/3253 3244/3244/3244 3254/3254/3254
f 3245/3245/3245 3253/3253/3253 3254/3254/3254
f 3242/3242/3242 3243/3243/3243 3244/3244/3244
f 3245/3245/3245 3242/3242/3242 3244/3244/3244
f 3234/3234/3234 3235/3235/3235 3236/3236/3236
f 3250/3250/3250 3253/3253/3253 3245/3245/3245
f 3252/3252/3252 3248/3248/3248 3246/3246/3246
f 3237/3237/3237 3238/3238/3238 3239/3239/3239
f 3237/3237/3237 3241/3241/3241 3238/3238/3238
f 3245/3245/3245 3249/3249/3249 3250/3250/3250
f 3248/3248/3248 3249/3249/3249 3245/3245/3245
f 3237/3237/3237 3240/3240/3240 3241/3241/3241
f 3251/3251/3251 3250/3250/3250 3249/3249/3249
f 3256/3256/3256 3257/3257/3257 3258/3258/3258
f 3258/3258/3258 3260/3260/3260 3256/3256/3256
f 3260/3260/3260 3258/3258/3258 3261/3261/3261
f 3259/3259/3259 3257/3257/3257 3256/3256/3256
f 3260/3260/3260 3262/3262/3262 3256/3256/3256
f 3290/3290/3290 3291/3291/3291 3292/3292/3292
f 3267/3267/3267 3265/3265/3265 3266/3266/3266
f 3267/3267/3267 3279/3279/3279 3278/3278/3278
f 3292/3292/3292 3291/3291/3291 3293/3293/3293
f 3298/3298/3298 3299/3299/3299 3300/3300/3300
f 3264/3264/3264 3266/3266/3266 3265/3265/3265
f 3282/3282/3282 3283/3283/3283 3284/3284/3284
f 3285/3285/3285 3284/3284/3284 3283/3283/3283
f 3295/3295/3295 3296/3296/3296 3297/3297/3297
f 3263/3263/3263 3264/3264/3264 3265/3265/3265
f 3292/3292/3292 3293/3293/3293 3294/3294/3294
f 3263/3263/3263 3260/3260/3260 3264/3264/3264
f 3267/3267/3267 3278/3278/3278 3272/3272/3272
f 3287/3287/3287 3288/3288/3288 3289/3289/3289
f 3263/3263/3263 3262/3262/3262 3260/3260/3260
f 3267/3267/3267 3272/3272/3272 3268/3268/3268
f 3267/3267/3267 3268/3268/3268 3265/3265/3265
f 3282/3282/3282 3286/3286/3286 3269/3269/3269
f 3265/3265/3265 3268/3268/3268 3269/3269/3269
f 3277/3277/3277 3282/3282/3282 3269/3269/3269
f 3283/3283/3283 3282/3282/3282 3281/3281/3281
f 3281/3281/3281 3282/3282/3282 3277/3277/3277
f 3268/3268/3268 3272/3272/3272 3271/3271/3271
f 3281/3281/3281 3277/3277/3277 3280/3280/3280
f 3269/3269/3269 3268/3268/3268 3270/3270/3270
f 3268/3268/3268 3271/3271/3271 3270/3270/3270
f 3277/3277/3277 3269/3269/3269 3273/3273/3273
f 3273/3273/3273 3269/3269/3269 3270/3270/3270
f 3277/3277/3277 3273/3273/3273 3275/3275/3275
f 3280/3280/3280 3277/3277/3277 3275/3275/3275
f 3270/3270/3270 3271/3271/3271 3276/3276/3276
f 3274/3274/3274 3273/3273/3273 3270/3270/3270
f 3274/3274/3274 3275/3275/3275 3273/3273/3273
f 3276/3276/3276 3274/3274/3274 3270/3270/3270
f 3301/3301/3301 3302/3302/3302 3303/3303/3303
f 3304/3304/3304 3303/3303/3303 3302/3302/3302
f 3305/3305/3305 3306/3306/3306 3307/3307/3307
f 3308/3308/3308 3309/3309/3309 3310/3310/3310
f 3312/3312/3312 3310/3310/3310 3313/3313/3313
f 3310/3310/3310 3311/3311/3311 3308/3308/3308
f 3316/3316/3316 3312/3312/3312 3313/3313/3313
f 3311/3311/3311 3310/3310/3310 3312/3312/3312
f 3315/3315/3315 3312/3312/3312 3316/3316/3316
f 3314/3314/3314 3312/3312/3312 3315/3315/3315
f 3317/3317/3317 3315/3315/3315 3319/3319/3319
f 3314/3314/3314 3311/3311/3311 3312/3312/3312
f 3317/3317/3317 3314/3314/3314 3315/3315/3315
f 3321/3321/3321 3320/3320/3320 3319/3319/3319
f 3320/3320/3320 3317/3317/3317 3319/3319/3319
f 3322/3322/3322 3321/3321/3321 3323/3323/3323
f 3326/3326/3326 3323/3323/3323 3328/3328/3328
f 3321/3321/3321 3322/3322/3322 3320/3320/3320
f 3322/3322/3322 3323/3323/3323 3326/3326/3326
f 3320/3320/3320 3322/3322/3322 3324/3324/3324
f 3322/3322/3322 3326/3326/3326 3325/3325/3325
f 3326/3326/3326 3328/3328/3328 3327/3327/3327
f 3324/3324/3324 3322/3322/3322 3325/3325/3325
f 3327/3327/3327 3325/3325/3325 3326/3326/3326
f 3318/3318/3318 3314/3314/3314 3317/3317/3317
f 3329/3329/3329 3330/3330/3330 3331/3331/3331
f 3329/3329/3329 3332/3332/3332 3333/3333/3333
f 3331/3331/3331 3332/3332/3332 3329/3329/3329
f 3334/3334/3334 3335/3335/3335 3336/3336/3336
f 3337/3337/3337 3339/3339/3339 3336/3336/3336
f 3336/3336/3336 3335/3335/3335 3337/3337/3337
f 3339/3339/3339 3337/3337/3337 3340/3340/3340
f 3337/3337/3337 3335/3335/3335 3338/3338/3338
f 3338/3338/3338 3343/3343/3343 3337/3337/3337
f 3343/3343/3343 3341/3341/3341 3337/3337/3337
f 3341/3341/3341 3343/3343/3343 3338/3338/3338
f 3340/3340/3340 3342/3342/3342 3339/3339/3339
f 3337/3337/3337 3341/3341/3341 3340/3340/3340
f 3338/3338/3338 3345/3345/3345 3341/3341/3341
f 3345/3345/3345 3344/3344/3344 3341/3341/3341
f 3341/3341/3341 3344/3344/3344 3340/3340/3340
f 3345/3345/3345 3346/3346/3346 3344/3344/3344
f 3347/3347/3347 3348/3348/3348 3349/3349/3349
f 3349/3349/3349 3351/3351/3351 3347/3347/3347
f 3352/3352/3352 3347/3347/3347 3351/3351/3351
f 3348/3348/3348 3347/3347/3347 3350/3350/3350
f 3353/3353/3353 3354/3354/3354 3355/3355/3355
f 3355/3355/3355 3354/3354/3354 3357/3357/3357
f 3353/3353/3353 3356/3356/3356 3354/3354/3354
f 3359/3359/3359 3354/3354/3354 3356/3356/3356
f 3353/3353/3353 3358/3358/3358 3356/3356/3356
f 3360/3360/3360 3361/3361/3361 3362/3362/3362
f 3364/3364/3364 3360/3360/3360 3362/3362/3362
f 3361/3361/3361 3366/3366/3366 3363/3363/3363
f 3363/3363/3363 3362/3362/3362 3361/3361/3361
f 3365/3365/3365 3363/3363/3363 3367/3367/3367
f 3362/3362/3362 3363/3363/3363 3365/3365/3365
f 3368/3368/3368 3369/3369/3369 3370/3370/3370
f 3374/3374/3374 3372/3372/3372 3370/3370/3370
f 3371/3371/3371 3372/3372/3372 3375/3375/3375
f 3371/3371/3371 3370/3370/3370 3372/3372/3372
f 3370/3370/3370 3371/3371/3371 3368/3368/3368
f 3368/3368/3368 3371/3371/3371 3373/3373/3373
f 3376/3376/3376 3377/3377/3377 3378/3378/3378
f 3382/3382/3382 3380/3380/3380 3378/3378/3378
f 3378/3378/3378 3379/3379/3379 3376/3376/3376
f 3380/3380/3380 3379/3379/3379 3378/3378/3378
f 3383/3383/3383 3380/3380/3380 3382/3382/3382
f 3380/3380/3380 3381/3381/3381 3379/3379/3379
f 3383/3383/3383 3381/3381/3381 3380/3380/3380
f 3382/3382/3382 3384/3384/3384 3383/3383/3383
f 3381/3381/3381 3390/3390/3390 3379/3379/3379
f 3385/3385/3385 3383/3383/3383 3384/3384/3384
f 3388/3388/3388 3391/3391/3391 3390/3390/3390
f 3388/3388/3388 3390/3390/3390 3381/3381/3381
f 3383/3383/3383 3386/3386/3386 3381/3381/3381
f 3392/3392/3392 3388/3388/3388 3389/3389/3389
f 3385/3385/3385 3386/3386/3386 3383/3383/3383
f 3381/3381/3381 3386/3386/3386 3388/3388/3388
f 3392/3392/3392 3391/3391/3391 3388/3388/3388
f 3386/3386/3386 3389/3389/3389 3388/3388/3388
f 3401/3401/3401 3391/3391/3391 3394/3394/3394
f 3385/3385/3385 3387/3387/3387 3386/3386/3386
f 3393/3393/3393 3392/3392/3392 3389/3389/3389
f 3395/3395/3395 3389/3389/3389 3386/3386/3386
f 3395/3395/3395 3386/3386/3386 3387/3387/3387
f 3395/3395/3395 3393/3393/3393 3389/3389/3389
f 3392/3392/3392 3393/3393/3393 3394/3394/3394
f 3393/3393/3393 3400/3400/3400 3394/3394/3394
f 3394/3394/3394 3400/3400/3400 3401/3401/3401
f 3395/3395/3395 3396/3396/3396 3393/3393/3393
f 3396/3396/3396 3397/3397/3397 3393/3393/3393
f 3398/3398/3398 3400/3400/3400 3393/3393/3393
f 3397/3397/3397 3398/3398/3398 3393/3393/3393
f 3397/3397/3397 3399/3399/3399 3398/3398/3398
f 3402/3402/3402 3403/3403/3403 3404/3404/3404
f 3402/3402/3402 3405/3405/3405 3403/3403/3403
f 3402/3402/3402 3406/3406/3406 3405/3405/3405
f 3407/3407/3407 3403/3403/3403 3405/3405/3405
f 3402/3402/3402 3412/3412/3412 3406/3406/3406
f 3407/3407/3407 3405/3405/3405 3408/3408/3408
f 3405/3405/3405 3406/3406/3406 3409/3409/3409
f 3409/3409/3409 3408/3408/3408 3405/3405/3405
f 3411/3411/3411 3410/3410/3410 3409/3409/3409
f 3409/3409/3409 3410/3410/3410 3408/3408/3408
f 3413/3413/3413 3414/3414/3414 3415/3415/3415
f 3413/3413/3413 3415/3415/3415 3416/3416/3416
f 3416/3416/3416 3415/3415/3415 3417/3417/3417
f 3419/3419/3419 3416/3416/3416 3417/3417/3417
f 3421/3421/3421 3417/3417/3417 3423/3423/3423
f 3429/3429/3429 3426/3426/3426 3428/3428/3428
f 3413/3413/3413 3416/3416/3416 3418/3418/3418
f 3428/3428/3428 3426/3426/3426 3425/3425/3425
f 3421/3421/3421 3419/3419/3419 3417/3417/3417
f 3422/3422/3422 3421/3421/3421 3424/3424/3424
f 3422/3422/3422 3424/3424/3424 3425/3425/3425
f 3419/3419/3419 3418/3418/3418 3416/3416/3416
f 3422/3422/3422 3419/3419/3419 3421/3421/3421
f 3419/3419/3419 3420/3420/3420 3418/3418/3418
f 3426/3426/3426 3429/3429/3429 3427/3427/3427
f 3419/3419/3419 3422/3422/3422 3420/3420/3420
f 3420/3420/3420 3422/3422/3422 3425/3425/3425
f 3426/3426/3426 3420/3420/3420 3425/3425/3425
f 3426/3426/3426 3427/3427/3427 3420/3420/3420
f 3447/3447/3447 3448/3448/3448 3449/3449/3449
f 3444/3444/3444 3445/3445/3445 3436/3436/3436
f 3433/3433/3433 3434/3434/3434 3435/3435/3435
f 3436/3436/3436 3437/3437/3437 3438/3438/3438
f 3442/3442/3442 3443/3443/3443 3436/3436/3436
f 3439/3439/3439 3436/3436/3436 3438/3438/3438
f 3440/3440/3440 3436/3436/3436 3439/3439/3439
f 3439/3439/3439 3438/3438/3438 3441/3441/3441
f 3446/3446/3446 3443/3443/3443 3442/3442/3442
f 3430/3430/3430 3431/3431/3431 3432/3432/3432
f 3440/3440/3440 3442/3442/3442 3436/3436/3436
f 3436/3436/3436 3443/3443/3443 3444/3444/3444
f 3450/3450/3450 3451/3451/3451 3452/3452/3452
f 3453/3453/3453 3450/3450/3450 3452/3452/3452
f 3454/3454/3454 3453/3453/3453 3455/3455/3455
f 3454/3454/3454 3450/3450/3450 3453/3453/3453
f 3456/3456/3456 3457/3457/3457 3458/3458/3458
f 3459/3459/3459 3460/3460/3460 3461/3461/3461
f 3462/3462/3462 3463/3463/3463 3464/3464/3464
f 3465/3465/3465 3466/3466/3466 3467/3467/3467
f 3468/3468/3468 3469/3469/3469 3470/3470/3470
f 3470/3470/3470 3471/3471/3471 3468/3468/3468
f 3475/3475/3475 3478/3478/3478 3477/3477/3477
f 3477/3477/3477 3473/3473/3473 3475/3475/3475
f 3475/3475/3475 3473/3473/3473 3471/3471/3471
f 3472/3472/3472 3471/3471/3471 3473/3473/3473
f 3468/3468/3468 3471/3471/3471 3472/3472/3472
f 3472/3472/3472 3474/3474/3474 3468/3468/3468
f 3472/3472/3472 3473/3473/3473 3476/3476/3476
f 3479/3479/3479 3480/3480/3480 3481/3481/3481
f 3479/3479/3479 3481/3481/3481 3482/3482/3482
f 3479/3479/3479 3486/3486/3486 3488/3488/3488
f 3482/3482/3482 3483/3483/3483 3479/3479/3479
f 3479/3479/3479 3484/3484/3484 3486/3486/3486
f 3483/3483/3483 3484/3484/3484 3479/3479/3479
f 3487/3487/3487 3486/3486/3486 3484/3484/3484
f 3485/3485/3485 3484/3484/3484 3483/3483/3483
f 3483/3483/3483 3490/3490/3490 3485/3485/3485
f 3489/3489/3489 3485/3485/3485 3490/3490/3490
f 3487/3487/3487 3484/3484/3484 3489/3489/3489
f 3491/3491/3491 3492/3492/3492 3493/3493/3493
f 3491/3491/3491 3493/3493/3493 3495/3495/3495
f 3494/3494/3494 3492/3492/3492 3491/3491/3491
f 3508/3508/3508 3495/3495/3495 3524/3524/3524
f 3510/3510/3510 3513/3513/3513 3509/3509/3509
f 3496/3496/3496 3491/3491/3491 3495/3495/3495
f 3523/3523/3523 3510/3510/3510 3507/3507/3507
f 3513/3513/3513 3522/3522/3522 3521/3521/3521
f 3507/3507/3507 3510/3510/3510 3509/3509/3509
f 3509/3509/3509 3513/3513/3513 3512/3512/3512
f 3521/3521/3521 3512/3512/3512 3513/3513/3513
f 3523/3523/3523 3507/3507/3507 3508/3508/3508
f 3516/3516/3516 3521/3521/3521 3522/3522/3522
f 3514/3514/3514 3521/3521/3521 3516/3516/3516
f 3509/3509/3509 3512/3512/3512 3511/3511/3511
f 3498/3498/3498 3508/3508/3508 3507/3507/3507
f 3511/3511/3511 3512/3512/3512 3514/3514/3514
f 3495/3495/3495 3508/3508/3508 3498/3498/3498
f 3498/3498/3498 3497/3497/3497 3495/3495/3495
f 3504/3504/3504 3507/3507/3507 3509/3509/3509
f 3504/3504/3504 3509/3509/3509 3511/3511/3511
f 3496/3496/3496 3497/3497/3497 3499/3499/3499
f 3498/3498/3498 3507/3507/3507 3504/3504/3504
f 3496/3496/3496 3495/3495/3495 3497/3497/3497
f 3515/3515/3515 3514/3514/3514 3516/3516/3516
f 3511/3511/3511 3514/3514/3514 3515/3515/3515
f 3517/3517/3517 3511/3511/3511 3515/3515/3515
f 3497/3497/3497 3498/3498/3498 3504/3504/3504
f 3497/3497/3497 3504/3504/3504 3503/3503/3503
f 3518/3518/3518 3511/3511/3511 3517/3517/3517
f 3503/3503/3503 3504/3504/3504 3505/3505/3505
f 3520/3520/3520 3517/3517/3517 3519/3519/3519
f 3505/3505/3505 3506/3506/3506 3503/3503/3503
f 3497/3497/3497 3503/3503/3503 3502/3502/3502
f 3501/3501/3501 3497/3497/3497 3502/3502/3502
f 3500/3500/3500 3499/3499/3499 3497/3497/3497
f 3500/3500/3500 3501/3501/3501 3502/3502/3502
f 3519/3519/3519 3517/3517/3517 3515/3515/3515
f 3500/3500/3500 3497/3497/3497 3501/3501/3501
f 3525/3525/3525 3526/3526/3526 3527/3527/3527
f 3525/3525/3525 3527/3527/3527 3528/3528/3528
f 3525/3525/3525 3528/3528/3528 3530/3530/3530
f 3531/3531/3531 3530/3530/3530 3529/3529/3529
f 3527/3527/3527 3533/3533/3533 3532/3532/3532
f 3528/3528/3528 3529/3529/3529 3530/3530/3530
f 3529/3529/3529 3527/3527/3527 3532/3532/3532
f 3529/3529/3529 3528/3528/3528 3527/3527/3527
f 3529/3529/3529 3532/3532/3532 3534/3534/3534
f 3529/3529/3529 3534/3534/3534 3536/3536/3536
f 3535/3535/3535 3534/3534/3534 3532/3532/3532
f 3537/3537/3537 3538/3538/3538 3539/3539/3539
f 3538/3538/3538 3537/3537/3537 3540/3540/3540
f 3537/3537/3537 3541/3541/3541 3542/3542/3542
f 3539/3539/3539 3541/3541/3541 3537/3537/3537
f 3540/3540/3540 3537/3537/3537 3543/3543/3543
f 3544/3544/3544 3545/3545/3545 3546/3546/3546
f 3547/3547/3547 3546/3546/3546 3549/3549/3549
f 3547/3547/3547 3544/3544/3544 3546/3546/3546
f 3547/3547/3547 3549/3549/3549 3550/3550/3550
f 3551/3551/3551 3547/3547/3547 3550/3550/3550
f 3544/3544/3544 3547/3547/3547 3548/3548/3548
f 3551/3551/3551 3548/3548/3548 3547/3547/3547
f 3548/3548/3548 3551/3551/3551 3552/3552/3552
f 3554/3554/3554 3553/3553/3553 3552/3552/3552
f 3560/3560/3560 3554/3554/3554 3552/3552/3552
f 3552/3552/3552 3553/3553/3553 3548/3548/3548
f 3548/3548/3548 3553/3553/3553 3555/3555/3555
f 3553/3553/3553 3556/3556/3556 3555/3555/3555
f 3554/3554/3554 3559/3559/3559 3553/3553/3553
f 3558/3558/3558 3555/3555/3555 3556/3556/3556
f 3552/3552/3552 3564/3564/3564 3560/3560/3560
f 3554/3554/3554 3560/3560/3560 3559/3559/3559
f 3560/3560/3560 3564/3564/3564 3562/3562/3562
f 3559/3559/3559 3560/3560/3560 3561/3561/3561
f 3557/3557/3557 3553/3553/3553 3559/3559/3559
f 3556/3556/3556 3553/3553/3553 3557/3557/3557
f 3562/3562/3562 3564/3564/3564 3565/3565/3565
f 3562/3562/3562 3561/3561/3561 3560/3560/3560
f 3561/3561/3561 3562/3562/3562 3563/3563/3563
f 3563/3563/3563 3573/3573/3573 3561/3561/3561
f 3562/3562/3562 3565/3565/3565 3566/3566/3566
f 3565/3565/3565 3567/3567/3567 3566/3566/3566
f 3567/3567/3567 3576/3576/3576 3566/3566/3566
f 3566/3566/3566 3563/3563/3563 3562/3562/3562
f 3576/3576/3576 3569/3569/3569 3566/3566/3566
f 3563/3563/3563 3571/3571/3571 3573/3573/3573
f 3568/3568/3568 3566/3566/3566 3569/3569/3569
f 3563/3563/3563 3566/3566/3566 3568/3568/3568
f 3579/3579/3579 3569/3569/3569 3576/3576/3576
f 3563/3563/3563 3570/3570/3570 3571/3571/3571
f 3568/3568/3568 3570/3570/3570 3563/3563/3563
f 3568/3568/3568 3569/3569/3569 3577/3577/3577
f 3571/3571/3571 3574/3574/3574 3573/3573/3573
f 3578/3578/3578 3569/3569/3569 3579/3579/3579
f 3577/3577/3577 3569/3569/3569 3578/3578/3578
f 3571/3571/3571 3570/3570/3570 3572/3572/3572
f 3577/3577/3577 3578/3578/3578 3580/3580/3580
f 3581/3581/3581 3577/3577/3577 3580/3580/3580
f 3581/3581/3581 3582/3582/3582 3577/3577/3577
f 3571/3571/3571 3572/3572/3572 3574/3574/3574
f 3582/3582/3582 3581/3581/3581 3584/3584/3584
f 3584/3584/3584 3585/3585/3585 3582/3582/3582
f 3580/3580/3580 3583/3583/3583 3581/3581/3581
f 3584/3584/3584 3581/3581/3581 3583/3583/3583
f 3585/3585/3585 3584/3584/3584 3586/3586/3586
f 3587/3587/3587 3585/3585/3585 3586/3586/3586
f 3575/3575/3575 3574/3574/3574 3572/3572/3572
f 3593/3593/3593 3588/3588/3588 3594/3594/3594
f 3596/3596/3596 3600/3600/3600 3601/3601/3601
f 3596/3596/3596 3598/3598/3598 3600/3600/3600
f 3591/3591/3591 3588/3588/3588 3593/3593/3593
f 3588/3588/3588 3589/3589/3589 3590/3590/3590
f 3591/3591/3591 3589/3589/3589 3588/3588/3588
f 3595/3595/3595 3598/3598/3598 3596/3596/3596
f 3595/3595/3595 3599/3599/3599 3598/3598/3598
f 3592/3592/3592 3589/3589/3589 3591/3591/3591
f 3595/3595/3595 3596/3596/3596 3597/3597/3597
f 3602/3602/3602 3603/3603/3603 3604/3604/3604
f 3602/3602/3602 3604/3604/3604 3606/3606/3606
f 3606/3606/3606 3610/3610/3610 3608/3608/3608
f 3605/3605/3605 3603/3603/3603 3602/3602/3602
f 3613/3613/3613 3611/3611/3611 3612/3612/3612
f 3602/3602/3602 3606/3606/3606 3607/3607/3607
f 3611/3611/3611 3610/3610/3610 3612/3612/3612
f 3608/3608/3608 3610/3610/3610 3611/3611/3611
f 3607/3607/3607 3606/3606/3606 3608/3608/3608
f 3609/3609/3609 3602/3602/3602 3607/3607/3607
f 3614/3614/3614 3615/3615/3615 3616/3616/3616
f 3617/3617/3617 3615/3615/3615 3614/3614/3614
f 3616/3616/3616 3618/3618/3618 3614/3614/3614
f 3614/3614/3614 3618/3618/3618 3619/3619/3619
f 3626/3626/3626 3627/3627/3627 3628/3628/3628
f 3646/3646/3646 3649/3649/3649 3647/3647/3647
f 3646/3646/3646 3647/3647/3647 3648/3648/3648
f 3628/3628/3628 3629/3629/3629 3626/3626/3626
f 3623/3623/3623 3624/3624/3624 3625/3625/3625
f 3620/3620/3620 3621/3621/3621 3622/3622/3622
f 3637/3637/3637 3629/3629/3629 3636/3636/3636
f 3637/3637/3637 3636/3636/3636 3638/3638/3638
f 3629/3629/3629 3634/3634/3634 3636/3636/3636
f 3630/3630/3630 3629/3629/3629 3628/3628/3628
f 3629/3629/3629 3632/3632/3632 3634/3634/3634
f 3632/3632/3632 3635/3635/3635 3634/3634/3634
f 3631/3631/3631 3632/3632/3632 3629/3629/3629
f 3640/3640/3640 3643/3643/3643 3645/3645/3645
f 3640/3640/3640 3645/3645/3645 3635/3635/3635
f 3632/3632/3632 3640/3640/3640 3635/3635/3635
f 3630/3630/3630 3631/3631/3631 3629/3629/3629
f 3633/3633/3633 3631/3631/3631 3630/3630/3630
f 3633/3633/3633 3632/3632/3632 3631/3631/3631
f 3639/3639/3639 3633/3633/3633 3630/3630/3630
f 3642/3642/3642 3643/3643/3643 3640/3640/3640
f 3633/3633/3633 3640/3640/3640 3632/3632/3632
f 3643/3643/3643 3642/3642/3642 3644/3644/3644
f 3640/3640/3640 3641/3641/3641 3642/3642/3642
f 3641/3641/3641 3640/3640/3640 3633/3633/3633
f 3650/3650/3650 3651/3651/3651 3652/3652/3652
f 3653/3653/3653 3654/3654/3654 3655/3655/3655
f 3656/3656/3656 3654/3654/3654 3653/3653/3653
f 3740/3740/3740 3741/3741/3741 3725/3725/3725
f 3725/3725/3725 3738/3738/3738 3730/3730/3730
f 3725/3725/3725 3730/3730/3730 3726/3726/3726
f 3724/3724/3724 3725/3725/3725 3726/3726/3726
f 3740/3740/3740 3725/3725/3725 3724/3724/3724
f 3740/3740/3740 3724/3724/3724 3727/3727/3727
f 3727/3727/3727 3724/3724/3724 3728/3728/3728
f 3727/3727/3727 3728/3728/3728 3726/3726/3726
f 3729/3729/3729 3726/3726/3726 3730/3730/3730
f 3727/3727/3727 3726/3726/3726 3729/3729/3729
f 3729/3729/3729 3731/3731/3731 3727/3727/3727
f 3736/3736/3736 3738/3738/3738 3739/3739/3739
f 3738/3738/3738 3736/3736/3736 3730/3730/3730
f 3732/3732/3732 3731/3731/3731 3729/3729/3729
f 3730/3730/3730 3734/3734/3734 3729/3729/3729
f 3730/3730/3730 3736/3736/3736 3734/3734/3734
f 3732/3732/3732 3729/3729/3729 3734/3734/3734
f 3731/3731/3731 3732/3732/3732 3733/3733/3733
f 3731/3731/3731 3733/3733/3733 3743/3743/3743
f 3736/3736/3736 3735/3735/3735 3734/3734/3734
f 3734/3734/3734 3735/3735/3735 3732/3732/3732
f 3732/3732/3732 3735/3735/3735 3737/3737/3737
f 3732/3732/3732 3737/3737/3737 3733/3733/3733
f 3742/3742/3742 3743/3743/3743 3733/3733/3733
f 3742/3742/3742 3733/3733/3733 3737/3737/3737
f 3746/3746/3746 3743/3743/3743 3742/3742/3742
f 3742/3742/3742 3737/3737/3737 3744/3744/3744
f 3746/3746/3746 3747/3747/3747 3748/3748/3748
f 3747/3747/3747 3746/3746/3746 3742/3742/3742
f 3657/3657/3657 3658/3658/3658 3659/3659/3659
f 3662/3662/3662 3666/3666/3666 3658/3658/3658
f 3665/3665/3665 3666/3666/3666 3662/3662/3662
f 3669/3669/3669 3670/3670/3670 3672/3672/3672
f 3665/3665/3665 3667/3667/3667 3668/3668/3668
f 3668/3668/3668 3667/3667/3667 3669/3669/3669
f 3670/3670/3670 3673/3673/3673 3672/3672/3672
f 3661/3661/3661 3662/3662/3662 3658/3658/3658
f 3662/3662/3662 3664/3664/3664 3665/3665/3665
f 3667/3667/3667 3670/3670/3670 3669/3669/3669
f 3675/3675/3675 3672/3672/3672 3673/3673/3673
f 3665/3665/3665 3664/3664/3664 3667/3667/3667
f 3721/3721/3721 3717/3717/3717 3723/3723/3723
f 3658/3658/3658 3660/3660/3660 3661/3661/3661
f 3663/3663/3663 3664/3664/3664 3662/3662/3662
f 3663/3663/3663 3662/3662/3662 3661/3661/3661
f 3658/3658/3658 3657/3657/3657 3660/3660/3660
f 3664/3664/3664 3663/3663/3663 3693/3693/3693
f 3693/3693/3693 3667/3667/3667 3664/3664/3664
f 3660/3660/3660 3657/3657/3657 3692/3692/3692
f 3667/3667/3667 3671/3671/3671 3670/3670/3670
f 3657/3657/3657 3677/3677/3677 3692/3692/3692
f 3717/3717/3717 3721/3721/3721 3720/3720/3720
f 3717/3717/3717 3718/3718/3718 3719/3719/3719
f 3661/3661/3661 3660/3660/3660 3703/3703/3703
f 3718/3718/3718 3717/3717/3717 3720/3720/3720
f 3670/3670/3670 3674/3674/3674 3673/3673/3673
f 3677/3677/3677 3657/3657/3657 3659/3659/3659
f 3667/3667/3667 3693/3693/3693 3676/3676/3676
f 3703/3703/3703 3660/3660/3660 3692/3692/3692
f 3718/3718/3718 3720/3720/3720 3722/3722/3722
f 3667/3667/3667 3676/3676/3676 3671/3671/3671
f 3692/3692/3692 3691/3691/3691 3693/3693/3693
f 3713/3713/3713 3711/3711/3711 3712/3712/3712
f 3708/3708/3708 3712/3712/3712 3707/3707/3707
f 3677/3677/3677 3659/3659/3659 3678/3678/3678
f 3674/3674/3674 3670/3670/3670 3671/3671/3671
f 3691/3691/3691 3676/3676/3676 3693/3693/3693
f 3691/3691/3691 3692/3692/3692 3680/3680/3680
f 3674/3674/3674 3695/3695/3695 3673/3673/3673
f 3711/3711/3711 3713/3713/3713 3714/3714/3714
f 3695/3695/3695 3674/3674/3674 3696/3696/3696
f 3671/3671/3671 3700/3700/3700 3674/3674/3674
f 3680/3680/3680 3692/3692/3692 3677/3677/3677
f 3707/3707/3707 3706/3706/3706 3708/3708/3708
f 3694/3694/3694 3684/3684/3684 3678/3678/3678
f 3707/3707/3707 3712/3712/3712 3711/3711/3711
f 3677/3677/3677 3678/3678/3678 3679/3679/3679
f 3676/3676/3676 3700/3700/3700 3671/3671/3671
f 3674/3674/3674 3697/3697/3697 3696/3696/3696
f 3700/3700/3700 3697/3697/3697 3674/3674/3674
f 3752/3752/3752 3751/3751/3751 3750/3750/3750
f 3679/3679/3679 3678/3678/3678 3684/3684/3684
f 3680/3680/3680 3677/3677/3677 3679/3679/3679
f 3705/3705/3705 3706/3706/3706 3707/3707/3707
f 3749/3749/3749 3750/3750/3750 3751/3751/3751
f 3697/3697/3697 3698/3698/3698 3696/3696/3696
f 3680/3680/3680 3679/3679/3679 3681/3681/3681
f 3690/3690/3690 3688/3688/3688 3691/3691/3691
f 3699/3699/3699 3695/3695/3695 3696/3696/3696
f 3676/3676/3676 3701/3701/3701 3700/3700/3700
f 3676/3676/3676 3691/3691/3691 3688/3688/3688
f 3715/3715/3715 3714/3714/3714 3716/3716/3716
f 3711/3711/3711 3714/3714/3714 3715/3715/3715
f 3679/3679/3679 3684/3684/3684 3685/3685/3685
f 3710/3710/3710 3707/3707/3707 3711/3711/3711
f 3709/3709/3709 3707/3707/3707 3710/3710/3710
f 3705/3705/3705 3707/3707/3707 3709/3709/3709
f 3688/3688/3688 3690/3690/3690 3687/3687/3687
f 3702/3702/3702 3701/3701/3701 3676/3676/3676
f 3687/3687/3687 3681/3681/3681 3686/3686/3686
f 3679/3679/3679 3682/3682/3682 3681/3681/3681
f 3688/3688/3688 3687/3687/3687 3686/3686/3686
f 3688/3688/3688 3702/3702/3702 3676/3676/3676
f 3683/3683/3683 3679/3679/3679 3685/3685/3685
f 3686/3686/3686 3689/3689/3689 3688/3688/3688
f 3702/3702/3702 3688/3688/3688 3704/3704/3704
f 3682/3682/3682 3686/3686/3686 3681/3681/3681
f 3682/3682/3682 3679/3679/3679 3683/3683/3683
f 3745/3745/3745 3742/3742/3742 3744/3744/3744
f 3753/3753/3753 3754/3754/3754 3755/3755/3755
f 3757/3757/3757 3758/3758/3758 3753/3753/3753
f 3757/3757/3757 3753/3753/3753 3755/3755/3755
f 3759/3759/3759 3757/3757/3757 3755/3755/3755
f 3755/3755/3755 3754/3754/3754 3756/3756/3756
f 3760/3760/3760 3757/3757/3757 3759/3759/3759
f 3761/3761/3761 3755/3755/3755 3756/3756/3756
f 3762/3762/3762 3761/3761/3761 3756/3756/3756
f 3762/3762/3762 3763/3763/3763 3761/3761/3761
f 3764/3764/3764 3763/3763/3763 3762/3762/3762
f 3765/3765/3765 3766/3766/3766 3767/3767/3767
f 3768/3768/3768 3767/3767/3767 3766/3766/3766
f 3765/3765/3765 3767/3767/3767 3769/3769/3769
f 3770/3770/3770 3771/3771/3771 3772/3772/3772
f 3773/3773/3773 3774/3774/3774 3775/3775/3775
f 3778/3778/3778 3773/3773/3773 3777/3777/3777
f 3774/3774/3774 3776/3776/3776 3775/3775/3775
f 3777/3777/3777 3773/3773/3773 3775/3775/3775
f 3776/3776/3776 3780/3780/3780 3775/3775/3775
f 3779/3779/3779 3776/3776/3776 3774/3774/3774
f 3781/3781/3781 3782/3782/3782 3783/3783/3783
f 3792/3792/3792 3788/3788/3788 3786/3786/3786
f 3781/3781/3781 3785/3785/3785 3782/3782/3782
f 3781/3781/3781 3786/3786/3786 3785/3785/3785
f 3783/3783/3783 3782/3782/3782 3784/3784/3784
f 3792/3792/3792 3793/3793/3793 3788/3788/3788
f 3785/3785/3785 3786/3786/3786 3787/3787/3787
f 3787/3787/3787 3786/3786/3786 3788/3788/3788
f 3793/3793/3793 3807/3807/3807 3806/3806/3806
f 3793/3793/3793 3806/3806/3806 3805/3805/3805
f 3788/3788/3788 3793/3793/3793 3805/3805/3805
f 3782/3782/3782 3785/3785/3785 3784/3784/3784
f 3784/3784/3784 3813/3813/3813 3814/3814/3814
f 3784/3784/3784 3785/3785/3785 3813/3813/3813
f 3807/3807/3807 3808/3808/3808 3806/3806/3806
f 3805/3805/3805 3790/3790/3790 3788/3788/3788
f 3808/3808/3808 3809/3809/3809 3806/3806/3806
f 3785/3785/3785 3787/3787/3787 3813/3813/3813
f 3795/3795/3795 3797/3797/3797 3796/3796/3796
f 3795/3795/3795 3796/3796/3796 3794/3794/3794
f 3789/3789/3789 3795/3795/3795 3794/3794/3794
f 3790/3790/3790 3789/3789/3789 3788/3788/3788
f 3799/3799/3799 3797/3797/3797 3795/3795/3795
f 3789/3789/3789 3787/3787/3787 3788/3788/3788
f 3787/3787/3787 3794/3794/3794 3813/3813/3813
f 3796/3796/3796 3798/3798/3798 3804/3804/3804
f 3796/3796/3796 3804/3804/3804 3794/3794/3794
f 3794/3794/3794 3787/3787/3787 3789/3789/3789
f 3815/3815/3815 3816/3816/3816 3817/3817/3817
f 3809/3809/3809 3811/3811/3811 3812/3812/3812
f 3809/3809/3809 3808/3808/3808 3810/3810/3810
f 3809/3809/3809 3810/3810/3810 3811/3811/3811
f 3791/3791/3791 3789/3789/3789 3790/3790/3790
f 3799/3799/3799 3800/3800/3800 3797/3797/3797
f 3800/3800/3800 3801/3801/3801 3802/3802/3802
f 3801/3801/3801 3800/3800/3800 3799/3799/3799
f 3802/3802/3802 3801/3801/3801 3803/3803/3803
f 3796/3796/3796 3797/3797/3797 3798/3798/3798
f 3818/3818/3818 3819/3819/3819 3820/3820/3820
f 3835/3835/3835 3837/3837/3837 3836/3836/3836
f 3827/3827/3827 3826/3826/3826 3828/3828/3828
f 3831/3831/3831 3835/3835/3835 3836/3836/3836
f 3821/3821/3821 3822/3822/3822 3823/3823/3823
f 3825/3825/3825 3826/3826/3826 3827/3827/3827
f 3830/3830/3830 3832/3832/3832 3831/3831/3831
f 3829/3829/3829 3830/3830/3830 3831/3831/3831
f 3824/3824/3824 3822/3822/3822 3821/3821/3821
f 3831/3831/3831 3834/3834/3834 3835/3835/3835
f 3831/3831/3831 3832/3832/3832 3834/3834/3834
f 3833/3833/3833 3834/3834/3834 3832/3832/3832
f 3838/3838/3838 3839/3839/3839 3840/3840/3840
f 3842/3842/3842 3838/3838/3838 3840/3840/3840
f 3843/3843/3843 3842/3842/3842 3840/3840/3840
f 3840/3840/3840 3839/3839/3839 3841/3841/3841
f 3843/3843/3843 3840/3840/3840 3844/3844/3844
f 3846/3846/3846 3849/3849/3849 3848/3848/3848
f 3848/3848/3848 3847/3847/3847 3846/3846/3846
f 3844/3844/3844 3840/3840/3840 3845/3845/3845
f 3844/3844/3844 3845/3845/3845 3846/3846/3846
f 3847/3847/3847 3844/3844/3844 3846/3846/3846
f 3850/3850/3850 3840/3840/3840 3841/3841/3841
f 3851/3851/3851 3852/3852/3852 3853/3853/3853
f 3853/3853/3853 3852/3852/3852 3854/3854/3854
f 3855/3855/3855 3853/3853/3853 3854/3854/3854
f 3855/3855/3855 3854/3854/3854 3856/3856/3856
f 3857/3857/3857 3856/3856/3856 3858/3858/3858
f 3857/3857/3857 3855/3855/3855 3856/3856/3856
f 3858/3858/3858 3856/3856/3856 3859/3859/3859
f 3860/3860/3860 3861/3861/3861 3862/3862/3862
f 3863/3863/3863 3862/3862/3862 3861/3861/3861
f 3862/3862/3862 3879/3879/3879 3865/3865/3865
f 3863/3863/3863 3881/3881/3881 3879/3879/3879
f 3879/3879/3879 3862/3862/3862 3863/3863/3863
f 3866/3866/3866 3869/3869/3869 3868/3868/3868
f 3881/3881/3881 3880/3880/3880 3879/3879/3879
f 3860/3860/3860 3866/3866/3866 3868/3868/3868
f 3860/3860/3860 3862/3862/3862 3864/3864/3864
f 3860/3860/3860 3864/3864/3864 3866/3866/3866
f 3862/3862/3862 3865/3865/3865 3864/3864/3864
f 3868/3868/3868 3869/3869/3869 3870/3870/3870
f 3867/3867/3867 3869/3869/3869 3866/3866/3866
f 3879/3879/3879 3878/3878/3878 3865/3865/3865
f 3869/3869/3869 3871/3871/3871 3870/3870/3870
f 3866/3866/3866 3864/3864/3864 3867/3867/3867
f 3869/3869/3869 3867/3867/3867 3872/3872/3872
f 3880/3880/3880 3878/3878/3878 3879/3879/3879
f 3867/3867/3867 3864/3864/3864 3873/3873/3873
f 3877/3877/3877 3865/3865/3865 3878/3878/3878
f 3865/3865/3865 3875/3875/3875 3864/3864/3864
f 3864/3864/3864 3875/3875/3875 3874/3874/3874
f 3864/3864/3864 3874/3874/3874 3873/3873/3873
f 3876/3876/3876 3873/3873/3873 3874/3874/3874
f 3875/3875/3875 3865/3865/3865 3877/3877/3877
f 3882/3882/3882 3883/3883/3883 3884/3884/3884
f 3895/3895/3895 3899/3899/3899 3893/3893/3893
f 3885/3885/3885 3883/3883/3883 3882/3882/3882
f 3888/3888/3888 3895/3895/3895 3893/3893/3893
f 3885/3885/3885 3886/3886/3886 3883/3883/3883
f 3887/3887/3887 3888/3888/3888 3889/3889/3889
f 3896/3896/3896 3892/3892/3892 3893/3893/3893
f 3892/3892/3892 3888/3888/3888 3893/3893/3893
f 3896/3896/3896 3897/3897/3897 3892/3892/3892
f 3891/3891/3891 3888/3888/3888 3892/3892/3892
f 3890/3890/3890 3889/3889/3889 3888/3888/3888
f 3891/3891/3891 3890/3890/3890 3888/3888/3888
f 3894/3894/3894 3891/3891/3891 3892/3892/3892
f 3897/3897/3897 3898/3898/3898 3892/3892/3892
f 3900/3900/3900 3901/3901/3901 3902/3902/3902
f 3909/3909/3909 3908/3908/3908 3901/3901/3901
f 3901/3901/3901 3903/3903/3903 3902/3902/3902
f 3901/3901/3901 3908/3908/3908 3903/3903/3903
f 3910/3910/3910 3908/3908/3908 3909/3909/3909
f 3904/3904/3904 3900/3900/3900 3902/3902/3902
f 3906/3906/3906 3902/3902/3902 3903/3903/3903
f 3905/3905/3905 3904/3904/3904 3902/3902/3902
f 3905/3905/3905 3902/3902/3902 3906/3906/3906
f 3907/3907/3907 3905/3905/3905 3906/3906/3906
f 3911/3911/3911 3912/3912/3912 3913/3913/3913
f 3914/3914/3914 3912/3912/3912 3911/3911/3911
f 3918/3918/3918 3919/3919/3919 3920/3920/3920
f 3921/3921/3921 3919/3919/3919 3918/3918/3918
f 3922/3922/3922 3921/3921/3921 3918/3918/3918
f 3922/3922/3922 3918/3918/3918 3923/3923/3923
f 3923/3923/3923 3918/3918/3918 3924/3924/3924
f 3923/3923/3923 3924/3924/3924 3925/3925/3925
f 3926/3926/3926 3923/3923/3923 3925/3925/3925
f 3926/3926/3926 3927/3927/3927 3923/3923/3923
f 3926/3926/3926 3925/3925/3925 3928/3928/3928
f 3929/3929/3929 3927/3927/3927 3926/3926/3926
f 3929/3929/3929 3926/3926/3926 3931/3931/3931
f 3930/3930/3930 3927/3927/3927 3929/3929/3929
f 3944/3944/3944 3945/3945/3945 3946/3946/3946
f 3927/3927/3927 3930/3930/3930 3932/3932/3932
f 3952/3952/3952 3951/3951/3951 3953/3953/3953
f 3949/3949/3949 3950/3950/3950 3951/3951/3951
f 3949/3949/3949 3951/3951/3951 3952/3952/3952
f 3915/3915/3915 3916/3916/3916 3917/3917/3917
f 3949/3949/3949 3934/3934/3934 3950/3950/3950
f 3934/3934/3934 3949/3949/3949 3948/3948/3948
f 3937/3937/3937 3934/3934/3934 3948/3948/3948
f 3940/3940/3940 3942/3942/3942 3947/3947/3947
f 3944/3944/3944 3940/3940/3940 3945/3945/3945
f 3940/3940/3940 3944/3944/3944 3943/3943/3943
f 3937/3937/3937 3942/3942/3942 3936/3936/3936
f 3934/3934/3934 3930/3930/3930 3935/3935/3935
f 3936/3936/3936 3934/3934/3934 3937/3937/3937
f 3940/3940/3940 3936/3936/3936 3942/3942/3942
f 3943/3943/3943 3939/3939/3939 3940/3940/3940
f 3936/3936/3936 3940/3940/3940 3939/3939/3939
f 3933/3933/3933 3930/3930/3930 3934/3934/3934
f 3933/3933/3933 3934/3934/3934 3936/3936/3936
f 3933/3933/3933 3932/3932/3932 3930/3930/3930
f 3938/3938/3938 3936/3936/3936 3939/3939/3939
f 3933/3933/3933 3936/3936/3936 3938/3938/3938
f 3938/3938/3938 3939/3939/3939 3941/3941/3941
f 3954/3954/3954 3955/3955/3955 3956/3956/3956
f 3956/3956/3956 3955/3955/3955 3957/3957/3957
f 3958/3958/3958 3954/3954/3954 3956/3956/3956
f 3959/3959/3959 3960/3960/3960 3961/3961/3961
f 3962/3962/3962 3961/3961/3961 3960/3960/3960
f 3963/3963/3963 3962/3962/3962 3960/3960/3960
f 3964/3964/3964 3965/3965/3965 3966/3966/3966
f 3968/3968/3968 3964/3964/3964 3966/3966/3966
f 3964/3964/3964 3967/3967/3967 3965/3965/3965
f 3965/3965/3965 3967/3967/3967 3970/3970/3970
f 3964/3964/3964 3969/3969/3969 3967/3967/3967
f 3971/3971/3971 3972/3972/3972 3973/3973/3973
f 3973/3973/3973 3978/3978/3978 3977/3977/3977
f 3971/3971/3971 3973/3973/3973 3974/3974/3974
f 3974/3974/3974 3973/3973/3973 3975/3975/3975
f 3976/3976/3976 3977/3977/3977 3974/3974/3974
f 3976/3976/3976 3974/3974/3974 3975/3975/3975
f 3976/3976/3976 3973/3973/3973 3977/3977/3977
f 3979/3979/3979 3980/3980/3980 3981/3981/3981
f 3982/3982/3982 3983/3983/3983 3987/3987/3987
f 3981/3981/3981 3983/3983/3983 3982/3982/3982
f 3979/3979/3979 3981/3981/3981 3982/3982/3982
f 3984/3984/3984 3979/3979/3979 3982/3982/3982
f 3984/3984/3984 3982/3982/3982 3985/3985/3985
f 3986/3986/3986 3984/3984/3984 3985/3985/3985
f 3988/3988/3988 3989/3989/3989 3990/3990/3990
f 3993/3993/3993 3991/3991/3991 3992/3992/3992
f 3989/3989/3989 3988/3988/3988 3991/3991/3991
f 3992/3992/3992 3991/3991/3991 3988/3988/3988
f 3988/3988/3988 3994/3994/3994 3992/3992/3992
f 3996/3996/3996 3994/3994/3994 3997/3997/3997
f 3996/3996/3996 3997/3997/3997 3999/3999/3999
f 3995/3995/3995 3994/3994/3994 3996/3996/3996
f 3992/3992/3992 3994/3994/3994 3995/3995/3995
f 3995/3995/3995 3996/3996/3996 3998/3998/3998
f 4000/4000/4000 4001/4001/4001 4002/4002/4002
f 4038/4038/4038 4034/4034/4034 4039/4039/4039
f 4033/4033/4033 4009/4009/4009 4015/4015/4015
f 4011/4011/4011 4015/4015/4015 4009/4009/4009
f 4034/4034/4034 4033/4033/4033 4035/4035/4035
f 4020/4020/4020 4009/4009/4009 4033/4033/4033
f 4034/4034/4034 4035/4035/4035 4039/4039/4039
f 4034/4034/4034 4020/4020/4020 4033/4033/4033
f 4011/4011/4011 4014/4014/4014 4015/4015/4015
f 4036/4036/4036 4009/4009/4009 4020/4020/4020
f 4006/4006/4006 4007/4007/4007 4008/4008/4008
f 4003/4003/4003 4004/4004/4004 4005/4005/4005
f 4020/4020/4020 4037/4037/4037 4036/4036/4036
f 4019/4019/4019 4037/4037/4037 4020/4020/4020
f 4011/4011/4011 4010/4010/4010 4014/4014/4014
f 4009/4009/4009 4010/4010/4010 4011/4011/4011
f 4032/4032/4032 4020/4020/4020 4034/4034/4034
f 4016/4016/4016 4014/4014/4014 4010/4010/4010
f 4012/4012/4012 4010/4010/4010 4009/4009/4009
f 4012/4012/4012 4013/4013/4013 4010/4010/4010
f 4017/4017/4017 4018/4018/4018 4019/4019/4019
f 4020/4020/4020 4017/4017/4017 4019/4019/4019
f 4041/4041/4041 4043/4043/4043 4042/4042/4042
f 4040/4040/4040 4041/4041/4041 4042/4042/4042
f 4023/4023/4023 4025/4025/4025 4017/4017/4017
f 4026/4026/4026 4025/4025/4025 4024/4024/4024
f 4021/4021/4021 4020/4020/4020 4032/4032/4032
f 4017/4017/4017 4020/4020/4020 4023/4023/4023
f 4021/4021/4021 4032/4032/4032 4031/4031/4031
f 4023/4023/4023 4020/4020/4020 4021/4021/4021
f 4025/4025/4025 4023/4023/4023 4024/4024/4024
f 4031/4031/4031 4027/4027/4027 4021/4021/4021
f 4028/4028/4028 4026/4026/4026 4024/4024/4024
f 4021/4021/4021 4022/4022/4022 4023/4023/4023
f 4027/4027/4027 4022/4022/4022 4021/4021/4021
f 4024/4024/4024 4023/4023/4023 4022/4022/4022
f 4028/4028/4028 4024/4024/4024 4022/4022/4022
f 4022/4022/4022 4029/4029/4029 4028/4028/4028
f 4030/4030/4030 4022/4022/4022 4027/4027/4027
f 4022/4022/4022 4030/4030/4030 4029/4029/4029
f 4047/4047/4047 4044/4044/4044 4050/4050/4050
f 4044/4044/4044 4045/4045/4045 4046/4046/4046
f 4047/4047/4047 4045/4045/4045 4044/4044/4044
f 4047/4047/4047 4048/4048/4048 4045/4045/4045
f 4058/4058/4058 4060/4060/4060 4061/4061/4061
f 4045/4045/4045 4049/4049/4049 4052/4052/4052
f 4045/4045/4045 4048/4048/4048 4049/4049/4049
f 4059/4059/4059 4058/4058/4058 4061/4061/4061
f 4057/4057/4057 4058/4058/4058 4059/4059/4059
f 4073/4073/4073 4070/4070/4070 4061/4061/4061
f 4054/4054/4054 4055/4055/4055 4056/4056/4056
f 4057/4057/4057 4059/4059/4059 4070/4070/4070
f 4073/4073/4073 4069/4069/4069 4070/4070/4070
f 4049/4049/4049 4051/4051/4051 4052/4052/4052
f 4051/4051/4051 4049/4049/4049 4053/4053/4053
f 4069/4069/4069 4057/4057/4057 4070/4070/4070
f 4063/4063/4063 4057/4057/4057 4069/4069/4069
f 4071/4071/4071 4069/4069/4069 4072/4072/4072
f 4062/4062/4062 4057/4057/4057 4063/4063/4063
f 4065/4065/4065 4066/4066/4066 4062/4062/4062
f 4069/4069/4069 4071/4071/4071 4063/4063/4063
f 4071/4071/4071 4072/4072/4072 4074/4074/4074
f 4064/4064/4064 4062/4062/4062 4063/4063/4063
f 4064/4064/4064 4065/4065/4065 4062/4062/4062
f 4065/4065/4065 4064/4064/4064 4068/4068/4068
f 4067/4067/4067 4064/4064/4064 4063/4063/4063
f 4067/4067/4067 4063/4063/4063 4071/4071/4071
f 4075/4075/4075 4076/4076/4076 4077/4077/4077
f 4080/4080/4080 4084/4084/4084 4081/4081/4081
f 4079/4079/4079 4075/4075/4075 4080/4080/4080
f 4075/4075/4075 4079/4079/4079 4078/4078/4078
f 4075/4075/4075 4078/4078/4078 4076/4076/4076
f 4084/4084/4084 4082/4082/4082 4081/4081/4081
f 4079/4079/4079 4081/4081/4081 4078/4078/4078
f 4085/4085/4085 4084/4084/4084 4086/4086/4086
f 4082/4082/4082 4084/4084/4084 4085/4085/4085
f 4082/4082/4082 4078/4078/4078 4081/4081/4081
f 4083/4083/4083 4078/4078/4078 4082/4082/4082
f 4087/4087/4087 4083/4083/4083 4082/4082/4082
f 4085/4085/4085 4087/4087/4087 4082/4082/4082
f 4085/4085/4085 4086/4086/4086 4095/4095/4095
f 4087/4087/4087 4089/4089/4089 4083/4083/4083
f 4083/4083/4083 4089/4089/4089 4091/4091/4091
f 4089/4089/4089 4092/4092/4092 4091/4091/4091
f 4083/4083/4083 4093/4093/4093 4078/4078/4078
f 4090/4090/4090 4092/4092/4092 4089/4089/4089
f 4091/4091/4091 4092/4092/4092 4094/4094/4094
f 4087/4087/4087 4090/4090/4090 4089/4089/4089
f 4095/4095/4095 4088/4088/4088 4085/4085/4085
f 4093/4093/4093 4083/4083/4083 4091/4091/4091
f 4085/4085/4085 4088/4088/4088 4087/4087/4087
f 4088/4088/4088 4090/4090/4090 4087/4087/4087
f 4096/4096/4096 4097/4097/4097 4098/4098/4098
f 4136/4136/4136 4139/4139/4139 4138/4138/4138
f 4140/4140/4140 4139/4139/4139 4136/4136/4136
f 4136/4136/4136 4138/4138/4138 4137/4137/4137
f 4099/4099/4099 4096/4096/4096 4098/4098/4098
f 4100/4100/4100 4104/4104/4104 4103/4103/4103
f 4100/4100/4100 4103/4103/4103 4096/4096/4096
f 4141/4141/4141 4140/4140/4140 4136/4136/4136
f 4137/4137/4137 4135/4135/4135 4136/4136/4136
f 4096/4096/4096 4099/4099/4099 4100/4100/4100
f 4099/4099/4099 4098/4098/4098 4101/4101/4101
f 4104/4104/4104 4100/4100/4100 4105/4105/4105
f 4100/4100/4100 4099/4099/4099 4102/4102/4102
f 4106/4106/4106 4100/4100/4100 4102/4102/4102
f 4136/4136/4136 4134/4134/4134 4141/4141/4141
f 4135/4135/4135 4137/4137/4137 4133/4133/4133
f 4106/4106/4106 4105/4105/4105 4100/4100/4100
f 4107/4107/4107 4128/4128/4128 4105/4105/4105
f 4105/4105/4105 4106/4106/4106 4107/4107/4107
f 4126/4126/4126 4105/4105/4105 4128/4128/4128
f 4102/4102/4102 4108/4108/4108 4106/4106/4106
f 4124/4124/4124 4105/4105/4105 4126/4126/4126
f 4134/4134/4134 4136/4136/4136 4135/4135/4135
f 4150/4150/4150 4151/4151/4151 4153/4153/4153
f 4130/4130/4130 4131/4131/4131 4127/4127/4127
f 4152/4152/4152 4151/4151/4151 4149/4149/4149
f 4124/4124/4124 4127/4127/4127 4105/4105/4105
f 4108/4108/4108 4109/4109/4109 4106/4106/4106
f 4143/4143/4143 4145/4145/4145 4149/4149/4149
f 4132/4132/4132 4134/4134/4134 4135/4135/4135
f 4148/4148/4148 4149/4149/4149 4150/4150/4150
f 4143/4143/4143 4149/4149/4149 4148/4148/4148
f 4135/4135/4135 4133/4133/4133 4132/4132/4132
f 4120/4120/4120 4124/4124/4124 4126/4126/4126
f 4134/4134/4134 4132/4132/4132 4115/4115/4115
f 4111/4111/4111 4145/4145/4145 4143/4143/4143
f 4130/4130/4130 4127/4127/4127 4124/4124/4124
f 4107/4107/4107 4106/4106/4106 4129/4129/4129
f 4128/4128/4128 4107/4107/4107 4129/4129/4129
f 4116/4116/4116 4134/4134/4134 4115/4115/4115
f 4122/4122/4122 4132/4132/4132 4133/4133/4133
f 4132/4132/4132 4122/4122/4122 4115/4115/4115
f 4116/4116/4116 4115/4115/4115 4113/4113/4113
f 4143/4143/4143 4148/4148/4148 4147/4147/4147
f 4146/4146/4146 4143/4143/4143 4147/4147/4147
f 4118/4118/4118 4119/4119/4119 4120/4120/4120
f 4121/4121/4121 4115/4115/4115 4122/4122/4122
f 4119/4119/4119 4115/4115/4115 4121/4121/4121
f 4124/4124/4124 4125/4125/4125 4130/4130/4130
f 4124/4124/4124 4120/4120/4120 4119/4119/4119
f 4106/4106/4106 4109/4109/4109 4110/4110/4110
f 4106/4106/4106 4113/4113/4113 4114/4114/4114
f 4118/4118/4118 4120/4120/4120 4126/4126/4126
f 4142/4142/4142 4143/4143/4143 4146/4146/4146
f 4142/4142/4142 4111/4111/4111 4143/4143/4143
f 4123/4123/4123 4124/4124/4124 4119/4119/4119
f 4121/4121/4121 4123/4123/4123 4119/4119/4119
f 4113/4113/4113 4115/4115/4115 4114/4114/4114
f 4112/4112/4112 4113/4113/4113 4106/4106/4106
f 4112/4112/4112 4106/4106/4106 4110/4110/4110
f 4119/4119/4119 4118/4118/4118 4115/4115/4115
f 4110/4110/4110 4109/4109/4109 4111/4111/4111
f 4115/4115/4115 4117/4117/4117 4114/4114/4114
f 4123/4123/4123 4125/4125/4125 4124/4124/4124
f 4115/4115/4115 4118/4118/4118 4117/4117/4117
f 4111/4111/4111 4142/4142/4142 4110/4110/4110
f 4144/4144/4144 4110/4110/4110 4142/4142/4142
f 4149/4149/4149 4151/4151/4151 4150/4150/4150
f 4154/4154/4154 4155/4155/4155 4156/4156/4156
f 4154/4154/4154 4156/4156/4156 4157/4157/4157
f 4154/4154/4154 4157/4157/4157 4158/4158/4158
f 4158/4158/4158 4157/4157/4157 4159/4159/4159
f 4160/4160/4160 4158/4158/4158 4159/4159/4159
f 4162/4162/4162 4161/4161/4161 4160/4160/4160
f 4161/4161/4161 4158/4158/4158 4160/4160/4160
f 4163/4163/4163 4162/4162/4162 4160/4160/4160
f 4193/4193/4193 4192/4192/4192 4194/4194/4194
f 4195/4195/4195 4193/4193/4193 4194/4194/4194
f 4193/4193/4193 4195/4195/4195 4197/4197/4197
f 4197/4197/4197 4195/4195/4195 4198/4198/4198
f 4189/4189/4189 4194/4194/4194 4192/4192/4192
f 4174/4174/4174 4173/4173/4173 4176/4176/4176
f 4196/4196/4196 4190/4190/4190 4192/4192/4192
f 4189/4189/4189 4192/4192/4192 4190/4190/4190
f 4189/4189/4189 4190/4190/4190 4191/4191/4191
f 4180/4180/4180 4181/4181/4181 4182/4182/4182
f 4173/4173/4173 4174/4174/4174 4175/4175/4175
f 4169/4169/4169 4170/4170/4170 4171/4171/4171
f 4169/4169/4169 4171/4171/4171 4172/4172/4172
f 4180/4180/4180 4184/4184/4184 4185/4185/4185
f 4177/4177/4177 4178/4178/4178 4179/4179/4179
f 4166/4166/4166 4165/4165/4165 4167/4167/4167
f 4182/4182/4182 4183/4183/4183 4180/4180/4180
f 4166/4166/4166 4168/4168/4168 4164/4164/4164
f 4183/4183/4183 4184/4184/4184 4180/4180/4180
f 4164/4164/4164 4165/4165/4165 4166/4166/4166
f 4186/4186/4186 4184/4184/4184 4183/4183/4183
f 4187/4187/4187 4184/4184/4184 4186/4186/4186
f 4188/4188/4188 4184/4184/4184 4187/4187/4187
f 4199/4199/4199 4200/4200/4200 4201/4201/4201
f 4200/4200/4200 4199/4199/4199 4202/4202/4202
f 4203/4203/4203 4204/4204/4204 4205/4205/4205
f 4206/4206/4206 4207/4207/4207 4203/4203/4203
f 4205/4205/4205 4206/4206/4206 4203/4203/4203
f 4208/4208/4208 4209/4209/4209 4210/4210/4210
f 4208/4208/4208 4211/4211/4211 4209/4209/4209
f 4212/4212/4212 4213/4213/4213 4214/4214/4214
f 4214/4214/4214 4213/4213/4213 4215/4215/4215
f 4216/4216/4216 4214/4214/4214 4215/4215/4215
f 4217/4217/4217 4218/4218/4218 4219/4219/4219
f 4219/4219/4219 4222/4222/4222 4217/4217/4217
f 4222/4222/4222 4224/4224/4224 4217/4217/4217
f 4218/4218/4218 4221/4221/4221 4219/4219/4219
f 4218/4218/4218 4237/4237/4237 4221/4221/4221
f 4238/4238/4238 4221/4221/4221 4237/4237/4237
f 4219/4219/4219 4221/4221/4221 4223/4223/4223
f 4228/4228/4228 4224/4224/4224 4227/4227/4227
f 4223/4223/4223 4221/4221/4221 4236/4236/4236
f 4222/4222/4222 4225/4225/4225 4224/4224/4224
f 4227/4227/4227 4224/4224/4224 4225/4225/4225
f 4223/4223/4223 4222/4222/4222 4219/4219/4219
f 4226/4226/4226 4222/4222/4222 4223/4223/4223
f 4225/4225/4225 4226/4226/4226 4229/4229/4229
f 4226/4226/4226 4230/4230/4230 4229/4229/4229
f 4231/4231/4231 4229/4229/4229 4230/4230/4230
f 4226/4226/4226 4225/4225/4225 4222/4222/4222
f 4229/4229/4229 4232/4232/4232 4234/4234/4234
f 4235/4235/4235 4234/4234/4234 4232/4232/4232
f 4229/4229/4229 4231/4231/4231 4232/4232/4232
f 4231/4231/4231 4233/4233/4233 4232/4232/4232
f 4217/4217/4217 4220/4220/4220 4218/4218/4218
f 4239/4239/4239 4240/4240/4240 4241/4241/4241
f 4241/4241/4241 4242/4242/4242 4244/4244/4244
f 4240/4240/4240 4242/4242/4242 4241/4241/4241
f 4242/4242/4242 4245/4245/4245 4244/4244/4244
f 4242/4242/4242 4246/4246/4246 4245/4245/4245
f 4246/4246/4246 4242/4242/4242 4243/4243/4243
f 4247/4247/4247 4245/4245/4245 4246/4246/4246
f 4243/4243/4243 4242/4242/4242 4240/4240/4240
f 4246/4246/4246 4248/4248/4248 4247/4247/4247
f 4250/4250/4250 4247/4247/4247 4248/4248/4248
f 4246/4246/4246 4249/4249/4249 4248/4248/4248
f 4251/4251/4251 4247/4247/4247 4250/4250/4250
f 4250/4250/4250 4248/4248/4248 4252/4252/4252
f 4251/4251/4251 4250/4250/4250 4254/4254/4254
f 4254/4254/4254 4250/4250/4250 4253/4253/4253
f 4243/4243/4243 4249/4249/4249 4246/4246/4246
f 4253/4253/4253 4250/4250/4250 4252/4252/4252
f 4255/4255/4255 4256/4256/4256 4253/4253/4253
f 4249/4249/4249 4243/4243/4243 4259/4259/4259
f 4262/4262/4262 4256/4256/4256 4255/4255/4255
f 4256/4256/4256 4262/4262/4262 4264/4264/4264
f 4252/4252/4252 4249/4249/4249 4259/4259/4259
f 4255/4255/4255 4253/4253/4253 4252/4252/4252
f 4259/4259/4259 4257/4257/4257 4252/4252/4252
f 4257/4257/4257 4255/4255/4255 4252/4252/4252
f 4265/4265/4265 4264/4264/4264 4262/4262/4262
f 4257/4257/4257 4259/4259/4259 4243/4243/4243
f 4255/4255/4255 4260/4260/4260 4262/4262/4262
f 4257/4257/4257 4258/4258/4258 4255/4255/4255
f 4262/4262/4262 4260/4260/4260 4263/4263/4263
f 4255/4255/4255 4258/4258/4258 4260/4260/4260
f 4265/4265/4265 4262/4262/4262 4263/4263/4263
f 4261/4261/4261 4260/4260/4260 4258/4258/4258
f 4261/4261/4261 4266/4266/4266 4260/4260/4260
f 4261/4261/4261 4258/4258/4258 4267/4267/4267
f 4261/4261/4261 4267/4267/4267 4268/4268/4268
f 4266/4266/4266 4261/4261/4261 4269/4269/4269
f 4261/4261/4261 4268/4268/4268 4269/4269/4269
f 4270/4270/4270 4269/4269/4269 4268/4268/4268
f 4270/4270/4270 4268/4268/4268 4271/4271/4271
f 4272/4272/4272 4273/4273/4273 4274/4274/4274
f 4275/4275/4275 4272/4272/4272 4274/4274/4274
f 4276/4276/4276 4277/4277/4277 4278/4278/4278
f 4279/4279/4279 4276/4276/4276 4278/4278/4278
f 4280/4280/4280 4281/4281/4281 4282/4282/4282
f 4281/4281/4281 4283/4283/4283 4282/4282/4282
f 4288/4288/4288 4291/4291/4291 4290/4290/4290
f 4290/4290/4290 4291/4291/4291 4293/4293/4293
f 4300/4300/4300 4302/4302/4302 4301/4301/4301
f 4304/4304/4304 4294/4294/4294 4296/4296/4296
f 4303/4303/4303 4297/4297/4297 4301/4301/4301
f 4297/4297/4297 4300/4300/4300 4301/4301/4301
f 4295/4295/4295 4297/4297/4297 4298/4298/4298
f 4295/4295/4295 4296/4296/4296 4294/4294/4294
f 4286/4286/4286 4282/4282/4282 4283/4283/4283
f 4291/4291/4291 4288/4288/4288 4292/4292/4292
f 4282/4282/4282 4285/4285/4285 4284/4284/4284
f 4287/4287/4287 4285/4285/4285 4288/4288/4288
f 4284/4284/4284 4285/4285/4285 4287/4287/4287
f 4288/4288/4288 4290/4290/4290 4287/4287/4287
f 4295/4295/4295 4298/4298/4298 4296/4296/4296
f 4303/4303/4303 4298/4298/4298 4297/4297/4297
f 4295/4295/4295 4294/4294/4294 4289/4289/4289
f 4297/4297/4297 4299/4299/4299 4300/4300/4300
f 4289/4289/4289 4294/4294/4294 4292/4292/4292
f 4289/4289/4289 4292/4292/4292 4288/4288/4288
f 4299/4299/4299 4297/4297/4297 4286/4286/4286
f 4283/4283/4283 4299/4299/4299 4286/4286/4286
f 4284/4284/4284 4280/4280/4280 4282/4282/4282
f 4296/4296/4296 4298/4298/4298 4304/4304/4304
f 4297/4297/4297 4295/4295/4295 4289/4289/4289
f 4286/4286/4286 4297/4297/4297 4289/4289/4289
f 4286/4286/4286 4289/4289/4289 4285/4285/4285
f 4289/4289/4289 4288/4288/4288 4285/4285/4285
f 4282/4282/4282 4286/4286/4286 4285/4285/4285
f 4305/4305/4305 4306/4306/4306 4307/4307/4307
f 4305/4305/4305 4308/4308/4308 4306/4306/4306
f 4315/4315/4315 4311/4311/4311 4314/4314/4314
f 4307/4307/4307 4309/4309/4309 4311/4311/4311
f 4311/4311/4311 4309/4309/4309 4312/4312/4312
f 4307/4307/4307 4306/4306/4306 4309/4309/4309
f 4308/4308/4308 4310/4310/4310 4306/4306/4306
f 4306/4306/4306 4310/4310/4310 4309/4309/4309
f 4311/4311/4311 4312/4312/4312 4314/4314/4314
f 4312/4312/4312 4313/4313/4313 4314/4314/4314
f 4309/4309/4309 4313/4313/4313 4312/4312/4312
f 4314/4314/4314 4313/4313/4313 4316/4316/4316
f 4337/4337/4337 4334/4334/4334 4335/4335/4335
f 4309/4309/4309 4310/4310/4310 4318/4318/4318
f 4318/4318/4318 4310/4310/4310 4327/4327/4327
f 4313/4313/4313 4309/4309/4309 4318/4318/4318
f 4313/4313/4313 4317/4317/4317 4316/4316/4316
f 4334/4334/4334 4329/4329/4329 4335/4335/4335
f 4313/4313/4313 4318/4318/4318 4317/4317/4317
f 4334/4334/4334 4333/4333/4333 4329/4329/4329
f 4335/4335/4335 4329/4329/4329 4336/4336/4336
f 4316/4316/4316 4317/4317/4317 4319/4319/4319
f 4327/4327/4327 4326/4326/4326 4318/4318/4318
f 4326/4326/4326 4336/4336/4336 4329/4329/4329
f 4319/4319/4319 4317/4317/4317 4320/4320/4320
f 4333/4333/4333 4328/4328/4328 4329/4329/4329
f 4333/4333/4333 4332/4332/4332 4328/4328/4328
f 4319/4319/4319 4320/4320/4320 4322/4322/4322
f 4325/4325/4325 4318/4318/4318 4326/4326/4326
f 4318/4318/4318 4324/4324/4324 4317/4317/4317
f 4326/4326/4326 4329/4329/4329 4328/4328/4328
f 4317/4317/4317 4321/4321/4321 4320/4320/4320
f 4325/4325/4325 4324/4324/4324 4318/4318/4318
f 4324/4324/4324 4321/4321/4321 4317/4317/4317
f 4320/4320/4320 4321/4321/4321 4323/4323/4323
f 4320/4320/4320 4323/4323/4323 4322/4322/4322
f 4326/4326/4326 4328/4328/4328 4325/4325/4325
f 4332/4332/4332 4330/4330/4330 4328/4328/4328
f 4330/4330/4330 4325/4325/4325 4328/4328/4328
f 4330/4330/4330 4331/4331/4331 4325/4325/4325
f 4338/4338/4338 4339/4339/4339 4340/4340/4340
f 4342/4342/4342 4343/4343/4343 4341/4341/4341
f 4341/4341/4341 4339/4339/4339 4342/4342/4342
f 4339/4339/4339 4341/4341/4341 4340/4340/4340
f 4344/4344/4344 4345/4345/4345 4346/4346/4346
f 4349/4349/4349 4350/4350/4350 4348/4348/4348
f 4344/4344/4344 4347/4347/4347 4348/4348/4348
f 4346/4346/4346 4347/4347/4347 4344/4344/4344
f 4347/4347/4347 4349/4349/4349 4348/4348/4348
f 4351/4351/4351 4352/4352/4352 4353/4353/4353
f 4356/4356/4356 4354/4354/4354 4357/4357/4357
f 4354/4354/4354 4356/4356/4356 4351/4351/4351
f 4358/4358/4358 4357/4357/4357 4354/4354/4354
f 4358/4358/4358 4354/4354/4354 4359/4359/4359
f 4351/4351/4351 4353/4353/4353 4354/4354/4354
f 4355/4355/4355 4354/4354/4354 4353/4353/4353
f 4368/4368/4368 4355/4355/4355 4353/4353/4353
f 4354/4354/4354 4360/4360/4360 4359/4359/4359
f 4361/4361/4361 4360/4360/4360 4354/4354/4354
f 4354/4354/4354 4355/4355/4355 4361/4361/4361
f 4362/4362/4362 4360/4360/4360 4361/4361/4361
f 4361/4361/4361 4355/4355/4355 4363/4363/4363
f 4362/4362/4362 4361/4361/4361 4365/4365/4365
f 4365/4365/4365 4361/4361/4361 4364/4364/4364
f 4366/4366/4366 4364/4364/4364 4363/4363/4363
f 4364/4364/4364 4361/4361/4361 4363/4363/4363
f 4366/4366/4366 4363/4363/4363 4367/4367/4367
f 4369/4369/4369 4370/4370/4370 4371/4371/4371
f 4386/4386/4386 4389/4389/4389 4390/4390/4390
f 4389/4389/4389 4386/4386/4386 4388/4388/4388
f 4388/4388/4388 4386/4386/4386 4370/4370/4370
f 4370/4370/4370 4386/4386/4386 4372/4372/4372
f 4375/4375/4375 4369/4369/4369 4373/4373/4373
f 4370/4370/4370 4372/4372/4372 4371/4371/4371
f 4369/4369/4369 4371/4371/4371 4373/4373/4373
f 4372/4372/4372 4376/4376/4376 4371/4371/4371
f 4386/4386/4386 4376/4376/4376 4372/4372/4372
f 4371/4371/4371 4374/4374/4374 4373/4373/4373
f 4390/4390/4390 4387/4387/4387 4386/4386/4386
f 4376/4376/4376 4374/4374/4374 4371/4371/4371
f 4391/4391/4391 4387/4387/4387 4390/4390/4390
f 4373/4373/4373 4374/4374/4374 4377/4377/4377
f 4386/4386/4386 4384/4384/4384 4376/4376/4376
f 4387/4387/4387 4384/4384/4384 4386/4386/4386
f 4374/4374/4374 4378/4378/4378 4377/4377/4377
f 4391/4391/4391 4384/4384/4384 4387/4387/4387
f 4374/4374/4374 4379/4379/4379 4378/4378/4378
f 4376/4376/4376 4380/4380/4380 4374/4374/4374
f 4374/4374/4374 4380/4380/4380 4379/4379/4379
f 4376/4376/4376 4384/4384/4384 4380/4380/4380
f 4391/4391/4391 4392/4392/4392 4384/4384/4384
f 4392/4392/4392 4385/4385/4385 4384/4384/4384
f 4393/4393/4393 4385/4385/4385 4392/4392/4392
f 4385/4385/4385 4383/4383/4383 4384/4384/4384
f 4384/4384/4384 4383/4383/4383 4380/4380/4380
f 4380/4380/4380 4381/4381/4381 4379/4379/4379
f 4380/4380/4380 4383/4383/4383 4382/4382/4382
f 4380/4380/4380 4382/4382/4382 4381/4381/4381
f 4394/4394/4394 4395/4395/4395 4396/4396/4396
f 4397/4397/4397 4395/4395/4395 4394/4394/4394
f 4398/4398/4398 4399/4399/4399 4400/4400/4400
f 4398/4398/4398 4400/4400/4400 4401/4401/4401
f 4402/4402/4402 4403/4403/4403 4404/4404/4404
f 4432/4432/4432 4403/4403/4403 4433/4433/4433
f 4404/4404/4404 4405/4405/4405 4407/4407/4407
f 4405/4405/4405 4408/4408/4408 4407/4407/4407
f 4403/4403/4403 4405/4405/4405 4404/4404/4404
f 4403/4403/4403 4432/4432/4432 4430/4430/4430
f 4405/4405/4405 4409/4409/4409 4408/4408/4408
f 4406/4406/4406 4405/4405/4405 4403/4403/4403
f 4403/4403/4403 4430/4430/4430 4406/4406/4406
f 4405/4405/4405 4410/4410/4410 4409/4409/4409
f 4406/4406/4406 4411/4411/4411 4405/4405/4405
f 4410/4410/4410 4405/4405/4405 4411/4411/4411
f 4431/4431/4431 4430/4430/4430 4432/4432/4432
f 4428/4428/4428 4406/4406/4406 4430/4430/4430
f 4430/4430/4430 4431/4431/4431 4428/4428/4428
f 4428/4428/4428 4425/4425/4425 4406/4406/4406
f 4428/4428/4428 4431/4431/4431 4429/4429/4429
f 4413/4413/4413 4410/4410/4410 4411/4411/4411
f 4425/4425/4425 4411/4411/4411 4406/4406/4406
f 4425/4425/4425 4428/4428/4428 4429/4429/4429
f 4417/4417/4417 4411/4411/4411 4425/4425/4425
f 4413/4413/4413 4411/4411/4411 4417/4417/4417
f 4412/4412/4412 4410/4410/4410 4413/4413/4413
f 4410/4410/4410 4412/4412/4412 4409/4409/4409
f 4427/4427/4427 4424/4424/4424 4425/4425/4425
f 4423/4423/4423 4417/4417/4417 4425/4425/4425
f 4412/4412/4412 4414/4414/4414 4409/4409/4409
f 4424/4424/4424 4423/4423/4423 4425/4425/4425
f 4413/4413/4413 4417/4417/4417 4416/4416/4416
f 4412/4412/4412 4413/4413/4413 4416/4416/4416
f 4419/4419/4419 4423/4423/4423 4424/4424/4424
f 4416/4416/4416 4417/4417/4417 4423/4423/4423
f 4414/4414/4414 4415/4415/4415 4409/4409/4409
f 4426/4426/4426 4419/4419/4419 4424/4424/4424
f 4416/4416/4416 4423/4423/4423 4419/4419/4419
f 4412/4412/4412 4416/4416/4416 4418/4418/4418
f 4419/4419/4419 4418/4418/4418 4416/4416/4416
f 4420/4420/4420 4422/4422/4422 4421/4421/4421
f 4420/4420/4420 4421/4421/4421 4412/4412/4412
f 4420/4420/4420 4412/4412/4412 4418/4418/4418
f 4434/4434/4434 4435/4435/4435 4436/4436/4436
f 4435/4435/4435 4434/4434/4434 4437/4437/4437
f 4438/4438/4438 4437/4437/4437 4434/4434/4434
f 4439/4439/4439 4440/4440/4440 4441/4441/4441
f 4439/4439/4439 4443/4443/4443 4445/4445/4445
f 4442/4442/4442 4439/4439/4439 4441/4441/4441
f 4442/4442/4442 4443/4443/4443 4439/4439/4439
f 4442/4442/4442 4441/4441/4441 4444/4444/4444
f 4446/4446/4446 4447/4447/4447 4448/4448/4448
f 4449/4449/4449 4447/4447/4447 4446/4446/4446
f 4450/4450/4450 4449/4449/4449 4446/4446/4446
f 4450/4450/4450 4451/4451/4451 4449/4449/4449
f 4452/4452/4452 4453/4453/4453 4454/4454/4454
f 4452/4452/4452 4454/4454/4454 4456/4456/4456
f 4459/4459/4459 4460/4460/4460 4453/4453/4453
f 4455/4455/4455 4453/4453/4453 4452/4452/4452
f 4459/4459/4459 4453/4453/4453 4455/4455/4455
f 4452/4452/4452 4456/4456/4456 4455/4455/4455
f 4458/4458/4458 4455/4455/4455 4457/4457/4457
f 4455/4455/4455 4456/4456/4456 4457/4457/4457
f 4461/4461/4461 4462/4462/4462 4463/4463/4463
f 4464/4464/4464 4463/4463/4463 4466/4466/4466
f 4464/4464/4464 4461/4461/4461 4463/4463/4463
f 4466/4466/4466 4467/4467/4467 4464/4464/4464
f 4464/4464/4464 4467/4467/4467 4468/4468/4468
f 4461/4461/4461 4464/4464/4464 4465/4465/4465
f 4465/4465/4465 4464/4464/4464 4468/4468/4468
f 4469/4469/4469 4468/4468/4468 4467/4467/4467
f 4468/4468/4468 4470/4470/4470 4465/4465/4465
f 4468/4468/4468 4469/4469/4469 4470/4470/4470
f 4469/4469/4469 4472/4472/4472 4470/4470/4470
f 4473/4473/4473 4470/4470/4470 4472/4472/4472
f 4482/4482/4482 4483/4483/4483 4472/4472/4472
f 4465/4465/4465 4470/4470/4470 4471/4471/4471
f 4474/4474/4474 4470/4470/4470 4473/4473/4473
f 4474/4474/4474 4475/4475/4475 4470/4470/4470
f 4483/4483/4483 4482/4482/4482 4474/4474/4474
f 4474/4474/4474 4482/4482/4482 4480/4480/4480
f 4476/4476/4476 4478/4478/4478 4475/4475/4475
f 4474/4474/4474 4476/4476/4476 4475/4475/4475
f 4479/4479/4479 4478/4478/4478 4476/4476/4476
f 4480/4480/4480 4477/4477/4477 4474/4474/4474
f 4476/4476/4476 4474/4474/4474 4477/4477/4477
f 4477/4477/4477 4479/4479/4479 4476/4476/4476
f 4477/4477/4477 4480/4480/4480 4481/4481/4481
f 4484/4484/4484 4485/4485/4485 4486/4486/4486
f 4490/4490/4490 4494/4494/4494 4493/4493/4493
f 4490/4490/4490 4493/4493/4493 4491/4491/4491
f 4485/4485/4485 4487/4487/4487 4486/4486/4486
f 4490/4490/4490 4488/4488/4488 4485/4485/4485
f 4489/4489/4489 4497/4497/4497 4499/4499/4499
f 4491/4491/4491 4488/4488/4488 4490/4490/4490
f 4489/4489/4489 4499/4499/4499 4487/4487/4487
f 4488/4488/4488 4487/4487/4487 4485/4485/4485
f 4496/4496/4496 4498/4498/4498 4497/4497/4497
f 4489/4489/4489 4496/4496/4496 4497/4497/4497
f 4488/4488/4488 4489/4489/4489 4487/4487/4487
f 4488/4488/4488 4496/4496/4496 4489/4489/4489
f 4491/4491/4491 4492/4492/4492 4488/4488/4488
f 4491/4491/4491 4495/4495/4495 4492/4492/4492
f 4492/4492/4492 4496/4496/4496 4488/4488/4488
f 4492/4492/4492 4495/4495/4495 4500/4500/4500
f 4501/4501/4501 4492/4492/4492 4500/4500/4500
f 4503/4503/4503 4501/4501/4501 4500/4500/4500
f 4501/4501/4501 4502/4502/4502 4492/4492/4492
f 4516/4516/4516 4520/4520/4520 4518/4518/4518
f 4517/4517/4517 4518/4518/4518 4519/4519/4519
f 4518/4518/4518 4517/4517/4517 4516/4516/4516
f 4510/4510/4510 4509/4509/4509 4511/4511/4511
f 4520/4520/4520 4516/4516/4516 4521/4521/4521
f 4509/4509/4509 4510/4510/4510 4506/4506/4506
f 4505/4505/4505 4509/4509/4509 4506/4506/4506
f 4504/4504/4504 4505/4505/4505 4506/4506/4506
f 4514/4514/4514 4516/4516/4516 4517/4517/4517
f 4514/4514/4514 4521/4521/4521 4516/4516/4516
f 4507/4507/4507 4505/4505/4505 4504/4504/4504
f 4507/4507/4507 4504/4504/4504 4508/4508/4508
f 4512/4512/4512 4514/4514/4514 4515/4515/4515
f 4513/4513/4513 4521/4521/4521 4514/4514/4514
f 4512/4512/4512 4513/4513/4513 4514/4514/4514
f 4528/4528/4528 4529/4529/4529 4530/4530/4530
f 4532/4532/4532 4544/4544/4544 4529/4529/4529
f 4528/4528/4528 4530/4530/4530 4537/4537/4537
f 4529/4529/4529 4528/4528/4528 4531/4531/4531
f 4531/4531/4531 4532/4532/4532 4529/4529/4529
f 4538/4538/4538 4537/4537/4537 4539/4539/4539
f 4532/4532/4532 4534/4534/4534 4544/4544/4544
f 4522/4522/4522 4523/4523/4523 4524/4524/4524
f 4548/4548/4548 4538/4538/4538 4549/4549/4549
f 4533/4533/4533 4532/4532/4532 4531/4531/4531
f 4537/4537/4537 4538/4538/4538 4528/4528/4528
f 4528/4528/4528 4543/4543/4543 4531/4531/4531
f 4533/4533/4533 4534/4534/4534 4532/4532/4532
f 4540/4540/4540 4528/4528/4528 4538/4538/4538
f 4540/4540/4540 4543/4543/4543 4528/4528/4528
f 4533/4533/4533 4535/4535/4535 4534/4534/4534
f 4543/4543/4543 4540/4540/4540 4542/4542/4542
f 4536/4536/4536 4533/4533/4533 4531/4531/4531
f 4540/4540/4540 4541/4541/4541 4542/4542/4542
f 4540/4540/4540 4538/4538/4538 4541/4541/4541
f 4560/4560/4560 4563/4563/4563 4536/4536/4536
f 4525/4525/4525 4526/4526/4526 4527/4527/4527
f 4562/4562/4562 4563/4563/4563 4560/4560/4560
f 4543/4543/4543 4550/4550/4550 4531/4531/4531
f 4550/4550/4550 4536/4536/4536 4531/4531/4531
f 4547/4547/4547 4538/4538/4538 4548/4548/4548
f 4538/4538/4538 4546/4546/4546 4545/4545/4545
f 4561/4561/4561 4562/4562/4562 4560/4560/4560
f 4560/4560/4560 4536/4536/4536 4550/4550/4550
f 4545/4545/4545 4541/4541/4541 4538/4538/4538
f 4564/4564/4564 4565/4565/4565 4566/4566/4566
f 4546/4546/4546 4538/4538/4538 4547/4547/4547
f 4550/4550/4550 4543/4543/4543 4551/4551/4551
f 4558/4558/4558 4551/4551/4551 4559/4559/4559
f 4560/4560/4560 4556/4556/4556 4561/4561/4561
f 4552/4552/4552 4550/4550/4550 4551/4551/4551
f 4557/4557/4557 4551/4551/4551 4558/4558/4558
f 4550/4550/4550 4556/4556/4556 4560/4560/4560
f 4557/4557/4557 4552/4552/4552 4551/4551/4551
f 4552/4552/4552 4553/4553/4553 4550/4550/4550
f 4554/4554/4554 4553/4553/4553 4552/4552/4552
f 4550/4550/4550 4555/4555/4555 4556/4556/4556
f 4555/4555/4555 4550/4550/4550 4553/4553/4553
f 4567/4567/4567 4568/4568/4568 4569/4569/4569
f 4571/4571/4571 4567/4567/4567 4569/4569/4569
f 4573/4573/4573 4572/4572/4572 4571/4571/4571
f 4571/4571/4571 4572/4572/4572 4567/4567/4567
f 4572/4572/4572 4573/4573/4573 4577/4577/4577
f 4570/4570/4570 4587/4587/4587 4568/4568/4568
f 4572/4572/4572 4574/4574/4574 4567/4567/4567
f 4567/4567/4567 4570/4570/4570 4568/4568/4568
f 4583/4583/4583 4582/4582/4582 4580/4580/4580
f 4582/4582/4582 4570/4570/4570 4580/4580/4580
f 4581/4581/4581 4585/4585/4585 4580/4580/4580
f 4575/4575/4575 4577/4577/4577 4573/4573/4573
f 4574/4574/4574 4577/4577/4577 4575/4575/4575
f 4570/4570/4570 4567/4567/4567 4578/4578/4578
f 4578/4578/4578 4580/4580/4580 4570/4570/4570
f 4575/4575/4575 4567/4567/4567 4574/4574/4574
f 4578/4578/4578 4581/4581/4581 4580/4580/4580
f 4576/4576/4576 4578/4578/4578 4567/4567/4567
f 4584/4584/4584 4581/4581/4581 4578/4578/4578
f 4567/4567/4567 4575/4575/4575 4576/4576/4576
f 4579/4579/4579 4578/4578/4578 4576/4576/4576
f 4584/4584/4584 4578/4578/4578 4579/4579/4579
f 4584/4584/4584 4579/4579/4579 4586/4586/4586
f 4588/4588/4588 4589/4589/4589 4590/4590/4590
f 4589/4589/4589 4591/4591/4591 4598/4598/4598
f 4589/4589/4589 4588/4588/4588 4591/4591/4591
f 4597/4597/4597 4589/4589/4589 4598/4598/4598
f 4592/4592/4592 4590/4590/4590 4589/4589/4589
f 4595/4595/4595 4594/4594/4594 4589/4589/4589
f 4593/4593/4593 4590/4590/4590 4592/4592/4592
f 4594/4594/4594 4595/4595/4595 4596/4596/4596
f 4595/4595/4595 4589/4589/4589 4597/4597/4597
f 4594/4594/4594 4592/4592/4592 4589/4589/4589
f 4601/4601/4601 4596/4596/4596 4595/4595/4595
f 4595/4595/4595 4597/4597/4597 4599/4599/4599
f 4601/4601/4601 4595/4595/4595 4600/4600/4600
f 4604/4604/4604 4596/4596/4596 4601/4601/4601
f 4600/4600/4600 4595/4595/4595 4599/4599/4599
f 4602/4602/4602 4601/4601/4601 4600/4600/4600
f 4603/4603/4603 4602/4602/4602 4600/4600/4600
f 4603/4603/4603 4604/4604/4604 4602/4602/4602
f 4605/4605/4605 4606/4606/4606 4607/4607/4607
f 4608/4608/4608 4605/4605/4605 4607/4607/4607
f 4608/4608/4608 4610/4610/4610 4609/4609/4609
f 4609/4609/4609 4611/4611/4611 4605/4605/4605
f 4608/4608/4608 4609/4609/4609 4605/4605/4605
f 4612/4612/4612 4610/4610/4610 4608/4608/4608
f 4612/4612/4612 4611/4611/4611 4609/4609/4609
f 4613/4613/4613 4614/4614/4614 4615/4615/4615
f 4613/4613/4613 4616/4616/4616 4614/4614/4614
f 4617/4617/4617 4618/4618/4618 4619/4619/4619
f 4621/4621/4621 4620/4620/4620 4617/4617/4617
f 4620/4620/4620 4618/4618/4618 4617/4617/4617
f 4621/4621/4621 4622/4622/4622 4620/4620/4620
f 4623/4623/4623 4622/4622/4622 4621/4621/4621
f 4624/4624/4624 4622/4622/4622 4623/4623/4623
f 4624/4624/4624 4625/4625/4625 4622/4622/4622
f 4626/4626/4626 4627/4627/4627 4628/4628/4628
f 4630/4630/4630 4626/4626/4626 4628/4628/4628
f 4630/4630/4630 4631/4631/4631 4626/4626/4626
f 4629/4629/4629 4627/4627/4627 4626/4626/4626
f 4629/4629/4629 4643/4643/4643 4627/4627/4627
f 4629/4629/4629 4626/4626/4626 4631/4631/4631
f 4643/4643/4643 4629/4629/4629 4642/4642/4642
f 4642/4642/4642 4629/4629/4629 4635/4635/4635
f 4631/4631/4631 4632/4632/4632 4629/4629/4629
f 4644/4644/4644 4642/4642/4642 4635/4635/4635
f 4634/4634/4634 4635/4635/4635 4629/4629/4629
f 4633/4633/4633 4629/4629/4629 4632/4632/4632
f 4634/4634/4634 4629/4629/4629 4633/4633/4633
f 4641/4641/4641 4634/4634/4634 4639/4639/4639
f 4636/4636/4636 4634/4634/4634 4633/4633/4633
f 4637/4637/4637 4639/4639/4639 4634/4634/4634
f 4640/4640/4640 4639/4639/4639 4637/4637/4637
f 4640/4640/4640 4637/4637/4637 4638/4638/4638
f 4636/4636/4636 4637/4637/4637 4634/4634/4634
f 4637/4637/4637 4636/4636/4636 4638/4638/4638
f 4653/4653/4653 4655/4655/4655 4652/4652/4652
f 4652/4652/4652 4655/4655/4655 4656/4656/4656
f 4654/4654/4654 4653/4653/4653 4650/4650/4650
f 4652/4652/4652 4650/4650/4650 4653/4653/4653
f 4652/4652/4652 4656/4656/4656 4657/4657/4657
f 4658/4658/4658 4656/4656/4656 4660/4660/4660
f 4657/4657/4657 4656/4656/4656 4658/4658/4658
f 4645/4645/4645 4646/4646/4646 4647/4647/4647
f 4645/4645/4645 4648/4648/4648 4646/4646/4646
f 4650/4650/4650 4652/4652/4652 4651/4651/4651
f 4649/4649/4649 4650/4650/4650 4651/4651/4651
f 4657/4657/4657 4658/4658/4658 4659/4659/4659
f 4670/4670/4670 4671/4671/4671 4672/4672/4672
f 4670/4670/4670 4672/4672/4672 4673/4673/4673
f 4665/4665/4665 4661/4661/4661 4666/4666/4666
f 4665/4665/4665 4666/4666/4666 4667/4667/4667
f 4662/4662/4662 4664/4664/4664 4663/4663/4663
f 4661/4661/4661 4662/4662/4662 4663/4663/4663
f 4665/4665/4665 4662/4662/4662 4661/4661/4661
f 4665/4665/4665 4668/4668/4668 4662/4662/4662
f 4665/4665/4665 4669/4669/4669 4668/4668/4668
f 4680/4680/4680 4681/4681/4681 4682/4682/4682
f 4677/4677/4677 4678/4678/4678 4679/4679/4679
f 4674/4674/4674 4675/4675/4675 4676/4676/4676
f 4681/4681/4681 4687/4687/4687 4686/4686/4686
f 4683/4683/4683 4682/4682/4682 4681/4681/4681
f 4688/4688/4688 4682/4682/4682 4683/4683/4683
f 4690/4690/4690 4691/4691/4691 4692/4692/4692
f 4690/4690/4690 4692/4692/4692 4693/4693/4693
f 4689/4689/4689 4684/4684/4684 4685/4685/4685
f 4684/4684/4684 4681/4681/4681 4685/4685/4685
f 4681/4681/4681 4686/4686/4686 4685/4685/4685
f 4683/4683/4683 4681/4681/4681 4684/4684/4684
f 4694/4694/4694 4690/4690/4690 4693/4693/4693
f 4695/4695/4695 4696/4696/4696 4697/4697/4697
f 4695/4695/4695 4697/4697/4697 4698/4698/4698
f 4706/4706/4706 4720/4720/4720 4707/4707/4707
f 4705/4705/4705 4706/4706/4706 4707/4707/4707
f 4734/4734/4734 4738/4738/4738 4737/4737/4737
f 4736/4736/4736 4734/4734/4734 4737/4737/4737
f 4734/4734/4734 4736/4736/4736 4727/4727/4727
f 4705/4705/4705 4708/4708/4708 4706/4706/4706
f 4708/4708/4708 4711/4711/4711 4710/4710/4710
f 4708/4708/4708 4710/4710/4710 4706/4706/4706
f 4727/4727/4727 4732/4732/4732 4734/4734/4734
f 4726/4726/4726 4727/4727/4727 4728/4728/4728
f 4708/4708/4708 4722/4722/4722 4721/4721/4721
f 4708/4708/4708 4721/4721/4721 4711/4711/4711
f 4726/4726/4726 4728/4728/4728 4730/4730/4730
f 4731/4731/4731 4726/4726/4726 4730/4730/4730
f 4727/4727/4727 4729/4729/4729 4732/4732/4732
f 4729/4729/4729 4727/4727/4727 4726/4726/4726
f 4702/4702/4702 4703/4703/4703 4704/4704/4704
f 4723/4723/4723 4724/4724/4724 4725/4725/4725
f 4732/4732/4732 4729/4729/4729 4733/4733/4733
f 4735/4735/4735 4734/4734/4734 4732/4732/4732
f 4699/4699/4699 4700/4700/4700 4701/4701/4701
f 4709/4709/4709 4713/4713/4713 4708/4708/4708
f 4705/4705/4705 4709/4709/4709 4708/4708/4708
f 4735/4735/4735 4732/4732/4732 4739/4739/4739
f 4716/4716/4716 4709/4709/4709 4715/4715/4715
f 4712/4712/4712 4715/4715/4715 4709/4709/4709
f 4705/4705/4705 4712/4712/4712 4709/4709/4709
f 4717/4717/4717 4705/4705/4705 4718/4718/4718
f 4717/4717/4717 4719/4719/4719 4714/4714/4714
f 4714/4714/4714 4705/4705/4705 4717/4717/4717
f 4714/4714/4714 4712/4712/4712 4705/4705/4705
f 4740/4740/4740 4741/4741/4741 4742/4742/4742
f 4743/4743/4743 4740/4740/4740 4742/4742/4742
f 4744/4744/4744 4743/4743/4743 4742/4742/4742
f 4744/4744/4744 4745/4745/4745 4743/4743/4743
f 4746/4746/4746 4745/4745/4745 4744/4744/4744
f 4746/4746/4746 4747/4747/4747 4745/4745/4745
f 4744/4744/4744 4748/4748/4748 4746/4746/4746
f 4746/4746/4746 4750/4750/4750 4747/4747/4747
f 4748/4748/4748 4751/4751/4751 4749/4749/4749
f 4749/4749/4749 4746/4746/4746 4748/4748/4748
f 4749/4749/4749 4750/4750/4750 4746/4746/4746
f 4750/4750/4750 4749/4749/4749 4752/4752/4752
f 4753/4753/4753 4754/4754/4754 4755/4755/4755
f 4753/4753/4753 4755/4755/4755 4756/4756/4756
f 4757/4757/4757 4758/4758/4758 4759/4759/4759
f 4757/4757/4757 4763/4763/4763 4762/4762/4762
f 4760/4760/4760 4758/4758/4758 4757/4757/4757
f 4763/4763/4763 4768/4768/4768 4766/4766/4766
f 4762/4762/4762 4763/4763/4763 4765/4765/4765
f 4766/4766/4766 4765/4765/4765 4763/4763/4763
f 4767/4767/4767 4765/4765/4765 4766/4766/4766
f 4757/4757/4757 4762/4762/4762 4761/4761/4761
f 4761/4761/4761 4762/4762/4762 4764/4764/4764
f 4760/4760/4760 4757/4757/4757 4761/4761/4761
f 4769/4769/4769 4770/4770/4770 4771/4771/4771
f 4772/4772/4772 4769/4769/4769 4771/4771/4771
f 4773/4773/4773 4772/4772/4772 4771/4771/4771
f 4774/4774/4774 4775/4775/4775 4776/4776/4776
f 4777/4777/4777 4778/4778/4778 4779/4779/4779
f 4780/4780/4780 4777/4777/4777 4779/4779/4779
f 4783/4783/4783 4784/4784/4784 4785/4785/4785
f 4781/4781/4781 4782/4782/4782 4777/4777/4777
f 4780/4780/4780 4781/4781/4781 4777/4777/4777
f 4786/4786/4786 4787/4787/4787 4788/4788/4788
f 4787/4787/4787 4786/4786/4786 4789/4789/4789
f 4790/4790/4790 4787/4787/4787 4789/4789/4789
f 4790/4790/4790 4791/4791/4791 4787/4787/4787
f 4794/4794/4794 4792/4792/4792 4789/4789/4789
f 4793/4793/4793 4791/4791/4791 4792/4792/4792
f 4793/4793/4793 4792/4792/4792 4794/4794/4794
f 4795/4795/4795 4794/4794/4794 4796/4796/4796
f 4793/4793/4793 4794/4794/4794 4795/4795/4795
f 4791/4791/4791 4790/4790/4790 4792/4792/4792
f 4797/4797/4797 4798/4798/4798 4799/4799/4799
f 4797/4797/4797 4799/4799/4799 4800/4800/4800
f 4801/4801/4801 4802/4802/4802 4803/4803/4803
f 4801/4801/4801 4803/4803/4803 4804/4804/4804
f 4805/4805/4805 4806/4806/4806 4807/4807/4807
f 4807/4807/4807 4806/4806/4806 4808/4808/4808
f 4809/4809/4809 4810/4810/4810 4811/4811/4811
f 4809/4809/4809 4811/4811/4811 4813/4813/4813
f 4814/4814/4814 4809/4809/4809 4813/4813/4813
f 4812/4812/4812 4810/4810/4810 4809/4809/4809
f 4815/4815/4815 4816/4816/4816 4817/4817/4817
f 4818/4818/4818 4819/4819/4819 4820/4820/4820
f 4818/4818/4818 4820/4820/4820 4821/4821/4821
f 4818/4818/4818 4821/4821/4821 4822/4822/4822
f 4823/4823/4823 4824/4824/4824 4825/4825/4825
f 4823/4823/4823 4825/4825/4825 4826/4826/4826
f 4827/4827/4827 4828/4828/4828 4829/4829/4829
f 4827/4827/4827 4829/4829/4829 4830/4830/4830
f 4831/4831/4831 4827/4827/4827 4830/4830/4830
f 4832/4832/4832 4833/4833/4833 4834/4834/4834
f 4851/4851/4851 4845/4845/4845 4873/4873/4873
f 4832/4832/4832 4834/4834/4834 4835/4835/4835
f 4835/4835/4835 4834/4834/4834 4836/4836/4836
f 4840/4840/4840 4873/4873/4873 4845/4845/4845
f 4840/4840/4840 4845/4845/4845 4843/4843/4843
f 4845/4845/4845 4844/4844/4844 4843/4843/4843
f 4840/4840/4840 4836/4836/4836 4873/4873/4873
f 4835/4835/4835 4836/4836/4836 4840/4840/4840
f 4844/4844/4844 4845/4845/4845 4848/4848/4848
f 4851/4851/4851 4848/4848/4848 4845/4845/4845
f 4840/4840/4840 4843/4843/4843 4838/4838/4838
f 4838/4838/4838 4843/4843/4843 4842/4842/4842
f 4843/4843/4843 4844/4844/4844 4842/4842/4842
f 4850/4850/4850 4848/4848/4848 4851/4851/4851
f 4838/4838/4838 4835/4835/4835 4840/4840/4840
f 4857/4857/4857 4850/4850/4850 4851/4851/4851
f 4850/4850/4850 4857/4857/4857 4856/4856/4856
f 4832/4832/4832 4835/4835/4835 4837/4837/4837
f 4846/4846/4846 4844/4844/4844 4848/4848/4848
f 4850/4850/4850 4856/4856/4856 4855/4855/4855
f 4846/4846/4846 4842/4842/4842 4844/4844/4844
f 4837/4837/4837 4835/4835/4835 4838/4838/4838
f 4832/4832/4832 4837/4837/4837 4839/4839/4839
f 4838/4838/4838 4841/4841/4841 4837/4837/4837
f 4841/4841/4841 4838/4838/4838 4842/4842/4842
f 4856/4856/4856 4859/4859/4859 4858/4858/4858
f 4849/4849/4849 4846/4846/4846 4848/4848/4848
f 4874/4874/4874 4842/4842/4842 4847/4847/4847
f 4849/4849/4849 4848/4848/4848 4850/4850/4850
f 4855/4855/4855 4856/4856/4856 4858/4858/4858
f 4846/4846/4846 4849/4849/4849 4847/4847/4847
f 4858/4858/4858 4859/4859/4859 4861/4861/4861
f 4852/4852/4852 4849/4849/4849 4850/4850/4850
f 4855/4855/4855 4858/4858/4858 4860/4860/4860
f 4855/4855/4855 4853/4853/4853 4850/4850/4850
f 4869/4869/4869 4870/4870/4870 4865/4865/4865
f 4853/4853/4853 4852/4852/4852 4850/4850/4850
f 4854/4854/4854 4852/4852/4852 4853/4853/4853
f 4860/4860/4860 4858/4858/4858 4861/4861/4861
f 4855/4855/4855 4854/4854/4854 4853/4853/4853
f 4854/4854/4854 4855/4855/4855 4860/4860/4860
f 4868/4868/4868 4869/4869/4869 4865/4865/4865
f 4865/4865/4865 4863/4863/4863 4862/4862/4862
f 4862/4862/4862 4863/4863/4863 4854/4854/4854
f 4862/4862/4862 4854/4854/4854 4860/4860/4860
f 4860/4860/4860 4861/4861/4861 4864/4864/4864
f 4862/4862/4862 4860/4860/4860 4864/4864/4864
f 4865/4865/4865 4866/4866/4866 4868/4868/4868
f 4862/4862/4862 4866/4866/4866 4865/4865/4865
f 4866/4866/4866 4862/4862/4862 4867/4867/4867
f 4862/4862/4862 4871/4871/4871 4867/4867/4867
f 4871/4871/4871 4872/4872/4872 4867/4867/4867
f 4847/4847/4847 4842/4842/4842 4846/4846/4846
f 4875/4875/4875 4876/4876/4876 4877/4877/4877
f 4878/4878/4878 4875/4875/4875 4877/4877/4877
f 4879/4879/4879 4875/4875/4875 4878/4878/4878
f 4880/4880/4880 4881/4881/4881 4882/4882/4882
f 4884/4884/4884 4880/4880/4880 4882/4882/4882
f 4885/4885/4885 4884/4884/4884 4882/4882/4882
f 4882/4882/4882 4881/4881/4881 4883/4883/4883
f 4886/4886/4886 4887/4887/4887 4888/4888/4888
f 4889/4889/4889 4886/4886/4886 4888/4888/4888
f 4890/4890/4890 4891/4891/4891 4892/4892/4892
f 4893/4893/4893 4891/4891/4891 4890/4890/4890
f 4894/4894/4894 4895/4895/4895 4896/4896/4896
f 4894/4894/4894 4897/4897/4897 4895/4895/4895
f 4894/4894/4894 4898/4898/4898 4899/4899/4899
f 4896/4896/4896 4898/4898/4898 4894/4894/4894
f 4894/4894/4894 4900/4900/4900 4897/4897/4897
f 4899/4899/4899 4901/4901/4901 4900/4900/4900
f 4894/4894/4894 4899/4899/4899 4900/4900/4900
f 4902/4902/4902 4903/4903/4903 4904/4904/4904
f 4904/4904/4904 4905/4905/4905 4902/4902/4902
f 4906/4906/4906 4905/4905/4905 4904/4904/4904
f 4907/4907/4907 4906/4906/4906 4904/4904/4904
f 4952/4952/4952 4951/4951/4951 4953/4953/4953
f 4950/4950/4950 4940/4940/4940 4951/4951/4951
f 4910/4910/4910 4913/4913/4913 4908/4908/4908
f 4933/4933/4933 4951/4951/4951 4940/4940/4940
f 4908/4908/4908 4909/4909/4909 4910/4910/4910
f 4910/4910/4910 4912/4912/4912 4913/4913/4913
f 4915/4915/4915 4917/4917/4917 4911/4911/4911
f 4916/4916/4916 4917/4917/4917 4915/4915/4915
f 4951/4951/4951 4952/4952/4952 4950/4950/4950
f 4909/4909/4909 4916/4916/4916 4914/4914/4914
f 4909/4909/4909 4914/4914/4914 4915/4915/4915
f 4909/4909/4909 4915/4915/4915 4911/4911/4911
f 4911/4911/4911 4910/4910/4910 4909/4909/4909
f 4917/4917/4917 4916/4916/4916 4923/4923/4923
f 4932/4932/4932 4934/4934/4934 4936/4936/4936
f 4932/4932/4932 4933/4933/4933 4934/4934/4934
f 4940/4940/4940 4935/4935/4935 4933/4933/4933
f 4955/4955/4955 4950/4950/4950 4952/4952/4952
f 4933/4933/4933 4935/4935/4935 4934/4934/4934
f 4911/4911/4911 4912/4912/4912 4910/4910/4910
f 4934/4934/4934 4935/4935/4935 4937/4937/4937
f 4918/4918/4918 4912/4912/4912 4911/4911/4911
f 4937/4937/4937 4935/4935/4935 4938/4938/4938
f 4954/4954/4954 4950/4950/4950 4955/4955/4955
f 4940/4940/4940 4950/4950/4950 4942/4942/4942
f 4942/4942/4942 4941/4941/4941 4940/4940/4940
f 4945/4945/4945 4938/4938/4938 4935/4935/4935
f 4940/4940/4940 4941/4941/4941 4935/4935/4935
f 4918/4918/4918 4911/4911/4911 4919/4919/4919
f 4935/4935/4935 4941/4941/4941 4945/4945/4945
f 4950/4950/4950 4943/4943/4943 4942/4942/4942
f 4954/4954/4954 4943/4943/4943 4950/4950/4950
f 4922/4922/4922 4918/4918/4918 4919/4919/4919
f 4941/4941/4941 4942/4942/4942 4943/4943/4943
f 4938/4938/4938 4939/4939/4939 4937/4937/4937
f 4930/4930/4930 4949/4949/4949 4938/4938/4938
f 4921/4921/4921 4920/4920/4920 4911/4911/4911
f 4920/4920/4920 4919/4919/4919 4911/4911/4911
f 4956/4956/4956 4957/4957/4957 4958/4958/4958
f 4949/4949/4949 4930/4930/4930 4939/4939/4939
f 4941/4941/4941 4943/4943/4943 4944/4944/4944
f 4946/4946/4946 4945/4945/4945 4941/4941/4941
f 4959/4959/4959 4957/4957/4957 4956/4956/4956
f 4938/4938/4938 4928/4928/4928 4930/4930/4930
f 4930/4930/4930 4927/4927/4927 4931/4931/4931
f 4938/4938/4938 4945/4945/4945 4928/4928/4928
f 4928/4928/4928 4927/4927/4927 4930/4930/4930
f 4927/4927/4927 4928/4928/4928 4929/4929/4929
f 4946/4946/4946 4947/4947/4947 4945/4945/4945
f 4928/4928/4928 4945/4945/4945 4947/4947/4947
f 4929/4929/4929 4928/4928/4928 4924/4924/4924
f 4947/4947/4947 4948/4948/4948 4928/4928/4928
f 4925/4925/4925 4924/4924/4924 4928/4928/4928
f 4924/4924/4924 4925/4925/4925 4926/4926/4926
f 4960/4960/4960 4961/4961/4961 4962/4962/4962
f 4966/4966/4966 4962/4962/4962 4963/4963/4963
f 4961/4961/4961 4963/4963/4963 4962/4962/4962
f 4963/4963/4963 4961/4961/4961 4965/4965/4965
f 4962/4962/4962 4964/4964/4964 4960/4960/4960
f 4967/4967/4967 4968/4968/4968 4969/4969/4969
f 4968/4968/4968 4967/4967/4967 4970/4970/4970
f 4971/4971/4971 4972/4972/4972 4973/4973/4973
f 4973/4973/4973 4972/4972/4972 4974/4974/4974
f 4975/4975/4975 4971/4971/4971 4973/4973/4973
f 4975/4975/4975 4973/4973/4973 4976/4976/4976
f 4976/4976/4976 4973/4973/4973 4977/4977/4977
f 4978/4978/4978 4975/4975/4975 4976/4976/4976
f 4979/4979/4979 4976/4976/4976 4977/4977/4977
f 4980/4980/4980 4981/4981/4981 4982/4982/4982
f 4982/4982/4982 4981/4981/4981 4984/4984/4984
f 4987/4987/4987 4984/4984/4984 4981/4981/4981
f 4983/4983/4983 4980/4980/4980 4982/4982/4982
f 4988/4988/4988 4984/4984/4984 4987/4987/4987
f 4985/4985/4985 4982/4982/4982 4984/4984/4984
f 4986/4986/4986 4983/4983/4983 4982/4982/4982
f 4989/4989/4989 4988/4988/4988 4987/4987/4987
f 4986/4986/4986 4982/4982/4982 4985/4985/4985
f 4988/4988/4988 4991/4991/4991 4984/4984/4984
f 4989/4989/4989 4990/4990/4990 4988/4988/4988
f 4994/4994/4994 4985/4985/4985 4984/4984/4984
f 4984/4984/4984 4991/4991/4991 4994/4994/4994
f 4988/4988/4988 4993/4993/4993 4991/4991/4991
f 4991/4991/4991 5007/5007/5007 4994/4994/4994
f 4995/4995/4995 4991/4991/4991 4993/4993/4993
f 4993/4993/4993 4988/4988/4988 4992/4992/4992
f 4988/4988/4988 4990/4990/4990 4992/4992/4992
f 5008/5008/5008 5006/5006/5006 4992/4992/4992
f 5005/5005/5005 5006/5006/5006 5008/5008/5008
f 5012/5012/5012 5009/5009/5009 5008/5008/5008
f 5009/5009/5009 5005/5005/5005 5008/5008/5008
f 5013/5013/5013 5009/5009/5009 5012/5012/5012
f 4996/4996/4996 5007/5007/5007 4991/4991/4991
f 4995/4995/4995 4996/4996/4996 4991/4991/4991
f 5010/5010/5010 5011/5011/5011 5005/5005/5005
f 4992/4992/4992 5006/5006/5006 4993/4993/4993
f 5006/5006/5006 4998/4998/4998 4993/4993/4993
f 5014/5014/5014 5015/5015/5015 5016/5016/5016
f 4998/4998/4998 5006/5006/5006 5005/5005/5005
f 5009/5009/5009 5010/5010/5010 5005/5005/5005
f 4995/4995/4995 4997/4997/4997 4996/4996/4996
f 5005/5005/5005 5002/5002/5002 4998/4998/4998
f 4998/4998/4998 4997/4997/4997 4995/4995/4995
f 4998/4998/4998 4995/4995/4995 4993/4993/4993
f 4999/4999/4999 4997/4997/4997 4998/4998/4998
f 5002/5002/5002 5001/5001/5001 4998/4998/4998
f 5002/5002/5002 5003/5003/5003 5001/5001/5001
f 5001/5001/5001 5000/5000/5000 4998/4998/4998
f 4999/4999/4999 4998/4998/4998 5000/5000/5000
f 5004/5004/5004 5001/5001/5001 5003/5003/5003
f 5017/5017/5017 5018/5018/5018 5019/5019/5019
f 5020/5020/5020 5019/5019/5019 5018/5018/5018
f 5022/5022/5022 5017/5017/5017 5021/5021/5021
f 5019/5019/5019 5020/5020/5020 5021/5021/5021
f 5017/5017/5017 5019/5019/5019 5021/5021/5021
f 5017/5017/5017 5022/5022/5022 5023/5023/5023
f 5024/5024/5024 5025/5025/5025 5026/5026/5026
f 5024/5024/5024 5027/5027/5027 5025/5025/5025
f 5029/5029/5029 5025/5025/5025 5027/5027/5027
f 5028/5028/5028 5027/5027/5027 5024/5024/5024
f 5028/5028/5028 5029/5029/5029 5027/5027/5027
f 5028/5028/5028 5030/5030/5030 5029/5029/5029
f 5062/5062/5062 5064/5064/5064 5065/5065/5065
f 5062/5062/5062 5063/5063/5063 5064/5064/5064
f 5063/5063/5063 5062/5062/5062 5041/5041/5041
f 5041/5041/5041 5045/5045/5045 5063/5063/5063
f 5061/5061/5061 5065/5065/5065 5066/5066/5066
f 5065/5065/5065 5061/5061/5061 5062/5062/5062
f 5046/5046/5046 5045/5045/5045 5040/5040/5040
f 5045/5045/5045 5041/5041/5041 5040/5040/5040
f 5041/5041/5041 5062/5062/5062 5061/5061/5061
f 5041/5041/5041 5061/5061/5061 5060/5060/5060
f 5041/5041/5041 5060/5060/5060 5042/5042/5042
f 5042/5042/5042 5060/5060/5060 5051/5051/5051
f 5040/5040/5040 5041/5041/5041 5042/5042/5042
f 5042/5042/5042 5043/5043/5043 5040/5040/5040
f 5046/5046/5046 5040/5040/5040 5044/5044/5044
f 5044/5044/5044 5040/5040/5040 5043/5043/5043
f 5043/5043/5043 5042/5042/5042 5051/5051/5051
f 5044/5044/5044 5043/5043/5043 5047/5047/5047
f 5056/5056/5056 5054/5054/5054 5055/5055/5055
f 5043/5043/5043 5051/5051/5051 5050/5050/5050
f 5059/5059/5059 5056/5056/5056 5055/5055/5055
f 5047/5047/5047 5043/5043/5043 5048/5048/5048
f 5035/5035/5035 5055/5055/5055 5054/5054/5054
f 5035/5035/5035 5054/5054/5054 5053/5053/5053
f 5058/5058/5058 5059/5059/5059 5055/5055/5055
f 5035/5035/5035 5053/5053/5053 5039/5039/5039
f 5058/5058/5058 5055/5055/5055 5057/5057/5057
f 5049/5049/5049 5050/5050/5050 5052/5052/5052
f 5053/5053/5053 5049/5049/5049 5039/5039/5039
f 5035/5035/5035 5057/5057/5057 5055/5055/5055
f 5049/5049/5049 5043/5043/5043 5050/5050/5050
f 5069/5069/5069 5070/5070/5070 5067/5067/5067
f 5067/5067/5067 5068/5068/5068 5069/5069/5069
f 5049/5049/5049 5052/5052/5052 5039/5039/5039
f 5035/5035/5035 5039/5039/5039 5032/5032/5032
f 5048/5048/5048 5043/5043/5043 5049/5049/5049
f 5032/5032/5032 5031/5031/5031 5035/5035/5035
f 5050/5050/5050 5038/5038/5038 5037/5037/5037
f 5037/5037/5037 5038/5038/5038 5039/5039/5039
f 5052/5052/5052 5037/5037/5037 5039/5039/5039
f 5031/5031/5031 5032/5032/5032 5033/5033/5033
f 5033/5033/5033 5032/5032/5032 5034/5034/5034
f 5036/5036/5036 5033/5033/5033 5034/5034/5034
f 5071/5071/5071 5072/5072/5072 5073/5073/5073
f 5071/5071/5071 5074/5074/5074 5072/5072/5072
f 5079/5079/5079 5078/5078/5078 5077/5077/5077
f 5077/5077/5077 5075/5075/5075 5073/5073/5073
f 5075/5075/5075 5071/5071/5071 5073/5073/5073
f 5077/5077/5077 5078/5078/5078 5075/5075/5075
f 5081/5081/5081 5082/5082/5082 5074/5074/5074
f 5081/5081/5081 5074/5074/5074 5071/5071/5071
f 5075/5075/5075 5076/5076/5076 5071/5071/5071
f 5080/5080/5080 5075/5075/5075 5078/5078/5078
f 5076/5076/5076 5081/5081/5081 5071/5071/5071
f 5083/5083/5083 5084/5084/5084 5085/5085/5085
f 5086/5086/5086 5087/5087/5087 5088/5088/5088
f 5090/5090/5090 5086/5086/5086 5088/5088/5088
f 5091/5091/5091 5086/5086/5086 5090/5090/5090
f 5106/5106/5106 5104/5104/5104 5093/5093/5093
f 5101/5101/5101 5099/5099/5099 5100/5100/5100
f 5093/5093/5093 5092/5092/5092 5091/5091/5091
f 5104/5104/5104 5106/5106/5106 5107/5107/5107
f 5108/5108/5108 5104/5104/5104 5107/5107/5107
f 5089/5089/5089 5086/5086/5086 5091/5091/5091
f 5089/5089/5089 5091/5091/5091 5092/5092/5092
f 5089/5089/5089 5099/5099/5099 5087/5087/5087
f 5087/5087/5087 5086/5086/5086 5089/5089/5089
f 5092/5092/5092 5093/5093/5093 5104/5104/5104
f 5095/5095/5095 5092/5092/5092 5104/5104/5104
f 5095/5095/5095 5104/5104/5104 5105/5105/5105
f 5100/5100/5100 5099/5099/5099 5098/5098/5098
f 5092/5092/5092 5094/5094/5094 5089/5089/5089
f 5095/5095/5095 5094/5094/5094 5092/5092/5092
f 5100/5100/5100 5098/5098/5098 5102/5102/5102
f 5089/5089/5089 5098/5098/5098 5099/5099/5099
f 5096/5096/5096 5089/5089/5089 5094/5094/5094
f 5103/5103/5103 5094/5094/5094 5095/5095/5095
f 5095/5095/5095 5105/5105/5105 5103/5103/5103
f 5089/5089/5089 5097/5097/5097 5098/5098/5098
f 5096/5096/5096 5097/5097/5097 5089/5089/5089
f 5124/5124/5124 5121/5121/5121 5120/5120/5120
f 5124/5124/5124 5125/5125/5125 5121/5121/5121
f 5120/5120/5120 5121/5121/5121 5122/5122/5122
f 5113/5113/5113 5117/5117/5117 5115/5115/5115
f 5113/5113/5113 5118/5118/5118 5117/5117/5117
f 5122/5122/5122 5123/5123/5123 5120/5120/5120
f 5115/5115/5115 5116/5116/5116 5113/5113/5113
f 5113/5113/5113 5119/5119/5119 5118/5118/5118
f 5113/5113/5113 5116/5116/5116 5114/5114/5114
f 5109/5109/5109 5110/5110/5110 5111/5111/5111
f 5112/5112/5112 5113/5113/5113 5114/5114/5114
f 5130/5130/5130 5131/5131/5131 5132/5132/5132
f 5130/5130/5130 5132/5132/5132 5134/5134/5134
f 5135/5135/5135 5134/5134/5134 5132/5132/5132
f 5128/5128/5128 5127/5127/5127 5129/5129/5129
f 5133/5133/5133 5131/5131/5131 5137/5137/5137
f 5133/5133/5133 5132/5132/5132 5131/5131/5131
f 5139/5139/5139 5145/5145/5145 5141/5141/5141
f 5141/5141/5141 5145/5145/5145 5146/5146/5146
f 5223/5223/5223 5221/5221/5221 5219/5219/5219
f 5162/5162/5162 5163/5163/5163 5161/5161/5161
f 5164/5164/5164 5161/5161/5161 5163/5163/5163
f 5126/5126/5126 5127/5127/5127 5128/5128/5128
f 5140/5140/5140 5139/5139/5139 5141/5141/5141
f 5166/5166/5166 5168/5168/5168 5172/5172/5172
f 5166/5166/5166 5167/5167/5167 5168/5168/5168
f 5161/5161/5161 5159/5159/5159 5162/5162/5162
f 5132/5132/5132 5133/5133/5133 5136/5136/5136
f 5135/5135/5135 5132/5132/5132 5136/5136/5136
f 5174/5174/5174 5168/5168/5168 5175/5175/5175
f 5172/5172/5172 5176/5176/5176 5180/5180/5180
f 5180/5180/5180 5166/5166/5166 5172/5172/5172
f 5177/5177/5177 5166/5166/5166 5180/5180/5180
f 5168/5168/5168 5167/5167/5167 5169/5169/5169
f 5169/5169/5169 5167/5167/5167 5170/5170/5170
f 5177/5177/5177 5165/5165/5165 5166/5166/5166
f 5165/5165/5165 5164/5164/5164 5166/5166/5166
f 5161/5161/5161 5164/5164/5164 5165/5165/5165
f 5138/5138/5138 5139/5139/5139 5140/5140/5140
f 5175/5175/5175 5168/5168/5168 5195/5195/5195
f 5176/5176/5176 5172/5172/5172 5174/5174/5174
f 5172/5172/5172 5168/5168/5168 5174/5174/5174
f 5168/5168/5168 5169/5169/5169 5171/5171/5171
f 5166/5166/5166 5164/5164/5164 5167/5167/5167
f 5164/5164/5164 5179/5179/5179 5167/5167/5167
f 5178/5178/5178 5167/5167/5167 5179/5179/5179
f 5159/5159/5159 5161/5161/5161 5160/5160/5160
f 5146/5146/5146 5148/5148/5148 5141/5141/5141
f 5142/5142/5142 5138/5138/5138 5140/5140/5140
f 5170/5170/5170 5167/5167/5167 5178/5178/5178
f 5207/5207/5207 5203/5203/5203 5205/5205/5205
f 5197/5197/5197 5194/5194/5194 5190/5190/5190
f 5221/5221/5221 5220/5220/5220 5219/5219/5219
f 5195/5195/5195 5168/5168/5168 5171/5171/5171
f 5224/5224/5224 5222/5222/5222 5221/5221/5221
f 5221/5221/5221 5222/5222/5222 5220/5220/5220
f 5218/5218/5218 5219/5219/5219 5220/5220/5220
f 5149/5149/5149 5141/5141/5141 5148/5148/5148
f 5203/5203/5203 5200/5200/5200 5205/5205/5205
f 5158/5158/5158 5159/5159/5159 5157/5157/5157
f 5149/5149/5149 5148/5148/5148 5156/5156/5156
f 5196/5196/5196 5170/5170/5170 5178/5178/5178
f 5147/5147/5147 5140/5140/5140 5141/5141/5141
f 5156/5156/5156 5158/5158/5158 5157/5157/5157
f 5149/5149/5149 5156/5156/5156 5157/5157/5157
f 5180/5180/5180 5199/5199/5199 5177/5177/5177
f 5203/5203/5203 5207/5207/5207 5210/5210/5210
f 5149/5149/5149 5147/5147/5147 5141/5141/5141
f 5157/5157/5157 5159/5159/5159 5155/5155/5155
f 5155/5155/5155 5149/5149/5149 5157/5157/5157
f 5194/5194/5194 5188/5188/5188 5190/5190/5190
f 5155/5155/5155 5159/5159/5159 5160/5160/5160
f 5189/5189/5189 5190/5190/5190 5188/5188/5188
f 5203/5203/5203 5201/5201/5201 5200/5200/5200
f 5144/5144/5144 5143/5143/5143 5140/5140/5140
f 5142/5142/5142 5140/5140/5140 5143/5143/5143
f 5201/5201/5201 5203/5203/5203 5204/5204/5204
f 5144/5144/5144 5140/5140/5140 5147/5147/5147
f 5183/5183/5183 5199/5199/5199 5180/5180/5180
f 5194/5194/5194 5177/5177/5177 5199/5199/5199
f 5177/5177/5177 5194/5194/5194 5197/5197/5197
f 5147/5147/5147 5149/5149/5149 5155/5155/5155
f 5200/5200/5200 5201/5201/5201 5202/5202/5202
f 5155/5155/5155 5160/5160/5160 5173/5173/5173
f 5206/5206/5206 5204/5204/5204 5203/5203/5203
f 5210/5210/5210 5206/5206/5206 5203/5203/5203
f 5201/5201/5201 5204/5204/5204 5209/5209/5209
f 5214/5214/5214 5215/5215/5215 5216/5216/5216
f 5147/5147/5147 5155/5155/5155 5151/5151/5151
f 5213/5213/5213 5201/5201/5201 5209/5209/5209
f 5181/5181/5181 5180/5180/5180 5176/5176/5176
f 5183/5183/5183 5194/5194/5194 5199/5199/5199
f 5144/5144/5144 5147/5147/5147 5150/5150/5150
f 5204/5204/5204 5208/5208/5208 5209/5209/5209
f 5213/5213/5213 5209/5209/5209 5212/5212/5212
f 5188/5188/5188 5194/5194/5194 5184/5184/5184
f 5212/5212/5212 5209/5209/5209 5208/5208/5208
f 5184/5184/5184 5194/5194/5194 5183/5183/5183
f 5206/5206/5206 5208/5208/5208 5204/5204/5204
f 5151/5151/5151 5150/5150/5150 5147/5147/5147
f 5180/5180/5180 5182/5182/5182 5183/5183/5183
f 5206/5206/5206 5211/5211/5211 5208/5208/5208
f 5152/5152/5152 5151/5151/5151 5154/5154/5154
f 5181/5181/5181 5182/5182/5182 5180/5180/5180
f 5182/5182/5182 5184/5184/5184 5183/5183/5183
f 5151/5151/5151 5152/5152/5152 5150/5150/5150
f 5187/5187/5187 5188/5188/5188 5184/5184/5184
f 5217/5217/5217 5214/5214/5214 5216/5216/5216
f 5193/5193/5193 5192/5192/5192 5185/5185/5185
f 5193/5193/5193 5182/5182/5182 5181/5181/5181
f 5182/5182/5182 5193/5193/5193 5185/5185/5185
f 5185/5185/5185 5184/5184/5184 5182/5182/5182
f 5186/5186/5186 5184/5184/5184 5185/5185/5185
f 5150/5150/5150 5152/5152/5152 5153/5153/5153
f 5187/5187/5187 5184/5184/5184 5186/5186/5186
f 5191/5191/5191 5186/5186/5186 5185/5185/5185
f 5187/5187/5187 5189/5189/5189 5188/5188/5188
f 5191/5191/5191 5185/5185/5185 5192/5192/5192
f 5195/5195/5195 5171/5171/5171 5198/5198/5198
f 5225/5225/5225 5226/5226/5226 5227/5227/5227
f 5227/5227/5227 5226/5226/5226 5228/5228/5228
f 5229/5229/5229 5225/5225/5225 5227/5227/5227
f 5229/5229/5229 5230/5230/5230 5225/5225/5225
f 5229/5229/5229 5227/5227/5227 5231/5231/5231
f 5234/5234/5234 5233/5233/5233 5229/5229/5229
f 5229/5229/5229 5232/5232/5232 5230/5230/5230
f 5229/5229/5229 5233/5233/5233 5232/5232/5232
f 5238/5238/5238 5239/5239/5239 5240/5240/5240
f 5249/5249/5249 5250/5250/5250 5251/5251/5251
f 5235/5235/5235 5236/5236/5236 5237/5237/5237
f 5238/5238/5238 5241/5241/5241 5239/5239/5239
f 5242/5242/5242 5241/5241/5241 5238/5238/5238
f 5244/5244/5244 5242/5242/5242 5238/5238/5238
f 5243/5243/5243 5241/5241/5241 5242/5242/5242
f 5245/5245/5245 5246/5246/5246 5247/5247/5247
f 5245/5245/5245 5248/5248/5248 5246/5246/5246
f 5252/5252/5252 5253/5253/5253 5254/5254/5254
f 5255/5255/5255 5254/5254/5254 5253/5253/5253
f 5256/5256/5256 5257/5257/5257 5258/5258/5258
f 5259/5259/5259 5258/5258/5258 5257/5257/5257
f 5260/5260/5260 5261/5261/5261 5262/5262/5262
f 5260/5260/5260 5263/5263/5263 5261/5261/5261
f 5264/5264/5264 5265/5265/5265 5263/5263/5263
f 5264/5264/5264 5263/5263/5263 5260/5260/5260
f 5269/5269/5269 5265/5265/5265 5264/5264/5264
f 5264/5264/5264 5260/5260/5260 5266/5266/5266
f 5265/5265/5265 5269/5269/5269 5271/5271/5271
f 5267/5267/5267 5264/5264/5264 5266/5266/5266
f 5272/5272/5272 5271/5271/5271 5269/5269/5269
f 5273/5273/5273 5275/5275/5275 5272/5272/5272
f 5268/5268/5268 5264/5264/5264 5267/5267/5267
f 5269/5269/5269 5273/5273/5273 5272/5272/5272
f 5268/5268/5268 5269/5269/5269 5264/5264/5264
f 5268/5268/5268 5270/5270/5270 5269/5269/5269
f 5276/5276/5276 5279/5279/5279 5278/5278/5278
f 5276/5276/5276 5278/5278/5278 5274/5274/5274
f 5274/5274/5274 5273/5273/5273 5269/5269/5269
f 5269/5269/5269 5276/5276/5276 5274/5274/5274
f 5270/5270/5270 5277/5277/5277 5269/5269/5269
f 5277/5277/5277 5276/5276/5276 5269/5269/5269
f 5281/5281/5281 5280/5280/5280 5279/5279/5279
f 5280/5280/5280 5278/5278/5278 5279/5279/5279
f 5282/5282/5282 5283/5283/5283 5284/5284/5284
f 5285/5285/5285 5282/5282/5282 5284/5284/5284
f 5285/5285/5285 5286/5286/5286 5282/5282/5282
f 5286/5286/5286 5285/5285/5285 5287/5287/5287
f 5287/5287/5287 5285/5285/5285 5306/5306/5306
f 5282/5282/5282 5289/5289/5289 5305/5305/5305
f 5290/5290/5290 5286/5286/5286 5287/5287/5287
f 5288/5288/5288 5282/5282/5282 5286/5286/5286
f 5282/5282/5282 5288/5288/5288 5289/5289/5289
f 5286/5286/5286 5290/5290/5290 5288/5288/5288
f 5287/5287/5287 5293/5293/5293 5290/5290/5290
f 5290/5290/5290 5293/5293/5293 5292/5292/5292
f 5293/5293/5293 5295/5295/5295 5292/5292/5292
f 5288/5288/5288 5290/5290/5290 5291/5291/5291
f 5296/5296/5296 5293/5293/5293 5297/5297/5297
f 5296/5296/5296 5295/5295/5295 5293/5293/5293
f 5291/5291/5291 5290/5290/5290 5292/5292/5292
f 5300/5300/5300 5301/5301/5301 5298/5298/5298
f 5298/5298/5298 5296/5296/5296 5297/5297/5297
f 5295/5295/5295 5294/5294/5294 5292/5292/5292
f 5294/5294/5294 5295/5295/5295 5296/5296/5296
f 5298/5298/5298 5299/5299/5299 5296/5296/5296
f 5291/5291/5291 5292/5292/5292 5294/5294/5294
f 5294/5294/5294 5296/5296/5296 5304/5304/5304
f 5301/5301/5301 5299/5299/5299 5298/5298/5298
f 5302/5302/5302 5301/5301/5301 5303/5303/5303
f 5299/5299/5299 5301/5301/5301 5302/5302/5302
f 5297/5297/5297 5300/5300/5300 5298/5298/5298
f 5324/5324/5324 5333/5333/5333 5339/5339/5339
f 5346/5346/5346 5348/5348/5348 5347/5347/5347
f 5334/5334/5334 5333/5333/5333 5330/5330/5330
f 5330/5330/5330 5333/5333/5333 5331/5331/5331
f 5345/5345/5345 5346/5346/5346 5347/5347/5347
f 5329/5329/5329 5324/5324/5324 5339/5339/5339
f 5329/5329/5329 5339/5339/5339 5330/5330/5330
f 5341/5341/5341 5343/5343/5343 5342/5342/5342
f 5328/5328/5328 5329/5329/5329 5330/5330/5330
f 5328/5328/5328 5337/5337/5337 5329/5329/5329
f 5341/5341/5341 5332/5332/5332 5331/5331/5331
f 5328/5328/5328 5330/5330/5330 5331/5331/5331
f 5324/5324/5324 5329/5329/5329 5325/5325/5325
f 5323/5323/5323 5324/5324/5324 5325/5325/5325
f 5332/5332/5332 5341/5341/5341 5342/5342/5342
f 5331/5331/5331 5332/5332/5332 5328/5328/5328
f 5319/5319/5319 5320/5320/5320 5313/5313/5313
f 5325/5325/5325 5326/5326/5326 5323/5323/5323
f 5313/5313/5313 5320/5320/5320 5321/5321/5321
f 5319/5319/5319 5313/5313/5313 5314/5314/5314
f 5325/5325/5325 5337/5337/5337 5328/5328/5328
f 5336/5336/5336 5325/5325/5325 5328/5328/5328
f 5340/5340/5340 5332/5332/5332 5344/5344/5344
f 5327/5327/5327 5326/5326/5326 5325/5325/5325
f 5336/5336/5336 5328/5328/5328 5335/5335/5335
f 5338/5338/5338 5325/5325/5325 5336/5336/5336
f 5328/5328/5328 5332/5332/5332 5335/5335/5335
f 5335/5335/5335 5332/5332/5332 5340/5340/5340
f 5321/5321/5321 5309/5309/5309 5313/5313/5313
f 5309/5309/5309 5321/5321/5321 5322/5322/5322
f 5310/5310/5310 5314/5314/5314 5313/5313/5313
f 5309/5309/5309 5310/5310/5310 5313/5313/5313
f 5308/5308/5308 5310/5310/5310 5309/5309/5309
f 5307/5307/5307 5308/5308/5308 5309/5309/5309
f 5311/5311/5311 5308/5308/5308 5307/5307/5307
f 5312/5312/5312 5308/5308/5308 5311/5311/5311
f 5316/5316/5316 5317/5317/5317 5315/5315/5315
f 5318/5318/5318 5317/5317/5317 5316/5316/5316
f 5315/5315/5315 5312/5312/5312 5311/5311/5311
f 5316/5316/5316 5315/5315/5315 5311/5311/5311
f 5349/5349/5349 5350/5350/5350 5351/5351/5351
f 5352/5352/5352 5351/5351/5351 5353/5353/5353
f 5351/5351/5351 5352/5352/5352 5349/5349/5349
f 5353/5353/5353 5351/5351/5351 5354/5354/5354
f 5353/5353/5353 5356/5356/5356 5357/5357/5357
f 5356/5356/5356 5353/5353/5353 5354/5354/5354
f 5351/5351/5351 5355/5355/5355 5354/5354/5354
f 5365/5365/5365 5368/5368/5368 5367/5367/5367
f 5354/5354/5354 5355/5355/5355 5359/5359/5359
f 5354/5354/5354 5358/5358/5358 5356/5356/5356
f 5354/5354/5354 5359/5359/5359 5358/5358/5358
f 5360/5360/5360 5356/5356/5356 5358/5358/5358
f 5361/5361/5361 5356/5356/5356 5360/5360/5360
f 5365/5365/5365 5369/5369/5369 5368/5368/5368
f 5362/5362/5362 5365/5365/5365 5367/5367/5367
f 5365/5365/5365 5366/5366/5366 5369/5369/5369
f 5371/5371/5371 5364/5364/5364 5358/5358/5358
f 5360/5360/5360 5358/5358/5358 5362/5362/5362
f 5366/5366/5366 5365/5365/5365 5363/5363/5363
f 5363/5363/5363 5365/5365/5365 5362/5362/5362
f 5370/5370/5370 5366/5366/5366 5363/5363/5363
f 5358/5358/5358 5363/5363/5363 5362/5362/5362
f 5364/5364/5364 5370/5370/5370 5363/5363/5363
f 5358/5358/5358 5364/5364/5364 5363/5363/5363
f 5372/5372/5372 5373/5373/5373 5374/5374/5374
f 5375/5375/5375 5373/5373/5373 5372/5372/5372
f 5376/5376/5376 5377/5377/5377 5378/5378/5378
f 5379/5379/5379 5380/5380/5380 5381/5381/5381
f 5379/5379/5379 5381/5381/5381 5383/5383/5383
f 5382/5382/5382 5380/5380/5380 5379/5379/5379
f 5384/5384/5384 5385/5385/5385 5386/5386/5386
f 5386/5386/5386 5387/5387/5387 5384/5384/5384
f 5388/5388/5388 5389/5389/5389 5390/5390/5390
f 5391/5391/5391 5392/5392/5392 5389/5389/5389
f 5391/5391/5391 5389/5389/5389 5388/5388/5388
f 5393/5393/5393 5391/5391/5391 5388/5388/5388
f 5391/5391/5391 5396/5396/5396 5392/5392/5392
f 5395/5395/5395 5394/5394/5394 5393/5393/5393
f 5393/5393/5393 5394/5394/5394 5391/5391/5391
f 5400/5400/5400 5404/5404/5404 5403/5403/5403
f 5402/5402/5402 5401/5401/5401 5399/5399/5399
f 5400/5400/5400 5403/5403/5403 5399/5399/5399
f 5396/5396/5396 5391/5391/5391 5394/5394/5394
f 5401/5401/5401 5397/5397/5397 5399/5399/5399
f 5398/5398/5398 5400/5400/5400 5399/5399/5399
f 5394/5394/5394 5397/5397/5397 5396/5396/5396
f 5398/5398/5398 5397/5397/5397 5394/5394/5394
f 5398/5398/5398 5399/5399/5399 5397/5397/5397
f 5405/5405/5405 5406/5406/5406 5407/5407/5407
f 5405/5405/5405 5408/5408/5408 5406/5406/5406
f 5409/5409/5409 5410/5410/5410 5411/5411/5411
f 5411/5411/5411 5413/5413/5413 5409/5409/5409
f 5409/5409/5409 5412/5412/5412 5410/5410/5410
f 5409/5409/5409 5414/5414/5414 5412/5412/5412
f 5409/5409/5409 5415/5415/5415 5414/5414/5414
f 5418/5418/5418 5417/5417/5417 5415/5415/5415
f 5417/5417/5417 5418/5418/5418 5420/5420/5420
f 5414/5414/5414 5415/5415/5415 5416/5416/5416
f 5416/5416/5416 5415/5415/5415 5417/5417/5417
f 5419/5419/5419 5416/5416/5416 5417/5417/5417
f 5421/5421/5421 5422/5422/5422 5423/5423/5423
f 5424/5424/5424 5421/5421/5421 5423/5423/5423
f 5425/5425/5425 5426/5426/5426 5427/5427/5427
f 5428/5428/5428 5429/5429/5429 5430/5430/5430
f 5428/5428/5428 5431/5431/5431 5429/5429/5429
f 5428/5428/5428 5430/5430/5430 5432/5432/5432
f 5436/5436/5436 5431/5431/5431 5435/5435/5435
f 5431/5431/5431 5428/5428/5428 5435/5435/5435
f 5435/5435/5435 5437/5437/5437 5436/5436/5436
f 5428/5428/5428 5433/5433/5433 5435/5435/5435
f 5434/5434/5434 5433/5433/5433 5432/5432/5432
f 5438/5438/5438 5433/5433/5433 5434/5434/5434
f 5428/5428/5428 5432/5432/5432 5433/5433/5433
f 5439/5439/5439 5440/5440/5440 5441/5441/5441
f 5442/5442/5442 5443/5443/5443 5444/5444/5444
f 5445/5445/5445 5446/5446/5446 5447/5447/5447
f 5448/5448/5448 5449/5449/5449 5450/5450/5450
f 5451/5451/5451 5452/5452/5452 5453/5453/5453
f 5454/5454/5454 5452/5452/5452 5451/5451/5451
f 5454/5454/5454 5451/5451/5451 5455/5455/5455
f 5451/5451/5451 5456/5456/5456 5455/5455/5455
f 5455/5455/5455 5456/5456/5456 5457/5457/5457
f 5457/5457/5457 5456/5456/5456 5458/5458/5458
f 5457/5457/5457 5458/5458/5458 5459/5459/5459
f 5460/5460/5460 5461/5461/5461 5462/5462/5462
f 5460/5460/5460 5462/5462/5462 5463/5463/5463
f 5464/5464/5464 5465/5465/5465 5466/5466/5466
f 5482/5482/5482 5473/5473/5473 5470/5470/5470
f 5482/5482/5482 5483/5483/5483 5473/5473/5473
f 5470/5470/5470 5469/5469/5469 5466/5466/5466
f 5470/5470/5470 5473/5473/5473 5469/5469/5469
f 5468/5468/5468 5466/5466/5466 5469/5469/5469
f 5466/5466/5466 5468/5468/5468 5467/5467/5467
f 5479/5479/5479 5478/5478/5478 5475/5475/5475
f 5472/5472/5472 5469/5469/5469 5473/5473/5473
f 5467/5467/5467 5464/5464/5464 5466/5466/5466
f 5477/5477/5477 5476/5476/5476 5475/5475/5475
f 5469/5469/5469 5472/5472/5472 5471/5471/5471
f 5477/5477/5477 5475/5475/5475 5478/5478/5478
f 5468/5468/5468 5469/5469/5469 5471/5471/5471
f 5472/5472/5472 5474/5474/5474 5471/5471/5471
f 5475/5475/5475 5476/5476/5476 5474/5474/5474
f 5475/5475/5475 5474/5474/5474 5472/5472/5472
f 5478/5478/5478 5481/5481/5481 5480/5480/5480
f 5477/5477/5477 5478/5478/5478 5480/5480/5480
f 5484/5484/5484 5485/5485/5485 5486/5486/5486
f 5486/5486/5486 5488/5488/5488 5487/5487/5487
f 5488/5488/5488 5490/5490/5490 5489/5489/5489
f 5488/5488/5488 5489/5489/5489 5487/5487/5487
f 5489/5489/5489 5490/5490/5490 5491/5491/5491
f 5486/5486/5486 5487/5487/5487 5484/5484/5484
f 5492/5492/5492 5493/5493/5493 5494/5494/5494
f 5495/5495/5495 5492/5492/5492 5494/5494/5494
f 5496/5496/5496 5492/5492/5492 5495/5495/5495
f 5497/5497/5497 5498/5498/5498 5499/5499/5499
f 5497/5497/5497 5501/5501/5501 5500/5500/5500
f 5500/5500/5500 5501/5501/5501 5503/5503/5503
f 5498/5498/5498 5497/5497/5497 5500/5500/5500
f 5502/5502/5502 5500/5500/5500 5503/5503/5503
f 5498/5498/5498 5500/5500/5500 5502/5502/5502
f 5504/5504/5504 5505/5505/5505 5506/5506/5506
f 5504/5504/5504 5506/5506/5506 5508/5508/5508
f 5508/5508/5508 5509/5509/5509 5504/5504/5504
f 5510/5510/5510 5509/5509/5509 5508/5508/5508
f 5504/5504/5504 5507/5507/5507 5505/5505/5505
f 5509/5509/5509 5507/5507/5507 5504/5504/5504
f 5510/5510/5510 5511/5511/5511 5509/5509/5509
f 5512/5512/5512 5513/5513/5513 5514/5514/5514
f 5515/5515/5515 5513/5513/5513 5512/5512/5512
f 5516/5516/5516 5515/5515/5515 5512/5512/5512
f 5516/5516/5516 5517/5517/5517 5515/5515/5515
f 5518/5518/5518 5517/5517/5517 5516/5516/5516
f 5521/5521/5521 5519/5519/5519 5520/5520/5520
f 5519/5519/5519 5517/5517/5517 5518/5518/5518
f 5520/5520/5520 5519/5519/5519 5518/5518/5518
f 5522/5522/5522 5523/5523/5523 5524/5524/5524
f 5528/5528/5528 5523/5523/5523 5539/5539/5539
f 5524/5524/5524 5523/5523/5523 5525/5525/5525
f 5523/5523/5523 5526/5526/5526 5525/5525/5525
f 5528/5528/5528 5527/5527/5527 5523/5523/5523
f 5523/5523/5523 5527/5527/5527 5526/5526/5526
f 5529/5529/5529 5526/5526/5526 5527/5527/5527
f 5527/5527/5527 5528/5528/5528 5530/5530/5530
f 5530/5530/5530 5529/5529/5529 5527/5527/5527
f 5533/5533/5533 5535/5535/5535 5529/5529/5529
f 5529/5529/5529 5530/5530/5530 5531/5531/5531
f 5531/5531/5531 5533/5533/5533 5529/5529/5529
f 5531/5531/5531 5534/5534/5534 5533/5533/5533
f 5531/5531/5531 5530/5530/5530 5532/5532/5532
f 5530/5530/5530 5537/5537/5537 5532/5532/5532
f 5536/5536/5536 5534/5534/5534 5531/5531/5531
f 5532/5532/5532 5537/5537/5537 5538/5538/5538
f 5540/5540/5540 5541/5541/5541 5542/5542/5542
f 5540/5540/5540 5542/5542/5542 5544/5544/5544
f 5546/5546/5546 5545/5545/5545 5544/5544/5544
f 5544/5544/5544 5545/5545/5545 5540/5540/5540
f 5547/5547/5547 5545/5545/5545 5546/5546/5546
f 5543/5543/5543 5541/5541/5541 5540/5540/5540
f 5547/5547/5547 5546/5546/5546 5549/5549/5549
f 5546/5546/5546 5544/5544/5544 5548/5548/5548
f 5549/5549/5549 5546/5546/5546 5548/5548/5548
f 5550/5550/5550 5551/5551/5551 5552/5552/5552
f 5553/5553/5553 5555/5555/5555 5554/5554/5554
f 5554/5554/5554 5551/5551/5551 5553/5553/5553
f 5553/5553/5553 5551/5551/5551 5550/5550/5550
f 5556/5556/5556 5557/5557/5557 5558/5558/5558
f 5559/5559/5559 5558/5558/5558 5560/5560/5560
f 5556/5556/5556 5558/5558/5558 5559/5559/5559
f 5561/5561/5561 5562/5562/5562 5563/5563/5563
f 5564/5564/5564 5563/5563/5563 5562/5562/5562
f 5565/5565/5565 5563/5563/5563 5564/5564/5564
f 5566/5566/5566 5563/5563/5563 5565/5565/5565
f 5567/5567/5567 5568/5568/5568 5569/5569/5569
f 5570/5570/5570 5568/5568/5568 5567/5567/5567
f 5578/5578/5578 5575/5575/5575 5571/5571/5571
f 5568/5568/5568 5570/5570/5570 5571/5571/5571
f 5580/5580/5580 5578/5578/5578 5571/5571/5571
f 5578/5578/5578 5579/5579/5579 5575/5575/5575
f 5568/5568/5568 5571/5571/5571 5572/5572/5572
f 5568/5568/5568 5572/5572/5572 5574/5574/5574
f 5573/5573/5573 5571/5571/5571 5575/5575/5575
f 5572/5572/5572 5571/5571/5571 5573/5573/5573
f 5573/5573/5573 5576/5576/5576 5572/5572/5572
f 5581/5581/5581 5578/5578/5578 5580/5580/5580
f 5576/5576/5576 5573/5573/5573 5577/5577/5577
f 5582/5582/5582 5583/5583/5583 5578/5578/5578
f 5578/5578/5578 5581/5581/5581 5582/5582/5582
f 5584/5584/5584 5585/5585/5585 5586/5586/5586
f 5584/5584/5584 5586/5586/5586 5587/5587/5587
f 5587/5587/5587 5589/5589/5589 5584/5584/5584
f 5587/5587/5587 5586/5586/5586 5588/5588/5588
f 5592/5592/5592 5593/5593/5593 5588/5588/5588
f 5588/5588/5588 5586/5586/5586 5590/5590/5590
f 5592/5592/5592 5588/5588/5588 5590/5590/5590
f 5597/5597/5597 5594/5594/5594 5591/5591/5591
f 5596/5596/5596 5594/5594/5594 5597/5597/5597
f 5590/5590/5590 5586/5586/5586 5591/5591/5591
f 5594/5594/5594 5590/5590/5590 5591/5591/5591
f 5595/5595/5595 5594/5594/5594 5596/5596/5596
f 5595/5595/5595 5592/5592/5592 5594/5594/5594
f 5592/5592/5592 5590/5590/5590 5594/5594/5594
f 5598/5598/5598 5599/5599/5599 5600/5600/5600
f 5601/5601/5601 5599/5599/5599 5598/5598/5598
f 5598/5598/5598 5600/5600/5600 5602/5602/5602
f 5602/5602/5602 5600/5600/5600 5603/5603/5603
f 5605/5605/5605 5599/5599/5599 5601/5601/5601
f 5603/5603/5603 5604/5604/5604 5602/5602/5602
f 5606/5606/5606 5607/5607/5607 5608/5608/5608
f 5606/5606/5606 5608/5608/5608 5610/5610/5610
f 5607/5607/5607 5609/5609/5609 5608/5608/5608
f 5606/5606/5606 5610/5610/5610 5611/5611/5611
f 5614/5614/5614 5609/5609/5609 5607/5607/5607
f 5606/5606/5606 5611/5611/5611 5612/5612/5612
f 5613/5613/5613 5612/5612/5612 5611/5611/5611
f 5615/5615/5615 5616/5616/5616 5617/5617/5617
f 5615/5615/5615 5618/5618/5618 5616/5616/5616
f 5619/5619/5619 5617/5617/5617 5616/5616/5616
f 5616/5616/5616 5620/5620/5620 5619/5619/5619
f 5621/5621/5621 5619/5619/5619 5620/5620/5620
f 5621/5621/5621 5622/5622/5622 5619/5619/5619
f 5623/5623/5623 5624/5624/5624 5625/5625/5625
f 5624/5624/5624 5623/5623/5623 5626/5626/5626
f 5623/5623/5623 5627/5627/5627 5629/5629/5629
f 5623/5623/5623 5629/5629/5629 5626/5626/5626
f 5630/5630/5630 5626/5626/5626 5629/5629/5629
f 5625/5625/5625 5628/5628/5628 5627/5627/5627
f 5624/5624/5624 5626/5626/5626 5631/5631/5631
f 5623/5623/5623 5625/5625/5625 5627/5627/5627
f 5630/5630/5630 5631/5631/5631 5626/5626/5626
f 5631/5631/5631 5630/5630/5630 5632/5632/5632
f 5630/5630/5630 5633/5633/5633 5632/5632/5632
f 5634/5634/5634 5635/5635/5635 5636/5636/5636
f 5645/5645/5645 5644/5644/5644 5642/5642/5642
f 5635/5635/5635 5638/5638/5638 5636/5636/5636
f 5634/5634/5634 5637/5637/5637 5635/5635/5635
f 5638/5638/5638 5635/5635/5635 5639/5639/5639
f 5635/5635/5635 5641/5641/5641 5640/5640/5640
f 5644/5644/5644 5643/5643/5643 5642/5642/5642
f 5641/5641/5641 5642/5642/5642 5640/5640/5640
f 5635/5635/5635 5640/5640/5640 5639/5639/5639
f 5640/5640/5640 5642/5642/5642 5643/5643/5643
f 5646/5646/5646 5647/5647/5647 5648/5648/5648
f 5647/5647/5647 5646/5646/5646 5649/5649/5649
f 5648/5648/5648 5647/5647/5647 5650/5650/5650
f 5651/5651/5651 5648/5648/5648 5650/5650/5650
f 5652/5652/5652 5651/5651/5651 5650/5650/5650
f 5652/5652/5652 5654/5654/5654 5653/5653/5653
f 5652/5652/5652 5653/5653/5653 5651/5651/5651
f 5655/5655/5655 5656/5656/5656 5657/5657/5657
f 5657/5657/5657 5656/5656/5656 5658/5658/5658
f 5665/5665/5665 5662/5662/5662 5663/5663/5663
f 5657/5657/5657 5659/5659/5659 5655/5655/5655
f 5662/5662/5662 5660/5660/5660 5663/5663/5663
f 5662/5662/5662 5659/5659/5659 5660/5660/5660
f 5659/5659/5659 5657/5657/5657 5660/5660/5660
f 5657/5657/5657 5658/5658/5658 5661/5661/5661
f 5663/5663/5663 5660/5660/5660 5664/5664/5664
f 5657/5657/5657 5661/5661/5661 5660/5660/5660
f 5661/5661/5661 5666/5666/5666 5660/5660/5660
f 5667/5667/5667 5668/5668/5668 5669/5669/5669
f 5668/5668/5668 5667/5667/5667 5670/5670/5670
f 5667/5667/5667 5671/5671/5671 5670/5670/5670
f 5671/5671/5671 5673/5673/5673 5670/5670/5670
f 5671/5671/5671 5667/5667/5667 5672/5672/5672
f 5673/5673/5673 5671/5671/5671 5674/5674/5674
f 5675/5675/5675 5676/5676/5676 5677/5677/5677
