# exported by v3d-codec
mtllib model.mtl
o surface_7
v -0.06618461 0.02302441 -0.19463642
v -0.09635049 0.012931913 -0.19761664
v -0.067396715 0.010665119 -0.2103696
v -0.08764917 0.026940882 -0.18697517
v -0.10519465 0.027493417 -0.17029648
v -0.07688538 0.033774823 -0.16846462
v -0.058515638 0.030870706 -0.17420268
v -0.053871658 0.026650488 -0.16343558
v -0.042853273 0.017011285 -0.17644073
v -0.043208137 0.0077094436 -0.19631466
v -0.04020071 0.012044609 -0.16293527
v -0.021474792 0.010633469 -0.17118232
v -0.0140502835 0.011098206 -0.192831
v 0.004486462 0.011550188 -0.17304654
v -0.015264252 0.019320399 -0.2226959
v 0.010924716 0.011659443 -0.2026741
v -0.036883127 0.0130493045 -0.21582627
v 0.02542786 0.009790301 -0.1728151
v 0.00694195 0.009181619 -0.16230558
v 0.02772187 0.017919123 -0.15152317
v 0.04010246 0.01233083 -0.17166354
v 0.035629597 0.020709395 -0.15632387
v 0.051354427 0.024586141 -0.15121922
v 0.056589797 0.03519261 -0.12265229
v 0.07717715 0.025544226 -0.1332257
v 0.08317816 0.009985268 -0.16053504
v 0.06532927 0.0072278082 -0.16896178
v 0.09381957 0.022172421 -0.13553455
v 0.0072072893 0.01834184 -0.16291115
v -0.15774679 0.013942093 -0.18353929
v -0.17574783 0.0077465177 -0.17907077
v -0.16090119 0.006762743 -0.19733226
v -0.14077125 0.009718299 -0.19948621
v -0.14985517 0.01105848 -0.21787843
v -0.13289851 0.016130567 -0.17992859
v -0.15773132 0.019671708 -0.16664061
v -0.12055294 0.009128362 -0.17862901
v -0.125001 0.019996911 -0.16107714
v -0.104121216 0.007201791 -0.21051049
v -0.10687688 0.0092327 -0.18119134
v -0.13116892 0.010122508 -0.22243568
v -0.09508017 0.013285488 -0.2425854
v -0.14012258 0.010637492 -0.26701266
v -0.08421125 0.00977996 -0.22481918
v -0.067396715 0.010665119 -0.2103696
v -0.09635049 0.012931913 -0.19761664
v -0.15139066 0.008161783 -0.24294442
v -0.1074347 0.010761678 -0.28038436
v -0.16311513 0.012899727 -0.23088609
v -0.105658785 0.0155412555 -0.16344564
v -0.11429043 0.013392746 -0.15682824
v -0.12491953 0.014905721 -0.1470089
v -0.14666419 0.024906635 -0.15470074
v -0.16287598 0.017705798 -0.13947357
v -0.16599578 0.027935266 -0.15119188
v -0.16367264 0.02558133 -0.1493888
v -0.10519465 0.027493417 -0.17029648
v -0.16638671 0.010750055 -0.22904298
v -0.3201963 0.009128362 -0.06509407
v -0.3251252 0.012534887 -0.084433645
v -0.30564287 0.008439362 -0.073494256
v -0.2813004 0.013883501 -0.06925275
v -0.2796797 0.01906985 -0.07798981
v -0.24806754 0.013600379 -0.09511222
v -0.25162607 0.013123393 -0.08450348
v -0.22425002 0.010153651 -0.1098064
v -0.24373496 0.010731727 -0.12272954
v -0.26093432 0.013065785 -0.10018045
v -0.22582261 0.012541056 -0.1447366
v -0.1951319 0.008918226 -0.13524021
v -0.18919893 0.011443883 -0.1501029
v -0.18158796 0.002203524 -0.14764392
v -0.20405996 0.00973466 -0.17135456
v -0.23144314 0.010198474 -0.17508435
v -0.17574783 0.0077465177 -0.17907077
v -0.17535754 0.0061678886 -0.1621614
v -0.15774679 0.013942093 -0.18353929
v -0.1628689 0.0051952004 -0.16483979
v -0.15773132 0.019671708 -0.16664061
v -0.16590358 0.0132805705 -0.23850968
v -0.15139066 0.008161783 -0.24294442
v -0.16638671 0.010750055 -0.22904298
v -0.18098268 0.0112039745 -0.23653513
v -0.18242307 0.012310028 -0.20891546
v -0.19930768 0.008681536 -0.2028105
v -0.2055968 0.014787376 -0.21589595
v -0.20102906 0.012155771 -0.18731442
v -0.21886362 0.010681331 -0.19951867
v -0.21602005 0.02645719 -0.2253276
v -0.2320002 0.010899276 -0.1926715
v -0.26188916 0.0077812076 -0.11384139
v -0.2764051 0.022302598 -0.118665785
v -0.25741145 0.017056823 -0.124433205
v -0.28399903 0.027135909 -0.09968104
v -0.18968216 0.012285858 -0.17329006
v -0.20405996 0.00973466 -0.17135456
v -0.20102906 0.012155771 -0.18731442
v -0.19930768 0.008681536 -0.2028105
v -0.20102906 0.012155771 -0.18731442
v -0.20405996 0.00973466 -0.17135456
v -0.30686286 0.91488564 -0.030057784
v -0.31105864 0.9232626 -0.018204903
v -0.3023149 0.94086343 -0.019905698
v -0.29628846 0.9002125 -0.015163908
v -0.28989613 0.89520276 -0.028628021
v -0.27868414 0.8648999 -0.033402506
v -0.30135855 0.011099756 -0.070545815
v -0.3201963 0.009128362 -0.06509407
v -0.2813004 0.013883501 -0.06925275
v -0.3251252 0.012534887 -0.084433645
v -0.25087178 0.022523552 -0.08316279
v -0.25819528 0.02142942 -0.084714524
v -0.24986793 0.028481483 -0.080506176
v -0.25255913 0.01998663 -0.084983006
v -0.24806754 0.013600379 -0.09511222
v -0.24099971 0.02014172 -0.092726246
v -0.22618906 0.016488373 -0.113225944
v -0.2796797 0.01906985 -0.07798981
v -0.2799824 0.023402333 -0.065359354
v -0.26649553 0.027400374 -0.06945966
v -0.30135855 0.011099756 -0.070545815
v -0.30564287 0.008439362 -0.073494256
v -0.25435066 0.020935804 -0.08038362
v -0.3251252 0.012534887 -0.084433645
v -0.30985528 0.49091768 0.022974452
v -0.30627045 0.46801013 0.014951657
v -0.31072065 0.4570982 0.017127572
v -0.30572504 0.4889773 -0.012804126
v -0.30630925 0.5128379 0.015227779
v -0.30683643 0.5383003 -0.0012431075
v -0.30477855 0.4546462 -0.005775069
v -0.30681762 0.47123432 -0.03246125
v -0.3060899 0.51209617 -0.040415823
v -0.30923885 0.52954143 -0.03179383
v -0.3090176 0.5422806 -0.037138805
v -0.3089794 0.53269327 0.025667384
v -0.30926034 0.4575078 -0.03734813
v -0.303142 0.548497 0.012290573
v -0.29682243 0.54889345 -0.015751643
v -0.29788777 0.54957515 -0.033050742
v -0.28940114 0.55914193 -0.007990542
v -0.28228223 0.56410396 -0.017632816
v -0.2971041 0.571342 -0.014340164
v -0.2971041 0.571342 -0.014340164
v -0.28940114 0.55914193 -0.007990542
v -0.29930082 0.58375126 -0.011158506
v -0.29321235 0.58065563 -0.008393903
v -0.2830682 0.5692885 -0.0055813165
v -0.28277466 0.5997822 -0.0100977635
v -0.2755729 0.5502509 0.011594061
v -0.2846968 0.43491113 -0.00552628
v -0.2936679 0.45312333 0.0047955597
v -0.2934804 0.4490026 -0.018554475
v -0.30477855 0.4546462 -0.005775069
v -0.30926034 0.4575078 -0.03734813
v -0.30301523 0.44961762 0.018311843
v -0.30412072 0.46736062 0.025190275
v -0.31072065 0.4570982 0.017127572
v -0.30985528 0.49091768 0.022974452
v -0.29936326 0.45435047 0.025574535
v -0.26085183 0.45292568 0.006385211
v -0.28081286 0.44644547 0.0071413005
v -0.26483518 0.44056717 0.00016772398
v -0.27409968 0.45384002 0.020164374
v -0.2936679 0.45312333 0.0047955597
v -0.29936326 0.45435047 0.025574535
v -0.2846968 0.43491113 -0.00552628
v -0.26747254 0.42341408 0.00016966974
v -0.30301523 0.44961762 0.018311843
v -0.30477855 0.4546462 -0.005775069
v -0.31072065 0.4570982 0.017127572
v -0.26098105 0.4114735 0.0013569235
v -0.27104142 0.41541898 0.0009159576
v -0.27055585 0.4079327 -0.00028798403
v -0.2430909 0.4053398 0.00838263
v -0.26747254 0.42341408 0.00016966974
v -0.25961876 0.4223873 0.0021838502
v -0.2846968 0.43491113 -0.00552628
v -0.25539523 0.39503995 -0.0015155468
v -0.22801587 0.38877985 0.0035586534
v -0.20774741 0.3953534 0.0124703385
v -0.20129275 0.38912413 0.007980667
v -0.28081286 0.44644547 0.0071413005
v -0.22196662 0.386142 -0.008024707
v -0.23621555 0.39993262 0.00067909947
v -0.23317274 1.0015408 -0.021341406
v -0.2533549 0.99434876 -0.029621407
v -0.25204164 0.9902451 -0.016281616
v -0.2697039 0.98471326 -0.024383547
v -0.28001696 0.95952094 -0.016634803
v -0.2827577 0.958902 -0.027804796
v -0.29256353 0.9346558 -0.024463532
v -0.28176787 0.9209367 -0.014193237
v -0.24611929 0.9624038 -0.011079358
v -0.25284642 0.9086108 -0.012155114
v -0.29628846 0.9002125 -0.015163908
v -0.3023149 0.94086343 -0.019905698
v -0.31105864 0.9232626 -0.018204903
v -0.226297 0.96960104 -0.020429967
v -0.23158465 0.92694235 -0.024139518
v -0.27868414 0.8648999 -0.033402506
v -0.21658985 0.9357857 -0.02589691
v -0.23158465 0.92694235 -0.024139518
v -0.23174232 0.91870904 -0.017629638
v -0.25284642 0.9086108 -0.012155114
v -0.2022514 0.9426311 -0.021398464
v -0.2299753 0.9033808 -0.014214419
v -0.21266295 0.90973043 -0.014730925
v -0.23226288 0.88277936 -0.017397828
v -0.19929707 0.9259665 -0.021852212
v -0.21123633 0.89825046 -0.02204903
v -0.24101964 0.87404776 -0.0064324494
v -0.25013807 0.8656043 0.0051893005
v -0.23051977 0.86623716 -0.01603053
v -0.27617916 0.86355376 0.00038620364
v -0.3086718 0.8532806 -0.021902079
v -0.30861327 0.8384546 -0.023758013
v -0.30185106 0.8388769 -0.0043603117
v -0.29987463 0.8402375 -0.044735372
v -0.29780155 0.8259897 -0.0010122284
v -0.30044982 0.8542956 -0.0020342004
v -0.28988507 0.84328055 0.014938689
v -0.29862392 0.82614124 -0.041882552
v -0.2901958 0.8238936 -0.02760474
v -0.28477308 0.8253072 0.002427224
v -0.28599918 0.82621646 -0.047069944
v -0.2744426 0.83032155 -0.064400785
v -0.2767786 0.818245 -0.05086322
v -0.29385832 0.84050596 -0.057829548
v -0.25900865 0.834223 -0.063328795
v -0.28986737 0.8564105 -0.05548682
v -0.29965165 0.8565408 -0.032348372
v -0.2708003 0.83018976 0.01987976
v -0.26281425 0.8268818 0.011070045
v -0.28856483 0.45924562 -0.035820533
v -0.30926034 0.4575078 -0.03734813
v -0.3060899 0.51209617 -0.040415823
v -0.27692047 0.5280449 -0.039008565
v -0.30022988 0.537617 -0.042961787
v -0.24836364 0.47378823 -0.040958866
v -0.24784338 0.5273486 -0.043210134
v -0.2734143 0.45659578 -0.037611082
v -0.25277534 0.45085987 -0.038581345
v -0.26610535 0.5443178 -0.036869444
v -0.24330452 0.5104027 -0.041366898
v -0.23935099 0.5327566 -0.039891087
v -0.24634999 0.5399391 -0.045485284
v -0.3090176 0.5422806 -0.037138805
v -0.29965165 0.8565408 -0.032348372
v -0.29987463 0.8402375 -0.044735372
v -0.3086718 0.8532806 -0.021902079
v -0.24122712 0.86319125 0.01560326
v -0.22735672 0.8585881 0.013998854
v -0.21861827 0.8636183 -0.0037360643
v -0.23051977 0.86623716 -0.01603053
v -0.25013807 0.8656043 0.0051893005
v -0.2167596 0.8637106 -0.038293283
v -0.20975229 0.85762435 -0.022758098
v -0.23368151 0.86519516 -0.038635224
v -0.27617916 0.86355376 0.00038620364
v -0.26122555 0.85763234 0.025528545
v -0.28343883 0.8563695 0.016654471
v -0.30044982 0.8542956 -0.0020342004
v -0.29965165 0.8565408 -0.032348372
v -0.27868414 0.8648999 -0.033402506
v -0.28986737 0.8564105 -0.05548682
v -0.265608 0.858891 -0.067765385
v -0.3086718 0.8532806 -0.021902079
v -0.24391471 0.8622622 -0.060327612
v -0.2247317 0.8624886 -0.05710203
v -0.25969633 0.88022846 -0.04210687
v -0.27617916 0.86355376 0.00038620364
v -0.25284642 0.9086108 -0.012155114
v -0.27868414 0.8648999 -0.033402506
v -0.30686286 0.91488564 -0.030057784
v -0.3023149 0.94086343 -0.019905698
v -0.29687178 0.9261123 -0.032450993
v -0.29256353 0.9346558 -0.024463532
v -0.28989613 0.89520276 -0.028628021
v -0.27974415 0.92736447 -0.033243522
v -0.25969633 0.88022846 -0.04210687
v -0.2827577 0.958902 -0.027804796
v -0.25356144 0.96877325 -0.035844684
v -0.2533549 0.99434876 -0.029621407
v -0.24906527 0.9364985 -0.036524817
v -0.23015235 0.9729121 -0.032464493
v -0.24694042 0.9038074 -0.032560706
v -0.23340248 0.9381319 -0.030685976
v -0.23564689 0.87907374 -0.02750155
v -0.23368151 0.86519516 -0.038635224
v -0.22936948 0.90551996 -0.030733615
v -0.21581656 0.8971214 -0.029754408
v -0.23158465 0.92694235 -0.024139518
v -0.21658985 0.9357857 -0.02589691
v -0.20411572 0.9250537 -0.02902392
v -0.2022514 0.9426311 -0.021398464
v -0.226297 0.96960104 -0.020429967
v -0.23317274 1.0015408 -0.021341406
v -0.2697039 0.98471326 -0.024383547
v -0.27868414 0.8648999 -0.033402506
v -0.24391471 0.8622622 -0.060327612
v -0.30985528 0.49091768 0.022974452
v -0.29798537 0.5117854 0.02201987
v -0.3089794 0.53269327 0.025667384
v -0.30412072 0.46736062 0.025190275
v -0.2882193 0.53611517 0.024876863
v -0.2755729 0.5502509 0.011594061
v -0.2574527 0.5281357 0.022676669
v -0.26943493 0.4997382 0.022023976
v -0.24627526 0.53749543 0.029199556
v -0.24584028 0.51957834 0.026571676
v -0.24839465 0.5474315 0.01976377
v -0.24646159 0.47509736 0.02094016
v -0.25594532 0.46594107 0.0229548
v -0.24366716 0.45811632 0.029270772
v -0.27409968 0.45384002 0.020164374
v -0.2528317 0.45228192 0.02175073
v -0.29936326 0.45435047 0.025574535
v -0.303142 0.548497 0.012290573
v -0.28940114 0.55914193 -0.007990542
v -0.30022988 0.537617 -0.042961787
v -0.3090176 0.5422806 -0.037138805
v -0.29788777 0.54957515 -0.033050742
v -0.26610535 0.5443178 -0.036869444
v -0.2620902 0.5509456 -0.029566113
v -0.24634999 0.5399391 -0.045485284
v -0.29682243 0.54889345 -0.015751643
v -0.28228223 0.56410396 -0.017632816
v -0.26745173 0.5648901 -0.0154167265
v -0.27712664 0.5741157 -0.012519052
v -0.25480637 0.54900986 -0.016388563
v -0.24256843 0.5440344 -0.033506043
v -0.24496926 0.54050225 -0.017139765
v -0.23935099 0.5327566 -0.039891087
v -0.24583331 0.5405888 0.0020213365
v -0.26324528 0.5562373 -0.0033727796
v -0.24839465 0.5474315 0.01976377
v -0.2755729 0.5502509 0.011594061
v -0.26976028 0.56738114 -0.0039505693
v -0.2830682 0.5692885 -0.0055813165
v -0.29321235 0.58065563 -0.008393903
v -0.2971041 0.571342 -0.014340164
v -0.2891354 0.588789 -0.011781412
v -0.28385526 0.595072 -0.016014287
v -0.2782933 0.59191597 -0.0075155087
v -0.29930082 0.58375126 -0.011158506
v -0.2971041 0.571342 -0.014340164
v -0.2891354 0.588789 -0.011781412
v -0.28277466 0.5997822 -0.0100977635
v -0.29321235 0.58065563 -0.008393903
v -0.2971041 0.571342 -0.014340164
v -0.27968293 0.010408342 0.13437654
v -0.27881727 0.00945583 0.1344852
v -0.2805101 0.009611011 0.13530321
v -0.28925234 0.010848314 0.13687722
v -0.2816266 0.010496378 0.13866717
v -0.28011975 0.009443045 0.13211478
v -0.2805101 0.009611011 0.13530321
v -0.2786052 0.009399384 0.11697494
v -0.26486415 0.008703679 0.121399224
v -0.27881727 0.00945583 0.1344852
v -0.26922596 0.008399576 0.092411116
v -0.2552617 0.007696867 0.1072928
v -0.29405752 0.01216504 0.11253756
v -0.28925234 0.010848314 0.13687722
v -0.2914924 0.01069352 0.08028209
v -0.2789693 0.012571514 0.064351544
v -0.2462216 0.0102594495 0.12093045
v -0.25505102 0.013687253 0.13979648
v -0.22947003 0.015982956 0.13282941
v -0.27968293 0.010408342 0.13437654
v 0.020918215 0.79666173 -0.02316716
v -0.019867444 0.79478717 -0.035895586
v -0.01939176 0.79002273 -0.02400547
v 0.22528668 0.770632 0.0013435679
v 0.2112098 0.7937205 0.009979696
v 0.20743917 0.76253164 0.010584686
v 0.22186463 0.8027799 0.0010256805
v 0.21972765 0.7453846 0.007861982
v 0.21112666 0.7343583 0.004686412
v 0.23370412 0.74143845 -0.002385579
v 0.22917499 0.7229387 0.0019780246
v 0.20652956 0.7166202 0.013703086
v 0.19318122 0.72804016 0.0121549005
v 0.22207238 0.69469863 0.009996373
v 0.20332532 0.68120795 0.014979399
v 0.2295542 0.6870144 0.0015622205
v 0.22030383 0.65370536 0.011868576
v 0.23765324 0.63231134 -0.0012105065
v 0.19969626 0.61607736 0.015404839
v 0.18596172 0.6276704 0.0072170575
v 0.22798087 0.60251236 0.005313444
v 0.21299182 0.58045954 0.0039049042
v 0.24424195 0.56961846 -0.0031060246
v 0.23443331 0.54155856 0.006285946
v 0.2560567 0.52522624 -0.0046946704
v 0.20380731 0.54011303 0.0031272452
v 0.21523227 0.5299063 0.008427609
v 0.18409231 0.5700848 0.0064409776
v 0.18768385 0.52708846 0.0064593237
v 0.17083658 0.61145955 0.0049877083
v 0.1815276 0.66690373 0.009159757
v 0.16560043 0.55172056 -0.0016536028
v 0.17282993 0.5191381 0.0014430922
v 0.15505183 0.60121953 0.012514973
v 0.15977563 0.6418818 0.01713145
v 0.14369597 0.5501069 0.010371891
v 0.14030595 0.5018129 -0.00038639642
v 0.16256718 0.6778639 0.016187161
v 0.09481662 0.47773156 0.007076855
v 0.09143436 0.44691056 0.0132580735
v 0.116179734 0.45545006 0.0065672165
v 0.09727222 0.42965657 0.011911213
v 0.13478242 0.44637984 -0.005954913
v 0.118305 0.41219693 -0.0047011655
v 0.15716033 0.49164942 -0.005277481
v 0.16075332 0.44655696 -0.0067091854
v 0.16909866 0.47549233 0.0004764502
v 0.17861521 0.49546754 0.008206835
v 0.17384173 0.43113157 0.0033609846
v 0.20143192 0.47804034 0.0011399756
v 0.20434426 0.50637734 0.0042745145
v 0.21829689 0.4960764 0.0034705321
v 0.21067254 0.50989115 0.010735642
v 0.23516327 0.50420904 0.011023365
v 0.24978137 0.50830334 0.0010753046
v 0.2378741 0.4932036 0.0014647883
v 0.25217465 0.480845 0.0038183408
v 0.24058366 0.4540851 -0.0038970574
v 0.19746362 0.42874417 -0.0017928202
v 0.2387889 0.4240372 -0.009691877
v 0.19883284 0.40398535 -0.00959594
v 0.26342475 0.3982953 -0.007040928
v 0.27648726 0.41804317 0.0005120132
v 0.28927228 0.36618903 -0.0009917147
v 0.27383855 0.44943327 0.0054143057
v 0.29180795 0.4151016 0.0035321796
v 0.2628233 0.4965251 0.003584642
v 0.28109753 0.4664483 -0.00018000393
v 0.3099711 0.35390955 0.0021118922
v 0.30221102 0.30736086 -0.0012922883
v 0.2695352 0.33021215 -0.001595323
v 0.3251252 0.28124774 -0.00045036292
v 0.31945905 0.2564118 -0.0011092443
v 0.3008073 0.28616738 -0.008379121
v 0.2790587 0.30086184 -0.0077688973
v 0.26479486 0.3056782 -0.00542086
v 0.25236195 0.32515383 -0.00834464
v 0.26038775 0.35277838 -0.0060695317
v 0.23832136 0.3367006 -0.0119590415
v 0.2540756 0.3766688 -0.010995921
v 0.18314485 0.3879865 -0.004257231
v 0.16941176 0.3745713 -0.002610195
v 0.1803803 0.36772513 -0.009232767
v 0.15420614 0.40271297 -0.008574462
v 0.14600477 0.36558497 -0.01192949
v 0.16794987 0.34673128 -0.0067675076
v 0.10038008 0.3652342 -0.006309091
v 0.07456064 0.39620242 0.009853158
v 0.12581602 0.34185573 -0.013162084
v 0.14978655 0.33653817 -0.01508132
v 0.08381914 0.3424167 -0.005628164
v 0.05345627 0.3518723 0.0016891742
v 0.048107307 0.33872697 -0.0031013954
v 0.032537725 0.34506172 0.0029123286
v 0.037749294 0.363688 0.000546067
v 0.037526775 0.3305375 -0.004717623
v 0.024404556 0.32975835 0.0011138192
v 0.047362976 0.3701015 0.0034944932
v 0.06561662 0.40610838 0.013989004
v 0.03550667 0.36928353 0.0053038453
v 0.17449135 0.33232856 -0.0047931047
v 0.18713424 0.34365666 -0.009060972
v 0.1831304 0.33062214 -0.014879424
v -0.21509176 0.8112578 0.01756917
v -0.21059391 0.78917205 0.010252494
v -0.2029619 0.7957581 0.018981222
v -0.1923249 0.7860529 0.004673506
v -0.20008461 0.81596863 0.021219667
v -0.19031875 0.8157167 0.0184189
v -0.1904401 0.7968036 0.013624647
v -0.18422933 0.7658651 0.0009859446
v -0.17024325 0.7827201 -0.0077430336
v -0.20613648 0.7571042 0.0024346903
v -0.17143556 0.6950963 0.0023055957
v -0.18733625 0.66655934 -0.0011739391
v -0.1372008 0.7302421 -0.0049299616
v -0.10983418 0.68320435 -0.0010843333
v -0.13097349 0.77266586 -0.0104432525
v -0.09921402 0.72454304 -0.003912409
v -0.14376807 0.7855442 -0.013557848
v -0.11014156 0.77706254 -0.017666532
v -0.073724546 0.7443151 -0.013523225
v -0.07303786 0.78042376 -0.022787398
v -0.04255688 0.78140867 -0.021482881
v -0.02005285 0.74837124 -0.0135541
v -0.055362057 0.7872209 -0.024629446
v -0.008896703 0.70592797 -0.008020791
v -0.009732677 0.7813183 -0.01996061
v 0.030233677 0.7653929 -0.009661299
v -0.01939176 0.79002273 -0.02400547
v 0.020918215 0.79666173 -0.02316716
v 0.08214074 0.7912462 -0.0064776884
v 0.05580969 0.7480011 -0.00861217
v 0.090317115 0.8235284 -0.010962451
v 0.11741391 0.8168031 0.0015965463
v 0.13232902 0.8460968 0.007852264
v 0.1315699 0.78382146 0.004365484
v 0.10015131 0.7511119 -0.0016653636
v 0.16875741 0.8370329 0.015549267
v 0.17822905 0.7949648 0.013821496
v 0.17464024 0.8645437 0.0143150715
v 0.14291573 0.86874795 0.01534844
v 0.18980235 0.86270785 0.021831155
v 0.2042116 0.8419844 0.018594433
v 0.18344103 0.8841186 0.013761537
v 0.21328597 0.8574898 0.019163392
v 0.2142232 0.8760021 0.00925204
v 0.2180599 0.9008862 0.007906353
v 0.17939551 0.90610313 0.0034550936
v 0.23182422 0.8909101 0.0022822479
v 0.22426355 0.86498845 0.0019532384
v 0.2477119 0.90917546 0.0056414846
v 0.26063454 0.90183675 -0.00007229927
v 0.22837846 0.9173554 0.0050101387
v 0.25800002 0.91956747 0.0014002139
v 0.27210045 0.9119104 0.0027564047
v 0.12684742 0.89999783 -0.0025508977
v 0.11751185 0.88119733 0.0084025515
v 0.10789131 0.8621701 0.010409819
v 0.052861646 0.85494685 0.0011666471
v 0.055695638 0.8398653 0.01150236
v 0.03738664 0.8301004 0.0038913493
v 0.10225148 0.8400315 0.005359591
v 0.06840346 0.8270037 0.0057554515
v 0.036820967 0.822511 0.011971407
v 0.021958519 0.810434 0.010511875
v 0.0075859856 0.8295423 0.003260897
v 0.035556495 0.81932205 0.0029839696
v -0.015748117 0.82224894 0.0025076396
v 0.22104216 0.8329859 0.009609304
v 0.2112098 0.7937205 0.009979696
v 0.19631895 0.7609364 0.008979045
v 0.17037526 0.7448592 0.009672975
v 0.20743917 0.76253164 0.010584686
v 0.20949048 0.750014 0.00071608997
v 0.1343464 0.5828012 0.017996062
v 0.14369597 0.5501069 0.010371891
v 0.15505183 0.60121953 0.012514973
v 0.119326904 0.5334473 0.011076069
v 0.13750634 0.61839914 0.016662452
v 0.11570375 0.59275794 0.007384806
v 0.15977563 0.6418818 0.01713145
v 0.16256718 0.6778639 0.016187161
v 0.13896166 0.67784095 0.010799263
v 0.19318122 0.72804016 0.0121549005
v 0.123911604 0.7229633 0.010683369
v 0.14733224 0.75428987 0.014666411
v 0.11464292 0.6711758 0.014088311
v 0.09070404 0.6312276 0.012346968
v 0.07974788 0.682822 0.0049266806
v 0.09970222 0.710732 0.004308433
v 0.037718773 0.6609516 0.0072499476
v 0.053659305 0.7093284 0.003295592
v 0.05792474 0.6205228 0.008536913
v 0.0051042465 0.6097455 0.012081493
v 0.052095655 0.5688072 0.013062024
v 0.073799975 0.56386906 0.013586161
v 0.04070162 0.5223659 0.013276692
v 0.086436436 0.5640962 0.0066388743
v 0.110739246 0.55026966 0.0129314605
v 0.06811052 0.5228906 0.008277274
v 0.06262884 0.48818636 0.011200287
v 0.09481662 0.47773156 0.007076855
v 0.017138457 0.4148059 0.00078458013
v 0.032660678 0.39090002 0.0020950162
v 0.09143436 0.44691056 0.0132580735
v 0.024404556 0.32975835 0.0011138192
v 0.032537725 0.34506172 0.0029123286
v 0.012988858 0.34259552 -0.004642045
v 0.021601964 0.35102487 0.0037444928
v 0.016076759 0.33059412 -0.007951255
v -0.016040111 0.33443224 -0.005714901
v 0.0020153932 0.35596618 -0.0030408395
v 0.0163968 0.36291286 -0.002194345
v -0.025828555 0.34985995 0.0020536906
v -0.010311178 0.38163164 0.005140535
v -0.052101266 0.34248966 -0.0005809874
v -0.05367509 0.36666176 0.005659502
v -0.087382056 0.36226445 0.00009546941
v -0.088907704 0.38404703 0.003084337
v -0.108432785 0.38101012 -0.0039756573
v -0.067890055 0.42466122 0.0074932813
v -0.03455466 0.40661955 0.0042027165
v -0.09776896 0.40874788 -0.0004606056
v -0.10209439 0.43858844 0.004698646
v -0.11776307 0.41911116 -0.0043526487
v -0.12388819 0.38425153 -0.00067302305
v -0.13290322 0.4568424 0.005148448
v -0.14240319 0.40521827 0.0060310387
v -0.087741055 0.47252297 0.01159858
v -0.1062067 0.5161515 0.011393437
v -0.08043383 0.5036207 0.0059031434
v -0.13768657 0.54089934 0.0075206067
v -0.092335805 0.55151993 0.00026662066
v -0.16008219 0.45704782 0.007090901
v -0.16530126 0.55902374 -0.0014317431
v -0.15771396 0.40423703 0.013255411
v -0.14242129 0.38140547 0.010195762
v -0.15675634 0.3790738 0.02164892
v -0.1276978 0.3708682 -0.00027160207
v -0.14626336 0.3601806 0.008810649
v -0.11566962 0.37247437 -0.011523546
v -0.1580154 0.36573845 0.013222475
v -0.16254076 0.38504183 0.015820704
v -0.16382538 0.60321224 0.0059901467
v -0.12221898 0.6116475 -0.0019713743
v -0.14393434 0.67240787 0.0023658972
v -0.09858593 0.6294184 0.00440294
v -0.06876166 0.5627645 0.008983087
v -0.057101235 0.63606614 0.0056215515
v -0.06851654 0.589917 0.0069740377
v -0.05062378 0.6944661 -0.0014179433
v -0.014621884 0.65927005 0.006967773
v 0.032263044 0.70301336 -0.0027854051
v 0.020262577 0.7354546 -0.011676865
v 0.082048744 0.7556894 -0.0015392844
v 0.081256084 0.7208764 0.0000334878
v -0.03145638 0.57873875 0.008357353
v 0.009134866 0.54386693 0.013579799
v -0.017680502 0.5155461 0.013081746
v -0.022774067 0.44802362 0.004888419
v -0.056025904 0.47277367 0.006794926
v -0.052013315 0.50952375 0.011015226
v 0.015577663 0.37447262 -0.004716696
v -0.03526637 0.5607326 0.0057540294
v -0.046489608 0.5672059 0.0051043644
v 0.023754332 0.36717743 0.0036689953
v 0.03550667 0.36928353 0.0053038453
v 0.06561662 0.40610838 0.013989004
v -0.28343883 0.8563695 0.016654471
v -0.30044982 0.8542956 -0.0020342004
v -0.28988507 0.84328055 0.014938689
v -0.25651044 0.8460716 0.024737613
v -0.26122555 0.85763234 0.025528545
v -0.2708003 0.83018976 0.01987976
v -0.29780155 0.8259897 -0.0010122284
v -0.24131635 0.8304604 0.014556867
v -0.22755657 0.8416352 0.01312411
v -0.26281425 0.8268818 0.011070045
v -0.25337988 0.8122294 0.00927281
v -0.22512673 0.83114123 0.00039072032
v -0.27465594 0.81422 0.0049915724
v -0.2678212 0.8000555 0.0045332815
v -0.24638522 0.8024607 0.010581762
v -0.27176642 0.7953379 0.009777505
v -0.226441 0.79870737 0.0065866536
v -0.24467403 0.79719365 0.017760739
v -0.22205712 0.8162116 0.004614756
v -0.21380849 0.7946164 0.003910676
v -0.2208567 0.7882216 -0.00554052
v -0.24005544 0.7808039 0.012966335
v -0.2312316 0.7677586 0.004812308
v -0.25350872 0.7692492 0.0140210865
v -0.25677645 0.78666127 0.01320921
v -0.22735672 0.8585881 0.013998854
v -0.24122712 0.86319125 0.01560326
v -0.21509176 0.8112578 0.01756917
v -0.21059391 0.78917205 0.010252494
v -0.20613648 0.7571042 0.0024346903
v -0.21197198 0.83025736 0.011061918
v -0.20008461 0.81596863 0.021219667
v -0.19520068 0.83207124 0.0113102365
v -0.19031875 0.8157167 0.0184189
v -0.2544611 0.7615584 0.0034476414
v -0.23032105 0.76242846 -0.0045836726
v -0.23971425 0.7363026 0.0004207173
v -0.2245685 0.74705726 -0.007157839
v -0.21707132 0.7040008 -0.009480741
v -0.229202 0.68230313 -0.000329616
v -0.25207448 0.70190334 -0.0030392073
v -0.20901808 0.6574272 -0.011438446
v -0.21646705 0.64043194 -0.0034032678
v -0.23466383 0.6547664 0.00082730455
v -0.2009237 0.6001684 -0.011256267
v -0.21262524 0.57755405 -0.0010647443
v -0.1923122 0.5485067 -0.01225798
v -0.2290831 0.61669195 0.0005725415
v -0.23553325 0.58215564 -0.0034450474
v -0.21409735 0.5386385 0.0014833414
v -0.1989838 0.5149838 -0.003045632
v -0.2055447 0.48529544 0.0015329272
v -0.1860986 0.5008072 -0.009713277
v -0.18726856 0.4631324 -0.0049107764
v -0.19579175 0.42404765 0.0015939248
v -0.18155292 0.429215 -0.0050036823
v -0.1965062 0.40612647 0.0051524537
v -0.1725942 0.4117269 -0.0061518755
v -0.17248614 0.40235427 0.004422542
v -0.18249038 0.39153212 0.0073314044
v -0.20774741 0.3953534 0.0124703385
v -0.16686366 0.38544545 -0.0010454352
v -0.19555052 0.37622118 0.008953672
v -0.20129275 0.38912413 0.007980667
v -0.2430909 0.4053398 0.00838263
v 0.032276105 0.38317096 -0.007961302
v 0.032660678 0.39090002 0.0020950162
v 0.015577663 0.37447262 -0.004716696
v 0.03550667 0.36928353 0.0053038453
v 0.032537725 0.34506172 0.0029123286
v 0.037749294 0.363688 0.000546067
v 0.03597394 0.37572938 -0.0011220826
v -0.30926034 0.4575078 -0.03734813
v -0.28856483 0.45924562 -0.035820533
v -0.2934804 0.4490026 -0.018554475
v -0.27909893 0.44050533 -0.023095317
v -0.26521093 0.44523126 -0.022221234
v -0.2734143 0.45659578 -0.037611082
v -0.2762285 0.43091798 -0.010113326
v -0.26294896 0.43717396 -0.009067128
v -0.2846968 0.43491113 -0.00552628
v -0.25540957 0.4534478 -0.021918578
v -0.25277534 0.45085987 -0.038581345
v -0.24715322 0.45856118 -0.014655499
v -0.26085183 0.45292568 0.006385211
v -0.24313952 0.45539206 0.016340807
v -0.2528317 0.45228192 0.02175073
v -0.27409968 0.45384002 0.020164374
v -0.24366716 0.45811632 0.029270772
v -0.27055585 0.4079327 -0.00028798403
v -0.2846968 0.43491113 -0.00552628
v -0.2762285 0.43091798 -0.010113326
v -0.28168848 0.013105154 0.1280367
v -0.29405752 0.01216504 0.11253756
v -0.28925234 0.010848314 0.13687722
v -0.28011975 0.009443045 0.13211478
v -0.2805101 0.009611011 0.13530321
v -0.29385832 0.84050596 -0.057829548
v -0.28986737 0.8564105 -0.05548682
v -0.27339977 0.84539163 -0.06659849
v -0.265608 0.858891 -0.067765385
v -0.2744426 0.83032155 -0.064400785
v -0.25900865 0.834223 -0.063328795
v -0.24391471 0.8622622 -0.060327612
v -0.22949404 0.8487833 -0.060569033
v -0.2247317 0.8624886 -0.05710203
v -0.22399804 0.83620393 -0.052486867
v -0.2351151 0.8304861 -0.049041517
v -0.24892132 0.8230146 -0.05870807
v -0.2314069 0.8128246 -0.049099937
v -0.2662452 0.8059298 -0.05438941
v -0.24486473 0.8035959 -0.05904746
v -0.26608557 0.78849804 -0.0622947
v -0.243572 0.7873423 -0.06471492
v -0.2250699 0.79486537 -0.057461996
v -0.25991967 0.7723661 -0.06348597
v -0.24141559 0.7688001 -0.062032722
v -0.25232512 0.764676 -0.055791147
v -0.22743149 0.7828396 -0.05411772
v -0.22425857 0.7645922 -0.04624595
v -0.24338955 0.7469574 -0.053889614
v -0.22213894 0.7097071 -0.048914224
v -0.2527094 0.71214056 -0.047754224
v -0.22809482 0.6109984 -0.05221071
v -0.209165 0.6505032 -0.043734346
v -0.19944529 0.5857142 -0.04555847
v -0.19298495 0.5236834 -0.04901389
v -0.20041059 0.48082027 -0.054991208
v -0.18093346 0.46865416 -0.04399446
v -0.22101246 0.48950896 -0.05041524
v -0.20306861 0.42532653 -0.054677494
v -0.1869077 0.4327171 -0.052049834
v -0.19775695 0.40573716 -0.05507057
v -0.17696926 0.40611127 -0.052577578
v -0.21729447 0.3952303 -0.048996408
v -0.19056284 0.40143728 -0.06084446
v -0.17027982 0.39436096 -0.05047489
v -0.19061984 0.3839135 -0.06352318
v -0.16826837 0.38860202 -0.057759475
v -0.18466224 0.37546307 -0.060762316
v -0.21463102 0.36933094 -0.05966349
v -0.15891142 0.38415015 -0.050713398
v -0.19509326 0.35895908 -0.059805803
v -0.21889743 0.35874623 -0.052682303
v -0.17703247 0.3551489 -0.053200983
v -0.1867005 0.33050895 -0.06034825
v -0.18206047 0.31494474 -0.05665333
v -0.2029964 0.349847 -0.055445053
v -0.19712886 0.33456838 -0.06575445
v -0.16633308 0.3105951 -0.047800258
v -0.18090948 0.28529376 -0.055252183
v -0.16187122 0.29139882 -0.05261465
v -0.20367007 0.2962461 -0.04764487
v -0.2004159 0.3247944 -0.05477446
v -0.19349536 0.2569778 -0.05316829
v -0.17218956 0.42604095 -0.03762075
v -0.22280793 0.8270863 -0.034108464
v -0.21358684 0.8359713 -0.033420675
v -0.22005157 0.8116714 -0.03918577
v -0.21512038 0.79035634 -0.042632397
v -0.21073504 0.81245846 -0.04661006
v -0.200365 0.7875943 -0.047088057
v -0.2799824 0.023402333 -0.065359354
v -0.30135855 0.011099756 -0.070545815
v -0.2813004 0.013883501 -0.06925275
v -0.2829039 0.015851796 -0.05200695
v -0.2726077 0.035575986 -0.047595482
v -0.27360013 0.023431003 -0.030112684
v -0.27712673 0.011667401 -0.034847833
v -0.2614063 0.037584275 -0.0340577
v -0.25621375 0.035112888 -0.02551104
v -0.2629403 0.03747672 -0.045158252
v -0.25386268 0.050160825 -0.03441513
v -0.25499153 0.051874608 -0.047980726
v -0.25037915 0.051906586 -0.028651025
v -0.24690157 0.07812476 -0.053265505
v -0.23771288 0.09296036 -0.025900286
v -0.24538594 0.033141404 0.0008659747
v -0.23694135 0.10674727 -0.0429551
v -0.22757645 0.10904381 -0.02357791
v -0.2193542 0.109561026 0.013613025
v -0.2276324 0.08389902 0.018750994
v -0.21899395 0.090716004 0.028756866
v -0.20465776 0.111509025 0.036406066
v -0.21576339 0.088654846 0.038716774
v -0.21169035 0.123859406 0.011999747
v -0.21981613 0.061883897 0.031121407
v -0.20890784 0.09136233 0.059029743
v -0.19730452 0.10902694 0.06479152
v -0.18886992 0.1249015 0.05999542
v -0.19927132 0.093241215 0.081074044
v -0.18898587 0.10996997 0.0813653
v -0.1931106 0.12635577 0.025532477
v -0.25205272 0.02080059 -0.004222002
v -0.25539005 0.015373915 0.013357098
v -0.26020008 0.009574175 0.0068689147
v -0.2573326 0.022220701 -0.016737744
v -0.25557002 0.008385241 0.022720017
v -0.2699572 0.011939347 -0.020470764
v -0.28385526 0.595072 -0.016014287
v -0.29930082 0.58375126 -0.011158506
v -0.28277466 0.5997822 -0.0100977635
v -0.27456552 0.5972549 -0.019771555
v -0.26472542 0.5956247 -0.015462998
v -0.280109 0.6003622 -0.027047493
v -0.2755267 0.61176825 -0.034285698
v -0.26878232 0.59819686 -0.003526431
v -0.25399706 0.5904024 -0.012904398
v -0.2845347 0.8112465 -0.011983177
v -0.28477308 0.8253072 0.002427224
v -0.2869442 0.8119174 -0.027481494
v -0.2901958 0.8238936 -0.02760474
v -0.28480986 0.7984808 -0.016373066
v -0.28071812 0.79970086 -0.037210204
v -0.28428626 0.7947171 -0.044873543
v -0.2917295 0.7920925 -0.017363997
v -0.28640327 0.7802042 -0.022208486
v -0.28083578 0.7772606 -0.044537008
v -0.2852646 0.7668457 -0.03278895
v -0.28376338 0.7658542 -0.014906522
v -0.28239122 0.7429202 -0.031708766
v -0.2937349 0.020373195 0.12322401
v -0.29405752 0.01216504 0.11253756
v -0.28168848 0.013105154 0.1280367
v -0.2937349 0.020373195 0.12322401
v -0.28361845 0.012948364 0.10566512
v -0.29405752 0.01216504 0.11253756
v -0.28168848 0.013105154 0.1280367
v -0.2914924 0.01069352 0.08028209
v -0.27497482 0.01494053 0.08917107
v -0.2664703 0.011817813 0.104466826
v -0.27093905 0.013268888 0.11454048
v -0.27490288 0.014674574 0.1357243
v -0.2611128 0.02006352 0.12612848
v -0.25505102 0.013687253 0.13979648
v -0.25187945 0.0144942105 0.123410806
v -0.22947003 0.015982956 0.13282941
v -0.27690348 0.78282166 0.0006260141
v -0.2917295 0.7920925 -0.017363997
v -0.28640327 0.7802042 -0.022208486
v -0.27176642 0.7953379 0.009777505
v -0.28376338 0.7658542 -0.014906522
v -0.27016544 0.7675492 0.0058369953
v -0.26950052 0.7484337 -0.010604897
v -0.25350872 0.7692492 0.0140210865
v -0.25677645 0.78666127 0.01320921
v -0.2544611 0.7615584 0.0034476414
v -0.23971425 0.7363026 0.0004207173
v -0.25207448 0.70190334 -0.0030392073
v -0.26659834 0.7116479 -0.018126467
v -0.25512925 0.6706814 -0.009428592
v -0.28157175 0.7169755 -0.026182972
v -0.28239122 0.7429202 -0.031708766
v -0.2727143 0.68563694 -0.018677676
v -0.2829843 0.672312 -0.02469448
v -0.26416078 0.68640125 -0.02445262
v -0.28058568 0.66094655 -0.015602659
v -0.27114946 0.6492178 -0.008451814
v -0.27740613 0.6463393 -0.008546762
v -0.27673486 0.6233815 -0.0021717357
v -0.28165606 0.64010316 -0.014092714
v -0.23466383 0.6547664 0.00082730455
v -0.24854006 0.6227897 -0.010940628
v -0.2290831 0.61669195 0.0005725415
v -0.23553325 0.58215564 -0.0034450474
v -0.24397707 0.5687661 -0.013034994
v -0.24959746 0.588029 -0.019517973
v -0.22812878 0.5153689 -0.0057436805
v -0.21409735 0.5386385 0.0014833414
v -0.23891877 0.529867 -0.010526988
v -0.24496926 0.54050225 -0.017139765
v -0.23913041 0.5134187 -0.024942474
v -0.23216319 0.46900734 -0.02379173
v -0.24391013 0.52671146 -0.018363886
v -0.21705243 0.45200798 -0.004181794
v -0.21625134 0.41031444 -0.0075897994
v -0.2055447 0.48529544 0.0015329272
v -0.19579175 0.42404765 0.0015939248
v -0.1965062 0.40612647 0.0051524537
v -0.21819977 0.4000579 -0.0015116963
v -0.22196662 0.386142 -0.008024707
v -0.22689477 0.40631658 -0.026016865
v -0.22833738 0.37143248 -0.024898073
v -0.21243446 0.36978573 0.0017340569
v -0.20129275 0.38912413 0.007980667
v -0.19555052 0.37622118 0.008953672
v -0.28480986 0.7984808 -0.016373066
v -0.2678212 0.8000555 0.0045332815
v -0.27465594 0.81422 0.0049915724
v -0.2845347 0.8112465 -0.011983177
v -0.28477308 0.8253072 0.002427224
v -0.26281425 0.8268818 0.011070045
v -0.27158812 0.59247744 0.001104665
v -0.27444312 0.6034024 0.0028088866
v -0.2782933 0.59191597 -0.0075155087
v -0.27321285 0.6071677 0.010129905
v -0.27673486 0.6233815 -0.0021717357
v -0.26934084 0.6180166 0.004737411
v -0.27454004 0.6167446 -0.0052521992
v -0.28165606 0.64010316 -0.014092714
v -0.2802837 0.61950517 -0.0224887
v -0.28058568 0.66094655 -0.015602659
v -0.2829843 0.672312 -0.02469448
v -0.277947 0.631476 -0.023730472
v -0.2807464 0.6131463 -0.037406165
v -0.28226006 0.5942472 -0.028716791
v -0.280109 0.6003622 -0.027047493
v -0.28385526 0.595072 -0.016014287
v -0.26780477 0.6078702 0.005901493
v -0.26878232 0.59819686 -0.003526431
v -0.27444312 0.6034024 0.0028088866
v -0.2782933 0.59191597 -0.0075155087
v -0.28277466 0.5997822 -0.0100977635
v -0.2891354 0.588789 -0.011781412
v -0.2782933 0.59191597 -0.0075155087
v -0.26878232 0.59819686 -0.003526431
v -0.2767786 0.818245 -0.05086322
v -0.2869442 0.8119174 -0.027481494
v -0.2901958 0.8238936 -0.02760474
v -0.28071812 0.79970086 -0.037210204
v -0.2662452 0.8059298 -0.05438941
v -0.25900865 0.834223 -0.063328795
v -0.28428626 0.7947171 -0.044873543
v -0.26608557 0.78849804 -0.0622947
v -0.28083578 0.7772606 -0.044537008
v -0.27733257 0.7668625 -0.049467027
v -0.2852646 0.7668457 -0.03278895
v -0.25991967 0.7723661 -0.06348597
v -0.25232512 0.764676 -0.055791147
v -0.26897138 0.7601402 -0.04533264
v -0.24338955 0.7469574 -0.053889614
v -0.2740696 0.7550063 -0.033059366
v -0.2527094 0.71214056 -0.047754224
v -0.26898122 0.7151637 -0.030230634
v -0.26416078 0.68640125 -0.02445262
v -0.28239122 0.7429202 -0.031708766
v -0.2769473 0.68845975 -0.032506492
v -0.28157175 0.7169755 -0.026182972
v -0.2829843 0.672312 -0.02469448
v -0.27173597 0.64435655 -0.026878433
v -0.277947 0.631476 -0.023730472
v -0.27241635 0.62418485 -0.022131938
v -0.25590992 0.6413417 -0.030000765
v -0.27115768 0.69276714 -0.027151858
v -0.2727143 0.68563694 -0.018677676
v -0.22809482 0.6109984 -0.05221071
v -0.24362433 0.57914823 -0.0396216
v -0.23935099 0.5327566 -0.039891087
v -0.22101246 0.48950896 -0.05041524
v -0.24256843 0.5440344 -0.033506043
v -0.23276594 0.5033562 -0.03990875
v -0.23913041 0.5134187 -0.024942474
v -0.22478788 0.4407775 -0.039478544
v -0.20306861 0.42532653 -0.054677494
v -0.23216319 0.46900734 -0.02379173
v -0.22689477 0.40631658 -0.026016865
v -0.21729447 0.3952303 -0.048996408
v -0.22833738 0.37143248 -0.024898073
v -0.21225584 0.380587 -0.05234557
v -0.2313639 0.36267933 -0.045059983
v -0.19056284 0.40143728 -0.06084446
v -0.19775695 0.40573716 -0.05507057
v -0.19061984 0.3839135 -0.06352318
v -0.21463102 0.36933094 -0.05966349
v -0.21889743 0.35874623 -0.052682303
v -0.23421533 0.34792283 -0.029794835
v -0.23166095 0.35273218 -0.009281354
v -0.22628905 0.33647776 -0.0024827174
v -0.23066434 0.3674365 0.0024140617
v -0.21920098 0.35831147 0.019873504
v -0.21912378 0.34067172 0.01010205
v -0.24391013 0.52671146 -0.018363886
v -0.28599918 0.82621646 -0.047069944
v -0.23493811 0.09000072 0.051867682
v -0.21576339 0.088654846 0.038716774
v -0.23498636 0.08338246 0.034957677
v -0.24896315 0.08476323 0.05999179
v -0.23498636 0.08338246 0.034957677
v -0.22696881 0.08432007 0.037059043
v -0.21899395 0.090716004 0.028756866
v -0.2276324 0.08389902 0.018750994
v -0.24290633 0.04988092 0.019734582
v -0.26607925 0.02003923 0.03458196
v -0.26443893 0.04654655 0.052107546
v -0.25539005 0.015373915 0.013357098
v -0.24896315 0.08476323 0.05999179
v -0.2789693 0.012571514 0.064351544
v -0.24538594 0.033141404 0.0008659747
v -0.2833985 0.018746793 0.07187534
v -0.2914924 0.01069352 0.08028209
v -0.2640915 0.052032083 0.073155425
v -0.25557002 0.008385241 0.022720017
v -0.2887901 0.037089556 0.112436384
v -0.27093905 0.013268888 0.11454048
v -0.27159375 0.029179037 0.10208325
v -0.26211163 0.02034694 0.10450637
v -0.19927132 0.093241215 0.081074044
v -0.21758544 0.09029189 0.076340266
v -0.18310001 0.08735865 0.09864534
v -0.18898587 0.10996997 0.0813653
v -0.20890784 0.09136233 0.059029743
v -0.23493811 0.09000072 0.051867682
v -0.23280673 0.089527786 0.08177913
v -0.21576339 0.088654846 0.038716774
v -0.24896315 0.08476323 0.05999179
v -0.24797314 0.034386814 0.10817916
v -0.2640915 0.052032083 0.073155425
v -0.26211163 0.02034694 0.10450637
v -0.22227705 0.07549593 0.1052697
v -0.228382 0.043310136 0.12349994
v -0.25187945 0.0144942105 0.123410806
v -0.27497482 0.01494053 0.08917107
v -0.2833985 0.018746793 0.07187534
v -0.2664703 0.011817813 0.104466826
v -0.22947003 0.015982956 0.13282941
v -0.2914924 0.01069352 0.08028209
v -0.27093905 0.013268888 0.11454048
v -0.2710992 0.6641962 -0.021807348
v -0.2727143 0.68563694 -0.018677676
v -0.27114946 0.6492178 -0.008451814
v -0.27115768 0.69276714 -0.027151858
v -0.27194807 0.6384692 -0.017054683
v -0.2754313 0.64885217 -0.015787547
v -0.2761864 0.6472886 -0.018794077
v -0.27673486 0.6233815 -0.0021717357
v -0.26929194 0.6222574 -0.010144839
v -0.27241635 0.62418485 -0.022131938
v -0.27173597 0.64435655 -0.026878433
v -0.28165606 0.64010316 -0.014092714
v -0.28058568 0.66094655 -0.015602659
v -0.2769473 0.68845975 -0.032506492
v -0.26898122 0.7151637 -0.030230634
v -0.26934084 0.6180166 0.004737411
v -0.27241635 0.62418485 -0.022131938
v -0.2802837 0.61950517 -0.0224887
v -0.2755267 0.61176825 -0.034285698
v -0.27454004 0.6167446 -0.0052521992
v -0.26929194 0.6222574 -0.010144839
v -0.26934084 0.6180166 0.004737411
v -0.280109 0.6003622 -0.027047493
v -0.277947 0.631476 -0.023730472
v -0.26780477 0.6078702 0.005901493
v -0.26934084 0.6180166 0.004737411
v -0.27321285 0.6071677 0.010129905
v -0.27158812 0.59247744 0.001104665
v -0.26878232 0.59819686 -0.003526431
v -0.27115205 0.59046406 -0.015409773
v -0.27454004 0.6167446 -0.0052521992
v -0.27444312 0.6034024 0.0028088866
v -0.28925234 0.010848314 0.13687722
v -0.2816266 0.010496378 0.13866717
v -0.27968293 0.010408342 0.13437654
v -0.27490288 0.014674574 0.1357243
v -0.28011975 0.009443045 0.13211478
v -0.27968293 0.010408342 0.13437654
v -0.28168848 0.013105154 0.1280367
v -0.27490288 0.014674574 0.1357243
v -0.27811825 0.023630738 0.10345782
v -0.2887901 0.037089556 0.112436384
v -0.27159375 0.029179037 0.10208325
v -0.27093905 0.013268888 0.11454048
v -0.26211163 0.02034694 0.10450637
v -0.2664703 0.011817813 0.104466826
v -0.27490288 0.014674574 0.1357243
v -0.2816266 0.010496378 0.13866717
v -0.27881727 0.00945583 0.1344852
v -0.25505102 0.013687253 0.13979648
v -0.28058568 0.66094655 -0.015602659
v -0.2761864 0.6472886 -0.018794077
v -0.2754313 0.64885217 -0.015787547
v -0.27740613 0.6463393 -0.008546762
v -0.28165606 0.64010316 -0.014092714
v -0.27194807 0.6384692 -0.017054683
v -0.25087178 0.022523552 -0.08316279
v -0.25561494 0.016711712 -0.07233555
v -0.25435066 0.020935804 -0.08038362
v -0.25255913 0.01998663 -0.084983006
v -0.25087178 0.022523552 -0.08316279
v -0.25435066 0.020935804 -0.08038362
v -0.25162607 0.013123393 -0.08450348
v -0.26649553 0.027400374 -0.06945966
v -0.2813004 0.013883501 -0.06925275
v -0.275173 0.02604562 -0.05245071
v -0.2829039 0.015851796 -0.05200695
v -0.2726077 0.035575986 -0.047595482
v -0.25872603 0.04203409 -0.053724814
v -0.25401017 0.032917738 -0.068710506
v -0.27258492 0.028386742 0.072715625
v -0.26922596 0.008399576 0.092411116
v -0.2789693 0.012571514 0.064351544
v -0.2627977 0.021690667 0.09113389
v -0.25179145 0.039860845 0.090564206
v -0.2452144 0.01583469 0.09953022
v -0.2552617 0.007696867 0.1072928
v -0.25218427 0.062030196 0.07178827
v -0.24012099 0.06588799 0.08540903
v -0.22617091 0.072998255 0.09718611
v -0.2306234 0.087228775 0.079108946
v -0.21361618 0.08506575 0.08242495
v -0.23918423 0.08565849 0.055115927
v -0.2492483 0.07276279 0.057662856
v -0.20077059 0.07337791 0.10592593
v -0.21087778 0.061990917 0.11764277
v -0.18610969 0.055611372 0.12361921
v -0.22918747 0.050336897 0.113615796
v -0.20344543 0.03226894 0.13341801
v -0.24349055 0.031719267 0.10848725
v -0.25145403 0.019451082 0.1035064
v -0.22947003 0.015982956 0.13282941
v -0.2462216 0.0102594495 0.12093045
v -0.2054462 0.0104287565 0.1466444
v -0.18708168 0.010814488 0.14789945
v -0.17103308 0.03665334 0.14036053
v -0.16921657 0.011995494 0.150707
v -0.1522131 0.04427612 0.12580763
v -0.14981432 0.016828448 0.13517046
v -0.16585663 0.06836319 0.12263988
v -0.14998782 0.07380524 0.11232075
v -0.14059971 0.06753594 0.10736524
v -0.14284372 0.03742346 0.11886772
v -0.13998155 0.016759455 0.12386999
v -0.15541376 0.013007134 0.1445727
v -0.2755729 0.5502509 0.011594061
v -0.26976028 0.56738114 -0.0039505693
v -0.2830682 0.5692885 -0.0055813165
v -0.26324528 0.5562373 -0.0033727796
v -0.27712664 0.5741157 -0.012519052
v -0.25375605 0.5708748 -0.012155805
v -0.25752074 0.58287525 -0.009244948
v -0.25399706 0.5904024 -0.012904398
v -0.26878232 0.59819686 -0.003526431
v -0.24397707 0.5687661 -0.013034994
v -0.24959746 0.588029 -0.019517973
v -0.27712673 0.011667401 -0.034847833
v -0.2829039 0.015851796 -0.05200695
v -0.275173 0.02604562 -0.05245071
v -0.2681206 0.02240777 -0.032306418
v -0.2629403 0.03747672 -0.045158252
v -0.2685715 0.010190666 -0.033209406
v -0.2726077 0.035575986 -0.047595482
v -0.2782933 0.59191597 -0.0075155087
v -0.28226006 0.5942472 -0.028716791
v -0.27115205 0.59046406 -0.015409773
v -0.27158812 0.59247744 0.001104665
v -0.277947 0.631476 -0.023730472
v -0.2755267 0.61176825 -0.034285698
v -0.2807464 0.6131463 -0.037406165
v -0.25399706 0.5904024 -0.012904398
v -0.24959746 0.588029 -0.019517973
v -0.25592372 0.58010477 -0.01604795
v -0.26472542 0.5956247 -0.015462998
v -0.27115205 0.59046406 -0.015409773
v -0.25375605 0.5708748 -0.012155805
v -0.26745173 0.5648901 -0.0154167265
v -0.26324528 0.5562373 -0.0033727796
v -0.27456552 0.5972549 -0.019771555
v -0.28226006 0.5942472 -0.028716791
v -0.21978319 0.02395147 -0.13344006
v -0.22854769 0.019049853 -0.1387616
v -0.22618906 0.016488373 -0.113225944
v -0.21606123 0.023818433 -0.120324686
v -0.20689471 0.03544432 -0.13980585
v -0.21442927 0.035662055 -0.14735435
v -0.20928538 0.04216844 -0.13009308
v -0.20399317 0.059608996 -0.11499962
v -0.25872603 0.04203409 -0.053724814
v -0.24821927 0.04236263 -0.0708419
v -0.26738554 0.0389269 -0.05752422
v -0.2726077 0.035575986 -0.047595482
v -0.2799824 0.023402333 -0.065359354
v -0.26649553 0.027400374 -0.06945966
v -0.25401017 0.032917738 -0.068710506
v -0.26649553 0.027400374 -0.06945966
v -0.24821927 0.04236263 -0.0708419
v -0.24099971 0.02014172 -0.092726246
v -0.25087178 0.022523552 -0.08316279
v -0.24986793 0.028481483 -0.080506176
v -0.24508594 0.028381944 -0.09293333
v -0.22414494 0.0525797 -0.09620267
v -0.20399317 0.059608996 -0.11499962
v -0.21606123 0.023818433 -0.120324686
v -0.24821927 0.04236263 -0.0708419
v -0.24022119 0.071480155 -0.06701512
v -0.22618906 0.016488373 -0.113225944
v -0.21027145 0.08356878 -0.090437494
v -0.24690157 0.07812476 -0.053265505
v -0.25499153 0.051874608 -0.047980726
v -0.25872603 0.04203409 -0.053724814
v -0.25330707 0.033008456 -0.08429586
v -0.25561494 0.016711712 -0.07233555
v -0.2629403 0.03747672 -0.045158252
v -0.26279834 0.027176976 -0.048460253
v -0.2681206 0.02240777 -0.032306418
v -0.2685715 0.010190666 -0.033209406
v -0.26233 0.011048168 -0.050985496
v -0.2602714 0.012233824 -0.063047305
v -0.25401017 0.032917738 -0.068710506
v -0.18285625 0.100815386 -0.11495377
v -0.19212207 0.12029141 -0.08659534
v -0.18442759 0.059732407 -0.13334462
v -0.20928538 0.04216844 -0.13009308
v -0.21086991 0.10378015 -0.07519092
v -0.15924606 0.09356895 -0.14197023
v -0.16999839 0.12571228 -0.12585486
v -0.14797017 0.053557754 -0.15979534
v -0.17141943 0.049951732 -0.14972593
v -0.16537562 0.03053692 -0.16300122
v -0.18490846 0.13603601 -0.099708654
v -0.1861099 0.029264301 -0.1448521
v -0.17568383 0.021381497 -0.15938035
v -0.17128266 0.023833662 -0.16282411
v -0.19391489 0.017863005 -0.15040426
v -0.20594037 0.025235444 -0.12954317
v -0.2291019 0.10229385 -0.05979847
v -0.23694135 0.10674727 -0.0429551
v -0.16980976 0.1496352 -0.1030635
v -0.25330707 0.033008456 -0.08429586
v -0.24986793 0.028481483 -0.080506176
v -0.24821927 0.04236263 -0.0708419
v -0.25401017 0.032917738 -0.068710506
v -0.25435066 0.020935804 -0.08038362
v -0.25561494 0.016711712 -0.07233555
v -0.26279834 0.027176976 -0.048460253
v -0.2602714 0.012233824 -0.063047305
v -0.27055585 0.4079327 -0.00028798403
v -0.2762285 0.43091798 -0.010113326
v -0.26817542 0.41743517 -0.005017344
v -0.26294896 0.43717396 -0.009067128
v -0.25539523 0.39503995 -0.0015155468
v -0.26098105 0.4114735 0.0013569235
v -0.27104142 0.41541898 0.0009159576
v -0.23621555 0.39993262 0.00067909947
v -0.25961876 0.4223873 0.0021838502
v -0.22801587 0.38877985 0.0035586534
v -0.2622352 0.042791158 0.05562398
v -0.27258492 0.028386742 0.072715625
v -0.2789693 0.012571514 0.064351544
v -0.25218427 0.062030196 0.07178827
v -0.26607925 0.02003923 0.03458196
v -0.25308612 0.037794113 0.036651134
v -0.2492483 0.07276279 0.057662856
v -0.25557002 0.008385241 0.022720017
v -0.24496995 0.029878676 0.02110585
v -0.23189804 0.06448251 0.02706533
v -0.24897218 0.009318441 0.011009456
v -0.26020008 0.009574175 0.0068689147
v -0.25890803 0.009417981 -0.02799169
v -0.2531845 0.0024653077 -0.017406346
v -0.2699572 0.011939347 -0.020470764
v -0.2685715 0.010190666 -0.033209406
v -0.27712673 0.011667401 -0.034847833
v -0.26233 0.011048168 -0.050985496
v -0.24301605 0.012311876 -0.0023282152
v -0.23066753 0.015040159 0.020757336
v -0.23864497 0.07001713 0.035975024
v -0.22696881 0.08432007 0.037059043
v -0.23918423 0.08565849 0.055115927
v -0.21899395 0.090716004 0.028756866
v -0.26483518 0.44056717 0.00016772398
v -0.28081286 0.44644547 0.0071413005
v -0.25961876 0.4223873 0.0021838502
v -0.26294896 0.43717396 -0.009067128
v -0.26085183 0.45292568 0.006385211
v -0.26098105 0.4114735 0.0013569235
v -0.25540957 0.4534478 -0.021918578
v -0.28408578 0.05324036 -0.0030358387
v -0.2714887 0.04404208 -0.022266066
v -0.26338848 0.031853527 -0.010840378
v -0.25621375 0.035112888 -0.02551104
v -0.259407 0.035792977 -0.007446641
v -0.25205272 0.02080059 -0.004222002
v -0.2573326 0.022220701 -0.016737744
v -0.26337433 0.050817966 -0.02742896
v -0.25386268 0.050160825 -0.03441513
v -0.26176015 0.06584224 -0.043562595
v -0.26817542 0.41743517 -0.005017344
v -0.26747254 0.42341408 0.00016966974
v -0.27104142 0.41541898 0.0009159576
v -0.26294896 0.43717396 -0.009067128
v -0.26098105 0.4114735 0.0013569235
v -0.2521653 0.012837857 -0.10841419
v -0.22618906 0.016488373 -0.113225944
v -0.24373496 0.010731727 -0.12272954
v -0.22582261 0.012541056 -0.1447366
v -0.24806754 0.013600379 -0.09511222
v -0.26093432 0.013065785 -0.10018045
v -0.26563212 0.010904372 -0.1067022
v -0.28399903 0.027135909 -0.09968104
v -0.2764051 0.022302598 -0.118665785
v -0.25741145 0.017056823 -0.124433205
v -0.2531812 0.028202832 -0.09467819
v -0.26563212 0.010904372 -0.1067022
v -0.26093432 0.013065785 -0.10018045
v -0.25330707 0.033008456 -0.08429586
v -0.2521653 0.012837857 -0.10841419
v -0.24508594 0.028381944 -0.09293333
v -0.24821927 0.04236263 -0.0708419
v -0.259407 0.035792977 -0.007446641
v -0.2714887 0.04404208 -0.022266066
v -0.28408578 0.05324036 -0.0030358387
v -0.26337433 0.050817966 -0.02742896
v -0.25037915 0.051906586 -0.028651025
v -0.25205272 0.02080059 -0.004222002
v -0.26176015 0.06584224 -0.043562595
v -0.25386268 0.050160825 -0.03441513
v -0.26745173 0.5648901 -0.0154167265
v -0.26324528 0.5562373 -0.0033727796
v -0.25480637 0.54900986 -0.016388563
v -0.25512925 0.6706814 -0.009428592
v -0.26659834 0.7116479 -0.018126467
v -0.26416078 0.68640125 -0.02445262
v -0.25590992 0.6413417 -0.030000765
v -0.24854006 0.6227897 -0.010940628
v -0.24959746 0.588029 -0.019517973
v -0.24362433 0.57914823 -0.0396216
v -0.2465293 0.5649331 -0.023174306
v -0.25375605 0.5708748 -0.012155805
v -0.24256843 0.5440344 -0.033506043
v -0.24496926 0.54050225 -0.017139765
v -0.24397707 0.5687661 -0.013034994
v -0.23647243 0.046249986 0.00015184283
v -0.21941397 0.06177008 0.025729898
v -0.22839536 0.031656384 0.019530993
v -0.22390844 0.08336213 0.00889805
v -0.24301605 0.012311876 -0.0023282152
v -0.23066753 0.015040159 0.020757336
v -0.23641229 0.08236647 -0.02698072
v -0.2421291 0.06961724 -0.04012769
v -0.2257035 0.10142434 -0.0165573
v -0.24016105 0.035611242 -0.018120872
v -0.25220656 0.024792433 -0.031259213
v -0.2531845 0.0024653077 -0.017406346
v -0.23829298 0.05552432 -0.038271993
v -0.20806271 0.09222165 0.02456646
v -0.19602484 0.06955838 0.054470286
v -0.21323249 0.034389228 0.04039578
v -0.20323531 0.020707041 0.056795757
v -0.21842663 0.018881053 0.03331674
v -0.22059631 0.023712218 0.028651234
v -0.21813186 0.036768794 0.023554513
v -0.19483681 0.08775756 0.04477597
v -0.25890803 0.009417981 -0.02799169
v -0.26233 0.011048168 -0.050985496
v -0.25496382 0.031284034 -0.053609386
v -0.24669525 0.05946237 -0.044411477
v -0.23164074 0.09626144 -0.052698035
v -0.23678932 0.07322046 -0.056675393
v -0.22242755 0.01639679 0.03239426
v -0.22073245 0.017958641 0.017344287
v -0.21813186 0.036768794 0.023554513
v -0.22059631 0.023712218 0.028651234
v -0.22071674 0.019825459 0.0259984
v -0.22073245 0.017958641 0.017344287
v -0.22242755 0.01639679 0.03239426
v -0.22059631 0.023712218 0.028651234
v -0.22214112 0.022129208 0.030705608
v -0.23066753 0.015040159 0.020757336
v -0.21842663 0.018881053 0.03331674
v -0.22073245 0.017958641 0.017344287
v -0.22071674 0.019825459 0.0259984
v -0.22214112 0.022129208 0.030705608
v -0.22059631 0.023712218 0.028651234
v -0.21842663 0.018881053 0.03331674
v -0.22214112 0.022129208 0.030705608
v -0.27115205 0.59046406 -0.015409773
v -0.25592372 0.58010477 -0.01604795
v -0.25752074 0.58287525 -0.009244948
v -0.26745173 0.5648901 -0.0154167265
v -0.26878232 0.59819686 -0.003526431
v -0.26976028 0.56738114 -0.0039505693
v -0.26093432 0.013065785 -0.10018045
v -0.24508594 0.028381944 -0.09293333
v -0.25330707 0.033008456 -0.08429586
v -0.2521653 0.012837857 -0.10841419
v -0.2421291 0.06961724 -0.04012769
v -0.23829298 0.05552432 -0.038271993
v -0.23678932 0.07322046 -0.056675393
v -0.24016105 0.035611242 -0.018120872
v -0.2530543 0.012067556 -0.0723394
v -0.2561007 0.007396251 -0.06817858
v -0.2566919 0.0067083538 -0.069899194
v -0.19821988 0.07004678 -0.10031023
v -0.24282347 0.03537047 -0.07201721
v -0.19079924 0.03364122 -0.12920572
v -0.16423348 0.074144125 -0.13518874
v -0.23059335 0.01882255 -0.096041515
v -0.16345976 0.09376857 -0.12380752
v -0.2602714 0.012233824 -0.063047305
v -0.22259063 0.07156587 -0.07604351
v -0.24444404 0.05975899 -0.05872585
v -0.22425002 0.010153651 -0.1098064
v -0.1951319 0.008918226 -0.13524021
v -0.23678932 0.07322046 -0.056675393
v -0.21996948 0.0914852 -0.0679743
v -0.23164074 0.09626144 -0.052698035
v -0.19143535 0.08701503 -0.09135439
v -0.2018987 0.08705294 -0.08143775
v -0.2056661 0.07405621 -0.0855567
v -0.17948161 0.015963048 -0.1427663
v -0.18158796 0.002203524 -0.14764392
v -0.16599578 0.027935266 -0.15119188
v -0.15458721 0.052064717 -0.14793532
v -0.25496382 0.031284034 -0.053609386
v -0.25162607 0.013123393 -0.08450348
v -0.17661084 0.1007362 -0.089119025
v -0.2421291 0.06961724 -0.04012769
v -0.19294283 0.07701364 -0.07843843
v -0.26233 0.011048168 -0.050985496
v -0.21045808 0.097611636 -0.06419024
v -0.19826744 0.09637952 -0.078758724
v -0.24669525 0.05946237 -0.044411477
v -0.2602714 0.012233824 -0.063047305
v -0.2573244 0.007696599 -0.06916545
v -0.2561007 0.007396251 -0.06817858
v -0.25561494 0.016711712 -0.07233555
v -0.2564836 0.008379012 -0.06926159
v -0.25561494 0.016711712 -0.07233555
v -0.2573244 0.007696599 -0.06916545
v -0.2566919 0.0067083538 -0.069899194
v -0.2564836 0.008379012 -0.06926159
v -0.25665766 0.008235067 -0.06968121
v -0.2602714 0.012233824 -0.063047305
v -0.2530543 0.012067556 -0.0723394
v -0.2573244 0.007696599 -0.06916545
v -0.25561494 0.016711712 -0.07233555
v -0.2566919 0.0067083538 -0.069899194
v -0.2566576 0.008615166 -0.06920347
v -0.25162607 0.013123393 -0.08450348
v -0.25255913 0.01998663 -0.084983006
v -0.2566576 0.008615166 -0.06920347
v -0.2561007 0.007396251 -0.06817858
v -0.25561494 0.016711712 -0.07233555
v -0.2566919 0.0067083538 -0.069899194
v -0.23621555 0.39993262 0.00067909947
v -0.25961876 0.4223873 0.0021838502
v -0.2430909 0.4053398 0.00838263
v -0.1965062 0.40612647 0.0051524537
v -0.21819977 0.4000579 -0.0015116963
v -0.22196662 0.386142 -0.008024707
v -0.24099971 0.02014172 -0.092726246
v -0.25255913 0.01998663 -0.084983006
v -0.25561494 0.016711712 -0.07233555
v -0.2452144 0.01583469 0.09953022
v -0.25145403 0.019451082 0.1035064
v -0.2552617 0.007696867 0.1072928
v -0.25179145 0.039860845 0.090564206
v -0.26040167 0.0643076 -0.11642636
v -0.24263884 0.053618282 -0.1281212
v -0.25667843 0.061228156 -0.13840738
v -0.22739767 0.037708282 -0.12426372
v -0.23421653 0.040652007 -0.13888973
v -0.22938694 0.028910577 -0.14388753
v -0.21978319 0.02395147 -0.13344006
v -0.24646159 0.47509736 0.02094016
v -0.24715322 0.45856118 -0.014655499
v -0.24819781 0.48743147 0.0005091133
v -0.24313952 0.45539206 0.016340807
v -0.2470139 0.50889105 -0.027545454
v -0.24767087 0.5250628 0.010496273
v -0.24519877 0.5208293 -0.0036865147
v -0.24584028 0.51957834 0.026571676
v -0.24216352 0.5338081 0.019903094
v -0.24583331 0.5405888 0.0020213365
v -0.24627526 0.53749543 0.029199556
v -0.24839465 0.5474315 0.01976377
v -0.23891877 0.529867 -0.010526988
v -0.24496926 0.54050225 -0.017139765
v -0.24391013 0.52671146 -0.018363886
v -0.23935099 0.5327566 -0.039891087
v -0.24330452 0.5104027 -0.041366898
v -0.24836364 0.47378823 -0.040958866
v -0.25277534 0.45085987 -0.038581345
v -0.24366716 0.45811632 0.029270772
v -0.2528317 0.45228192 0.02175073
v -0.24366716 0.45811632 0.029270772
v -0.25594532 0.46594107 0.0229548
v -0.23359059 0.034207344 -0.13256718
v -0.26040167 0.0643076 -0.11642636
v -0.25667843 0.061228156 -0.13840738
v -0.22739767 0.037708282 -0.12426372
v -0.21978319 0.02395147 -0.13344006
v -0.22854769 0.019049853 -0.1387616
v -0.2418305 0.027724922 -0.1413267
v -0.14284372 0.03742346 0.11886772
v -0.14679858 0.037532985 0.10925782
v -0.1470713 0.025157928 0.11197631
v -0.15135704 0.020267904 0.10102036
v -0.14059971 0.06753594 0.10736524
v -0.14430852 0.051177263 0.10217963
v -0.13998155 0.016759455 0.12386999
v -0.2110552 0.08428821 0.044866934
v -0.20969546 0.08286983 0.047031432
v -0.21001214 0.084243685 0.04780515
v -0.21576339 0.088654846 0.038716774
v -0.19624394 0.08376619 0.062009655
v -0.21020639 0.07893202 0.045165055
v -0.19802901 0.065018654 0.065219216
v -0.21272941 0.04025832 0.046830926
v -0.20415199 0.026129425 0.06432886
v -0.21981613 0.061883897 0.031121407
v -0.22214112 0.022129208 0.030705608
v -0.22242755 0.01639679 0.03239426
v -0.20323531 0.020707041 0.056795757
v -0.17532721 0.07712981 0.07391453
v -0.17772803 0.04283452 0.07487877
v -0.16280888 0.05156076 0.09199369
v -0.16346174 0.020213097 0.091178596
v -0.18211508 0.014262766 0.06999473
v -0.16268902 0.07805061 0.090804726
v -0.14432445 0.025758564 0.10447267
v -0.1404272 0.03867778 0.11074996
v -0.23339842 0.030380636 0.023282044
v -0.23189804 0.06448251 0.02706533
v -0.24496995 0.029878676 0.02110585
v -0.21899395 0.090716004 0.028756866
v -0.23066753 0.015040159 0.020757336
v -0.24897218 0.009318441 0.011009456
v -0.21620613 0.08401695 0.048462555
v -0.14407557 0.018940538 0.09927825
v -0.22071674 0.019825459 0.0259984
v -0.22242755 0.01639679 0.03239426
v -0.22214112 0.022129208 0.030705608
v -0.21188664 0.08426803 0.046289485
v -0.21108514 0.08122873 0.05262105
v -0.20969546 0.08286983 0.047031432
v -0.2110552 0.08428821 0.044866934
v -0.23226288 0.88277936 -0.017397828
v -0.24101964 0.87404776 -0.0064324494
v -0.23564689 0.87907374 -0.02750155
v -0.23051977 0.86623716 -0.01603053
v -0.21123633 0.89825046 -0.02204903
v -0.21581656 0.8971214 -0.029754408
v -0.20411572 0.9250537 -0.02902392
v -0.19929707 0.9259665 -0.021852212
v -0.2022514 0.9426311 -0.021398464
v -0.21266295 0.90973043 -0.014730925
v -0.23368151 0.86519516 -0.038635224
v -0.25667843 0.061228156 -0.13840738
v -0.23421653 0.040652007 -0.13888973
v -0.23359059 0.034207344 -0.13256718
v -0.22938694 0.028910577 -0.14388753
v -0.2418305 0.027724922 -0.1413267
v -0.22854769 0.019049853 -0.1387616
v -0.21683335 0.020085037 -0.14631595
v -0.22582261 0.012541056 -0.1447366
v -0.2219176 0.033869177 -0.15777548
v -0.22618906 0.016488373 -0.113225944
v -0.23694135 0.10674727 -0.0429551
v -0.22068195 0.10633543 -0.050840024
v -0.2291019 0.10229385 -0.05979847
v -0.22757645 0.10904381 -0.02357791
v -0.21086991 0.10378015 -0.07519092
v -0.19971518 0.10789901 -0.062886864
v -0.21323302 0.110607445 -0.035729375
v -0.19054118 0.10977143 -0.0785378
v -0.19212207 0.12029141 -0.08659534
v -0.18040054 0.11338428 -0.06884328
v -0.16494037 0.13043064 -0.071757294
v -0.14904475 0.14116505 -0.074859075
v -0.16980976 0.1496352 -0.1030635
v -0.18490846 0.13603601 -0.099708654
v -0.12500417 0.14175805 -0.09592564
v -0.122220516 0.13842103 -0.0680648
v -0.14727178 0.13479462 -0.12817703
v -0.11004064 0.13322228 -0.1131276
v -0.10422997 0.12840977 -0.09298721
v -0.10400971 0.13669407 -0.07333623
v -0.09537436 0.13675252 -0.0865698
v -0.101277746 0.13101372 -0.05512573
v -0.09208519 0.12220892 -0.06222807
v -0.12099646 0.13162252 -0.056451675
v -0.10725026 0.12361154 -0.04753978
v -0.11504472 0.13433146 -0.04194757
v -0.087568484 0.12959123 -0.07035424
v -0.063841574 0.12958765 -0.05984152
v -0.06376069 0.13782698 -0.0699937
v -0.060393397 0.13870957 -0.09906889
v -0.02511143 0.13363352 -0.071933895
v -0.08815842 0.1400469 -0.12131657
v -0.05307297 0.13553107 -0.12583107
v -0.012118904 0.1317153 -0.10766415
v -0.0037404015 0.12509856 -0.11846069
v -0.0016399799 0.131939 -0.10040812
v -0.04234042 0.13140187 -0.05671535
v -0.21325237 0.11169216 0.0014627995
v -0.2193542 0.109561026 0.013613025
v -0.21620613 0.08401695 0.048462555
v -0.23918423 0.08565849 0.055115927
v -0.22696881 0.08432007 0.037059043
v -0.21361618 0.08506575 0.08242495
v -0.2306234 0.087228775 0.079108946
v -0.20486848 0.083998114 0.070069574
v -0.17868254 0.079378635 0.09542692
v -0.20077059 0.07337791 0.10592593
v -0.19624394 0.08376619 0.062009655
v -0.17532721 0.07712981 0.07391453
v -0.21001214 0.084243685 0.04780515
v -0.16585663 0.06836319 0.12263988
v -0.16268902 0.07805061 0.090804726
v -0.21108514 0.08122873 0.05262105
v -0.14998782 0.07380524 0.11232075
v -0.21576339 0.088654846 0.038716774
v -0.23498636 0.08338246 0.034957677
v -0.14059971 0.06753594 0.10736524
v -0.20969546 0.08286983 0.047031432
v -0.21188664 0.08426803 0.046289485
v -0.21620613 0.08401695 0.048462555
v -0.21576339 0.088654846 0.038716774
v -0.21001214 0.084243685 0.04780515
v -0.21108514 0.08122873 0.05262105
v -0.21188664 0.08426803 0.046289485
v -0.21020639 0.07893202 0.045165055
v -0.21620613 0.08401695 0.048462555
v -0.2110552 0.08428821 0.044866934
v -0.21577524 0.10158917 -0.03861234
v -0.2257035 0.10142434 -0.0165573
v -0.23164074 0.09626144 -0.052698035
v -0.21045808 0.097611636 -0.06419024
v -0.21603097 0.10356659 -0.016118962
v -0.1873416 0.103236735 -0.030925646
v -0.21165016 0.09962529 -0.04008491
v -0.20109674 0.09942675 0.000018630177
v -0.18876253 0.09820029 -0.0073057096
v -0.18768027 0.091614395 0.03043956
v -0.16728882 0.09275696 0.031334866
v -0.1439475 0.09851977 0.0009445653
v -0.20806271 0.09222165 0.02456646
v -0.19483681 0.08775756 0.04477597
v -0.17558464 0.08202118 0.04556399
v -0.21286303 0.08934602 0.007411211
v -0.21674888 0.09247562 -0.00726026
v -0.2105975 0.09947282 -0.041035425
v -0.13827069 0.102053255 -0.03480653
v -0.12032703 0.09702933 -0.023211867
v -0.12073335 0.09723002 -0.03157136
v -0.11533306 0.100449264 -0.048379116
v -0.096589625 0.09627059 -0.036528587
v -0.105400614 0.096152395 -0.009647702
v -0.094402134 0.09603536 -0.025681278
v -0.08310009 0.09506956 -0.017573657
v -0.07128218 0.09397185 0.006010343
v -0.06928684 0.09151816 0.033227105
v -0.03800778 0.08940637 0.011636191
v -0.04811376 0.08787063 0.041007906
v -0.07148248 0.084966004 0.062179055
v -0.12055373 0.09233281 0.051645838
v -0.08989361 0.0978511 0.07039086
v -0.12689133 0.08877766 0.0784731
v -0.14126761 0.08874515 0.05534706
v -0.095791295 0.09390998 0.09184121
v -0.13115314 0.08596936 0.090673804
v -0.08157152 0.0969432 0.082527466
v -0.07419321 0.097546756 0.063464046
v -0.14606538 0.102265865 -0.06083116
v -0.17513576 0.101290494 -0.052421372
v -0.17168073 0.103370965 -0.06818536
v -0.18440261 0.09809917 -0.06618499
v -0.18353355 0.09693673 -0.056541823
v -0.14714752 0.09020898 0.034652658
v -0.16126637 0.08676198 0.054355398
v -0.15611517 0.07387301 0.06702629
v -0.14754345 0.0799585 0.0670924
v -0.17604004 0.08108789 0.060829006
v -0.16479246 0.07281309 0.0640104
v -0.17463753 0.070091695 0.067068
v -0.22390844 0.08336213 0.00889805
v -0.14015523 0.08110064 0.05372016
v -0.14754345 0.0799585 0.0670924
v -0.14714752 0.09020898 0.034652658
v -0.13555808 0.07766706 0.07634847
v -0.15630071 0.07986334 0.085213594
v -0.16193937 0.08005136 0.0724946
v -0.13115314 0.08596936 0.090673804
v -0.17558464 0.08202118 0.04556399
v -0.17463753 0.070091695 0.067068
v -0.17604004 0.08108789 0.060829006
v -0.22362128 0.024878532 -0.18506886
v -0.2320002 0.010899276 -0.1926715
v -0.21949892 0.015177071 -0.18746878
v -0.20904155 0.019517124 -0.18702875
v -0.20102906 0.012155771 -0.18731442
v -0.22050884 0.028963357 -0.1813413
v -0.18954948 0.022438765 -0.18979491
v -0.18242307 0.012310028 -0.20891546
v -0.17393641 0.023930818 -0.2156719
v -0.16001582 0.034414172 -0.20194449
v -0.17673072 0.0127771795 -0.22673076
v -0.17873064 0.019836187 -0.23388034
v -0.17658351 0.035348415 -0.18791221
v -0.21886362 0.010681331 -0.19951867
v -0.20322807 0.017612696 -0.19583139
v -0.2024244 0.012535721 -0.2056029
v -0.17393641 0.023930818 -0.2156719
v -0.17658351 0.035348415 -0.18791221
v -0.1857204 0.016925514 -0.22150773
v -0.2055968 0.014787376 -0.21589595
v -0.17873064 0.019836187 -0.23388034
v -0.18098268 0.0112039745 -0.23653513
v -0.16590358 0.0132805705 -0.23850968
v -0.16001582 0.034414172 -0.20194449
v -0.18954948 0.022438765 -0.18979491
v -0.20904155 0.019517124 -0.18702875
v -0.22338241 0.021351099 -0.19245276
v -0.22050025 0.025333524 -0.18741947
v -0.22033226 0.026381433 -0.1872972
v -0.22362128 0.024878532 -0.18506886
v -0.22338241 0.021351099 -0.19245276
v -0.2320002 0.010899276 -0.1926715
v -0.21886362 0.010681331 -0.19951867
v -0.20322807 0.017612696 -0.19583139
v -0.22050025 0.025333524 -0.18741947
v -0.22023411 0.026634991 -0.18553717
v -0.2173428 0.024748236 -0.18894085
v -0.22033226 0.026381433 -0.1872972
v -0.21888824 0.027012795 -0.1863869
v -0.22020514 0.027441233 -0.18616644
v -0.21959439 0.027268112 -0.18552108
v -0.22018905 0.025905013 -0.18653561
v -0.21874137 0.02581808 -0.18664415
v -0.21956037 0.026349455 -0.18640327
v -0.2173428 0.024748236 -0.18894085
v -0.22050025 0.025333524 -0.18741947
v -0.21874137 0.02581808 -0.18664415
v -0.22033226 0.026381433 -0.1872972
v -0.22031397 0.026955336 -0.18632585
v -0.22020514 0.027441233 -0.18616644
v -0.10811006 0.05378419 0.12901883
v -0.13180655 0.05553949 0.13971369
v -0.09600119 0.05342689 0.1468577
v -0.11044945 0.051386297 0.16798444
v -0.13272926 0.045542 0.17196386
v -0.09007922 0.045299053 0.16592629
v -0.16109395 0.037769914 0.14516166
v -0.15060262 0.056645274 0.12596315
v -0.12164047 0.06328365 0.119420916
v -0.0969113 0.04972437 0.13089427
v -0.09255924 0.08275646 0.12590288
v -0.12510286 0.08307767 0.115053155
v -0.1430176 0.07700926 0.11041188
v -0.122615054 0.12825584 0.09112583
v -0.14026049 0.09725353 0.0920198
v -0.10771314 0.106286764 0.09233789
v -0.15421015 0.11712474 0.08895738
v -0.14600407 0.14349982 0.08849528
v -0.16799307 0.09409118 0.08792348
v -0.092380084 0.13390115 0.08764522
v -0.08941603 0.09959009 0.092226535
v -0.13270313 0.08712265 0.09933856
v -0.11044184 0.14482567 0.08337439
v -0.09296727 0.09033382 0.1183335
v -0.07020978 0.094741344 0.12720683
v -0.21169035 0.123859406 0.011999747
v -0.20465776 0.111509025 0.036406066
v -0.1931106 0.12635577 0.025532477
v -0.19594768 0.13097933 0.007498985
v -0.15879945 0.022204489 0.18034095
v -0.16619794 0.019263595 0.16788004
v -0.17594707 0.014824033 0.17603458
v -0.18471095 0.021037847 0.15418206
v -0.16073364 0.010908693 0.19004917
v -0.16107821 0.066360265 0.12754634
v -0.19693783 0.079892844 0.11050485
v -0.17583424 0.046663046 0.14074545
v -0.2064318 0.0354954 0.1348551
v -0.228382 0.043310136 0.12349994
v -0.22227705 0.07549593 0.1052697
v -0.22947003 0.015982956 0.13282941
v -0.2054462 0.0104287565 0.1466444
v -0.18971409 0.015052468 0.15034956
v -0.23280673 0.089527786 0.08177913
v -0.17357501 0.14095533 0.016344361
v -0.17390066 0.12772673 0.019715104
v -0.15507828 0.13059476 0.025197344
v -0.15221125 0.14361364 0.015386745
v -0.1363173 0.14144349 0.0107209785
v -0.17326657 0.12696582 0.037476562
v -0.16357656 0.13280511 0.04632668
v -0.13210551 0.14475703 0.031786054
v -0.15474118 0.14388192 0.06360708
v -0.12267267 0.14448616 -0.0029709437
v -0.17487967 0.124412835 0.06987231
v -0.15842918 0.12959605 0.073286325
v -0.18886992 0.1249015 0.05999542
v -0.18310001 0.08735865 0.09864534
v -0.18898587 0.10996997 0.0813653
v -0.21758544 0.09029189 0.076340266
v -0.09164601 0.13674885 0.011198001
v -0.047351062 0.12149021 0.007093611
v -0.04584385 0.14094076 -0.019241652
v -0.12725744 0.1462487 0.06228904
v -0.08199438 0.14180759 0.049084477
v -0.058506783 0.12763023 0.029002907
v -0.047651976 0.121869504 0.018747278
v -0.06275608 0.12649253 0.06261374
v -0.11362413 0.15413895 0.00005089445
v -0.08362442 0.15751687 0.0042506056
v -0.18407819 0.014292628 0.15505496
v -0.18971409 0.015052468 0.15034956
v -0.17791599 0.011392027 0.16158246
v -0.17840996 0.01802525 0.15159492
v -0.16109395 0.037769914 0.14516166
v -0.16921657 0.011995494 0.150707
v -0.18160775 0.011951387 0.15451406
v -0.15541376 0.013007134 0.1445727
v -0.18471095 0.021037847 0.15418206
v -0.14992684 0.009919167 0.15856273
v -0.14541876 0.03173113 0.16004258
v -0.1549849 0.021680653 0.14778815
v -0.14379515 0.011641026 0.17050208
v -0.13272926 0.045542 0.17196386
v -0.13086163 0.020712018 0.17722405
v -0.11044945 0.051386297 0.16798444
v -0.115950234 0.028942436 0.17247929
v -0.09768175 0.034769773 0.16909012
v -0.09007922 0.045299053 0.16592629
v -0.10354741 0.01723653 0.1713311
v -0.06329214 0.039724737 0.17492945
v -0.09014489 0.031817377 0.18161438
v -0.09498697 0.016431779 0.1834594
v -0.07888101 0.02393049 0.21402699
v -0.22628905 0.33647776 -0.0024827174
v -0.23421533 0.34792283 -0.029794835
v -0.22053093 0.33858505 -0.010261614
v -0.22225946 0.3515199 -0.038878027
v -0.21912378 0.34067172 0.01010205
v -0.20769918 0.33032775 0.0022098562
v -0.18991369 0.31814563 0.018779457
v -0.18092501 0.3105386 0.013307779
v -0.16687106 0.29696852 0.017898483
v -0.152515 0.29074454 0.024557913
v -0.15516052 0.2838513 0.01491788
v -0.15819524 0.29848543 0.01257397
v -0.14567886 0.27522963 0.0067513576
v -0.16091219 0.26953018 0.0014535165
v -0.13861632 0.26922286 -0.0013948455
v -0.14934461 0.25866967 -0.019648392
v -0.13646623 0.26520574 -0.016276538
v -0.12167204 0.2726273 -0.026752252
v -0.13664863 0.26326647 -0.032778032
v -0.15626954 0.2594664 -0.046597768
v -0.15599342 0.2894332 0.009653257
v -0.21889743 0.35874623 -0.052682303
v -0.23144314 0.010198474 -0.17508435
v -0.21949892 0.015177071 -0.18746878
v -0.2320002 0.010899276 -0.1926715
v -0.20102906 0.012155771 -0.18731442
v -0.18968216 0.012285858 -0.17329006
v -0.19391489 0.017863005 -0.15040426
v -0.18175013 0.017023474 -0.16349944
v -0.17568383 0.021381497 -0.15938035
v -0.1698088 0.02081886 -0.17115895
v -0.21683335 0.020085037 -0.14631595
v -0.21171497 0.021059215 -0.13689241
v -0.20594037 0.025235444 -0.12954317
v -0.22582261 0.012541056 -0.1447366
v -0.18175013 0.017023474 -0.16349944
v -0.17568383 0.021381497 -0.15938035
v -0.18281165 0.02962637 -0.16554187
v -0.16608997 0.037763536 -0.16949543
v -0.17282923 0.028823912 -0.1634338
v -0.17774485 0.051164865 -0.18734333
v -0.21243446 0.36978573 0.0017340569
v -0.22833738 0.37143248 -0.024898073
v -0.23066434 0.3674365 0.0024140617
v -0.20806514 0.3701697 0.017593874
v -0.21920098 0.35831147 0.019873504
v -0.19555052 0.37622118 0.008953672
v -0.17712206 0.38204408 0.014739545
v -0.16686366 0.38544545 -0.0010454352
v -0.15925056 0.39316058 -0.0003510015
v -0.16254076 0.38504183 0.015820704
v -0.15905446 0.39019084 -0.022392882
v -0.15282068 0.39210674 -0.0293816
v -0.17027982 0.39436096 -0.05047489
v -0.15484704 0.40532857 -0.00043836283
v -0.15771396 0.40423703 0.013255411
v -0.16008219 0.45704782 0.007090901
v -0.22755657 0.8416352 0.01312411
v -0.2167295 0.8523539 -0.0048412057
v -0.22735672 0.8585881 0.013998854
v -0.22512673 0.83114123 0.00039072032
v -0.21861827 0.8636183 -0.0037360643
v -0.20975229 0.85762435 -0.022758098
v -0.20554915 0.84172547 -0.023597213
v -0.21600546 0.8505368 -0.040042438
v -0.21105085 0.8417084 -0.008196294
v -0.21358684 0.8359713 -0.033420675
v -0.2167596 0.8637106 -0.038293283
v -0.2247317 0.8624886 -0.05710203
v -0.22949404 0.8487833 -0.060569033
v -0.22399804 0.83620393 -0.052486867
v -0.2351151 0.8304861 -0.049041517
v -0.2312316 0.7677586 0.004812308
v -0.23032105 0.76242846 -0.0045836726
v -0.21764901 0.76601017 -0.021007963
v -0.21845138 0.74741983 -0.023796985
v -0.21374848 0.78074646 -0.019030018
v -0.2136842 0.7735144 -0.031997345
v -0.2208567 0.7882216 -0.00554052
v -0.21512038 0.79035634 -0.042632397
v -0.22425857 0.7645922 -0.04624595
v -0.22743149 0.7828396 -0.05411772
v -0.2250699 0.79486537 -0.057461996
v -0.2314069 0.8128246 -0.049099937
v -0.21270321 0.7158768 -0.030261815
v -0.22213894 0.7097071 -0.048914224
v -0.21707132 0.7040008 -0.009480741
v -0.2245685 0.74705726 -0.007157839
v -0.2051778 0.6650535 -0.026351808
v -0.209165 0.6505032 -0.043734346
v -0.20901808 0.6574272 -0.011438446
v -0.19627286 0.60556734 -0.026852738
v -0.2009237 0.6001684 -0.011256267
v -0.18886128 0.5542738 -0.031437635
v -0.1923122 0.5485067 -0.01225798
v -0.19944529 0.5857142 -0.04555847
v -0.19298495 0.5236834 -0.04901389
v -0.18380605 0.51442367 -0.031230982
v -0.18093346 0.46865416 -0.04399446
v -0.1860986 0.5008072 -0.009713277
v -0.17553745 0.46226522 -0.023841372
v -0.18726856 0.4631324 -0.0049107764
v -0.17218956 0.42604095 -0.03762075
v -0.17056772 0.42734432 -0.021897284
v -0.18155292 0.429215 -0.0050036823
v -0.16881399 0.40966853 -0.025034677
v -0.1725942 0.4117269 -0.0061518755
v -0.17696926 0.40611127 -0.052577578
v -0.16187996 0.40438437 -0.035284586
v -0.1869077 0.4327171 -0.052049834
v -0.17027982 0.39436096 -0.05047489
v -0.15905446 0.39019084 -0.022392882
v -0.16254933 0.40171304 -0.009308173
v -0.16686366 0.38544545 -0.0010454352
v -0.17248614 0.40235427 0.004422542
v -0.15895529 0.28814566 -0.07167887
v -0.17341396 0.30305701 -0.063467406
v -0.170055 0.30225247 -0.074178
v -0.2004159 0.3247944 -0.05477446
v -0.16266808 0.29332095 -0.062045798
v -0.21714962 0.34586394 -0.052771542
v -0.19712886 0.33456838 -0.06575445
v -0.21889743 0.35874623 -0.052682303
v -0.16034469 0.30578816 -0.063007124
v -0.16266808 0.29332095 -0.062045798
v -0.16187122 0.29139882 -0.05261465
v -0.16878185 0.28226265 -0.06378592
v -0.19349536 0.2569778 -0.05316829
v -0.15895529 0.28814566 -0.07167887
v -0.18752632 0.25363976 -0.064348824
v -0.20317939 0.23230276 -0.04701907
v -0.2088186 0.24401394 -0.034223597
v -0.21098164 0.27865577 -0.028372712
v -0.20367007 0.2962461 -0.04764487
v -0.21923673 0.33324787 -0.02721166
v -0.2004159 0.3247944 -0.05477446
v -0.22225946 0.3515199 -0.038878027
v -0.22053093 0.33858505 -0.010261614
v -0.21577781 0.31443965 -0.017025031
v -0.20798072 0.24627435 -0.015826007
v -0.20989484 0.23959142 -0.0036850944
v -0.20836756 0.2263012 -0.013652753
v -0.20435053 0.22764996 -0.033837125
v -0.20094396 0.1975793 -0.026359893
v -0.18907636 0.21322697 -0.049759652
v -0.19312097 0.19569752 -0.0467734
v -0.17802458 0.1959362 -0.055092882
v -0.21714962 0.34586394 -0.052771542
v -0.21889743 0.35874623 -0.052682303
v -0.22020514 0.027441233 -0.18616644
v -0.22031397 0.026955336 -0.18632585
v -0.22023411 0.026634991 -0.18553717
v -0.21888824 0.027012795 -0.1863869
v -0.22050884 0.028963357 -0.1813413
v -0.21794255 0.026319891 -0.18464585
v -0.22033226 0.026381433 -0.1872972
v -0.22018905 0.025905013 -0.18653561
v -0.22031397 0.026955336 -0.18632585
v -0.21874137 0.02581808 -0.18664415
v -0.21890473 0.025930822 -0.18734251
v -0.21782547 0.030142784 -0.2031774
v -0.217219 0.034456998 -0.19685747
v -0.22159609 0.036894083 -0.19608755
v -0.22026512 0.03750834 -0.19540958
v -0.221306 0.038139075 -0.19519189
v -0.21933769 0.03801021 -0.19590029
v -0.2200459 0.037463516 -0.19594052
v -0.21427879 0.036860883 -0.19621806
v -0.21398556 0.03849408 -0.19527124
v -0.20807339 0.03210327 -0.20223653
v -0.21935607 0.0397397 -0.19529106
v -0.21767892 0.042621136 -0.19418861
v -0.220474 0.03876522 -0.19441439
v -0.21278363 0.039170712 -0.19433495
v -0.22029673 0.03845966 -0.19482175
v -0.21057446 0.040528804 -0.19521458
v -0.21156786 0.04878354 -0.1902643
v -0.21935607 0.0397397 -0.19529106
v -0.2214912 0.03966233 -0.19703338
v -0.21933769 0.03801021 -0.19590029
v -0.21933769 0.03801021 -0.19590029
v -0.22050376 0.037834764 -0.19621544
v -0.2200459 0.037463516 -0.19594052
v -0.22159609 0.036894083 -0.19608755
v -0.2214912 0.03966233 -0.19703338
v -0.2200459 0.037463516 -0.19594052
v -0.22026512 0.03750834 -0.19540958
v -0.217219 0.034456998 -0.19685747
v -0.22048175 0.037780046 -0.19605817
v -0.2214912 0.03966233 -0.19703338
v -0.21782547 0.030142784 -0.2031774
v -0.22159609 0.036894083 -0.19608755
v -0.21767892 0.042621136 -0.19418861
v -0.21156786 0.04878354 -0.1902643
v -0.20807339 0.03210327 -0.20223653
v -0.2121923 0.020833224 -0.21134901
v -0.2055968 0.014787376 -0.21589595
v -0.2024244 0.012535721 -0.2056029
v -0.22059631 0.023712218 0.028651234
v -0.23066753 0.015040159 0.020757336
v -0.22242755 0.01639679 0.03239426
v -0.21442927 0.035662055 -0.14735435
v -0.22938694 0.028910577 -0.14388753
v -0.21865259 0.045041323 -0.14738615
v -0.2219176 0.033869177 -0.15777548
v -0.21978319 0.02395147 -0.13344006
v -0.2201794 0.027810127 -0.18510816
v -0.22362128 0.024878532 -0.18506886
v -0.22050884 0.028963357 -0.1813413
v -0.21994443 0.027871728 -0.18504743
v -0.21794255 0.026319891 -0.18464585
v -0.21959439 0.027268112 -0.18552108
v -0.21994443 0.027871728 -0.18504743
v -0.2201794 0.027810127 -0.18510816
v -0.22023411 0.026634991 -0.18553717
v -0.2201794 0.027810127 -0.18510816
v -0.22050884 0.028963357 -0.1813413
v -0.21959439 0.027268112 -0.18552108
v -0.22031397 0.026955336 -0.18632585
v -0.22018905 0.025905013 -0.18653561
v -0.21956037 0.026349455 -0.18640327
v -0.21888824 0.027012795 -0.1863869
v -0.21874137 0.02581808 -0.18664415
v -0.21890473 0.025930822 -0.18734251
v -0.2173428 0.024748236 -0.18894085
v -0.22050025 0.025333524 -0.18741947
v -0.22033226 0.026381433 -0.1872972
v -0.22020514 0.027441233 -0.18616644
v -0.22050884 0.028963357 -0.1813413
v -0.21994443 0.027871728 -0.18504743
v -0.21794255 0.026319891 -0.18464585
v -0.20904155 0.019517124 -0.18702875
v -0.2173428 0.024748236 -0.18894085
v -0.21874137 0.02581808 -0.18664415
v -0.20322807 0.017612696 -0.19583139
v -0.21956037 0.026349455 -0.18640327
v -0.22023411 0.026634991 -0.18553717
v -0.22020514 0.027441233 -0.18616644
v -0.21994443 0.027871728 -0.18504743
v -0.21959439 0.027268112 -0.18552108
v -0.21888824 0.027012795 -0.1863869
v -0.21794255 0.026319891 -0.18464585
v -0.21959439 0.027268112 -0.18552108
v -0.22362128 0.024878532 -0.18506886
v -0.21794255 0.026319891 -0.18464585
v -0.22063443 0.03914109 -0.19478258
v -0.221306 0.038139075 -0.19519189
v -0.220474 0.03876522 -0.19441439
v -0.21767892 0.042621136 -0.19418861
v -0.2214912 0.03966233 -0.19703338
v -0.21602005 0.02645719 -0.2253276
v -0.21886362 0.010681331 -0.19951867
v -0.21527198 0.01988417 -0.20536348
v -0.2121923 0.020833224 -0.21134901
v -0.21782547 0.030142784 -0.2031774
v -0.20516832 0.024336606 -0.21817885
v -0.20201245 0.027398437 -0.22222356
v -0.217219 0.034456998 -0.19685747
v -0.22029673 0.03845966 -0.19482175
v -0.221306 0.038139075 -0.19519189
v -0.22063443 0.03914109 -0.19478258
v -0.21935607 0.0397397 -0.19529106
v -0.2214912 0.03966233 -0.19703338
v -0.22050376 0.037834764 -0.19621544
v -0.22048175 0.037780046 -0.19605817
v -0.221306 0.038139075 -0.19519189
v -0.21933769 0.03801021 -0.19590029
v -0.22048175 0.037780046 -0.19605817
v -0.2200459 0.037463516 -0.19594052
v -0.22159609 0.036894083 -0.19608755
v -0.221306 0.038139075 -0.19519189
v -0.22050376 0.037834764 -0.19621544
v -0.221306 0.038139075 -0.19519189
v -0.2214912 0.03966233 -0.19703338
v -0.22026512 0.03750834 -0.19540958
v -0.22048175 0.037780046 -0.19605817
v -0.21933769 0.03801021 -0.19590029
v -0.21933769 0.03801021 -0.19590029
v -0.221306 0.038139075 -0.19519189
v -0.22029673 0.03845966 -0.19482175
v -0.2214912 0.03966233 -0.19703338
v -0.21358684 0.8359713 -0.033420675
v -0.22005157 0.8116714 -0.03918577
v -0.22280793 0.8270863 -0.034108464
v -0.21073504 0.81245846 -0.04661006
v -0.19847654 0.83013654 -0.040669885
v -0.20554915 0.84172547 -0.023597213
v -0.18633336 0.83609664 -0.020934323
v -0.18269795 0.82184035 -0.036160417
v -0.13378868 0.8325694 -0.017906224
v -0.13671845 0.80361557 -0.03385272
v -0.09709814 0.8279704 -0.029599424
v -0.072848655 0.8216895 -0.034957945
v -0.09038112 0.8411597 -0.018791664
v -0.06583679 0.8364775 -0.02338731
v -0.055502683 0.8275188 -0.039599955
v -0.05172928 0.84712124 -0.017664505
v -0.08803219 0.8062539 -0.033497147
v -0.07989958 0.8419572 -0.0070326496
v -0.020297213 0.8413377 -0.023635209
v -0.029519884 0.8510206 -0.0038042301
v -0.02571097 0.8162491 -0.047186118
v -0.051939026 0.80151963 -0.043114778
v -0.057479963 0.80160844 -0.02890484
v -0.0358821 0.7992386 -0.047840364
v -0.22053093 0.33858505 -0.010261614
v -0.21577781 0.31443965 -0.017025031
v -0.20769918 0.33032775 0.0022098562
v -0.20755365 0.29517967 -0.003377817
v -0.19592887 0.30005443 0.0036746478
v -0.21098164 0.27865577 -0.028372712
v -0.20798072 0.24627435 -0.015826007
v -0.19230679 0.25638014 0.0040119994
v -0.20989484 0.23959142 -0.0036850944
v -0.18935946 0.25616628 0.017193897
v -0.17452908 0.28310597 0.007203032
v -0.20125335 0.23434126 0.00197043
v -0.20836756 0.2263012 -0.013652753
v -0.18885645 0.2395527 0.010837248
v -0.18427528 0.2139835 0.0058977795
v -0.17691776 0.26130244 0.020812238
v -0.17220798 0.2826177 0.018924292
v -0.16754477 0.3075323 0.010420831
v -0.16408202 0.3086198 0.003826148
v -0.16687106 0.29696852 0.017898483
v -0.15938027 0.3377397 -0.0018522185
v -0.15768765 0.3287333 0.007521565
v -0.15819524 0.29848543 0.01257397
v -0.15865524 0.3633415 -0.0016201413
v -0.15091968 0.3603641 -0.000004069181
v -0.16059296 0.35661125 -0.008804722
v -0.19388446 0.20176315 -0.0024376223
v -0.17242117 0.2183047 0.008155644
v -0.17032616 0.19619519 0.008179156
v -0.20094396 0.1975793 -0.026359893
v -0.18813992 0.32453924 0.007619699
v -0.21398556 0.03849408 -0.19527124
v -0.21357413 0.038830727 -0.19486687
v -0.21324198 0.03933999 -0.19426958
v -0.21315338 0.03970048 -0.19371122
v -0.21360855 0.038549066 -0.19458112
v -0.2131229 0.037701935 -0.19499426
v -0.21767892 0.042621136 -0.19418861
v -0.21398556 0.03849408 -0.19527124
v -0.21355887 0.03740695 -0.19582626
v -0.21057446 0.040528804 -0.19521458
v -0.21278363 0.039170712 -0.19433495
v -0.21281287 0.0383386 -0.19512838
v -0.21315338 0.03970048 -0.19371122
v -0.21324198 0.03933999 -0.19426958
v -0.21057446 0.040528804 -0.19521458
v -0.21398556 0.03849408 -0.19527124
v -0.21278363 0.039170712 -0.19433495
v -0.21357413 0.038830727 -0.19486687
v -0.21398556 0.03849408 -0.19527124
v -0.21281287 0.0383386 -0.19512838
v -0.2131229 0.037701935 -0.19499426
v -0.217219 0.034456998 -0.19685747
v -0.20807339 0.03210327 -0.20223653
v -0.21205209 0.03727293 -0.19574691
v -0.21527198 0.01988417 -0.20536348
v -0.21057446 0.040528804 -0.19521458
v -0.2024244 0.012535721 -0.2056029
v -0.21886362 0.010681331 -0.19951867
v -0.21325237 0.11169216 0.0014627995
v -0.2193542 0.109561026 0.013613025
v -0.21169035 0.123859406 0.011999747
v -0.19594768 0.13097933 0.007498985
v -0.20735274 0.12318829 -0.009389207
v -0.21323302 0.110607445 -0.035729375
v -0.20912772 0.12975615 -0.03132081
v -0.1998957 0.12326357 -0.05586544
v -0.20798129 0.13998917 -0.02124954
v -0.20186743 0.14129052 -0.047236376
v -0.20735452 0.14469159 -0.052914646
v -0.21206109 0.15756208 -0.035366323
v -0.20087439 0.16767296 -0.055659696
v -0.21179028 0.14386225 -0.007693438
v -0.21176027 0.18172461 -0.015282286
v -0.2010816 0.19174773 -0.052169673
v -0.20094396 0.1975793 -0.026359893
v -0.19971518 0.10789901 -0.062886864
v -0.15347484 0.31815267 -0.022601876
v -0.16408283 0.32525718 -0.0020335815
v -0.1552845 0.30255663 -0.011998352
v -0.15975584 0.36376613 -0.02392254
v -0.16208147 0.2940603 0.0006658044
v -0.1396636 0.2893189 -0.02148854
v -0.1442919 0.28575712 -0.013550431
v -0.15865524 0.3633415 -0.0016201413
v -0.17053697 0.3513896 0.0014602002
v -0.16059296 0.35661125 -0.008804722
v -0.18813992 0.32453924 0.007619699
v -0.17762902 0.2974714 0.005555852
v -0.17452908 0.28310597 0.007203032
v -0.20179288 0.35301262 0.009294214
v -0.20590419 0.3419534 0.008420223
v -0.19592887 0.30005443 0.0036746478
v -0.19230679 0.25638014 0.0040119994
v -0.18083127 0.3639732 0.01003865
v -0.16366741 0.37566105 0.0019910343
v -0.18551853 0.36850834 0.020488331
v -0.21920098 0.35831147 0.019873504
v -0.16254076 0.38504183 0.015820704
v -0.21912378 0.34067172 0.01010205
v -0.17712206 0.38204408 0.014739545
v -0.20806514 0.3701697 0.017593874
v -0.18991369 0.31814563 0.018779457
v -0.19799078 0.33322775 0.0156251
v -0.1824476 0.32163578 0.014672576
v -0.20590419 0.3419534 0.008420223
v -0.16473028 0.3091991 0.020421438
v -0.18991369 0.31814563 0.018779457
v -0.152515 0.29074454 0.024557913
v -0.13559991 0.28395462 0.005033063
v -0.14663409 0.2963116 0.01314033
v -0.14567886 0.27522963 0.0067513576
v -0.13861632 0.26922286 -0.0013948455
v -0.12167204 0.2726273 -0.026752252
v -0.18991369 0.31814563 0.018779457
v -0.19799078 0.33322775 0.0156251
v -0.20590419 0.3419534 0.008420223
v -0.21442927 0.035662055 -0.14735435
v -0.21865259 0.045041323 -0.14738615
v -0.21978319 0.02395147 -0.13344006
v -0.21357413 0.038830727 -0.19486687
v -0.21360855 0.038549066 -0.19458112
v -0.21767892 0.042621136 -0.19418861
v -0.21278363 0.039170712 -0.19433495
v -0.21057446 0.040528804 -0.19521458
v -0.21057446 0.040528804 -0.19521458
v -0.21205209 0.03727293 -0.19574691
v -0.21398556 0.03849408 -0.19527124
v -0.2131229 0.037701935 -0.19499426
v -0.21355887 0.03740695 -0.19582626
v -0.217219 0.034456998 -0.19685747
v -0.21427879 0.036860883 -0.19621806
v -0.21205209 0.03727293 -0.19574691
v -0.20807339 0.03210327 -0.20223653
v -0.21205209 0.03727293 -0.19574691
v -0.21355887 0.03740695 -0.19582626
v -0.21398556 0.03849408 -0.19527124
v -0.20749286 0.09964013 -0.042279128
v -0.2108401 0.09819701 -0.044824377
v -0.21030432 0.097474694 -0.0375539
v -0.2041167 0.09355536 -0.059112623
v -0.2108401 0.09819701 -0.044824377
v -0.21045808 0.097611636 -0.06419024
v -0.21577524 0.10158917 -0.03861234
v -0.19826744 0.09637952 -0.078758724
v -0.19489089 0.08492607 -0.064495035
v -0.20867892 0.09202683 -0.042324793
v -0.21165016 0.09962529 -0.04008491
v -0.21030432 0.097474694 -0.0375539
v -0.20749286 0.09964013 -0.042279128
v -0.21577524 0.10158917 -0.03861234
v -0.2108401 0.09819701 -0.044824377
v -0.21324198 0.03933999 -0.19426958
v -0.21357413 0.038830727 -0.19486687
v -0.21767892 0.042621136 -0.19418861
v -0.21278363 0.039170712 -0.19433495
v -0.21281287 0.0383386 -0.19512838
v -0.21398556 0.03849408 -0.19527124
v -0.21360855 0.038549066 -0.19458112
v -0.21278363 0.039170712 -0.19433495
v -0.22512673 0.83114123 0.00039072032
v -0.21197198 0.83025736 0.011061918
v -0.21105085 0.8417084 -0.008196294
v -0.19411528 0.83832586 -0.006672182
v -0.19520068 0.83207124 0.0113102365
v -0.20554915 0.84172547 -0.023597213
v -0.18633336 0.83609664 -0.020934323
v -0.21315338 0.03970048 -0.19371122
v -0.21278363 0.039170712 -0.19433495
v -0.21398556 0.03849408 -0.19527124
v -0.21179028 0.14386225 -0.007693438
v -0.20290966 0.1573003 0.0016009116
v -0.21176027 0.18172461 -0.015282286
v -0.19937973 0.14138111 0.0074437703
v -0.19327767 0.17672837 0.015207962
v -0.17823473 0.15872058 0.020464158
v -0.2010385 0.19200438 0.0040136934
v -0.18735822 0.19272664 0.016927892
v -0.18047605 0.1476588 0.023019282
v -0.17357501 0.14095533 0.016344361
v -0.19594768 0.13097933 0.007498985
v -0.20735274 0.12318829 -0.009389207
v -0.17390066 0.12772673 0.019715104
v -0.20798129 0.13998917 -0.02124954
v -0.2105975 0.09947282 -0.041035425
v -0.2108401 0.09819701 -0.044824377
v -0.21165016 0.09962529 -0.04008491
v -0.19533437 0.78888255 -0.032526266
v -0.21374848 0.78074646 -0.019030018
v -0.21512038 0.79035634 -0.042632397
v -0.20572312 0.7819854 -0.007354782
v -0.200365 0.7875943 -0.047088057
v -0.18263818 0.78796834 -0.022565
v -0.21380849 0.7946164 0.003910676
v -0.2208567 0.7882216 -0.00554052
v -0.1803889 0.7777062 -0.0127251595
v -0.13671845 0.80361557 -0.03385272
v -0.14730896 0.78146315 -0.017373161
v -0.14376807 0.7855442 -0.013557848
v -0.099520855 0.7913004 -0.010598843
v -0.08803219 0.8062539 -0.033497147
v -0.13009821 0.7904941 -0.002215398
v -0.10605688 0.8001597 0.0069807395
v -0.17024325 0.7827201 -0.0077430336
v -0.07272897 0.80424064 0.0058885487
v -0.061936967 0.7955946 -0.010855664
v -0.057479963 0.80160844 -0.02890484
v -0.05600662 0.79746485 -0.00009093573
v -0.055362057 0.7872209 -0.024629446
v -0.043410856 0.79028285 -0.008786994
v -0.051939026 0.80151963 -0.043114778
v -0.039919727 0.78551924 -0.03406568
v -0.0358821 0.7992386 -0.047840364
v -0.019867444 0.79478717 -0.035895586
v -0.02571097 0.8162491 -0.047186118
v 0.020918215 0.79666173 -0.02316716
v -0.04255688 0.78140867 -0.021482881
v -0.03875722 0.80517006 0.018962855
v -0.025973018 0.8027196 0.011596807
v -0.019931726 0.7951876 -0.012318581
v -0.01939176 0.79002273 -0.02400547
v -0.055502683 0.8275188 -0.039599955
v -0.1873416 0.103236735 -0.030925646
v -0.21030432 0.097474694 -0.0375539
v -0.2105975 0.09947282 -0.041035425
v -0.19344206 0.10083249 -0.042509884
v -0.20749286 0.09964013 -0.042279128
v -0.18142687 0.09824824 -0.039350998
v -0.1848543 0.10245362 -0.05020909
v -0.2041167 0.09355536 -0.059112623
v -0.194949 0.10047951 -0.059980437
v -0.20867892 0.09202683 -0.042324793
v -0.21030432 0.097474694 -0.0375539
v -0.2108401 0.09819701 -0.044824377
v -0.2105975 0.09947282 -0.041035425
v -0.21030432 0.097474694 -0.0375539
v -0.1873416 0.103236735 -0.030925646
v -0.21165016 0.09962529 -0.04008491
v -0.21442927 0.035662055 -0.14735435
v -0.21683335 0.020085037 -0.14631595
v -0.2219176 0.033869177 -0.15777548
v -0.20689471 0.03544432 -0.13980585
v -0.21171497 0.021059215 -0.13689241
v -0.20928538 0.04216844 -0.13009308
v -0.20594037 0.025235444 -0.12954317
v -0.18442759 0.059732407 -0.13334462
v 0.037749294 0.363688 0.000546067
v 0.046883117 0.35059863 -0.0055815075
v 0.031790446 0.36462516 -0.0068301633
v 0.0360689 0.34700534 -0.01305227
v 0.03597394 0.37572938 -0.0011220826
v 0.048107307 0.33872697 -0.0031013954
v 0.018210743 0.3545583 -0.0174277
v 0.03864257 0.33706474 -0.017429166
v 0.23370412 0.74143845 -0.002385579
v 0.22569907 0.7192085 -0.0060139894
v 0.21738186 0.75484043 -0.006122737
v 0.22186463 0.8027799 0.0010256805
v 0.20892666 0.80868506 0.0005038625
v 0.22528668 0.770632 0.0013435679
v 0.22060475 0.8370372 -0.0020836038
v 0.2047416 0.8449516 -0.0054285815
v 0.22917499 0.7229387 0.0019780246
v 0.2295542 0.6870144 0.0015622205
v 0.2196712 0.6985205 -0.006873563
v 0.21112666 0.7343583 0.004686412
v 0.202062 0.7154505 0.003500637
v 0.19318122 0.72804016 0.0121549005
v 0.20566534 0.7044005 -0.0014211619
v 0.22569907 0.7192085 -0.0060139894
v 0.20949048 0.750014 0.00071608997
v 0.21738186 0.75484043 -0.006122737
v 0.20559989 0.7687911 0.0025794744
v 0.20892666 0.80868506 0.0005038625
v 0.19631895 0.7609364 0.008979045
v 0.2196712 0.6985205 -0.006873563
v 0.20949048 0.750014 0.00071608997
v 0.21112666 0.7343583 0.004686412
v 0.20743917 0.76253164 0.010584686
v -0.20613648 0.7571042 0.0024346903
v -0.20572312 0.7819854 -0.007354782
v -0.19122139 0.7533189 -0.008847286
v -0.1803889 0.7777062 -0.0127251595
v -0.18733625 0.66655934 -0.0011739391
v -0.17510322 0.69572175 -0.009746756
v -0.13905154 0.71382904 -0.014350867
v -0.16478673 0.6384245 -0.0071492074
v -0.16530126 0.55902374 -0.0014317431
v -0.15142573 0.6588694 -0.013080189
v -0.13289589 0.60691357 -0.013792962
v -0.13835399 0.5830273 -0.0037257639
v -0.11681083 0.61778337 -0.016184961
v -0.101254985 0.56331193 -0.01658566
v -0.123863995 0.66659343 -0.010160214
v -0.093100585 0.614849 -0.0074097086
v -0.07677219 0.6466188 -0.009587332
v -0.0881418 0.5728369 -0.014662318
v -0.059146777 0.5708275 -0.0014975648
v -0.05408297 0.60604775 -0.001489162
v -0.06840203 0.52892363 -0.013473092
v -0.040683568 0.54386467 -0.001048456
v -0.09732019 0.52180827 -0.0065328702
v -0.057558086 0.47494155 -0.008560657
v -0.028935459 0.48170662 -0.007995884
v -0.078666 0.46571916 -0.000420162
v -0.10655375 0.4793635 0.003018614
v -0.038214512 0.43473643 -0.006909445
v -0.06207173 0.41341728 0.00066725514
v -0.019635541 0.39812157 -0.007681788
v -0.08596677 0.44554037 0.004097611
v -0.07981191 0.39204276 -0.0021519503
v -0.10270353 0.4397263 -0.0021093395
v -0.1371234 0.4854932 -0.0074126273
v -0.10646586 0.39731216 -0.0139953215
v -0.09319446 0.3700782 -0.013974834
v -0.13139823 0.44703674 -0.010293574
v -0.1378208 0.42128614 -0.007684772
v -0.15301234 0.47889268 -0.005432753
v -0.14037433 0.38766822 -0.009367809
v -0.11566962 0.37247437 -0.011523546
v -0.13479394 0.37229818 -0.008031593
v -0.1541876 0.37491912 -0.012686342
v -0.15091968 0.3603641 -0.000004069181
v -0.1398437 0.3620994 -0.004444277
v -0.1276978 0.3708682 -0.00027160207
v -0.087382056 0.36226445 0.00009546941
v -0.057497066 0.36145112 -0.0035104924
v -0.052101266 0.34248966 -0.0005809874
v -0.01319278 0.34630948 -0.01162027
v -0.016040111 0.33443224 -0.005714901
v -0.0026779887 0.36645076 -0.010806767
v 0.018210743 0.3545583 -0.0174277
v 0.023778982 0.3823075 -0.013535898
v 0.0063486584 0.42046496 -0.011875166
v 0.014130713 0.36441678 -0.012226846
v 0.037399195 0.4003944 -0.010539319
v 0.038482085 0.43206748 -0.010687077
v 0.04391617 0.46331358 -0.0051479097
v 0.069905065 0.43595827 -0.0055831997
v 0.05708751 0.38203213 -0.003918833
v 0.104983814 0.40250584 -0.017337985
v 0.032276105 0.38317096 -0.007961302
v 0.03597394 0.37572938 -0.0011220826
v 0.046883117 0.35059863 -0.0055815075
v 0.047362976 0.3701015 0.0034944932
v 0.07576332 0.3560979 -0.013544809
v 0.037749294 0.363688 0.000546067
v 0.03864257 0.33706474 -0.017429166
v 0.019026207 0.3329783 -0.016077442
v 0.048107307 0.33872697 -0.0031013954
v 0.06289072 0.34083 -0.008667793
v 0.10526697 0.34018427 -0.018508723
v 0.11600877 0.3508433 -0.023111712
v 0.14034662 0.33851147 -0.027002376
v 0.14119568 0.3641389 -0.025569662
v 0.16280833 0.33829713 -0.024221878
v 0.1705533 0.3826304 -0.014781758
v 0.14423227 0.40557092 -0.02381555
v 0.1831304 0.33062214 -0.014879424
v 0.18713424 0.34365666 -0.009060972
v 0.1803803 0.36772513 -0.009232767
v 0.18314485 0.3879865 -0.004257231
v 0.19883284 0.40398535 -0.00959594
v 0.1774442 0.42131522 -0.007418493
v 0.1620692 0.4428782 -0.017266085
v 0.20137529 0.44253695 -0.008791202
v 0.18014266 0.4702804 -0.0031745592
v 0.2387889 0.4240372 -0.009691877
v 0.2453734 0.46957165 -0.0128962435
v 0.20688322 0.5115499 -0.0055489885
v 0.27233252 0.46880883 -0.0115104215
v 0.28349864 0.4196634 -0.009668632
v 0.24846482 0.500756 -0.014104784
v 0.2560567 0.52522624 -0.0046946704
v 0.24123076 0.53291875 -0.008118004
v 0.2195965 0.5776993 -0.0047252057
v 0.24424195 0.56961846 -0.0031060246
v 0.21863219 0.6207897 0.0012313279
v 0.19059178 0.59734654 -0.0011123274
v 0.23765324 0.63231134 -0.0012105065
v 0.22166812 0.6780958 0.0017417601
v 0.21167254 0.66319567 0.008112192
v 0.2295542 0.6870144 0.0015622205
v 0.21919294 0.70490813 0.00019376399
v 0.2091658 0.70146155 0.005701373
v 0.20566534 0.7044005 -0.0014211619
v 0.20029338 0.6863003 0.0021850946
v 0.18086882 0.720457 0.0039005417
v 0.202062 0.7154505 0.003500637
v 0.16883896 0.6684266 0.0029842556
v 0.18477331 0.6491579 -0.0058224127
v 0.14074865 0.6657233 0.0022625152
v 0.14591455 0.7365681 0.00018085772
v 0.16110608 0.6261315 -0.0007700687
v 0.13786416 0.5727732 -0.0011045989
v 0.11995044 0.6070548 -0.0038964925
v 0.16504179 0.58088535 -0.011697636
v 0.14487536 0.51736516 -0.01892848
v 0.11315492 0.491318 -0.0064089727
v 0.17490031 0.51698554 -0.007625442
v 0.18795274 0.56303465 -0.003424209
v 0.1390418 0.45889246 -0.02343467
v 0.12239221 0.46277112 -0.019089222
v 0.19892713 0.64831907 0.0025832225
v 0.204742 0.6304563 0.007705084
v 0.09127837 0.4485789 -0.005343347
v 0.09019112 0.5044965 -0.002102591
v 0.100597516 0.54749644 -0.0021950179
v 0.05074341 0.5045974 -0.0036947113
v 0.01635196 0.5168165 0.0006015615
v 0.01347105 0.5661151 0.00043760496
v 0.07831805 0.6109862 -0.0067545753
v 0.005385927 0.6381862 -0.009157205
v 0.11173942 0.655109 -0.0067756353
v 0.0882243 0.7012968 -0.014496641
v 0.11072763 0.7720454 -0.012195475
v 0.06669011 0.7433742 -0.020382728
v 0.1504071 0.7984396 -0.00027259998
v 0.128496 0.82105553 -0.010794128
v 0.17956327 0.78656036 0.003926895
v 0.1760735 0.8328148 0.0018704243
v 0.18700196 0.76344544 0.0034296587
v 0.20559989 0.7687911 0.0025794744
v 0.19631895 0.7609364 0.008979045
v 0.19318122 0.72804016 0.0121549005
v 0.20892666 0.80868506 0.0005038625
v 0.19780211 0.8377217 0.0040724403
v 0.2047416 0.8449516 -0.0054285815
v 0.19639273 0.85147345 -0.00009681471
v 0.17176181 0.84943116 -0.0036649015
v 0.119007796 0.8305441 -0.013125818
v 0.07846773 0.8114079 -0.024979232
v 0.089580946 0.7907109 -0.014703048
v 0.03932798 0.800155 -0.030956056
v 0.058478035 0.794764 -0.023858063
v 0.012974802 0.7758275 -0.024488814
v 0.020918215 0.79666173 -0.02316716
v -0.0349962 0.7630558 -0.024136158
v -0.039919727 0.78551924 -0.03406568
v 0.011540122 0.7478461 -0.023200361
v 0.043417227 0.7709534 -0.017379787
v -0.044132885 0.7344501 -0.024345614
v -0.11005317 0.7523861 -0.020447243
v 0.030437224 0.7133565 -0.024411852
v -0.020715786 0.6934923 -0.022222182
v -0.07785267 0.69167113 -0.018638384
v -0.14730896 0.78146315 -0.017373161
v -0.08882455 0.7765874 -0.030220974
v -0.057161838 0.7674787 -0.03105177
v -0.03145638 0.57873875 0.008357353
v -0.046489608 0.5672059 0.0051043644
v -0.03526637 0.5607326 0.0057540294
v -0.021438517 0.51819813 -0.0011028242
v 0.29809323 0.4165784 -0.0066456757
v 0.26342475 0.3982953 -0.007040928
v 0.2994752 0.37442458 -0.009129655
v 0.2540756 0.3766688 -0.010995921
v 0.27517647 0.3352432 -0.010250689
v 0.3008073 0.28616738 -0.008379121
v 0.26157779 0.3520211 -0.012348797
v 0.26325896 0.32848966 -0.018044496
v 0.23832136 0.3367006 -0.0119590415
v 0.27268797 0.30259407 -0.015517078
v 0.2527346 0.3189698 -0.015921416
v 0.2790587 0.30086184 -0.0077688973
v 0.3192025 0.31800956 -0.007982709
v 0.32129335 0.27617806 -0.008692926
v 0.31945905 0.2564118 -0.0011092443
v 0.015577663 0.37447262 -0.004716696
v -0.15050167 0.5375292 -0.0053695515
v -0.12760112 0.5255743 -0.0005573323
v -0.21380849 0.7946164 0.003910676
v 0.090317115 0.8235284 -0.010962451
v -0.17024325 0.7827201 -0.0077430336
v -0.18745638 0.79044425 -0.0016645673
v -0.16783573 0.79693055 0.0011977735
v 0.03550667 0.36928353 0.0053038453
v -0.15484704 0.40532857 -0.00043836283
v -0.16008219 0.45704782 0.007090901
v -0.20749286 0.09964013 -0.042279128
v -0.21030432 0.097474694 -0.0375539
v -0.20867892 0.09202683 -0.042324793
v -0.19344206 0.10083249 -0.042509884
v -0.20136094 0.023527741 -0.22190514
v -0.20201245 0.027398437 -0.22222356
v -0.20211029 0.023413599 -0.21890591
v -0.20211029 0.023413599 -0.21890591
v -0.20516832 0.024336606 -0.21817885
v -0.2055968 0.014787376 -0.21589595
v -0.2121923 0.020833224 -0.21134901
v -0.2022597 0.023718059 -0.22072867
v -0.20201245 0.027398437 -0.22222356
v -0.2022597 0.023718059 -0.22072867
v -0.20211029 0.023413599 -0.21890591
v -0.20136094 0.023527741 -0.22190514
v -0.2022597 0.023718059 -0.22072867
v -0.20353393 0.021828175 -0.21981147
v -0.20201245 0.027398437 -0.22222356
v -0.13691263 0.20081082 -0.03122298
v -0.14997408 0.19915366 0.0029069735
v -0.1270585 0.20052165 -0.013442744
v -0.14066486 0.199171 0.007940885
v -0.16374888 0.19631982 0.019018631
v -0.17032616 0.19619519 0.008179156
v -0.18735822 0.19272664 0.016927892
v -0.2010385 0.19200438 0.0040136934
v -0.12472354 0.19935483 -0.034850623
v -0.1367463 0.20009923 -0.050366156
v -0.15192224 0.20070907 -0.05055803
v -0.17021616 0.19447565 -0.06758246
v -0.17802458 0.1959362 -0.055092882
v -0.2010816 0.19174773 -0.052169673
v -0.19312097 0.19569752 -0.0467734
v -0.20094396 0.1975793 -0.026359893
v -0.19388446 0.20176315 -0.0024376223
v -0.21176027 0.18172461 -0.015282286
v -0.12472354 0.19935483 -0.034850623
v -0.12122639 0.1967963 -0.049666785
v -0.13133654 0.19253519 -0.050243024
v -0.12408988 0.20940232 -0.04317694
v -0.1270585 0.20052165 -0.013442744
v -0.12070141 0.2114588 -0.020043433
v -0.120628655 0.20127901 0.0022226302
v -0.11203172 0.21243209 -0.051893473
v -0.110798724 0.21604085 -0.03293877
v -0.097376004 0.22062084 -0.044756763
v -0.102542974 0.22414857 -0.028146975
v -0.08823739 0.22267842 -0.026826734
v -0.1187692 0.22791559 -0.0164182
v -0.20353393 0.021828175 -0.21981147
v -0.2055968 0.014787376 -0.21589595
v -0.21602005 0.02645719 -0.2253276
v -0.20211029 0.023413599 -0.21890591
v -0.20187177 0.023581803 -0.22029346
v -0.20136094 0.023527741 -0.22190514
v -0.20353393 0.021828175 -0.21981147
v -0.21602005 0.02645719 -0.2253276
v -0.20201245 0.027398437 -0.22222356
v -0.20516832 0.024336606 -0.21817885
v -0.20353393 0.021828175 -0.21981147
v -0.20201245 0.027398437 -0.22222356
v -0.2022597 0.023718059 -0.22072867
v -0.20187177 0.023581803 -0.22029346
v -0.20516832 0.024336606 -0.21817885
v -0.20136094 0.023527741 -0.22190514
v -0.20187177 0.023581803 -0.22029346
v -0.20353393 0.021828175 -0.21981147
v -0.20516832 0.024336606 -0.21817885
v -0.20211029 0.023413599 -0.21890591
v -0.20187177 0.023581803 -0.22029346
v -0.20136094 0.023527741 -0.22190514
v -0.19641252 0.029538602 0.16174607
v -0.19961956 0.02013737 0.1548911
v -0.19134076 0.027247667 0.17562403
v -0.19196509 0.012530029 0.16685759
v -0.2054462 0.0104287565 0.1466444
v -0.18390653 0.0153437555 0.1863632
v -0.18199714 0.010784924 0.19254775
v -0.1875442 0.03617406 0.19213192
v -0.17767568 0.017583013 0.19715944
v -0.18818875 0.029208422 0.20476863
v -0.1848838 0.015051484 0.21022524
v -0.19712886 0.33456838 -0.06575445
v -0.2029964 0.349847 -0.055445053
v -0.1867005 0.33050895 -0.06034825
v -0.17434657 0.32029045 -0.07087217
v -0.16034469 0.30578816 -0.063007124
v -0.15010515 0.29628646 -0.0713813
v -0.1401076 0.29193604 -0.062289298
v -0.16187122 0.29139882 -0.05261465
v -0.14386718 0.2958845 -0.049382348
v -0.15317202 0.29488045 -0.037169766
v -0.13048622 0.28029096 -0.045817003
v -0.14108229 0.28675747 -0.036118034
v -0.12768409 0.28398812 -0.02535968
v -0.1396636 0.2893189 -0.02148854
v -0.1442919 0.28575712 -0.013550431
v -0.14708346 0.29066607 -0.0023581535
v -0.1552845 0.30255663 -0.011998352
v -0.13559991 0.28395462 0.005033063
v -0.12167204 0.2726273 -0.026752252
v -0.14663409 0.2963116 0.01314033
v -0.15599342 0.2894332 0.009653257
v -0.16208147 0.2940603 0.0006658044
v -0.15819524 0.29848543 0.01257397
v -0.16754477 0.3075323 0.010420831
v -0.16473028 0.3091991 0.020421438
v -0.1824476 0.32163578 0.014672576
v -0.17452908 0.28310597 0.007203032
v -0.13133654 0.19253519 -0.050243024
v -0.1367463 0.20009923 -0.050366156
v -0.12472354 0.19935483 -0.034850623
v -0.12413466 0.17428538 -0.052366745
v -0.14281884 0.17003337 -0.0637183
v -0.17021616 0.19447565 -0.06758246
v -0.16406824 0.1777876 -0.06846489
v -0.15809423 0.14807335 -0.0722584
v -0.11824147 0.15251759 -0.04756676
v -0.14904475 0.14116505 -0.074859075
v -0.1840436 0.16595545 -0.067739226
v -0.18822747 0.14673162 -0.06683198
v -0.20087439 0.16767296 -0.055659696
v -0.20735452 0.14469159 -0.052914646
v -0.2010816 0.19174773 -0.052169673
v -0.18429504 0.13764668 -0.061281554
v -0.16494037 0.13043064 -0.071757294
v -0.18040054 0.11338428 -0.06884328
v -0.1998957 0.12326357 -0.05586544
v -0.20186743 0.14129052 -0.047236376
v -0.19971518 0.10789901 -0.062886864
v -0.101277746 0.13101372 -0.05512573
v -0.10725026 0.12361154 -0.04753978
v -0.10449446 0.1402359 -0.04710239
v -0.11504472 0.13433146 -0.04194757
v -0.109722264 0.1475603 -0.035303097
v -0.08655964 0.13291901 -0.057537604
v -0.09208519 0.12220892 -0.06222807
v -0.063841574 0.12958765 -0.05984152
v -0.10621932 0.1582849 -0.05344313
v -0.10149026 0.18579906 -0.05541092
v -0.12413466 0.17428538 -0.052366745
v -0.12122639 0.1967963 -0.049666785
v -0.11203172 0.21243209 -0.051893473
v -0.086230926 0.21358708 -0.052809298
v -0.13133654 0.19253519 -0.050243024
v -0.0660312 0.17617801 -0.050719537
v -0.059639398 0.14946285 -0.05528961
v -0.04234042 0.13140187 -0.05671535
v -0.12408988 0.20940232 -0.04317694
v -0.097376004 0.22062084 -0.044756763
v -0.120603465 0.14647868 -0.04053145
v -0.12099646 0.13162252 -0.056451675
v -0.14904475 0.14116505 -0.074859075
v -0.18269795 0.82184035 -0.036160417
v -0.21073504 0.81245846 -0.04661006
v -0.19847654 0.83013654 -0.040669885
v -0.19533437 0.78888255 -0.032526266
v -0.13671845 0.80361557 -0.03385272
v -0.200365 0.7875943 -0.047088057
v -0.2018987 0.08705294 -0.08143775
v -0.2056661 0.07405621 -0.0855567
v -0.19294283 0.07701364 -0.07843843
v -0.19489089 0.08492607 -0.064495035
v -0.19826744 0.09637952 -0.078758724
v -0.18752632 0.25363976 -0.064348824
v -0.18034644 0.24837968 -0.055321123
v -0.20317939 0.23230276 -0.04701907
v -0.15967697 0.27786642 -0.06485076
v -0.18907636 0.21322697 -0.049759652
v -0.16554508 0.22986981 -0.052473325
v -0.17802458 0.1959362 -0.055092882
v -0.15626954 0.2594664 -0.046597768
v -0.16143756 0.27415374 -0.052648023
v -0.14736532 0.2444815 -0.029073782
v -0.14549737 0.21559477 -0.035570744
v -0.15404625 0.21160474 -0.04923413
v -0.15192224 0.20070907 -0.05055803
v -0.13691263 0.20081082 -0.03122298
v -0.13924603 0.26896447 -0.046592526
v -0.13664863 0.26326647 -0.032778032
v -0.14594994 0.27760315 -0.05461067
v -0.13048622 0.28029096 -0.045817003
v -0.14457086 0.2827566 -0.06703851
v -0.12525654 0.2623083 -0.033953477
v -0.12167204 0.2726273 -0.026752252
v -0.11674511 0.2319845 -0.029431403
v -0.11609033 0.25544214 -0.028454911
v -0.102542974 0.22414857 -0.028146975
v -0.110798724 0.21604085 -0.03293877
v -0.1401076 0.29193604 -0.062289298
v -0.15010515 0.29628646 -0.0713813
v -0.15895529 0.28814566 -0.07167887
v -0.170055 0.30225247 -0.074178
v -0.16878185 0.28226265 -0.06378592
v -0.17434657 0.32029045 -0.07087217
v -0.19712886 0.33456838 -0.06575445
v -0.122161865 0.093390465 -0.0659817
v -0.14731807 0.102894455 -0.07393963
v -0.11389637 0.09869772 -0.083662644
v -0.17661084 0.1007362 -0.089119025
v -0.15494606 0.089083344 -0.069435716
v -0.18028565 0.08111149 -0.07233655
v -0.19143535 0.08701503 -0.09135439
v -0.19294283 0.07701364 -0.07843843
v -0.16058107 0.10210076 -0.104974136
v -0.12179312 0.09934497 -0.12380998
v -0.12620276 0.10199788 -0.10375195
v -0.102601424 0.09932175 -0.10165931
v -0.10339195 0.104237884 -0.112369604
v -0.102045484 0.101777405 -0.11876858
v -0.16345976 0.09376857 -0.12380752
v -0.09788027 0.0938409 -0.054420453
v -0.096589625 0.09627059 -0.036528587
v -0.11533306 0.100449264 -0.048379116
v -0.14606538 0.102265865 -0.06083116
v -0.122161865 0.093390465 -0.0659817
v -0.10604292 0.09028411 -0.07091312
v -0.11608502 0.09015158 -0.081482574
v -0.101661935 0.086753756 -0.088245556
v -0.08696666 0.09460315 -0.05004071
v -0.08310009 0.09506956 -0.017573657
v -0.094402134 0.09603536 -0.025681278
v -0.15494606 0.089083344 -0.069435716
v -0.17168073 0.103370965 -0.06818536
v -0.1848543 0.10245362 -0.05020909
v -0.194949 0.10047951 -0.059980437
v -0.18440261 0.09809917 -0.06618499
v -0.2041167 0.09355536 -0.059112623
v -0.19489089 0.08492607 -0.064495035
v -0.19367504 0.091172844 -0.06524898
v -0.18834853 0.08959079 -0.06813397
v -0.18028565 0.08111149 -0.07233655
v -0.19294283 0.07701364 -0.07843843
v -0.2054462 0.0104287565 0.1466444
v -0.19961956 0.02013737 0.1548911
v -0.18971409 0.015052468 0.15034956
v -0.19961956 0.02013737 0.1548911
v -0.18654719 0.01030767 0.15428229
v -0.18971409 0.015052468 0.15034956
v -0.18407819 0.014292628 0.15505496
v -0.17791599 0.011392027 0.16158246
v -0.18654719 0.01030767 0.15428229
v -0.18116157 0.014666975 0.15576932
v -0.18160775 0.011951387 0.15451406
v -0.18407819 0.014292628 0.15505496
v -0.18471095 0.021037847 0.15418206
v -0.19641252 0.029538602 0.16174607
v -0.18654719 0.01030767 0.15428229
v -0.19961956 0.02013737 0.1548911
v -0.18092501 0.3105386 0.013307779
v -0.20769918 0.33032775 0.0022098562
v -0.18813992 0.32453924 0.007619699
v -0.1824476 0.32163578 0.014672576
v -0.20590419 0.3419534 0.008420223
v -0.16754477 0.3075323 0.010420831
v -0.16687106 0.29696852 0.017898483
v -0.1875442 0.03617406 0.19213192
v -0.17951283 0.025849104 0.18155155
v -0.19134076 0.027247667 0.17562403
v -0.18390653 0.0153437555 0.1863632
v -0.19641252 0.029538602 0.16174607
v -0.17594707 0.014824033 0.17603458
v -0.17893767 0.01738128 0.18777023
v -0.18471095 0.021037847 0.15418206
v -0.17767568 0.017583013 0.19715944
v -0.18818875 0.029208422 0.20476863
v -0.16073364 0.010908693 0.19004917
v -0.16539653 0.010522932 0.20738806
v -0.1848838 0.015051484 0.21022524
v -0.17243835 0.01173532 0.22202027
v -0.18834853 0.08959079 -0.06813397
v -0.19367504 0.091172844 -0.06524898
v -0.18353355 0.09693673 -0.056541823
v -0.19489089 0.08492607 -0.064495035
v -0.18142687 0.09824824 -0.039350998
v -0.18485893 0.08458069 -0.05122756
v -0.1848543 0.10245362 -0.05020909
v -0.18440261 0.09809917 -0.06618499
v -0.18834853 0.08959079 -0.06813397
v -0.19489089 0.08492607 -0.064495035
v -0.19294283 0.07701364 -0.07843843
v -0.18485893 0.08458069 -0.05122756
v -0.18353355 0.09693673 -0.056541823
v -0.17513576 0.101290494 -0.052421372
v -0.18142687 0.09824824 -0.039350998
v -0.1873416 0.103236735 -0.030925646
v -0.2054462 0.0104287565 0.1466444
v -0.18654719 0.01030767 0.15428229
v -0.19196509 0.012530029 0.16685759
v -0.18708168 0.010814488 0.14789945
v -0.17791599 0.011392027 0.16158246
v -0.18199714 0.010784924 0.19254775
v -0.15930192 0.010576904 0.1772996
v -0.1569716 0.008485317 0.20219551
v -0.17243835 0.01173532 0.22202027
v -0.14724109 0.008236796 0.17956081
v -0.15571956 0.007787168 0.23330458
v -0.1848838 0.015051484 0.21022524
v -0.13920581 0.011382014 0.21822397
v -0.16921657 0.011995494 0.150707
v -0.18160775 0.011951387 0.15451406
v -0.18971409 0.015052468 0.15034956
v -0.1893544 0.8277249 0.0032622113
v -0.19411528 0.83832586 -0.006672182
v -0.19520068 0.83207124 0.0113102365
v -0.18633336 0.83609664 -0.020934323
v -0.19031875 0.8157167 0.0184189
v -0.18768719 0.8092705 0.008585871
v -0.1904401 0.7968036 0.013624647
v -0.18745638 0.79044425 -0.0016645673
v -0.1923249 0.7860529 0.004673506
v -0.17024325 0.7827201 -0.0077430336
v -0.1579586 0.014207602 -0.2021287
v -0.16113074 0.014728516 -0.20107931
v -0.16026415 0.015083969 -0.19518203
v -0.1579586 0.014207602 -0.2021287
v -0.16153663 0.012817532 -0.19960284
v -0.16113074 0.014728516 -0.20107931
v -0.15932015 0.015317053 -0.20199513
v -0.16113074 0.014728516 -0.20107931
v -0.16065308 0.0156110525 -0.20051737
v -0.16091438 0.014730066 -0.20010586
v -0.16153663 0.012817532 -0.19960284
v -0.16026415 0.015083969 -0.19518203
v -0.1698088 0.02081886 -0.17115895
v -0.17574783 0.0077465177 -0.17907077
v -0.14985517 0.01105848 -0.21787843
v -0.16090119 0.006762743 -0.19733226
v -0.1579586 0.014207602 -0.2021287
v -0.20405996 0.00973466 -0.17135456
v -0.18968216 0.012285858 -0.17329006
v -0.1893544 0.8277249 0.0032622113
v -0.18768719 0.8092705 0.008585871
v -0.17346968 0.8286095 0.0024427827
v -0.16783573 0.79693055 0.0011977735
v -0.18745638 0.79044425 -0.0016645673
v -0.1345083 0.8120383 0.008459609
v -0.14607438 0.7962927 0.004819833
v -0.12206719 0.8278721 0.0045612147
v -0.09068169 0.81652987 0.008543417
v -0.10605688 0.8001597 0.0069807395
v -0.062208224 0.8337725 0.0017698666
v -0.058136035 0.8191196 0.008893379
v -0.07272897 0.80424064 0.0058885487
v -0.05218859 0.84624493 0.004857998
v -0.04748623 0.8275981 0.01744841
v -0.053911254 0.80881876 0.015015418
v -0.029519884 0.8510206 -0.0038042301
v -0.02412492 0.82682836 0.015820215
v -0.03875722 0.80517006 0.018962855
v -0.020789895 0.8448993 0.0006494657
v -0.025973018 0.8027196 0.011596807
v -0.05600662 0.79746485 -0.00009093573
v -0.13009821 0.7904941 -0.002215398
v -0.17024325 0.7827201 -0.0077430336
v -0.17307808 0.040120482 0.06819664
v -0.20323531 0.020707041 0.056795757
v -0.19602484 0.06955838 0.054470286
v -0.18211508 0.014262766 0.06999473
v -0.17463753 0.070091695 0.067068
v -0.17604004 0.08108789 0.060829006
v -0.16778265 0.017060518 0.068629414
v -0.16401823 0.025770158 0.06958428
v -0.16835156 0.051802754 0.06717461
v -0.16479246 0.07281309 0.0640104
v -0.16328834 0.048759043 0.06657169
v -0.19483681 0.08775756 0.04477597
v -0.15611517 0.07387301 0.06702629
v -0.16126637 0.08676198 0.054355398
v -0.16728882 0.09275696 0.031334866
v -0.16618547 0.043106884 0.070041485
v -0.17307808 0.040120482 0.06819664
v -0.16835156 0.051802754 0.06717461
v -0.16328834 0.048759043 0.06657169
v -0.16811213 0.036205113 0.07044409
v -0.16835156 0.051802754 0.06717461
v -0.18885645 0.2395527 0.010837248
v -0.17242117 0.2183047 0.008155644
v -0.17423809 0.2572423 0.011286564
v -0.16168335 0.24434286 0.002140118
v -0.17691776 0.26130244 0.020812238
v -0.16296539 0.2834471 0.016756639
v -0.15516052 0.2838513 0.01491788
v -0.17220798 0.2826177 0.018924292
v -0.16687106 0.29696852 0.017898483
v -0.15819524 0.29848543 0.01257397
v -0.15705147 0.30717832 0.004691301
v -0.15768765 0.3287333 0.007521565
v -0.15599342 0.2894332 0.009653257
v -0.1525715 0.33989358 -0.000102411956
v -0.15091968 0.3603641 -0.000004069181
v -0.16091219 0.26953018 0.0014535165
v -0.14985123 0.24478889 -0.012634892
v -0.14225468 0.20811874 -0.01755945
v -0.14934461 0.25866967 -0.019648392
v -0.14736532 0.2444815 -0.029073782
v -0.15626954 0.2594664 -0.046597768
v -0.14549737 0.21559477 -0.035570744
v -0.13691263 0.20081082 -0.03122298
v -0.14997408 0.19915366 0.0029069735
v -0.14909746 0.20808747 -0.00009558466
v -0.17032616 0.19619519 0.008179156
v -0.18263818 0.78796834 -0.022565
v -0.18745638 0.79044425 -0.0016645673
v -0.1803889 0.7777062 -0.0127251595
v -0.16783573 0.79693055 0.0011977735
v -0.14730896 0.78146315 -0.017373161
v -0.2004159 0.3247944 -0.05477446
v -0.17341396 0.30305701 -0.063467406
v -0.18206047 0.31494474 -0.05665333
v -0.16034469 0.30578816 -0.063007124
v -0.16266808 0.29332095 -0.062045798
v -0.1867005 0.33050895 -0.06034825
v -0.19327767 0.17672837 0.015207962
v -0.17330948 0.18586326 0.02041707
v -0.18735822 0.19272664 0.016927892
v -0.17823473 0.15872058 0.020464158
v -0.16374888 0.19631982 0.019018631
v -0.15290281 0.17719057 0.020009317
v -0.14066486 0.199171 0.007940885
v -0.13056892 0.19050735 0.00022037514
v -0.13702255 0.16026363 0.010366359
v -0.1270585 0.20052165 -0.013442744
v -0.12022888 0.19383678 -0.002234004
v -0.11097197 0.17446056 0.0035483015
v -0.120628655 0.20127901 0.0022226302
v -0.106054164 0.20813301 0.0037761987
v -0.08362442 0.15751687 0.0042506056
v -0.1187692 0.22791559 -0.0164182
v -0.07474046 0.19854587 -0.004117008
v -0.08823739 0.22267842 -0.026826734
v -0.04584385 0.14094076 -0.019241652
v -0.09164601 0.13674885 0.011198001
v -0.11362413 0.15413895 0.00005089445
v -0.12267267 0.14448616 -0.0029709437
v -0.1363173 0.14144349 0.0107209785
v -0.15221125 0.14361364 0.015386745
v -0.15515687 0.15340972 0.022511309
v -0.17357501 0.14095533 0.016344361
v -0.18047605 0.1476588 0.023019282
v -0.18633336 0.83609664 -0.020934323
v -0.1893544 0.8277249 0.0032622113
v -0.17346968 0.8286095 0.0024427827
v -0.13378868 0.8325694 -0.017906224
v -0.12206719 0.8278721 0.0045612147
v -0.07989958 0.8419572 -0.0070326496
v -0.062208224 0.8337725 0.0017698666
v -0.09038112 0.8411597 -0.018791664
v -0.06583679 0.8364775 -0.02338731
v -0.05172928 0.84712124 -0.017664505
v -0.05218859 0.84624493 0.004857998
v -0.029519884 0.8510206 -0.0038042301
v -0.17948161 0.015963048 -0.1427663
v -0.18158796 0.002203524 -0.14764392
v -0.17559937 0.010248661 -0.14012457
v -0.166855 0.027832508 -0.14463285
v -0.16287598 0.017705798 -0.13947357
v -0.15513398 0.03304586 -0.15212113
v -0.12454099 0.034282774 -0.15359348
v -0.12491953 0.014905721 -0.1470089
v -0.10786439 0.029634774 -0.15140201
v -0.085512005 0.03581983 -0.15538459
v -0.18116157 0.014666975 0.15576932
v -0.17791599 0.011392027 0.16158246
v -0.18160775 0.011951387 0.15451406
v -0.16109395 0.037769914 0.14516166
v -0.16619794 0.019263595 0.16788004
v -0.17840996 0.01802525 0.15159492
v -0.18471095 0.021037847 0.15418206
v -0.15930192 0.010576904 0.1772996
v -0.17452176 0.026077092 -0.16719884
v -0.18175013 0.017023474 -0.16349944
v -0.18281165 0.02962637 -0.16554187
v -0.1698088 0.02081886 -0.17115895
v -0.17774485 0.051164865 -0.18734333
v -0.16608997 0.037763536 -0.16949543
v -0.17873064 0.019836187 -0.23388034
v -0.17673072 0.0127771795 -0.22673076
v -0.16590358 0.0132805705 -0.23850968
v -0.16311513 0.012899727 -0.23088609
v -0.16638671 0.010750055 -0.22904298
v -0.14549004 0.011324555 -0.24209096
v -0.15139066 0.008161783 -0.24294442
v -0.14985517 0.01105848 -0.21787843
v -0.12269907 0.012447059 -0.22186434
v -0.116111204 0.017916739 -0.25094432
v -0.14648716 0.015994221 -0.20236439
v -0.119519964 0.015549034 -0.19473046
v -0.1579586 0.014207602 -0.2021287
v -0.15874475 0.016349077 -0.1989393
v -0.16026415 0.015083969 -0.19518203
v -0.15932015 0.015317053 -0.20199513
v -0.16065308 0.0156110525 -0.20051737
v -0.15999836 0.015080422 -0.20020513
v -0.14961365 0.023254514 -0.18053904
v -0.1698088 0.02081886 -0.17115895
v -0.13644625 0.031060457 -0.16664535
v -0.16537562 0.03053692 -0.16300122
v -0.11369635 0.0189403 -0.1778556
v -0.09487618 0.017900825 -0.2057456
v -0.08421125 0.00977996 -0.22481918
v -0.067396715 0.010665119 -0.2103696
v -0.09508017 0.013285488 -0.2425854
v -0.1074347 0.010761678 -0.28038436
v -0.14012258 0.010637492 -0.26701266
v -0.18242307 0.012310028 -0.20891546
v -0.17381269 0.011394143 -0.14523715
v -0.17559937 0.010248661 -0.14012457
v -0.17362092 0.010912597 -0.14979753
v -0.18158796 0.002203524 -0.14764392
v -0.17379291 0.0113171935 -0.14401442
v -0.17171969 0.015407801 -0.14503245
v -0.17431216 0.0124982 -0.14379002
v -0.17362092 0.010912597 -0.14979753
v -0.17477502 0.011683911 -0.14464344
v -0.17529918 0.011349469 -0.14537196
v -0.17431216 0.0124982 -0.14379002
v -0.17559937 0.010248661 -0.14012457
v -0.17171969 0.015407801 -0.14503245
v -0.16287598 0.017705798 -0.13947357
v -0.16367264 0.02558133 -0.1493888
v -0.16599578 0.027935266 -0.15119188
v -0.16179979 0.3783175 -0.039471067
v -0.17703247 0.3551489 -0.053200983
v -0.18466224 0.37546307 -0.060762316
v -0.16377707 0.34734493 -0.0395041
v -0.15891142 0.38415015 -0.050713398
v -0.15282068 0.39210674 -0.0293816
v -0.16826837 0.38860202 -0.057759475
v -0.14706099 0.37869972 -0.019011552
v -0.1541876 0.37491912 -0.012686342
v -0.14037433 0.38766822 -0.009367809
v -0.15484704 0.40532857 -0.00043836283
v -0.15975584 0.36376613 -0.02392254
v -0.16059296 0.35661125 -0.008804722
v -0.15347484 0.31815267 -0.022601876
v -0.16633308 0.3105951 -0.047800258
v -0.15317202 0.29488045 -0.037169766
v -0.16187122 0.29139882 -0.05261465
v -0.1396636 0.2893189 -0.02148854
v -0.15938027 0.3377397 -0.0018522185
v -0.16408283 0.32525718 -0.0020335815
v -0.1525715 0.33989358 -0.000102411956
v -0.15705147 0.30717832 0.004691301
v -0.15091968 0.3603641 -0.000004069181
v -0.16408202 0.3086198 0.003826148
v -0.17452908 0.28310597 0.007203032
v -0.15599342 0.2894332 0.009653257
v -0.17027982 0.39436096 -0.05047489
v -0.17412394 0.012551576 -0.14522532
v -0.17559937 0.010248661 -0.14012457
v -0.17379291 0.0113171935 -0.14401442
v -0.17477502 0.011683911 -0.14464344
v -0.17362092 0.010912597 -0.14979753
v -0.17171969 0.015407801 -0.14503245
v -0.16599578 0.027935266 -0.15119188
v -0.15773132 0.019671708 -0.16664061
v -0.1628689 0.0051952004 -0.16483979
v -0.18158796 0.002203524 -0.14764392
v -0.17559937 0.010248661 -0.14012457
v -0.17412394 0.012551576 -0.14522532
v -0.17529918 0.011349469 -0.14537196
v -0.17381269 0.011394143 -0.14523715
v -0.17362092 0.010912597 -0.14979753
v -0.16778265 0.017060518 0.068629414
v -0.16956155 0.01681298 0.07417085
v -0.18211508 0.014262766 0.06999473
v -0.17061877 0.024385214 0.07244644
v -0.16346174 0.020213097 0.091178596
v -0.1666984 0.027248055 0.07811839
v -0.16614321 0.06207207 0.083266184
v -0.16833584 0.024402678 0.07164341
v -0.16506907 0.053809613 0.07296485
v -0.15554188 0.06125447 0.093145706
v -0.15630071 0.07986334 0.085213594
v -0.16193937 0.08005136 0.0724946
v -0.16811213 0.036205113 0.07044409
v -0.17307808 0.040120482 0.06819664
v -0.16328834 0.048759043 0.06657169
v -0.17339611 0.01194936 -0.1443886
v -0.17477502 0.011683911 -0.14464344
v -0.17379291 0.0113171935 -0.14401442
v -0.17381269 0.011394143 -0.14523715
v -0.17171969 0.015407801 -0.14503245
v -0.17339611 0.01194936 -0.1443886
v -0.17379291 0.0113171935 -0.14401442
v -0.17431216 0.0124982 -0.14379002
v -0.17412394 0.012551576 -0.14522532
v -0.17171969 0.015407801 -0.14503245
v -0.17477502 0.011683911 -0.14464344
v -0.17381269 0.011394143 -0.14523715
v -0.17431216 0.0124982 -0.14379002
v -0.17412394 0.012551576 -0.14522532
v -0.17568383 0.021381497 -0.15938035
v -0.17265613 0.025219172 -0.1633606
v -0.17282923 0.028823912 -0.1634338
v -0.17452176 0.026077092 -0.16719884
v -0.1698088 0.02081886 -0.17115895
v -0.17159459 0.02464524 -0.16378091
v -0.17265613 0.025219172 -0.1633606
v -0.17452176 0.026077092 -0.16719884
v -0.16539653 0.010522932 0.20738806
v -0.17243835 0.01173532 0.22202027
v -0.16382155 0.01919508 0.22311467
v -0.15556014 0.013247907 0.2132266
v -0.16073364 0.010908693 0.19004917
v -0.14488819 0.021987647 0.19862483
v -0.13920581 0.011382014 0.21822397
v -0.15557964 0.012916595 0.1888628
v -0.1564582 0.011305273 0.18495582
v -0.14476371 0.019987375 0.18386932
v -0.15353464 0.01126343 0.17871861
v -0.15930192 0.010576904 0.1772996
v -0.15571956 0.007787168 0.23330458
v -0.16537562 0.03053692 -0.16300122
v -0.17265613 0.025219172 -0.1633606
v -0.17128266 0.023833662 -0.16282411
v -0.17282923 0.028823912 -0.1634338
v -0.17159459 0.02464524 -0.16378091
v -0.17568383 0.021381497 -0.15938035
v -0.17128266 0.023833662 -0.16282411
v -0.17568383 0.021381497 -0.15938035
v -0.17159459 0.02464524 -0.16378091
v -0.1698088 0.02081886 -0.17115895
v -0.16537562 0.03053692 -0.16300122
v -0.17282923 0.028823912 -0.1634338
v -0.14961365 0.023254514 -0.18053904
v -0.17159459 0.02464524 -0.16378091
v -0.17128266 0.023833662 -0.16282411
v -0.17265613 0.025219172 -0.1633606
v -0.17282923 0.028823912 -0.1634338
v -0.17159459 0.02464524 -0.16378091
v -0.17452176 0.026077092 -0.16719884
v -0.16608997 0.037763536 -0.16949543
v -0.16599578 0.027935266 -0.15119188
v -0.17948161 0.015963048 -0.1427663
v -0.166855 0.027832508 -0.14463285
v -0.16367264 0.02558133 -0.1493888
v -0.15513398 0.03304586 -0.15212113
v -0.14666419 0.024906635 -0.15470074
v -0.1693615 0.023750037 0.071194574
v -0.16956155 0.01681298 0.07417085
v -0.17061877 0.024385214 0.07244644
v -0.16401823 0.025770158 0.06958428
v -0.1666984 0.027248055 0.07811839
v -0.16833584 0.024402678 0.07164341
v -0.16811213 0.036205113 0.07044409
v -0.16778265 0.017060518 0.068629414
v -0.1693615 0.023750037 0.071194574
v -0.16401823 0.025770158 0.06958428
v -0.16833584 0.024402678 0.07164341
v -0.14754345 0.0799585 0.0670924
v -0.16193937 0.08005136 0.0724946
v -0.15611517 0.07387301 0.06702629
v -0.16835156 0.051802754 0.06717461
v -0.16811213 0.036205113 0.07044409
v -0.16618547 0.043106884 0.070041485
v -0.16401823 0.025770158 0.06958428
v -0.16833584 0.024402678 0.07164341
v -0.16956155 0.01681298 0.07417085
v -0.16328834 0.048759043 0.06657169
v -0.16506907 0.053809613 0.07296485
v -0.16618547 0.043106884 0.070041485
v -0.16506907 0.053809613 0.07296485
v -0.17307808 0.040120482 0.06819664
v -0.15556014 0.013247907 0.2132266
v -0.16382155 0.01919508 0.22311467
v -0.17243835 0.01173532 0.22202027
v -0.15513398 0.03304586 -0.15212113
v -0.15458721 0.052064717 -0.14793532
v -0.16599578 0.027935266 -0.15119188
v -0.14666419 0.024906635 -0.15470074
v -0.12454099 0.034282774 -0.15359348
v -0.11549597 0.07381415 -0.14545263
v -0.08783194 0.064481586 -0.14871646
v -0.085512005 0.03581983 -0.15538459
v -0.13542828 0.07630789 -0.1383749
v -0.16423348 0.074144125 -0.13518874
v -0.060814153 0.05038342 -0.1476322
v -0.06340055 0.028977543 -0.1569918
v -0.089803904 0.012980312 -0.16518588
v -0.04020071 0.012044609 -0.16293527
v -0.105658785 0.0155412555 -0.16344564
v -0.07398169 0.080930024 -0.14099531
v -0.039070737 0.034864962 -0.14952973
v -0.11864582 0.09274942 -0.13612223
v -0.10023334 0.09673703 -0.13668884
v -0.08628775 0.08664706 -0.13933648
v -0.16345976 0.09376857 -0.12380752
v -0.12179312 0.09934497 -0.12380998
v -0.10786439 0.029634774 -0.15140201
v -0.12491953 0.014905721 -0.1470089
v -0.11429043 0.013392746 -0.15682824
v -0.040799815 0.049595058 -0.15132737
v -0.053396147 0.06010312 -0.14926852
v -0.028834509 0.06279063 -0.15082102
v -0.040661477 0.076464236 -0.14345339
v -0.061989255 0.074777156 -0.13917609
v -0.026224224 0.056377262 -0.14989297
v -0.018823989 0.07370439 -0.14852734
v -0.01626135 0.0840185 -0.13357466
v -0.027841527 0.03116566 -0.15333103
v -0.022713706 0.034552395 -0.15840547
v -0.020320937 0.026295751 -0.15969454
v -0.021474792 0.010633469 -0.17118232
v -0.077871665 0.09039202 -0.13211174
v -0.12179312 0.09934497 -0.12380998
v -0.13542828 0.07630789 -0.1383749
v -0.11226253 0.08820292 -0.12559456
v -0.102045484 0.101777405 -0.11876858
v -0.0015161373 0.021837473 -0.15223083
v -0.0018917685 0.012201518 -0.15540513
v 0.015118994 0.008775383 -0.15520543
v -0.02298202 0.040911406 -0.14869015
v -0.039070737 0.034864962 -0.14952973
v -0.022713706 0.034552395 -0.15840547
v -0.029681923 0.04947242 -0.14200214
v -0.015772952 0.05472693 -0.15126699
v -0.010511351 0.032129616 -0.16444437
v -0.012700746 0.052324355 -0.13696824
v 0.00840167 0.027671695 -0.13066866
v 0.018301982 0.024925321 -0.142262
v 0.03129477 0.03029114 -0.13248774
v 0.03126185 0.015812904 -0.1394347
v 0.016387358 0.010607183 -0.14161779
v 0.03614182 0.010342032 -0.14399295
v 0.015118994 0.008775383 -0.15520543
v 0.06427401 0.016804755 -0.11806114
v 0.05140693 0.035677522 -0.10988952
v 0.07721187 0.033462077 -0.10085137
v 0.07071933 0.035438597 -0.08972904
v 0.088566326 0.012250513 -0.10563316
v 0.06247677 0.0426732 -0.08823702
v 0.04592703 0.043120712 -0.10008815
v 0.028425232 0.033257604 -0.10840969
v -0.027841527 0.03116566 -0.15333103
v -0.020320937 0.026295751 -0.15969454
v -0.014081435 0.03182167 -0.14170468
v -0.021474792 0.010633469 -0.17118232
v -0.0015161373 0.021837473 -0.15223083
v 0.00694195 0.009181619 -0.16230558
v 0.0076024197 0.023481876 -0.14515762
v -0.005531885 0.031667918 -0.13262166
v -0.0033699046 0.060493737 -0.13034754
v -0.008295179 0.045255154 -0.12859547
v -0.013869828 0.077083915 -0.11955862
v 0.0011372399 0.08713606 -0.120515876
v -0.01611111 0.088060915 -0.107537396
v 0.015118994 0.008775383 -0.15520543
v -0.0018917685 0.012201518 -0.15540513
v 0.00694195 0.009181619 -0.16230558
v -0.1580154 0.36573845 0.013222475
v -0.16254076 0.38504183 0.015820704
v -0.16366741 0.37566105 0.0019910343
v -0.15675634 0.3790738 0.02164892
v -0.15865524 0.3633415 -0.0016201413
v -0.15091968 0.3603641 -0.000004069181
v -0.14626336 0.3601806 0.008810649
v -0.1398437 0.3620994 -0.004444277
v -0.1276978 0.3708682 -0.00027160207
v -0.15773132 0.019671708 -0.16664061
v -0.1628689 0.0051952004 -0.16483979
v -0.17535754 0.0061678886 -0.1621614
v -0.15831578 0.012723893 0.18536134
v -0.15879945 0.022204489 0.18034095
v -0.16073364 0.010908693 0.19004917
v -0.15930192 0.010576904 0.1772996
v -0.16619794 0.019263595 0.16788004
v -0.10594208 0.029102653 -0.18279965
v -0.11535669 0.041674614 -0.164131
v -0.09729678 0.04033628 -0.16914335
v -0.09487618 0.017900825 -0.2057456
v -0.08910206 0.03731501 -0.19008489
v -0.0785531 0.03283134 -0.20142622
v -0.08894085 0.04602191 -0.16385725
v -0.087920435 0.04526651 -0.17126043
v -0.14727178 0.13479462 -0.12817703
v -0.16999839 0.12571228 -0.12585486
v -0.16980976 0.1496352 -0.1030635
v -0.15924606 0.09356895 -0.14197023
v -0.14334723 0.10505727 -0.14023936
v -0.11352327 0.070393115 -0.1546416
v -0.14797017 0.053557754 -0.15979534
v -0.121745154 0.12547839 -0.1248865
v -0.11895111 0.10522479 -0.1295771
v -0.10626879 0.11712557 -0.11960594
v -0.11535669 0.041674614 -0.164131
v -0.13644625 0.031060457 -0.16664535
v -0.16537562 0.03053692 -0.16300122
v -0.11369635 0.0189403 -0.1778556
v -0.10594208 0.029102653 -0.18279965
v -0.09487618 0.017900825 -0.2057456
v -0.11004064 0.13322228 -0.1131276
v -0.10286823 0.0536561 -0.164015
v -0.08894085 0.04602191 -0.16385725
v -0.1094977 0.10060093 -0.14442295
v -0.102045484 0.101777405 -0.11876858
v -0.07641705 0.05175656 -0.16049741
v -0.08069376 0.083218575 -0.15061976
v -0.05420697 0.05917892 -0.15692405
v -0.0447161 0.07101005 -0.15939897
v -0.03940535 0.049038142 -0.17297204
v -0.022090666 0.05302471 -0.17654563
v -0.031287216 0.034922004 -0.1814732
v -0.014125926 0.082447916 -0.15336202
v -0.036269933 0.116025 -0.13665266
v -0.040120654 0.036814302 -0.17910266
v -0.062463574 0.10599029 -0.14294925
v -0.048270762 0.04133928 -0.15909718
v -0.08938953 0.11450851 -0.13647021
v -0.05307297 0.13553107 -0.12583107
v -0.08815842 0.1400469 -0.12131657
v -0.0037404015 0.12509856 -0.11846069
v -0.06764094 0.041237593 -0.17153443
v -0.09729678 0.04033628 -0.16914335
v -0.03930131 0.05182895 -0.15920357
v -0.048270762 0.04133928 -0.15909718
v -0.05420697 0.05917892 -0.15692405
v -0.11895111 0.10522479 -0.1295771
v -0.10180156 0.10384157 -0.13316657
v -0.1094977 0.10060093 -0.14442295
v -0.102045484 0.101777405 -0.11876858
v -0.0785531 0.03283134 -0.20142622
v -0.067396715 0.010665119 -0.2103696
v -0.09487618 0.017900825 -0.2057456
v -0.056271225 0.026820898 -0.2022075
v -0.058136687 0.033491433 -0.18920994
v -0.04192859 0.015540838 -0.20073925
v -0.043954954 0.023374021 -0.19819446
v -0.03699486 0.02360776 -0.17841737
v -0.06764094 0.041237593 -0.17153443
v -0.033362165 0.019886047 -0.18747716
v -0.048270762 0.04133928 -0.15909718
v -0.08179867 0.049224436 -0.17050183
v -0.09808133 0.04339826 -0.19334401
v -0.10883392 0.051256746 -0.17733672
v -0.10286823 0.0536561 -0.164015
v -0.11537992 0.044425845 -0.19505206
v -0.11592282 0.04485804 -0.18969895
v -0.07641705 0.05175656 -0.16049741
v -0.16065308 0.0156110525 -0.20051737
v -0.16091438 0.014730066 -0.20010586
v -0.15999836 0.015080422 -0.20020513
v -0.15874475 0.016349077 -0.1989393
v -0.16113074 0.014728516 -0.20107931
v -0.16091438 0.014730066 -0.20010586
v -0.16026415 0.015083969 -0.19518203
v -0.15999836 0.015080422 -0.20020513
v -0.15932015 0.015317053 -0.20199513
v -0.1579586 0.014207602 -0.2021287
v -0.16346174 0.020213097 0.091178596
v -0.15554188 0.06125447 0.093145706
v -0.14407557 0.018940538 0.09927825
v -0.13913445 0.0665586 0.09669118
v -0.12520343 0.03374198 0.09887887
v -0.15630071 0.07986334 0.085213594
v -0.13115314 0.08596936 0.090673804
v -0.12925066 0.06446907 0.0925585
v -0.095791295 0.09390998 0.09184121
v -0.09847296 0.07056838 0.09697148
v -0.098838806 0.052208662 0.102096125
v -0.08614501 0.082883745 0.09127257
v -0.07895864 0.05227232 0.09857915
v -0.08157152 0.0969432 0.082527466
v -0.07380435 0.078666896 0.080555074
v -0.07419321 0.097546756 0.063464046
v -0.07148248 0.084966004 0.062179055
v -0.06928684 0.09151816 0.033227105
v -0.059344657 0.07260251 0.065072015
v -0.04811376 0.08787063 0.041007906
v -0.06620834 0.057065666 0.08365871
v -0.04040177 0.075199306 0.04178349
v -0.025731418 0.07733521 0.016844204
v -0.15353464 0.01126343 0.17871861
v -0.15831578 0.012723893 0.18536134
v -0.16619794 0.019263595 0.16788004
v -0.1564582 0.011305273 0.18495582
v -0.15557964 0.012916595 0.1888628
v -0.15879945 0.022204489 0.18034095
v -0.15879945 0.022204489 0.18034095
v -0.15557964 0.012916595 0.1888628
v -0.15353464 0.01126343 0.17871861
v -0.16619794 0.019263595 0.16788004
v -0.14992684 0.009919167 0.15856273
v -0.15541376 0.013007134 0.1445727
v -0.1471866 0.036066115 0.14626978
v -0.14871058 0.035788685 0.13208094
v -0.13086163 0.020712018 0.17722405
v -0.13552773 0.051003873 0.1602667
v -0.14183903 0.008430779 0.16868284
v -0.14872672 0.0077709854 0.16958617
v -0.15353464 0.01126343 0.17871861
v -0.14724109 0.008236796 0.17956081
v -0.15930192 0.010576904 0.1772996
v -0.12395539 0.05005735 0.16847272
v -0.15021124 0.050551504 0.13627447
v -0.11861279 0.053450108 0.1408477
v -0.13793924 0.052229166 0.12304608
v -0.10811006 0.05378419 0.12901883
v -0.09600119 0.05342689 0.1468577
v -0.104929194 0.049980223 0.1628405
v -0.115950234 0.028942436 0.17247929
v -0.09661619 0.039772898 0.1607038
v -0.10354741 0.01723653 0.1713311
v -0.14981432 0.016828448 0.13517046
v -0.14871058 0.035788685 0.13208094
v -0.15541376 0.013007134 0.1445727
v -0.13502112 0.023562372 0.12487705
v -0.13998155 0.016759455 0.12386999
v -0.13793924 0.052229166 0.12304608
v -0.15021124 0.050551504 0.13627447
v -0.119183436 0.031018347 0.12786317
v -0.11378291 0.011184692 0.13027136
v -0.10811006 0.05378419 0.12901883
v -0.0969113 0.04972437 0.13089427
v -0.10091704 0.017839134 0.13896076
v -0.13140161 0.014000356 0.121910036
v -0.14476371 0.019987375 0.18386932
v -0.1444987 0.010854006 0.18716666
v -0.15353464 0.01126343 0.17871861
v -0.1478937 0.009046286 0.16817887
v -0.14787695 0.00879392 0.16970123
v -0.14872672 0.0077709854 0.16958617
v -0.14724109 0.008236796 0.17956081
v -0.14183903 0.008430779 0.16868284
v -0.13086163 0.020712018 0.17722405
v -0.1444987 0.010854006 0.18716666
v -0.1569716 0.008485317 0.20219551
v -0.14488819 0.021987647 0.19862483
v -0.14476371 0.019987375 0.18386932
v -0.13920581 0.011382014 0.21822397
v -0.14992684 0.009919167 0.15856273
v -0.1478937 0.009046286 0.16817887
v -0.14379515 0.011641026 0.17050208
v -0.14379515 0.011641026 0.17050208
v -0.14183903 0.008430779 0.16868284
v -0.14787695 0.00879392 0.16970123
v -0.15353464 0.01126343 0.17871861
v -0.1478937 0.009046286 0.16817887
v -0.14992684 0.009919167 0.15856273
v -0.1444987 0.010854006 0.18716666
v -0.13086163 0.020712018 0.17722405
v -0.14432445 0.025758564 0.10447267
v -0.15135704 0.020267904 0.10102036
v -0.14679858 0.037532985 0.10925782
v -0.14464562 0.025773197 0.11181705
v -0.14379515 0.011641026 0.17050208
v -0.1478937 0.009046286 0.16817887
v -0.14183903 0.008430779 0.16868284
v -0.14872672 0.0077709854 0.16958617
v -0.048994012 0.06514403 0.13253647
v -0.066998765 0.06421572 0.13112634
v -0.063839674 0.068663806 0.12235225
v -0.049815595 0.082732916 0.11811701
v -0.033798654 0.067382544 0.13016684
v -0.039320245 0.02750516 0.14811333
v -0.010721717 0.04555562 0.14253378
v 0.004900528 0.023826659 0.15484604
v -0.011270547 0.08188185 0.13214424
v 0.012140831 0.045523196 0.1421297
v 0.013204245 0.013793796 0.15111059
v 0.01719157 0.082265496 0.13078223
v 0.015840312 0.08627921 0.13239644
v -0.04333637 0.07843208 0.113670304
v -0.14430852 0.051177263 0.10217963
v -0.1404272 0.03867778 0.11074996
v -0.14679858 0.037532985 0.10925782
v -0.14464562 0.025773197 0.11181705
v -0.13998155 0.016759455 0.12386999
v -0.048994012 0.06514403 0.13253647
v -0.06795873 0.04954654 0.13384709
v -0.066998765 0.06421572 0.13112634
v -0.039320245 0.02750516 0.14811333
v -0.07906014 0.018828958 0.14703071
v -0.092514604 0.040412486 0.13144363
v -0.10091704 0.017839134 0.13896076
v -0.094983466 0.058157444 0.119469956
v -0.11238393 0.03005436 0.12462543
v -0.12523401 0.050844222 0.11680378
v -0.11378291 0.011184692 0.13027136
v -0.13140161 0.014000356 0.121910036
v -0.13298756 0.02971834 0.118000485
v -0.07296142 0.08422774 0.12559432
v -0.10193616 0.07451454 0.11635194
v -0.101476274 0.08520046 0.116202675
v -0.12307311 0.07352418 0.1071504
v -0.05842163 0.081395864 0.12586589
v -0.11359315 0.06156069 0.106851436
v -0.12750986 0.04908347 0.103511274
v -0.14432445 0.025758564 0.10447267
v -0.1470713 0.025157928 0.11197631
v -0.06794712 0.09103939 0.07643161
v -0.07013482 0.07985538 0.08426356
v -0.0575996 0.074934304 0.07197196
v -0.06620834 0.057065666 0.08365871
v -0.04040177 0.075199306 0.04178349
v -0.045886625 0.08662182 0.05107271
v -0.029248046 0.08991587 0.029021902
v -0.025731418 0.07733521 0.016844204
v -0.023044636 0.08919209 0.017808158
v -0.08162385 0.0738506 0.09806809
v -0.08941603 0.09959009 0.092226535
v -0.06275608 0.12649253 0.06261374
v -0.092380084 0.13390115 0.08764522
v -0.07895864 0.05227232 0.09857915
v -0.098838806 0.052208662 0.102096125
v 0.0084210355 0.08149773 0.029791554
v -0.11359315 0.06156069 0.106851436
v -0.12750986 0.04908347 0.103511274
v -0.12520343 0.03374198 0.09887887
v -0.14432445 0.025758564 0.10447267
v -0.1404272 0.03867778 0.11074996
v -0.14407557 0.018940538 0.09927825
v -0.1470713 0.025157928 0.11197631
v -0.108942 0.08292425 0.10180346
v -0.12307311 0.07352418 0.1071504
v -0.08350552 0.08851975 0.10162248
v -0.077603474 0.08719376 0.09244704
v -0.077603474 0.08719376 0.09244704
v -0.08162385 0.0738506 0.09806809
v -0.07035398 0.079346 0.090307415
v -0.09296727 0.09033382 0.1183335
v -0.08350552 0.08851975 0.10162248
v -0.08941603 0.09959009 0.092226535
v -0.077603474 0.08719376 0.09244704
v -0.12689133 0.08877766 0.0784731
v -0.13555808 0.07766706 0.07634847
v -0.14126761 0.08874515 0.05534706
v -0.13115314 0.08596936 0.090673804
v -0.14015523 0.08110064 0.05372016
v -0.14714752 0.09020898 0.034652658
v -0.1187692 0.22791559 -0.0164182
v -0.13646623 0.26520574 -0.016276538
v -0.13664863 0.26326647 -0.032778032
v -0.11674511 0.2319845 -0.029431403
v -0.12070141 0.2114588 -0.020043433
v -0.110798724 0.21604085 -0.03293877
v -0.120628655 0.20127901 0.0022226302
v -0.14730896 0.78146315 -0.017373161
v -0.14376807 0.7855442 -0.013557848
v -0.11014156 0.77706254 -0.017666532
v -0.08882455 0.7765874 -0.030220974
v -0.07303786 0.78042376 -0.022787398
v -0.055362057 0.7872209 -0.024629446
v -0.039919727 0.78551924 -0.03406568
v -0.13646623 0.26520574 -0.016276538
v -0.1187692 0.22791559 -0.0164182
v -0.11530309 0.24068353 -0.020780854
v -0.102542974 0.22414857 -0.028146975
v -0.12167204 0.2726273 -0.026752252
v -0.11609033 0.25544214 -0.028454911
v -0.12174054 0.08321321 -0.013913494
v -0.12032703 0.09702933 -0.023211867
v -0.12073335 0.09723002 -0.03157136
v -0.107813224 0.08738759 -0.027534625
v -0.096589625 0.09627059 -0.036528587
v -0.09277078 0.08735317 -0.028992541
v -0.11824147 0.15251759 -0.04756676
v -0.120603465 0.14647868 -0.04053145
v -0.14904475 0.14116505 -0.074859075
v -0.109722264 0.1475603 -0.035303097
v -0.10621932 0.1582849 -0.05344313
v -0.10449446 0.1402359 -0.04710239
v -0.12413466 0.17428538 -0.052366745
v -0.08655964 0.13291901 -0.057537604
v -0.11566962 0.37247437 -0.011523546
v -0.1276978 0.3708682 -0.00027160207
v -0.13479394 0.37229818 -0.008031593
v -0.08350142 0.08247396 -0.047009364
v -0.096871555 0.08387497 -0.057968315
v -0.083443075 0.08960566 -0.058365367
v -0.08624241 0.09239742 -0.07359166
v -0.09730221 0.081943184 -0.070275284
v -0.09525635 0.08177894 -0.09647313
v -0.06712436 0.08562374 -0.10528763
v -0.04433811 0.08352676 -0.12342183
v -0.03928284 0.089880556 -0.09000175
v -0.01611111 0.088060915 -0.107537396
v -0.01626135 0.0840185 -0.13357466
v -0.06250067 0.09431267 -0.05768651
v -0.00650228 0.08833328 -0.07267345
v -0.040661477 0.076464236 -0.14345339
v -0.061989255 0.074777156 -0.13917609
v -0.08302759 0.08187708 -0.10573693
v -0.07007674 0.08033538 -0.1305921
v -0.07866872 0.07758972 -0.12753086
v -0.027669791 0.0837743 -0.05638584
v -0.09103851 0.08849245 -0.11327893
v -0.09997375 0.085992694 -0.12009699
v -0.06423596 0.07228261 -0.1256798
v -0.10023334 0.09673703 -0.13668884
v -0.10652121 0.09649086 -0.12827486
v -0.11864582 0.09274942 -0.13612223
v -0.0930677 0.09509164 -0.12802655
v -0.09103851 0.08849245 -0.11327893
v -0.11226253 0.08820292 -0.12559456
v -0.13542828 0.07630789 -0.1383749
v -0.09997375 0.085992694 -0.12009699
v -0.10151351 0.09073228 -0.10365435
v -0.08628775 0.08664706 -0.13933648
v -0.077871665 0.09039202 -0.13211174
v -0.12032703 0.09702933 -0.023211867
v -0.12174054 0.08321321 -0.013913494
v -0.107813224 0.08738759 -0.027534625
v -0.09277078 0.08735317 -0.028992541
v -0.094402134 0.09603536 -0.025681278
v -0.096589625 0.09627059 -0.036528587
v -0.087920435 0.04526651 -0.17126043
v -0.09729678 0.04033628 -0.16914335
v -0.06764094 0.041237593 -0.17153443
v -0.08179867 0.049224436 -0.17050183
v -0.10883392 0.051256746 -0.17733672
v -0.11592282 0.04485804 -0.18969895
v -0.1118336 0.04587552 -0.1838454
v -0.11537799 0.043318182 -0.18991223
v -0.08910206 0.03731501 -0.19008489
v -0.09808133 0.04339826 -0.19334401
v -0.0785531 0.03283134 -0.20142622
v -0.10000759 0.046551257 -0.17684653
v -0.087920435 0.04526651 -0.17126043
v -0.10286823 0.0536561 -0.164015
v -0.08894085 0.04602191 -0.16385725
v -0.112624206 0.045340836 -0.18959615
v -0.11537992 0.044425845 -0.19505206
v -0.08179867 0.049224436 -0.17050183
v -0.07641705 0.05175656 -0.16049741
v -0.11474567 0.043436557 -0.18983105
v -0.11527948 0.043982834 -0.1906141
v -0.112624206 0.045340836 -0.18959615
v -0.11592282 0.04485804 -0.18969895
v -0.11527948 0.043982834 -0.1906141
v -0.11402948 0.043967962 -0.19106552
v -0.07128218 0.09397185 0.006010343
v -0.07618936 0.083702296 0.0005749513
v -0.05932699 0.072623014 0.0016246198
v -0.03800778 0.08940637 0.011636191
v -0.034617674 0.07424384 0.002151595
v -0.025731418 0.07733521 0.016844204
v -0.04811376 0.08787063 0.041007906
v -0.102601424 0.09932175 -0.10165931
v -0.10151351 0.09073228 -0.10365435
v -0.101661935 0.086753756 -0.088245556
v -0.11226253 0.08820292 -0.12559456
v -0.09525635 0.08177894 -0.09647313
v -0.09730221 0.081943184 -0.070275284
v -0.10604292 0.09028411 -0.07091312
v -0.09788027 0.0938409 -0.054420453
v -0.09997375 0.085992694 -0.12009699
v -0.096871555 0.08387497 -0.057968315
v -0.08350142 0.08247396 -0.047009364
v -0.08696666 0.09460315 -0.05004071
v -0.08310009 0.09506956 -0.017573657
v -0.07273896 0.07310042 -0.031534526
v -0.071253374 0.07206893 -0.0533155
v -0.07618936 0.083702296 0.0005749513
v -0.05932699 0.072623014 0.0016246198
v -0.07128218 0.09397185 0.006010343
v -0.083443075 0.08960566 -0.058365367
v -0.071253374 0.07206893 -0.0533155
v -0.08350142 0.08247396 -0.047009364
v -0.11389637 0.09869772 -0.083662644
v -0.11608502 0.09015158 -0.081482574
v -0.122161865 0.093390465 -0.0659817
v -0.101661935 0.086753756 -0.088245556
v -0.102601424 0.09932175 -0.10165931
v -0.011270547 0.08188185 0.13214424
v -0.007993013 0.08495426 0.113152064
v 0.009429809 0.08612317 0.12703791
v 0.015840312 0.08627921 0.13239644
v 0.012175076 0.08747959 0.12305495
v -0.03634334 0.08448154 0.10566671
v -0.031376086 0.08665645 0.09802997
v 0.016401941 0.087993175 0.122437
v 0.015747579 0.08842403 0.12831336
v -0.04333637 0.07843208 0.113670304
v -0.053471334 0.08670837 0.104814306
v -0.033798654 0.067382544 0.13016684
v -0.049815595 0.082732916 0.11811701
v -0.07101142 0.089368105 0.097503684
v -0.072109595 0.08737117 0.11494843
v -0.08350552 0.08851975 0.10162248
v -0.101476274 0.08520046 0.116202675
v -0.07296142 0.08422774 0.12559432
v -0.05842163 0.081395864 0.12586589
v -0.108942 0.08292425 0.10180346
v -0.12307311 0.07352418 0.1071504
v -0.07035398 0.079346 0.090307415
v -0.077603474 0.08719376 0.09244704
v -0.07013482 0.07985538 0.08426356
v -0.08162385 0.0738506 0.09806809
v 0.014085202 0.08450976 0.12271877
v 0.009429809 0.08612317 0.12703791
v 0.012175076 0.08747959 0.12305495
v 0.01719157 0.082265496 0.13078223
v 0.018863088 0.079847455 0.11580655
v -0.01373389 0.080188215 0.10004521
v -0.007993013 0.08495426 0.113152064
v -0.031376086 0.08665645 0.09802997
v -0.051300265 0.079580784 0.08118132
v -0.01085768 0.08913216 0.046000205
v 0.03255828 0.08549589 0.081880175
v 0.024385877 0.08694923 0.10118089
v 0.047233116 0.08199713 0.09902875
v 0.032848205 0.083637655 0.12281342
v 0.050946616 0.08016631 0.1165717
v 0.07156786 0.084492266 0.0746534
v -0.030447824 0.085936695 0.07293251
v -0.045886625 0.08662182 0.05107271
v 0.0017568897 0.08655846 0.10574228
v -0.029248046 0.08991587 0.029021902
v 0.008281736 0.09043053 0.03634899
v 0.033631362 0.08928734 0.058909643
v 0.052108724 0.08715001 0.07479747
v -0.023044636 0.08919209 0.017808158
v 0.057411738 0.085419774 0.05829678
v -0.047620118 0.08211312 0.073913924
v 0.07851616 0.0771606 0.0950053
v 0.09900557 0.07980752 0.07580239
v 0.092400715 0.085615605 0.040031284
v 0.05284535 0.0787414 0.082908124
v 0.0665248 0.07724872 0.064241104
v -0.0575996 0.074934304 0.07197196
v 0.088778734 0.07914913 0.028163668
v 0.09487905 0.08544469 0.01670292
v 0.0084210355 0.08149773 0.029791554
v 0.052819356 0.07926723 0.05001423
v 0.07155479 0.07797757 0.051381435
v -0.11402948 0.043967962 -0.19106552
v -0.11405996 0.044084013 -0.18940566
v -0.11474567 0.043436557 -0.18983105
v -0.1118336 0.04587552 -0.1838454
v -0.112624206 0.045340836 -0.18959615
v -0.11537992 0.044425845 -0.19505206
v -0.112624206 0.045340836 -0.18959615
v -0.11405996 0.044084013 -0.18940566
v -0.11592282 0.04485804 -0.18969895
v -0.11537799 0.043318182 -0.18991223
v -0.11402948 0.043967962 -0.19106552
v -0.11527948 0.043982834 -0.1906141
v -0.11405996 0.044084013 -0.18940566
v -0.11537799 0.043318182 -0.18991223
v -0.10519465 0.027493417 -0.17029648
v -0.105658785 0.0155412555 -0.16344564
v -0.10687688 0.0092327 -0.18119134
v -0.089803904 0.012980312 -0.16518588
v -0.07688538 0.033774823 -0.16846462
v -0.053871658 0.026650488 -0.16343558
v -0.04020071 0.012044609 -0.16293527
v -0.102045484 0.101777405 -0.11876858
v -0.11226253 0.08820292 -0.12559456
v -0.102601424 0.09932175 -0.10165931
v -0.09385254 0.1046164 -0.11458836
v -0.09873286 0.11044207 -0.0900808
v -0.10180156 0.10384157 -0.13316657
v -0.08938953 0.11450851 -0.13647021
v -0.09312458 0.12663224 -0.11310967
v -0.1094977 0.10060093 -0.14442295
v -0.08815842 0.1400469 -0.12131657
v -0.09537436 0.13675252 -0.0865698
v -0.10422997 0.12840977 -0.09298721
v -0.10626879 0.11712557 -0.11960594
v -0.11004064 0.13322228 -0.1131276
v -0.10339195 0.104237884 -0.112369604
v -0.102045484 0.101777405 -0.11876858
v -0.09873286 0.11044207 -0.0900808
v -0.102601424 0.09932175 -0.10165931
v -0.09537436 0.13675252 -0.0865698
v 0.09270145 0.023505807 0.1287276
v 0.09309293 0.03091669 0.1417655
v 0.06145986 0.03099987 0.13403563
v 0.07169461 0.022593081 0.123140216
v -0.09524684 0.0123208165 0.17048378
v -0.10354741 0.01723653 0.1713311
v -0.103920005 0.021745235 0.15427
v -0.09498697 0.016431779 0.1834594
v -0.09234592 0.022964954 0.16605616
v -0.085260406 0.02834171 0.18655297
v -0.063008055 0.033718914 0.18985517
v -0.07557005 0.03547132 0.15708831
v -0.029708488 0.036628753 0.17270376
v -0.0248907 0.032010972 0.21172436
v 0.0038151294 0.033305764 0.20100233
v -0.050377678 0.022988915 0.22034054
v 0.018117301 0.035117 0.17484172
v -0.056120798 0.035927325 0.1502777
v -0.0111994585 0.036770344 0.15359852
v -0.008466729 0.02731514 0.22511505
v 0.02006276 0.036134213 0.15025549
v -0.09058555 0.031672418 0.1599799
v -0.07888101 0.02393049 0.21402699
v -0.02169519 0.012678921 0.23288967
v -0.0072333864 0.01941204 0.22884308
v 0.00782454 0.021733582 0.22872882
v 0.04321497 0.035755187 0.15486863
v 0.04480012 0.032075167 0.19770776
v 0.030688059 0.031936556 0.19285113
v 0.035516758 0.017814785 0.20627137
v 0.053339668 0.02721721 0.21220927
v 0.061429113 0.018225878 0.21862638
v 0.041095212 0.009031385 0.22141221
v 0.057532802 0.01658398 0.23045999
v 0.026559468 0.009924829 0.2070543
v 0.07014609 0.031740755 0.18942194
v 0.07947003 0.034274578 0.15539314
v 0.06145986 0.03099987 0.13403563
v 0.09309293 0.03091669 0.1417655
v 0.02778355 0.025626183 0.18649077
v 0.01766117 0.03068459 0.2037147
v -0.065913975 0.010230392 0.22468683
v -0.091670245 0.030982852 0.14540929
v -0.10091704 0.017839134 0.13896076
v 0.019721497 0.022038996 0.19436128
v 0.018117301 0.035117 0.17484172
v 0.02778355 0.025626183 0.18649077
v 0.026559468 0.009924829 0.2070543
v 0.017280089 0.01882279 0.21101888
v -0.09231692 0.067119926 0.17115556
v -0.09442996 0.1019949 0.16128163
v -0.09377262 0.070821345 0.14183666
v -0.09007922 0.045299053 0.16592629
v -0.09303514 0.1210376 0.14418206
v -0.09458243 0.11104953 0.12602557
v -0.09114885 0.1554113 0.13498119
v -0.09203554 0.15219656 0.11669466
v -0.09372571 0.14093429 0.15454131
v -0.09255924 0.08275646 0.12590288
v -0.0969113 0.04972437 0.13089427
v -0.09600119 0.05342689 0.1468577
v -0.09576051 0.041117042 0.14389877
v -0.09661619 0.039772898 0.1607038
v -0.10091704 0.017839134 0.13896076
v -0.08683193 0.15983018 0.15598845
v -0.103920005 0.021745235 0.15427
v -0.10354741 0.01723653 0.1713311
v -0.0823188 0.054507226 0.17758779
v -0.06329214 0.039724737 0.17492945
v -0.09661619 0.039772898 0.1607038
v -0.104929194 0.049980223 0.1628405
v -0.09600119 0.05342689 0.1468577
v -0.07906014 0.018828958 0.14703071
v -0.091670245 0.030982852 0.14540929
v -0.10091704 0.017839134 0.13896076
v -0.056120798 0.035927325 0.1502777
v -0.039320245 0.02750516 0.14811333
v -0.0111994585 0.036770344 0.15359852
v 0.004900528 0.023826659 0.15484604
v 0.02006276 0.036134213 0.15025549
v 0.049371205 0.017727554 0.13458094
v 0.06145986 0.03099987 0.13403563
v 0.013204245 0.013793796 0.15111059
v 0.07169461 0.022593081 0.123140216
v 0.0660311 0.0078547 0.12383187
v 0.08137927 0.013021797 0.121753834
v 0.09270145 0.023505807 0.1287276
v 0.0977361 0.009055644 0.13639137
v 0.101544574 0.018407404 0.13925713
v 0.10843107 0.011917472 0.15463012
v -0.09231692 0.067119926 0.17115556
v -0.07376906 0.08490795 0.16694982
v -0.09442996 0.1019949 0.16128163
v -0.0823188 0.054507226 0.17758779
v -0.08504557 0.13226432 0.16002755
v -0.09372571 0.14093429 0.15454131
v -0.0743862 0.13846695 0.15611863
v -0.03746741 0.14085546 0.15502216
v -0.06896576 0.14921084 0.15815333
v -0.08683193 0.15983018 0.15598845
v -0.07157536 0.16389433 0.15014784
v -0.027193882 0.157689 0.15466535
v 0.0130982995 0.15070385 0.15539318
v 0.0021124957 0.1630652 0.15175194
v 0.033417836 0.13013712 0.15806372
v -0.025544712 0.10199386 0.16313729
v 0.041302137 0.15160173 0.16037585
v 0.050578017 0.1297608 0.1604893
v 0.05286154 0.15923521 0.1494046
v 0.056245834 0.13025716 0.1550809
v 0.042308126 0.121349335 0.16440672
v 0.053267278 0.07943854 0.17184749
v 0.037839487 0.08982065 0.16748692
v 0.038686436 0.06114459 0.17965035
v 0.05440551 0.060169697 0.17318518
v 0.03532362 0.061424464 0.1723265
v 0.017322917 0.056225717 0.17665161
v -0.010009188 0.06530368 0.17165807
v 0.01482253 0.09719819 0.16323012
v 0.01634294 0.04106471 0.18563457
v -0.008894296 0.038344353 0.19755252
v 0.04203947 0.04360658 0.17980736
v 0.048345774 0.059438974 0.18282133
v 0.05732207 0.044261336 0.17293037
v -0.053886887 0.05215451 0.17532948
v -0.06329214 0.039724737 0.17492945
v -0.041883063 0.16146383 0.14466143
v -0.09458243 0.11104953 0.12602557
v -0.09203554 0.15219656 0.11669466
v -0.07655993 0.14050883 0.11521478
v -0.06913988 0.15531394 0.11790201
v -0.07819029 0.11184421 0.12446998
v -0.04894628 0.13718012 0.11964441
v -0.09255924 0.08275646 0.12590288
v -0.07020978 0.094741344 0.12720683
v -0.03370426 0.10945192 0.12331867
v -0.039537862 0.090507865 0.11648932
v -0.0049905614 0.10002068 0.113009796
v -0.000026116148 0.1135723 0.12004317
v -0.021146823 0.13818145 0.11780258
v -0.0036523342 0.13437954 0.11448745
v 0.00817107 0.14357528 0.112149045
v 0.0042243674 0.15530673 0.116809964
v 0.013557324 0.15499887 0.10545518
v -0.030271277 0.15520996 0.11761437
v 0.00817107 0.14357528 0.112149045
v -0.0018628761 0.12663567 0.10951122
v -0.0036523342 0.13437954 0.11448745
v -0.0065609654 0.12572163 0.10812729
v -0.0022742264 0.121858895 0.108778246
v 0.0030672997 0.12872025 0.110261805
v 0.0017326185 0.123895705 0.11005522
v 0.0006780159 0.12641853 0.110205434
v 0.0021530772 0.12798342 0.110678755
v 0.00243284 0.123901725 0.11177051
v 0.0017326185 0.123895705 0.11005522
v 0.00817107 0.14357528 0.112149045
v 0.0021530772 0.12798342 0.110678755
v -0.0018628761 0.12663567 0.10951122
v 0.0036751041 0.12872136 0.11143024
v 0.0042733317 0.12697506 0.11201104
v 0.0006780159 0.12641853 0.110205434
v 0.00243284 0.123901725 0.11177051
v 0.00522699 0.12921464 0.11189858
v 0.0033932244 0.113934964 0.11161703
v 0.001191535 0.121769875 0.11052408
v 0.0036141053 0.12503543 0.110954724
v 0.0042733317 0.12697506 0.11201104
v 0.0033932244 0.113934964 0.11161703
v 0.00243284 0.123901725 0.11177051
v -0.0030141599 0.12185782 0.11109802
v -0.0049905614 0.10002068 0.113009796
v 0.0030672997 0.12872025 0.110261805
v 0.0006780159 0.12641853 0.110205434
v 0.0021530772 0.12798342 0.110678755
v -0.08823739 0.22267842 -0.026826734
v -0.086230926 0.21358708 -0.052809298
v -0.097376004 0.22062084 -0.044756763
v -0.071674556 0.19426537 -0.025208494
v -0.0660312 0.17617801 -0.050719537
v -0.07474046 0.19854587 -0.004117008
v -0.05702357 0.1590325 -0.025911588
v -0.04584385 0.14094076 -0.019241652
v -0.059639398 0.14946285 -0.05528961
v -0.04234042 0.13140187 -0.05671535
v -0.07157536 0.16389433 0.15014784
v -0.09114885 0.1554113 0.13498119
v -0.08683193 0.15983018 0.15598845
v -0.071584 0.15724769 0.13437058
v -0.041883063 0.16146383 0.14466143
v -0.06913988 0.15531394 0.11790201
v -0.030271277 0.15520996 0.11761437
v -0.09203554 0.15219656 0.11669466
v -0.0120344795 0.15762448 0.13611591
v 0.0042243674 0.15530673 0.116809964
v 0.026285812 0.15705049 0.13608569
v 0.0021124957 0.1630652 0.15175194
v 0.013557324 0.15499887 0.10545518
v 0.04336705 0.15755442 0.12701762
v 0.05286154 0.15923521 0.1494046
v 0.053707555 0.15366915 0.121565685
v 0.041637912 0.14134112 0.11002687
v 0.05366393 0.15311834 0.1403686
v 0.046365898 0.15514219 0.085388064
v 0.029618368 0.15775266 0.064405575
v 0.06757024 0.15258387 0.048274104
v -0.03119686 0.15401706 0.0832279
v -0.010285047 0.15402597 0.026767185
v 0.029410183 0.15753144 0.0033321725
v -0.03512214 0.14902619 0.051362205
v 0.074656665 0.15921485 -0.010904668
v 0.0034255516 0.15809041 -0.024024006
v -0.026053578 0.1522797 -0.03523303
v 0.018218199 0.15928125 -0.030295793
v 0.04274602 0.15967652 -0.054120563
v 0.013755079 0.15910056 -0.04137387
v -0.002784852 0.15901047 -0.06655878
v -0.0073030284 0.16029647 -0.03550097
v 0.028678056 0.15576443 -0.09500342
v 0.0539931 0.15693724 -0.068464026
v 0.0048959926 0.15253839 -0.09370816
v 0.086358204 0.15721759 -0.028719455
v 0.10005776 0.14628476 -0.008882041
v 0.0844316 0.15748909 0.017162453
v 0.0010702712 0.16440713 -0.03637772
v -0.027193882 0.157689 0.15466535
v -0.07866872 0.07758972 -0.12753086
v -0.08302759 0.08187708 -0.10573693
v -0.09103851 0.08849245 -0.11327893
v -0.077871665 0.09039202 -0.13211174
v -0.07007674 0.08033538 -0.1305921
v -0.07398169 0.080930024 -0.14099531
v -0.06423596 0.07228261 -0.1256798
v -0.060814153 0.05038342 -0.1476322
v -0.06712436 0.08562374 -0.10528763
v -0.058515545 0.05849424 -0.13797325
v 0.02520733 0.03133568 0.20653763
v 0.016494103 0.016216367 0.22737758
v 0.03853709 0.018981427 0.21936294
v 0.030481681 0.0143042505 0.23100531
v 0.057532802 0.01658398 0.23045999
v 0.025994964 0.015812635 0.24165638
v 0.002099554 0.01589492 0.24870284
v -0.0037917406 0.019296229 0.23703413
v 0.016656566 0.018969506 0.24745525
v 0.011712659 0.02365905 0.25270766
v 0.0022986233 0.019421548 0.26801175
v -0.02169519 0.012678921 0.23288967
v 0.04157402 0.016882867 0.24182951
v 0.056024805 0.012347996 0.24210839
v 0.06545785 0.018543243 0.25600117
v 0.048733 0.01147145 0.25874752
v 0.033159796 0.014507145 0.25948727
v 0.03518469 0.014554411 0.28038436
v 0.0225306 0.018322378 0.25873893
v 0.01634294 0.04106471 0.18563457
v 0.040587842 0.03496489 0.21026249
v 0.05407954 0.03820157 0.19938345
v 0.039322462 0.027037978 0.22938564
v 0.0483864 0.027004808 0.2260684
v 0.06646398 0.028824955 0.22224812
v 0.089620836 0.035933703 0.18220952
v 0.075400226 0.04112661 0.16723795
v 0.09517345 0.021299094 0.20955229
v 0.09373904 0.038045704 0.14427379
v 0.05732207 0.044261336 0.17293037
v 0.05455956 0.045811355 0.1489925
v 0.04203947 0.04360658 0.17980736
v 0.076334186 0.037000984 0.13464749
v 0.053604238 0.03961274 0.13031375
v 0.1018442 0.03902018 0.12956691
v 0.110929765 0.035918683 0.14764322
v 0.0844309 0.03322491 0.12055997
v 0.10680166 0.029126793 0.12313621
v 0.06502694 0.042717427 0.119931504
v 0.09743411 0.03830281 0.118100435
v 0.115762144 0.028475821 0.13760507
v 0.11337024 0.034744352 0.114349425
v 0.13178737 0.031849116 0.124597825
v 0.13560529 0.015390128 0.14748916
v 0.11658169 0.015562952 0.15451403
v 0.15209375 0.01440075 0.13629778
v 0.15640895 0.020676255 0.12616706
v 0.1573406 0.008934051 0.16213085
v 0.12841952 0.008948296 0.14662436
v 0.10355297 0.047870785 0.112885416
v 0.08676505 0.048563212 0.108555645
v 0.10152492 0.05439076 0.09806442
v 0.16086242 0.010685116 0.1118083
v -0.06320791 0.03775555 0.19010355
v -0.09014489 0.031817377 0.18161438
v -0.07888101 0.02393049 0.21402699
v -0.06329214 0.039724737 0.17492945
v -0.039937414 0.028997123 0.22109616
v -0.008894296 0.038344353 0.19755252
v 0.0030241366 0.030744553 0.23560435
v 0.015964659 0.028044134 0.22709328
v 0.011712659 0.02365905 0.25270766
v 0.02520733 0.03133568 0.20653763
v 0.01634294 0.04106471 0.18563457
v 0.040587842 0.03496489 0.21026249
v 0.03853709 0.018981427 0.21936294
v 0.04538538 0.025266618 0.22542597
v 0.0022986233 0.019421548 0.26801175
v 0.0225306 0.018322378 0.25873893
v 0.022128321 0.021133691 0.2390662
v 0.025994964 0.015812635 0.24165638
v 0.035459872 0.026970208 0.26150572
v 0.04157402 0.016882867 0.24182951
v 0.039322462 0.027037978 0.22938564
v 0.0483864 0.027004808 0.2260684
v -0.07458687 0.09444806 -0.049747117
v -0.07461281 0.095329344 -0.025518317
v -0.07273896 0.07310042 -0.031534526
v -0.070660695 0.092264 -0.00058337906
v -0.071253374 0.07206893 -0.0533155
v -0.059219595 0.082042515 -0.051982373
v -0.046232 0.09250632 -0.049787156
v -0.027669791 0.0837743 -0.05638584
v -0.05932699 0.072623014 0.0016246198
v -0.029174192 0.09046495 -0.049216747
v -0.046232 0.09250632 -0.049787156
v -0.027669791 0.0837743 -0.05638584
v -0.021349177 0.081027895 -0.029040523
v -0.028154118 0.09155437 -0.020789066
v -0.028753255 0.090262115 -0.0018800739
v -0.021313772 0.07462141 0.0013108433
v -0.017901 0.073984146 -0.04844675
v -0.047214076 0.09241441 -0.0029040705
v -0.057508662 0.094546825 -0.035596196
v -0.07461281 0.095329344 -0.025518317
v -0.07458687 0.09444806 -0.049747117
v -0.070660695 0.092264 -0.00058337906
v -0.034617674 0.07424384 0.002151595
v -0.05932699 0.072623014 0.0016246198
v 0.0022269646 0.076663226 -0.07841463
v -0.00650228 0.08833328 -0.07267345
v 0.002161282 0.084778905 -0.098166205
v 0.007960461 0.07048231 -0.091185495
v -0.0069152443 0.07575047 -0.059258915
v 0.031607207 0.08736932 -0.085930735
v 0.010350898 0.08419126 -0.093562864
v 0.002161282 0.084778905 -0.098166205
v 0.0011372399 0.08713606 -0.120515876
v -0.01611111 0.088060915 -0.107537396
v 0.018138267 0.08720517 -0.06516196
v 0.058507264 0.08734888 -0.036503576
v 0.0035553845 0.08948761 -0.0037805988
v -0.012387458 0.09008843 -0.03379154
v 0.04030473 0.08842176 0.016665304
v -0.00006446242 0.08742383 -0.06410167
v 0.085470796 0.08619839 -0.0029779621
v 0.07870814 0.084695905 0.037895508
v 0.09487905 0.08544469 0.01670292
v 0.100994304 0.07604125 -0.0066105537
v -0.00650228 0.08833328 -0.07267345
v -0.022587005 0.08903831 0.0037750201
v 0.08614623 0.0847483 -0.027014865
v 0.01410233 0.08925861 0.025410192
v 0.055938512 0.08118117 -0.0630699
v 0.06470983 0.08786726 0.04174306
v 0.06962191 0.0852426 0.05244794
v 0.045044374 0.08800769 0.04353243
v -0.016653236 0.0895628 -0.048627447
v 0.06296995 0.08683318 -0.05259517
v -0.066057414 0.092924744 0.11792307
v -0.08350552 0.08851975 0.10162248
v -0.09296727 0.09033382 0.1183335
v -0.07101142 0.089368105 0.097503684
v -0.07020978 0.094741344 0.12720683
v -0.039537862 0.090507865 0.11648932
v -0.053471334 0.08670837 0.104814306
v -0.06630001 0.08957273 0.09372278
v -0.03634334 0.08448154 0.10566671
v -0.031376086 0.08665645 0.09802997
v -0.0049905614 0.10002068 0.113009796
v -0.07013482 0.07985538 0.08426356
v -0.077603474 0.08719376 0.09244704
v -0.08941603 0.09959009 0.092226535
v -0.071253374 0.07206893 -0.0533155
v -0.083443075 0.08960566 -0.058365367
v -0.060888913 0.07849726 -0.057508927
v -0.06250067 0.09431267 -0.05768651
v -0.027669791 0.0837743 -0.05638584
v -0.065913975 0.010230392 0.22468683
v -0.039937414 0.028997123 0.22109616
v -0.07888101 0.02393049 0.21402699
v -0.02169519 0.012678921 0.23288967
v -0.0037917406 0.019296229 0.23703413
v 0.0030241366 0.030744553 0.23560435
v 0.012264464 0.024152428 0.23414458
v 0.016494103 0.016216367 0.22737758
v 0.015964659 0.028044134 0.22709328
v 0.02520733 0.03133568 0.20653763
v -0.0040354105 0.12102443 0.10819997
v -0.0030141599 0.12185782 0.11109802
v -0.0065609654 0.12572163 0.10812729
v -0.0036523342 0.13437954 0.11448745
v -0.000026116148 0.1135723 0.12004317
v -0.0049905614 0.10002068 0.113009796
v -0.00046768785 0.1209192 0.10956065
v 0.0009929445 0.12224105 0.11118616
v 0.0017326185 0.123895705 0.11005522
v 0.0050608898 0.12755361 0.11153968
v 0.0033932244 0.113934964 0.11161703
v 0.00522699 0.12921464 0.11189858
v -0.04936608 0.09409729 0.08490249
v -0.06275608 0.12649253 0.06261374
v -0.06794712 0.09103939 0.07643161
v -0.0575996 0.074934304 0.07197196
v -0.051300265 0.079580784 0.08118132
v -0.031376086 0.08665645 0.09802997
v -0.026156075 0.11500853 0.09762835
v -0.0049905614 0.10002068 0.113009796
v 0.0033932244 0.113934964 0.11161703
v -0.0040354105 0.12102443 0.10819997
v -0.0065609654 0.12572163 0.10812729
v -0.015111317 0.14189723 0.09831847
v -0.05206903 0.14013046 0.07881063
v -0.03119686 0.15401706 0.0832279
v 0.00817107 0.14357528 0.112149045
v 0.0030672997 0.12872025 0.110261805
v 0.013557324 0.15499887 0.10545518
v -0.0011801952 0.123895615 0.108856864
v -0.0022742264 0.121858895 0.108778246
v 0.0017326185 0.123895705 0.11005522
v 0.00522699 0.12921464 0.11189858
v -0.00046768785 0.1209192 0.10956065
v 0.001191535 0.121769875 0.11052408
v -0.026156075 0.11500853 0.09762835
v -0.06208489 0.11310822 0.07873896
v -0.04936608 0.09409729 0.08490249
v -0.05206903 0.14013046 0.07881063
v -0.0022742264 0.121858895 0.108778246
v -0.0040354105 0.12102443 0.10819997
v -0.00046768785 0.1209192 0.10956065
v -0.0018628761 0.12663567 0.10951122
v 0.001191535 0.121769875 0.11052408
v 0.0033932244 0.113934964 0.11161703
v 0.0017326185 0.123895705 0.11005522
v 0.0036141053 0.12503543 0.110954724
v -0.0018628761 0.12663567 0.10951122
v 0.0050608898 0.12755361 0.11153968
v 0.0021530772 0.12798342 0.110678755
v 0.0030672997 0.12872025 0.110261805
v 0.0036751041 0.12872136 0.11143024
v 0.00522699 0.12921464 0.11189858
v 0.0036751041 0.12872136 0.11143024
v 0.0050608898 0.12755361 0.11153968
v 0.0042733317 0.12697506 0.11201104
v 0.0030672997 0.12872025 0.110261805
v 0.0009929445 0.12224105 0.11118616
v -0.00046768785 0.1209192 0.10956065
v 0.001191535 0.121769875 0.11052408
v 0.00243284 0.123901725 0.11177051
v -0.0030141599 0.12185782 0.11109802
v -0.06208489 0.11310822 0.07873896
v -0.06275608 0.12649253 0.06261374
v -0.04936608 0.09409729 0.08490249
v -0.05206903 0.14013046 0.07881063
v -0.03512214 0.14902619 0.051362205
v -0.03119686 0.15401706 0.0832279
v -0.03274807 0.13821816 0.01744645
v -0.010285047 0.15402597 0.026767185
v -0.058506783 0.12763023 0.029002907
v -0.047651976 0.121869504 0.018747278
v -0.047351062 0.12149021 0.007093611
v -0.04584385 0.14094076 -0.019241652
v -0.026053578 0.1522797 -0.03523303
v -0.02069328 0.1422351 -0.068518996
v -0.04234042 0.13140187 -0.05671535
v -0.002784852 0.15901047 -0.06655878
v 0.0048959926 0.15253839 -0.09370816
v -0.0073030284 0.16029647 -0.03550097
v -0.0016399799 0.131939 -0.10040812
v 0.017862922 0.13599622 -0.10429299
v -0.02511143 0.13363352 -0.071933895
v -0.063839674 0.068663806 0.12235225
v -0.066998765 0.06421572 0.13112634
v -0.05842163 0.081395864 0.12586589
v -0.049815595 0.082732916 0.11811701
v -0.058515545 0.05849424 -0.13797325
v -0.061989255 0.074777156 -0.13917609
v -0.06423596 0.07228261 -0.1256798
v -0.053396147 0.06010312 -0.14926852
v -0.060814153 0.05038342 -0.1476322
v -0.036883127 0.0130493045 -0.21582627
v -0.067396715 0.010665119 -0.2103696
v -0.04192859 0.015540838 -0.20073925
v -0.029808626 0.016256869 -0.2009391
v -0.015264252 0.019320399 -0.2226959
v -0.007265075 0.014399409 -0.18842505
v -0.027749661 0.015788406 -0.18822636
v -0.01330565 0.018227488 -0.1770009
v 0.007739421 0.022118002 -0.17432411
v 0.011242412 0.027896285 -0.19811384
v -0.0016647009 0.017208725 -0.20328468
v -0.02830842 0.018350184 -0.17991515
v 0.010924716 0.011659443 -0.2026741
v -0.0016647009 0.017208725 -0.20328468
v 0.0037541622 0.011839807 -0.19145812
v 0.010924716 0.011659443 -0.2026741
v 0.016250253 0.011006683 -0.1760183
v 0.004486462 0.011550188 -0.17304654
v 0.00694195 0.009181619 -0.16230558
v 0.02542786 0.009790301 -0.1728151
v 0.025919128 0.012580454 -0.16877712
v 0.04010246 0.01233083 -0.17166354
v 0.025919128 0.012580454 -0.16877712
v 0.00694195 0.009181619 -0.16230558
v 0.022105072 0.01830259 -0.1603965
v 0.036159903 0.01691249 -0.17547908
v -0.03940535 0.049038142 -0.17297204
v -0.03930131 0.05182895 -0.15920357
v -0.05420697 0.05917892 -0.15692405
v -0.032263547 0.04584351 -0.17202476
v -0.040120654 0.036814302 -0.17910266
v -0.03699486 0.02360776 -0.17841737
v -0.029681923 0.04947242 -0.14200214
v -0.040799815 0.049595058 -0.15132737
v -0.039070737 0.034864962 -0.14952973
v -0.026224224 0.056377262 -0.14989297
v -0.012700746 0.052324355 -0.13696824
v -0.012181143 0.0680024 -0.14014749
v -0.013869828 0.077083915 -0.11955862
v -0.018823989 0.07370439 -0.14852734
v -0.01626135 0.0840185 -0.13357466
v -0.01611111 0.088060915 -0.107537396
v -0.008295179 0.045255154 -0.12859547
v -0.005531885 0.031667918 -0.13262166
v -0.014081435 0.03182167 -0.14170468
v -0.02298202 0.040911406 -0.14869015
v -0.027841527 0.03116566 -0.15333103
v -0.028107705 0.026922643 -0.20484805
v -0.038620695 0.04254511 -0.2277414
v -0.03534518 0.030515134 -0.20277637
v -0.027749661 0.015788406 -0.18822636
v -0.04371086 0.028898537 -0.20654285
v -0.043954954 0.023374021 -0.19819446
v -0.033362165 0.019886047 -0.18747716
v -0.027056983 0.032246143 -0.18901734
v -0.036152586 0.029024512 -0.18794338
v -0.033362165 0.019886047 -0.18747716
v -0.02830842 0.018350184 -0.17991515
v -0.04371086 0.028898537 -0.20654285
v -0.04192859 0.015540838 -0.20073925
v -0.043954954 0.023374021 -0.19819446
v -0.027056983 0.032246143 -0.18901734
v -0.03284809 0.03132817 -0.1890182
v -0.03325708 0.026743978 -0.18558243
v -0.03534518 0.030515134 -0.20277637
v -0.036152586 0.029024512 -0.18794338
v -0.034582645 0.044194937 -0.21102802
v -0.017145831 0.051520914 -0.21544018
v -0.033362165 0.019886047 -0.18747716
v -0.036152586 0.029024512 -0.18794338
v -0.03699486 0.02360776 -0.17841737
v -0.040120654 0.036814302 -0.17910266
v -0.03325708 0.026743978 -0.18558243
v -0.040750414 0.051217705 -0.189553
v -0.038837545 0.04772988 -0.19385186
v -0.039771877 0.071406096 -0.19700259
v -0.033362165 0.019886047 -0.18747716
v -0.027056983 0.032246143 -0.18901734
v -0.040750414 0.051217705 -0.189553
v -0.03237629 0.049316734 -0.19016081
v -0.039771877 0.071406096 -0.19700259
v -0.031287216 0.034922004 -0.1814732
v -0.040120654 0.036814302 -0.17910266
v -0.04371086 0.028898537 -0.20654285
v -0.038620695 0.04254511 -0.2277414
v -0.028107705 0.026922643 -0.20484805
v -0.029808626 0.016256869 -0.2009391
v -0.027749661 0.015788406 -0.18822636
v -0.04192859 0.015540838 -0.20073925
v -0.017145831 0.051520914 -0.21544018
v -0.03534518 0.030515134 -0.20277637
v -0.034582645 0.044194937 -0.21102802
v -0.025240842 0.029949337 -0.19597544
v -0.027056983 0.032246143 -0.18901734
v -0.027749661 0.015788406 -0.18822636
v -0.02830842 0.018350184 -0.17991515
v -0.038837545 0.04772988 -0.19385186
v -0.03284809 0.03132817 -0.1890182
v -0.036152586 0.029024512 -0.18794338
v -0.03237629 0.049316734 -0.19016081
v -0.039771877 0.071406096 -0.19700259
v -0.031287216 0.034922004 -0.1814732
v -0.03325708 0.026743978 -0.18558243
v -0.033362165 0.019886047 -0.18747716
v -0.02830842 0.018350184 -0.17991515
v -0.021763554 0.034840226 -0.17021032
v -0.03699486 0.02360776 -0.17841737
v -0.048270762 0.04133928 -0.15909718
v -0.02830842 0.018350184 -0.17991515
v -0.015772952 0.05472693 -0.15126699
v -0.010511351 0.032129616 -0.16444437
v -0.026224224 0.056377262 -0.14989297
v -0.018823989 0.07370439 -0.14852734
v -0.007618922 0.07219404 -0.13853063
v -0.007509846 0.097753406 -0.13265017
v -0.0077633816 0.04041308 -0.14669634
v 0.0041670566 0.059433103 -0.14608891
v -0.014570729 0.03483057 -0.15496503
v -0.02298202 0.040911406 -0.14869015
v -0.027841527 0.03116566 -0.15333103
v -0.022713706 0.034552395 -0.15840547
v 0.007739421 0.022118002 -0.17432411
v -0.01330565 0.018227488 -0.1770009
v -0.031287216 0.034922004 -0.1814732
v -0.032263547 0.04584351 -0.17202476
v -0.03699486 0.02360776 -0.17841737
v -0.022090666 0.05302471 -0.17654563
v -0.02830842 0.018350184 -0.17991515
v -0.028518846 0.06262779 -0.1597758
v -0.014125926 0.082447916 -0.15336202
v -0.03930131 0.05182895 -0.15920357
v -0.026224224 0.056377262 -0.14989297
v -0.028834509 0.06279063 -0.15082102
v -0.048270762 0.04133928 -0.15909718
v -0.018823989 0.07370439 -0.14852734
v -0.007509846 0.097753406 -0.13265017
v -0.025731418 0.07733521 0.016844204
v -0.034617674 0.07424384 0.002151595
v -0.022587005 0.08903831 0.0037750201
v -0.021313772 0.07462141 0.0013108433
v -0.021349177 0.081027895 -0.029040523
v -0.012387458 0.09008843 -0.03379154
v -0.016653236 0.0895628 -0.048627447
v -0.017901 0.073984146 -0.04844675
v -0.0069152443 0.07575047 -0.059258915
v -0.00006446242 0.08742383 -0.06410167
v 0.0022269646 0.076663226 -0.07841463
v 0.010350898 0.08419126 -0.093562864
v 0.007960461 0.07048231 -0.091185495
v 0.002161282 0.084778905 -0.098166205
v -0.0042270385 0.21638578 -0.02176279
v -0.014850231 0.21027133 -0.037107784
v -0.021718588 0.22302157 -0.023991765
v 0.0039495155 0.1970126 -0.03753065
v 0.004944212 0.19853932 -0.044131972
v -0.0072333864 0.01941204 0.22884308
v -0.0023553455 0.0151999295 0.21677452
v -0.02169519 0.012678921 0.23288967
v 0.00782454 0.021733582 0.22872882
v 0.017280089 0.01882279 0.21101888
v 0.026559468 0.009924829 0.2070543
v 0.01766117 0.03068459 0.2037147
v 0.019721497 0.022038996 0.19436128
v 0.018117301 0.035117 0.17484172
v -0.012499615 0.8232534 -0.028204948
v -0.024120409 0.8124237 -0.027918074
v -0.020297213 0.8413377 -0.023635209
v 0.013408281 0.84761155 -0.021376422
v 0.051001634 0.8482976 -0.026918588
v 0.05914595 0.8613162 -0.022702225
v 0.03936178 0.82496387 -0.029444855
v 0.08434463 0.8470148 -0.035472054
v 0.09107328 0.87225866 -0.027006963
v 0.13989618 0.8764472 -0.027520157
v 0.13349128 0.8574523 -0.02828722
v 0.14024659 0.9034486 -0.014537882
v 0.15751475 0.89667714 -0.021341763
v 0.16806133 0.8984851 -0.013358302
v 0.1821849 0.880261 -0.022923296
v 0.19099168 0.8605799 -0.018960543
v 0.2113449 0.894114 -0.015786422
v 0.19124766 0.9002584 -0.015223863
v 0.21924606 0.876953 -0.00754554
v 0.24042353 0.8956946 -0.0040396024
v 0.22164284 0.85907054 -0.00906052
v 0.21423978 0.8449452 -0.0142820105
v 0.24918407 0.90941334 -0.00710709
v 0.22860605 0.91666853 -0.0075350897
v 0.26063454 0.90183675 -0.00007229927
v 0.26836896 0.9147578 -0.0059536556
v 0.27210045 0.9119104 0.0027564047
v 0.25800002 0.91956747 0.0014002139
v 0.18776026 0.910741 -0.0041141864
v 0.17939551 0.90610313 0.0034550936
v -0.020789895 0.8448993 0.0006494657
v -0.020297213 0.8413377 -0.023635209
v -0.029519884 0.8510206 -0.0038042301
v -0.015748117 0.82224894 0.0025076396
v -0.02412492 0.82682836 0.015820215
v -0.025973018 0.8027196 0.011596807
v -0.019931726 0.7951876 -0.012318581
v -0.017609686 0.80470264 -0.009833975
v -0.024120409 0.8124237 -0.027918074
v -0.02019671 0.8048476 -0.0316443
v -0.01939176 0.79002273 -0.02400547
v -0.02571097 0.8162491 -0.047186118
v -0.019867444 0.79478717 -0.035895586
v -0.014125926 0.082447916 -0.15336202
v -0.036269933 0.116025 -0.13665266
v -0.007509846 0.097753406 -0.13265017
v -0.0037404015 0.12509856 -0.11846069
v 0.016033482 0.10584411 -0.10844562
v -0.0016399799 0.131939 -0.10040812
v 0.017862922 0.13599622 -0.10429299
v 0.04246811 0.13428631 -0.08714921
v 0.028678056 0.15576443 -0.09500342
v 0.0048959926 0.15253839 -0.09370816
v 0.0539931 0.15693724 -0.068464026
v 0.07711359 0.11833957 -0.05012322
v 0.086358204 0.15721759 -0.028719455
v 0.09928767 0.11847147 -0.025389344
v 0.09617526 0.092618465 -0.03239704
v 0.1073287 0.10136047 -0.011411281
v 0.10005776 0.14628476 -0.008882041
v 0.0737326 0.09142411 -0.055707373
v 0.11483222 0.08134255 -0.01028
v 0.0997586 0.08646795 -0.048014406
v 0.07322833 0.088368446 -0.07239399
v 0.093477644 0.07815558 -0.07646398
v 0.11135875 0.06014079 -0.0695399
v 0.10804113 0.042203665 -0.08811036
v 0.118631795 0.06297958 -0.0497059
v 0.12048006 0.067656785 -0.03945598
v 0.07440794 0.08245295 -0.08895193
v 0.12592493 0.055457592 -0.048249885
v 0.0454192 0.09237817 -0.08803545
v 0.120048985 0.027843624 -0.079785936
v 0.11039654 0.020015359 -0.09961525
v 0.1188415 0.0037120879 -0.09616862
v 0.1289093 0.008348107 -0.06451357
v 0.11149946 0.008462042 -0.11073446
v 0.12829104 0.03516686 -0.04741595
v 0.051621486 0.10888025 -0.07819869
v 0.05357153 0.09158161 -0.095641926
v 0.0989643 0.021783203 -0.1186646
v 0.09381957 0.022172421 -0.13553455
v 0.12849738 0.050806344 -0.042571146
v 0.1391062 0.024612129 -0.044609517
v 0.15389922 0.012344569 -0.035892103
v 0.13789822 0.034296185 -0.040327772
v 0.15494646 0.03571871 -0.04746858
v 0.1478875 0.035057753 -0.029282358
v 0.16623363 0.034038484 -0.038796756
v 0.13442118 0.046463728 -0.04041803
v 0.031492714 0.08991262 -0.11994642
v 0.046805643 0.078811765 -0.11953553
v 0.079522386 0.06526187 -0.09754786
v 0.08465703 0.058138102 -0.085594274
v 0.08550773 0.037164092 -0.10125744
v 0.12829104 0.03516686 -0.04741595
v 0.12849738 0.050806344 -0.042571146
v 0.13553579 0.038553894 -0.03260897
v 0.12849738 0.050806344 -0.042571146
v 0.14520329 0.06077227 -0.06180858
v 0.118631795 0.06297958 -0.0497059
v 0.13442118 0.046463728 -0.04041803
v 0.124959886 0.06986484 -0.063511066
v 0.14090113 0.046085864 -0.042102255
v 0.14398359 0.059969276 -0.039243113
v 0.14090113 0.046085864 -0.042102255
v 0.13442118 0.046463728 -0.04041803
v 0.14947242 0.06402284 -0.04087639
v 0.14082702 0.08178812 -0.034884542
v 0.15920106 0.08737269 -0.022114387
v 0.15450636 0.06722632 -0.036844134
v 0.14090113 0.046085864 -0.042102255
v 0.14947242 0.06402284 -0.04087639
v 0.14259318 0.04789275 -0.03767438
v 0.15450636 0.06722632 -0.036844134
v 0.13789822 0.034296185 -0.040327772
v 0.13553579 0.038553894 -0.03260897
v 0.13837817 0.051989555 -0.051360887
v 0.1478875 0.035057753 -0.029282358
v 0.13952224 0.051245064 -0.015093602
v 0.12950471 0.05620402 -0.021899099
v -0.020297213 0.8413377 -0.023635209
v -0.015748117 0.82224894 0.0025076396
v 0.052861646 0.85494685 0.0011666471
v 0.013408281 0.84761155 -0.021376422
v 0.05914595 0.8613162 -0.022702225
v 0.08112463 0.8761116 -0.014899708
v 0.08392758 0.8752433 -0.0019111335
v 0.09107328 0.87225866 -0.027006963
v 0.14024659 0.9034486 -0.014537882
v 0.12684742 0.89999783 -0.0025508977
v 0.17939551 0.90610313 0.0034550936
v 0.11751185 0.88119733 0.0084025515
v -0.022587005 0.08903831 0.0037750201
v 0.0084210355 0.08149773 0.029791554
v -0.025731418 0.07733521 0.016844204
v 0.01410233 0.08925861 0.025410192
v 0.045044374 0.08800769 0.04353243
v 0.052819356 0.07926723 0.05001423
v 0.06962191 0.0852426 0.05244794
v 0.07155479 0.07797757 0.051381435
v 0.07870814 0.084695905 0.037895508
v 0.088778734 0.07914913 0.028163668
v 0.09487905 0.08544469 0.01670292
v -0.024120409 0.8124237 -0.027918074
v -0.012499615 0.8232534 -0.028204948
v 0.0026084064 0.81050825 -0.011904938
v 0.03936178 0.82496387 -0.029444855
v -0.017609686 0.80470264 -0.009833975
v 0.05035309 0.8183109 -0.010683036
v 0.08382676 0.830719 -0.024843153
v 0.090317115 0.8235284 -0.010962451
v 0.08434463 0.8470148 -0.035472054
v 0.13147774 0.84113055 -0.020241199
v 0.13349128 0.8574523 -0.02828722
v 0.119007796 0.8305441 -0.013125818
v 0.17176181 0.84943116 -0.0036649015
v 0.18012504 0.84741616 -0.010659391
v 0.19639273 0.85147345 -0.00009681471
v 0.19099168 0.8605799 -0.018960543
v 0.2047416 0.8449516 -0.0054285815
v 0.21423978 0.8449452 -0.0142820105
v 0.22060475 0.8370372 -0.0020836038
v -0.015748117 0.82224894 0.0025076396
v -0.017609686 0.80470264 -0.009833975
v 0.0026084064 0.81050825 -0.011904938
v 0.0075859856 0.8295423 0.003260897
v 0.035556495 0.81932205 0.0029839696
v 0.05035309 0.8183109 -0.010683036
v 0.06840346 0.8270037 0.0057554515
v 0.090317115 0.8235284 -0.010962451
v 0.021958519 0.810434 0.010511875
v 0.10225148 0.8400315 0.005359591
v 0.13232902 0.8460968 0.007852264
v -0.011743989 0.19776204 -0.06941678
v -0.0044458965 0.18061918 -0.04071542
v -0.027149063 0.19770485 -0.054699406
v 0.0037163077 0.17775351 -0.04501615
v 0.0010702712 0.16440713 -0.03637772
v -0.0073030284 0.16029647 -0.03550097
v -0.026053578 0.1522797 -0.03523303
v 0.0034255516 0.15809041 -0.024024006
v 0.0034255516 0.15809041 -0.024024006
v -0.020924462 0.17363578 -0.022841416
v -0.0073030284 0.16029647 -0.03550097
v 0.0034255516 0.15809041 -0.024024006
v -0.00038540643 0.15935868 -0.030374788
v -0.020924462 0.17363578 -0.022841416
v -0.0073030284 0.16029647 -0.03550097
v -0.00038540643 0.15935868 -0.030374788
v 0.0010702712 0.16440713 -0.03637772
v -0.0073030284 0.16029647 -0.03550097
v 0.0037975684 0.170421 -0.034315925
v 0.0034255516 0.15809041 -0.024024006
v 0.015285207 0.010839403 0.23168893
v -0.02169519 0.012678921 0.23288967
v -0.0023553455 0.0151999295 0.21677452
v 0.002099554 0.01589492 0.24870284
v 0.026559468 0.009924829 0.2070543
v 0.041095212 0.009031385 0.22141221
v 0.057532802 0.01658398 0.23045999
v 0.056024805 0.012347996 0.24210839
v 0.048733 0.01147145 0.25874752
v 0.02768813 0.011263907 0.25200552
v 0.06545785 0.018543243 0.25600117
v 0.03518469 0.014554411 0.28038436
v 0.0225306 0.018322378 0.25873893
v 0.0022986233 0.019421548 0.26801175
v -0.0021761814 0.19784987 -0.032465693
v -0.0042270385 0.21638578 -0.02176279
v -0.021718588 0.22302157 -0.023991765
v 0.0039495155 0.1970126 -0.03753065
v -0.014850231 0.21027133 -0.037107784
v -0.0065951897 0.19329762 -0.038851462
v 0.0037665255 0.18672222 -0.032732442
v -0.0044458965 0.18061918 -0.04071542
v 0.0037975684 0.170421 -0.034315925
v 0.0010702712 0.16440713 -0.03637772
v 0.012664815 0.17555335 -0.03425479
v 0.012503365 0.18578297 -0.032488916
v 0.004175757 0.18885663 -0.05325747
v -0.027149063 0.19770485 -0.054699406
v -0.0044458965 0.18061918 -0.04071542
v -0.011743989 0.19776204 -0.06941678
v 0.006695438 0.17714402 -0.039723624
v -0.0011801952 0.123895615 0.108856864
v -0.0030141599 0.12185782 0.11109802
v -0.0040354105 0.12102443 0.10819997
v -0.0018628761 0.12663567 0.10951122
v -0.0022742264 0.121858895 0.108778246
v -0.00046768785 0.1209192 0.10956065
v -0.0030141599 0.12185782 0.11109802
v -0.0011801952 0.123895615 0.108856864
v 0.007773144 0.17345405 -0.0393097
v 0.0037975684 0.170421 -0.034315925
v 0.009855 0.17582843 -0.038793866
v 0.0037163077 0.17775351 -0.04501615
v -0.011743989 0.19776204 -0.06941678
v 0.004175757 0.18885663 -0.05325747
v 0.006695438 0.17714402 -0.039723624
v 0.0074170064 0.17015865 -0.038344827
v 0.0010702712 0.16440713 -0.03637772
v 0.007773144 0.17345405 -0.0393097
v 0.0034255516 0.15809041 -0.024024006
v 0.013304226 0.16739607 -0.037278693
v 0.009855 0.17582843 -0.038793866
v 0.01626153 0.18614906 -0.04058589
v 0.02494691 0.18519369 -0.040387295
v 0.022642229 0.17427182 -0.036794975
v 0.04832887 0.20113248 -0.039338216
v 0.018218199 0.15928125 -0.030295793
v 0.010839198 0.18665546 -0.040307965
v 0.005405115 0.1843921 -0.035588905
v 0.004944212 0.19853932 -0.044131972
v 0.009538988 0.21389523 -0.048551794
v 0.0033449745 0.22178793 -0.048780438
v 0.013304226 0.16739607 -0.037278693
v 0.018218199 0.15928125 -0.030295793
v 0.013755079 0.15910056 -0.04137387
v 0.009538988 0.21389523 -0.048551794
v 0.0033449745 0.22178793 -0.048780438
v 0.011001116 0.23746604 -0.062256075
v 0.005405115 0.1843921 -0.035588905
v 0.006695438 0.17714402 -0.039723624
v -0.0044458965 0.18061918 -0.04071542
v 0.009855 0.17582843 -0.038793866
v -0.0065951897 0.19329762 -0.038851462
v 0.0039495155 0.1970126 -0.03753065
v 0.0072958004 0.19174457 -0.03849332
v 0.012503365 0.18578297 -0.032488916
v 0.010839198 0.18665546 -0.040307965
v 0.004944212 0.19853932 -0.044131972
v 0.0072958004 0.19174457 -0.03849332
v 0.005405115 0.1843921 -0.035588905
v 0.004944212 0.19853932 -0.044131972
v -0.014850231 0.21027133 -0.037107784
v -0.0065951897 0.19329762 -0.038851462
v 0.06539367 0.061997265 -0.06391115
v 0.0658203 0.053409368 -0.053430665
v 0.059550732 0.074876755 -0.05210849
v 0.06726817 0.04288882 -0.054835044
v 0.055938512 0.08118117 -0.0630699
v 0.04178957 0.07811636 -0.0854692
v 0.022342045 0.04543513 -0.10743134
v 0.0593096 0.05149257 -0.074439235
v 0.044837937 0.032350957 -0.09116146
v 0.06297388 0.0338189 -0.073827274
v 0.010424439 0.07422882 -0.115317784
v -0.0033699046 0.060493737 -0.13034754
v 0.0011372399 0.08713606 -0.120515876
v 0.00840167 0.027671695 -0.13066866
v 0.031607207 0.08736932 -0.085930735
v 0.028425232 0.033257604 -0.10840969
v 0.059763268 0.032029927 -0.08513804
v 0.061480172 0.018210351 -0.08644156
v 0.067833364 0.06362957 -0.053595677
v 0.06930279 0.055395067 -0.054587163
v 0.07036825 0.053269267 -0.049871616
v 0.06753285 0.07070482 -0.052793514
v 0.069416866 0.07426211 -0.060424328
v 0.08068422 0.06441873 -0.037943278
v 0.06726817 0.04288882 -0.054835044
v 0.06296995 0.08683318 -0.05259517
v 0.08614623 0.0847483 -0.027014865
v 0.100994304 0.07604125 -0.0066105537
v 0.055938512 0.08118117 -0.0630699
v 0.10642345 0.04388264 -0.016359843
v 0.0658203 0.053409368 -0.053430665
v 0.07003304 0.061602265 -0.06443845
v -0.0018628761 0.12663567 0.10951122
v 0.0009929445 0.12224105 0.11118616
v -0.0030141599 0.12185782 0.11109802
v 0.0017326185 0.123895705 0.11005522
v -0.0011801952 0.123895615 0.108856864
v -0.0018628761 0.12663567 0.10951122
v -0.00046768785 0.1209192 0.10956065
v -0.0030141599 0.12185782 0.11109802
v -0.007509846 0.097753406 -0.13265017
v 0.016033482 0.10584411 -0.10844562
v 0.0041670566 0.059433103 -0.14608891
v 0.031492714 0.08991262 -0.11994642
v 0.01952248 0.07546282 -0.13900015
v 0.046805643 0.078811765 -0.11953553
v 0.012653185 0.054140836 -0.14789326
v 0.021291245 0.03568679 -0.14798509
v 0.049058694 0.05010304 -0.12457362
v 0.079522386 0.06526187 -0.09754786
v 0.08550773 0.037164092 -0.10125744
v 0.0072072893 0.01834184 -0.16291115
v 0.022105072 0.01830259 -0.1603965
v 0.00694195 0.009181619 -0.16230558
v -0.021474792 0.010633469 -0.17118232
v 0.00243284 0.123901725 0.11177051
v 0.0006780159 0.12641853 0.110205434
v 0.0017326185 0.123895705 0.11005522
v -0.0015161373 0.021837473 -0.15223083
v 0.00694195 0.009181619 -0.16230558
v -0.0018917685 0.012201518 -0.15540513
v 0.0042733317 0.12697506 0.11201104
v 0.00243284 0.123901725 0.11177051
v 0.0036141053 0.12503543 0.110954724
v 0.0050608898 0.12755361 0.11153968
v 0.0037665255 0.18672222 -0.032732442
v 0.0039495155 0.1970126 -0.03753065
v -0.0021761814 0.19784987 -0.032465693
v 0.0072958004 0.19174457 -0.03849332
v 0.005405115 0.1843921 -0.035588905
v 0.012503365 0.18578297 -0.032488916
v 0.010839198 0.18665546 -0.040307965
v 0.0037975684 0.170421 -0.034315925
v 0.0034255516 0.15809041 -0.024024006
v 0.0074170064 0.17015865 -0.038344827
v 0.009855 0.17582843 -0.038793866
v 0.011712659 0.02365905 0.25270766
v 0.0030241366 0.030744553 0.23560435
v 0.016656566 0.018969506 0.24745525
v 0.012264464 0.024152428 0.23414458
v 0.022128321 0.021133691 0.2390662
v 0.015964659 0.028044134 0.22709328
v 0.025994964 0.015812635 0.24165638
v 0.010091862 0.21093717 -0.044480555
v 0.004944212 0.19853932 -0.044131972
v 0.0039495155 0.1970126 -0.03753065
v 0.0033449745 0.22178793 -0.048780438
v 0.012503365 0.18578297 -0.032488916
v 0.011001116 0.23746604 -0.062256075
v 0.007739421 0.022118002 -0.17432411
v 0.0041670566 0.059433103 -0.14608891
v 0.0072072893 0.01834184 -0.16291115
v 0.004486462 0.011550188 -0.17304654
v 0.0037541622 0.011839807 -0.19145812
v 0.011242412 0.027896285 -0.19811384
v -0.0016647009 0.017208725 -0.20328468
v 0.006695438 0.17714402 -0.039723624
v 0.0037975684 0.170421 -0.034315925
v 0.007773144 0.17345405 -0.0393097
v 0.009855 0.17582843 -0.038793866
v 0.0074170064 0.17015865 -0.038344827
v 0.012664815 0.17555335 -0.03425479
v 0.013304226 0.16739607 -0.037278693
v 0.01632694 0.1677522 -0.02979048
v 0.0034255516 0.15809041 -0.024024006
v 0.02494691 0.18519369 -0.040387295
v 0.030901544 0.1897353 -0.018097358
v 0.01626153 0.18614906 -0.04058589
v 0.04832887 0.20113248 -0.039338216
v 0.049910236 0.19922957 -0.021173762
v 0.013755079 0.15910056 -0.04137387
v 0.006695438 0.17714402 -0.039723624
v 0.012664815 0.17555335 -0.03425479
v 0.0037975684 0.170421 -0.034315925
v 0.009855 0.17582843 -0.038793866
v -0.007993013 0.08495426 0.113152064
v 0.014085202 0.08450976 0.12271877
v 0.016401941 0.087993175 0.122437
v 0.016347878 0.08641818 0.12751684
v 0.015840312 0.08627921 0.13239644
v 0.01719157 0.082265496 0.13078223
v 0.015747579 0.08842403 0.12831336
v 0.01632694 0.1677522 -0.02979048
v 0.0034255516 0.15809041 -0.024024006
v 0.018218199 0.15928125 -0.030295793
v 0.022642229 0.17427182 -0.036794975
v 0.049910236 0.19922957 -0.021173762
v 0.04832887 0.20113248 -0.039338216
v 0.030901544 0.1897353 -0.018097358
v 0.015747579 0.08842403 0.12831336
v 0.009429809 0.08612317 0.12703791
v 0.01719157 0.082265496 0.13078223
v 0.016347878 0.08641818 0.12751684
v 0.014085202 0.08450976 0.12271877
v 0.012175076 0.08747959 0.12305495
v 0.010091862 0.21093717 -0.044480555
v 0.012503365 0.18578297 -0.032488916
v 0.01626153 0.18614906 -0.04058589
v 0.012664815 0.17555335 -0.03425479
v 0.009538988 0.21389523 -0.048551794
v 0.011001116 0.23746604 -0.062256075
v 0.016076759 0.33059412 -0.007951255
v -0.016040111 0.33443224 -0.005714901
v 0.019026207 0.3329783 -0.016077442
v 0.037526775 0.3305375 -0.004717623
v 0.024404556 0.32975835 0.0011138192
v 0.03864257 0.33706474 -0.017429166
v 0.048107307 0.33872697 -0.0031013954
v 0.027712293 0.02770704 -0.16669594
v 0.022105072 0.01830259 -0.1603965
v 0.021291245 0.03568679 -0.14798509
v 0.03385272 0.038002968 -0.15648687
v 0.049058694 0.05010304 -0.12457362
v 0.0390653 0.02966094 -0.1762286
v 0.049612515 0.03403175 -0.17111127
v 0.06922317 0.036646545 -0.13951051
v 0.08212035 0.029422581 -0.16276114
v 0.09381957 0.022172421 -0.13553455
v 0.093616754 0.027274549 -0.113717794
v 0.08550773 0.037164092 -0.10125744
v 0.09368898 0.020354748 -0.11463477
v 0.101245254 0.016042382 -0.11187955
v 0.0989643 0.021783203 -0.1186646
v 0.11039654 0.020015359 -0.09961525
v 0.015118994 0.008775383 -0.15520543
v 0.00694195 0.009181619 -0.16230558
v 0.02772187 0.017919123 -0.15152317
v 0.03614182 0.010342032 -0.14399295
v 0.056589797 0.03519261 -0.12265229
v 0.06427401 0.016804755 -0.11806114
v 0.07983741 0.028654635 -0.1105032
v 0.088566326 0.012250513 -0.10563316
v 0.014130713 0.36441678 -0.012226846
v 0.0163968 0.36291286 -0.002194345
v 0.025168583 0.35821342 -0.0034192665
v 0.015577663 0.37447262 -0.004716696
v 0.018210743 0.3545583 -0.0174277
v 0.023778982 0.3823075 -0.013535898
v 0.097784415 0.028102607 0.088062935
v 0.099607535 0.01892355 0.088112615
v 0.07267838 0.019640535 0.09261935
v 0.11918761 0.022511303 0.08377641
v 0.08422135 0.04804933 0.09996056
v 0.09900962 0.042277575 0.09371793
v 0.06322126 0.03717166 0.10905986
v 0.117500454 0.008360565 0.078286454
v 0.10640031 0.03213811 0.0899371
v 0.105474286 0.01014623 0.09106073
v 0.09796175 0.05164978 0.08434112
v 0.097784415 0.028102607 0.088062935
v 0.09900962 0.042277575 0.09371793
v 0.07851616 0.0771606 0.0950053
v 0.08592427 0.06261703 0.09931204
v 0.09900557 0.07980752 0.07580239
v 0.10585773 0.047767222 0.07338252
v 0.106518455 0.02876094 0.07767972
v 0.050946616 0.08016631 0.1165717
v 0.0653807 0.06451574 0.112332635
v 0.04884879 0.047244936 0.121541575
v 0.032848205 0.083637655 0.12281342
v 0.039642487 0.037445337 0.13036637
v 0.012140831 0.045523196 0.1421297
v 0.01719157 0.082265496 0.13078223
v 0.049371205 0.017727554 0.13458094
v 0.013204245 0.013793796 0.15111059
v 0.06322126 0.03717166 0.10905986
v 0.067319825 0.022469014 0.113732666
v 0.0660311 0.0078547 0.12383187
v 0.08422135 0.04804933 0.09996056
v 0.069072045 0.007968515 0.112652816
v 0.06736112 0.016803741 0.10400847
v 0.07267838 0.019640535 0.09261935
v 0.060624644 0.025960803 0.1067824
v 0.023754332 0.36717743 0.0036689953
v 0.025168583 0.35821342 -0.0034192665
v 0.0163968 0.36291286 -0.002194345
v 0.03597394 0.37572938 -0.0011220826
v 0.031790446 0.36462516 -0.0068301633
v 0.032660678 0.39090002 0.0020950162
v 0.032276105 0.38317096 -0.007961302
v 0.018210743 0.3545583 -0.0174277
v 0.025994964 0.015812635 0.24165638
v 0.033860866 0.021707892 0.23025621
v 0.030481681 0.0143042505 0.23100531
v 0.039322462 0.027037978 0.22938564
v 0.04538538 0.025266618 0.22542597
v 0.040587842 0.03496489 0.21026249
v 0.035459872 0.026970208 0.26150572
v 0.0225306 0.018322378 0.25873893
v 0.033159796 0.014507145 0.25948727
v 0.04157402 0.016882867 0.24182951
v 0.022105072 0.01830259 -0.1603965
v 0.027712293 0.02770704 -0.16669594
v 0.036159903 0.01691249 -0.17547908
v 0.0390653 0.02966094 -0.1762286
v 0.04010246 0.01233083 -0.17166354
v 0.0754977 0.021179289 -0.16800146
v 0.025919128 0.012580454 -0.16877712
v 0.049612515 0.03403175 -0.17111127
v 0.06532927 0.0072278082 -0.16896178
v 0.08317816 0.009985268 -0.16053504
v 0.09381957 0.022172421 -0.13553455
v 0.08212035 0.029422581 -0.16276114
v 0.021958519 0.810434 0.010511875
v 0.036820967 0.822511 0.011971407
v 0.035556495 0.81932205 0.0029839696
v 0.03738664 0.8301004 0.0038913493
v 0.055695638 0.8398653 0.01150236
v 0.023530435 0.056990504 -0.12156102
v 0.042062376 0.0601058 -0.101188466
v 0.042713057 0.044763654 -0.11050524
v 0.04751764 0.06878033 -0.104100585
v 0.04592703 0.043120712 -0.10008815
v 0.05215093 0.04353565 -0.08947268
v 0.06433948 0.0681293 -0.08680335
v 0.028425232 0.033257604 -0.10840969
v 0.044837937 0.032350957 -0.09116146
v 0.059763268 0.032029927 -0.08513804
v 0.06247677 0.0426732 -0.08823702
v 0.07071933 0.035438597 -0.08972904
v 0.08030282 0.020570666 -0.09357871
v 0.061480172 0.018210351 -0.08644156
v 0.07721187 0.033462077 -0.10085137
v 0.088566326 0.012250513 -0.10563316
v 0.09125615 0.0026469529 -0.09617106
v 0.09287109 0.016497403 -0.09893061
v 0.07811998 0.005862832 -0.09280151
v 0.10412719 0.01199609 -0.09668621
v 0.09368898 0.020354748 -0.11463477
v 0.10272506 0.006046593 -0.09331854
v 0.1188415 0.0037120879 -0.09616862
v 0.06830291 0.050864935 -0.094377056
v 0.04751764 0.06878033 -0.104100585
v 0.023530435 0.056990504 -0.12156102
v 0.042713057 0.044763654 -0.11050524
v 0.06830291 0.050864935 -0.094377056
v 0.06247677 0.0426732 -0.08823702
v 0.06433948 0.0681293 -0.08680335
v 0.04592703 0.043120712 -0.10008815
v 0.04157402 0.016882867 0.24182951
v 0.030481681 0.0143042505 0.23100531
v 0.033860866 0.021707892 0.23025621
v 0.04538538 0.025266618 0.22542597
v 0.0483864 0.027004808 0.2260684
v 0.048513554 0.11038336 0.10814578
v 0.045567155 0.11801672 0.122468285
v 0.043209143 0.08848879 0.1247333
v 0.041637912 0.14134112 0.11002687
v 0.05432971 0.07403621 0.13653679
v 0.057122394 0.12913081 0.1255452
v 0.046896186 0.060411632 0.13032131
v 0.05455956 0.045811355 0.1489925
v 0.053604238 0.03961274 0.13031375
v 0.053090572 0.10044134 0.14816524
v 0.05440551 0.060169697 0.17318518
v 0.053267278 0.07943854 0.17184749
v 0.05732207 0.044261336 0.17293037
v 0.048345774 0.059438974 0.18282133
v 0.056245834 0.13025716 0.1550809
v 0.054231152 0.1373364 0.13405952
v 0.05366393 0.15311834 0.1403686
v 0.053707555 0.15366915 0.121565685
v 0.05286154 0.15923521 0.1494046
v 0.04336705 0.15755442 0.12701762
v 0.050156754 0.14201233 0.11429215
v 0.046365898 0.15514219 0.085388064
v 0.041637912 0.14134112 0.11002687
v 0.06273831 0.12903637 0.072716
v 0.048513554 0.11038336 0.10814578
v 0.06757024 0.15258387 0.048274104
v 0.09224244 0.12689602 0.017438507
v 0.09596711 0.09729159 0.021161886
v 0.0844316 0.15748909 0.017162453
v 0.10005776 0.14628476 -0.008882041
v 0.1073287 0.10136047 -0.011411281
v 0.11483222 0.08134255 -0.01028
v 0.07032949 0.09403595 0.07979652
v 0.043209143 0.08848879 0.1247333
v 0.06383957 0.09193152 0.10907308
v 0.06942739 0.06947017 0.11368633
v 0.09067688 0.08197597 0.09874247
v 0.093263716 0.092432946 0.082485795
v 0.102939114 0.08194274 0.07486159
v 0.10152492 0.05439076 0.09806442
v 0.08676505 0.048563212 0.108555645
v 0.06502694 0.042717427 0.119931504
v 0.046896186 0.060411632 0.13032131
v 0.0844309 0.03322491 0.12055997
v 0.053604238 0.03961274 0.13031375
v 0.04538538 0.025266618 0.22542597
v 0.03853709 0.018981427 0.21936294
v 0.057532802 0.01658398 0.23045999
v 0.0483864 0.027004808 0.2260684
v 0.06646398 0.028824955 0.22224812
v 0.0827152 0.018220454 0.222974
v 0.07429225 0.010273486 0.22530904
v 0.09517345 0.021299094 0.20955229
v 0.0908762 0.00788945 0.21528152
v 0.09807521 0.011125863 0.2041907
v 0.09592448 0.02236265 0.18934527
v 0.09861096 0.009229779 0.18731147
v 0.089620836 0.035933703 0.18220952
v 0.11658169 0.015562952 0.15451403
v 0.10878106 0.0073595345 0.1694633
v 0.110929765 0.035918683 0.14764322
v 0.115762144 0.028475821 0.13760507
v 0.12841952 0.008948296 0.14662436
v 0.13560529 0.015390128 0.14748916
v 0.08381914 0.3424167 -0.005628164
v 0.048107307 0.33872697 -0.0031013954
v 0.06289072 0.34083 -0.008667793
v 0.10526697 0.34018427 -0.018508723
v 0.12581602 0.34185573 -0.013162084
v 0.14978655 0.33653817 -0.01508132
v 0.14034662 0.33851147 -0.027002376
v 0.16280833 0.33829713 -0.024221878
v 0.1831304 0.33062214 -0.014879424
v 0.17449135 0.33232856 -0.0047931047
v 0.053339668 0.02721721 0.21220927
v 0.07014609 0.031740755 0.18942194
v 0.08122789 0.023927808 0.1975936
v 0.093305334 0.027416587 0.17619227
v 0.061429113 0.018225878 0.21862638
v 0.08310252 0.013504863 0.20157109
v 0.09861096 0.009229779 0.18731147
v 0.07429225 0.010273486 0.22530904
v 0.0908762 0.00788945 0.21528152
v 0.057532802 0.01658398 0.23045999
v 0.09807521 0.011125863 0.2041907
v 0.096769765 0.021201909 0.16088647
v 0.10878106 0.0073595345 0.1694633
v 0.10117236 0.028386176 0.15355283
v 0.10843107 0.011917472 0.15463012
v 0.07947003 0.034274578 0.15539314
v 0.09309293 0.03091669 0.1417655
v 0.101544574 0.018407404 0.13925713
v 0.09270145 0.023505807 0.1287276
v 0.11516641 0.006555289 0.14529899
v 0.12841952 0.008948296 0.14662436
v 0.115523025 0.017563492 0.1363361
v 0.12709162 0.017565608 0.13506666
v 0.13791808 0.0207932 0.13163942
v 0.15184857 0.008857489 0.123343915
v 0.12526187 0.027122796 0.1264138
v 0.1351742 0.028514534 0.11428285
v 0.1455901 0.020589888 0.113335
v 0.13697822 0.020787358 0.09500737
v 0.15315202 0.010228097 0.094074726
v 0.09125615 0.0026469529 -0.09617106
v 0.086885214 0.01254189 -0.08468128
v 0.07811998 0.005862832 -0.09280151
v 0.10272506 0.006046593 -0.09331854
v 0.061480172 0.018210351 -0.08644156
v 0.08957146 0.034225643 -0.08342965
v 0.103730984 0.019467533 -0.0871561
v 0.06995329 0.030001462 -0.0810979
v 0.081292704 0.04514858 -0.08176673
v 0.07401786 0.03897965 -0.06927125
v 0.08957146 0.034225643 -0.08342965
v 0.069416866 0.07426211 -0.060424328
v 0.06753285 0.07070482 -0.052793514
v 0.07024877 0.06333536 -0.055409763
v 0.07003304 0.061602265 -0.06443845
v 0.0777389 0.075283825 -0.06801063
v 0.06930279 0.055395067 -0.054587163
v 0.06726817 0.04288882 -0.054835044
v 0.06995329 0.030001462 -0.0810979
v 0.06297388 0.0338189 -0.073827274
v 0.061480172 0.018210351 -0.08644156
v 0.09875849 0.045330584 -0.082742944
v 0.111520365 0.02630359 -0.07981251
v 0.089545295 0.07152712 -0.07171567
v 0.067833364 0.06362957 -0.053595677
v 0.100597896 0.025427818 -0.0770874
v 0.115547806 0.013770521 -0.067545794
v 0.067833364 0.06362957 -0.053595677
v 0.059550732 0.074876755 -0.05210849
v 0.0658203 0.053409368 -0.053430665
v 0.070317976 0.07180479 -0.056404278
v 0.07003304 0.061602265 -0.06443845
v 0.055938512 0.08118117 -0.0630699
v 0.059550732 0.074876755 -0.05210849
v 0.06753285 0.07070482 -0.052793514
v 0.13179615 0.023443282 0.024465453
v 0.1261024 0.0123800635 0.03885337
v 0.120277956 0.01707673 0.02443863
v 0.11334134 0.031457573 0.017471958
v 0.14768195 0.011033416 0.037929706
v 0.126359 0.00829792 0.054470334
v 0.121186 0.026886553 0.0051091374
v 0.14063902 0.020110637 0.015403308
v 0.112255216 0.025331616 -0.010035206
v 0.13595665 0.017210305 0.05852083
v 0.15314512 0.020206332 0.050381184
v 0.117500454 0.008360565 0.078286454
v 0.12930396 0.017285943 0.07682008
v 0.111010775 0.011176825 0.06728616
v 0.15863791 0.020434499 0.062470257
v 0.14645877 0.020720005 0.078790724
v 0.16469033 0.02057603 0.07516161
v 0.09253215 0.016082704 0.11149615
v 0.07609369 0.0165914 0.10069891
v 0.0941098 0.015303582 0.100628234
v 0.07766443 0.019983977 0.11182221
v 0.069072045 0.007968515 0.112652816
v 0.07267838 0.019640535 0.09261935
v 0.08137927 0.013021797 0.121753834
v 0.0660311 0.0078547 0.12383187
v 0.0977361 0.009055644 0.13639137
v 0.10066974 0.009802878 0.110340506
v 0.105474286 0.01014623 0.09106073
v 0.11516641 0.006555289 0.14529899
v 0.10824702 0.009186029 0.1265817
v 0.10843107 0.011917472 0.15463012
v 0.10704845 0.018480241 0.116290525
v 0.11513214 0.01580131 0.09790833
v 0.12014687 0.010455608 0.111308284
v 0.18915811 0.009958386 0.023962349
v 0.19376162 0.014169872 0.01767627
v 0.20095964 0.01234448 0.018499738
v 0.17341346 0.012669295 0.031352125
v 0.17657612 0.010321796 0.043954246
v 0.15746623 0.010940015 0.042493794
v 0.1893422 0.015623242 0.035675243
v 0.18785968 0.015072703 0.041995287
v 0.17154758 0.009082705 0.08223181
v 0.1983442 0.010612369 0.04496064
v 0.17952946 0.010053694 0.12473424
v 0.20882699 0.010672271 0.07399075
v 0.15184857 0.008857489 0.123343915
v 0.15053236 0.0074332356 0.14863937
v 0.20056316 0.010145187 0.15916066
v 0.20838124 0.011696637 0.04521486
v 0.1573406 0.008934051 0.16213085
v 0.12841952 0.008948296 0.14662436
v 0.20217757 0.01218766 0.023826446
v 0.15315202 0.010228097 0.094074726
v 0.14682424 0.011532426 0.07934398
v 0.12969464 0.008471489 0.09070191
v 0.13697822 0.020787358 0.09500737
v 0.1276941 0.016134977 0.09175935
v 0.115523025 0.017563492 0.1363361
v 0.111926034 0.019496053 0.12198953
v 0.12709162 0.017565608 0.13506666
v 0.12526187 0.027122796 0.1264138
v 0.1351742 0.028514534 0.11428285
v 0.12244807 0.025274038 0.11020061
v 0.13697822 0.020787358 0.09500737
v 0.1276941 0.016134977 0.09175935
v 0.1893422 0.015623242 0.035675243
v 0.1983442 0.010612369 0.04496064
v 0.19800042 0.020616442 0.046956763
v 0.070317976 0.07180479 -0.056404278
v 0.06753285 0.07070482 -0.052793514
v 0.059550732 0.074876755 -0.05210849
v 0.07024877 0.06333536 -0.055409763
v 0.08068422 0.06441873 -0.037943278
v 0.06726817 0.04288882 -0.054835044
v 0.08594069 0.08227259 -0.04393574
v 0.09475019 0.07304445 -0.026840663
v 0.10154344 0.07994667 -0.021378983
v 0.10642345 0.04388264 -0.016359843
v 0.11591528 0.05376309 -0.015707348
v 0.112255216 0.025331616 -0.010035206
v 0.12630193 0.027378768 -0.013438994
v 0.070317976 0.07180479 -0.056404278
v 0.067833364 0.06362957 -0.053595677
v 0.069416866 0.07426211 -0.060424328
v 0.0777389 0.075283825 -0.06801063
v 0.08594069 0.08227259 -0.04393574
v 0.089545295 0.07152712 -0.07171567
v 0.101245254 0.016042382 -0.11187955
v 0.11149946 0.008462042 -0.11073446
v 0.10412719 0.01199609 -0.09668621
v 0.1188415 0.0037120879 -0.09616862
v 0.09287109 0.016497403 -0.09893061
v 0.09368898 0.020354748 -0.11463477
v 0.09368898 0.020354748 -0.11463477
v 0.088566326 0.012250513 -0.10563316
v 0.07983741 0.028654635 -0.1105032
v 0.07717715 0.025544226 -0.1332257
v 0.056589797 0.03519261 -0.12265229
v 0.09668171 0.013505787 -0.122163996
v 0.11149946 0.008462042 -0.11073446
v 0.09381957 0.022172421 -0.13553455
v 0.0989643 0.021783203 -0.1186646
v 0.09668171 0.013505787 -0.122163996
v 0.101245254 0.016042382 -0.11187955
v 0.093616754 0.027274549 -0.113717794
v 0.11149946 0.008462042 -0.11073446
v 0.09668171 0.013505787 -0.122163996
v 0.0989643 0.021783203 -0.1186646
v 0.09368898 0.020354748 -0.11463477
v 0.07024877 0.06333536 -0.055409763
v 0.06930279 0.055395067 -0.054587163
v 0.067833364 0.06362957 -0.053595677
v 0.06726817 0.04288882 -0.054835044
v 0.093477644 0.07815558 -0.07646398
v 0.08465703 0.058138102 -0.085594274
v 0.07440794 0.08245295 -0.08895193
v 0.10804113 0.042203665 -0.08811036
v 0.08550773 0.037164092 -0.10125744
v 0.11039654 0.020015359 -0.09961525
v 0.0941098 0.015303582 0.100628234
v 0.07609369 0.0165914 0.10069891
v 0.08150358 0.032070518 0.10583201
v 0.07267838 0.019640535 0.09261935
v 0.0964403 0.0257245 0.112011194
v 0.09462342 0.039275557 0.10497787
v 0.10825243 0.034332007 0.10553688
v 0.11346011 0.024635911 0.095121466
v 0.11102142 0.0239335 0.09403535
v 0.10998143 0.022252232 0.09278433
v 0.110101685 0.024261475 0.09544694
v 0.099607535 0.01892355 0.088112615
v 0.10825243 0.034332007 0.10553688
v 0.09462342 0.039275557 0.10497787
v 0.07267838 0.019640535 0.09261935
v 0.08150358 0.032070518 0.10583201
v 0.105474286 0.01014623 0.09106073
v 0.11346011 0.024635911 0.095121466
v 0.110101685 0.024261475 0.09544694
v 0.11216615 0.024408907 0.09434033
v 0.10825243 0.034332007 0.10553688
v 0.11346011 0.024635911 0.095121466
v 0.11216615 0.024408907 0.09434033
v 0.11102142 0.0239335 0.09403535
v 0.07032949 0.09403595 0.07979652
v 0.10230891 0.08673224 0.040845215
v 0.09596711 0.09729159 0.021161886
v 0.102939114 0.08194274 0.07486159
v 0.112145394 0.08153242 0.030719435
v 0.1107438 0.06305957 0.03626983
v 0.11483222 0.08134255 -0.01028
v 0.1205966 0.0580059 0.018763911
v 0.12950471 0.05620402 -0.021899099
v 0.13952224 0.051245064 -0.015093602
v 0.12048006 0.067656785 -0.03945598
v 0.12849738 0.050806344 -0.042571146
v 0.0997586 0.08646795 -0.048014406
v 0.09617526 0.092618465 -0.03239704
v 0.13553579 0.038553894 -0.03260897
v 0.13326797 0.036441684 0.003049938
v 0.12688558 0.03868258 0.029514764
v 0.14063902 0.020110637 0.015403308
v 0.14008287 0.027659297 0.044091783
v 0.13694283 0.019907504 -0.0061488077
v 0.14462559 0.0061110854 0.008656673
v 0.13369547 0.03870216 -0.019742295
v 0.14188594 0.024668217 -0.032179847
v 0.14835206 0.012709439 -0.013353992
v 0.15389922 0.012344569 -0.035892103
v 0.1391062 0.024612129 -0.044609517
v 0.14601922 0.0018547177 -0.0011819191
v 0.12917504 0.047816187 0.058204647
v 0.14768195 0.011033416 0.037929706
v 0.14007111 0.030265987 0.0674907
v 0.112905346 0.06218925 0.055953704
v 0.14836907 0.035931557 0.07257515
v 0.15000671 0.028587788 0.057122722
v 0.15665498 0.019205838 0.043921888
v 0.16399097 0.024764717 0.0624706
v 0.17433116 0.014057189 0.056210186
v 0.17193276 0.014189661 0.082852915
v 0.093263716 0.092432946 0.082485795
v 0.115547806 0.013770521 -0.067545794
v 0.1150233 0.0059259236 -0.058017936
v 0.11936942 0.025223196 -0.054568063
v 0.11791924 0.006188631 -0.079231806
v 0.11927667 0.013962597 -0.034979943
v 0.1268233 0.005712867 -0.0338533
v 0.11451082 0.01642412 -0.021714732
v 0.100597896 0.025427818 -0.0770874
v 0.103730984 0.019467533 -0.0871561
v 0.10272506 0.006046593 -0.09331854
v 0.08957146 0.034225643 -0.08342965
v 0.12475228 0.016397089 -0.016374415
v 0.12636968 0.009785086 -0.010313908
v 0.11927667 0.013962597 -0.034979943
v 0.12056516 0.012738675 -0.015180478
v 0.11451082 0.01642412 -0.021714732
v 0.10001625 0.07303342 -0.0471128
v 0.08594069 0.08227259 -0.04393574
v 0.089545295 0.07152712 -0.07171567
v 0.10154344 0.07994667 -0.021378983
v 0.10718729 0.04534936 -0.075200476
v 0.09875849 0.045330584 -0.082742944
v 0.11518991 0.046696544 -0.05182394
v 0.11936942 0.025223196 -0.054568063
v 0.113141924 0.066509485 -0.029668942
v 0.12433989 0.042934746 -0.021671621
v 0.11591528 0.05376309 -0.015707348
v 0.12630193 0.027378768 -0.013438994
v 0.12438245 0.025244266 -0.028131329
v 0.12475228 0.016397089 -0.016374415
v 0.111520365 0.02630359 -0.07981251
v 0.115547806 0.013770521 -0.067545794
v 0.11927667 0.013962597 -0.034979943
v 0.12475228 0.016397089 -0.016374415
v 0.12056516 0.012738675 -0.015180478
v 0.092400715 0.085615605 0.040031284
v 0.09487905 0.08544469 0.01670292
v 0.09879635 0.07129687 0.03564582
v 0.100994304 0.07604125 -0.0066105537
v 0.10169451 0.07362142 0.061819006
v 0.102937825 0.046651512 0.057135463
v 0.09900557 0.07980752 0.07580239
v 0.10585773 0.047767222 0.07338252
v 0.10501249 0.027692974 0.06651254
v 0.11056568 0.033941388 0.0469734
v 0.106518455 0.02876094 0.07767972
v 0.111010775 0.011176825 0.06728616
v 0.1296412 0.024073541 0.03864073
v 0.129617 0.02661866 0.056606364
v 0.11496279 0.046671033 0.05538578
v 0.126359 0.00829792 0.054470334
v 0.1261024 0.0123800635 0.03885337
v 0.120277956 0.01707673 0.02443863
v 0.11334134 0.031457573 0.017471958
v 0.103180036 0.0470044 0.033484466
v 0.10725444 0.048698217 0.0021012235
v 0.112255216 0.025331616 -0.010035206
v 0.10642345 0.04388264 -0.016359843
v 0.12270369 0.021120101 0.067983285
v 0.111010775 0.011176825 0.06728616
v 0.10501249 0.027692974 0.06651254
v 0.129617 0.02661866 0.056606364
v 0.11410122 0.034321815 0.06586848
v 0.11496279 0.046671033 0.05538578
v 0.126359 0.00829792 0.054470334
v 0.10881722 0.023509055 0.10279679
v 0.0941098 0.015303582 0.100628234
v 0.0964403 0.0257245 0.112011194
v 0.10825243 0.034332007 0.10553688
v 0.10652389 0.01787424 0.09558961
v 0.110101685 0.024261475 0.09544694
v 0.105474286 0.01014623 0.09106073
v 0.11346011 0.024635911 0.095121466
v 0.11102142 0.0239335 0.09403535
v 0.11254693 0.023351103 0.09529922
v 0.10998143 0.022252232 0.09278433
v 0.10998143 0.022252232 0.09278433
v 0.10652389 0.01787424 0.09558961
v 0.11254693 0.023351103 0.09529922
v 0.106518455 0.02876094 0.07767972
v 0.10640031 0.03213811 0.0899371
v 0.097784415 0.028102607 0.088062935
v 0.104642965 0.043966413 0.087315395
v 0.10152492 0.05439076 0.09806442
v 0.107429504 0.057169497 0.0800774
v 0.1203389 0.033074528 0.098798886
v 0.10355297 0.047870785 0.112885416
v 0.11337024 0.034744352 0.114349425
v 0.102939114 0.08194274 0.07486159
v 0.11471387 0.028446287 0.07514885
v 0.112905346 0.06218925 0.055953704
v 0.11952843 0.038161397 0.07504219
v 0.1108903 0.009450018 -0.013315124
v 0.11440322 0.009241581 0.0012288489
v 0.112255216 0.025331616 -0.010035206
v 0.124855995 0.017685384 -0.0012295684
v 0.121186 0.026886553 0.0051091374
v 0.14462559 0.0061110854 0.008656673
v 0.13453789 0 0.007273255
v 0.14063902 0.020110637 0.015403308
v 0.14004692 0.026677668 0.08398194
v 0.14836907 0.035931557 0.07257515
v 0.11952843 0.038161397 0.07504219
v 0.12917504 0.047816187 0.058204647
v 0.17193276 0.014189661 0.082852915
v 0.112905346 0.06218925 0.055953704
v 0.11918761 0.022511303 0.08377641
v 0.11471387 0.028446287 0.07514885
v 0.117500454 0.008360565 0.078286454
v 0.111010775 0.011176825 0.06728616
v 0.107429504 0.057169497 0.0800774
v 0.11471387 0.028446287 0.07514885
v 0.106518455 0.02876094 0.07767972
v 0.111010775 0.011176825 0.06728616
v 0.104642965 0.043966413 0.087315395
v 0.115523025 0.017563492 0.1363361
v 0.10824702 0.009186029 0.1265817
v 0.111926034 0.019496053 0.12198953
v 0.11516641 0.006555289 0.14529899
v 0.12014687 0.010455608 0.111308284
v 0.12244807 0.025274038 0.11020061
v 0.1276941 0.016134977 0.09175935
v 0.12969464 0.008471489 0.09070191
v 0.11056568 0.033941388 0.0469734
v 0.11410122 0.034321815 0.06586848
v 0.10501249 0.027692974 0.06651254
v 0.11496279 0.046671033 0.05538578
v 0.1296412 0.024073541 0.03864073
v 0.123374075 0.0073961318 -0.0032260502
v 0.11440322 0.009241581 0.0012288489
v 0.1108903 0.009450018 -0.013315124
v 0.13453789 0 0.007273255
v 0.12390669 0.00106287 -0.00733361
v 0.14601922 0.0018547177 -0.0011819191
v 0.14462559 0.0061110854 0.008656673
v 0.13466354 0.0071211755 -0.0140829235
v 0.14835206 0.012709439 -0.013353992
v 0.13597764 0.013390332 -0.034355935
v 0.1268233 0.005712867 -0.0338533
v 0.15389922 0.012344569 -0.035892103
v 0.1289093 0.008348107 -0.06451357
v 0.1150233 0.0059259236 -0.058017936
v 0.11791924 0.006188631 -0.079231806
v 0.1188415 0.0037120879 -0.09616862
v 0.10272506 0.006046593 -0.09331854
v 0.12636968 0.009785086 -0.010313908
v 0.11254693 0.023351103 0.09529922
v 0.110101685 0.024261475 0.09544694
v 0.10881722 0.023509055 0.10279679
v 0.11216615 0.024408907 0.09434033
v 0.11102142 0.0239335 0.09403535
v 0.10652389 0.01787424 0.09558961
v 0.11451082 0.01642412 -0.021714732
v 0.112255216 0.025331616 -0.010035206
v 0.118137285 0.020367384 -0.01658335
v 0.12630193 0.027378768 -0.013438994
v 0.1108903 0.009450018 -0.013315124
v 0.12438245 0.025244266 -0.028131329
v 0.11936942 0.025223196 -0.054568063
v 0.12438245 0.025244266 -0.028131329
v 0.118137285 0.020367384 -0.01658335
v 0.12056516 0.012738675 -0.015180478
v 0.12438245 0.025244266 -0.028131329
v 0.12056516 0.012738675 -0.015180478
v 0.12475228 0.016397089 -0.016374415
v 0.14004692 0.026677668 0.08398194
v 0.11918761 0.022511303 0.08377641
v 0.1203389 0.033074528 0.098798886
v 0.10640031 0.03213811 0.0899371
v 0.14947483 0.02309233 0.098749734
v 0.13178737 0.031849116 0.124597825
v 0.17193276 0.014189661 0.082852915
v 0.15640895 0.020676255 0.12616706
v 0.11337024 0.034744352 0.114349425
v 0.16086242 0.010685116 0.1118083
v 0.18522604 0.01404798 0.029943388
v 0.17341346 0.012669295 0.031352125
v 0.17653155 0.018207192 0.041300718
v 0.19376162 0.014169872 0.01767627
v 0.17433116 0.014057189 0.056210186
v 0.15665498 0.019205838 0.043921888
v 0.20882699 0.010672271 0.07399075
v 0.19008432 0.014325857 0.059998557
v 0.17952946 0.010053694 0.12473424
v 0.15209375 0.01440075 0.13629778
v 0.1573406 0.008934051 0.16213085
v 0.20056316 0.010145187 0.15916066
v 0.18785968 0.015072703 0.041995287
v 0.20665336 0.017128766 0.059214327
v 0.1893422 0.015623242 0.035675243
v 0.19400267 0.020553112 0.050296865
v 0.19800042 0.020616442 0.046956763
v 0.20838124 0.011696637 0.04521486
v 0.20665336 0.017128766 0.059214327
v 0.20882699 0.010672271 0.07399075
v 0.1987331 0.015964746 0.028874336
v 0.19682014 0.021451712 0.021362195
v 0.1932826 0.033736408 0.021011198
v 0.18126355 0.03486201 0.02845692
v 0.1893422 0.015623242 0.035675243
v 0.18229136 0.04680994 0.014660585
v 0.19800042 0.020616442 0.046956763
v 0.20217757 0.01218766 0.023826446
v 0.1987331 0.015964746 0.028874336
v 0.20665234 0.024002433 0.034305595
v 0.19682014 0.021451712 0.021362195
v 0.22918664 0.047989547 0.008116764
v 0.20786467 0.032676816 0.017004367
v 0.23014061 0.0473381 0.025611328
v 0.25494695 0.060839117 0.013209114
v 0.24962166 0.053272635 0.048117306
v 0.22665253 0.039361715 0.039211884
v 0.2692885 0.05690235 0.019887742
v 0.11451082 0.01642412 -0.021714732
v 0.12056516 0.012738675 -0.015180478
v 0.1108903 0.009450018 -0.013315124
v 0.12636968 0.009785086 -0.010313908
v 0.118137285 0.020367384 -0.01658335
v 0.12390669 0.00106287 -0.00733361
v 0.13466354 0.0071211755 -0.0140829235
v 0.12475228 0.016397089 -0.016374415
v 0.12630193 0.027378768 -0.013438994
v 0.12592493 0.055457592 -0.048249885
v 0.118631795 0.06297958 -0.0497059
v 0.124959886 0.06986484 -0.063511066
v 0.13837817 0.051989555 -0.051360887
v 0.13442118 0.046463728 -0.04041803
v 0.14520329 0.06077227 -0.06180858
v 0.14090113 0.046085864 -0.042102255
v 0.13789822 0.034296185 -0.040327772
v 0.12849738 0.050806344 -0.042571146
v 0.13952224 0.051245064 -0.015093602
v 0.13326797 0.036441684 0.003049938
v 0.13369547 0.03870216 -0.019742295
v 0.1478875 0.035057753 -0.029282358
v 0.14188594 0.024668217 -0.032179847
v 0.16623363 0.034038484 -0.038796756
v 0.1391062 0.024612129 -0.044609517
v 0.15494646 0.03571871 -0.04746858
v 0.12829104 0.03516686 -0.04741595
v 0.13553579 0.038553894 -0.03260897
v 0.13442118 0.046463728 -0.04041803
v 0.14259318 0.04789275 -0.03767438
v 0.14398359 0.059969276 -0.039243113
v 0.15450636 0.06722632 -0.036844134
v 0.14082702 0.08178812 -0.034884542
v 0.15920106 0.08737269 -0.022114387
v 0.14919391 0.026978463 -0.16162077
v 0.13415502 0.03006962 -0.1830158
v 0.13037801 0.028596163 -0.15465595
v 0.14666364 0.0228284 -0.15246351
v 0.13880245 0.020274311 -0.1512576
v 0.14614458 0.013179272 -0.14440244
v 0.157338 0.010942727 -0.14661343
v 0.15420894 0.003951192 -0.14493287
v 0.14167064 0.010630846 -0.14060295
v 0.16217959 0.000813365 -0.13254772
v 0.13880245 0.020274311 -0.1512576
v 0.13037801 0.028596163 -0.15465595
v 0.13415502 0.03006962 -0.1830158
v 0.14919391 0.026978463 -0.16162077
v 0.14167064 0.010630846 -0.14060295
v 0.157338 0.010942727 -0.14661343
v 0.16217959 0.000813365 -0.13254772
v 0.12930396 0.017285943 0.07682008
v 0.14645877 0.020720005 0.078790724
v 0.14682424 0.011532426 0.07934398
v 0.16469033 0.02057603 0.07516161
v 0.17154758 0.009082705 0.08223181
v 0.15665498 0.019205838 0.043921888
v 0.14768195 0.011033416 0.037929706
v 0.14008287 0.027659297 0.044091783
v 0.15746623 0.010940015 0.042493794
v 0.17341346 0.012669295 0.031352125
v 0.17939551 0.90610313 0.0034550936
v 0.18776026 0.910741 -0.0041141864
v 0.16806133 0.8984851 -0.013358302
v 0.22837846 0.9173554 0.0050101387
v 0.22860605 0.91666853 -0.0075350897
v 0.25800002 0.91956747 0.0014002139
v 0.16536254 0.010044247 -0.20794496
v 0.16254143 0.010896832 -0.21119508
v 0.15969269 0.010182291 -0.20083827
v 0.16207485 0.010507017 -0.21609706
v 0.16439545 0.010432839 -0.21405734
v 0.16186304 0.010274857 -0.21019089
v 0.16536254 0.010044247 -0.20794496
v 0.16143225 0.008981466 -0.2087156
v 0.16254143 0.010896832 -0.21119508
v 0.16277814 0.009274095 -0.21237206
v 0.16439545 0.010432839 -0.21405734
v 0.16186304 0.010274857 -0.21019089
v 0.16143225 0.008981466 -0.2087156
v 0.15969269 0.010182291 -0.20083827
v 0.16406138 0.008692831 -0.21212915
v 0.16207485 0.010507017 -0.21609706
v 0.16277814 0.009274095 -0.21237206
v 0.16439545 0.010432839 -0.21405734
v 0.16536254 0.010044247 -0.20794496
v 0.16277814 0.009274095 -0.21237206
v 0.16143225 0.008981466 -0.2087156
v 0.16536254 0.010044247 -0.20794496
v 0.16439545 0.010432839 -0.21405734
v 0.18005127 0.03292492 0.036917802
v 0.16509674 0.051959693 0.0413985
v 0.18126355 0.03486201 0.02845692
v 0.18390897 0.022473305 0.028626222
v 0.18229136 0.04680994 0.014660585
v 0.1893422 0.015623242 0.035675243
v 0.18522604 0.01404798 0.029943388
v 0.19682014 0.021451712 0.021362195
v 0.1932826 0.033736408 0.021011198
v 0.19376162 0.014169872 0.01767627
v 0.16509674 0.051959693 0.0413985
v 0.18089467 0.040143102 0.03571499
v 0.18126355 0.03486201 0.02845692
v 0.18720199 0.05865127 0.033082437
v 0.18370546 0.06669995 0.03432711
v 0.18089467 0.040143102 0.03571499
v 0.18478508 0.103577465 0.02732912
v 0.18005127 0.03292492 0.036917802
v 0.1893422 0.015623242 0.035675243
v 0.16509674 0.051959693 0.0413985
v 0.18073033 0.05441186 0.031268522
v 0.18089467 0.040143102 0.03571499
v 0.18370546 0.06669995 0.03432711
v 0.18126355 0.03486201 0.02845692
v 0.18478508 0.103577465 0.02732912
v 0.18720199 0.05865127 0.033082437
v 0.18126355 0.03486201 0.02845692
v 0.18073033 0.05441186 0.031268522
v 0.1893422 0.015623242 0.035675243
v 0.18478508 0.103577465 0.02732912
v 0.17657612 0.010321796 0.043954246
v 0.18785968 0.015072703 0.041995287
v 0.1983442 0.010612369 0.04496064
v 0.19800042 0.020616442 0.046956763
v 0.19444391 0.027849048 0.05112724
v 0.19787098 0.037427187 0.065264426
v 0.19787098 0.037427187 0.065264426
v 0.19444391 0.027849048 0.05112724
v 0.19400267 0.020553112 0.050296865
v 0.18785968 0.015072703 0.041995287
v 0.19800042 0.020616442 0.046956763
v 0.20163319 0.014484823 0.019985432
v 0.20095964 0.01234448 0.018499738
v 0.19376162 0.014169872 0.01767627
v 0.20217757 0.01218766 0.023826446
v 0.20176256 0.015378803 0.021786118
v 0.1987331 0.015964746 0.028874336
v 0.20217757 0.01218766 0.023826446
v 0.20176256 0.015378803 0.021786118
v 0.20217757 0.01218766 0.023826446
v 0.19376162 0.014169872 0.01767627
v 0.20250708 0.018129826 0.021501655
v 0.19682014 0.021451712 0.021362195
v 0.20786467 0.032676816 0.017004367
v 0.20283526 0.015373975 0.022312824
v 0.1987331 0.015964746 0.028874336
v 0.20176256 0.015378803 0.021786118
v 0.20163319 0.014484823 0.019985432
v 0.20250708 0.018129826 0.021501655
v 0.20217757 0.01218766 0.023826446
v 0.20095964 0.01234448 0.018499738
v 0.20250708 0.018129826 0.021501655
v 0.20283526 0.015373975 0.022312824
v 0.20217757 0.01218766 0.023826446
v 0.20095964 0.01234448 0.018499738
v 0.20250708 0.018129826 0.021501655
v 0.1987331 0.015964746 0.028874336
v 0.20283526 0.015373975 0.022312824
v 0.2112158 0.027123004 0.026370183
v 0.1987331 0.015964746 0.028874336
v 0.20250708 0.018129826 0.021501655
v 0.20665234 0.024002433 0.034305595
v 0.20786467 0.032676816 0.017004367
v 0.22918664 0.047989547 0.008116764
v 0.22665253 0.039361715 0.039211884
v 0.2692885 0.05690235 0.019887742
v 0.24962166 0.053272635 0.048117306
v 0.25494695 0.060839117 0.013209114
v 0.2196712 0.6985205 -0.006873563
v 0.21919294 0.70490813 0.00019376399
v 0.20566534 0.7044005 -0.0014211619
v 0.2295542 0.6870144 0.0015622205
v 0.21328597 0.8574898 0.019163392
v 0.22426355 0.86498845 0.0019532384
v 0.2142232 0.8760021 0.00925204
v 0.22104216 0.8329859 0.009609304
v 0.22060475 0.8370372 -0.0020836038
v 0.22186463 0.8027799 0.0010256805
v 0.22164284 0.85907054 -0.00906052
v 0.21423978 0.8449452 -0.0142820105
v 0.21924606 0.876953 -0.00754554
v 0.23182422 0.8909101 0.0022822479
v 0.24042353 0.8956946 -0.0040396024
v 0.26063454 0.90183675 -0.00007229927
v 0.2112098 0.7937205 0.009979696
v 0.23832136 0.3367006 -0.0119590415
v 0.2527346 0.3189698 -0.015921416
v 0.25236195 0.32515383 -0.00834464
v 0.26479486 0.3056782 -0.00542086
v 0.27268797 0.30259407 -0.015517078
v 0.2790587 0.30086184 -0.0077688973
v 0.26038775 0.35277838 -0.0060695317
v 0.26157779 0.3520211 -0.012348797
v 0.23832136 0.3367006 -0.0119590415
v 0.2540756 0.3766688 -0.010995921
v 0.2628233 0.4965251 0.003584642
v 0.28109753 0.4664483 -0.00018000393
v 0.2560567 0.52522624 -0.0046946704
v 0.27233252 0.46880883 -0.0115104215
v 0.29809323 0.4165784 -0.0066456757
v 0.29180795 0.4151016 0.0035321796
v 0.3099711 0.35390955 0.0021118922
v 0.2994752 0.37442458 -0.009129655
v 0.3192025 0.31800956 -0.007982709
v 0.3251252 0.28124774 -0.00045036292
v 0.32129335 0.27617806 -0.008692926
v 0.31945905 0.2564118 -0.0011092443
v 0.25800002 0.91956747 0.0014002139
v 0.27210045 0.9119104 0.0027564047
v 0.26836896 0.9147578 -0.0059536556
v -0.20749286 0.09964013 -0.042279128
v -0.2105975 0.09947282 -0.041035425
v -0.21577524 0.10158917 -0.03861234
vt 0.61497456 0.7585449
vt 0.6350316 0.7608587
vt 0.6188638 0.74470806
vt 0.62733495 0.7697271
vt 0.6353211 0.78577983
vt 0.61667514 0.78219825
vt 0.6059342 0.7733185
vt 0.600733 0.7790963
vt 0.5961758 0.765109
vt 0.6003637 0.7487825
vt 0.5917058 0.77313656
vt 0.58124936 0.7627041
vt 0.58081895 0.74555385
vt 0.5648377 0.7557802
vt 0.58767885 0.7261468
vt 0.5666536 0.73302054
vt 0.6002409 0.73450977
vt 0.5512349 0.7508853
vt 0.561068 0.7624419
vt 0.5454998 0.7675385
vt 0.54152465 0.7490139
vt 0.54136944 0.7629421
vt 0.5301896 0.7639847
vt 0.5210975 0.78577983
vt 0.5098597 0.77141005
vt 0.5114014 0.74690694
vt 0.5246322 0.74419475
vt 0.49954128 0.76528156
vt 0.5610707 0.76399934
vt 0.846232 0.06355798
vt 0.840198 0.075080514
vt 0.83569753 0.06020826
vt 0.8425057 0.04783392
vt 0.8276232 0.046426177
vt 0.8581325 0.051070333
vt 0.8570004 0.06985593
vt 0.863027 0.042861044
vt 0.87231 0.053415358
vt 0.84917235 0.022281885
vt 0.86648226 0.03410095
vt 0.83162975 0.034027755
vt 0.83200616 0.005931437
vt 0.8004587 0.02413851
vt 0.847198 0.0056945086
vt 0.86217576 0.00045871735
vt 0.8608368 0.021796227
vt 0.8114402 0.03890276
vt 0.8038063 0.00045871735
vt 0.8148836 0.05013752
vt 0.8785793 0.039848924
vt 0.8788106 0.047298074
vt 0.8821101 0.05665475
vt 0.86901665 0.06815952
vt 0.8766429 0.08211011
vt 0.8644706 0.08067542
vt 0.8678232 0.08005917
vt 0.88159925 0.031490684
vt 0.8132359 0.052586794
vt 0.76438993 0.48669726
vt 0.7766055 0.47844183
vt 0.75940245 0.4763019
vt 0.74286604 0.46870673
vt 0.7462309 0.46344507
vt 0.7346632 0.4414273
vt 0.73185396 0.44851536
vt 0.72682095 0.42389017
vt 0.74476665 0.42494404
vt 0.7448471 0.44395906
vt 0.7442166 0.4059646
vt 0.72087806 0.3985023
vt 0.7243339 0.38820326
vt 0.7180582 0.38633323
vt 0.74322885 0.38292432
vt 0.76169145 0.3920815
vt 0.7294644 0.36728513
vt 0.72124726 0.37610984
vt 0.7209015 0.35764134
vt 0.71483195 0.36959636
vt 0.71330273 0.3666783
vt 0.7515092 0.331703
vt 0.74446136 0.32339454
vt 0.7472499 0.33691412
vt 0.75967205 0.33886826
vt 0.74771124 0.3541606
vt 0.75496453 0.3642441
vt 0.76523125 0.35989404
vt 0.74896103 0.37322092
vt 0.7654566 0.3739677
vt 0.7766055 0.3592195
vt 0.7702806 0.38295615
vt 0.75153005 0.4370309
vt 0.76339865 0.44049823
vt 0.7542344 0.42965692
vt 0.75941837 0.45373213
vt 0.65458715 0.32971215
vt 0.6444954 0.32614678
vt 0.6444954 0.33807337
vt 0.6830275 0.36100918
vt 0.6857798 0.3501587
vt 0.6830275 0.3389908
vt 0.29799652 0.9729358
vt 0.30564645 0.9809528
vt 0.31513762 0.9757583
vt 0.2863388 0.98394495
vt 0.28027242 0.97392344
vt 0.256422 0.9729358
vt 0.9762976 0.47928154
vt 0.9683486 0.4678396
vt 0.9802752 0.49311924
vt 0.9802752 0.4600917
vt 0.9394333 0.436235
vt 0.94014424 0.4410715
vt 0.93582106 0.43479633
vt 0.9407482 0.43727082
vt 0.94812405 0.43252134
vt 0.94286233 0.42809117
vt 0.9527523 0.41330278
vt 0.94126266 0.4569885
vt 0.93218565 0.4601667
vt 0.9307339 0.45005906
vt 0.9436545 0.47413313
vt 0.9473336 0.47654194
vt 0.9364177 0.4397856
vt 0.9527523 0.49311924
vt 0.8830275 0.05768335
vt 0.88878775 0.072654784
vt 0.88575834 0.07989156
vt 0.91014796 0.060157955
vt 0.890238 0.043812394
vt 0.9033797 0.027661085
vt 0.9034749 0.08211011
vt 0.92403144 0.072348
vt 0.93165135 0.046220303
vt 0.92591095 0.03450018
vt 0.9304713 0.026574492
vt 0.8830275 0.030668318
vt 0.92728996 0.08148146
vt 0.89343476 0.020392954
vt 0.91430885 0.018202305
vt 0.927106 0.018128574
vt 0.90890086 0.009989142
vt 0.91637194 0.0048397183
vt 0.9050787 0.00045871735
vt 0.3380734 0.2779072
vt 0.33432755 0.28859532
vt 0.3352174 0.2697208
vt 0.3314938 0.27334797
vt 0.32741868 0.28326303
vt 0.32155964 0.2619266
vt 0.32155964 0.30045873
vt 0.053669725 0.42614675
vt 0.037155963 0.43029118
vt 0.05216382 0.43983972
vt 0.038518693 0.4400596
vt 0.053669725 0.4573394
vt 0.023685303 0.50137615
vt 0.02957517 0.5134737
vt 0.020642202 0.5081555
vt 0.029816503 0.53073394
vt 0.029816514 0.50361294
vt 0.039093588 0.71803004
vt 0.025919316 0.71179837
vt 0.038037498 0.7078733
vt 0.026952287 0.7233945
vt 0.015971782 0.70980465
vt 0.009105003 0.7233945
vt 0.028121391 0.6995413
vt 0.04266055 0.70256263
vt 0.006826424 0.7171443
vt 0.010953012 0.70016193
vt 0.0004587156 0.71314776
vt 0.36919117 0.5814824
vt 0.37617368 0.5835067
vt 0.3728923 0.5875947
vt 0.35601407 0.57657284
vt 0.37801346 0.5776629
vt 0.37310308 0.5746802
vt 0.39270577 0.57970434
vt 0.35916886 0.5894495
vt 0.34090576 0.5816363
vt 0.33165714 0.56834865
vt 0.32522935 0.5710811
vt 0.39495412 0.56834865
vt 0.33368087 0.5875101
vt 0.34872696 0.5876601
vt 0.19954129 0.8702248
vt 0.20868321 0.8555707
vt 0.21326993 0.86460495
vt 0.2221 0.8534587
vt 0.23940085 0.86078715
vt 0.24176869 0.85275227
vt 0.2576501 0.8610102
vt 0.2611267 0.87614256
vt 0.2254788 0.88022137
vt 0.25615096 0.89967716
vt 0.27793175 0.8781498
vt 0.26180613 0.85366184
vt 0.2738727 0.8581949
vt 0.21311793 0.8897254
vt 0.2371615 0.90688074
vt 0.2912844 0.90688074
vt 0.9610619 0.5847709
vt 0.9655303 0.5952052
vt 0.9605547 0.6004874
vt 0.9683486 0.61455446
vt 0.95313835 0.5766055
vt 0.95234174 0.6080216
vt 0.94474435 0.5980732
vt 0.94398516 0.619508
vt 0.94358987 0.5838025
vt 0.9368381 0.6036441
vt 0.9470972 0.6297923
vt 0.95069367 0.6402905
vt 0.9353211 0.6271968
vt 0.9683486 0.64816517
vt 0.03410465 0.93135047
vt 0.034093313 0.94192433
vt 0.021716718 0.9415112
vt 0.048061013 0.9446998
vt 0.018820284 0.95130086
vt 0.02013074 0.9300601
vt 0.0071155475 0.93835133
vt 0.0439266 0.95387536
vt 0.035159636 0.9598925
vt 0.015050517 0.96078354
vt 0.048442736 0.961931
vt 0.06209357 0.96520424
vt 0.050504386 0.97149044
vt 0.05694122 0.94928116
vt 0.06559633 0.9766055
vt 0.061398912 0.9374455
vt 0.046146307 0.9288991
vt 0.0004587156 0.96858335
vt 0.005648729 0.9766055
vt 0.3739423 0.9433268
vt 0.3766055 0.9279934
vt 0.34084615 0.925615
vt 0.3283093 0.94604975
vt 0.32376954 0.927821
vt 0.3613262 0.9723562
vt 0.32645488 0.96805644
vt 0.37447056 0.9549847
vt 0.3766055 0.9710119
vt 0.31697246 0.9526594
vt 0.33715752 0.9729139
vt 0.3223772 0.97385323
vt 0.31811222 0.9681255
vt 0.3215462 0.9206422
vt 0.08534002 0.916055
vt 0.09770642 0.9087156
vt 0.07844037 0.9087156
vt 0.7889281 0.9517158
vt 0.77993083 0.9476443
vt 0.7797431 0.93384206
vt 0.7903466 0.9290704
vt 0.79720575 0.94736385
vt 0.78700566 0.9116019
vt 0.7775229 0.9192452
vt 0.7977201 0.91551775
vt 0.81449807 0.9516823
vt 0.798549 0.96388745
vt 0.8145962 0.9646789
vt 0.83054525 0.95872164
vt 0.8394544 0.9402141
vt 0.8265365 0.9322171
vt 0.8417431 0.92337334
vt 0.83213025 0.9076498
vt 0.8417431 0.94952774
vt 0.81312853 0.9040126
vt 0.7984354 0.9004587
vt 0.8186095 0.9274293
vt 0.8408257 0.7426605
vt 0.8319887 0.77844036
vt 0.8169725 0.7426605
vt 0.8234927 0.49759507
vt 0.8373182 0.51079094
vt 0.82572216 0.50758
vt 0.82954323 0.51479876
vt 0.8065925 0.5014043
vt 0.81998926 0.5213463
vt 0.7856607 0.51541674
vt 0.83938104 0.53092515
vt 0.83406615 0.55333287
vt 0.8486435 0.5634509
vt 0.81434005 0.5443762
vt 0.82882273 0.5690451
vt 0.7935934 0.5350077
vt 0.8100599 0.55586976
vt 0.7749412 0.5327287
vt 0.76659966 0.523118
vt 0.78805757 0.54714304
vt 0.77834415 0.5522669
vt 0.801369 0.55522996
vt 0.8001391 0.56808656
vt 0.7893189 0.57106906
vt 0.7991081 0.58027524
vt 0.823743 0.57626224
vt 0.8458667 0.58027524
vt 0.85 0.5489541
vt 0.78529537 0.49587154
vt 0.76559633 0.5209226
vt 0.02664419 0.91972476
vt 0.03983208 0.91037184
vt 0.053567506 0.9183052
vt 0.011253994 0.91606164
vt 0.055618577 0.9027151
vt 0.06862067 0.893956
vt 0.049495436 0.8801807
vt 0.03149278 0.889425
vt 0.055898342 0.8711009
vt 0.044057634 0.87120026
vt 0.06466168 0.87322617
vt 0.015088738 0.8728455
vt 0.009343181 0.88022804
vt 0.0028260818 0.8711009
vt 0.001575148 0.8939299
vt 0.0004587156 0.87807035
vt 0.0026783445 0.91311634
vt 0.06700036 0.9143909
vt 0.08211009 0.90487725
vt 0.93675894 0.12522936
vt 0.9298165 0.12151092
vt 0.936128 0.11426705
vt 0.95814836 0.11409432
vt 0.9605819 0.106830835
vt 0.970643 0.12171447
vt 0.9344275 0.10202402
vt 0.9464509 0.09351194
vt 0.9566694 0.092381
vt 0.9500843 0.08550459
vt 0.9685275 0.099440575
vt 0.9740715 0.11330277
vt 0.97695065 0.10195613
vt 0.97839177 0.12145114
vt 0.9793578 0.088890076
vt 0.96318483 0.088928044
vt 0.97776014 0.075688064
vt 0.9585607 0.075688064
vt 0.95902526 0.084293544
vt 0.94292283 0.08471233
vt 0.9321583 0.087144494
vt 0.9346142 0.09535068
vt 0.3893301 0.060607076
vt 0.39570525 0.05861914
vt 0.39587155 0.06651378
vt 0.38145816 0.058256865
vt 0.3766055 0.06651378
vt 0.3820647 0.06921214
vt 0.37293577 0.06926608
vt 0.38818485 0.06559634
vt 0.39587155 0.06926608
vt 0.69199663 0.1142202
vt 0.6912844 0.113547504
vt 0.69268584 0.11330277
vt 0.6995413 0.113547504
vt 0.9345716 0.3553462
vt 0.93860626 0.35261428
vt 0.93694264 0.35409975
vt 0.94619054 0.345138
vt 0.9527161 0.3527304
vt 0.93834984 0.35437238
vt 0.9628593 0.33572185
vt 0.96487343 0.34891343
vt 0.93855613 0.3367715
vt 0.9307339 0.35147434
vt 0.95452344 0.32076824
vt 0.96926606 0.3169725
vt 0.96435064 0.35969412
vt 0.9505352 0.3665899
vt 0.96926606 0.37293577
vt 0.93750215 0.35394543
vt 0.124311924 0.9114679
vt 0.15458715 0.9114679
vt 0.1519087 0.90229356
vt 0.31039384 0.6033442
vt 0.3235817 0.61973935
vt 0.30223927 0.61748654
vt 0.3316514 0.6105136
vt 0.2925737 0.6054152
vt 0.28381303 0.609681
vt 0.29224128 0.59177786
vt 0.27923915 0.5940409
vt 0.27066866 0.6110096
vt 0.2761798 0.6224212
vt 0.2595786 0.59551495
vt 0.24815248 0.6070943
vt 0.25670865 0.58584166
vt 0.23378593 0.5898909
vt 0.22342035 0.57086104
vt 0.20763426 0.5981647
vt 0.21217145 0.61139643
vt 0.20318715 0.57477313
vt 0.18694319 0.58152354
vt 0.18504286 0.556632
vt 0.16566505 0.55988306
vt 0.16024968 0.540071
vt 0.16038693 0.58145934
vt 0.1557481 0.5709842
vt 0.1762794 0.60103726
vt 0.14965804 0.59084696
vt 0.19967395 0.61900395
vt 0.23593596 0.621022
vt 0.1614492 0.612172
vt 0.14226943 0.6008953
vt 0.19122812 0.63031304
vt 0.21734938 0.6343562
vt 0.15776926 0.6301681
vt 0.1265012 0.6228559
vt 0.2403903 0.6373039
vt 0.105236955 0.6526065
vt 0.085056774 0.6509403
vt 0.09397636 0.63386285
vt 0.07530778 0.64374685
vt 0.09094681 0.6164593
vt 0.06715662 0.6222068
vt 0.1224976 0.6084858
vt 0.09507925 0.5980668
vt 0.11459362 0.596095
vt 0.12873812 0.5911921
vt 0.0883151 0.58350784
vt 0.121438794 0.5713723
vt 0.13964304 0.5748112
vt 0.1354391 0.5626969
vt 0.14368658 0.570069
vt 0.14419144 0.55353814
vt 0.14854 0.5422256
vt 0.13689506 0.54800284
vt 0.13162631 0.5351066
vt 0.112342276 0.53880006
vt 0.08999516 0.56567144
vt 0.09285709 0.53449214
vt 0.07420716 0.5594578
vt 0.08101334 0.5113606
vt 0.09643714 0.5051262
vt 0.065546945 0.48463178
vt 0.115970045 0.5131093
vt 0.097585864 0.49310791
vt 0.1431581 0.5306788
vt 0.12829232 0.51069176
vt 0.061736137 0.4663607
vt 0.029855486 0.46165156
vt 0.038522113 0.4911239
vt 0.017696276 0.4382093
vt 0.0004587156 0.43623853
vt 0.0147688 0.45894164
vt 0.020707661 0.47809213
vt 0.021601798 0.4899056
vt 0.0317779 0.50370413
vt 0.051253963 0.5034207
vt 0.03655712 0.51702404
vt 0.06522556 0.51430994
vt 0.062465534 0.56953347
vt 0.052189175 0.5773243
vt 0.0494513 0.5671555
vt 0.06687891 0.5945192
vt 0.04226637 0.5935282
vt 0.03433698 0.57366896
vt 0.03508581 0.62655133
vt 0.050857265 0.6529671
vt 0.024403255 0.60376626
vt 0.024664558 0.5858131
vt 0.018355064 0.6342395
vt 0.019310879 0.65822023
vt 0.00975199 0.6586136
vt 0.011225401 0.6714909
vt 0.023577126 0.6718525
vt 0.0026055572 0.66393864
vt 0.0004587156 0.674105
vt 0.02941259 0.66638005
vt 0.05566728 0.66165257
vt 0.027043473 0.67477065
vt 0.026355652 0.56643695
vt 0.035309397 0.5593549
vt 0.026368083 0.5568655
vt 0.5199645 0.5747706
vt 0.50658846 0.5710699
vt 0.5125111 0.5662254
vt 0.5035425 0.55850977
vt 0.52362955 0.5653698
vt 0.52342546 0.55871224
vt 0.51212597 0.5579162
vt 0.49024114 0.5530782
vt 0.5007086 0.5407967
vt 0.4857892 0.5691328
vt 0.44351155 0.5487962
vt 0.42624286 0.5627567
vt 0.4643308 0.52126074
vt 0.43176708 0.5050923
vt 0.4915748 0.513535
vt 0.4580169 0.4942658
vt 0.5011738 0.52132624
vt 0.4940025 0.49761057
vt 0.47016707 0.47388482
vt 0.49430156 0.4705258
vt 0.49272522 0.448565
vt 0.4691422 0.43472475
vt 0.49775502 0.4573394
vt 0.44047576 0.43003917
vt 0.49042532 0.42490387
vt 0.47636327 0.39670092
vt 0.49717733 0.43134123
vt 0.4991148 0.4017923
vt 0.4890261 0.35629606
vt 0.46291292 0.37979543
vt 0.510067 0.34801513
vt 0.5027133 0.3270586
vt 0.52060056 0.31237364
vt 0.47958955 0.31973815
vt 0.46080086 0.3464253
vt 0.5113894 0.28588748
vt 0.4824938 0.28346872
vt 0.52930975 0.27933156
vt 0.5350347 0.30190718
vt 0.5261824 0.26764977
vt 0.51137704 0.2593392
vt 0.541515 0.2706455
vt 0.5209167 0.25111985
vt 0.53466874 0.247881
vt 0.55125445 0.24345219
vt 0.55799717 0.27184612
vt 0.54361963 0.2329638
vt 0.5265082 0.23949617
vt 0.55581284 0.22073835
vt 0.54980814 0.21088123
vt 0.56201506 0.23475868
vt 0.56284404 0.21242678
vt 0.55690885 0.20229357
vt 0.55978465 0.3111379
vt 0.54595363 0.31952685
vt 0.5339963 0.3286066
vt 0.53632504 0.37072706
vt 0.5239626 0.3697003
vt 0.52225477 0.38602948
vt 0.51932776 0.3351344
vt 0.51368093 0.36138868
vt 0.514402 0.38556182
vt 0.5074686 0.39760578
vt 0.52631503 0.40774024
vt 0.51546377 0.38915193
vt 0.52514446 0.42588568
vt 0.50295097 0.24680287
vt 0.47837883 0.25916493
vt 0.45810655 0.2733268
vt 0.44969645 0.29381192
vt 0.45814517 0.26495057
vt 0.4474818 0.26573586
vt 0.34599638 0.3350587
vt 0.32343218 0.3314854
vt 0.35582668 0.3176471
vt 0.3150998 0.35112906
vt 0.3687921 0.32907844
vt 0.35463616 0.34903693
vt 0.3824799 0.31078506
vt 0.40589035 0.30573738
vt 0.40813538 0.32347
vt 0.43656525 0.27871233
vt 0.4394033 0.33016288
vt 0.45810595 0.30990154
vt 0.40599528 0.3420527
vt 0.38201988 0.36360884
vt 0.4171937 0.36700392
vt 0.43391168 0.34985936
vt 0.40612435 0.39968854
vt 0.43660754 0.3836459
vt 0.37797946 0.38862604
vt 0.37505516 0.42780137
vt 0.34472293 0.39761764
vt 0.33980277 0.38256454
vt 0.3153406 0.40986323
vt 0.33830047 0.3723843
vt 0.32700628 0.3556645
vt 0.31321967 0.38964385
vt 0.29102448 0.39720798
vt 0.2809465 0.37489355
vt 0.24666722 0.43735242
vt 0.22966157 0.42856455
vt 0.26053455 0.37930703
vt 0.19036697 0.43889827
vt 0.19983304 0.4322219
vt 0.19931473 0.44764328
vt 0.20451237 0.439003
vt 0.1909044 0.44739604
vt 0.1969716 0.46945465
vt 0.20917356 0.45421833
vt 0.21213251 0.4434067
vt 0.20870015 0.4749766
vt 0.22761197 0.46057892
vt 0.20600471 0.49433053
vt 0.22203435 0.49292368
vt 0.22173017 0.5174302
vt 0.23580821 0.51656073
vt 0.2350065 0.531914
vt 0.26053315 0.49785995
vt 0.24599159 0.47543287
vt 0.25232953 0.5213268
vt 0.27217793 0.5214128
vt 0.26030198 0.5347508
vt 0.23869741 0.5434037
vt 0.28634676 0.5421184
vt 0.254306 0.5548837
vt 0.29329947 0.50792706
vt 0.322719 0.5175938
vt 0.31311646 0.4994676
vt 0.3414399 0.53787714
vt 0.34506524 0.50412965
vt 0.28914487 0.5615036
vt 0.3554418 0.55716944
vt 0.25548315 0.5666643
vt 0.23942693 0.55910283
vt 0.23968607 0.5719404
vt 0.23110135 0.5482447
vt 0.22655345 0.563108
vt 0.22852552 0.53810656
vt 0.23002495 0.57158154
vt 0.24545677 0.5747706
vt 0.383736 0.5506556
vt 0.38600737 0.519912
vt 0.42687112 0.5306637
vt 0.39582464 0.5010879
vt 0.3503714 0.48528612
vt 0.3970873 0.47059876
vt 0.3679431 0.4826895
vt 0.4350257 0.46132547
vt 0.40895072 0.43790555
vt 0.43494272 0.40038735
vt 0.45768395 0.40662986
vt 0.46514592 0.3592949
vt 0.44226715 0.3626039
vt 0.35792062 0.4569437
vt 0.33193752 0.43079042
vt 0.31578144 0.45279312
vt 0.2718787 0.46297562
vt 0.29089937 0.4847176
vt 0.3146428 0.47811997
vt 0.2192737 0.44220316
vt 0.34665403 0.4616232
vt 0.35159677 0.4688455
vt 0.21435095 0.43674076
vt 0.21495141 0.42811334
vt 0.23577757 0.40137446
vt 0.64215314 0.4480948
vt 0.630391 0.44819188
vt 0.639006 0.44285315
vt 0.65501857 0.4438237
vt 0.6532906 0.44859278
vt 0.6480673 0.4375
vt 0.6324737 0.4346459
vt 0.6620457 0.43621284
vt 0.6689592 0.4403656
vt 0.6520553 0.43399882
vt 0.65661114 0.42790163
vt 0.67193913 0.4342115
vt 0.6463021 0.42891347
vt 0.64900464 0.42331278
vt 0.65944594 0.42328954
vt 0.64745957 0.42054796
vt 0.6695945 0.4201641
vt 0.6594799 0.41996002
vt 0.67299443 0.42779636
vt 0.67577505 0.4189595
vt 0.6744596 0.41431582
vt 0.6611814 0.41299903
vt 0.6663825 0.40639818
vt 0.65339035 0.40855742
vt 0.65330344 0.41631132
vt 0.6699635 0.44716442
vt 0.66392744 0.45
vt 0.6796967 0.42593217
vt 0.6790425 0.41742718
vt 0.67890906 0.40544724
vt 0.6788689 0.43310577
vt 0.6856449 0.4284228
vt 0.6852703 0.4353423
vt 0.68944955 0.42987597
vt 0.6532576 0.4020878
vt 0.668918 0.40102386
vt 0.66025 0.38700438
vt 0.67276925 0.3923775
vt 0.67606664 0.36440623
vt 0.66282374 0.35062242
vt 0.647122 0.36562043
vt 0.67958075 0.3319993
vt 0.66959023 0.32031858
vt 0.6556846 0.3321563
vt 0.68143904 0.28935575
vt 0.6663711 0.27309918
vt 0.6850129 0.24929959
vt 0.65610117 0.30399024
vt 0.6466815 0.27858734
vt 0.66111803 0.24322045
vt 0.6732705 0.2235471
vt 0.6636467 0.20049387
vt 0.68554646 0.21142626
vt 0.67985195 0.18125582
vt 0.6670092 0.14996403
vt 0.68232507 0.15319395
vt 0.6635825 0.1348539
vt 0.68944955 0.13794601
vt 0.6851853 0.12670952
vt 0.6729968 0.11966729
vt 0.6491518 0.12744081
vt 0.68855447 0.11130011
vt 0.65778595 0.108715594
vt 0.6544545 0.120337784
vt 0.61972475 0.14546561
vt 0.4231075 0.98119265
vt 0.42889908 0.97385323
vt 0.41146788 0.97385323
vt 0.403211 0.94060385
vt 0.4059444 0.9233945
vt 0.40779817 0.9370181
vt 0.40779817 0.9454128
vt 0.13623853 0.4977064
vt 0.15126409 0.5009587
vt 0.14440005 0.5128785
vt 0.15674143 0.5160536
vt 0.16754086 0.51459694
vt 0.16273446 0.5018435
vt 0.15891072 0.52645
vt 0.16961756 0.5244831
vt 0.14975855 0.52679604
vt 0.17642845 0.51165724
vt 0.17851362 0.5008975
vt 0.18302752 0.5168909
vt 0.17071107 0.5294066
vt 0.1830275 0.53697354
vt 0.17517407 0.5397979
vt 0.1597162 0.5370784
vt 0.18245491 0.54541284
vt 0.45183486 0.6142202
vt 0.4298165 0.6142202
vt 0.43450606 0.60779816
vt 0.7664314 0.009064555
vt 0.75366974 0.0022935867
vt 0.7718307 0.0022935867
vt 0.7698052 0.009633005
vt 0.7720184 0.0088893175
vt 0.60504586 0.39291584
vt 0.60347164 0.4022488
vt 0.5904293 0.39592338
vt 0.5853959 0.40363932
vt 0.59130657 0.38732338
vt 0.58093154 0.38934314
vt 0.57004076 0.40504587
vt 0.5608131 0.39699328
vt 0.55706507 0.4049114
vt 0.55649847 0.3886658
vt 0.56328696 0.38405144
vt 0.57548743 0.3813845
vt 0.5630662 0.3737182
vt 0.589642 0.37351096
vt 0.57525396 0.36946654
vt 0.5914608 0.36262965
vt 0.5770388 0.3596334
vt 0.5633265 0.36174065
vt 0.5892884 0.35286248
vt 0.57788914 0.34958833
vt 0.58500093 0.345604
vt 0.56541646 0.3545351
vt 0.56462 0.34283328
vt 0.58093 0.33416563
vt 0.56957024 0.309133
vt 0.59155834 0.3132856
vt 0.5839265 0.24736935
vt 0.5648249 0.27070606
vt 0.5645519 0.22861385
vt 0.5668619 0.18801779
vt 0.5778941 0.16101813
vt 0.56209767 0.15129852
vt 0.59282434 0.16864377
vt 0.5859922 0.12517607
vt 0.57261366 0.12847042
vt 0.5843012 0.111620784
vt 0.56796956 0.10980946
vt 0.6013939 0.10673821
vt 0.58022755 0.10572326
vt 0.56162286 0.10213876
vt 0.58020693 0.093532205
vt 0.5614056 0.095608234
vt 0.5754425 0.08724737
vt 0.60032773 0.083158195
vt 0.55260754 0.09136999
vt 0.5841797 0.0752905
vt 0.60504586 0.07462239
vt 0.5680251 0.07214999
vt 0.57806695 0.05439949
vt 0.57306045 0.043135285
vt 0.59166944 0.06860435
vt 0.58660877 0.05572325
vt 0.5578061 0.040023506
vt 0.5716095 0.021425247
vt 0.55507684 0.025536716
vt 0.59237874 0.02891767
vt 0.5887702 0.050260663
vt 0.58193773 0.00045871735
vt 0.5574363 0.12265414
vt 0.55067974 0.3809229
vt 0.54541284 0.38671464
vt 0.5532306 0.3717525
vt 0.55456024 0.35912013
vt 0.5456081 0.36974132
vt 0.54573107 0.35431123
vt 0.43931067 0.6930543
vt 0.45183486 0.6814768
vt 0.44573689 0.69464076
vt 0.43870288 0.70443606
vt 0.42558303 0.6979024
vt 0.42521206 0.71319854
vt 0.43284965 0.71638614
vt 0.41579327 0.70459765
vt 0.41216022 0.71116406
vt 0.4193295 0.69728094
vt 0.40721768 0.6991873
vt 0.41085738 0.68984866
vt 0.40305898 0.7017428
vt 0.3979049 0.67533845
vt 0.37891504 0.68563586
vt 0.40074673 0.72794837
vt 0.37792596 0.66926605
vt 0.36752748 0.68003523
vt 0.3526306 0.70265716
vt 0.36545736 0.7168471
vt 0.3562945 0.7202754
vt 0.33952633 0.7162919
vt 0.3530495 0.7273675
vt 0.34392518 0.6957282
vt 0.370051 0.73511267
vt 0.34315705 0.7389164
vt 0.3293237 0.73500854
vt 0.3206422 0.72526366
vt 0.33210656 0.75183487
vt 0.32079878 0.744912
vt 0.3318618 0.70255214
vt 0.410014 0.7298003
vt 0.40839913 0.7431976
vt 0.41458595 0.74146235
vt 0.41487265 0.72201717
vt 0.40892547 0.75183487
vt 0.4251498 0.7241899
vt 0.25967982 0.0093820095
vt 0.2711009 0.001376152
vt 0.26150686 0.01439631
vt 0.25276047 0.011623561
vt 0.24824317 0.017765105
vt 0.2517847 0.004958093
vt 0.24219547 0.0017382503
vt 0.25536016 0.023394465
vt 0.24174312 0.023394465
vt 0.05260129 0.68017143
vt 0.0646789 0.6729358
vt 0.050369654 0.6909938
vt 0.05864219 0.6935667
vt 0.043215442 0.680954
vt 0.039508037 0.6954563
vt 0.033424973 0.69862384
vt 0.036967456 0.6787913
vt 0.027440209 0.6805998
vt 0.021346046 0.6957332
vt 0.016493557 0.6853436
vt 0.018961972 0.6729358
vt 0.0004587156 0.68020016
vt 0.74908257 0.031651378
vt 0.73899084 0.031867504
vt 0.74908257 0.042660534
vt 0.7408257 0.052735448
vt 0.7252383 0.056234956
vt 0.7346515 0.05815202
vt 0.7367113 0.04483235
vt 0.7151798 0.072018325
vt 0.71146786 0.059652686
vt 0.71530443 0.048448503
vt 0.7234013 0.045878828
vt 0.7374339 0.037872076
vt 0.7249091 0.035440743
vt 0.72899956 0.026296377
vt 0.71817523 0.032376826
vt 0.71146786 0.016972482
vt 0.61749023 0.5059486
vt 0.6008327 0.51172715
vt 0.59995544 0.5033455
vt 0.6247923 0.5137742
vt 0.60610634 0.49498153
vt 0.62321913 0.49673986
vt 0.61502606 0.48277688
vt 0.6359854 0.49652636
vt 0.63460904 0.5071931
vt 0.6312769 0.48961127
vt 0.63715595 0.47226286
vt 0.6248887 0.451833
vt 0.61027664 0.4592207
vt 0.6175263 0.43231326
vt 0.5987651 0.4638276
vt 0.59665495 0.47987998
vt 0.6037669 0.44390547
vt 0.5940367 0.4368695
vt 0.6111152 0.44329906
vt 0.59837633 0.4286765
vt 0.6060343 0.4209044
vt 0.60165745 0.41899598
vt 0.60317343 0.40452135
vt 0.5960647 0.41587263
vt 0.6331854 0.42010725
vt 0.6164149 0.40073407
vt 0.63309056 0.3948573
vt 0.62390476 0.37280786
vt 0.61284554 0.36494446
vt 0.60774744 0.37820756
vt 0.6204085 0.32786417
vt 0.63526034 0.3417573
vt 0.6131411 0.33871686
vt 0.60721266 0.34649265
vt 0.6030651 0.327196
vt 0.6045678 0.2974217
vt 0.60581046 0.3371712
vt 0.62275606 0.28490812
vt 0.61878145 0.25700945
vt 0.6357088 0.30586213
vt 0.63715595 0.26486367
vt 0.636799 0.25313038
vt 0.6202547 0.24911898
vt 0.6135853 0.24105453
vt 0.6019109 0.25579625
vt 0.5983681 0.2333647
vt 0.62138695 0.22889906
vt 0.6335751 0.2398119
vt 0.636032 0.23083931
vt 0.6041378 0.51672655
vt 0.623277 0.51855147
vt 0.6198431 0.527733
vt 0.606051 0.52478933
vt 0.6134872 0.5353211
vt 0.6304181 0.5345082
vt 0.4876147 0.66859025
vt 0.4798884 0.67336106
vt 0.48325637 0.6610267
vt 0.48002794 0.6797659
vt 0.4647002 0.6771448
vt 0.471022 0.6830275
vt 0.46798474 0.6727078
vt 0.45018753 0.6757235
vt 0.4593475 0.66335744
vt 0.43737608 0.6830275
vt 0.4270642 0.6817729
vt 0.45161718 0.6663499
vt 0.45888802 0.6527779
vt 0.47239235 0.6527523
vt 0.46971595 0.6560764
vt 0.47681817 0.6595399
vt 0.07293578 0.008820951
vt 0.06325901 0.010550439
vt 0.067974 0.005045891
vt 0.056422018 0.005045891
vt 0.13712831 0.029816508
vt 0.13073395 0.023394465
vt 0.13915297 0.023394465
vt 0.1472477 0.025803804
vt 0.28648594 0.6416594
vt 0.29014164 0.6618989
vt 0.28166765 0.66252786
vt 0.29887107 0.65328264
vt 0.29639536 0.6351542
vt 0.27844036 0.622368
vt 0.30509028 0.6504519
vt 0.30886915 0.63062656
vt 0.31702012 0.6483049
vt 0.3233587 0.6430675
vt 0.32538143 0.6565565
vt 0.31986713 0.626216
vt 0.3287144 0.62464315
vt 0.33056417 0.64035666
vt 0.34179983 0.62068367
vt 0.3345741 0.6504031
vt 0.36442873 0.63250464
vt 0.36159807 0.6509333
vt 0.3815614 0.6528612
vt 0.34158832 0.6582691
vt 0.37879667 0.66029286
vt 0.35893774 0.66403985
vt 0.38901743 0.6693067
vt 0.40907758 0.6641235
vt 0.41698188 0.6711009
vt 0.42275098 0.66812736
vt 0.4121054 0.64641875
vt 0.37597534 0.65696514
vt 0.38274893 0.6607638
vt 0.43365625 0.6202392
vt 0.45412475 0.6367237
vt 0.4848501 0.6356526
vt 0.51383907 0.6214654
vt 0.47735843 0.6409852
vt 0.50457466 0.63287514
vt 0.4985133 0.64538044
vt 0.5446791 0.62953615
vt 0.55450946 0.6107807
vt 0.5272301 0.6427965
vt 0.5662458 0.6386311
vt 0.5728057 0.62158424
vt 0.58668846 0.63914055
vt 0.5815051 0.6176652
vt 0.5935313 0.627932
vt 0.56859165 0.6026052
vt 0.5661054 0.6086307
vt 0.5786022 0.6013762
vt 0.5892494 0.6150202
vt 0.59616774 0.6195553
vt 0.6005789 0.6380173
vt 0.59618986 0.65084195
vt 0.60504586 0.6572257
vt 0.587047 0.6571454
vt 0.5914194 0.6711009
vt 0.60208267 0.66641724
vt 0.4899645 0.6518726
vt 0.27970812 0.64813423
vt 0.9257565 0.15642202
vt 0.90963304 0.15642202
vt 0.91890776 0.14541286
vt 0.93715596 0.15382874
vt 0.8763992 0.10346347
vt 0.87074035 0.103431284
vt 0.8665138 0.09517521
vt 0.87570804 0.09081501
vt 0.9006945 0.095149875
vt 0.9237776 0.11094284
vt 0.9052166 0.122547805
vt 0.9259509 0.0938589
vt 0.8767373 0.12389141
vt 0.9293322 0.13390684
vt 0.9134424 0.08302754
vt 0.92554307 0.14038587
vt 0.93165135 0.1481651
vt 0.89963704 0.136895
vt 0.93165135 0.09963858
vt 0.6169725 0.1142202
vt 0.6169725 0.13532108
vt 0.62769336 0.12542099
vt 0.62798166 0.13460195
vt 0.88861847 0.37129235
vt 0.8784157 0.3626604
vt 0.90688074 0.37254977
vt 0.88967985 0.383945
vt 0.87080175 0.37329328
vt 0.85614055 0.36135077
vt 0.87594855 0.3524406
vt 0.8551122 0.37635136
vt 0.8556002 0.3503728
vt 0.8834621 0.31223547
vt 0.8558618 0.32561934
vt 0.87428296 0.30183268
vt 0.8942827 0.34220612
vt 0.90157706 0.318954
vt 0.88958764 0.29672915
vt 0.8592998 0.29891485
vt 0.84541285 0.30261278
vt 0.8720307 0.296
vt 0.90688074 0.30099946
vt 0.84646505 0.2935508
vt 0.87499416 0.29220188
vt 0.6656591 0.7582479
vt 0.6520072 0.75183487
vt 0.6780474 0.7520332
vt 0.64558864 0.7561126
vt 0.6841386 0.76008505
vt 0.67687887 0.75753516
vt 0.6775345 0.7588828
vt 0.6976935 0.75183487
vt 0.6970748 0.7597869
vt 0.6923107 0.7674312
vt 0.67783743 0.7652652
vt 0.6818422 0.753485
vt 0.66797185 0.7562019
vt 0.6472738 0.76216215
vt 0.62981653 0.7530004
vt 0.7059633 0.7528804
vt 0.20861505 0.7791305
vt 0.20281804 0.7760784
vt 0.20818812 0.76759374
vt 0.19876845 0.7875438
vt 0.20537038 0.78680444
vt 0.19862385 0.7949541
vt 0.19862385 0.76376146
vt 0.21513762 0.78093773
vt 0.08199354 0.038462043
vt 0.074770644 0.03907478
vt 0.081849284 0.033486247
vt 0.09352266 0.03695935
vt 0.09087269 0.04194528
vt 0.099541284 0.047247708
vt 0.074969396 0.047247708
vt 0.08532296 0.043617845
vt 0.7177251 0.10596329
vt 0.7151376 0.10097742
vt 0.7178899 0.09865785
vt 0.7151376 0.09495413
vt 0.7178899 0.122461915
vt 0.7178757 0.120756745
vt 0.71422017 0.12522936
vt 0.71422017 0.11697245
vt 0.6331034 0.12048501
vt 0.61972475 0.1142202
vt 0.6325128 0.12582499
vt 0.6437386 0.1142202
vt 0.6428437 0.1261468
vt 0.6463303 0.12176615
vt 0.7105505 0.08079308
vt 0.7111109 0.07477063
vt 0.71422017 0.077270746
vt 0.71422017 0.09495413
vt 0.7197248 0.78119266
vt 0.7201902 0.7707139
vt 0.7222502 0.77214444
vt 0.7279816 0.77262443
vt 0.72707385 0.76600164
vt 0.7197248 0.7646789
vt 0.9876147 0.2527523
vt 0.9876147 0.24357796
vt 0.9857798 0.24980074
vt 0.9555487 0.21936983
vt 0.9568272 0.22148544
vt 0.9535565 0.22225535
vt 0.95197505 0.21605504
vt 0.94852495 0.23337018
vt 0.9343759 0.23154867
vt 0.9415853 0.24475569
vt 0.9325688 0.24346691
vt 0.94725376 0.25
vt 0.9582569 0.24602342
vt 0.9582569 0.23347092
vt 0.6071076 0.7974648
vt 0.5968963 0.78029716
vt 0.61513764 0.786961
vt 0.5944315 0.7907265
vt 0.58940053 0.8050337
vt 0.5818944 0.7880045
vt 0.5842737 0.7775229
vt 0.59751385 0.8244583
vt 0.58559453 0.82611173
vt 0.5735829 0.8307814
vt 0.58345056 0.8441309
vt 0.57249844 0.84788907
vt 0.5996593 0.84816515
vt 0.60305816 0.83635694
vt 0.5565978 0.8356115
vt 0.55793345 0.82158375
vt 0.5412533 0.8224945
vt 0.5682483 0.81090945
vt 0.54619 0.8000606
vt 0.57747376 0.7965673
vt 0.58408874 0.78758776
vt 0.5598587 0.78313875
vt 0.5732312 0.77819705
vt 0.5414948 0.7815043
vt 0.53018975 0.78618985
vt 0.52597624 0.80922425
vt 0.5189568 0.79078275
vt 0.51603246 0.8240683
vt 0.50730973 0.80446094
vt 0.5309617 0.83621764
vt 0.5225446 0.8475563
vt 0.5144729 0.84816515
vt 0.50721866 0.8251134
vt 0.49954128 0.81144714
vt 0.5102941 0.79637694
vt 0.3178899 0.30779815
vt 0.3090603 0.32181263
vt 0.3178899 0.32470644
vt 0.3050712 0.31316543
vt 0.31170985 0.3286326
vt 0.29554066 0.32401216
vt 0.29848748 0.33246696
vt 0.29476336 0.33804417
vt 0.30730417 0.34357798
vt 0.2885321 0.32170177
vt 0.29002628 0.33694637
vt 0.8555046 0.21831119
vt 0.8560051 0.20504588
vt 0.8651225 0.20517623
vt 0.8653819 0.2206406
vt 0.8766055 0.21130466
vt 0.85745454 0.22431195
vt 0.87295616 0.20504588
vt 0.22932053 0.009633005
vt 0.2444954 0.009633005
vt 0.23369709 0.016055048
vt 0.22247706 0.01292634
vt 0.5178899 0.021657825
vt 0.5045976 0.013246834
vt 0.5070492 0.009585202
vt 0.4800274 0.026686728
vt 0.47514448 0.029816508
vt 0.4737354 0.02232039
vt 0.48601103 0.020530105
vt 0.48431033 0.014923871
vt 0.46761414 0.018593788
vt 0.47227028 0.008798659
vt 0.4619266 0.0059633255
vt 0.49035606 0.0142021775
vt 0.49300045 0.0059633255
vt 0.4079322 0.28821015
vt 0.41193357 0.29450577
vt 0.39311928 0.29587156
vt 0.3982625 0.28721058
vt 0.4124141 0.27588332
vt 0.41788992 0.27841353
vt 0.40490982 0.27277172
vt 0.39311928 0.26009178
vt 0.9711009 0.2832814
vt 0.98064524 0.2720183
vt 0.97541124 0.28850853
vt 0.9711009 0.2954017
vt 0.9876147 0.29862386
vt 0.98740774 0.2880013
vt 0.9655963 0.28123093
vt 0.9683486 0.290367
vt 0.9683486 0.27385318
vt 0.6996453 0.4928581
vt 0.7015478 0.48370552
vt 0.7065551 0.4830497
vt 0.7066222 0.49192768
vt 0.7195125 0.5102171
vt 0.7165347 0.5290016
vt 0.6909762 0.51661354
vt 0.7258572 0.48656195
vt 0.745245 0.4978745
vt 0.6890256 0.50717896
vt 0.74130625 0.52314144
vt 0.7558715 0.49169165
vt 0.7423509 0.47720808
vt 0.7335274 0.47494555
vt 0.7115113 0.48453355
vt 0.6962269 0.4762391
vt 0.73511684 0.46802872
vt 0.7273367 0.46551836
vt 0.7323832 0.454588
vt 0.7245995 0.45
vt 0.716328 0.46031725
vt 0.71132386 0.467265
vt 0.72064865 0.47957152
vt 0.74154913 0.5491215
vt 0.7652084 0.53929645
vt 0.70878035 0.54477704
vt 0.6992665 0.5270306
vt 0.75992185 0.5223436
vt 0.7257042 0.56805533
vt 0.75316745 0.5654881
vt 0.6925056 0.5701835
vt 0.69540936 0.5538935
vt 0.6778279 0.55668443
vt 0.76964086 0.55189073
vt 0.6851712 0.5399718
vt 0.6739563 0.5480739
vt 0.6738532 0.5520306
vt 0.6757906 0.5347944
vt 0.6899287 0.52407515
vt 0.7662553 0.5088459
vt 0.7766055 0.50082016
vt 0.7766055 0.5631459
vt 0.98230517 0.2995413
vt 0.98307616 0.3042103
vt 0.9711009 0.3040092
vt 0.97597295 0.31018156
vt 0.9876147 0.30833942
vt 0.9868181 0.31464398
vt 0.9711009 0.32522935
vt 0.9856412 0.32239068
vt 0.07292852 0.37477064
vt 0.056422018 0.36758554
vt 0.06790504 0.3689263
vt 0.05876073 0.35733944
vt 0.086089194 0.37002242
vt 0.074810736 0.36497092
vt 0.06729491 0.36403972
vt 0.09242319 0.35733944
vt 0.06975397 0.35901248
vt 0.10229358 0.35808748
vt 0.86352664 0.62942463
vt 0.8610307 0.6474491
vt 0.8490483 0.65
vt 0.8810865 0.62979084
vt 0.8434507 0.6263058
vt 0.85496384 0.61650455
vt 0.881572 0.61662966
vt 0.8337293 0.61706793
vt 0.84606606 0.6064421
vt 0.8680113 0.59479946
vt 0.83113575 0.60759544
vt 0.824186 0.61152774
vt 0.8082923 0.59304416
vt 0.81730723 0.592397
vt 0.8067799 0.60300356
vt 0.8014611 0.59554857
vt 0.79680294 0.59940386
vt 0.79587156 0.58302754
vt 0.83024025 0.5965779
vt 0.8450728 0.6063116
vt 0.8735564 0.6013425
vt 0.8826664 0.5926731
vt 0.8885321 0.6073392
vt 0.8839867 0.58302754
vt 0.29257134 0.5801002
vt 0.29132146 0.5674312
vt 0.30458277 0.5855813
vt 0.29154402 0.58695585
vt 0.28588593 0.5726923
vt 0.31055045 0.59036696
vt 0.27660552 0.59036696
vt 0.71330273 0.68394494
vt 0.72819966 0.6924841
vt 0.72166353 0.70381844
vt 0.73350203 0.7037429
vt 0.71713036 0.70413387
vt 0.7177537 0.7151376
vt 0.72624546 0.71155345
vt 0.7364309 0.692016
vt 0.7435275 0.6964415
vt 0.75 0.68394494
vt 0.4298165 0.57909334
vt 0.4243191 0.57845837
vt 0.428889 0.5744085
vt 0.41972476 0.5894495
vt 0.41972476 0.5701835
vt 0.82995015 0.9747763
vt 0.8481737 0.96991885
vt 0.8403675 0.98135895
vt 0.8591743 0.990367
vt 0.82815987 0.9646789
vt 0.821486 0.9721639
vt 0.8207649 0.977811
vt 0.80504584 0.9806748
vt 0.8166985 0.990367
vt 0.8314558 0.9875384
vt 0.9751477 0.50140923
vt 0.97108716 0.5178899
vt 0.96926606 0.512361
vt 0.9721858 0.49403656
vt 0.9802752 0.5147882
vt 0.9802752 0.49867207
vt 0.972176 0.48211008
vt 0.5361503 0.5711323
vt 0.54779464 0.56240916
vt 0.556422 0.57752293
vt 0.5439106 0.55510587
vt 0.53561527 0.55130166
vt 0.52614677 0.57752293
vt 0.5473528 0.53990823
vt 0.5351776 0.5464136
vt 0.9848624 0.0766055
vt 0.9848624 0.06559634
vt 0.9729358 0.068317115
vt 0.5041634 0.42020714
vt 0.5131469 0.39220184
vt 0.51751614 0.40934026
vt 0.5198027 0.43977702
vt 0.50412846 0.4519155
vt 0.51089305 0.47427553
vt 0.52614677 0.48061335
vt 0.51303333 0.48934436
vt 0.5041634 0.4841925
vt 0.5221299 0.50213486
vt 0.5106551 0.5050459
vt 0.504892 0.4892863
vt 0.87452275 0.5369712
vt 0.8867783 0.5560418
vt 0.86472595 0.5503393
vt 0.90292233 0.5446596
vt 0.84936243 0.5353811
vt 0.8537128 0.55168843
vt 0.90176445 0.5203561
vt 0.8922826 0.51118255
vt 0.91697246 0.5286084
vt 0.8666745 0.52510273
vt 0.8561619 0.5147538
vt 0.83990824 0.5247874
vt 0.8824819 0.512416
vt 0.91136247 0.5587073
vt 0.8943061 0.58027524
vt 0.8661812 0.56704295
vt 0.8559298 0.58027524
vt 0.8535578 0.5612426
vt 0.8577254 0.5578441
vt 0.86845344 0.55571264
vt 0.90894574 0.5749337
vt 0.8431931 0.51638126
vt 0.84367967 0.5010541
vt 0.8601853 0.49954128
vt 0.8827529 0.50514126
vt 0.91448665 0.5048909
vt 0.8983926 0.5028551
vt 0.8510215 0.5591727
vt 0.85813975 0.5556643
vt 0.8444954 0.58302754
vt 0.8511265 0.5911321
vt 0.8501302 0.5944403
vt 0.8444954 0.59770644
vt 0.8555046 0.5955108
vt 0.8353211 0.59128433
vt 0.834719 0.5885321
vt 0.8243119 0.5912844
vt 0.83990824 0.5885321
vt 0.83990824 0.60045874
vt 0.83849025 0.59406906
vt 0.8362385 0.59068996
vt 0.88944954 0.6160551
vt 0.88944954 0.61055046
vt 0.88761467 0.6145212
vt 0.13587101 0.3528545
vt 0.14879358 0.3518349
vt 0.14699009 0.35679817
vt 0.16192661 0.35466015
vt 0.13440368 0.36284405
vt 0.16003267 0.36284405
vt 0.9802752 0.5985586
vt 0.98812807 0.5838453
vt 0.9802752 0.5793578
vt 0.9885321 0.60045874
vt 0.54816514 0.5581256
vt 0.55541575 0.5505228
vt 0.55550456 0.56834865
vt 0.55550456 0.53073394
vt 0.84191906 0.3986475
vt 0.845419 0.3953008
vt 0.8463303 0.39628577
vt 0.79373395 0.43539262
vt 0.82340145 0.4027121
vt 0.8229421 0.45325792
vt 0.79000694 0.46729863
vt 0.836643 0.4199797
vt 0.77433306 0.46211147
vt 0.8417908 0.39101177
vt 0.79455394 0.41280186
vt 0.80451757 0.39550602
vt 0.8433382 0.42977977
vt 0.84223896 0.45478368
vt 0.7932078 0.3973068
vt 0.77905226 0.4096623
vt 0.77544 0.3974303
vt 0.7785008 0.4347828
vt 0.780203 0.42418993
vt 0.7906011 0.4247434
vt 0.8354843 0.46536756
vt 0.8463303 0.46689463
vt 0.82569146 0.4750523
vt 0.8059117 0.4784404
vt 0.8256764 0.38826263
vt 0.8455878 0.40584874
vt 0.7646789 0.4396277
vt 0.794488 0.38594532
vt 0.78069216 0.42520165
vt 0.8408126 0.38302755
vt 0.77096695 0.41255128
vt 0.77253455 0.42471862
vt 0.8027471 0.38637537
vt 0.9857798 0.22247708
vt 0.98635244 0.21661222
vt 0.9876147 0.21680695
vt 0.9857798 0.209633
vt 0.97304106 0.22201025
vt 0.9729358 0.2151376
vt 0.97385323 0.22258252
vt 0.9729358 0.22339451
vt 0.9798799 0.25438738
vt 0.97953016 0.25438505
vt 0.9848624 0.25091743
vt 0.98059464 0.2584604
vt 0.9794261 0.25368357
vt 0.9846028 0.2588663
vt 0.97844034 0.2539726
vt 0.9801038 0.2543292
vt 0.9797506 0.2671147
vt 0.9848624 0.26834863
vt 0.9739464 0.21287996
vt 0.97477067 0.21396363
vt 0.9729358 0.20596331
vt 0.9729358 0.21422017
vt 0.43632162 0.6538331
vt 0.41422018 0.6488689
vt 0.4312383 0.64724773
vt 0.46376148 0.64724773
vt 0.44894552 0.65446573
vt 0.44630468 0.6655963
vt 0.9830275 0.24541283
vt 0.98669726 0.23604417
vt 0.9830275 0.22706425
vt 0.6463303 0.16130054
vt 0.6524099 0.1618411
vt 0.6536697 0.15275228
vt 0.6536697 0.17935777
vt 0.53990823 0.6444954
vt 0.55536807 0.64970165
vt 0.5458518 0.6591743
vt 0.57039165 0.6444954
vt 0.56727266 0.65579593
vt 0.5761229 0.65846676
vt 0.5821101 0.64961374
vt 0.15817727 0.9200273
vt 0.1688271 0.94689226
vt 0.1499393 0.93526393
vt 0.17105217 0.92364633
vt 0.13556609 0.95614845
vt 0.12520497 0.9274498
vt 0.12783408 0.9381345
vt 0.12889543 0.9154261
vt 0.11938677 0.92031425
vt 0.114870645 0.9336831
vt 0.117118806 0.9133028
vt 0.110550456 0.9203039
vt 0.12168623 0.9431955
vt 0.114767134 0.9480707
vt 0.12382107 0.9491055
vt 0.11957606 0.9652187
vt 0.13438426 0.96651375
vt 0.1586278 0.96651375
vt 0.1738532 0.96492034
vt 0.16936418 0.91391516
vt 0.27660552 0.58302754
vt 0.27353215 0.5738532
vt 0.26651376 0.58302754
vt 0.96867126 0.24133903
vt 0.9766055 0.2720183
vt 0.9632995 0.26693267
vt 0.9766055 0.24074721
vt 0.9703693 0.22889906
vt 0.96320194 0.23022717
vt 0.95917434 0.24130833
vt 0.80682003 0.053264618
vt 0.8073125 0.059929788
vt 0.7978158 0.05902928
vt 0.79463214 0.06729859
vt 0.8294113 0.058776617
vt 0.8176242 0.062978685
vt 0.7909215 0.050000012
vt 0.843939 0.12011063
vt 0.84284264 0.11849862
vt 0.8439557 0.11814535
vt 0.84754366 0.12487811
vt 0.84247535 0.105433285
vt 0.83992577 0.119831145
vt 0.82848257 0.1054306
vt 0.81118125 0.121293366
vt 0.80075115 0.1094352
vt 0.82821584 0.1315878
vt 0.79824466 0.13447225
vt 0.7936325 0.13379079
vt 0.795542 0.112766564
vt 0.83739257 0.08995533
vt 0.8121017 0.09122795
vt 0.8180857 0.076458216
vt 0.79501873 0.07754147
vt 0.7911117 0.095844984
vt 0.8375341 0.07639849
vt 0.7987233 0.062237144
vt 0.80811477 0.0571782
vt 0.8049996 0.14329398
vt 0.83087724 0.13984483
vt 0.80573106 0.15117365
vt 0.85 0.13015652
vt 0.79283345 0.14320344
vt 0.7894495 0.15733945
vt 0.84575903 0.12212676
vt 0.7894495 0.06497818
vt 0.8610092 0.59587157
vt 0.85717624 0.5912844
vt 0.856422 0.59587157
vt 0.8472477 0.16915673
vt 0.8479752 0.1637615
vt 0.8490826 0.1682356
vt 0.8479752 0.17018348
vt 0.96022123 0.54112136
vt 0.95183486 0.5331418
vt 0.9670131 0.5370607
vt 0.9608041 0.52614677
vt 0.96512026 0.5589746
vt 0.9704367 0.555528
vt 0.9755045 0.57606006
vt 0.9703916 0.57937396
vt 0.9766055 0.5894495
vt 0.9605281 0.5673685
vt 0.9766055 0.52897894
vt 0.66284406 0.1481651
vt 0.64227986 0.15344429
vt 0.6377937 0.14890903
vt 0.633542 0.15725392
vt 0.62833446 0.14987385
vt 0.62683386 0.16124713
vt 0.63366836 0.16834861
vt 0.62545395 0.16769665
vt 0.6444584 0.160972
vt 0.6142202 0.1481651
vt 0.60978836 0.6915934
vt 0.5980362 0.6898974
vt 0.6014173 0.6809272
vt 0.6081189 0.70779467
vt 0.5866944 0.674892
vt 0.58240163 0.6867506
vt 0.59654105 0.7029118
vt 0.5736075 0.6783575
vt 0.56932104 0.67010677
vt 0.5686973 0.6871482
vt 0.55365765 0.6863241
vt 0.5410512 0.68717194
vt 0.5445323 0.66056585
vt 0.55786246 0.6607107
vt 0.5208596 0.6815934
vt 0.52773136 0.7012056
vt 0.521883 0.65183485
vt 0.5059605 0.6755515
vt 0.50721014 0.6915028
vt 0.5154292 0.70476955
vt 0.50542074 0.70111376
vt 0.5205273 0.71830624
vt 0.5115984 0.72089964
vt 0.5311224 0.7104501
vt 0.527111 0.7230222
vt 0.53604513 0.7206665
vt 0.50574523 0.7153495
vt 0.49412775 0.72920513
vt 0.49059588 0.72063303
vt 0.48184854 0.701941
vt 0.46744847 0.7302169
vt 0.49296898 0.67928
vt 0.47097823 0.6857995
vt 0.45107517 0.70958924
vt 0.44266054 0.704063
vt 0.4466939 0.7174941
vt 0.48130706 0.73623854
vt 0.60479456 0.72928554
vt 0.6114679 0.73623854
vt 0.52378964 0.13156658
vt 0.5318533 0.11606622
vt 0.5340106 0.13234705
vt 0.507477 0.11408502
vt 0.51712215 0.10705811
vt 0.5087645 0.12543207
vt 0.48476842 0.1250875
vt 0.4894402 0.106880724
vt 0.5082681 0.13431674
vt 0.49247298 0.13899082
vt 0.5211787 0.13499856
vt 0.46528298 0.11628294
vt 0.47896993 0.1357544
vt 0.51964676 0.13179123
vt 0.46323258 0.13054031
vt 0.527909 0.13817954
vt 0.53899086 0.12979734
vt 0.46009174 0.13899082
vt 0.52146155 0.1352036
vt 0.89372236 0.14315599
vt 0.89263225 0.13990825
vt 0.9004587 0.14120352
vt 0.89263225 0.14449543
vt 0.8885321 0.14341807
vt 0.8464048 0.13904226
vt 0.843578 0.14266056
vt 0.843578 0.13623852
vt 0.8472477 0.1398977
vt 0.65601003 0.6311548
vt 0.6386365 0.63522625
vt 0.65648806 0.6169725
vt 0.6731594 0.6227806
vt 0.6429965 0.6404143
vt 0.66511804 0.6485628
vt 0.65932065 0.63232034
vt 0.6408021 0.6547997
vt 0.6508225 0.65809274
vt 0.6295783 0.6746728
vt 0.639 0.6850802
vt 0.667938 0.6836039
vt 0.6229828 0.66216815
vt 0.6177342 0.6774277
vt 0.62536067 0.68818945
vt 0.6285942 0.65153605
vt 0.63421035 0.64415663
vt 0.6603756 0.6322222
vt 0.6910304 0.6712236
vt 0.69306046 0.6853773
vt 0.6976923 0.68173164
vt 0.7098483 0.67686784
vt 0.7123853 0.6913665
vt 0.6924232 0.6984866
vt 0.706851 0.6973054
vt 0.7076094 0.7063433
vt 0.6997527 0.722076
vt 0.68510413 0.7344837
vt 0.7123853 0.7412728
vt 0.6907387 0.74849886
vt 0.6673079 0.74603385
vt 0.65010685 0.7166078
vt 0.65375066 0.7399965
vt 0.6312565 0.72404814
vt 0.63819337 0.7074373
vt 0.6381375 0.74545056
vt 0.6218774 0.7266593
vt 0.65029854 0.74908257
vt 0.6650617 0.7451727
vt 0.70202684 0.656397
vt 0.6832537 0.6454855
vt 0.6939764 0.6405507
vt 0.6860023 0.6347711
vt 0.6807474 0.63914746
vt 0.64694107 0.69640744
vt 0.6289481 0.6982702
vt 0.62374115 0.70951766
vt 0.6304286 0.71298474
vt 0.616135 0.6934785
vt 0.6191648 0.70170057
vt 0.61238533 0.69861895
vt 0.62099695 0.64676017
vt 0.67983925 0.001376152
vt 0.6877639 0.0087111
vt 0.6646789 0.004074812
vt 0.69596505 0.0017210841
vt 0.6985685 0.017861307
vt 0.6891217 0.019724786
vt 0.7077982 0.001376152
vt 0.9793578 0.040825665
vt 0.9793578 0.058256865
vt 0.9848624 0.050581634
vt 0.90205914 0.28062403
vt 0.90688074 0.29220188
vt 0.8983688 0.2871945
vt 0.891516 0.28330564
vt 0.88537997 0.2877434
vt 0.9002963 0.27656525
vt 0.8781969 0.2795831
vt 0.8656334 0.2892486
vt 0.8573118 0.28195655
vt 0.85839707 0.26651376
vt 0.85297513 0.29220188
vt 0.8463303 0.2896443
vt 0.8734485 0.26766646
vt 0.86076933 0.9878549
vt 0.86699516 0.9770716
vt 0.87145656 0.98343015
vt 0.88970846 0.9721119
vt 0.8768195 0.9555046
vt 0.8868772 0.9828349
vt 0.874931 0.990367
vt 0.89635664 0.98379076
vt 0.89570534 0.990367
vt 0.90504587 0.98800385
vt 0.89079976 0.95579284
vt 0.8690215 0.9656979
vt 0.86009175 0.97627896
vt 0.7830275 0.36009175
vt 0.7879551 0.36100918
vt 0.78853214 0.36009175
vt 0.7431867 0.35000002
vt 0.7397349 0.35450232
vt 0.73073393 0.35161966
vt 0.7334248 0.3614887
vt 0.74347866 0.3683486
vt 0.744218 0.35251522
vt 0.7454251 0.35146433
vt 0.7447633 0.3565153
vt 0.74516803 0.3539368
vt 0.74633026 0.3544451
vt 0.7461567 0.35349303
vt 0.7460338 0.35161966
vt 0.7448723 0.3521207
vt 0.7455574 0.3528614
vt 0.7454029 0.35224617
vt 0.7701835 0.3738532
vt 0.7701835 0.3711009
vt 0.7720184 0.37199253
vt 0.7912844 0.36009175
vt 0.7922018 0.35879493
vt 0.7912844 0.35825688
vt 0.3939527 0.1504187
vt 0.38445336 0.16882145
vt 0.382911 0.13859642
vt 0.366502 0.14757776
vt 0.36017793 0.1652143
vt 0.36938283 0.13047838
vt 0.37283227 0.19472814
vt 0.39243114 0.18612391
vt 0.40122318 0.1631499
vt 0.39237815 0.1416114
vt 0.41488296 0.14040911
vt 0.41497904 0.16669786
vt 0.41178697 0.18225878
vt 0.45064908 0.17425841
vt 0.43142384 0.18336463
vt 0.4401557 0.16114092
vt 0.44362178 0.1936202
vt 0.4557342 0.18791282
vt 0.42980307 0.20447028
vt 0.45958567 0.15617132
vt 0.43931428 0.14689493
vt 0.42373905 0.17616701
vt 0.4614573 0.17018342
vt 0.4215486 0.14274663
vt 0.42368457 0.124311924
vt 0.4764929 0.25169963
vt 0.46178612 0.24200779
vt 0.47374168 0.23603135
vt 0.4835746 0.24243915
vt 0.34125692 0.18783534
vt 0.35023898 0.19821668
vt 0.34181067 0.20621991
vt 0.35811213 0.2164172
vt 0.3288991 0.19214219
vt 0.39677733 0.19657558
vt 0.41085342 0.22626972
vt 0.37924093 0.20798826
vt 0.37499055 0.2354083
vt 0.38469955 0.25372982
vt 0.4109234 0.24760932
vt 0.36433193 0.25733948
vt 0.35499018 0.23668069
vt 0.3556396 0.22289395
vt 0.42988256 0.25733948
vt 0.48917758 0.22555757
vt 0.48118678 0.22508436
vt 0.4828031 0.21151394
vt 0.49268246 0.21149933
vt 0.49512106 0.20062876
vt 0.4713877 0.21994549
vt 0.4690109 0.21012825
vt 0.4844249 0.19277203
vt 0.463439 0.19743556
vt 0.5054264 0.19446939
vt 0.45178953 0.21291667
vt 0.4542227 0.20066237
vt 0.45498314 0.22478127
vt 0.4210001 0.21560657
vt 0.43904057 0.2215783
vt 0.4346459 0.24526942
vt 0.5035514 0.17086089
vt 0.514903 0.13973695
vt 0.53348625 0.15045118
vt 0.46960354 0.18310422
vt 0.48338225 0.1580441
vt 0.49936602 0.14401221
vt 0.5077869 0.13760662
vt 0.4788969 0.13975233
vt 0.5118122 0.18895215
vt 0.5171938 0.1692453
vt 0.13885671 0.0104218125
vt 0.13623853 0.015156031
vt 0.14088753 0.0036115646
vt 0.14351758 0.012367547
vt 0.15801927 0.023655474
vt 0.14832011 0.006211698
vt 0.14015625 0.008295357
vt 0.15793762 0.0044774413
vt 0.14151661 0.017561376
vt 0.16717994 0.0007274151
vt 0.17147674 0.01700759
vt 0.16059427 0.010781348
vt 0.17584845 0.00045871735
vt 0.1836112 0.02617538
vt 0.1853524 0.0070280433
vt 0.19790226 0.031651378
vt 0.19495028 0.014246106
vt 0.20686537 0.019463897
vt 0.21115644 0.02837509
vt 0.20317271 0.0058693886
vt 0.2291296 0.027709186
vt 0.21541935 0.014066994
vt 0.21215212 0.0026441813
vt 0.23440367 0.00045871735
vt 0.61129904 0.10521424
vt 0.633698 0.101376176
vt 0.6169662 0.10929531
vt 0.64039373 0.10945362
vt 0.60172486 0.11028516
vt 0.60859704 0.11971325
vt 0.5976031 0.13440657
vt 0.60241497 0.14165425
vt 0.6002085 0.15442568
vt 0.59495413 0.16438198
vt 0.60391504 0.1654458
vt 0.6075812 0.15624118
vt 0.60956895 0.17391676
vt 0.61911035 0.1666218
vt 0.614615 0.18055493
vt 0.6321788 0.17931676
vt 0.6243244 0.18602717
vt 0.6238328 0.19862384
vt 0.63518614 0.19115353
vt 0.65183485 0.18501979
vt 0.6085185 0.16247094
vt 0.65183485 0.112196624
vt 0.08316865 0.469993
vt 0.09532134 0.4663986
vt 0.09455561 0.4756881
vt 0.10229358 0.45591664
vt 0.09716476 0.44497436
vt 0.07993212 0.43980944
vt 0.09316583 0.43687522
vt 0.092273265 0.43165135
vt 0.10229358 0.43193674
vt 0.06858288 0.45164156
vt 0.06413337 0.4456582
vt 0.061009176 0.4396224
vt 0.064912215 0.45711213
vt 0.6773802 0.4894495
vt 0.6824492 0.4906298
vt 0.6766055 0.49711716
vt 0.6876147 0.5048788
vt 0.6838602 0.49672425
vt 0.6766055 0.51880735
vt 0.9050583 0.8851656
vt 0.91225237 0.8635165
vt 0.91697246 0.8834498
vt 0.90389824 0.89734817
vt 0.9143447 0.9001709
vt 0.8941223 0.89249235
vt 0.88232887 0.8989309
vt 0.8738798 0.88868225
vt 0.8668823 0.8903552
vt 0.87314814 0.90229356
vt 0.86713827 0.87366223
vt 0.86304736 0.8684457
vt 0.87408215 0.85275227
vt 0.85838455 0.89130574
vt 0.86022884 0.9013032
vt 0.8261468 0.90229356
vt 0.538743 0.9114679
vt 0.5323475 0.9257535
vt 0.5259148 0.9122045
vt 0.54816514 0.9185901
vt 0.5235941 0.92501765
vt 0.5284408 0.93827343
vt 0.5407828 0.9398207
vt 0.53093165 0.9507941
vt 0.5409152 0.929422
vt 0.5429739 0.94855183
vt 0.52127296 0.9481674
vt 0.51880735 0.9611415
vt 0.5281968 0.96651375
vt 0.5391295 0.96212494
vt 0.54816514 0.96543807
vt 0.08056134 0.6555046
vt 0.08419367 0.6623164
vt 0.08072258 0.67806154
vt 0.093590595 0.6803733
vt 0.07053504 0.6767349
vt 0.07488251 0.6861729
vt 0.06646426 0.664913
vt 0.06434607 0.69414693
vt 0.08176349 0.6983651
vt 0.07058451 0.7058637
vt 0.062538244 0.7077982
vt 0.04908257 0.7062492
vt 0.11528669 0.68593836
vt 0.11833033 0.70251197
vt 0.123041525 0.66934276
vt 0.094111994 0.66654617
vt 0.14978874 0.6836944
vt 0.158864 0.6981067
vt 0.1545986 0.67159986
vt 0.18990037 0.68465614
vt 0.1931582 0.67201096
vt 0.22402999 0.6884929
vt 0.22769986 0.67366034
vt 0.20247792 0.6999303
vt 0.24330802 0.7033719
vt 0.25020748 0.68884325
vt 0.2794129 0.69911915
vt 0.2589698 0.67261934
vt 0.28407183 0.68409467
vt 0.28282285 0.66788614
vt 0.3065172 0.69443274
vt 0.3060178 0.68330634
vt 0.3042406 0.6690929
vt 0.31661874 0.6859634
vt 0.3157598 0.67266864
vt 0.3177775 0.70557606
vt 0.32188997 0.69181675
vt 0.30131906 0.7077982
vt 0.32560638 0.70371825
vt 0.3302085 0.68417865
vt 0.3233422 0.6759277
vt 0.3316514 0.6686526
vt 0.32125372 0.66528475
vt 0.9793578 0.9815759
vt 0.96363705 0.97836626
vt 0.96698964 0.9857798
vt 0.9382738 0.97477067
vt 0.9736943 0.9762261
vt 0.9190201 0.9772387
vt 0.93612266 0.9857798
vt 0.9114679 0.98104
vt 0.2897815 0.7802479
vt 0.2970368 0.7846131
vt 0.2956256 0.7915358
vt 0.305049 0.78673786
vt 0.32398492 0.80320436
vt 0.30114314 0.7775229
vt 0.3262059 0.7938979
vt 0.3402148 0.81082004
vt 0.33258078 0.8210898
vt 0.31023124 0.82630783
vt 0.29850996 0.8114506
vt 0.2745748 0.83063203
vt 0.28002006 0.80589134
vt 0.26152626 0.8242199
vt 0.27235723 0.843578
vt 0.28756148 0.8367888
vt 0.33149487 0.8347644
vt 0.33618793 0.843578
vt 0.3445583 0.835839
vt 0.34374645 0.8204762
vt 0.3635844 0.8258289
vt 0.35487208 0.80545294
vt 0.36610729 0.8098001
vt 0.36651376 0.7970109
vt 0.2637265 0.81283456
vt 0.25550458 0.814714
vt 0.7841041 0.356422
vt 0.7838171 0.35613954
vt 0.7841852 0.35556358
vt 0.7830275 0.35537612
vt 0.7876147 0.35537612
vt 0.78343177 0.35366976
vt 0.78974015 0.3591743
vt 0.78958786 0.35825688
vt 0.79036695 0.35841578
vt 0.78853214 0.35841578
vt 0.78864706 0.35915005
vt 0.7619266 0.33051157
vt 0.76740193 0.32865095
vt 0.7697504 0.3316514
vt 0.77026063 0.33054024
vt 0.77086633 0.33126688
vt 0.77022445 0.3295889
vt 0.7699522 0.33015192
vt 0.76869786 0.32629848
vt 0.7699522 0.3258562
vt 0.76292574 0.3224771
vt 0.77148044 0.32933557
vt 0.7733459 0.3277781
vt 0.7715125 0.33051157
vt 0.77045363 0.32482195
vt 0.7711419 0.33040142
vt 0.77076465 0.3232231
vt 0.7775229 0.32257104
vt 0.7619266 0.290367
vt 0.7619266 0.2876147
vt 0.7600917 0.28994834
vt 0.7701835 0.28765988
vt 0.76939726 0.2882179
vt 0.76952857 0.2876147
vt 0.76834863 0.28800416
vt 0.76952857 0.290367
vt 0.7707108 0.29153907
vt 0.770922 0.29220188
vt 0.7674312 0.29128444
vt 0.77110094 0.29128444
vt 0.8518071 0.37194455
vt 0.8525199 0.36356652
vt 0.8536697 0.37089008
vt 0.84801203 0.37353408
vt 0.8417431 0.3766055
vt 0.8452493 0.36229002
vt 0.8521887 0.35396647
vt 0.84983456 0.34724772
vt 0.8417431 0.34810817
vt 0.8215596 0.5885321
vt 0.81681776 0.57844037
vt 0.8151376 0.5885321
vt 0.6029758 0.17935777
vt 0.6039685 0.19107407
vt 0.59587157 0.1799627
vt 0.6114679 0.18231261
vt 0.59587157 0.1977064
vt 0.7719232 0.35623753
vt 0.7738532 0.35366976
vt 0.7738532 0.35825688
vt 0.77176356 0.35630667
vt 0.7701835 0.3554721
vt 0 0
vt 0 0
vt 0 0
vt 0.7720184 0.34816515
vt 0.7729257 0.34888697
vt 0.7720184 0.3518349
vt 0.7729358 0.34837782
vt 0.78669727 0.36230522
vt 0.7863647 0.3630396
vt 0.7860367 0.36256003
vt 0.7857259 0.36192662
vt 0.78533125 0.36275744
vt 0.7848524 0.3625281
vt 0.7830275 0.36230522
vt 0.78519297 0.36376143
vt 0.7857355 0.3631866
vt 0.77828276 0.35568464
vt 0.7816194 0.35366976
vt 0.7792138 0.3554113
vt 0.7803025 0.35692996
vt 0.7821101 0.36477292
vt 0.7775229 0.35905123
vt 0.7785714 0.35724866
vt 0.7775229 0.3711009
vt 0.77843857 0.356556
vt 0.7787779 0.3558215
vt 0.78119266 0.35061824
vt 0.7822647 0.35000002
vt 0.7821072 0.35078806
vt 0.78178185 0.3518349
vt 0.78394496 0.3518349
vt 0.78414214 0.3591743
vt 0.7876147 0.35733944
vt 0.7830275 0.35733944
vt 0.7789268 0.3106143
vt 0.77904576 0.30963302
vt 0.77844036 0.3105172
vt 0.77904576 0.3142202
vt 0.78119266 0.3102095
vt 0.7775229 0.16501749
vt 0.75650764 0.16651374
vt 0.76322126 0.16204506
vt 0.7676757 0.16043472
vt 0.75972396 0.1551246
vt 0.7737302 0.15633345
vt 0.7775229 0.15459192
vt 0.7545872 0.15366971
vt 0.7638686 0.2876147
vt 0.7646789 0.28763634
vt 0.76392573 0.288262
vt 0.762844 0.2883463
vt 0.7638686 0.290367
vt 0 0
vt 0 0
vt 0 0
vt 0 0
vt 0.7652046 0.29526114
vt 0.76559633 0.29495412
vt 0.76559633 0.296789
vt 0.76376146 0.2959242
vt 0.76508534 0.29128444
vt 0.7646789 0.29220188
vt 0.76651376 0.29220188
vt 0.765406 0.2940367
vt 0.76559633 0.29311925
vt 0.7646789 0.29311925
vt 0.76559633 0.2898541
vt 0.7674312 0.2895993
vt 0.7668256 0.290367
vt 0.7668256 0.2876147
vt 0.37433726 0.83784246
vt 0.36651376 0.85498255
vt 0.36709288 0.8426418
vt 0.37377468 0.8581836
vt 0.38358292 0.84582216
vt 0.38025367 0.82992125
vt 0.3932855 0.83180594
vt 0.3954492 0.8474655
vt 0.42751426 0.83252597
vt 0.4264205 0.85730624
vt 0.452033 0.8387479
vt 0.46813634 0.84394026
vt 0.45555285 0.8257569
vt 0.47156417 0.8293619
vt 0.48024493 0.841342
vt 0.4798006 0.81950235
vt 0.45798722 0.85529524
vt 0.4602768 0.8193828
vt 0.5004587 0.8220654
vt 0.49269682 0.8068807
vt 0.5004189 0.8477319
vt 0.48435512 0.86026615
vt 0.47463098 0.8610092
vt 0.49512935 0.8610092
vt 0.2602646 0.8410321
vt 0.24402063 0.840585
vt 0.25615275 0.8272373
vt 0.23346026 0.82668746
vt 0.2374253 0.8170114
vt 0.21998619 0.84266055
vt 0.20131889 0.82866174
vt 0.20998114 0.8111694
vt 0.19583696 0.8204814
vt 0.20890312 0.80146813
vt 0.22908032 0.80231464
vt 0.193274 0.81233716
vt 0.18544558 0.8232607
vt 0.19785279 0.8014862
vt 0.18102558 0.7980132
vt 0.21333489 0.7928045
vt 0.22740121 0.79352784
vt 0.24479112 0.79555184
vt 0.24723083 0.80067253
vt 0.23721865 0.7911315
vt 0.26756945 0.7979813
vt 0.26046142 0.7916651
vt 0.24004422 0.78669727
vt 0.2848624 0.79443634
vt 0.28298903 0.7880707
vt 0.28111163 0.80114615
vt 0.1721515 0.8063359
vt 0.1841443 0.78907853
vt 0.1700075 0.78669727
vt 0.1646789 0.8231598
vt 0.25338185 0.81194896
vt 0 0
vt 0 0
vt 0 0
vt 0.7660399 0.33985865
vt 0.76498353 0.34014058
vt 0.7643302 0.33973414
vt 0.7674312 0.34357798
vt 0.7646056 0.3405745
vt 0.76376146 0.34016865
vt 0.7674312 0.33807337
vt 0.76549524 0.33950043
vt 0.76468 0.33934146
vt 0.7793578 0.34997612
vt 0.7786746 0.3501612
vt 0.7775229 0.34816515
vt 0.7775229 0.35091746
vt 0.7781821 0.35001194
vt 0.86996055 0.2608493
vt 0.8696179 0.2610879
vt 0.8695627 0.26025438
vt 0.869148 0.26055753
vt 0.8663557 0.26341087
vt 0.8634925 0.25552928
vt 0.8686749 0.2596172
vt 0.8540786 0.26100272
vt 0.8711009 0.2584203
vt 0.8490826 0.25183487
vt 0.8490826 0.26559633
vt 0.88739944 0.90723896
vt 0.8965727 0.903211
vt 0.896789 0.91386974
vt 0.89094067 0.92435706
vt 0.8785698 0.915097
vt 0.85981905 0.90467864
vt 0.8616613 0.9177546
vt 0.8420676 0.9133972
vt 0.8683985 0.92513007
vt 0.8485169 0.92524785
vt 0.8452615 0.9300769
vt 0.8592618 0.93757915
vt 0.8430441 0.94561946
vt 0.87894547 0.9275688
vt 0.87507075 0.9524182
vt 0.8473992 0.96099675
vt 0.8665122 0.9646789
vt 0.83715594 0.903211
vt 0.14708918 0.8589038
vt 0.15650873 0.8697959
vt 0.13858065 0.8666404
vt 0.17813241 0.85183483
vt 0.13593635 0.8767246
vt 0.12573372 0.85632455
vt 0.1253062 0.8624748
vt 0.1807163 0.85654485
vt 0.17539099 0.86884004
vt 0.17563798 0.857872
vt 0.161688 0.8897053
vt 0.14165513 0.8883058
vt 0.13184568 0.8900191
vt 0.18315995 0.89293444
vt 0.1764829 0.89843285
vt 0.14639299 0.90044224
vt 0.116972476 0.9087156
vt 0.18672296 0.87524575
vt 0.19024184 0.85799384
vt 0.19199298 0.8800427
vt 0.19124 0.9067713
vt 0.19812714 0.8582062
vt 0.17824623 0.9087156
vt 0.19862385 0.8692292
vt 0.1967476 0.8952325
vt 0.1593209 0.89527273
vt 0.55354315 0.18777376
vt 0.5521811 0.174366
vt 0.56009173 0.19495416
vt 0.548415 0.1592573
vt 0.5465906 0.17775512
vt 0.53990823 0.14598435
vt 0.5500673 0.13027811
vt 0.5494691 0.1430648
vt 0.5405424 0.12893236
vt 0.54352015 0.12086797
vt 0.56009173 0.106880724
vt 0.14357798 0.9977064
vt 0.13175677 0.9949541
vt 0.12247706 0.9977064
vt 0.61055046 0.12886155
vt 0.6160551 0.1344037
vt 0.6160551 0.11605507
vt 0.7750927 0.35598457
vt 0.7747706 0.35598028
vt 0.7766055 0.3518349
vt 0.7750241 0.3567736
vt 0.7766055 0.35825688
vt 0.7738532 0.35000002
vt 0.7766055 0.35000002
vt 0.7763165 0.34816515
vt 0.7559351 0.32522935
vt 0.7561724 0.32588124
vt 0.7545872 0.3288991
vt 0.75598073 0.32654667
vt 0.7571517 0.3253656
vt 0.762844 0.3288991
vt 0.7674312 0.35091752
vt 0.76640904 0.3518349
vt 0.76559633 0.35091746
vt 0.18119267 0.7801351
vt 0.18394496 0.7821101
vt 0.18394496 0.7766055
vt 0.11195226 0.9915128
vt 0.12375601 0.9911713
vt 0.11173742 0.9977064
vt 0.12981652 0.9924508
vt 0.09862386 0.9977064
vt 0.10396909 0.9857798
vt 0.12336941 0.98647976
vt 0.12718223 0.9904634
vt 0.12786196 0.98800564
vt 0.19036697 0.7845012
vt 0.18669724 0.77844036
vt 0.18669724 0.7848624
vt 0.74413276 0.3326956
vt 0.7441507 0.3334862
vt 0.7399083 0.33256876
vt 0.7444954 0.33256876
vt 0.7664867 0.35366976
vt 0.7674312 0.352897
vt 0.76669115 0.35275233
vt 0.76559633 0.352897
vt 0.5131081 0.9995413
vt 0.5178899 0.988295
vt 0.5026293 0.9918939
vt 0.5010168 0.97954637
vt 0.51447123 0.9766055
vt 0.49123177 0.9908942
vt 0.49036697 0.9766055
vt 0.76559633 0.3545872
vt 0.7658752 0.35550457
vt 0.7674312 0.35550457
vt 0.08195594 0.96675205
vt 0.089764394 0.9560943
vt 0.106812194 0.9687514
vt 0.07854201 0.9524415
vt 0.10176217 0.9426256
vt 0.08879039 0.9327969
vt 0.11238532 0.95182186
vt 0.11212438 0.9377862
vt 0.08142952 0.93369716
vt 0.07410193 0.9325688
vt 0.071477205 0.9511088
vt 0.06559633 0.9652288
vt 0.06559633 0.9340617
vt 0.0758774 0.97477067
vt 0.1746836 0.76926607
vt 0.17293578 0.7720184
vt 0.17568807 0.76926607
vt 0.67366076 0.4720615
vt 0.66464067 0.45735908
vt 0.68456054 0.46004367
vt 0.6546993 0.46203446
vt 0.6857798 0.47076064
vt 0.6644233 0.47958326
vt 0.6438567 0.45298135
vt 0.65400654 0.45
vt 0.65304893 0.48005867
vt 0.6702697 0.512534
vt 0.651775 0.5012883
vt 0.65058726 0.5056038
vt 0.64738756 0.5348557
vt 0.66680676 0.54422504
vt 0.64155024 0.5147155
vt 0.6326527 0.53071576
vt 0.646651 0.48814338
vt 0.6319446 0.5521996
vt 0.64543205 0.55997145
vt 0.6596971 0.56333
vt 0.6369214 0.56233096
vt 0.6518876 0.56968147
vt 0.63898015 0.5717897
vt 0.6689538 0.5687748
vt 0.6586865 0.5795679
vt 0.6733922 0.5789126
vt 0.6681856 0.5914556
vt 0.6857798 0.58602655
vt 0.6703239 0.61972475
vt 0.64739656 0.5767158
vt 0.61978203 0.56480044
vt 0.61972475 0.57323056
vt 0.63123107 0.58382523
vt 0.63794863 0.58801425
vt 0.6800727 0.5667202
vt 0.103211015 0.79785705
vt 0.10321101 0.7799822
vt 0.10554113 0.7793578
vt 0.11028487 0.7910195
vt 0.107102655 0.78126156
vt 0.110779926 0.7995413
vt 0.11759606 0.79559124
vt 0.12018777 0.77936834
vt 0.12247706 0.7864356
vt 0.107247844 0.7793928
vt 0.17568807 0.7729358
vt 0.17568807 0.77844036
vt 0.17752294 0.77569616
vt 0.1646789 0.7870637
vt 0.16743119 0.80412847
vt 0.16743119 0.78577983
vt 0.56174535 0.40675473
vt 0.5589516 0.4178319
vt 0.5527523 0.4059633
vt 0.5690033 0.4084115
vt 0.56632537 0.4192599
vt 0.5773838 0.40789545
vt 0.573442 0.41972476
vt 0.5986239 0.4059633
vt 0.34111595 0.67088985
vt 0.3410372 0.6826879
vt 0.3474027 0.66942185
vt 0.35072178 0.6827166
vt 0.34082568 0.66284406
vt 0.34124014 0.690367
vt 0.36100918 0.6731659
vt 0.35288826 0.690367
vt 0.6215596 0.61180395
vt 0.6135656 0.6256944
vt 0.60988814 0.6021816
vt 0.616977 0.5712149
vt 0.607666 0.5666325
vt 0.6184109 0.59214175
vt 0.6183623 0.5489284
vt 0.6068807 0.54266053
vt 0.62056184 0.6244441
vt 0.6150238 0.64724773
vt 0.6068807 0.63844013
vt 0.521491 0.5310942
vt 0.5138946 0.5432222
vt 0.50688076 0.53336906
vt 0.51652175 0.5512782
vt 0.5325688 0.54306763
vt 0.5245027 0.5206376
vt 0.5325688 0.51868755
vt 0.52390623 0.507812
vt 0.5318139 0.48211008
vt 0.51484245 0.51161087
vt 0.5267974 0.556422
vt 0.537156 0.52987945
vt 0.54266053 0.5197248
vt 0.54266053 0.53990823
vt 0.027155966 0.35303694
vt 0.010160237 0.34643137
vt 0.0308514 0.3389672
vt 0.015935292 0.3273446
vt 0.088208 0.34747708
vt 0.070315726 0.33346725
vt 0.062228493 0.30391407
vt 0.10878555 0.3332888
vt 0.15983298 0.34438282
vt 0.09685962 0.31996846
vt 0.13230461 0.3127458
vt 0.14748712 0.32161725
vt 0.12712626 0.29957068
vt 0.16276534 0.29492998
vt 0.094782025 0.29825997
vt 0.1311714 0.28133494
vt 0.112492725 0.26560277
vt 0.15827362 0.2844631
vt 0.16229506 0.26196158
vt 0.14103454 0.25386226
vt 0.18781298 0.27575946
vt 0.18123268 0.25220442
vt 0.18973741 0.2980178
vt 0.2229415 0.27429348
vt 0.2219216 0.2526613
vt 0.22680162 0.2914151
vt 0.21576448 0.3099429
vt 0.2503996 0.2659514
vt 0.26091608 0.28660142
vt 0.2755405 0.25781292
vt 0.23856279 0.29938108
vt 0.27222753 0.3021958
vt 0.2406399 0.31248033
vt 0.2091056 0.33234417
vt 0.26641512 0.32152832
vt 0.2822832 0.31632948
vt 0.23364455 0.33294618
vt 0.24877936 0.3411442
vt 0.21147956 0.3445263
vt 0.2692145 0.34609085
vt 0.2803798 0.33016074
vt 0.2790414 0.34375286
vt 0.2755936 0.35733944
vt 0.28745922 0.35547364
vt 0.28568068 0.34723973
vt 0.28204072 0.3371309
vt 0.28974274 0.31096113
vt 0.29361942 0.29000133
vt 0.30602852 0.28929538
vt 0.30846366 0.26028877
vt 0.31582618 0.2650864
vt 0.2973129 0.2500527
vt 0.3077228 0.23663086
vt 0.29088187 0.22889125
vt 0.26493138 0.23561203
vt 0.3005593 0.23835611
vt 0.2816931 0.2159496
vt 0.26162684 0.2104891
vt 0.2421413 0.20182365
vt 0.26292503 0.18635774
vt 0.29663822 0.20366973
vt 0.28933176 0.16334099
vt 0.29185367 0.22209346
vt 0.297963 0.22006327
vt 0.31637383 0.21389854
vt 0.3032149 0.21385467
vt 0.3158941 0.19143867
vt 0.30764514 0.2205205
vt 0.32119438 0.22516745
vt 0.3209604 0.23955727
vt 0.32405695 0.21496159
vt 0.32418925 0.20332474
vt 0.32965574 0.17164546
vt 0.324189 0.16167021
vt 0.33518183 0.14551377
vt 0.31884375 0.14106125
vt 0.33829084 0.12912065
vt 0.3104885 0.114877224
vt 0.2922721 0.13317156
vt 0.3458624 0.11382681
vt 0.33800954 0.10758406
vt 0.3218428 0.109327614
vt 0.31072444 0.10169387
vt 0.2998408 0.09005338
vt 0.285777 0.103385806
vt 0.2701269 0.11453855
vt 0.2750335 0.08263034
vt 0.25474337 0.094999254
vt 0.29159588 0.056803703
vt 0.26181617 0.046187878
vt 0.2305971 0.07084894
vt 0.2646384 0.02553308
vt 0.29910195 0.02198261
vt 0.24181972 0.040643215
vt 0.22587258 0.03164071
vt 0.22001897 0.042771876
vt 0.18908565 0.054361284
vt 0.1962656 0.03691888
vt 0.16141301 0.05033332
vt 0.17356881 0.07363659
vt 0.15592356 0.03536117
vt 0.12634102 0.042547643
vt 0.13433054 0.05210322
vt 0.12144445 0.036358833
vt 0.11009234 0.042571902
vt 0.1122163 0.04978746
vt 0.108388714 0.052268088
vt 0.11902673 0.0586344
vt 0.095023476 0.067687035
vt 0.10106396 0.053619504
vt 0.12620369 0.083569765
vt 0.14054763 0.074350595
vt 0.124718666 0.1040144
vt 0.081003055 0.091181695
vt 0.15186143 0.09460664
vt 0.18289699 0.11840081
vt 0.15917198 0.12725866
vt 0.18180256 0.09575266
vt 0.2208517 0.117913485
vt 0.23222934 0.14699584
vt 0.22412811 0.09423864
vt 0.19545792 0.07941824
vt 0.25734612 0.12990177
vt 0.25274912 0.14177668
vt 0.14224671 0.06304532
vt 0.15366028 0.0595541
vt 0.257041 0.16886348
vt 0.22109286 0.16224802
vt 0.19487578 0.14903468
vt 0.2165665 0.19108528
vt 0.20472158 0.21457529
vt 0.17330058 0.210114
vt 0.15200071 0.15715998
vt 0.12673035 0.20660251
vt 0.1278777 0.1272611
vt 0.09601121 0.13861197
vt 0.054703172 0.1132164
vt 0.0672303 0.14864749
vt 0.042932194 0.08048135
vt 0.026159331 0.094757974
vt 0.05325267 0.0608508
vt 0.024338892 0.058342338
vt 0.06851269 0.05811572
vt 0.06656802 0.044322968
vt 0.07185763 0.051250577
vt 0.091249056 0.056580245
vt 0.042385533 0.03749162
vt 0.02357469 0.042629063
vt 0.019138519 0.03429562
vt 0.014718681 0.0416649
vt 0.013129088 0.059928596
vt 0.01911979 0.10057378
vt 0.026202131 0.13245845
vt 0.040964935 0.12597483
vt 0.029049024 0.15989113
vt 0.034578767 0.14754862
vt 0.03959855 0.18191022
vt 0.026885435 0.17322505
vt 0.0416303 0.21945798
vt 0.025169032 0.22025734
vt 0.057256185 0.18733346
vt 0.047424123 0.16087145
vt 0.059005596 0.23009533
vt 0.039997775 0.27701867
vt 0.08120141 0.17879796
vt 0.08786457 0.21840286
vt 0.08291471 0.2606688
vt 0.017125994 0.30179918
vt 0.025673313 0.25747514
vt 0.034654956 0.23527431
vt 0.16085257 0.2409302
vt 0.16570432 0.2524091
vt 0.17104058 0.24565428
vt 0.19951254 0.24178988
vt 0.30247948 0.010282695
vt 0.31233546 0.04055947
vt 0.33261514 0.012871742
vt 0.3275548 0.050769746
vt 0.35965285 0.036675155
vt 0.39792338 0.018693805
vt 0.3462626 0.046881974
vt 0.36366037 0.049022138
vt 0.35404426 0.06845969
vt 0.3833572 0.04442829
vt 0.36914313 0.05915886
vt 0.38548177 0.036108136
vt 0.37561288 0.00045871735
vt 0.4068962 0.0019129515
vt 0.42247707 0.0059262514
vt 0.29880583 0.23222172
vt 0.17503914 0.3357767
vt 0.1848551 0.32006657
vt 0.0014795618 0.35733944
vt 0.016369324 0.12202692
vt 0.011351266 0.3195508
vt 0.004717545 0.33256304
vt 0.0004587156 0.31645226
vt 0.3028736 0.22154939
vt 0.25689915 0.35595274
vt 0.22414137 0.3566295
vt 0.19457352 0.7858429
vt 0.19770642 0.78577983
vt 0.19639385 0.7912844
vt 0.18394496 0.78577983
vt 0.7752829 0.19128442
vt 0.7775229 0.18944955
vt 0.7738532 0.18944955
vt 0.7568105 0.18666875
vt 0.7574729 0.18437022
vt 0.76376146 0.18761468
vt 0.76376146 0.1802752
vt 0.7555046 0.186414
vt 0.77844036 0.209633
vt 0.7793578 0.20695198
vt 0.77844036 0.20596331
vt 0.77844036 0.19703603
vt 0.7796896 0.19747794
vt 0.7802752 0.19954127
vt 0.7802752 0.19403672
vt 0.59662664 0.9522216
vt 0.599313 0.9257208
vt 0.6087156 0.9438994
vt 0.6069108 0.9255062
vt 0.5955824 0.9106421
vt 0.5878287 0.9155179
vt 0.5795695 0.90412843
vt 0.56655747 0.9080005
vt 0.60314155 0.95852184
vt 0.59043515 0.9646789
vt 0.58070797 0.9598485
vt 0.5630455 0.9646789
vt 0.5622261 0.9540619
vt 0.54816514 0.94445294
vt 0.5552743 0.9437015
vt 0.5570608 0.9279503
vt 0.56965905 0.91488415
vt 0.5527322 0.9166441
vt 0.19587615 0.9926345
vt 0.20639491 0.9909284
vt 0.20688073 0.99862385
vt 0.19905156 0.98405236
vt 0.18184178 0.9976678
vt 0.18327169 0.9877587
vt 0.17018348 0.99862385
vt 0.20146373 0.9736811
vt 0.18857971 0.97720295
vt 0.19236694 0.9648313
vt 0.18201426 0.97148705
vt 0.17870346 0.9619266
vt 0.1768498 0.98478645
vt 0.7471424 0.16017741
vt 0.75183487 0.15642202
vt 0.75183487 0.16926605
vt 0.7455106 0.15970707
vt 0.7454128 0.16069949
vt 0.7619266 0.17707038
vt 0.76039493 0.17935777
vt 0.75091743 0.17385322
vt 0.7615925 0.17385322
vt 0.78394496 0.19492084
vt 0.78119266 0.19403672
vt 0.78119266 0.19862384
vt 0.79886556 0.21388012
vt 0.7995413 0.2138747
vt 0.79862386 0.21055043
vt 0.79862386 0.2151376
vt 0.7775229 0.21676058
vt 0.7793578 0.21697247
vt 0.7793578 0.21422017
vt 0.77110094 0.21605504
vt 0.7720184 0.21480125
vt 0.77110094 0.21330273
vt 0.6315495 0.0069446564
vt 0.63661724 0.013738215
vt 0.6212896 0.008324504
vt 0.62676847 0.019091249
vt 0.643578 0.020642161
vt 0.61221707 0.0167166
vt 0.60767365 0.019849956
vt 0.6099109 0.001376152
vt 0.60367525 0.014705539
vt 0.60405546 0.0023736954
vt 0.59495413 0.020642221
vt 0.31789994 0.58796626
vt 0.31330276 0.5674312
vt 0.32938495 0.58868384
vt 0.3363549 0.6065808
vt 0.3541827 0.6110521
vt 0.3592716 0.6243119
vt 0.36936572 0.6225214
vt 0.36541122 0.6031961
vt 0.37432748 0.6135672
vt 0.37812227 0.60284024
vt 0.38448676 0.623408
vt 0.3844579 0.6115248
vt 0.39500922 0.61420965
vt 0.39227754 0.6051521
vt 0.39643225 0.60068053
vt 0.40073854 0.5946535
vt 0.39228663 0.59105754
vt 0.40770638 0.6003845
vt 0.39864746 0.62214464
vt 0.40853557 0.5897652
vt 0.40381476 0.5862578
vt 0.39856446 0.5855833
vt 0.40766767 0.58353114
vt 0.41021332 0.5771065
vt 0.41464725 0.5794265
vt 0.41513762 0.5674312
vt 0.4007005 0.5766674
vt 0.71851814 0.904369
vt 0.7212606 0.91045415
vt 0.7087156 0.9114679
vt 0.7157163 0.89015096
vt 0.729956 0.88749826
vt 0.7458417 0.90820736
vt 0.7434503 0.895233
vt 0.7428553 0.87227666
vt 0.7112089 0.87398356
vt 0.73771405 0.86582494
vt 0.75737506 0.8890685
vt 0.76244605 0.87591136
vt 0.76999825 0.89364564
vt 0.7774013 0.87815136
vt 0.7678072 0.9114679
vt 0.76281637 0.86733776
vt 0.7488684 0.8597882
vt 0.7599342 0.8478805
vt 0.7744746 0.85718393
vt 0.7775229 0.87182045
vt 0.7733487 0.8444954
vt 0.87721294 0.25649726
vt 0.8688889 0.25448442
vt 0.87868464 0.24791944
vt 0.87004644 0.24465084
vt 0.8785555 0.23770976
vt 0.8868579 0.26078534
vt 0.8796554 0.2662391
vt 0.8998756 0.27030516
vt 0.88259214 0.23892039
vt 0.89472175 0.22372925
vt 0.8766868 0.2234199
vt 0.88564396 0.2103554
vt 0.8967281 0.20396584
vt 0.9132626 0.21141535
vt 0.87791747 0.20990121
vt 0.91422015 0.24068463
vt 0.90912575 0.2591856
vt 0.91422015 0.27568805
vt 0.8866543 0.2004587
vt 0.9093338 0.20150805
vt 0.87034255 0.235412
vt 0.8588546 0.2453525
vt 0.8389908 0.23120898
vt 0.40760568 0.9508468
vt 0.38592926 0.9505353
vt 0.3986573 0.94174314
vt 0.3935272 0.9711009
vt 0.4353211 0.9711009
vt 0.38302752 0.9690864
vt 0.05170787 0.9830391
vt 0.048775952 0.9729358
vt 0.042664096 0.98030627
vt 0.039908256 0.990367
vt 0.053669725 0.990367
vt 0.30681232 0.730583
vt 0.29851663 0.731856
vt 0.2993191 0.70931584
vt 0.30962187 0.75788516
vt 0.28373727 0.70902294
vt 0.28209224 0.73138916
vt 0.26989523 0.70688075
vt 0.2928682 0.75201076
vt 0.30223197 0.75497276
vt 0.27732623 0.75606465
vt 0.26378962 0.7402582
vt 0.2675453 0.72886604
vt 0.26137203 0.72448593
vt 0.2527523 0.739188
vt 0.29207194 0.7652889
vt 0.28355765 0.7639404
vt 0.30036104 0.76524127
vt 0.29359585 0.7748262
vt 0.3073875 0.7693445
vt 0.28100562 0.770788
vt 0.28182173 0.7793578
vt 0.26412207 0.7657278
vt 0.274397 0.77337795
vt 0.2568065 0.77065563
vt 0.2553229 0.7633225
vt 0.3068375 0.7769984
vt 0.3157642 0.7742623
vt 0.31652096 0.7639552
vt 0.3316853 0.7666825
vt 0.31526583 0.75352186
vt 0.3441912 0.7793578
vt 0.36926606 0.77880174
vt 0.960208 0.26186645
vt 0.95226157 0.27783704
vt 0.94596475 0.25668204
vt 0.94248056 0.29677153
vt 0.96171796 0.2838657
vt 0.9619266 0.30175763
vt 0.9468562 0.30993122
vt 0.9595877 0.3114679
vt 0.9302571 0.28667176
vt 0.9151376 0.2622615
vt 0.93056923 0.26465058
vt 0.9325273 0.24916375
vt 0.9236529 0.24975467
vt 0.918362 0.24908257
vt 0.9151376 0.28946722
vt 0.10086193 0.86904955
vt 0.088703215 0.87404794
vt 0.09111147 0.85964364
vt 0.09173325 0.8382303
vt 0.103090554 0.8518087
vt 0.11082037 0.8605965
vt 0.11568881 0.8521948
vt 0.124311924 0.85956866
vt 0.100726075 0.8766497
vt 0.079357795 0.88669723
vt 0.08182391 0.87796235
vt 0.10168484 0.8303995
vt 0.08923287 0.82116324
vt 0.0793578 0.81147397
vt 0.08720461 0.8053612
vt 0.09161969 0.81242996
vt 0.090818025 0.79862386
vt 0.09931486 0.8035297
vt 0.09520369 0.80561674
vt 0.097600505 0.8090781
vt 0.10534066 0.813458
vt 0.10903798 0.8045793
vt 0.5389791 0.21972477
vt 0.54082566 0.209633
vt 0.5316514 0.209633
vt 0.4848624 0.24082565
vt 0.4848624 0.2527523
vt 0.4885321 0.24893916
vt 0.4736859 0.2555046
vt 0.4674312 0.2582569
vt 0.47568807 0.2582569
vt 0.5183542 0.23868728
vt 0.52034724 0.23990828
vt 0.5202426 0.23738927
vt 0.5169725 0.23411202
vt 0.5169725 0.22247708
vt 0.5239238 0.23799849
vt 0.52522933 0.22623992
vt 0.1042115 0.9767028
vt 0.12694441 0.9674312
vt 0.115847595 0.97741175
vt 0.11054163 0.9815247
vt 0.1325688 0.9821101
vt 0.095967226 0.9821101
vt 0.090366974 0.97477615
vt 0.33440366 0.16186827
vt 0.34559974 0.16084933
vt 0.34405926 0.16987294
vt 0.34507373 0.15353078
vt 0.3494846 0.17935777
vt 0.35506415 0.15937841
vt 0.34790906 0.1531542
vt 0.36100918 0.17603755
vt 0.34698287 0.14707041
vt 0.33828324 0.14387006
vt 0.36100918 0.14600354
vt 0.35295874 0.13593721
vt 0.3383171 0.13982761
vt 0.34359685 0.12798166
vt 0.11232486 0.86284405
vt 0.11657931 0.8637916
vt 0.112294085 0.87302405
vt 0.12103794 0.86366796
vt 0.11504587 0.88486236
vt 0.1233945 0.87506926
vt 0.10963305 0.87833935
vt 0.10963303 0.8667447
vt 0.05248111 0.81064266
vt 0.05082801 0.816803
vt 0.040825687 0.81158066
vt 0.062178656 0.81880736
vt 0.06242155 0.8090048
vt 0.06926662 0.8068807
vt 0.074651405 0.8160319
vt 0.08211009 0.81880736
vt 0.18394496 0.4977064
vt 0.1950495 0.505844
vt 0.18854827 0.5124752
vt 0.19652957 0.5022939
vt 0.19984421 0.51168007
vt 0.19048674 0.53044105
vt 0.21028824 0.5248603
vt 0.20691836 0.5410519
vt 0.19117826 0.5507893
vt 0.21880734 0.52853787
vt 0.20150167 0.56100917
vt 0.18394497 0.5411483
vt 0.2170165 0.55433065
vt 0.20602833 0.5091576
vt 0.1971908 0.50799
vt 0.19129911 0.5069125
vt 0.38244334 0.9820725
vt 0.3738532 0.986889
vt 0.38002527 0.9742364
vt 0.37431183 0.9995413
vt 0.39205697 0.97201836
vt 0.39533848 0.9804258
vt 0.40386507 0.9771828
vt 0.4064631 0.9896034
vt 0.40965697 0.9840818
vt 0.4123853 0.9995413
vt 0.82798165 0.3793578
vt 0.82522935 0.38088334
vt 0.82798165 0.38486242
vt 0.83348626 0.37477064
vt 0.83348626 0.37844038
vt 0.8353211 0.37707812
vt 0.81455225 0.37329245
vt 0.8131634 0.3737656
vt 0.8131936 0.37296712
vt 0.81260866 0.37335038
vt 0.8115627 0.37434006
vt 0.8099149 0.3711816
vt 0.7935244 0.36284405
vt 0.7938684 0.374228
vt 0.8261468 0.37830114
vt 0.8096754 0.37844038
vt 0.8146297 0.3734585
vt 0.7738532 0.37830114
vt 0.78294545 0.3736121
vt 0.84541285 0.3799382
vt 0.8604483 0.37815696
vt 0.8473393 0.39071405
vt 0.8725835 0.3911988
vt 0.8773016 0.37752295
vt 0.86460596 0.41546428
vt 0.87513936 0.40595305
vt 0.85362935 0.42537075
vt 0.86681587 0.44464326
vt 0.8773415 0.43279552
vt 0.8568156 0.46511626
vt 0.86936116 0.4663241
vt 0.87830323 0.4549179
vt 0.8503576 0.4732126
vt 0.86557275 0.4755764
vt 0.8766105 0.47089285
vt 0.84541285 0.48734707
vt 0.866832 0.4889741
vt 0.88060856 0.4793824
vt 0.85102886 0.4922018
vt 0.88322985 0.48779893
vt 0.88669723 0.464324
vt 0.8844512 0.41523612
vt 0.88501585 0.38715553
vt 0.94708925 0.03884083
vt 0.9711009 0.02563721
vt 0.96779794 0.05761063
vt 0.9521845 0.021559656
vt 0.94898826 0.058273256
vt 0.95249796 0.06596637
vt 0.941512 0.024236858
vt 0.9391845 0.030099213
vt 0.9437633 0.04654044
vt 0.9412819 0.060366154
vt 0.9400779 0.044903874
vt 0.9711009 0.07071984
vt 0.93440366 0.06088364
vt 0.9411004 0.07144356
vt 0.9545376 0.08211011
vt 0.6444954 0.26275015
vt 0.63990825 0.26651376
vt 0.63990825 0.25733948
vt 0.64908254 0.24927223
vt 0.64541286 0.2582569
vt 0.64541286 0.2472477
vt 0.13855588 0.85275227
vt 0.12640497 0.83875275
vt 0.1513176 0.8440478
vt 0.14387202 0.83125675
vt 0.1548417 0.8508417
vt 0.17055547 0.8438903
vt 0.17196095 0.83817005
vt 0.16831027 0.85043824
vt 0.17775868 0.8504693
vt 0.1812548 0.84422815
vt 0.18853007 0.8404671
vt 0.20226602 0.8481366
vt 0.17653044 0.838392
vt 0.21191333 0.8439122
vt 0.22614679 0.8487406
vt 0.16006461 0.8324991
vt 0.14588766 0.8172269
vt 0.12340053 0.80648583
vt 0.1554214 0.8141512
vt 0.1479749 0.8052218
vt 0.16063966 0.7949541
vt 0.13132258 0.79511786
vt 0.12021943 0.7949541
vt 0.11502951 0.8210742
vt 0.1209553 0.82007986
vt 0.11238532 0.83637744
vt 0.4268334 0.83073395
vt 0.4299087 0.8157098
vt 0.43623853 0.8270157
vt 0.4154706 0.81330276
vt 0.40137616 0.83073395
vt 0.9325688 0.9876147
vt 0.957338 0.9879726
vt 0.9466015 0.9913589
vt 0.96304035 0.9954721
vt 0.9674312 0.9876147
vt 0.9382396 0.9995413
vt 0.73165137 0.8411871
vt 0.7467917 0.8420494
vt 0.7393637 0.8512369
vt 0.7374292 0.8238367
vt 0.7554113 0.8468778
vt 0.7572867 0.8304134
vt 0.77196187 0.84249663
vt 0.7791903 0.8343298
vt 0.7656338 0.8135754
vt 0.78627366 0.843534
vt 0.7870055 0.8338768
vt 0.7881291 0.81613165
vt 0.7915028 0.836676
vt 0.8007646 0.83474123
vt 0.7994928 0.79595196
vt 0.80384445 0.8555046
vt 0.8165151 0.81993914
vt 0.8215596 0.8445744
vt 0.8215596 0.7720184
vt 0.7881345 0.78486055
vt 0.78087234 0.8027332
vt 0.7739072 0.7962742
vt 0.76128036 0.7996028
vt 0.7514087 0.8054068
vt 0.75052685 0.81446004
vt 0.7369928 0.8074837
vt 0.7337974 0.81584305
vt 0.5170867 0.916055
vt 0.5197248 0.9359829
vt 0.50915927 0.93548614
vt 0.48260874 0.91973764
vt 0.47523522 0.9380734
vt 0.44633213 0.92786294
vt 0.4352377 0.936095
vt 0.45329762 0.918624
vt 0.43739897 0.916055
vt 0.42732182 0.9193488
vt 0.4277275 0.93702614
vt 0.4123853 0.93000984
vt 0.9619657 0.45739985
vt 0.9701835 0.45091742
vt 0.967009 0.45905375
vt 0.95579714 0.4679256
vt 0.9644024 0.46897662
vt 0.95183486 0.47749233
vt 0.9557959 0.4984008
vt 0.9701835 0.4952954
vt 0.96181214 0.50902426
vt 0.9598432 0.52522933
vt 0.5296236 0.17575383
vt 0.524984 0.17811179
vt 0.52866083 0.17384696
vt 0.54541284 0.19220185
vt 0.52483296 0.18905264
vt 0.5335572 0.17728496
vt 0.5333172 0.17201835
vt 0.5151376 0.1922018
vt 0.7606789 0.41395116
vt 0.7650876 0.4059633
vt 0.7674312 0.4144647
vt 0.75671965 0.41285408
vt 0.7674312 0.43715596
vt 0.7555046 0.42316115
vt 0.29441136 0.9020608
vt 0.29371157 0.89478534
vt 0.30325118 0.8982247
vt 0.30238104 0.89250445
vt 0.299819 0.89151657
vt 0.31595796 0.89307886
vt 0.3131274 0.8968447
vt 0.30543903 0.8793084
vt 0.32190734 0.8712487
vt 0.33541092 0.88724893
vt 0.30175835 0.8676963
vt 0.3144238 0.8523193
vt 0.29554436 0.87261444
vt 0.29387596 0.8706811
vt 0.29165363 0.8690308
vt 0.29449525 0.8728371
vt 0.29334828 0.8723661
vt 0.29329276 0.87209225
vt 0.29205096 0.85432804
vt 0.2778055 0.8574661
vt 0.2936314 0.8389961
vt 0.27660552 0.8488355
vt 0.31188303 0.8389908
vt 0.33194044 0.84880435
vt 0.34465495 0.8583258
vt 0.35 0.842957
vt 0.34444335 0.87403303
vt 0.35 0.9029567
vt 0.3274262 0.90688074
vt 0.284195 0.88702154
vt 0.6043308 0.5766517
vt 0.60045874 0.57776123
vt 0.6068807 0.57443386
vt 0.60045874 0.56834865
vt 0.6036218 0.57720715
vt 0.60632443 0.5793578
vt 0.6035788 0.57818943
vt 0.6035801 0.5992987
vt 0.6034118 0.59634924
vt 0.6039211 0.5967954
vt 0.6027054 0.59597135
vt 0.6041284 0.59311926
vt 0.6000394 0.5972681
vt 0.59357595 0.59311926
vt 0.5912844 0.60195094
vt 0.591656 0.6041284
vt 0.8865752 0.67047024
vt 0.8690704 0.6827581
vt 0.8637615 0.6695704
vt 0.8813393 0.6897152
vt 0.8822088 0.6633786
vt 0.89771885 0.66301036
vt 0.877224 0.6577372
vt 0.9048428 0.6715292
vt 0.90615803 0.6773938
vt 0.9138502 0.66753185
vt 0.91697246 0.6527523
vt 0.89495695 0.68201107
vt 0.9033115 0.6902358
vt 0.8908392 0.7096367
vt 0.87017846 0.7106928
vt 0.8787054 0.72263664
vt 0.86593825 0.72244954
vt 0.8919014 0.7290216
vt 0.90675217 0.70392483
vt 0.8985001 0.7108496
vt 0.9128321 0.7019576
vt 0.9126494 0.7300255
vt 0.9151197 0.68819165
vt 0.90519494 0.7294618
vt 0.8976542 0.7545872
vt 0.91697246 0.7467617
vt 0.8824128 0.65473896
vt 0.6906408 0.5889496
vt 0.6881419 0.58577985
vt 0.6905217 0.5877186
vt 0.691167 0.58827114
vt 0.69264627 0.59170485
vt 0.68826485 0.58996636
vt 0.68119264 0.5977384
vt 0.68908614 0.6087156
vt 0.69862384 0.6038609
vt 0.69862384 0.585879
vt 0.6215596 0.55091745
vt 0.6259268 0.5527847
vt 0.6249131 0.5537023
vt 0.6261468 0.55371034
vt 0.6259268 0.55733943
vt 0.64287376 0.2354294
vt 0.6471292 0.23595512
vt 0.6444496 0.24541283
vt 0.6458803 0.23051167
vt 0.66009176 0.23124647
vt 0.6497195 0.22772515
vt 0.65008837 0.20399612
vt 0.6448147 0.23034096
vt 0.643309 0.21009761
vt 0.66009176 0.20242012
vt 0.65245086 0.19036698
vt 0.64245796 0.19154358
vt 0.6433305 0.22273219
vt 0.6388749 0.2208705
vt 0.6362385 0.22972304
vt 0.6195691 0.5398451
vt 0.61973196 0.54082566
vt 0.6188073 0.54019254
vt 0.6206422 0.54023623
vt 0.61973196 0.537156
vt 0.6166724 0.5379646
vt 0.6160551 0.5375608
vt 0.61721575 0.537156
vt 0.6178899 0.53810024
vt 0.61721575 0.54082566
vt 0.6261468 0.5471851
vt 0.62698144 0.5463303
vt 0.6269815 0.54816514
vt 0.62798166 0.5470773
vt 0.6830275 0.48669726
vt 0.6873109 0.4852587
vt 0.68944955 0.48669726
vt 0.6878113 0.48222864
vt 0.6845192 0.47752297
vt 0.68944955 0.48211008
vt 0.690367 0.48195088
vt 0.690367 0.4784404
vt 0.23242411 0.7390542
vt 0.24418595 0.7408257
vt 0.2429571 0.73368555
vt 0.2345276 0.73077536
vt 0.21913886 0.739237
vt 0.22166173 0.72516245
vt 0.23493324 0.71880734
vt 0.21719353 0.73566234
vt 0.21465075 0.73725736
vt 0.21121065 0.72827137
vt 0.20963302 0.7364918
vt 0.2097897 0.7408257
vt 0.24908257 0.7276423
vt 0.6848624 0.4922018
vt 0.6912844 0.49468273
vt 0.69046336 0.49587154
vt 0.6907915 0.4922018
vt 0.6793578 0.47385323
vt 0.6848624 0.4729358
vt 0.6798811 0.4729358
vt 0.6857798 0.40137613
vt 0.6828895 0.39776278
vt 0.6857798 0.39247286
vt 0.6766055 0.3962264
vt 0.6808047 0.3992828
vt 0.67761177 0.37844038
vt 0.69587153 0.48634666
vt 0.69587153 0.4848624
vt 0.69495416 0.48669726
vt 0.6789336 0.4787892
vt 0.6784404 0.47660553
vt 0.6821101 0.47663945
vt 0.6821101 0.48853207
vt 0.62522936 0.59828234
vt 0.6282841 0.5848624
vt 0.62968886 0.59681964
vt 0.6270405 0.60019946
vt 0.6316514 0.6068973
vt 0.62522936 0.61238533
vt 0.63739675 0.17434835
vt 0.64266056 0.17568809
vt 0.63702214 0.17564774
vt 0.6365084 0.17018348
vt 0.6316514 0.17568809
vt 0.63656616 0.17392617
vt 0.65733945 0.19311929
vt 0.65733945 0.17935777
vt 0.6592631 0.18431467
vt 0.6637615 0.18300474
vt 0.65999275 0.18497074
vt 0.6013762 0.34357798
vt 0.5912844 0.3398326
vt 0.5978351 0.33717644
vt 0.59431905 0.3203616
vt 0.5970389 0.30962694
vt 0.59742147 0.31459618
vt 0.6013762 0.30310953
vt 0.5983001 0.30148286
vt 0.5979893 0.29587156
vt 0.59962326 0.31912374
vt 0.5944094 0.32174116
vt 0.6408257 0.2518084
vt 0.6444954 0.25917435
vt 0.6444954 0.2472477
vt 0.21880734 0.75642204
vt 0.21059953 0.75
vt 0.20504588 0.75642204
vt 0.8528241 0.6573627
vt 0.83841133 0.6564239
vt 0.8571973 0.6505881
vt 0.8584755 0.6633683
vt 0.8498342 0.6769718
vt 0.8193623 0.6801168
vt 0.8244995 0.6985402
vt 0.84603745 0.7019863
vt 0.81738436 0.666481
vt 0.82069045 0.64794916
vt 0.83233887 0.7169991
vt 0.84977114 0.716602
vt 0.8646789 0.7005807
vt 0.8615556 0.73251325
vt 0.86342424 0.6902135
vt 0.8102463 0.70651937
vt 0.84198856 0.73203856
vt 0.8041111 0.6764143
vt 0.7999448 0.6880246
vt 0.80653447 0.6979893
vt 0.8039535 0.6463303
vt 0.79587156 0.6725311
vt 0.85001403 0.6872004
vt 0.858616 0.67441285
vt 0.86275834 0.6830828
vt 0.8311795 0.7300592
vt 0.8245496 0.7211266
vt 0.82038546 0.73663074
vt 0.810436 0.72753483
vt 0.8127265 0.7136457
vt 0.8248654 0.7388671
vt 0.81121963 0.7420457
vt 0.7976895 0.7412198
vt 0.8451721 0.7395249
vt 0.84230334 0.7439984
vt 0.85030895 0.7449954
vt 0.8646789 0.7454128
vt 0.8003805 0.7036774
vt 0.603211 0.3675244
vt 0.60107994 0.3885321
vt 0.59311926 0.37002355
vt 0.59311926 0.35733944
vt 0.37477064 0.74174315
vt 0.37918293 0.74816513
vt 0.39036697 0.74174315
vt 0.52285 0.7349304
vt 0.5325688 0.7426605
vt 0.5188215 0.74207467
vt 0.5298974 0.72926223
vt 0.5177365 0.7262777
vt 0.50871557 0.7426605
vt 0.5210882 0.72155964
vt 0.8206901 0.19407392
vt 0.81334203 0.19895583
vt 0.80699116 0.19247854
vt 0.80541444 0.20294929
vt 0.81398803 0.20698911
vt 0.8021065 0.20809686
vt 0.81574553 0.21615648
vt 0.7833556 0.18883348
vt 0.7945672 0.17600906
vt 0.77725977 0.16972858
vt 0.7814354 0.16145265
vt 0.76559633 0.18267757
vt 0.78814787 0.15874898
vt 0.7987019 0.16738766
vt 0.80927795 0.17686325
vt 0.85 0.20661539
vt 0.84446293 0.21359295
vt 0.83842903 0.19839036
vt 0.84319097 0.2298165
vt 0.82931364 0.21046305
vt 0.8218238 0.2232045
vt 0.823205 0.20494556
vt 0.83105385 0.19248402
vt 0.83221143 0.16917485
vt 0.8350241 0.18175322
vt 0.8436482 0.15654385
vt 0.8345642 0.14617622
vt 0.85 0.14541286
vt 0.38761467 0.737156
vt 0.40045872 0.737156
vt 0.39366716 0.73165137
vt 0.7664628 0.95943046
vt 0.7527523 0.9564186
vt 0.7619636 0.94908255
vt 0.7558888 0.962844
vt 0.77157795 0.9501487
vt 0.7761944 0.95388275
vt 0.77598506 0.9609086
vt 0.7845853 0.9549919
vt 0.7922018 0.962844
vt 0.6756881 0.61972475
vt 0.6821101 0.61025906
vt 0.6756881 0.603211
vt 0.11253276 0.4456904
vt 0.10504587 0.44559467
vt 0.115137614 0.44266057
vt 0.113114506 0.45180452
vt 0.10504587 0.45825684
vt 0.07332794 0.9977064
vt 0.090366974 0.9977064
vt 0.08276458 0.98711646
vt 0.053669725 0.99650365
vt 0.0672424 0.984646
vt 0.05664225 0.9804496
vt 0.08562776 0.9793578
vt 0.08065976 0.97956365
vt 0.69270736 0.09869331
vt 0.7112335 0.094486594
vt 0.7123853 0.11697245
vt 0.7042056 0.06967151
vt 0.69115645 0.07671195
vt 0.6698777 0.049880207
vt 0.6975221 0.039420605
vt 0.67254466 0.09265697
vt 0.6705262 0.078477144
vt 0.65929496 0.087960064
vt 0.67281353 0.029399455
vt 0.68975383 0.022926271
vt 0.7123853 0.024516225
vt 0.6723847 0.011278093
vt 0.6627558 0.015301466
vt 0.6492779 0.00045871735
vt 0.6612411 0.1002475
vt 0.6621138 0.036565065
vt 0.65199786 0.03034228
vt 0.6660811 0.06891161
vt 0.6546904 0.07787627
vt 0.6412941 0.036077917
vt 0.6455159 0.05780518
vt 0.62470406 0.042060375
vt 0.6173688 0.049969614
vt 0.6088635 0.03415811
vt 0.59587157 0.038039684
vt 0.6001066 0.02469629
vt 0.59742385 0.063385785
vt 0.6208334 0.08372712
vt 0.60715735 0.025205672
vt 0.6354391 0.073176324
vt 0.61948854 0.03037572
vt 0.65318394 0.07803881
vt 0.6331909 0.09313321
vt 0.65493 0.09382838
vt 0.603524 0.09630096
vt 0.6356798 0.023185253
vt 0.6590192 0.025420427
vt 0.7747706 0.9133028
vt 0.7747706 0.9233945
vt 0.762844 0.9163139
vt 0.69862384 0.30586374
vt 0.7072953 0.2968632
vt 0.71146786 0.30596328
vt 0.69862384 0.29128444
vt 0.9316176 0.69422686
vt 0.916055 0.7047024
vt 0.9175293 0.6862162
vt 0.9309712 0.7088665
vt 0.94145113 0.7069517
vt 0.92694354 0.7199322
vt 0.9327986 0.7172179
vt 0.9473683 0.7227598
vt 0.95571613 0.70047826
vt 0.93996316 0.7252294
vt 0.9655963 0.71279955
vt 0.9576194 0.6900417
vt 0.9391931 0.68040425
vt 0.95199907 0.6726164
vt 0.96238285 0.676087
vt 0.93737954 0.669238
vt 0.9413182 0.6683486
vt 0.9655963 0.6931653
vt 0.8302724 0.37477064
vt 0.8298165 0.37386513
vt 0.83055 0.3738532
vt 0.8325688 0.37386513
vt 0.8288991 0.38087857
vt 0.8294278 0.38151598
vt 0.8316514 0.38486242
vt 0.83025825 0.38124478
vt 0.8303107 0.3798282
vt 0.8316514 0.3793578
vt 0.8115115 0.36651373
vt 0.78716224 0.34958994
vt 0.8197248 0.35497582
vt 0.7897703 0.33864254
vt 0.81618243 0.33989775
vt 0.7729358 0.344584
vt 0.7789679 0.32830602
vt 0.7940982 0.33303225
vt 0.7854596 0.30562907
vt 0.80091226 0.31367373
vt 0.81370354 0.31925
vt 0.79590714 0.30252457
vt 0.8197248 0.30731177
vt 0.78680885 0.2946602
vt 0.80185187 0.29262072
vt 0.7873436 0.2815373
vt 0.79685336 0.28056133
vt 0.7920136 0.26212943
vt 0.8101884 0.27984357
vt 0.8030362 0.2607746
vt 0.81943715 0.29428762
vt 0.8142464 0.26044035
vt 0.8169079 0.24174309
vt 0.05054353 0.556422
vt 0.04934371 0.5617064
vt 0.06559633 0.556422
vt 0.0481635 0.5603946
vt 0.046330277 0.5635648
vt 0.056871124 0.5646789
vt 0.14871725 0.65
vt 0.13990825 0.64911085
vt 0.14324628 0.64266056
vt 0.15642202 0.64266056
vt 0.04700715 0.4189694
vt 0.03931257 0.42683077
vt 0.02838674 0.412714
vt 0.02192983 0.42096984
vt 0.04952005 0.39678645
vt 0.027861955 0.39617622
vt 0.052839465 0.4106183
vt 0.055301078 0.41611147
vt 0.063936464 0.42159206
vt 0.06425075 0.41400027
vt 0.06743119 0.42798162
vt 0.031529337 0.38844317
vt 0.01631938 0.41066885
vt 0.014538389 0.3871143
vt 0.0059633027 0.40385187
vt 0.0059633027 0.38069916
vt 0.016942712 0.36984444
vt 0.02911196 0.37501103
vt 0.044763554 0.38356316
vt 0.035254072 0.36743116
vt 0.05200271 0.3732202
vt 0.5687925 0.9694237
vt 0.5698133 0.9835883
vt 0.5619266 0.96588963
vt 0.58043694 0.97506386
vt 0.57802975 0.9693806
vt 0.5778807 0.9966367
vt 0.5663683 0.99428076
vt 0.5909977 0.9811831
vt 0.59511566 0.9664635
vt 0.5976137 0.99862385
vt 0.60504586 0.9961029
vt 0.60504586 0.9714618
vt 0.582779 0.9655963
vt 0.07955865 0.5270642
vt 0.07752293 0.5344037
vt 0.08669725 0.5344037
vt 0.18807152 0.6348722
vt 0.18712384 0.6353116
vt 0.18675847 0.63440365
vt 0.18138172 0.6389078
vt 0.18944955 0.6390715
vt 0.18752162 0.6527523
vt 0.17748442 0.64349735
vt 0.1650152 0.6390993
vt 0.16983956 0.65177506
vt 0.17964749 0.65032935
vt 0.15458715 0.6527523
vt 0.08669725 0.4756881
vt 0.07976549 0.4729358
vt 0.076605506 0.4756881
vt 0.04093318 0.5275375
vt 0.039589696 0.53016245
vt 0.037544593 0.5263437
vt 0.0389556 0.5187767
vt 0.03670147 0.52704304
vt 0.030733945 0.53073394
vt 0.047744874 0.5178899
vt 0.052752294 0.53073394
vt 0.5785101 0.92278314
vt 0.5720183 0.91972476
vt 0.5885321 0.91972476
vt 0.5811962 0.92706424
vt 0.105045885 0.47201836
vt 0.10932501 0.4729733
vt 0.10504587 0.4756881
vt 0.110550456 0.4742238
vt 0.91866046 0.8044859
vt 0.90688074 0.8052979
vt 0.90826446 0.7977679
vt 0.91803473 0.7876147
vt 0.9284923 0.8020322
vt 0.9254983 0.8342641
vt 0.94417197 0.8201377
vt 0.9539645 0.839025
vt 0.9433051 0.79193705
vt 0.95906097 0.8189144
vt 0.9619266 0.84266055
vt 0.9615337 0.7907101
vt 0.9604928 0.7876147
vt 0.9195301 0.78953743
vt 0.43136746 0.87069786
vt 0.4303885 0.8823966
vt 0.42628306 0.88082
vt 0.42414936 0.88966906
vt 0.42685238 0.9011112
vt 0.4939135 0.8856583
vt 0.47951627 0.8937501
vt 0.48257235 0.8831544
vt 0.49495414 0.91697246
vt 0.46845832 0.91697246
vt 0.46233243 0.895679
vt 0.45401928 0.91199267
vt 0.46251696 0.879215
vt 0.44721243 0.8973225
vt 0.44263446 0.87951565
vt 0.44321725 0.9113451
vt 0.43210328 0.9042467
vt 0.43376878 0.8921332
vt 0.48278853 0.86712444
vt 0.46225053 0.8653903
vt 0.46524927 0.8582569
vt 0.44873852 0.85848784
vt 0.49122107 0.87225354
vt 0.4500601 0.8695207
vt 0.43784833 0.87172455
vt 0.4239211 0.883955
vt 0.42247707 0.88996345
vt 0.76262045 0.07324505
vt 0.76917773 0.06633592
vt 0.776993 0.07598758
vt 0.7861659 0.0634042
vt 0.7853152 0.09723842
vt 0.7745882 0.09307003
vt 0.77891505 0.11063725
vt 0.7911588 0.11527741
vt 0.78270257 0.11825293
vt 0.76909137 0.05411148
vt 0.74927586 0.059309304
vt 0.74089783 0.089493275
vt 0.7252294 0.06787628
vt 0.7848046 0.050415218
vt 0.7791947 0.038312733
vt 0.7922018 0.13899082
vt 0.7683524 0.03129506
vt 0.7742906 0.020158052
vt 0.78622943 0.018329918
vt 0.7858395 0.0044791102
vt 0.775739 0.008542001
vt 0.7922018 0.0037257671
vt 0.78206336 0.00045871735
vt 0.7548683 0.039940476
vt 0.7573371 0.02865237
vt 0.75805026 0.05652845
vt 0.7629408 0.06223482
vt 0.7995413 0.03623855
vt 0.7995413 0.047247708
vt 0.7922018 0.039336562
vt 0.74816513 0.089449525
vt 0.75935817 0.08208382
vt 0.7674312 0.089449525
vt 0.7654908 0.07752293
vt 0.72155964 0.08222467
vt 0.73165137 0.08587855
vt 0.7230109 0.10196859
vt 0.7256752 0.07477063
vt 0.7282753 0.1028291
vt 0.72155964 0.11788988
vt 0.22666284 0.91497016
vt 0.19805333 0.90504587
vt 0.19587156 0.91618097
vt 0.22159325 0.9237907
vt 0.23662384 0.9186591
vt 0.23278482 0.9298165
vt 0.24816513 0.90504587
vt 0.5950609 0.5866972
vt 0.59036696 0.5851652
vt 0.5913623 0.5609415
vt 0.5986239 0.54512465
vt 0.59111047 0.5348386
vt 0.59036696 0.52164876
vt 0.5968765 0.51055044
vt 0.03636138 0.9848624
vt 0.007322293 0.98598814
vt 0.014672929 0.9924174
vt 0.0004587156 0.99862385
vt 0.037155963 0.99862385
vt 0.024473293 0.9985348
vt 0.90963304 0.14541286
vt 0.90731025 0.15686584
vt 0.902003 0.15917432
vt 0.89634496 0.14896846
vt 0.8857798 0.15397316
vt 0.8865273 0.14541286
vt 0.9454114 0.012804925
vt 0.9462006 0.019724786
vt 0.91697246 0.012796342
vt 0.95424545 0.018975556
vt 0.95069724 0.0038973093
vt 0.9614202 0.0115356445
vt 0.93499154 0.00045871735
vt 0.97201836 0.00045871735
vt 0.7766055 0.9646789
vt 0.7646789 0.9646789
vt 0.7648644 0.97201836
vt 0.6821101 0.90662026
vt 0.6729686 0.8986238
vt 0.6747708 0.90805006
vt 0.6639296 0.90786535
vt 0.6639936 0.89967245
vt 0.6456165 0.9040187
vt 0.6429113 0.9245255
vt 0.6323972 0.9422809
vt 0.6573172 0.94213915
vt 0.6472989 0.96009856
vt 0.6284009 0.962844
vt 0.67807955 0.92253554
vt 0.6731482 0.962844
vt 0.6178899 0.9469505
vt 0.61835665 0.93169326
vt 0.6404284 0.91351527
vt 0.62409353 0.9252303
vt 0.6250246 0.9188999
vt 0.68186885 0.9463052
vt 0.634836 0.9089287
vt 0.62874234 0.9034714
vt 0.627432 0.9285868
vt 0.7341848 0.331083
vt 0.72697824 0.33241606
vt 0.7231797 0.32259828
vt 0.73295695 0.33880198
vt 0.72707397 0.34816515
vt 0.71978027 0.3318683
vt 0.7077982 0.31330276
vt 0.72233313 0.3414836
vt 0.71157026 0.34776384
vt 0.74357796 0.3394444
vt 0.74329585 0.3477639
vt 0.903211 0.16331577
vt 0.9133028 0.15733945
vt 0.9116501 0.17106628
vt 0.9133028 0.18142486
vt 0.90666497 0.18107468
vt 0.908526 0.18853211
vt 0.5238083 0.90602225
vt 0.5169725 0.90963304
vt 0.5380734 0.90963304
vt 0.52819264 0.903211
vt 0.58024704 0.94995373
vt 0.5704766 0.9536697
vt 0.57429725 0.9508095
vt 0.5699743 0.9527871
vt 0.5701366 0.93290883
vt 0.5681642 0.94065
vt 0.5619266 0.9252294
vt 0.5798169 0.9427665
vt 0.5842553 0.93429065
vt 0.5897496 0.9462175
vt 0.5894309 0.93496746
vt 0.57030225 0.95117354
vt 0.5663545 0.9529197
vt 0.585017 0.92910826
vt 0.5922018 0.9252294
vt 0.5700714 0.9523955
vt 0.56961375 0.9527933
vt 0.5912844 0.94449544
vt 0.5940367 0.94449544
vt 0.59364146 0.9458316
vt 0.59263146 0.94633025
vt 0.45141524 0.99587154
vt 0.4444954 0.9903786
vt 0.4520743 0.97838
vt 0.4716658 0.9833076
vt 0.46778828 0.9711009
vt 0.47971702 0.9735872
vt 0.48944953 0.99587154
vt 0.9298117 0.23624867
vt 0.92340297 0.23498064
vt 0.92574245 0.22492486
vt 0.9151376 0.24908257
vt 0.9179656 0.22801173
vt 0.92606133 0.21260953
vt 0.9342286 0.21579736
vt 0.9368297 0.20392841
vt 0.91545904 0.2436266
vt 0.92906874 0.20501274
vt 0.927828 0.19388312
vt 0.93700325 0.19633245
vt 0.9380734 0.17527115
vt 0.9191431 0.18261832
vt 0.9153683 0.19631958
vt 0.92970365 0.16273159
vt 0.9151376 0.15982151
vt 0.9374933 0.15825689
vt 0.9756881 0.2178899
vt 0.9756881 0.20229357
vt 0.9830275 0.21200597
vt 0.9766055 0.5424779
vt 0.981968 0.5398219
vt 0.98062176 0.52798164
vt 0.9876147 0.5499783
vt 0.9766055 0.55825686
vt 0.062195398 0.01732999
vt 0.06695691 0.030959785
vt 0.052590806 0.029310465
vt 0.047247708 0.028460443
vt 0.05245066 0.033141732
vt 0.0850534 0.024353921
vt 0.08499211 0.03141707
vt 0.050424498 0.035321116
vt 0.048609234 0.031511664
vt 0.086159535 0.015222073
vt 0.095559 0.019888937
vt 0.075011805 0.004884541
vt 0.090530075 0.010789096
vt 0.107885644 0.021453977
vt 0.10522245 0.008604944
vt 0.114804745 0.015634835
vt 0.12300664 0.00084489584
vt 0.10359398 0.00045871735
vt 0.09426475 0.0031385422
vt 0.13072504 0.009285927
vt 0.13990825 0.0012199879
vt 0.107506044 0.030755877
vt 0.11252831 0.025000095
vt 0.10725775 0.035321116
vt 0.11558441 0.024861395
vt 0.059955653 0.7251849
vt 0.062590666 0.7213294
vt 0.062261894 0.7250704
vt 0.056606553 0.7197248
vt 0.056508258 0.73113227
vt 0.07749641 0.74275994
vt 0.07415958 0.73225635
vt 0.08972789 0.7427158
vt 0.101428255 0.7577252
vt 0.07445919 0.78400534
vt 0.046600793 0.7575622
vt 0.05219983 0.74314076
vt 0.036724754 0.74426717
vt 0.046803713 0.726564
vt 0.034676146 0.7307107
vt 0.019551227 0.7618135
vt 0.08729864 0.7641539
vt 0.09706766 0.7806041
vt 0.06656548 0.74073976
vt 0.08604283 0.79682577
vt 0.0621501 0.7909144
vt 0.04642462 0.774472
vt 0.035065815 0.763911
vt 0.081904605 0.80504584
vt 0.0317974 0.77492046
vt 0.09876809 0.7633425
vt 0.015190901 0.7451779
vt 0.0010103318 0.7594754
vt 0.004382853 0.7875689
vt 0.03266224 0.75649774
vt 0.024098469 0.7709097
vt 0.10688073 0.76425725
vt 0.0076601193 0.7976529
vt 0.0004587156 0.80504584
vt 0.06034378 0.7987389
vt 0.032557588 0.782782
vt 0.020118656 0.7805595
vt 0.5862637 0.9533522
vt 0.5850401 0.95377713
vt 0.5855721 0.95458716
vt 0.58027524 0.9526427
vt 0.58472997 0.95183486
vt 0.5894495 0.9526427
vt 0.5931192 0.9472477
vt 0.5919342 0.9485542
vt 0.59311926 0.95
vt 0.5912844 0.9497544
vt 0.6118957 0.9362385
vt 0.6114679 0.93508816
vt 0.61330277 0.9352601
vt 0.6118957 0.93440366
vt 0.8297013 0.4909153
vt 0.82973707 0.48091507
vt 0.84266055 0.48336565
vt 0.8185104 0.48027527
vt 0.8100456 0.49587154
vt 0.79365575 0.49068332
vt 0.78394496 0.48027527
vt 0.6479404 0.9835942
vt 0.6362385 0.98617065
vt 0.6527305 0.99594694
vt 0.6526244 0.9837575
vt 0.663563 0.99862385
vt 0.64386225 0.97324115
vt 0.6508165 0.9646789
vt 0.6648863 0.97616166
vt 0.6365065 0.96846306
vt 0.66998565 0.9646789
vt 0.6793578 0.99023986
vt 0.9833785 0.6755727
vt 0.96651375 0.68692946
vt 0.9681904 0.67466843
vt 0.97342306 0.6950744
vt 0.9697212 0.6977064
vt 0.9885321 0.6879542
vt 0.98129433 0.6971024
vt 0.9885321 0.66926605
vt 0.84111404 0.64298034
vt 0.83073395 0.64541286
vt 0.83073395 0.62247705
vt 0.8417431 0.62767136
vt 0.094864674 0.72897553
vt 0.089476675 0.73022276
vt 0.086881794 0.7191043
vt 0.09468429 0.7378517
vt 0.09883909 0.7249426
vt 0.10452001 0.7399644
vt 0.11919491 0.74173206
vt 0.111801445 0.71741706
vt 0.1407855 0.7297752
vt 0.14306277 0.7586763
vt 0.16158447 0.75143045
vt 0.12608811 0.76590335
vt 0.17124493 0.7325569
vt 0.124325894 0.71281457
vt 0.15291972 0.7161433
vt 0.15311262 0.76961654
vt 0.17296357 0.71445066
vt 0.10175548 0.71779996
vt 0.10720546 0.760479
vt 0.14315206 0.7802752
vt 0.15307906 0.7761254
vt 0.16285853 0.77617514
vt 0.18773593 0.71836984
vt 0.187962 0.75011647
vt 0.1789657 0.7463199
vt 0.18027788 0.76105267
vt 0.193767 0.7611867
vt 0.19668299 0.7707175
vt 0.18259129 0.7743452
vt 0.1947114 0.77970874
vt 0.1730357 0.76399434
vt 0.20427589 0.74415183
vt 0.21070898 0.7194802
vt 0.19986883 0.703211
vt 0.21972477 0.709699
vt 0.17390329 0.74579984
vt 0.17123044 0.75559074
vt 0.114749506 0.77421755
vt 0.09871276 0.7074613
vt 0.083944954 0.703211
vt 0.93931085 0.58071655
vt 0.94222516 0.596789
vt 0.93383217 0.58715075
vt 0.9325688 0.5692661
vt 0.94266057 0.5692661
vt 0.66914177 0.8944952
vt 0.6457341 0.8928603
vt 0.6627488 0.8736761
vt 0.68228483 0.8873536
vt 0.6313055 0.8835156
vt 0.63508034 0.8686825
vt 0.60831505 0.88240314
vt 0.60779816 0.8685927
vt 0.6202533 0.89431757
vt 0.6529123 0.8640266
vt 0.6745007 0.86198413
vt 0.67455953 0.8740905
vt 0.68175733 0.8698665
vt 0.68515795 0.88163924
vt 0.69567657 0.8619266
vt 0.60779816 0.8986757
vt 0.6963258 0.8737475
vt 0.70137614 0.8853783
vt 0.6794778 0.8993721
vt 0.6947391 0.903211
vt 0.39499772 0.93715596
vt 0.39770642 0.9279817
vt 0.3848624 0.9279817
vt 0.0030884473 0.614868
vt 0.011876729 0.6232946
vt 0.0013761468 0.62981653
vt 0.0163979 0.60029155
vt 0.010127504 0.5893696
vt 0.01837408 0.5713223
vt 0.00939477 0.560467
vt 0.019724771 0.5510999
vt 0.008121836 0.5287629
vt 0.019237012 0.5222738
vt 0.0025338603 0.5540475
vt 0.012681818 0.51278
vt 0.0013761468 0.515734
vt 0.0060943193 0.5060346
vt 0.015792128 0.49902475
vt 0.0062649613 0.4916678
vt 0.013784849 0.48973823
vt 0.010593205 0.4784404
vt 0.7258848 0.675912
vt 0.7384158 0.6629337
vt 0.75180876 0.6766055
vt 0.71570456 0.66959673
vt 0.773191 0.6693388
vt 0.7801111 0.67566013
vt 0.7774131 0.66173196
vt 0.7782453 0.6370751
vt 0.7851558 0.658158
vt 0.7932878 0.66999686
vt 0.7972541 0.6592819
vt 0.7900044 0.62976354
vt 0.7838912 0.60326046
vt 0.79339653 0.60997564
vt 0.7690565 0.590399
vt 0.7496726 0.6299524
vt 0.7833303 0.585195
vt 0.7689736 0.5791028
vt 0.7910082 0.576745
vt 0.77018934 0.5738532
vt 0.7621875 0.58406603
vt 0.7322384 0.5767531
vt 0.739775 0.58752227
vt 0.7167853 0.58535
vt 0.7190677 0.57396144
vt 0.719672 0.58952856
vt 0.71439964 0.6009554
vt 0.7220896 0.62000096
vt 0.74566704 0.60294455
vt 0.7016792 0.6021195
vt 0.69495416 0.6197024
vt 0.70367086 0.58454615
vt 0.7139056 0.5788532
vt 0.7008982 0.5738532
vt 0.7133096 0.6504142
vt 0.7050918 0.6575506
vt 0.7977064 0.6395532
vt 0.35183486 0.09261131
vt 0.35588023 0.12433964
vt 0.3655981 0.11469424
vt 0.37107182 0.12522936
vt 0.36275154 0.09235823
vt 0.38345143 0.11016393
vt 0.35183486 0.07110095
vt 0.36708185 0.0787223
vt 0.3920251 0.08798087
vt 0.38758695 0.07455742
vt 0.41097453 0.07996857
vt 0.41457507 0.08934885
vt 0.40191302 0.1094079
vt 0.4134177 0.10575539
vt 0.42175445 0.112193465
vt 0.41949874 0.12092328
vt 0.42614678 0.12105614
vt 0.39671078 0.12284857
vt 0.98394495 0.9527523
vt 0.9697142 0.9514823
vt 0.9747048 0.94633025
vt 0.96734756 0.94907844
vt 0.96651375 0.9527523
vt 0.9802752 0.94266057
vt 0.9802752 0.94633025
vt 0.9821101 0.944752
vt 0.9775229 0.94266057
vt 0.9775229 0.94633025
vt 0.9793578 0.945912
vt 0.9885321 0.9298165
vt 0.98582083 0.9412956
vt 0.9830275 0.94266546
vt 0.98694205 0.9406192
vt 0.98767537 0.94176865
vt 0.9848982 0.94254416
vt 0.9867067 0.9441767
vt 0.9881049 0.9401101
vt 0.9885321 0.9509174
vt 0.9856834 0.9458514
vt 0.9875822 0.94319856
vt 0.9804535 0.9105505
vt 0.9802752 0.90147465
vt 0.9816786 0.9083121
vt 0.9857798 0.9065635
vt 0.9857798 0.8912844
vt 0.9683486 0.9288991
vt 0.9655963 0.9288991
vt 0.9673845 0.9298165
vt 0.9332858 0.561789
vt 0.9527523 0.5551018
vt 0.94774336 0.56284404
vt 0.9307502 0.5403443
vt 0.9496097 0.5273603
vt 0.9151376 0.54442525
vt 0.93024963 0.515477
vt 0.9243267 0.5018059
vt 0.9527523 0.5098276
vt 0.95229167 0.49403667
vt 0.54971176 0.016097605
vt 0.53879184 0.0011739135
vt 0.5527523 0.004030168
vt 0.5386013 0.015898526
vt 0.5456121 0.038185954
vt 0.52783704 0.017680407
vt 0.5274455 0.046696126
vt 0.5267818 0.00045871735
vt 0.53943425 0.06041062
vt 0.52680135 0.07246637
vt 0.53925693 0.088918984
vt 0.5500849 0.07098466
vt 0.51945686 0.0794602
vt 0.53343457 0.10158974
vt 0.5478363 0.108694315
vt 0.5294407 0.10942024
vt 0.5174606 0.10271412
vt 0.54142976 0.11055046
vt 0.4998847 0.09675193
vt 0.49111244 0.0795818
vt 0.47287777 0.10195923
vt 0.51653606 0.042670548
vt 0.47796515 0.041911125
vt 0.45472503 0.06293583
vt 0.4984373 0.030806422
vt 0.43553722 0.09034854
vt 0.4445555 0.03792596
vt 0.44494998 0.014387906
vt 0.43729252 0.045838654
vt 0.41709426 0.05652809
vt 0.43142325 0.03899771
vt 0.4190269 0.021375954
vt 0.438815 0.024944305
vt 0.39495412 0.03661239
vt 0.40579346 0.060743988
vt 0.40038726 0.019852161
vt 0.42207602 0.093501925
vt 0.43013313 0.11055046
vt 0.45012292 0.10456705
vt 0.43826234 0.03139484
vt 0.55196375 0.04958296
vt 0.4440134 0.24173534
vt 0.4408022 0.22614682
vt 0.4499203 0.22755414
vt 0.45366973 0.24333227
vt 0.44589835 0.24816847
vt 0.45237005 0.25276542
vt 0.4381707 0.25010395
vt 0.4379999 0.2720183
vt 0.4353211 0.23309171
vt 0.4353211 0.26340067
vt 0.9717643 0.42247707
vt 0.95712084 0.41077697
vt 0.97287744 0.40702403
vt 0.96348035 0.40294766
vt 0.9793578 0.39308774
vt 0.9565918 0.39883912
vt 0.9405287 0.40471405
vt 0.9419121 0.41401672
vt 0.94876057 0.3985386
vt 0.94335973 0.3961358
vt 0.9307339 0.39534307
vt 0.9314306 0.42247707
vt 0.96595204 0.3922959
vt 0.97432244 0.386056
vt 0.97180724 0.3738532
vt 0.9607884 0.3800323
vt 0.9531552 0.38791907
vt 0.94339365 0.37717628
vt 0.94834656 0.39410436
vt 0.4710164 0.7629723
vt 0.47057724 0.78937393
vt 0.45914128 0.7899181
vt 0.48027524 0.8003847
vt 0.4744515 0.80331206
vt 0.46380875 0.81000817
vt 0.43486404 0.7993308
vt 0.43476057 0.78339994
vt 0.44474605 0.8200928
vt 0.4160661 0.7814328
vt 0.44567242 0.7766382
vt 0.43609688 0.7625889
vt 0.45596507 0.7725784
vt 0.41896158 0.7672603
vt 0.4269064 0.75268453
vt 0.40663266 0.77825993
vt 0.4095953 0.7919599
vt 0.40864822 0.76448154
vt 0.39926767 0.7772299
vt 0.4169483 0.75183487
vt 0.39976546 0.7668388
vt 0.4011042 0.78984165
vt 0.3915816 0.7751203
vt 0.38729757 0.79049814
vt 0.39717206 0.80917126
vt 0.409573 0.80300856
vt 0.38423514 0.8127695
vt 0.37695807 0.8076298
vt 0.39453736 0.8298165
vt 0.40321553 0.80652297
vt 0.39244148 0.76288587
vt 0.40022558 0.7536842
vt 0.38814384 0.75183487
vt 0.36651376 0.8151481
vt 0.8934178 0.77302444
vt 0.90060484 0.7555046
vt 0.91697246 0.7733223
vt 0.8840325 0.76748496
vt 0.904519 0.7967487
vt 0.87629867 0.8050798
vt 0.8958272 0.8250989
vt 0.88538295 0.8296822
vt 0.9032767 0.83663595
vt 0.8686495 0.82735837
vt 0.8582569 0.8141851
vt 0.86278003 0.83653414
vt 0.87584484 0.84031117
vt 0.87108684 0.84617597
vt 0.91697246 0.8376294
vt 0.90296835 0.84535813
vt 0.8905212 0.8383984
vt 0.89014673 0.8429641
vt 0.9015089 0.8555046
vt 0.8849096 0.8519916
vt 0.87474513 0.8463159
vt 0.8700984 0.85108644
vt 0.95688844 0.18922389
vt 0.9555046 0.1735323
vt 0.97230965 0.17685121
vt 0.9573239 0.1571002
vt 0.97385323 0.19097447
vt 0.9666093 0.19898838
vt 0.95885813 0.2075944
vt 0.96686876 0.21972477
vt 0.97385323 0.15366971
vt 0.8701525 0.16152263
vt 0.8614838 0.16919112
vt 0.8673203 0.15534419
vt 0.8877552 0.16371852
vt 0.88526636 0.17238754
vt 0.8930459 0.17933321
vt 0.903211 0.17635524
vt 0.88003683 0.15092164
vt 0.88668275 0.18711883
vt 0.8646036 0.18037456
vt 0.863149 0.19272768
vt 0.8490826 0.18359685
vt 0.87939346 0.19954127
vt 0.901671 0.18478554
vt 0.89533836 0.19880837
vt 0.8672162 0.12259817
vt 0.859205 0.13430661
vt 0.8490826 0.111899376
vt 0.866121 0.108715594
vt 0.8759228 0.13906133
vt 0.7951461 0.70859885
vt 0.78756684 0.69543266
vt 0.78617334 0.6894825
vt 0.7977064 0.67895263
vt 0.7818375 0.6766055
vt 0.7771994 0.7122854
vt 0.78420293 0.74363554
vt 0.7377219 0.7344275
vt 0.74453515 0.71331435
vt 0.7470292 0.76033634
vt 0.7668167 0.7046993
vt 0.781515 0.77129656
vt 0.7568814 0.7874298
vt 0.7764984 0.7846879
vt 0.7937794 0.77729267
vt 0.76758164 0.6963995
vt 0.7197248 0.7263373
vt 0.7941261 0.76024234
vt 0.72841 0.7527522
vt 0.7977064 0.73038626
vt 0.7471184 0.7829085
vt 0.74454975 0.79036695
vt 0.7355329 0.775129
vt 0.74987924 0.7045176
vt 0.7951399 0.7386529
vt 0.06259219 0.5457723
vt 0.07346594 0.53222424
vt 0.08027523 0.54460305
vt 0.06514019 0.5297554
vt 0.06568212 0.5527523
vt 0.04537434 0.5460523
vt 0.05363154 0.5359124
vt 0.061833087 0.5279307
vt 0.042501166 0.5369461
vt 0.03695031 0.533826
vt 0.022477064 0.5527523
vt 0.06121759 0.5178899
vt 0.067940235 0.52378196
vt 0.07876538 0.5233626
vt 0.9279817 0.30801946
vt 0.94266057 0.30229354
vt 0.9314052 0.31621754
vt 0.94266057 0.31743246
vt 0.9298783 0.33990824
vt 0.96376145 0.80359036
vt 0.9775229 0.7856951
vt 0.97552437 0.81330276
vt 0.96387506 0.7723514
vt 0.96742713 0.75925434
vt 0.97548246 0.7542837
vt 0.97067165 0.74788
vt 0.96376145 0.74393713
vt 0.97191095 0.74185234
vt 0.97016084 0.7261468
vt 0.98749775 0.92401636
vt 0.9851027 0.92417467
vt 0.9876147 0.92746574
vt 0.9811526 0.9325688
vt 0.9793578 0.91705143
vt 0.9876147 0.9087156
vt 0.9857798 0.9821101
vt 0.9873493 0.98394495
vt 0.9885321 0.9821101
vt 0.9876147 0.96404237
vt 0.9885321 0.97385323
vt 0.9885321 0.962844
vt 0.92953944 0.9144853
vt 0.8989906 0.91104746
vt 0.9253366 0.9015777
vt 0.93990827 0.9013761
vt 0.9389761 0.9091908
vt 0.93990827 0.92674696
vt 0.9207183 0.9350055
vt 0.93727684 0.948176
vt 0.9282443 0.95522046
vt 0.921505 0.95140177
vt 0.9176076 0.9508142
vt 0.9032117 0.9460372
vt 0.89622754 0.9195443
vt 0.88944954 0.9349888
vt 0.90752095 0.96326613
vt 0.91723955 0.9575073
vt 0.8978566 0.96651375
vt 0.9199241 0.9539358
vt 0.9211843 0.95291567
vt 0.9204854 0.9559233
vt 0.91740185 0.95929235
vt 0.9223057 0.95391005
vt 0.92214274 0.95527
vt 0.9766055 0.45
vt 0.9553402 0.4312209
vt 0.9713602 0.42706418
vt 0.9481651 0.45
vt 0.981396 0.97646224
vt 0.9802752 0.9775229
vt 0.981332 0.97477067
vt 0.9848624 0.9775229
vt 0.97894645 0.9543903
vt 0.9848624 0.9536697
vt 0.9776365 0.9554195
vt 0.97753024 0.9572555
vt 0.97477067 0.9536697
vt 0.97635406 0.95917434
vt 0.9751364 0.9572158
vt 0.9749138 0.9581506
vt 0.9754051 0.9590249
vt 0.9802752 0.9401097
vt 0.9812599 0.9392289
vt 0.9813557 0.9408257
vt 0.9821101 0.9405802
vt 0.9813557 0.9380734
vt 0.98549145 0.980128
vt 0.98707837 0.98119265
vt 0.9855398 0.98072666
vt 0.98394495 0.9793578
vt 0.9885321 0.9793578
vt 0.42304057 0.6043526
vt 0.436248 0.6011394
vt 0.41422018 0.6188073
vt 0.4305645 0.58483744
vt 0.4515249 0.57986385
vt 0.43425453 0.5665138
vt 0.47172847 0.59310585
vt 0.4727229 0.5713051
vt 0.4570361 0.6081145
vt 0.46672466 0.6086934
vt 0.4731381 0.6114294
vt 0.49361232 0.6080891
vt 0.50784063 0.59556264
vt 0.5292523 0.6046316
vt 0.5168896 0.6188073
vt 0.5322512 0.586465
vt 0.550624 0.59117776
vt 0.51241463 0.58123976
vt 0.55423594 0.6076857
vt 0.5646789 0.59828925
vt 0.530571 0.612173
vt 0.01503715 0.00688076
vt 0.020642202 0.0020270348
vt 0.00639963 0.00045871735
vt 0.0004587156 0.0068807006
vt 0.42298767 0.26382357
vt 0.41440636 0.2720183
vt 0.4087156 0.26376146
vt 0.42853323 0.27120912
vt 0.43165138 0.26376146
vt 0.6288866 0.8372804
vt 0.6121455 0.85091746
vt 0.6176088 0.83390623
vt 0.6231248 0.82778275
vt 0.64266056 0.8280598
vt 0.6248446 0.8113556
vt 0.6161847 0.82213056
vt 0.61491156 0.8104066
vt 0.62107015 0.7977064
vt 0.6389665 0.8011496
vt 0.63660514 0.813014
vt 0.61055046 0.8194073
vt 0.64266056 0.805413
vt 0.36408833 0.73623854
vt 0.36180145 0.74588615
vt 0.35490867 0.7394941
vt 0.35594505 0.75861794
vt 0.36453906 0.75857705
vt 0.3646789 0.76651376
vt 0.3501682 0.76243174
vt 0.3507614 0.7654547
vt 0.3417431 0.76651376
vt 0.36780125 0.7664766
vt 0.3674312 0.75183487
vt 0.37477064 0.7625641
vt 0.36743122 0.77568805
vt 0.74633723 0.91885257
vt 0.7544455 0.9133028
vt 0.762844 0.92155963
vt 0.743496 0.9140685
vt 0.73720294 0.92155963
vt 0.7279816 0.919507
vt 0.62906855 0.20806253
vt 0.63279986 0.19862384
vt 0.6417431 0.20408297
vt 0.622676 0.2036959
vt 0.62004894 0.21681654
vt 0.61070496 0.21113253
vt 0.5992887 0.22153848
vt 0.60929435 0.20302677
vt 0.59855795 0.21039736
vt 0.5885321 0.22614676
vt 0.6226795 0.22472626
vt 0.63289636 0.22614682
vt 0.6351048 0.2175644
vt 0.6308023 0.2081492
vt 0.6387897 0.2052306
vt 0.3473628 0.79862386
vt 0.32706422 0.79114705
vt 0.34716082 0.79324895
vt 0.36192662 0.79862386
vt 0.3453532 0.7870129
vt 0.35263637 0.78669727
vt 0.36073413 0.7944786
vt 0.71605504 0.9793578
vt 0.70963305 0.98207873
vt 0.7104878 0.988622
vt 0.71605504 0.9922018
vt 0.6334862 0.9105505
vt 0.62247705 0.9105505
vt 0.62725717 0.9151376
vt 0.30688572 0.9701835
vt 0.30941716 0.96683717
vt 0.31299153 0.9687273
vt 0.30298662 0.95917434
vt 0.31175566 0.9650346
vt 0.29182398 0.9594507
vt 0.28302753 0.9701835
vt 0.31605506 0.9597182
vt 0.7375087 0.9797147
vt 0.74141484 0.9866087
vt 0.73199636 0.98669726
vt 0.74048173 0.98035216
vt 0.7217619 0.979426
vt 0.7242368 0.976034
vt 0.7077982 0.97385323
vt 0.7454128 0.98024535
vt 0.74129874 0.97385323
vt 0.70209044 0.9169282
vt 0.7011526 0.9103002
vt 0.7169725 0.91697246
vt 0.68944955 0.90963304
vt 0.68980575 0.91697246
vt 0.6014666 0.9111365
vt 0.5866972 0.9004587
vt 0.60752493 0.9016036
vt 0.6143329 0.9060504
vt 0.6215596 0.9004587
vt 0.6113391 0.91422015
vt 0.32522935 0.9977064
vt 0.30783483 0.9848624
vt 0.319022 0.98517126
vt 0.30439207 0.99306875
vt 0.30150402 0.9977064
vt 0.29331023 0.98972535
vt 0.29036698 0.9951443
vt 0.76478183 0.990367
vt 0.7524899 0.9931364
vt 0.751071 0.990367
vt 0.76466894 0.99616903
vt 0.78119266 0.9927502
vt 0.75341034 0.9995413
vt 0.74873817 0.9945907
vt 0.7443882 0.992041
vt 0.74174315 0.998445
vt 0.56624484 0.70129555
vt 0.57916766 0.69260705
vt 0.5866972 0.7113115
vt 0.5722991 0.6885321
vt 0.55966514 0.719838
vt 0.5559674 0.7012578
vt 0.5674887 0.72220975
vt 0.5588837 0.73249626
vt 0.5475988 0.73033774
vt 0.5417431 0.7472477
vt 0.5541843 0.711905
vt 0.5417431 0.7193169
vt 0.5593462 0.7070965
vt 0.5659712 0.7119987
vt 0.56907475 0.70561177
vt 0.5643502 0.7038844
vt 0.5442226 0.690607
vt 0.560166 0.6891738
vt 0.44443226 0.74061954
vt 0.45298097 0.7460615
vt 0.4364437 0.7452282
vt 0.4588248 0.73899084
vt 0.43256882 0.73899084
vt 0.46706286 0.750924
vt 0.4843722 0.7464331
vt 0.45755655 0.75587064
vt 0.4680951 0.7592362
vt 0.4707107 0.7560131
vt 0.44941998 0.7600917
vt 0.47993955 0.7526585
vt 0.50137615 0.7537293
vt 0.94456875 0.12339449
vt 0.9555046 0.12899852
vt 0.9438248 0.1357013
vt 0.95392305 0.13809264
vt 0.94793195 0.15873528
vt 0.93899083 0.16221952
vt 0.9416757 0.17257643
vt 0.9527364 0.17243087
vt 0.95092684 0.18301594
vt 0.94232446 0.18832523
vt 0.9507525 0.1977104
vt 0.9458616 0.20977843
vt 0.9555046 0.20722204
vt 0.9476335 0.21605504
vt 0.85458714 0.093780756
vt 0.84266055 0.08622515
vt 0.8428108 0.10045874
vt 0.85458714 0.07478297
vt 0.8525767 0.072018325
vt 0.96656996 0.65673715
vt 0.9589649 0.6509174
vt 0.9766055 0.6511133
vt 0.95783263 0.66284406
vt 0.9453919 0.6560422
vt 0.93737894 0.6511133
vt 0.93808085 0.66250944
vt 0.93351686 0.6546758
vt 0.9178899 0.6597749
vt 0.58099425 0.592785
vt 0.58761466 0.6013762
vt 0.5663105 0.5961345
vt 0.56484985 0.57388943
vt 0.56961805 0.549577
vt 0.5601698 0.5432692
vt 0.58568734 0.559379
vt 0.5757276 0.52790743
vt 0.5566035 0.52154076
vt 0.55821913 0.49010074
vt 0.57178825 0.49540174
vt 0.5361611 0.4875756
vt 0.5445182 0.4774477
vt 0.54099387 0.46966308
vt 0.55802405 0.46279997
vt 0.57344127 0.45804203
vt 0.55013657 0.44242668
vt 0.54328614 0.45468867
vt 0.5643235 0.43713617
vt 0.551952 0.42214972
vt 0.57785356 0.4375701
vt 0.58761466 0.4443801
vt 0.5415159 0.41624725
vt 0.53429 0.42900038
vt 0.549072 0.4086218
vt 0.538655 0.40350497
vt 0.5443805 0.39954126
vt 0.5309459 0.409248
vt 0.53160584 0.45567298
vt 0.5288991 0.46020913
vt 0.25256324 0.967908
vt 0.23790608 0.95917434
vt 0.25413415 0.9593061
vt 0.24428445 0.98247135
vt 0.25458714 0.9856432
vt 0.2443949 0.9995413
vt 0.22818105 0.995377
vt 0.23285106 0.99037236
vt 0.2259518 0.9783273
vt 0.22029722 0.9814156
vt 0.21954292 0.99424434
vt 0.21422018 0.96706194
vt 0.21422018 0.98654675
vt 0.061843738 0.41019285
vt 0.056422018 0.38092124
vt 0.07400809 0.39659953
vt 0.08259931 0.3771758
vt 0.09727193 0.39099813
vt 0.09324937 0.36913395
vt 0.1068385 0.3724451
vt 0.12590007 0.38047105
vt 0.120663606 0.3629769
vt 0.1054689 0.356422
vt 0.14493792 0.37004888
vt 0.15582033 0.40144813
vt 0.17871337 0.38035774
vt 0.17764285 0.4083407
vt 0.16735347 0.42368793
vt 0.18478817 0.42276204
vt 0.19311927 0.3924322
vt 0.14588629 0.4176103
vt 0.1837348 0.43735278
vt 0.15862638 0.43160856
vt 0.1354042 0.42276537
vt 0.13880502 0.43814462
vt 0.14786175 0.4537214
vt 0.13438584 0.46546972
vt 0.1624407 0.45188034
vt 0.16950992 0.44844782
vt 0.12536632 0.42955065
vt 0.16527224 0.45854127
vt 0.117202856 0.41021746
vt 0.14239414 0.477001
vt 0.12673467 0.48085678
vt 0.13047226 0.49307257
vt 0.15351976 0.49119425
vt 0.11945259 0.48913538
vt 0.1654991 0.47265333
vt 0.1284304 0.4000051
vt 0.115054645 0.41721827
vt 0.11165749 0.4779148
vt 0.099495046 0.47774696
vt 0.1694211 0.46170187
vt 0.17049436 0.48206878
vt 0.18012993 0.49311924
vt 0.17342468 0.47528893
vt 0.1841452 0.48248136
vt 0.18181197 0.4691717
vt 0.19311927 0.47808814
vt 0.1736425 0.4665333
vt 0.093635716 0.41204143
vt 0.09781669 0.42408478
vt 0.1198127 0.44175732
vt 0.12824076 0.44723022
vt 0.117243916 0.46109182
vt 0.82247704 0.61238533
vt 0.8171623 0.62247705
vt 0.81055045 0.61238533
vt 0.61758286 0.8545946
vt 0.6353211 0.86127937
vt 0.6239047 0.8444954
vt 0.6160551 0.85967714
vt 0.6353211 0.84586114
vt 0.61821336 0.8637615
vt 0.92330116 0.99371743
vt 0.933862 0.99463195
vt 0.93440366 0.99021727
vt 0.91999054 0.99637026
vt 0.90826327 0.98669726
vt 0.89770645 0.9995413
vt 0.9158466 0.9995413
vt 0.8084993 0.6403049
vt 0.7995413 0.6294741
vt 0.8095895 0.6368493
vt 0.7995745 0.6243119
vt 0.8154154 0.64541286
vt 0.8180271 0.6394595
vt 0.801195 0.64307815
vt 0.82568365 0.64466923
vt 0.8288991 0.628455
vt 0.82079464 0.6243119
vt 0.82159716 0.23963845
vt 0.8463303 0.23807341
vt 0.84244967 0.2895211
vt 0.8242572 0.2624073
vt 0.8232908 0.2945665
vt 0.82724494 0.31237543
vt 0.8374992 0.31420213
vt 0.8197248 0.31729817
vt 0.82525253 0.3565234
vt 0.8341876 0.34752107
vt 0.8411019 0.38211012
vt 0.8463303 0.33699906
vt 0.10321101 0.9298165
vt 0.075747095 0.9216802
vt 0.10081645 0.91697246
vt 0.07371885 0.92914027
vt 0.048900656 0.92781913
vt 0.041924953 0.92135584
vt 0.030704817 0.9271162
vt 0.028893642 0.9218796
vt 0.018840862 0.9279143
vt 0.008984871 0.92428803
vt 0.0004587156 0.9298165
vt 0.70034486 0.31330276
vt 0.70585275 0.32243848
vt 0.6895958 0.3312893
vt 0.7047013 0.35605377
vt 0.6857798 0.31797594
vt 0.689493 0.3626392
vt 0.70178264 0.3849913
vt 0.68993676 0.38866115
vt 0.71605504 0.3870926
vt 0.7010428 0.41666013
vt 0.714281 0.41966283
vt 0.6928712 0.4075817
vt 0.69119453 0.44378996
vt 0.6967745 0.4489903
vt 0.68737864 0.45878983
vt 0.70781964 0.45665056
vt 0.69228894 0.46480262
vt 0.69695914 0.4719721
vt 0.6857798 0.47477067
vt 0.92513543 0.39374912
vt 0.9087156 0.39587152
vt 0.9103428 0.38227832
vt 0.9288991 0.378258
vt 0.92137456 0.36007112
vt 0.91019905 0.3510002
vt 0.92316085 0.338246
vt 0.9087156 0.32497996
vt 0.9285854 0.3699419
vt 0.9248129 0.3148439
vt 0.92544687 0.29495412
vt 0.97201836 0.031134844
vt 0.9852927 0.011523128
vt 0.98669726 0.033486247
vt 0.97962487 0.007916391
vt 0.98669726 0.00045871735
vt 0.5357763 0.19220185
vt 0.5224771 0.19862384
vt 0.54541284 0.19862384
vt 0.4940367 0.22798169
vt 0.4940367 0.24816513
vt 0.503211 0.23478925
vt 0.49311927 0.22798169
vt 0.48835254 0.2305026
vt 0.49311927 0.24816513
vt 0.48394495 0.23479182
vt 0.46480435 0.2519294
vt 0.45982194 0.25510347
vt 0.46559632 0.2582569
vt 0.4555046 0.25303268
vt 0.46559632 0.24633026
vt 0.94026315 0.74172384
vt 0.91822535 0.7268331
vt 0.9365732 0.7261468
vt 0.924413 0.74517405
vt 0.95782787 0.7329115
vt 0.9601939 0.74636465
vt 0.9655963 0.7589484
vt 0.9589351 0.76457036
vt 0.94716215 0.7702329
vt 0.9377773 0.75797725
vt 0.95868444 0.7766055
vt 0.92992556 0.7766055
vt 0.93003476 0.7601175
vt 0.9151376 0.7549621
vt 0.72865576 0.009039521
vt 0.7162631 0.016972482
vt 0.70688075 0.007647872
vt 0.7331381 0.012225926
vt 0.71856767 0.001376152
vt 0.73103863 0.0028355718
vt 0.7368665 0.010737777
vt 0.73954785 0.0014660954
vt 0.7473971 0.007850707
vt 0.75091743 0.0045274496
vt 0.7454974 0.015247166
vt 0.73880035 0.016972482
vt 0.9692552 0.15275228
vt 0.98669726 0.13715595
vt 0.96477956 0.14113146
vt 0.98616284 0.15275228
vt 0.9582569 0.14641392
vt 0.98205924 0.97241974
vt 0.9844478 0.9711009
vt 0.9848624 0.97385323
vt 0.9802752 0.97385323
vt 0.98668873 0.9767144
vt 0.9885321 0.9765861
vt 0.9857798 0.97477067
vt 0.9857798 0.97844034
vt 0.53623855 0.15131849
vt 0.53623855 0.15642202
vt 0.5380734 0.14999998
vt 0.5210169 0.20584285
vt 0.5444954 0.19954127
vt 0.53019005 0.20858288
vt 0.5177006 0.20849538
vt 0.5135793 0.20571351
vt 0.511538 0.19989264
vt 0.5152261 0.20746994
vt 0.50181943 0.19954127
vt 0.5093869 0.20752239
vt 0.51539457 0.2097137
vt 0.51786155 0.21797597
vt 0.5133697 0.22208452
vt 0.5083442 0.21561563
vt 0.5102418 0.24174309
vt 0.50137615 0.20605421
vt 0.5205933 0.21533465
vt 0.522393 0.21035492
vt 0.5297112 0.2181896
vt 0.53574055 0.2281431
vt 0.5426682 0.22845447
vt 0.5472477 0.20412844
vt 0.5503121 0.19587159
vt 0.55366975 0.20412844
vt 0.63715595 0.34633029
vt 0.64266056 0.34167576
vt 0.63715595 0.32706422
vt 0.39976132 0.25917435
vt 0.39648736 0.25389445
vt 0.40453014 0.25183487
vt 0.3940367 0.25451958
vt 0.41055045 0.25917435
vt 0.32404402 0.22339451
vt 0.32005945 0.22095811
vt 0.31330276 0.22339451
vt 0.31631067 0.2178899
vt 0.32614678 0.21860468
vt 0.7680757 0.017063439
vt 0.7701835 0.02247703
vt 0.76273805 0.013302743
vt 0.74633026 0.0184291
vt 0.7592548 0.02247709
vt 0.30989096 0.94308555
vt 0.317975 0.9398358
vt 0.31317645 0.95590717
vt 0.31880733 0.9315624
vt 0.3044914 0.95736384
vt 0.28817126 0.9507199
vt 0.27291 0.9231452
vt 0.3040745 0.9336139
vt 0.29213524 0.91665226
vt 0.3081684 0.9210294
vt 0.26073653 0.94273055
vt 0.24908257 0.9299863
vt 0.25254762 0.95110434
vt 0.25796503 0.9059633
vt 0.28214145 0.9582569
vt 0.2767007 0.9139154
vt 0.30257207 0.9148179
vt 0.30748585 0.9059633
vt 0.3127839 0.07575977
vt 0.3129652 0.06994754
vt 0.3159585 0.06824988
vt 0.31264096 0.080999255
vt 0.3073355 0.08271563
vt 0.32561338 0.07734108
vt 0.31318477 0.060091734
vt 0.31013468 0.09311926
vt 0.33240876 0.09311926
vt 0.34908256 0.0880726
vt 0.30229357 0.088193595
vt 0.34769621 0.06280744
vt 0.3123744 0.067472756
vt 0.3087965 0.07528275
vt 0.9802752 0.96535635
vt 0.9848624 0.96535635
vt 0.98336834 0.962844
vt 0.9838039 0.96651375
vt 0.98266464 0.9674312
vt 0.9848624 0.96781665
vt 0.9802752 0.96781665
vt 0.9814462 0.9701835
vt 0.39091304 0.2640494
vt 0.39220184 0.28597307
vt 0.36092296 0.25882363
vt 0.37416825 0.28726876
vt 0.36508796 0.2728085
vt 0.361553 0.293496
vt 0.35365653 0.26200795
vt 0.33833322 0.26221412
vt 0.34078008 0.2876556
vt 0.34389043 0.31605506
vt 0.32247707 0.31262583
vt 0.3294716 0.2451396
vt 0.32373655 0.25460672
vt 0.32247707 0.24193501
vt 0.33520567 0.22155964
vt 0.9802752 0.93440366
vt 0.9821101 0.93715596
vt 0.9818909 0.93440366
vt 0.38944954 0.7325688
vt 0.3766055 0.7325688
vt 0.3836385 0.737156
vt 0.97646374 0.9353211
vt 0.9793578 0.9349593
vt 0.9780137 0.93440366
vt 0.9756881 0.9349593
vt 0.35184234 0.22382766
vt 0.34791705 0.2167508
vt 0.35366973 0.2151376
vt 0.34633029 0.22092783
vt 0.34960833 0.22574174
vt 0.35366973 0.22975671
vt 0.34771758 0.23073393
vt 0.5417431 0.21325636
vt 0.54541284 0.20229357
vt 0.54541284 0.21579659
vt 0.54297286 0.21972477
vt 0.80137616 0.75825685
vt 0.80154914 0.77332866
vt 0.8074771 0.7584757
vt 0.80908865 0.7694172
vt 0.81361693 0.7626476
vt 0.8132515 0.7738532
vt 0.81605506 0.75825685
vt 0.6433356 0.2963724
vt 0.64908254 0.3039993
vt 0.64591086 0.30772227
vt 0.64693886 0.28764594
vt 0.6380734 0.31513762
vt 0.6380734 0.27477062
vt 0.38036993 0.7713394
vt 0.36743122 0.7399083
vt 0.38722864 0.7657102
vt 0.38761467 0.77458745
vt 0.38025618 0.78588206
vt 0.3674312 0.7838136
vt 0.3721741 0.7912844
vt 0.5325688 0.16192663
vt 0.5325688 0.15550458
vt 0.5298165 0.16007203
vt 0.5784405 0.47689784
vt 0.5796696 0.4727714
vt 0.5819559 0.47828376
vt 0.5843404 0.4726926
vt 0.5885818 0.47646803
vt 0.596789 0.4677086
vt 0.58089924 0.48989046
vt 0.596789 0.4948256
vt 0.5766055 0.48551357
vt 0.58197826 0.5095329
vt 0.594973 0.509633
vt 0.58250946 0.46651375
vt 0.52563053 0.17293578
vt 0.5224771 0.16743124
vt 0.5298165 0.16743118
vt 0.52344394 0.17151129
vt 0.9793578 0.9087156
vt 0.97606176 0.925393
vt 0.9729358 0.9262861
vt 0.9753827 0.9293138
vt 0.9766684 0.9325688
vt 0.9793578 0.9304903
vt 0.9740473 0.93033725
vt 0.6024083 0.8660976
vt 0.5953827 0.856422
vt 0.60574234 0.8610265
vt 0.6068807 0.87273604
vt 0.59399354 0.8975663
vt 0.6068807 0.8986238
vt 0.5912844 0.8828874
vt 0.9875743 0.9568785
vt 0.9885321 0.9619266
vt 0.9830275 0.95811945
vt 0.9862122 0.9560799
vt 0.9861011 0.95183486
vt 0.9885321 0.95215136
vt 0.5894495 0.25453442
vt 0.5894495 0.23514402
vt 0.59587157 0.23755413
vt 0.5934771 0.22889906
vt 0.5912044 0.25767887
vt 0.5915077 0.2766055
vt 0.011877974 0.2585159
vt 0.016884573 0.2793578
vt 0.017889908 0.2552489
vt 0.005278447 0.24515474
vt 0.003211009 0.2545492
vt 0.0157634 0.24213469
vt 0.003211009 0.23807341
vt 0.90431124 0.65360993
vt 0.8974248 0.6591743
vt 0.890367 0.64688146
vt 0.9013249 0.64387196
vt 0.890367 0.62187237
vt 0.9152553 0.6514703
vt 0.9176988 0.64371854
vt 0.9118483 0.62016696
vt 0.93165135 0.62564135
vt 0.92674696 0.6067052
vt 0.91551423 0.5967596
vt 0.90191996 0.5946826
vt 0.91961515 0.59538275
vt 0.9200604 0.59048635
vt 0.9236828 0.59627515
vt 0.9200245 0.5811927
vt 0.86559635 0.7892416
vt 0.86607546 0.796789
vt 0.87136865 0.7803243
vt 0.86585027 0.7726445
vt 0.8830275 0.7516534
vt 0.86980665 0.7458658
vt 0.87747777 0.7336113
vt 0.86559635 0.7270642
vt 0.64152515 0.79080397
vt 0.6492417 0.79109496
vt 0.65 0.79823613
vt 0.64638156 0.7830636
vt 0.6380734 0.79862386
vt 0.6380734 0.7766055
vt 0.53724205 0.9830859
vt 0.5337518 0.9775467
vt 0.55172867 0.9711009
vt 0.52160364 0.9849897
vt 0.553151 0.99311924
vt 0.54122543 0.99303013
vt 0.5665138 0.98147666
vt 0.5178899 0.9749702
vt 0.53308606 0.9884469
vt 0.52959764 0.9711009
vt 0.5111405 0.879314
vt 0.50941265 0.8604634
vt 0.51554835 0.87000513
vt 0.52775604 0.89780265
vt 0.5254211 0.885298
vt 0.5089454 0.90229356
vt 0.50137293 0.87840503
vt 0.5004587 0.8632845
vt 0.5508502 0.89911
vt 0.54140556 0.88698107
vt 0.55414695 0.8743226
vt 0.5632084 0.90229356
vt 0.5624289 0.8669449
vt 0.5817739 0.87397367
vt 0.5747001 0.9017104
vt 0.5589795 0.8510877
vt 0.5848624 0.8498845
vt 0.5420007 0.8662824
vt 0.54265225 0.8558208
vt 0.5465396 0.8444954
vt 0.526662 0.87422645
vt 0.53956383 0.84675884
vt 0.53650415 0.8545754
vt 0.5298486 0.85778505
vt 0.5396801 0.8600513
vt 0.43264607 0.95218563
vt 0.43929446 0.94766724
vt 0.4394711 0.95458716
vt 0.4251861 0.944242
vt 0.43433297 0.9429543
vt 0.41513762 0.9489456
vt 0.41847962 0.9408257
vt 0.44816515 0.9408257
vt 0.9775229 0.45825684
vt 0.98302585 0.44905668
vt 0.98519826 0.45441043
vt 0.98165286 0.44382876
vt 0.9857798 0.44032335
vt 0.9775229 0.42981648
vt 0.88944954 0.35034442
vt 0.8986238 0.34357798
vt 0.8986238 0.35171616
vt 0.89576733 0.3655963
vt 0.9793578 0.9636592
vt 0.9733452 0.9701157
vt 0.9651227 0.9622796
vt 0.9630587 0.97125894
vt 0.9616429 0.9587006
vt 0.93721944 0.9655072
vt 0.9711608 0.9555046
vt 0.95510924 0.97477067
vt 0.94399637 0.9555046
vt 0.93026793 0.95723206
vt 0.9114679 0.9658632
vt 0.9318139 0.97171193
vt 0.9364111 0.356422
vt 0.9380734 0.37050986
vt 0.9311047 0.36831546
vt 0.9307339 0.3747524
vt 0.9380734 0.38944954
vt 0.17110091 0.9395744
vt 0.18806376 0.9334205
vt 0.18614575 0.9465398
vt 0.18756063 0.92548287
vt 0.19305193 0.9449635
vt 0.20077457 0.94230205
vt 0.20283486 0.92155963
vt 0.18490294 0.9582569
vt 0.19944341 0.9524218
vt 0.20898275 0.94789124
vt 0.20726033 0.93979245
vt 0.21418354 0.94106925
vt 0.22502215 0.9461206
vt 0.21489412 0.95570004
vt 0.22114252 0.93574846
vt 0.23558101 0.94305927
vt 0.23733501 0.95311046
vt 0.24138598 0.94357586
vt 0.22881578 0.956362
vt 0.24723992 0.9498342
vt 0.23595583 0.93325526
vt 0.24520902 0.95452356
vt 0.25550458 0.9582569
vt 0.21102463 0.93223107
vt 0.15433925 0.9893051
vt 0.13348624 0.981566
vt 0.14853194 0.9722526
vt 0.16968484 0.97577876
vt 0.16872165 0.9674312
vt 0.17110091 0.98944956
vt 0.15458214 0.9674312
vt 0.9206422 0.39954126
vt 0.9206422 0.4114679
vt 0.9253944 0.40953016
vt 0.93375343 0.40503854
vt 0.9353211 0.40289325
vt 0.8821101 0.44692147
vt 0.89439964 0.445405
vt 0.8890414 0.46412408
vt 0.89220786 0.42807043
vt 0.89833033 0.47576106
vt 0.9046481 0.4399289
vt 0.88874924 0.48284274
vt 0.89993757 0.49582028
vt 0.8851538 0.4967103
vt 0.9134125 0.4622842
vt 0.92073154 0.49244183
vt 0.9247825 0.48036182
vt 0.9164812 0.5022936
vt 0.9288991 0.49470943
vt 0.92603296 0.44548166
vt 0.9127506 0.436661
vt 0.92091674 0.42813998
vt 0.90743256 0.42409623
vt 0.9288991 0.4261465
vt 0.91194487 0.41972476
vt 0.8990277 0.42950344
vt 0.68944955 0.15663826
vt 0.6924578 0.13839853
vt 0.7138506 0.16036606
vt 0.7151941 0.13299572
vt 0.7044759 0.18095434
vt 0.73443645 0.19670182
vt 0.7543321 0.18784297
vt 0.7121133 0.20304489
vt 0.7290661 0.2178899
vt 0.7615216 0.20937884
vt 0.7766055 0.20494819
vt 0.73769087 0.14909416
vt 0.724799 0.117087424
vt 0.73654324 0.13010645
vt 0.7499274 0.120898366
vt 0.7562731 0.13841987
vt 0.7549937 0.15082645
vt 0.76711047 0.152794
vt 0.7763544 0.13082647
vt 0.77043885 0.11954206
vt 0.76062244 0.105498314
vt 0.7401707 0.103854656
vt 0.7766055 0.107923925
vt 0.754398 0.096789
vt 0.68869644 0.94045365
vt 0.6821101 0.93780655
vt 0.69483197 0.9313595
vt 0.6908648 0.94098794
vt 0.70238227 0.94031066
vt 0.7106133 0.9305419
vt 0.7052386 0.92512697
vt 0.72145736 0.9337144
vt 0.71748126 0.9233945
vt 0.7257176 0.9263259
vt 0.73457986 0.93649805
vt 0.73667645 0.9261847
vt 0.7373318 0.94908255
vt 0.7613444 0.9302688
vt 0.7500408 0.9242726
vt 0.76404834 0.9473092
vt 0.771511 0.94172114
vt 0.77000237 0.9233945
vt 0.7747706 0.9285531
vt 0.23058152 0.36082828
vt 0.25550458 0.36009175
vt 0.245015 0.3637151
vt 0.21544541 0.36986482
vt 0.20133217 0.36533332
vt 0.18446022 0.36800283
vt 0.19124731 0.3766055
vt 0.17563516 0.37507117
vt 0.16100918 0.3673036
vt 0.1672631 0.36009175
vt 0.83814645 0.86367995
vt 0.83287823 0.84582525
vt 0.84431285 0.84423906
vt 0.83843005 0.8299857
vt 0.84828424 0.86271095
vt 0.85259366 0.8448568
vt 0.85406107 0.8310125
vt 0.86039835 0.8600822
vt 0.8646789 0.8479315
vt 0.8524021 0.87018347
vt 0.86224574 0.8393766
vt 0.83805 0.82023335
vt 0.8519554 0.817933
vt 0.8319721 0.8172308
vt 0.84258413 0.8114061
vt 0.82075524 0.826526
vt 0.82265604 0.81417847
vt 0.83042884 0.80690885
vt 0.8197248 0.8048123
vt 0.8430932 0.8026171
vt 0.85197634 0.79702914
vt 0.83707935 0.794043
vt 0.84449846 0.7888975
vt 0.850184 0.78248876
vt 0.8646789 0.77650815
vt 0.83831006 0.7810461
vt 0.84334683 0.77062595
vt 0.8539441 0.76942843
vt 0.84785557 0.7561457
vt 0.863853 0.7555046
vt 0.09563848 0.8904557
vt 0.104324184 0.89576817
vt 0.104833305 0.88669723
vt 0.0912844 0.89808005
vt 0.12031141 0.88669723
vt 0.11208633 0.9087156
vt 0.097469546 0.9067732
vt 0.121559635 0.897832
vt 0.23747657 0.77243596
vt 0.23678717 0.76110363
vt 0.24590401 0.7740754
vt 0.21365328 0.7692624
vt 0.21238533 0.7630631
vt 0.21760106 0.7615866
vt 0.22188601 0.76631117
vt 0.21689193 0.7767482
vt 0.22211792 0.7578454
vt 0.22876106 0.7527523
vt 0.24698156 0.7590624
vt 0.24233802 0.7535204
vt 0.25489572 0.7527523
vt 0.2414803 0.7840957
vt 0.25730932 0.7876147
vt 0.22222267 0.7840276
vt 0.21788345 0.75937074
vt 0.2558938 0.7786482
vt 0.27018347 0.7850698
vt 0.37957114 0.29857892
vt 0.3766055 0.30871558
vt 0.3766055 0.29128444
vt 0.38395923 0.3040557
vt 0.38669726 0.2958575
vt 0.3206422 0.27018344
vt 0.31605506 0.27886134
vt 0.3206422 0.28394496
vt 0.7107486 0.2192623
vt 0.7071229 0.23347193
vt 0.6996061 0.22303843
vt 0.69391716 0.2099461
vt 0.7251315 0.23268819
vt 0.7085113 0.24477124
vt 0.7049629 0.20165199
vt 0.7209479 0.21396536
vt 0.7008179 0.18669724
vt 0.71798867 0.24745786
vt 0.7298946 0.24239051
vt 0.7056175 0.26056826
vt 0.7145351 0.25802875
vt 0.69915044 0.2545492
vt 0.73385537 0.24959958
vt 0.7253668 0.25900137
vt 0.7371189 0.25784934
vt 0.69337314 0.27501786
vt 0.6868152 0.27230954
vt 0.69362533 0.27122378
vt 0.68836296 0.27528256
vt 0.6840634 0.27688277
vt 0.68556607 0.26958233
vt 0.6894967 0.27874863
vt 0.68394494 0.28052884
vt 0.6963774 0.28362507
vt 0.69740075 0.27465308
vt 0.69902426 0.26705503
vt 0.7033215 0.28696114
vt 0.70071554 0.2803051
vt 0.7000452 0.29036212
vt 0.7011758 0.2763083
vt 0.70400393 0.2702986
vt 0.7072491 0.27598977
vt 0.75805664 0.22397202
vt 0.7605517 0.21896052
vt 0.76585466 0.21942472
vt 0.74638236 0.22778332
vt 0.7486306 0.23609567
vt 0.7338061 0.23487961
vt 0.75853246 0.23186582
vt 0.7570971 0.23553514
vt 0.7470539 0.26248765
vt 0.7664332 0.23559308
vt 0.75592834 0.2927727
vt 0.7766055 0.25487137
vt 0.73222 0.29318696
vt 0.7325723 0.31248844
vt 0.7766055 0.3173325
vt 0.77399105 0.23505169
vt 0.7394337 0.3224771
vt 0.71304655 0.31212085
vt 0.7673041 0.22256792
vt 0.73171735 0.27134454
vt 0.7268257 0.26108694
vt 0.71342736 0.26729155
vt 0.71774817 0.27689326
vt 0.71087694 0.27233988
vt 0.22522935 0.7083202
vt 0.2347004 0.70412844
vt 0.22742136 0.71620435
vt 0.23639002 0.71525115
vt 0.24696761 0.7178899
vt 0.24560203 0.70830876
vt 0.26009175 0.7117791
vt 0.25972423 0.70412844
vt 0.015137615 0.4114679
vt 0.008715596 0.41910917
vt 0.015137615 0.42247707
vt 0.9583014 0.9440886
vt 0.96037275 0.9465244
vt 0.95755696 0.95183486
vt 0.9643016 0.9424195
vt 0.96037406 0.9296921
vt 0.9793578 0.940269
vt 0.94666815 0.933643
vt 0.9504005 0.920164
vt 0.943578 0.9161073
vt 0.96787703 0.90503436
vt 0.958582 0.90152013
vt 0.9793578 0.89644104
vt 0.97346324 0.8885321
vt 0.36204147 0.30215895
vt 0.35825688 0.30726397
vt 0.36137038 0.2988509
vt 0.3675989 0.29380596
vt 0.37568808 0.31055045
vt 0.37568808 0.28944957
vt 0.23265642 0.7509366
vt 0.22376917 0.75143737
vt 0.2277935 0.7408257
vt 0.21605505 0.7424014
vt 0.23635957 0.7408257
vt 0.23899083 0.75183487
vt 0.6526449 0.6033118
vt 0.6591743 0.6053781
vt 0.652861 0.61571395
vt 0.6362385 0.61245435
vt 0.6400263 0.63073397
vt 0.6482348 0.59777087
vt 0.6591743 0.5885321
vt 0.6373078 0.6002567
vt 0.15261191 0.705481
vt 0.14948967 0.71146786
vt 0.14769466 0.7021059
vt 0.15733945 0.70137614
vt 0.13899082 0.70137614
vt 0.18002707 0.70963305
vt 0.18119267 0.703211
vt 0.17568807 0.703211
vt 0.3243119 0.2705335
vt 0.32266685 0.2760238
vt 0.32155964 0.27018344
vt 0.32155964 0.2848624
vt 0.32690808 0.99658257
vt 0.34025505 0.9865771
vt 0.3233945 0.9802752
vt 0.35553288 0.9995413
vt 0.35754287 0.9802752
vt 0.37293577 0.9956197
vt 0.9876147 0.6338522
vt 0.9777507 0.64208883
vt 0.9723554 0.6312158
vt 0.97201836 0.64541286
vt 0.98247325 0.62409395
vt 0.97201836 0.62066716
vt 0.97922474 0.61330277
vt 0.97860074 0.69862384
vt 0.97742885 0.7001726
vt 0.97581095 0.700609
vt 0.9781419 0.7011465
vt 0.96985984 0.7065044
vt 0.9876147 0.705113
vt 0.9869637 0.7151881
vt 0.96651375 0.7252294
vt 0.98092186 0.72382045
vt 0.96651375 0.69960165
vt 0.9863852 0.8169725
vt 0.9855817 0.8142202
vt 0.98669726 0.8157134
vt 0.9756881 0.8169725
vt 0.9802752 0.8087156
vt 0.9817789 0.809633
vt 0.9830275 0.8087156
vt 0.6395869 0.8610092
vt 0.6708603 0.8434303
vt 0.6833542 0.8544292
vt 0.647794 0.8369828
vt 0.67949516 0.83779377
vt 0.67542475 0.82540566
vt 0.70686597 0.84045744
vt 0.6888112 0.8207635
vt 0.7176001 0.8206165
vt 0.7145749 0.8117885
vt 0.72850406 0.8328446
vt 0.7324716 0.8195652
vt 0.7325688 0.8541901
vt 0.72104955 0.858
vt 0.7269582 0.8082506
vt 0.7002616 0.8031185
vt 0.6820783 0.8057285
vt 0.6924793 0.7901195
vt 0.67297965 0.7932875
vt 0.70683783 0.7916234
vt 0.6975988 0.7801295
vt 0.7154333 0.80517364
vt 0.7244003 0.79429895
vt 0.71295184 0.7831599
vt 0.72850335 0.78261137
vt 0.7325688 0.7969218
vt 0.7039364 0.77640396
vt 0.66240776 0.80753195
vt 0.67812216 0.7808752
vt 0.6591103 0.7940323
vt 0.66248316 0.8227656
vt 0.6533671 0.79201216
vt 0.66369426 0.78740734
vt 0.6728565 0.7798665
vt 0.65912217 0.77803236
vt 0.66323835 0.7674312
vt 0.64487123 0.76939017
vt 0.6389908 0.84419036
vt 0.7204747 0.95895684
vt 0.728676 0.95642346
vt 0.725787 0.97005177
vt 0.714855 0.9509174
vt 0.7413595 0.9680395
vt 0.74646634 0.9621413
vt 0.7493405 0.9739614
vt 0.7087362 0.9678721
vt 0.7041612 0.960818
vt 0.7004587 0.95123696
vt 0.7005036 0.97477067
vt 0.7531523 0.97477067
vt 0.7591743 0.9728108
vt 0.4472477 0.9454128
vt 0.4472477 0.95917434
vt 0.44266054 0.9542403
vt 0.96419364 0.87077594
vt 0.97385323 0.8721696
vt 0.9673788 0.85082203
vt 0.96689844 0.89090145
vt 0.9462222 0.8476624
vt 0.9489871 0.8408257
vt 0.94370866 0.866323
vt 0.9293361 0.86229044
vt 0.9555854 0.8848424
vt 0.9374058 0.8895477
vt 0.94628614 0.8940367
vt 0.9268553 0.8940367
vt 0.92673606 0.8826122
vt 0.9206422 0.8902935
vt 0.93338805 0.84256566
vt 0.92393094 0.8507168
vt 0.44816515 0.9454128
vt 0.44816515 0.95917434
vt 0.4527523 0.9588278
vt 0.38708305 0.9215596
vt 0.37134978 0.91757
vt 0.38639823 0.91025025
vt 0.35681912 0.9070513
vt 0.40418458 0.9150051
vt 0.40463126 0.8960096
vt 0.41263682 0.92155963
vt 0.4158002 0.8990968
vt 0.41408503 0.88456595
vt 0.39934483 0.8846449
vt 0.42155963 0.8869428
vt 0.41780055 0.87301445
vt 0.3961905 0.86907375
vt 0.40833852 0.8658257
vt 0.41389158 0.8820574
vt 0.40194082 0.85458714
vt 0.39299205 0.8612722
vt 0.3835533 0.8673775
vt 0.3796066 0.87872946
vt 0.38836455 0.8931874
vt 0.36669084 0.88918257
vt 0.3614823 0.8713298
vt 0.35458717 0.8836397
vt 0.9011111 0.40603942
vt 0.9105505 0.40192103
vt 0.91023546 0.4147765
vt 0.8912844 0.40528643
vt 0.901497 0.4167205
vt 0.8912844 0.42522937
vt 0.89836967 0.39311928
vt 0.9808058 0.8281066
vt 0.97664595 0.8389908
vt 0.9701835 0.8303917
vt 0.9767679 0.8215596
vt 0.9843694 0.8335343
vt 0.98599195 0.8287811
vt 0.9876147 0.83882344
vt 0.98653686 0.82552266
vt 0.9871626 0.8290281
vt 0.9864447 0.82660484
vt 0.9876147 0.8290746
vt 0.9639338 0.81880736
vt 0.9683486 0.8215596
vt 0.9619266 0.8215596
vt 0.63568807 0.9729315
vt 0.6275325 0.96884555
vt 0.6327454 0.9645461
vt 0.62262744 0.97548884
vt 0.6113162 0.9754362
vt 0.62009543 0.98512465
vt 0.62168837 0.9594619
vt 0.6041284 0.96697325
vt 0.6092611 0.95733947
vt 0.6090293 0.99862385
vt 0.6389908 0.97492486
vt 0.63055325 0.99862385
vt 0.6355759 0.97883534
vt 0.87220097 0.86559635
vt 0.8805223 0.86923933
vt 0.8711009 0.8783562
vt 0.88427395 0.87588936
vt 0.88269734 0.8839449
vt 0.903211 0.8713929
vt 0.8975943 0.86559635
vt 0.9006019 0.8830987
vt 0.7969126 0.24583805
vt 0.78536284 0.24306506
vt 0.799553 0.22851038
vt 0.7848624 0.2244296
vt 0.7848624 0.26651376
vt 0.7883949 0.209633
vt 0.8088766 0.23692536
vt 0.8071567 0.22917753
vt 0.8196153 0.23641199
vt 0.8206422 0.2273581
vt 0.7926533 0.21394837
vt 0.89954126 0.34303308
vt 0.90504587 0.3407145
vt 0.90504587 0.35550457
vt 0.9037934 0.32798165
vt 0.4892288 0.76319295
vt 0.49521086 0.7681765
vt 0.487519 0.7725976
vt 0.4977064 0.75642204
vt 0.49527335 0.78182894
vt 0.48394495 0.7835883
vt 0.49158067 0.7976331
vt 0.49770635 0.79862386
vt 0.9793383 0.34569293
vt 0.97366416 0.33330494
vt 0.98119265 0.33073395
vt 0.9683486 0.34349525
vt 0.98119265 0.36192662
vt 0.5076052 0.9681604
vt 0.5100867 0.9749274
vt 0.5007189 0.9766055
vt 0.51432633 0.95859206
vt 0.50393575 0.9647716
vt 0.5100434 0.94890606
vt 0.5169725 0.95012206
vt 0.49974775 0.95530236
vt 0.50019705 0.9440254
vt 0.48643753 0.95244026
vt 0.48677295 0.9613699
vt 0.48578933 0.93899083
vt 0.46688494 0.9576854
vt 0.470419 0.96886915
vt 0.45666313 0.965429
vt 0.44541284 0.96389633
vt 0.4468295 0.9766055
vt 0.5024235 0.96189064
vt 0.9676037 0.8119268
vt 0.96926606 0.8127105
vt 0.96795374 0.8178899
vt 0.9684184 0.8112758
vt 0.9679536 0.8104977
vt 0.962844 0.8087156
vt 0.43837878 0.9901647
vt 0.43209046 0.99862385
vt 0.43325162 0.9915993
vt 0.42522937 0.9908469
vt 0.44357798 0.9964622
vt 0.43214524 0.981797
vt 0.44357798 0.96651375
vt 0.45366973 0.9582569
vt 0.45825687 0.94936824
vt 0.45366973 0.9454128
vt 0.43073395 0.96376145
vt 0.44357798 0.96376145
vt 0.44065046 0.96100914
vt 0.029294053 0.8563592
vt 0.020774318 0.8682086
vt 0.011813004 0.859255
vt 0.009008901 0.87018347
vt 0.027208105 0.84413224
vt 0.004359422 0.8412581
vt 0.047493007 0.84117186
vt 0.016860984 0.82725877
vt 0.0004587156 0.8553741
vt 0.029181402 0.8294755
vt 0.074730955 0.86574024
vt 0.067261174 0.868794
vt 0.06643834 0.86171573
vt 0.083944954 0.87018347
vt 0.05964467 0.85480595
vt 0.053072345 0.86733353
vt 0.071987666 0.8310398
vt 0.06726831 0.846697
vt 0.03452478 0.8147029
vt 0.013734908 0.81930476
vt 0.006509058 0.8019507
vt 0.033058036 0.78669727
vt 0.07261228 0.8578514
vt 0.07728409 0.8406017
vt 0.075545974 0.86104316
vt 0.0746995 0.8506855
vt 0.07819107 0.850665
vt 0.018700419 0.18574357
vt 0.01004118 0.1790278
vt 0.009932781 0.16834861
vt 0.018026844 0.198497
vt 0.022263326 0.20360512
vt 0.01955245 0.2116816
vt 0.008715596 0.21345478
vt 0.009015619 0.19896537
vt 0.016683536 0.22339451
vt 0.008715622 0.18907613
vt 0.023394495 0.19981778
vt 0.19834626 0.42290723
vt 0.196789 0.4150126
vt 0.20478259 0.4233945
vt 0.2229599 0.39900053
vt 0.21131644 0.4143328
vt 0.2101551 0.39582324
vt 0.22431193 0.37973702
vt 0.196789 0.37944102
vt 0.19825867 0.39813614
vt 0.21996483 0.37201834
vt 0.36044315 0.83715594
vt 0.3579444 0.8433484
vt 0.36559632 0.8421893
vt 0.35532334 0.84857106
vt 0.35640717 0.83748794
vt 0.36048913 0.8536697
vt 0.35103726 0.85229146
vt 0.35371765 0.84240586
vt 0.34816512 0.83715594
vt 0.4344258 0.72451633
vt 0.43795562 0.7178899
vt 0.44908258 0.7216253
vt 0.43577322 0.73392844
vt 0.4270401 0.73168194
vt 0.44613403 0.737156
vt 0.42845815 0.7362112
vt 0.42155963 0.737156
vt 0.42956138 0.7268611
vt 0.6947355 0.9895919
vt 0.68119264 0.9995413
vt 0.6861306 0.9842957
vt 0.6920761 0.97363895
vt 0.6843205 0.97007746
vt 0.70137614 0.96264523
vt 0.68119264 0.9617388
vt 0.6936202 0.95642203
vt 0.737156 0.991155
vt 0.73005587 0.9995413
vt 0.7265233 0.9932503
vt 0.7226464 0.99820423
vt 0.7144551 0.9942133
vt 0.70605195 0.9983026
vt 0.7000314 0.98669726
vt 0.6885321 0.9995413
vt 0.6362385 0.39733398
vt 0.6362385 0.3766055
vt 0.65183485 0.39326274
vt 0.64208156 0.40259147
vt 0.64846593 0.40238237
vt 0.6455535 0.41092658
vt 0.6380946 0.41438365
vt 0.6417644 0.4168412
vt 0.6495968 0.4130677
vt 0.6414597 0.42522937
vt 0.4472604 0.12668693
vt 0.44266054 0.11950922
vt 0.4579724 0.10596329
vt 0.45825687 0.12239623
vt 0.44501936 0.13623732
vt 0.4579724 0.13796324
vt 0.4554991 0.14999998
vt 0.776481 0.3013761
vt 0.7729704 0.28930342
vt 0.7793578 0.28822315
vt 0.7701835 0.27641505
vt 0.7793578 0.27018344
vt 0.1365438 0.79371923
vt 0.13861807 0.7848624
vt 0.15 0.7940367
vt 0.1332184 0.7882802
vt 0.1206422 0.7940367
vt 0.7521269 0.97844034
vt 0.7580625 0.9841083
vt 0.74174315 0.990367
vt 0.78805494 0.98124325
vt 0.7871178 0.990367
vt 0.8087156 0.98691773
vt 0.43085405 0.11513764
vt 0.4328482 0.11242193
vt 0.42522937 0.1114679
vt 0.43623853 0.1114679
vt 0.43505752 0.11358261
vt 0.39318663 0.13552737
vt 0.39495412 0.13807338
vt 0.39220184 0.13665402
vt 0.39402434 0.13495076
vt 0.393319 0.13362598
vt 0.39495412 0.13256884
vt 0.40598068 0.1332416
vt 0.40718848 0.1325019
vt 0.41330275 0.13348621
vt 0.40440446 0.13089561
vt 0.40137616 0.13348627
vt 0.4043121 0.13213229
vt 0.40253514 0.13039851
vt 0.40735865 0.1288991
vt 0.3964497 0.13417011
vt 0.39587155 0.13715595
vt 0.3995413 0.13715595
vt 0.39781627 0.13256884
vt 0.023901684 0.9819363
vt 0.006880734 0.98394495
vt 0.023780521 0.9757349
vt 0.03267421 0.9772614
vt 0.016894072 0.9646789
vt 0.037224807 0.98394495
vt 0.03842102 0.9793059
vt 0.03812392 0.96798474
vt 0.02959421 0.96561617
vt 0.04357798 0.97032136
vt 0.007798165 0.13715595
vt 0.012385321 0.1229707
vt 0.007798165 0.11788988
vt 0.0053359442 0.16531134
vt 0.007911899 0.17092764
vt 0.01050437 0.15255761
vt 0.0050458717 0.19678903
vt 0.011457665 0.14752406
vt 0.005045882 0.13532108
vt 0.022477064 0.16093469
vt 0.005526 0.2919742
vt 0.008715596 0.30227256
vt 0.008037469 0.28305054
vt 0.003211009 0.30596328
vt 0.003211009 0.25642204
vt 0.011467878 0.084103584
vt 0.0041284403 0.06780648
vt 0.006068344 0.0813995
vt 0.01146789 0.05366975
vt 0.010090908 0.11605507
vt 0.046330277 0.3655963
vt 0.038279586 0.36201692
vt 0.0360407 0.35366976
vt 0.030229932 0.35811228
vt 0.026334863 0.36341608
vt 0.014220184 0.3655963
vt 0.072416805 0.403211
vt 0.07568807 0.41505325
vt 0.07277383 0.41934866
vt 0.07568807 0.42706418
vt 0.06926606 0.4204576
vt 0.0017448444 0.20933235
vt 0.0004587156 0.20793188
vt 0.0041284403 0.20412844
vt 0.0041284403 0.21146786
vt 0.0041284403 0.19862384
vt 0.001979652 0.19311929
vt 0.0013761468 0.19862384
vt 0.017554637 0.1662929
vt 0.018807339 0.1637615
vt 0.010550459 0.16483676
vt 0.017731698 0.16838408
vt 0.013162622 0.16970223
vt 0.018807339 0.1802752
vt 0.024086704 0.17932343
vt 0.025229357 0.18486238
vt 0.0231717 0.17956972
vt 0.022070136 0.17850369
vt 0.022167725 0.18143845
vt 0.025229357 0.17693388
vt 0.021559633 0.17660552
vt 0.0004587156 0.20321101
vt 0.0016468143 0.20131415
vt 0.0038820049 0.19954127
vt 0.0059633027 0.20321101
vt 0.0013761468 0.18577981
vt 0.0013761468 0.19220185
vt 0.003211009 0.18671817
vt 0.009937066 0.023781717
vt 0.0004587156 0.030141056
vt 0.0012257716 0.024029613
vt 0.008339335 0.030733943
vt 0.008277211 0.015524209
vt 0.023306437 0.0045204163
vt 0.02466383 0.028481007
vt 0.05091743 0.0067695975
vt 0.04288328 0.030733943
vt 0.041908003 0.00045871735
vt 0.55091745 0.5263379
vt 0.5444954 0.52277774
vt 0.55091745 0.5151376
vt 0.54482317 0.537156
vt 0.8166579 0.8931193
vt 0.82012606 0.87736374
vt 0.82838845 0.8852477
vt 0.8001146 0.8858861
vt 0.8017704 0.8768286
vt 0.78009206 0.8823442
vt 0.8153237 0.8696033
vt 0.80507034 0.86559635
vt 0.82694423 0.8683063
vt 0.83751625 0.8783591
vt 0.8444274 0.87485874
vt 0.85733944 0.8806952
vt 0.7747706 0.8931193
vt 0.2325688 0.6473594
vt 0.21616839 0.6509174
vt 0.2193389 0.6449007
vt 0.2029801 0.643578
vt 0.19746669 0.6509174
vt 0.19311927 0.64504236
vt 0.25381497 0.6444954
vt 0.25324523 0.64908254
vt 0.23440367 0.6444954
vt 0.2711009 0.6473911
vt 0.12004914 0.6527523
vt 0.14247732 0.6572693
vt 0.101376146 0.66012204
vt 0.13886736 0.6674312
vt 0.17624888 0.6630298
vt 0.17615697 0.65388185
vt 0.21716958 0.65571594
vt 0.20327604 0.66618574
vt 0.24145217 0.6610282
vt 0.2648456 0.6527523
vt 0.268348 0.65948325
vt 0.28119266 0.6539932
vt 0.80321103 0.9766055
vt 0.7937566 0.96926606
vt 0.79311925 0.9766055
vt 0.18577981 0.78394496
vt 0.18362728 0.7830275
vt 0.1793578 0.7830275
vn -0.18245286 -0.828845 0.5288921
vn 0.36624804 -0.7688577 0.52413756
vn 0.13281901 -0.74745023 -0.650905
vn 0.2001766 -0.85531855 0.47786972
vn 0.6107844 -0.78607416 -0.095025375
vn 0.076731995 -0.9408603 -0.32999116
vn -0.3791227 -0.890072 0.25305697
vn -0.1866139 -0.4557762 -0.87031215
vn -0.5100153 -0.8271364 0.23607151
vn -0.10086131 -0.9923306 0.07146297
vn -0.063046284 -0.7843487 0.617108
vn -0.07037857 -0.9483565 0.30930054
vn 0.049511123 -0.99090815 -0.12509854
vn 0.15138066 -0.9867095 0.059061877
vn 0.19404356 -0.6605625 -0.7252615
vn 0.09038994 -0.97846144 -0.18558788
vn -0.19242491 0.12063584 -0.97386837
vn 0.086835764 -0.99030805 0.10839497
vn -0.06193553 -0.9666185 -0.24862154
vn 0.48758417 -0.8722866 -0.03711821
vn 0.123472124 -0.9329994 -0.33803365
vn 0.24460337 -0.88509625 0.39594674
vn -0.10731589 -0.88634545 0.45041654
vn 0.42640448 -0.8327147 -0.3532216
vn -0.3081486 -0.9033587 0.2983077
vn 0.045118686 -0.9454851 0.3225247
vn -0.07738011 -0.9929091 0.09024333
vn 0.8925161 0.3371419 -0.2995837
vn 0.71978 0.10176661 -0.6867025
vn 0.25650594 -0.9269299 0.27387163
vn -0.35392585 -0.8619775 -0.362948
vn -0.0021685937 -0.9995003 0.031534985
vn -0.046544466 -0.99439037 0.094980896
vn -0.74673295 0.18264875 -0.639554
vn -0.119867295 -0.9328369 0.33977517
vn 0.38636 -0.8355236 0.39067414
vn -0.15487319 -0.9696474 0.189204
vn -0.37083846 -0.92306143 0.10215879
vn 0.019963676 -0.9996619 -0.016656378
vn 0.56707686 -0.7886094 0.23773745
vn 0.021953711 -0.99839234 -0.05225623
vn 0.18370666 -0.9820455 -0.042878576
vn -0.03600197 -0.9900655 -0.13591978
vn 0.080488294 0.9461764 -0.31348345
vn 0.13281901 -0.74745023 -0.650905
vn 0.36624804 -0.7688577 0.52413756
vn -0.07404144 -0.9970892 -0.018194154
vn 0.4135553 0.41955063 -0.8080528
vn 0.048198715 0.9327956 0.3571684
vn 0.42691606 -0.7254688 0.5398497
vn -0.20468669 -0.96749634 0.14850648
vn 0.12979983 -0.64677125 0.75155765
vn -0.1512353 -0.9864657 -0.06335102
vn 0.14447808 -0.0010472459 0.98950744
vn 0.5337482 -0.37626895 0.75732064
vn -0.08646792 -0.48278132 -0.8714617
vn 0.6107844 -0.78607416 -0.095025375
vn 0.027917927 -0.9984766 0.047592755
vn -0.27349713 -0.48204502 0.8323653
vn -0.22201085 0.8621852 -0.4553547
vn 0.0944024 -0.97050613 -0.22182432
vn 0.24286053 -0.9233529 0.29738557
vn -0.43973947 0.46891662 -0.7659937
vn -0.52410287 -0.66558063 -0.53133667
vn 0.23842303 -0.8587348 0.45357364
vn 0.29298055 -0.89147377 0.34559646
vn -0.1229242 -0.9805092 -0.15326886
vn -0.2265263 -0.91433865 0.33566457
vn -0.24207966 -0.9684845 -0.058610585
vn 0.2844924 -0.86666006 0.40983465
vn -0.1668075 -0.98485655 -0.047253188
vn 0.027107373 -0.9605552 0.276765
vn -0.007593831 -0.99962413 0.02634361
vn -0.2764348 0.93595093 -0.21812773
vn -0.35392585 -0.8619775 -0.362948
vn 0.04559719 -0.9704283 -0.23704396
vn 0.25650594 -0.9269299 0.27387163
vn 0.6709947 -0.718873 0.18162496
vn 0.38636 -0.8355236 0.39067414
vn 0.071297 0.69652516 -0.7139814
vn -0.07404144 -0.9970892 -0.018194154
vn 0.027917927 -0.9984766 0.047592755
vn -0.22527009 -0.9080426 -0.3531458
vn 0.5260619 -0.7917543 0.31045768
vn -0.00060332374 -0.9983016 -0.05825379
vn -0.16583084 -0.53718525 -0.82700187
vn 0.5583457 0.13489921 0.8185672
vn -0.28189132 -0.9057623 -0.31643635
vn -0.73814654 -0.17555347 -0.651399
vn -0.97388643 0.19867343 -0.109882124
vn -0.3491724 -0.9151767 -0.20132123
vn -0.63646436 -0.7131147 0.29390565
vn 0.093887605 0.96335214 -0.25127238
vn 0.78867495 0.11064199 -0.6047728
vn -0.10915805 0.9406511 -0.3213409
vn -0.007593831 -0.99962413 0.02634361
vn 0.5583457 0.13489921 0.8185672
vn -0.00060332374 -0.9983016 -0.05825379
vn 0.5583457 0.13489921 0.8185672
vn -0.007593831 -0.99962413 0.02634361
vn -0.7797214 -0.21148542 -0.5893288
vn -0.8417259 -0.06222649 0.53630716
vn -0.39452863 0.5434071 0.74098307
vn -0.2875465 -0.3289996 0.89948666
vn -0.4462609 -0.10081593 -0.88920605
vn -0.76925933 0.63889974 -0.0068709576
vn -0.2052853 0.97621673 0.06970505
vn -0.27349713 -0.48204502 0.8323653
vn 0.24286053 -0.9233529 0.29738557
vn -0.22201085 0.8621852 -0.4553547
vn -0.49413818 -0.1428452 -0.8575679
vn -0.17209937 0.82028306 -0.54545164
vn -0.93892246 0.079294816 -0.3348686
vn -0.2048379 0.9220665 -0.32838202
vn -0.52410287 -0.66558063 -0.53133667
vn -0.6722508 0.34103203 -0.6570967
vn -0.46498835 0.868628 -0.17108811
vn -0.43973947 0.46891662 -0.7659937
vn -0.72588336 0.6757837 -0.12810071
vn 0.8740909 -0.2444519 0.41977176
vn -0.2052853 0.97621673 0.06970505
vn 0.0944024 -0.97050613 -0.22182432
vn -0.6961188 0.70090705 0.15539625
vn -0.22201085 0.8621852 -0.4553547
vn -0.8374609 0.010143869 0.5464031
vn -0.98740536 0.030502591 -0.15524256
vn -0.9777919 -0.17505921 0.11522699
vn -0.99954253 -0.027898997 0.011678161
vn -0.9947743 -0.0155997705 -0.10089963
vn -0.991238 0.13039057 0.021106472
vn -0.93959314 -0.34212208 -0.010825056
vn -0.9946152 0.035914723 0.09721498
vn -0.4583341 -0.07100545 -0.8859391
vn -0.9984013 -0.053897876 0.017027663
vn -0.85883796 0.4693251 -0.20525916
vn -0.62265027 0.31242204 0.71742535
vn -0.51152277 -0.4701437 -0.7192422
vn -0.52089506 0.7974021 0.30466092
vn -0.5775948 0.78366756 -0.22858125
vn -0.09687431 0.8995295 -0.42598355
vn -0.68915844 0.5904386 0.4200511
vn -0.21661328 0.48476613 -0.8473963
vn -0.3524294 -0.16534418 -0.92111605
vn -0.3524294 -0.16534418 -0.92111605
vn -0.68915844 0.5904386 0.4200511
vn -0.92655176 0.23351774 0.29490897
vn 0.40939605 0.5665214 0.71515614
vn -0.24171636 0.6776087 0.69456434
vn -0.25534976 0.8985297 0.3569886
vn -0.068745516 0.74920046 0.6587661
vn -0.7563166 -0.6171516 0.2170463
vn -0.32376713 -0.91908985 0.2246079
vn -0.4937601 -0.84085816 -0.22171725
vn -0.93959314 -0.34212208 -0.010825056
vn -0.51152277 -0.4701437 -0.7192422
vn -0.34042013 -0.9148793 0.2170482
vn -0.041812524 -0.013039192 0.99904037
vn -0.9777919 -0.17505921 0.11522699
vn -0.8374609 0.010143869 0.5464031
vn 0.07828584 -0.7981746 0.5973179
vn 0.4508836 -0.8755192 0.17369519
vn -0.12619285 -0.5647201 0.81557745
vn 0.64734566 -0.07816937 0.7581775
vn 0.01415606 -0.68301314 0.7302689
vn -0.32376713 -0.91908985 0.2246079
vn 0.07828584 -0.7981746 0.5973179
vn -0.7563166 -0.6171516 0.2170463
vn -0.3587318 -0.40244898 0.842227
vn -0.34042013 -0.9148793 0.2170482
vn -0.93959314 -0.34212208 -0.010825056
vn -0.9777919 -0.17505921 0.11522699
vn 0.16787374 0.24106234 -0.9558804
vn -0.12138466 0.10868863 0.986637
vn -0.7444759 -0.6238759 0.23776992
vn -0.17196365 0.12815945 0.9767311
vn -0.3587318 -0.40244898 0.842227
vn 0.8443284 0.36868003 0.38882458
vn -0.7563166 -0.6171516 0.2170463
vn -0.28591287 -0.85288715 -0.4368493
vn -0.26777717 -0.7953215 0.54383737
vn -0.009480807 -0.018914865 0.9997761
vn -0.28513232 -0.36702105 0.885435
vn -0.12619285 -0.5647201 0.81557745
vn -0.92465305 -0.09078664 0.3698304
vn 0.01294924 0.43839663 -0.8986883
vn 0.6658186 0.7441009 0.054767612
vn -0.29134813 0.52764046 -0.7979422
vn -0.23848388 0.40699783 0.88174725
vn -0.73582876 0.642765 0.21309437
vn -0.4270553 0.20692001 0.88023174
vn -0.54466164 0.26214153 -0.79663384
vn -0.6953564 0.470235 -0.5434689
vn -0.15412493 0.06648191 0.9858122
vn 0.059684996 0.055470347 0.99667484
vn -0.0056337547 0.07533113 0.9971427
vn -0.2875465 -0.3289996 0.89948666
vn -0.39452863 0.5434071 0.74098307
vn -0.8417259 -0.06222649 0.53630716
vn 0.7603165 -0.042240683 0.64817786
vn 0.98178995 0.18731466 0.03164947
vn -0.76925933 0.63889974 -0.0068709576
vn -0.27350536 0.550425 -0.78881377
vn 0.98178995 0.18731466 0.03164947
vn -0.10234894 0.3738915 0.9218079
vn -0.0056337547 0.07533113 0.9971427
vn 0.1085744 0.509076 0.85384613
vn 0.063816 0.0055139293 0.99794644
vn 0.22547981 -0.027914723 0.97384787
vn 0.47355017 -0.25211364 0.8439129
vn 0.91905147 -0.19111595 0.34470147
vn 0.8022181 -0.58422035 0.12301517
vn 0.71544814 0.26802766 0.6452094
vn 0.13047439 0.56869286 0.812136
vn 0.40619928 0.9030386 0.13972613
vn -0.4862302 0.8025318 0.34572095
vn -0.95022804 0.31046048 -0.026096243
vn -0.951698 -0.3052483 -0.033082183
vn -0.9005922 -0.064499415 0.42985284
vn -0.89763504 0.13434108 -0.4197664
vn -0.6194755 -0.70791733 0.33926862
vn -0.6337822 0.7047889 0.31873614
vn -0.5764307 -0.097705916 0.8112837
vn -0.64217836 -0.71040255 -0.28798476
vn -0.58900803 -0.80364794 -0.084967785
vn -0.585503 -0.6934191 0.41994786
vn -0.27719405 -0.8573304 -0.43376034
vn -0.2403199 -0.6280846 -0.74010545
vn -0.7087126 -0.27133438 -0.6512328
vn -0.6308497 -0.13576487 -0.7639349
vn 0.102347046 -0.2734611 -0.95642257
vn -0.5557166 0.662368 -0.5024418
vn -0.50286967 0.8588174 -0.09774831
vn -0.18224853 -0.5682216 0.8024398
vn -0.15960792 -0.5132499 0.8432674
vn -0.035479564 -0.1841263 -0.982262
vn -0.51152277 -0.4701437 -0.7192422
vn -0.4583341 -0.07100545 -0.8859391
vn -0.038383458 -0.027472977 -0.99888533
vn -0.008363654 0.18725565 -0.9822756
vn 0.29865068 -0.0723545 -0.9516158
vn -0.08185898 -0.008417405 -0.9966084
vn -0.0728685 -0.5752627 -0.81471646
vn 0.5139399 -0.67434686 -0.5302094
vn -0.04909847 0.38539806 -0.9214433
vn 0.9648552 -0.14348084 -0.22015378
vn -0.547566 -0.12999672 -0.8266029
vn 0.107889935 0.54357433 -0.8323982
vn -0.85883796 0.4693251 -0.20525916
vn -0.50286967 0.8588174 -0.09774831
vn -0.89763504 0.13434108 -0.4197664
vn -0.95022804 0.31046048 -0.026096243
vn 0.10540154 0.8891135 0.44538495
vn 0.57496065 0.20932093 0.79095197
vn 0.48044807 0.848812 0.2206534
vn 0.40619928 0.9030386 0.13972613
vn 0.13047439 0.56869286 0.812136
vn 0.40600073 0.9031085 -0.13985161
vn 0.93040925 0.36629075 0.01302582
vn 0.4575116 0.8195171 -0.34507224
vn -0.4862302 0.8025318 0.34572095
vn -0.10769515 0.7643614 0.6357307
vn -0.4453352 0.5430063 0.7119134
vn -0.6337822 0.7047889 0.31873614
vn -0.50286967 0.8588174 -0.09774831
vn -0.76925933 0.63889974 -0.0068709576
vn -0.5557166 0.662368 -0.5024418
vn -0.07701516 0.7036455 -0.7063651
vn -0.95022804 0.31046048 -0.026096243
vn 0.040307917 0.6810347 -0.7311409
vn 0.6425615 0.4140009 -0.644762
vn -0.03397153 0.21326096 -0.9764045
vn -0.4862302 0.8025318 0.34572095
vn -0.0056337547 0.07533113 0.9971427
vn -0.76925933 0.63889974 -0.0068709576
vn -0.7797214 -0.21148542 -0.5893288
vn -0.39452863 0.5434071 0.74098307
vn 0.08992673 0.21041471 -0.9734674
vn -0.6953564 0.470235 -0.5434689
vn -0.4462609 -0.10081593 -0.88920605
vn -0.29130644 0.071084425 -0.9539851
vn -0.03397153 0.21326096 -0.9764045
vn -0.54466164 0.26214153 -0.79663384
vn -0.07595611 0.15711834 -0.9846545
vn -0.29134813 0.52764046 -0.7979422
vn 0.11370316 0.02335892 -0.9932401
vn 0.4557236 0.11349015 -0.8828567
vn 0.44143614 -0.024121558 -0.89696836
vn 0.66054744 -0.12211563 -0.7407866
vn 0.6681994 -0.019455196 -0.7437278
vn 0.4575116 0.8195171 -0.34507224
vn -0.009575706 0.07559513 -0.9970926
vn 0.33151963 -0.2573945 -0.90765786
vn 0.98178995 0.18731466 0.03164947
vn -0.27350536 0.550425 -0.78881377
vn 0.3338699 0.03132269 -0.9420986
vn 0.1085744 0.509076 0.85384613
vn 0.7603165 -0.042240683 0.64817786
vn 0.6658186 0.7441009 0.054767612
vn -0.73582876 0.642765 0.21309437
vn -0.76925933 0.63889974 -0.0068709576
vn 0.040307917 0.6810347 -0.7311409
vn -0.8374609 0.010143869 0.5464031
vn 0.036209896 -0.023564417 0.99906635
vn -0.62265027 0.31242204 0.71742535
vn -0.041812524 -0.013039192 0.99904037
vn -0.03353798 0.18681297 0.98182285
vn -0.068745516 0.74920046 0.6587661
vn -0.07687155 -0.12260409 0.9894741
vn -0.0069195707 0.015805779 0.9998511
vn 0.015869677 0.38934258 0.9209563
vn 0.43938628 -0.11091156 0.8914249
vn 0.4311012 0.85706735 0.2821122
vn 0.91428864 0.0590028 0.40074295
vn -0.00054093136 -0.01353738 0.9999082
vn 0.404254 -0.08049989 0.9110974
vn 0.01415606 -0.68301314 0.7302689
vn -0.0526603 -0.8517443 0.52130467
vn 0.07828584 -0.7981746 0.5973179
vn -0.52089506 0.7974021 0.30466092
vn -0.68915844 0.5904386 0.4200511
vn -0.008363654 0.18725565 -0.9822756
vn -0.85883796 0.4693251 -0.20525916
vn -0.09687431 0.8995295 -0.42598355
vn -0.04909847 0.38539806 -0.9214433
vn 0.06156353 0.85422015 -0.5162537
vn 0.107889935 0.54357433 -0.8323982
vn -0.5775948 0.78366756 -0.22858125
vn -0.21661328 0.48476613 -0.8473963
vn 0.3478873 0.6259479 -0.6979711
vn 0.07888404 0.9507018 -0.29990572
vn 0.65016276 0.7597836 0.0041585127
vn -0.6966701 0.6116183 -0.37493172
vn -0.608584 0.67299896 0.42035452
vn -0.547566 -0.12999672 -0.8266029
vn 0.89431864 0.44697925 0.020092454
vn 0.6366029 0.73565364 0.23140988
vn 0.4311012 0.85706735 0.2821122
vn -0.068745516 0.74920046 0.6587661
vn 0.24646819 0.6268079 0.73916525
vn -0.24171636 0.6776087 0.69456434
vn 0.40939605 0.5665214 0.71515614
vn -0.3524294 -0.16534418 -0.92111605
vn 0.5533888 -0.6039702 -0.57356846
vn -0.7246752 0.31058007 -0.6151308
vn -0.5412235 -0.78896624 0.29087684
vn -0.92655176 0.23351774 0.29490897
vn -0.3524294 -0.16534418 -0.92111605
vn 0.5533888 -0.6039702 -0.57356846
vn -0.25534976 0.8985297 0.3569886
vn 0.40939605 0.5665214 0.71515614
vn -0.3524294 -0.16534418 -0.92111605
vn -0.6495223 0.75648504 0.07649268
vn 0.08713396 -0.91326207 0.39794478
vn -0.1002595 0.79947984 -0.59226686
vn -0.3997381 -0.8953741 0.19625139
vn -0.15129495 -0.98232365 0.110227585
vn -0.08315914 -0.98418987 0.15638037
vn -0.1002595 0.79947984 -0.59226686
vn -0.1222473 -0.9924945 -0.003204332
vn 0.02316492 -0.9944665 0.10246852
vn 0.08713396 -0.91326207 0.39794478
vn 0.2260092 -0.9415123 -0.24994887
vn 0.3439026 -0.9347642 -0.089145556
vn -0.43966547 -0.89779043 0.025819177
vn -0.3997381 -0.8953741 0.19625139
vn -0.7825157 -0.61602676 -0.090444416
vn 0.30785513 -0.78481436 -0.5378584
vn 0.50207317 -0.8401092 -0.20527786
vn 0.26175427 -0.5591551 0.7866577
vn 0.5729005 -0.8143393 0.092933334
vn -0.6495223 0.75648504 0.07649268
vn -0.3484076 0.7524574 0.5589455
vn 0.6632679 -0.18821645 -0.72432745
vn 0.28368208 0.42344737 0.86035854
vn 0.81208956 0.1268082 0.5695877
vn 0.28965953 -0.093483165 0.9525535
vn 0.10563447 -0.08581336 0.9906954
vn 0.8857028 0.024532532 -0.46360403
vn 0.36452305 -0.016704287 0.9310445
vn -0.90511113 0.41848776 0.07511178
vn 0.96453017 0.12129255 -0.23445621
vn 0.6445044 0.06333884 0.7619726
vn 0.25034526 0.16238168 0.95444196
vn -0.021992538 0.10258659 0.9944809
vn 0.44830412 0.04618434 0.8926872
vn -0.086459786 0.0036110918 0.9962488
vn 0.98484504 -0.028478753 0.1710824
vn 0.41995913 -0.0074747815 0.90751225
vn 0.9231198 0.09023711 -0.37377417
vn 0.007317851 -0.08887415 0.99601597
vn -0.31410953 -0.017008519 0.94923437
vn 0.36031684 -0.08915919 0.9285593
vn 0.1347762 -0.07338453 0.9881549
vn 0.91657287 0.3187262 -0.24146993
vn 0.21887638 0.12773673 0.9673554
vn 0.90940535 0.38591665 -0.15508136
vn 0.00408922 0.0299136 0.99954414
vn -0.2701149 0.17690699 0.9464364
vn -0.14462493 -0.060930733 0.9876088
vn 0.027344417 0.0009165454 0.9996256
vn 0.17522638 -0.110188924 0.97834253
vn 0.11098099 -0.073401555 0.9911082
vn 0.1495627 -0.11735796 0.98176277
vn -0.42202708 0.02164703 0.90632474
vn 0.38576636 -0.118059546 0.91501164
vn 0.30467558 -0.09150368 0.94805056
vn 0.31942195 -0.18216811 0.92993784
vn 0.2944577 -0.10171686 0.95023596
vn 0.0056517883 0.054090578 0.99852
vn 0.019273182 -0.05243239 0.9984385
vn -0.10803616 0.15939622 0.9812854
vn 0.42751303 -0.11667543 0.89644825
vn 0.34079874 -0.19112307 0.92050433
vn 0.22374256 -0.08645634 0.9708061
vn 0.2725151 -0.148935 0.9505545
vn -0.068824954 -0.05653921 0.9960253
vn -0.26400226 -0.022847895 0.9642514
vn -0.5669145 -0.009305816 0.82372403
vn -0.072235 -0.023436446 0.9971123
vn -0.109103225 -0.0692451 0.99161565
vn 0.13738345 -0.08638762 0.9867436
vn -0.13262896 -0.05865059 0.98942894
vn -0.008563476 -0.25850075 0.9659731
vn -0.12061908 -0.045556292 0.99165297
vn 0.21169817 -0.12813754 0.96889865
vn 0.32053208 0.0754577 0.9442274
vn 0.008306476 -0.21373825 0.97685564
vn -0.18287185 -0.05062586 0.98183244
vn -0.08819517 -0.1471119 0.98518
vn 0.17770723 -0.14680657 0.9730714
vn 0.013040837 -0.22466439 -0.97434896
vn 0.26735225 -0.2036602 -0.9418308
vn -0.7474818 -0.21023494 0.6301366
vn -0.28342173 -0.14365013 0.9481755
vn -0.17920022 -0.026020214 0.9834685
vn -0.06410379 -0.055804104 0.99638176
vn 0.24073224 0.04460113 0.9695663
vn 0.24853013 0.17489512 0.9527038
vn 0.890286 0.33453146 0.30899757
vn 0.49199352 0.092362896 0.8656856
vn -0.15273382 -0.09684727 0.98351055
vn -0.14354555 -0.04999871 0.9883799
vn 0.4769278 0.010917255 0.87887466
vn -0.35689756 -0.41681156 0.83599776
vn -0.08392285 -0.10212255 -0.9912255
vn -0.042229485 -0.64639527 0.7618332
vn -0.45586133 -0.49773282 0.7378702
vn -0.43859494 -0.13626842 0.8882935
vn -0.33683443 0.07466667 0.9385987
vn -0.7757697 0.2735576 -0.5686366
vn -0.057173885 0.065227345 -0.99623114
vn 0.47031626 -0.25577015 0.84462076
vn -0.13339101 -0.08334443 0.9875528
vn 0.98723495 0.07353484 0.14127916
vn -0.15485649 -0.038544543 0.98718476
vn -0.026982807 -0.10067012 0.9945539
vn -0.20155537 -0.0926305 0.97508717
vn 0.21489275 -0.1595929 0.96350986
vn 0.26263502 -0.24593586 0.9330265
vn 0.106386945 -0.28454044 0.95274264
vn -0.20681205 -0.74014014 0.6398604
vn 0.15812026 -0.45679733 0.87540513
vn 0.13410874 -0.21712248 0.9668881
vn 0.4970288 -0.7457379 0.44366357
vn 0.077153206 -0.19156308 0.97844315
vn 0.64167184 0.3855748 0.66301537
vn 0.31146082 -0.93935096 0.14356858
vn -0.20669846 -0.42614952 0.88072264
vn -0.18857381 -0.37652782 0.9070098
vn -0.12893116 -0.017237276 0.9915037
vn -0.069243684 -0.08305047 0.99413675
vn -0.04827201 -0.48514742 0.87309897
vn 0.7897643 0.03444692 0.61244243
vn 0.48145977 -0.32856542 -0.81255233
vn -0.67867434 -0.060097262 0.7319764
vn -0.20327821 -0.34757054 0.91535383
vn 0.023609933 -0.40596512 0.9135835
vn 0.43664637 -0.22111309 0.87203723
vn -0.06687428 0.25127512 0.96560276
vn 0.69857293 0.08452168 0.7105293
vn 0.745275 -0.31608388 0.5870742
vn 0.17276794 0.05912589 0.9831863
vn 0.22151674 0.23089531 0.94742686
vn -0.593831 -0.20007855 0.7793159
vn 0.019755026 0.04379349 0.9988453
vn -0.9746951 -0.1914516 -0.11539402
vn 0.09787305 0.09273941 0.99086845
vn 0.013263632 0.101977244 0.9946983
vn 0.15112865 0.22423685 0.962745
vn 0.05548739 0.16089661 0.9854103
vn 0.39039367 -0.92047584 -0.017803352
vn 0.16012116 0.60586494 0.77928746
vn 0.07417803 0.24239807 0.96733695
vn -0.00538889 0.4277817 0.90386605
vn -0.011019424 0.080884695 0.99666256
vn -0.0439619 0.14853719 0.98792917
vn -0.9448213 -0.3190802 -0.07416587
vn -0.0040427847 0.23092894 0.9729622
vn -0.09632542 0.28516424 0.9536261
vn -0.121114366 0.1592862 0.9797751
vn 0.28368208 0.42344737 0.86035854
vn -0.3484076 0.7524574 0.5589455
vn -0.20708372 0.13052423 0.96957713
vn -0.19629608 0.13882855 0.970667
vn -0.28652042 -0.3216043 0.90248364
vn -0.28212807 0.008366423 0.9593403
vn -0.15852746 -0.18119757 0.97058564
vn -0.24869557 0.04542695 0.9675158
vn -0.20588036 0.09937201 0.9735186
vn -0.1889288 -0.046910457 0.98086965
vn -0.027300945 -0.0510615 0.9983223
vn -0.16454363 -0.00385578 0.9863623
vn -0.066362284 -0.0029960352 0.9977911
vn -0.106309846 0.060390953 0.99249744
vn 0.097524315 -0.13021785 0.9866774
vn -0.026469454 0.35182983 0.9356897
vn 0.4425474 0.18855396 0.8766979
vn 0.35088676 0.1435812 0.92534477
vn 0.072257616 0.13689323 0.9879469
vn -0.13454933 0.7230192 0.67759854
vn 0.5339924 -0.41717157 0.7354047
vn 0.9687771 -0.023259696 0.24683978
vn 0.12844405 -0.07694601 0.98872715
vn 0.48309866 -0.8751087 0.028291859
vn -0.10007403 0.7294206 0.6767058
vn 0.09883202 0.9411153 0.32331747
vn 0.48941562 0.0002973221 0.8720506
vn -0.26717004 0.7502787 0.60473305
vn -0.18659513 0.4272587 0.8846651
vn -0.095343545 0.049935844 0.9941911
vn -0.32976434 0.7031389 0.62996125
vn -0.07165128 0.08835256 0.9935089
vn -0.2901499 0.2471987 0.924503
vn 0.13340257 -0.45923465 0.878241
vn 0.23509258 -0.75061786 0.61749846
vn -0.16329135 0.06468397 0.9844551
vn 0.19255002 -0.93302065 0.30396858
vn -0.046543457 -0.2623839 0.9638404
vn -0.031637877 -0.86732346 0.49673846
vn 0.32163826 0.34847623 0.88040507
vn 0.7661476 -0.09520001 0.63557434
vn 0.28965953 -0.093483165 0.9525535
vn 0.22154754 -0.17367697 0.9595587
vn 0.03458874 -0.029186169 0.9989754
vn 0.10563447 -0.08581336 0.9906954
vn -0.75805986 -0.2309695 -0.6099167
vn -0.030801453 -0.03157579 0.99902666
vn 0.31942195 -0.18216811 0.92993784
vn 0.38576636 -0.118059546 0.91501164
vn 0.0836964 -0.118512124 0.9894189
vn -0.20476083 0.048828416 0.97759336
vn -0.14103055 0.01776186 0.9898459
vn 0.30467558 -0.09150368 0.94805056
vn 0.0056517883 0.054090578 0.99852
vn -0.060902104 0.030052172 0.9976912
vn -0.021992538 0.10258659 0.9944809
vn -0.15203454 0.07171103 0.9857703
vn -0.10212868 0.03371381 0.99419975
vn -0.09421389 0.052133936 0.994186
vn 0.009388646 0.0052112895 0.99994236
vn -0.106934056 0.11987374 0.9870134
vn -0.24651143 0.16582346 0.954848
vn -0.030711142 0.11109114 0.9933356
vn -0.12290809 0.16432767 0.9787186
vn -0.018181574 0.06011442 0.9980259
vn -0.028895551 0.04955456 0.99835336
vn -0.012794759 0.04367155 0.998964
vn 0.17389882 -0.071487196 0.98216534
vn 0.07396872 -0.040325932 0.9964449
vn 0.0963813 -0.033501394 0.99478054
vn -0.15117006 0.06568885 0.98632276
vn -0.021672448 0.06673888 0.99753505
vn 0.012700329 -0.09873209 0.995033
vn 0.019273182 -0.05243239 0.9984385
vn 0.013569454 -0.06477912 0.9978074
vn -0.20653757 0.050737273 0.9771223
vn -0.10803616 0.15939622 0.9812854
vn -0.20669846 -0.42614952 0.88072264
vn 0.077153206 -0.19156308 0.97844315
vn -0.21690322 -0.16724601 0.96175975
vn -0.3330134 -0.11057867 0.93641573
vn -0.14956808 -0.9138179 0.37757954
vn -0.0826065 -0.8069215 0.5848537
vn 0.16553806 -0.16706109 0.9719505
vn -0.14007315 0.28027123 0.949646
vn 0.10029572 -0.23724659 0.96625817
vn 0.09541115 -0.062899895 0.9934487
vn -0.4008785 -0.90480834 0.1435909
vn -0.023433099 -0.08435272 0.9961604
vn -0.28999627 -0.88690925 0.35957494
vn -0.19604059 -0.05338866 0.97914135
vn -0.19220369 -0.120044515 0.97398514
vn -0.013568188 -0.047913473 0.9987593
vn 0.061148345 0.003980755 0.9981207
vn -0.24580416 -0.07998567 0.9660138
vn -0.14984415 -0.19318374 0.9696529
vn 0.1062475 -0.096865885 0.98961025
vn 0.38975728 -0.028498476 0.92047656
vn 0.017913692 -0.057186317 0.9982028
vn 0.4202936 0.009245503 0.90734106
vn 0.0041700685 -0.036886193 0.9993108
vn 0.005490045 0.062898815 0.9980048
vn 0.051922426 0.08502573 0.995025
vn -0.029525843 0.052257862 0.998197
vn -0.04194616 0.070873745 0.99660295
vn -0.689176 0.008854326 0.7245399
vn -0.93511826 -0.10823222 -0.33740127
vn -0.121728726 0.14830384 0.9814215
vn 0.52877223 0.046813406 0.8474718
vn 0.27744672 -0.032652903 0.96018595
vn 0.6240945 -0.5002196 0.6002386
vn 0.45610574 -0.54198223 0.705849
vn -0.18843809 -0.60405993 -0.77434015
vn -0.6979888 -0.58228534 0.4168397
vn -0.6112331 0.015884725 0.7912912
vn -0.05521878 0.0034736884 0.9984682
vn 0.003520354 0.0036472613 0.9999871
vn 0.049572673 0.0176529 0.9986145
vn -0.077862024 0.022786118 0.99670374
vn -0.13197486 0.01079796 0.99119425
vn -0.058130376 0.07357605 0.995594
vn -0.010575915 0.024721736 0.99963844
vn 0.017305396 0.18681793 0.9822421
vn -0.0393724 0.18266058 0.98238736
vn -0.13692516 0.24846105 0.95891535
vn -0.078715764 0.1047273 0.9913809
vn -0.12282232 0.14547867 0.98170805
vn -0.012286766 0.0994102 0.9949707
vn -0.39768595 -0.32101452 0.8595322
vn -0.041312285 0.019133251 0.99896306
vn -0.031535935 -0.042374767 0.99860394
vn 0.009119253 -0.09391212 0.9955387
vn 0.022160068 -0.04500153 0.9987411
vn -0.15395491 -0.027916227 0.9876834
vn 0.4025135 -0.43529204 0.8052973
vn -0.06838609 0.9975941 0.011371918
vn 0.16664243 0.0084201265 0.98598146
vn -0.7983769 0.49588317 0.34160534
vn -0.069243684 -0.08305047 0.99413675
vn -0.12893116 -0.017237276 0.9915037
vn -0.4453352 0.5430063 0.7119134
vn -0.6337822 0.7047889 0.31873614
vn -0.5764307 -0.097705916 0.8112837
vn 0.07624399 -0.09919465 0.9921428
vn -0.10769515 0.7643614 0.6357307
vn -0.18224853 -0.5682216 0.8024398
vn -0.6194755 -0.70791733 0.33926862
vn 0.28822005 -0.49300197 0.82090086
vn 0.6175418 -0.23318744 0.75117624
vn -0.15960792 -0.5132499 0.8432674
vn 0.07483898 -0.08257454 0.9937709
vn 0.37572423 -0.050015032 0.9253809
vn -0.5393713 -0.28327554 0.79299027
vn -0.5179738 0.094891466 0.8501169
vn -0.074914135 0.56829107 0.8194102
vn -0.58053964 0.30766323 0.7538681
vn 0.3690441 -0.02463486 0.9290854
vn 0.07709418 0.17524825 0.98150116
vn -0.2654368 0.111444406 0.9576656
vn -0.77924824 -0.49702665 0.38175473
vn 0.6456705 -0.33867 0.6844065
vn 0.45690188 -0.17010617 0.8731005
vn 0.6409928 -0.40097952 0.6544797
vn -0.14549668 -0.31244704 0.93872654
vn -0.29748333 -0.16106835 0.9410423
vn 0.57496065 0.20932093 0.79095197
vn 0.10540154 0.8891135 0.44538495
vn -0.67867434 -0.060097262 0.7319764
vn -0.20327821 -0.34757054 0.91535383
vn -0.593831 -0.20007855 0.7793159
vn -0.3020641 0.6618036 0.6861292
vn -0.06687428 0.25127512 0.96560276
vn 0.2797474 0.7225815 0.6321529
vn 0.69857293 0.08452168 0.7105293
vn -0.045828268 -0.49512646 0.8676114
vn 0.59791446 -0.13238627 0.79055184
vn 0.05900315 -0.020011859 0.9980572
vn 0.72241956 0.1065627 0.6831942
vn 0.7943465 0.11413868 0.5966456
vn 0.27507654 0.04486044 0.96037513
vn -0.4323505 -0.05270275 0.9001641
vn 0.81183493 0.1207732 0.5712599
vn 0.43237117 0.061758358 0.8995783
vn -0.2613973 -0.04798305 0.9640379
vn 0.8152056 0.11204232 0.5682309
vn 0.3337379 0.052105106 0.94122475
vn 0.83191997 0.1280774 0.53991234
vn -0.16130356 -0.022722987 0.9866432
vn -0.41123852 -0.049430262 0.9101865
vn -0.099330105 -0.0032541412 0.99504924
vn 0.47827733 0.080957584 0.87446934
vn -0.04194385 -0.0031521586 0.999115
vn 0.8664418 0.12646812 0.48299527
vn 0.5997205 0.07801213 0.7963978
vn -0.046262193 0.023848133 0.9986446
vn 0.67749417 0.16708216 0.71629965
vn 0.045424152 0.5774185 0.8151837
vn 0.68928814 0.4812448 0.5415582
vn 0.44296247 0.33563718 0.8313435
vn 0.23184817 0.005662565 0.9727355
vn -0.009480807 -0.018914865 0.9997761
vn 0.38566226 0.5268177 0.7574482
vn -0.2128643 0.6188439 0.75612235
vn -0.28513232 -0.36702105 0.885435
vn -0.17196365 0.12815945 0.9767311
vn 0.46456692 -0.8362731 -0.29124716
vn -0.20653757 0.050737273 0.9771223
vn 0.4025135 -0.43529204 0.8052973
vn -0.069243684 -0.08305047 0.99413675
vn 0.077153206 -0.19156308 0.97844315
vn 0.64167184 0.3855748 0.66301537
vn -0.11742582 -0.23163179 -0.9656904
vn -0.51152277 -0.4701437 -0.7192422
vn -0.035479564 -0.1841263 -0.982262
vn -0.4937601 -0.84085816 -0.22171725
vn -0.24677913 -0.717121 -0.65179557
vn 0.27686077 -0.69373107 -0.66489494
vn -0.0728685 -0.5752627 -0.81471646
vn -0.04509073 -0.631705 -0.7738964
vn 0.82376444 -0.4404246 -0.35698506
vn -0.7563166 -0.6171516 0.2170463
vn 0.56396294 -0.8231835 -0.06568682
vn 0.5139399 -0.67434686 -0.5302094
vn 0.98011917 -0.19294815 -0.046231687
vn 0.4508836 -0.8755192 0.17369519
vn 0.8465866 -0.52129877 -0.10741857
vn -0.0526603 -0.8517443 0.52130467
vn 0.01415606 -0.68301314 0.7302689
vn 0.404254 -0.08049989 0.9110974
vn -0.7444759 -0.6238759 0.23776992
vn -0.7563166 -0.6171516 0.2170463
vn -0.04509073 -0.631705 -0.7738964
vn -0.050972115 0.9851789 0.1637815
vn -0.43966547 -0.89779043 0.025819177
vn -0.3997381 -0.8953741 0.19625139
vn -0.08315914 -0.98418987 0.15638037
vn -0.1002595 0.79947984 -0.59226686
vn -0.6308497 -0.13576487 -0.7639349
vn -0.5557166 0.662368 -0.5024418
vn -0.25681758 0.025160383 -0.96613234
vn -0.07701516 0.7036455 -0.7063651
vn -0.2403199 -0.6280846 -0.74010545
vn 0.102347046 -0.2734611 -0.95642257
vn 0.040307917 0.6810347 -0.7311409
vn 0.41868454 -0.092934385 -0.90336394
vn 0.6425615 0.4140009 -0.644762
vn 0.57270634 -0.47708356 -0.6666324
vn 0.59745413 -0.3304313 -0.7306598
vn 0.27172568 -0.012216277 -0.9622972
vn 0.622863 0.29436782 -0.7248374
vn -0.40577787 0.06290915 -0.91180414
vn 0.08445134 0.2864367 -0.95436996
vn -0.46249458 0.12856543 -0.8772512
vn 0.16870773 0.055353004 -0.98411065
vn 0.5523886 0.23345932 -0.80022717
vn -0.23563667 -0.33235633 -0.913244
vn 0.3492172 -0.40986577 -0.84264904
vn -0.061576135 -0.542867 -0.83755827
vn 0.6797821 -0.20887679 -0.7030411
vn 0.7722412 -0.051950615 -0.6332019
vn -0.017213037 -0.06944614 -0.9974372
vn 0.35678557 0.031233165 -0.933664
vn -0.5160422 -0.10901051 -0.8495982
vn -0.18333286 -0.004726684 -0.98303956
vn 0.736243 0.10533839 -0.6684684
vn 0.66938144 0.12156116 -0.7329061
vn 0.59097666 0.10202346 -0.8002111
vn 0.12095436 0.028131276 -0.9922594
vn 0.8134506 0.11094264 -0.5709553
vn -0.47452286 -0.05942059 -0.8782353
vn -0.32120436 -0.019209152 -0.9468151
vn 0.44311556 0.08231493 -0.89267737
vn -0.053391017 0.14699371 -0.9876954
vn 0.6294261 0.32100642 -0.70765644
vn -0.7365213 0.0057133944 -0.6763902
vn -0.10266731 0.22750907 -0.9683486
vn 0.60855675 0.43959862 -0.66061467
vn -0.051897887 0.21436127 -0.9753747
vn 0.47581688 0.40308294 -0.7817432
vn 0.37423706 -0.27103806 -0.88683987
vn -0.3384081 0.02783199 -0.94058776
vn 0.73574305 -0.44504812 -0.510504
vn 0.007947372 -0.12476311 -0.9921547
vn -0.45261216 -0.27160496 -0.8493368
vn 0.59125865 0.0061736866 -0.80645835
vn 0.5960263 0.49030414 -0.63588876
vn 0.27123904 -0.12564719 -0.9542757
vn -0.02189264 0.23861189 -0.97086823
vn -0.37012827 0.029019669 -0.9285273
vn 0.68712515 0.12703489 -0.7153469
vn -0.041286405 0.009545371 -0.99910176
vn -0.11905934 0.8254128 -0.551832
vn -0.7030529 -0.071731076 -0.70751065
vn -0.7494359 -0.40223184 -0.52588534
vn -0.64815205 0.16300064 -0.7438613
vn 0.9141161 0.12487239 -0.38574436
vn 0.6060326 0.07015155 -0.79234034
vn 0.28629914 0.07553569 -0.9551582
vn -0.00614403 0.30422652 -0.9525799
vn 0.53984934 -0.33839667 -0.77074665
vn 0.13043149 0.07929949 -0.98828095
vn 0.427072 -0.24155231 -0.8713564
vn -0.72588336 0.6757837 -0.12810071
vn -0.2052853 0.97621673 0.06970505
vn 0.24286053 -0.9233529 0.29738557
vn -0.9692388 0.1728775 0.17518407
vn -0.72962403 0.5798153 0.36257815
vn -0.75205326 0.44724983 0.48413166
vn 0.023551883 -0.9416273 -0.33583224
vn -0.6473401 0.6589155 0.3831202
vn -0.98942596 -0.022331763 -0.14330938
vn -0.7925045 0.38081676 -0.47635624
vn -0.9257673 0.16554667 -0.3399253
vn -0.92193836 0.36712715 -0.123480074
vn -0.7890047 0.46252364 0.40440515
vn -0.9344392 0.32569268 -0.14404045
vn -0.920298 0.30137283 0.24945144
vn -0.9390259 0.2999628 0.16808559
vn -0.7591916 0.64670837 -0.07346081
vn -0.4798382 0.87472063 0.06796404
vn -0.8323202 0.4747422 0.28611705
vn -0.92992795 0.34446952 0.12874289
vn -0.6992796 0.3749393 0.60862845
vn -0.7829159 0.52932066 0.32689807
vn -0.78498274 0.60159045 0.14795625
vn -0.64426434 0.7409359 0.18957162
vn -0.72470504 0.028348695 0.6884758
vn -0.56836766 0.80918574 0.1489182
vn -0.8198853 0.48456 0.304942
vn -0.5030967 0.83461094 0.22431749
vn -0.6199996 0.65460455 0.43254295
vn -0.32046333 0.6220156 0.7144227
vn -0.33419305 0.91867155 0.2106123
vn -0.7015844 0.5015949 0.50614417
vn -0.89632183 0.34688336 -0.27618673
vn -0.88918173 -0.36829013 0.27151105
vn -0.7836168 0.4521397 0.42604506
vn 0.46599403 -0.61455107 0.6365348
vn -0.8443961 -0.21301328 0.49154916
vn -0.7246752 0.31058007 -0.6151308
vn -0.92655176 0.23351774 0.29490897
vn -0.25534976 0.8985297 0.3569886
vn 0.5862799 0.63390505 -0.5044207
vn 0.30627945 0.7424305 -0.5958102
vn 0.15559833 0.5548097 0.81729764
vn 0.96040165 -0.11269173 -0.2548122
vn 0.47431636 0.6991735 0.53495836
vn 0.67344314 0.5202186 0.52521133
vn -0.89963925 -0.2497606 0.3581465
vn -0.585503 -0.6934191 0.41994786
vn -0.96975636 -0.20513058 -0.13226514
vn -0.58900803 -0.80364794 -0.084967785
vn -0.9310826 0.21682404 0.2933811
vn -0.899556 0.009366708 -0.43670502
vn -0.87114525 0.18331689 -0.4555226
vn -0.96604085 0.034111753 0.2561278
vn -0.9824375 -0.18597819 0.01512119
vn -0.8810948 -0.07705686 -0.46661988
vn -0.93473816 -0.18875751 -0.30105683
vn -0.8756117 -0.26109603 0.40636554
vn -0.92210597 -0.1653808 -0.34981397
vn -0.07515787 0.9971715 -0.00050484436
vn -0.43966547 -0.89779043 0.025819177
vn -0.050972115 0.9851789 0.1637815
vn -0.07515787 0.9971715 -0.00050484436
vn 0.00019320051 0.99837583 -0.056970704
vn -0.43966547 -0.89779043 0.025819177
vn -0.050972115 0.9851789 0.1637815
vn -0.7825157 -0.61602676 -0.090444416
vn -0.63362867 0.6560017 0.41009328
vn -0.47821367 0.86101943 -0.17308152
vn -0.15088226 0.96437263 0.21730153
vn -0.28191704 0.9211741 0.26825565
vn -0.0007671879 0.9998704 -0.016080197
vn 0.26175427 -0.5591551 0.7866577
vn -0.2626782 0.87699467 0.4023438
vn 0.5729005 -0.8143393 0.092933334
vn -0.7259412 -0.16185553 0.6684401
vn -0.96604085 0.034111753 0.2561278
vn -0.9824375 -0.18597819 0.01512119
vn -0.58053964 0.30766323 0.7538681
vn -0.8756117 -0.26109603 0.40636554
vn -0.56219506 -0.42475617 0.7095907
vn -0.5961994 -0.23026016 0.76910764
vn -0.14549668 -0.31244704 0.93872654
vn -0.29748333 -0.16106835 0.9410423
vn -0.045828268 -0.49512646 0.8676114
vn 0.05900315 -0.020011859 0.9980572
vn -0.4323505 -0.05270275 0.9001641
vn -0.6485277 -0.13631704 0.7488855
vn -0.79173005 -0.14066058 0.59445614
vn -0.8285307 -0.01846277 0.55963916
vn -0.92210597 -0.1653808 -0.34981397
vn -0.11246863 0.098459445 0.9887652
vn -0.97781116 -0.01708619 -0.20879044
vn -0.9402946 -0.23704904 -0.24424124
vn -0.6023109 0.18473761 0.77659106
vn 0.76096344 0.13360368 0.6348895
vn -0.73483884 0.23050463 0.637871
vn -0.24898563 0.3224137 0.9132664
vn -0.9898865 -0.025198223 0.13960552
vn -0.2613973 -0.04798305 0.9640379
vn -0.7484975 -0.08456556 0.6577235
vn -0.16130356 -0.022722987 0.9866432
vn -0.41123852 -0.049430262 0.9101865
vn -0.6542788 -0.077681705 0.7522531
vn -0.9957359 -0.0877887 -0.028340908
vn -0.6087897 -0.10487476 0.7863691
vn -0.099330105 -0.0032541412 0.99504924
vn -0.27597654 -0.2405468 0.93057734
vn -0.608584 0.67299896 0.42035452
vn -0.96587074 -0.22766341 0.12354384
vn -0.95858395 -0.11600981 0.26011246
vn 0.74322313 -0.6665737 0.057436343
vn -0.58752227 -0.08062186 0.8051818
vn -0.73887575 0.021550624 0.673497
vn -0.04194385 -0.0031521586 0.999115
vn -0.046262193 0.023848133 0.9986446
vn 0.045424152 0.5774185 0.8151837
vn -0.52291137 0.81989443 -0.23310253
vn -0.92465305 -0.09078664 0.3698304
vn -0.9994976 -0.023239603 0.021552691
vn -0.9679957 0.24593839 -0.0499867
vn -0.59852046 0.5641045 0.5688228
vn -0.28513232 -0.36702105 0.885435
vn -0.2128643 0.6188439 0.75612235
vn -0.9310826 0.21682404 0.2933811
vn -0.5179738 0.094891466 0.8501169
vn -0.5393713 -0.28327554 0.79299027
vn -0.89963925 -0.2497606 0.3581465
vn -0.585503 -0.6934191 0.41994786
vn -0.15960792 -0.5132499 0.8432674
vn 0.25362295 -0.76746017 0.58879566
vn -0.9460234 0.0037535422 -0.3240765
vn -0.5412235 -0.78896624 0.29087684
vn -0.50825244 0.011175083 0.8611356
vn -0.24898563 0.3224137 0.9132664
vn 0.78745353 0.4529685 0.41801494
vn -0.41434804 -0.8606626 -0.29593185
vn -0.9898865 -0.025198223 0.13960552
vn -0.90922797 -0.32097504 0.26510286
vn -0.6023109 0.18473761 0.77659106
vn -0.97781116 -0.01708619 -0.20879044
vn -0.6242601 0.07406556 -0.7776976
vn -0.87347513 0.16265745 -0.45889404
vn -0.4327498 -0.74253035 -0.5112498
vn 0.15559833 0.5548097 0.81729764
vn -0.7246752 0.31058007 -0.6151308
vn 0.9860748 -0.11630315 -0.11887007
vn 0.47431636 0.6991735 0.53495836
vn -0.9460234 0.0037535422 -0.3240765
vn -0.5412235 -0.78896624 0.29087684
vn -0.25534976 0.8985297 0.3569886
vn 0.5533888 -0.6039702 -0.57356846
vn -0.5412235 -0.78896624 0.29087684
vn 0.47431636 0.6991735 0.53495836
vn -0.7087126 -0.27133438 -0.6512328
vn -0.96975636 -0.20513058 -0.13226514
vn -0.58900803 -0.80364794 -0.084967785
vn -0.899556 0.009366708 -0.43670502
vn -0.40577787 0.06290915 -0.91180414
vn 0.102347046 -0.2734611 -0.95642257
vn -0.87114525 0.18331689 -0.4555226
vn -0.46249458 0.12856543 -0.8772512
vn -0.8810948 -0.07705686 -0.46661988
vn -0.6071408 -0.4630701 -0.6457137
vn -0.93473816 -0.18875751 -0.30105683
vn -0.23563667 -0.33235633 -0.913244
vn -0.061576135 -0.542867 -0.83755827
vn -0.5324992 -0.28075144 -0.7985132
vn -0.017213037 -0.06944614 -0.9974372
vn -0.64870757 -0.27225584 -0.71067244
vn -0.5160422 -0.10901051 -0.8495982
vn -0.37775746 -0.14868456 -0.9138885
vn -0.9402946 -0.23704904 -0.24424124
vn -0.92210597 -0.1653808 -0.34981397
vn -0.08991741 -0.07162886 -0.9933701
vn -0.8285307 -0.01846277 0.55963916
vn -0.97781116 -0.01708619 -0.20879044
vn 0.40379205 -0.10502945 -0.90880185
vn -0.6242601 0.07406556 -0.7776976
vn 0.8725496 -0.3591837 -0.33112574
vn -0.90529865 -0.12318207 -0.40652254
vn 0.7256834 -0.19869904 -0.6587126
vn -0.11246863 0.098459445 0.9887652
vn -0.18333286 -0.004726684 -0.98303956
vn -0.82090396 -0.0698719 -0.5667756
vn -0.547566 -0.12999672 -0.8266029
vn -0.47452286 -0.05942059 -0.8782353
vn -0.6966701 0.6116183 -0.37493172
vn -0.89549977 -0.1441808 -0.42106068
vn -0.96587074 -0.22766341 0.12354384
vn -0.8140804 -0.073911354 -0.57602966
vn -0.32120436 -0.019209152 -0.9468151
vn -0.95858395 -0.11600981 0.26011246
vn -0.9994976 -0.023239603 0.021552691
vn -0.7365213 0.0057133944 -0.6763902
vn -0.9679957 0.24593839 -0.0499867
vn -0.67455655 0.31373224 -0.66824067
vn -0.8727456 0.28778687 -0.3943272
vn -0.10266731 0.22750907 -0.9683486
vn -0.053391017 0.14699371 -0.9876954
vn -0.051897887 0.21436127 -0.9753747
vn -0.3384081 0.02783199 -0.94058776
vn -0.45261216 -0.27160496 -0.8493368
vn -0.8669407 -0.44256952 -0.22922923
vn -0.9648131 -0.0786471 0.2508989
vn -0.7672972 -0.61601156 0.17828281
vn -0.7221934 0.6232711 0.2999496
vn -0.39917484 -0.2511552 0.88180524
vn -0.619019 -0.4883165 0.61511177
vn 0.74322313 -0.6665737 0.057436343
vn -0.27719405 -0.8573304 -0.43376034
vn -0.16732809 0.98131365 -0.0949993
vn -0.78498274 0.60159045 0.14795625
vn -0.72965896 0.5337922 -0.4273917
vn -0.8043562 0.5898914 -0.0709871
vn -0.72965896 0.5337922 -0.4273917
vn 0.5499827 -0.7303934 0.405024
vn -0.6992796 0.3749393 0.60862845
vn -0.92992795 0.34446952 0.12874289
vn -0.82756066 0.38522875 -0.40834075
vn -0.92250407 0.076732926 -0.3782834
vn -0.8441605 0.38052398 -0.377617
vn -0.89632183 0.34688336 -0.27618673
vn -0.8043562 0.5898914 -0.0709871
vn 0.30785513 -0.78481436 -0.5378584
vn -0.9390259 0.2999628 0.16808559
vn -0.8731053 0.4872866 0.015456054
vn -0.7825157 -0.61602676 -0.090444416
vn -0.77065355 0.4799637 0.41919926
vn 0.46599403 -0.61455107 0.6365348
vn -0.32975805 0.5735541 0.74986356
vn -0.15088226 0.96437263 0.21730153
vn 0.57025146 0.75104094 0.3327924
vn -0.64984596 0.58399457 0.48646745
vn -0.6199996 0.65460455 0.43254295
vn -0.09565128 0.9720842 0.21425003
vn -0.058532633 0.8052388 0.5900546
vn -0.32046333 0.6220156 0.7144227
vn -0.56836766 0.80918574 0.1489182
vn -0.16732809 0.98131365 -0.0949993
vn -0.485908 0.7559635 0.43864864
vn -0.78498274 0.60159045 0.14795625
vn -0.8043562 0.5898914 -0.0709871
vn -0.6442304 0.47262555 0.6013254
vn -0.77065355 0.4799637 0.41919926
vn -0.64984596 0.58399457 0.48646745
vn -0.58409375 0.51749945 0.62532294
vn -0.43309268 0.44323748 0.7848384
vn -0.2626782 0.87699467 0.4023438
vn -0.63362867 0.6560017 0.41009328
vn -0.8731053 0.4872866 0.015456054
vn -0.47821367 0.86101943 -0.17308152
vn 0.5729005 -0.8143393 0.092933334
vn -0.7825157 -0.61602676 -0.090444416
vn -0.15088226 0.96437263 0.21730153
vn 0.98714566 -0.058170147 -0.14886142
vn -0.11246863 0.098459445 0.9887652
vn 0.76096344 0.13360368 0.6348895
vn 0.7256834 -0.19869904 -0.6587126
vn 0.9873246 0.136383 0.08117768
vn 0.14247887 -0.22142458 -0.96471286
vn 0.7506379 0.028868437 0.6600829
vn -0.24898563 0.3224137 0.9132664
vn 0.9909459 0.07571532 0.110875875
vn 0.8725496 -0.3591837 -0.33112574
vn 0.40379205 -0.10502945 -0.90880185
vn -0.9898865 -0.025198223 0.13960552
vn -0.6023109 0.18473761 0.77659106
vn -0.08991741 -0.07162886 -0.9933701
vn -0.37775746 -0.14868456 -0.9138885
vn 0.78745353 0.4529685 0.41801494
vn 0.8725496 -0.3591837 -0.33112574
vn -0.90922797 -0.32097504 0.26510286
vn 0.96040165 -0.11269173 -0.2548122
vn -0.41434804 -0.8606626 -0.29593185
vn 0.9909459 0.07571532 0.110875875
vn 0.78745353 0.4529685 0.41801494
vn 0.15559833 0.5548097 0.81729764
vn -0.6242601 0.07406556 -0.7776976
vn 0.9860748 -0.11630315 -0.11887007
vn 0.78745353 0.4529685 0.41801494
vn -0.50825244 0.011175083 0.8611356
vn 0.25362295 -0.76746017 0.58879566
vn 0.47431636 0.6991735 0.53495836
vn -0.10730982 -0.97920793 -0.17215233
vn -0.41434804 -0.8606626 -0.29593185
vn -0.9460234 0.0037535422 -0.3240765
vn -0.3997381 -0.8953741 0.19625139
vn -0.15129495 -0.98232365 0.110227585
vn -0.6495223 0.75648504 0.07649268
vn -0.28191704 0.9211741 0.26825565
vn -0.08315914 -0.98418987 0.15638037
vn -0.6495223 0.75648504 0.07649268
vn -0.050972115 0.9851789 0.1637815
vn -0.28191704 0.9211741 0.26825565
vn -0.6117364 -0.42680413 -0.6660456
vn -0.32975805 0.5735541 0.74986356
vn 0.57025146 0.75104094 0.3327924
vn -0.15088226 0.96437263 0.21730153
vn -0.64984596 0.58399457 0.48646745
vn -0.47821367 0.86101943 -0.17308152
vn -0.28191704 0.9211741 0.26825565
vn -0.15129495 -0.98232365 0.110227585
vn 0.08713396 -0.91326207 0.39794478
vn 0.26175427 -0.5591551 0.7866577
vn -0.6023109 0.18473761 0.77659106
vn 0.7506379 0.028868437 0.6600829
vn 0.14247887 -0.22142458 -0.96471286
vn -0.73483884 0.23050463 0.637871
vn -0.9898865 -0.025198223 0.13960552
vn 0.9873246 0.136383 0.08117768
vn -0.49413818 -0.1428452 -0.8575679
vn -0.93171376 0.09944346 -0.34931427
vn -0.6961188 0.70090705 0.15539625
vn -0.2048379 0.9220665 -0.32838202
vn -0.49413818 -0.1428452 -0.8575679
vn -0.6961188 0.70090705 0.15539625
vn 0.23842303 -0.8587348 0.45357364
vn 0.8740909 -0.2444519 0.41977176
vn 0.24286053 -0.9233529 0.29738557
vn 0.7967851 -0.5899624 -0.13068187
vn -0.9692388 0.1728775 0.17518407
vn -0.72962403 0.5798153 0.36257815
vn -0.9907007 0.13599378 -0.004209878
vn -0.94118935 0.008883771 -0.33776277
vn 0.8449208 -0.43876147 -0.30593652
vn 0.2260092 -0.9415123 -0.24994887
vn 0.30785513 -0.78481436 -0.5378584
vn 0.56510967 -0.35682756 -0.7438583
vn 0.73287284 -0.40346324 -0.54782736
vn 0.6448075 -0.4005006 -0.6510166
vn 0.3439026 -0.9347642 -0.089145556
vn 0.79401034 -0.50403476 -0.3398479
vn 0.7146581 -0.4446445 -0.5399584
vn 0.5246702 -0.61647046 -0.5870992
vn 0.54900926 -0.7382057 -0.39197093
vn -0.021225825 -0.97462654 -0.22282855
vn 0.41922078 -0.9053869 0.06729412
vn 0.8503809 -0.43054193 0.30246645
vn 0.13037863 -0.8061732 -0.57713616
vn 0.25708815 -0.5593647 -0.7880462
vn 0.19598337 -0.5376973 -0.820044
vn 0.56107295 -0.4453998 -0.69772214
vn 0.2574436 -0.46053666 -0.84948736
vn 0.71982145 -0.38742733 -0.5759836
vn 0.95240194 -0.22732423 -0.20311135
vn 0.5729005 -0.8143393 0.092933334
vn 0.50207317 -0.8401092 -0.20527786
vn -0.64725894 -0.7474152 0.14975458
vn 0.17387138 -0.518849 -0.8369973
vn 0.022189634 -0.458377 -0.8884808
vn -0.30184594 -0.6574877 -0.69036144
vn -0.55624443 -0.32059368 -0.7666889
vn -0.4212568 -0.66952044 -0.6117884
vn -0.019780764 -0.6754673 -0.73712456
vn -0.3252909 -0.79203653 -0.51658875
vn -0.96174234 -0.2736644 -0.012625293
vn -0.98373276 -0.0704698 -0.16523889
vn -0.60306805 -0.6327341 -0.48575354
vn 0.8578954 -0.35496038 0.3715087
vn -0.068745516 0.74920046 0.6587661
vn 0.24646819 0.6268079 0.73916525
vn -0.24171636 0.6776087 0.69456434
vn 0.6366029 0.73565364 0.23140988
vn 0.07888404 0.9507018 -0.29990572
vn 0.4701564 -0.71490246 0.5175591
vn -0.45969754 -0.071308285 0.8852081
vn 0.67344314 0.5202186 0.52521133
vn 0.47431636 0.6991735 0.53495836
vn -0.6542788 -0.077681705 0.7522531
vn -0.9957359 -0.0877887 -0.028340908
vn 0.023551883 -0.9416273 -0.33583224
vn -0.9692388 0.1728775 0.17518407
vn 0.7967851 -0.5899624 -0.13068187
vn 0.20931955 -0.5655573 -0.79770315
vn -0.7925045 0.38081676 -0.47635624
vn -0.7271381 -0.5875173 -0.35509664
vn -0.72962403 0.5798153 0.36257815
vn -0.5412235 -0.78896624 0.29087684
vn -0.4327498 -0.74253035 -0.5112498
vn -0.10730982 -0.97920793 -0.17215233
vn 0.25362295 -0.76746017 0.58879566
vn -0.6242601 0.07406556 -0.7776976
vn 0.96040165 -0.11269173 -0.2548122
vn -0.87347513 0.16265745 -0.45889404
vn 0.67344314 0.5202186 0.52521133
vn -0.9957359 -0.0877887 -0.028340908
vn -0.24698956 -0.0772664 -0.9659327
vn 0.30627945 0.7424305 -0.5958102
vn -0.10730982 -0.97920793 -0.17215233
vn 0.4701564 -0.71490246 0.5175591
vn 0.3478873 0.6259479 -0.6979711
vn 0.6366029 0.73565364 0.23140988
vn 0.5862799 0.63390505 -0.5044207
vn -0.4327498 -0.74253035 -0.5112498
vn -0.5261796 0.71630746 0.45829967
vn -0.9754027 -0.21162015 0.061696403
vn -0.46498835 0.868628 -0.17108811
vn -0.8219749 0.4210529 -0.3834993
vn 0.6704899 0.49371794 -0.5537923
vn 0.5134134 0.7369376 -0.4396927
vn -0.61305976 0.4909346 -0.6189838
vn -0.71796477 0.38439235 -0.5803181
vn -0.9907007 0.13599378 -0.004209878
vn -0.73825747 0.44149214 -0.5099614
vn -0.51606965 0.75803983 -0.3988079
vn -0.72962403 0.5798153 0.36257815
vn -0.72588336 0.6757837 -0.12810071
vn 0.8740909 -0.2444519 0.41977176
vn -0.94118935 0.008883771 -0.33776277
vn 0.8740909 -0.2444519 0.41977176
vn -0.73825747 0.44149214 -0.5099614
vn -0.6722508 0.34103203 -0.6570967
vn -0.49413818 -0.1428452 -0.8575679
vn -0.93892246 0.079294816 -0.3348686
vn -0.60833925 0.2821937 -0.7418154
vn -0.685372 0.37492895 -0.62425435
vn -0.71796477 0.38439235 -0.5803181
vn -0.8219749 0.4210529 -0.3834993
vn -0.73825747 0.44149214 -0.5099614
vn -0.70655715 0.36217427 -0.60795295
vn -0.46498835 0.868628 -0.17108811
vn -0.693287 0.40989774 -0.59273684
vn -0.9344392 0.32569268 -0.14404045
vn -0.92193836 0.36712715 -0.123480074
vn -0.9907007 0.13599378 -0.004209878
vn -0.69557333 -0.47548047 0.5386057
vn -0.93171376 0.09944346 -0.34931427
vn -0.7925045 0.38081676 -0.47635624
vn -0.9407746 0.100537546 -0.32378277
vn 0.20931955 -0.5655573 -0.79770315
vn -0.7271381 -0.5875173 -0.35509664
vn 0.61420894 -0.71785057 -0.32777733
vn 0.6651562 -0.57609063 0.47506502
vn -0.94118935 0.008883771 -0.33776277
vn -0.74930996 0.28845963 -0.596092
vn -0.77788335 0.6263053 0.051372685
vn -0.5811913 0.32126758 -0.7476656
vn -0.61305976 0.4909346 -0.6189838
vn -0.5032035 0.8013753 -0.3233942
vn -0.4011437 0.30373734 -0.8641917
vn -0.5907601 0.36305133 -0.7205527
vn -0.23953141 0.3346082 -0.91140664
vn -0.5429256 0.39726457 -0.7398734
vn -0.38356203 0.5053445 -0.7729858
vn -0.8413418 0.329239 -0.42865562
vn -0.6115156 0.38798407 -0.68957746
vn -0.55047375 0.7493361 -0.368068
vn -0.689511 0.707012 0.15718983
vn -0.1459854 0.9215721 -0.35971263
vn -0.37609404 0.39198476 -0.83958393
vn -0.6352151 0.52463216 -0.56680053
vn -0.7591916 0.64670837 -0.07346081
vn -0.2210525 0.9738901 -0.051709257
vn -0.69557333 -0.47548047 0.5386057
vn -0.93892246 0.079294816 -0.3348686
vn -0.73825747 0.44149214 -0.5099614
vn -0.94118935 0.008883771 -0.33776277
vn -0.6961188 0.70090705 0.15539625
vn -0.93171376 0.09944346 -0.34931427
vn -0.9407746 0.100537546 -0.32378277
vn 0.6651562 -0.57609063 0.47506502
vn -0.7444759 -0.6238759 0.23776992
vn -0.04509073 -0.631705 -0.7738964
vn 0.45087898 -0.1804079 -0.8741631
vn 0.82376444 -0.4404246 -0.35698506
vn -0.28591287 -0.85288715 -0.4368493
vn 0.16787374 0.24106234 -0.9558804
vn -0.12138466 0.10868863 0.986637
vn 0.01294924 0.43839663 -0.8986883
vn 0.8443284 0.36868003 0.38882458
vn -0.26777717 -0.7953215 0.54383737
vn 0.857065 -0.4510248 0.24903046
vn 0.8449208 -0.43876147 -0.30593652
vn 0.30785513 -0.78481436 -0.5378584
vn 0.79401034 -0.50403476 -0.3398479
vn -0.92250407 0.076732926 -0.3782834
vn 0.73115593 -0.38811818 0.5610484
vn 0.8503809 -0.43054193 0.30246645
vn 0.46599403 -0.61455107 0.6365348
vn 0.5318036 -0.36260104 0.7653139
vn 0.33802715 -0.27700064 0.8994489
vn 0.047171425 -0.8977888 0.43789282
vn -0.88918173 -0.36829013 0.27151105
vn 0.06289025 -0.9943653 -0.08533769
vn 0.6291805 -0.713109 -0.30920458
vn -0.8443961 -0.21301328 0.49154916
vn -0.7271381 -0.5875173 -0.35509664
vn 0.023551883 -0.9416273 -0.33583224
vn 0.61420894 -0.71785057 -0.32777733
vn 0.8742697 -0.3596794 -0.32601094
vn 0.22882195 -0.95767283 0.17465182
vn 0.7344908 -0.42426014 0.5296476
vn 0.5499827 -0.7303934 0.405024
vn 0.41922078 -0.9053869 0.06729412
vn -0.6992796 0.3749393 0.60862845
vn 0.64734566 -0.07816937 0.7581775
vn -0.12619285 -0.5647201 0.81557745
vn 0.8443284 0.36868003 0.38882458
vn 0.82376444 -0.4404246 -0.35698506
vn 0.4508836 -0.8755192 0.17369519
vn 0.16787374 0.24106234 -0.9558804
vn 0.56396294 -0.8231835 -0.06568682
vn -0.72344404 0.15076886 0.6737191
vn -0.80200285 0.12491339 -0.58411306
vn -0.7521039 -0.65890354 0.013631128
vn -0.98942596 -0.022331763 -0.14330938
vn 0.29734954 0.7072863 0.6413497
vn -0.7015844 0.5015949 0.50614417
vn -0.7836168 0.4521397 0.42604506
vn -0.66439474 0.7332656 0.14457253
vn -0.9257673 0.16554667 -0.3399253
vn -0.10276713 0.9675288 -0.23092611
vn 0.45087898 -0.1804079 -0.8741631
vn -0.3587318 -0.40244898 0.842227
vn -0.12138466 0.10868863 0.986637
vn 0.82376444 -0.4404246 -0.35698506
vn 0.16787374 0.24106234 -0.9558804
vn 0.034628566 0.9889215 -0.14434363
vn -0.46498835 0.868628 -0.17108811
vn -0.1229242 -0.9805092 -0.15326886
vn -0.24207966 -0.9684845 -0.058610585
vn -0.52410287 -0.66558063 -0.53133667
vn -0.2265263 -0.91433865 0.33566457
vn 0.2713821 0.96244293 -0.007444084
vn 0.78867495 0.11064199 -0.6047728
vn -0.63646436 -0.7131147 0.29390565
vn 0.093887605 0.96335214 -0.25127238
vn -0.31141305 0.77337617 -0.5521876
vn 0.2713821 0.96244293 -0.007444084
vn -0.2265263 -0.91433865 0.33566457
vn -0.69557333 -0.47548047 0.5386057
vn 0.034628566 0.9889215 -0.14434363
vn -0.60833925 0.2821937 -0.7418154
vn -0.73825747 0.44149214 -0.5099614
vn 0.29734954 0.7072863 0.6413497
vn -0.80200285 0.12491339 -0.58411306
vn -0.72344404 0.15076886 0.6737191
vn -0.66439474 0.7332656 0.14457253
vn -0.7890047 0.46252364 0.40440515
vn -0.7015844 0.5015949 0.50614417
vn -0.10276713 0.9675288 -0.23092611
vn -0.9257673 0.16554667 -0.3399253
vn 0.3478873 0.6259479 -0.6979711
vn 0.6366029 0.73565364 0.23140988
vn 0.65016276 0.7597836 0.0041585127
vn -0.79173005 -0.14066058 0.59445614
vn -0.6485277 -0.13631704 0.7488855
vn -0.9402946 -0.23704904 -0.24424124
vn -0.90529865 -0.12318207 -0.40652254
vn -0.7484975 -0.08456556 0.6577235
vn -0.9957359 -0.0877887 -0.028340908
vn -0.82090396 -0.0698719 -0.5667756
vn -0.9769293 -0.12016893 -0.17654613
vn 0.4701564 -0.71490246 0.5175591
vn -0.6966701 0.6116183 -0.37493172
vn -0.608584 0.67299896 0.42035452
vn -0.6542788 -0.077681705 0.7522531
vn 0.929119 -0.16989852 -0.32843927
vn 0.8148485 -0.18132028 -0.5505859
vn 0.7618811 -0.092177205 -0.6411244
vn 0.83112013 -0.37331316 -0.41216093
vn 0.8742697 -0.3596794 -0.32601094
vn 0.22882195 -0.95767283 0.17465182
vn 0.92679816 -0.30081052 -0.22485138
vn 0.9927233 -0.11796744 -0.024170363
vn 0.65714014 -0.72299594 -0.21317534
vn 0.95690936 -0.20555736 -0.2051114
vn 0.8494336 -0.36621374 -0.37993422
vn 0.6291805 -0.713109 -0.30920458
vn 0.8705116 -0.31881168 -0.37492496
vn 0.63083184 -0.6223978 -0.46332723
vn 0.6549615 -0.19923966 -0.72892314
vn 0.83958185 -0.11075216 -0.5318236
vn 0.47076464 -0.31112942 -0.8255781
vn 0.8533448 -0.19507281 -0.48347625
vn 0.95439476 -0.22495665 -0.19627813
vn 0.84340477 0.014714376 -0.5370772
vn 0.25704485 -0.81218 -0.52372855
vn 0.06289025 -0.9943653 -0.08533769
vn 0.61420894 -0.71785057 -0.32777733
vn 0.93950593 -0.31653324 0.13090193
vn 0.85968494 -0.41702747 -0.29500833
vn 0.730135 -0.65427244 0.19705442
vn 0.843794 -0.3622291 0.3959821
vn -0.739218 -0.321858 0.59157777
vn 0.53090596 -0.3507244 -0.7714475
vn 0.84340477 0.014714376 -0.5370772
vn 0.95439476 -0.22495665 -0.19627813
vn 0.99978006 0.019778196 0.00697308
vn 0.53090596 -0.3507244 -0.7714475
vn -0.739218 -0.321858 0.59157777
vn 0.95439476 -0.22495665 -0.19627813
vn -0.76980096 -0.004223374 0.63827
vn 0.22882195 -0.95767283 0.17465182
vn 0.8533448 -0.19507281 -0.48347625
vn 0.53090596 -0.3507244 -0.7714475
vn 0.99978006 0.019778196 0.00697308
vn -0.76980096 -0.004223374 0.63827
vn 0.95439476 -0.22495665 -0.19627813
vn 0.8533448 -0.19507281 -0.48347625
vn -0.76980096 -0.004223374 0.63827
vn -0.10730982 -0.97920793 -0.17215233
vn -0.24698956 -0.0772664 -0.9659327
vn -0.45969754 -0.071308285 0.8852081
vn 0.3478873 0.6259479 -0.6979711
vn 0.47431636 0.6991735 0.53495836
vn 0.24646819 0.6268079 0.73916525
vn -0.2265263 -0.91433865 0.33566457
vn -0.60833925 0.2821937 -0.7418154
vn -0.69557333 -0.47548047 0.5386057
vn 0.034628566 0.9889215 -0.14434363
vn 0.9927233 -0.11796744 -0.024170363
vn 0.8705116 -0.31881168 -0.37492496
vn 0.843794 -0.3622291 0.3959821
vn 0.95690936 -0.20555736 -0.2051114
vn 0.67847097 -0.5307362 0.5079332
vn 0.7860642 -0.31032956 0.53460133
vn 0.31207097 -0.78832877 -0.5302353
vn 0.687624 -0.4094854 0.59957904
vn 0.7051536 -0.34600484 0.61890155
vn 0.6461827 -0.34426856 0.6811219
vn 0.5380611 -0.37987936 0.75245064
vn 0.657067 -0.47880527 0.58224434
vn 0.4220783 -0.66084117 0.6205955
vn 0.6651562 -0.57609063 0.47506502
vn 0.64476746 -0.3722728 0.6675986
vn 0.8081866 -0.34363446 0.47827792
vn 0.29298055 -0.89147377 0.34559646
vn 0.2844924 -0.86666006 0.40983465
vn 0.843794 -0.3622291 0.3959821
vn 0.5858173 -0.46548143 0.6634344
vn 0.730135 -0.65427244 0.19705442
vn 0.74657845 -0.652346 0.13063408
vn 0.117854014 -0.5126403 0.85047656
vn 0.18550962 -0.7117337 0.6775111
vn 0.41692784 -0.16047688 0.894661
vn 0.027107373 -0.9605552 0.276765
vn 0.5337482 -0.37626895 0.75732064
vn 0.28383788 -0.3182129 0.9045312
vn 0.93950593 -0.31653324 0.13090193
vn 0.23842303 -0.8587348 0.45357364
vn 0.45844907 -0.8577493 -0.2325739
vn 0.9927233 -0.11796744 -0.024170363
vn 0.2667909 -0.9039141 0.33430812
vn 0.61420894 -0.71785057 -0.32777733
vn 0.10338907 -0.9435866 0.31457114
vn -0.62151074 -0.76657295 0.16152486
vn 0.85968494 -0.41702747 -0.29500833
vn 0.6651562 -0.57609063 0.47506502
vn -0.41566926 -0.8366856 -0.3566179
vn 0.7860642 -0.31032956 0.53460133
vn -0.93171376 0.09944346 -0.34931427
vn -0.91101974 0.0018079623 -0.4123588
vn -0.93171376 0.09944346 -0.34931427
vn -0.41566926 -0.8366856 -0.3566179
vn 0.31207097 -0.78832877 -0.5302353
vn -0.91101974 0.0018079623 -0.4123588
vn -0.6563333 0.4260466 -0.6226643
vn 0.6651562 -0.57609063 0.47506502
vn 0.67847097 -0.5307362 0.5079332
vn -0.41566926 -0.8366856 -0.3566179
vn -0.93171376 0.09944346 -0.34931427
vn 0.31207097 -0.78832877 -0.5302353
vn -0.7302737 -0.18520012 -0.6575722
vn 0.23842303 -0.8587348 0.45357364
vn -0.2048379 0.9220665 -0.32838202
vn -0.7302737 -0.18520012 -0.6575722
vn 0.7860642 -0.31032956 0.53460133
vn -0.93171376 0.09944346 -0.34931427
vn 0.31207097 -0.78832877 -0.5302353
vn 0.01294924 0.43839663 -0.8986883
vn 0.8443284 0.36868003 0.38882458
vn -0.17196365 0.12815945 0.9767311
vn 0.045424152 0.5774185 0.8151837
vn -0.52291137 0.81989443 -0.23310253
vn -0.92465305 -0.09078664 0.3698304
vn -0.6722508 0.34103203 -0.6570967
vn -0.2048379 0.9220665 -0.32838202
vn -0.93171376 0.09944346 -0.34931427
vn 0.6448075 -0.4005006 -0.6510166
vn 0.95240194 -0.22732423 -0.20311135
vn 0.3439026 -0.9347642 -0.089145556
vn 0.73287284 -0.40346324 -0.54782736
vn -0.6532622 -0.44484207 0.61266965
vn 0.6418411 0.7647079 -0.057111613
vn -0.7332875 -0.19245265 -0.652113
vn 0.81027997 0.4032831 0.42521656
vn 0.57717043 0.5466274 -0.60669005
vn -0.33202535 0.5416215 -0.7722728
vn -0.5261796 0.71630746 0.45829967
vn 0.91428864 0.0590028 0.40074295
vn 0.98011917 -0.19294815 -0.046231687
vn 0.99992967 -0.011039258 0.004335243
vn 0.8465866 -0.52129877 -0.10741857
vn 0.99538267 -0.08115728 0.051253133
vn 0.9971649 -0.059039246 -0.04665372
vn 0.9862714 -0.1300632 0.10174642
vn 0.43938628 -0.11091156 0.8914249
vn 0.9993859 0.0291375 -0.019463535
vn 0.89431864 0.44697925 0.020092454
vn 0.015869677 0.38934258 0.9209563
vn 0.4311012 0.85706735 0.2821122
vn -0.27597654 -0.2405468 0.93057734
vn -0.608584 0.67299896 0.42035452
vn 0.74322313 -0.6665737 0.057436343
vn -0.547566 -0.12999672 -0.8266029
vn 0.9648552 -0.14348084 -0.22015378
vn 0.29865068 -0.0723545 -0.9516158
vn 0.5139399 -0.67434686 -0.5302094
vn 0.404254 -0.08049989 0.9110974
vn -0.0526603 -0.8517443 0.52130467
vn 0.404254 -0.08049989 0.9110974
vn -0.00054093136 -0.01353738 0.9999082
vn -0.7127172 -0.65616727 0.24794915
vn -0.6532622 -0.44484207 0.61266965
vn -0.7332875 -0.19245265 -0.652113
vn 0.81027997 0.4032831 0.42521656
vn -0.5261796 0.71630746 0.45829967
vn -0.9754027 -0.21162015 0.061696403
vn -0.9444231 -0.2112923 -0.25183454
vn -0.98373276 -0.0704698 -0.16523889
vn -0.9755841 0.21596935 -0.039910853
vn -0.8232706 -0.23540883 0.51653475
vn -0.60756457 -0.04158776 0.79318076
vn -0.96174234 -0.2736644 -0.012625293
vn -0.6311162 0.01673787 0.7755077
vn -0.60306805 -0.6327341 -0.48575354
vn -0.898836 -0.17831634 0.40037125
vn -0.5659648 -0.46909025 0.6779662
vn 0.10149593 -0.99466836 -0.018261427
vn -0.78498274 0.60159045 0.14795625
vn -0.5533486 -0.681522 0.47888732
vn -0.82851046 0.060582545 0.5566868
vn -0.6327381 0.098422684 0.7680856
vn -0.8581368 0.038019218 0.5120115
vn -0.5991263 -0.07133864 0.79747003
vn -0.72470504 0.028348695 0.6884758
vn -0.76980096 -0.004223374 0.63827
vn -0.739218 -0.321858 0.59157777
vn 0.47076464 -0.31112942 -0.8255781
vn -0.63409734 -0.22360937 0.74021584
vn -0.56686246 0.012386524 0.8237193
vn -0.66968703 0.03846507 0.7416466
vn -0.0020484992 -0.9976952 -0.067823425
vn -0.58968467 -0.7086515 0.38740814
vn -0.6196849 -0.49412078 0.609783
vn 0.27533615 -0.27262503 0.92188156
vn 0.577914 -0.6545977 -0.4873574
vn -0.3857718 -0.13838841 0.9121561
vn 0.33802715 -0.27700064 0.8994489
vn 0.5318036 -0.36260104 0.7653139
vn -0.6992796 0.3749393 0.60862845
vn 0.22882195 -0.95767283 0.17465182
vn 0.047171425 -0.8977888 0.43789282
vn -0.07406492 -0.99725187 0.0017443065
vn 0.28187788 -0.18304016 -0.9418286
vn 0.99978006 0.019778196 0.00697308
vn -0.739218 -0.321858 0.59157777
vn -0.76980096 -0.004223374 0.63827
vn -0.10846385 -0.61584294 -0.78036726
vn 0.055937346 -0.99816775 0.023068193
vn -0.5659648 -0.46909025 0.6779662
vn -0.898836 -0.17831634 0.40037125
vn 0.47355017 -0.25211364 0.8439129
vn 0.71544814 0.26802766 0.6452094
vn 0.6681994 -0.019455196 -0.7437278
vn 0.40619928 0.9030386 0.13972613
vn 0.8022181 -0.58422035 0.12301517
vn 0.33151963 -0.2573945 -0.90765786
vn 0.3338699 0.03132269 -0.9420986
vn 0.91905147 -0.19111595 0.34470147
vn 0.1085744 0.509076 0.85384613
vn 0.22547981 -0.027914723 0.97384787
vn 0.4575116 0.8195171 -0.34507224
vn -0.7332875 -0.19245265 -0.652113
vn 0.57717043 0.5466274 -0.60669005
vn -0.7127172 -0.65616727 0.24794915
vn -0.33202535 0.5416215 -0.7722728
vn -0.9444231 -0.2112923 -0.25183454
vn -0.9754027 -0.21162015 0.061696403
vn -0.024113083 0.72627145 -0.68698496
vn -0.24207966 -0.9684845 -0.058610585
vn -0.21175463 -0.032433778 -0.9767845
vn -0.46498835 0.868628 -0.17108811
vn -0.7591916 0.64670837 -0.07346081
vn -0.16174482 0.9705393 -0.17858374
vn -0.6352151 0.52463216 -0.56680053
vn -0.4798382 0.87472063 0.06796404
vn -0.5032035 0.8013753 -0.3233942
vn -0.44028804 0.8223879 -0.36031178
vn -0.7256806 0.66244626 -0.18588333
vn -0.4288854 0.78603 0.44521245
vn -0.77788335 0.6263053 0.051372685
vn -0.52910537 0.4928334 -0.6907697
vn -0.72015005 0.6056107 -0.33855504
vn 0.15237622 0.98018336 -0.12657818
vn -0.2210525 0.9738901 -0.051709257
vn -0.8413418 0.329239 -0.42865562
vn 0.23265919 0.9668334 -0.105370335
vn 0.074722536 0.9655748 0.24916221
vn 0.044099785 0.71518314 -0.69754446
vn 0.46747324 0.7924057 -0.39186978
vn 0.77421635 0.55831236 -0.29812136
vn 0.34502503 0.9380871 0.030826354
vn -0.33246925 0.9424153 0.036299523
vn 0.04691078 0.99821645 0.03692249
vn 0.2007112 0.9796008 0.009867019
vn 0.46374846 0.88191414 -0.08464506
vn -0.20839402 0.87454647 -0.43788177
vn 0.24751016 0.54799336 -0.79902565
vn -0.28440133 0.7875871 0.54664654
vn -0.16220471 0.8502816 -0.5007103
vn -0.033680137 0.97179824 0.23339626
vn 0.078818195 0.9968882 -0.0012586404
vn 0.013074906 0.9990931 -0.040521856
vn -0.26615205 0.89909154 -0.3475594
vn 0.099438645 0.7931284 -0.6008821
vn 0.14617616 0.98362523 -0.10542261
vn 0.4421768 0.59048194 -0.6751376
vn -0.2259529 0.66389465 -0.71287394
vn 0.034066454 0.97242767 -0.23070297
vn -0.5995366 0.7954059 -0.08879921
vn -0.8323202 0.4747422 0.28611705
vn -0.07406492 -0.99725187 0.0017443065
vn 0.41922078 -0.9053869 0.06729412
vn 0.5499827 -0.7303934 0.405024
vn -0.021225825 -0.97462654 -0.22282855
vn 0.54900926 -0.7382057 -0.39197093
vn -0.09169256 -0.99571806 -0.011745622
vn -0.061632603 -0.9733882 -0.220719
vn 0.13037863 -0.8061732 -0.57713616
vn -0.5533486 -0.681522 0.47888732
vn -0.63409734 -0.22360937 0.74021584
vn 0.10149593 -0.99466836 -0.018261427
vn -0.019780764 -0.6754673 -0.73712456
vn -0.6196849 -0.49412078 0.609783
vn 0.055937346 -0.99816775 0.023068193
vn -0.3252909 -0.79203653 -0.51658875
vn -0.78498274 0.60159045 0.14795625
vn -0.72965896 0.5337922 -0.4273917
vn -0.96174234 -0.2736644 -0.012625293
vn -0.5659648 -0.46909025 0.6779662
vn -0.10846385 -0.61584294 -0.78036726
vn -0.07406492 -0.99725187 0.0017443065
vn -0.78498274 0.60159045 0.14795625
vn 0.10149593 -0.99466836 -0.018261427
vn 0.055937346 -0.99816775 0.023068193
vn -0.10846385 -0.61584294 -0.78036726
vn -0.82851046 0.060582545 0.5566868
vn -0.07406492 -0.99725187 0.0017443065
vn -0.898836 -0.17831634 0.40037125
vn 0.09228458 -0.98560864 0.14163046
vn 0.65714014 -0.72299594 -0.21317534
vn 0.730135 -0.65427244 0.19705442
vn 0.10338907 -0.9435866 0.31457114
vn 0.09329498 -0.98058754 -0.17246488
vn -0.006899743 -0.9992234 -0.03879407
vn -0.6204074 -0.27944955 0.7328046
vn 0.09834001 -0.9629805 -0.25099352
vn -0.0011889758 -0.98381925 -0.17916007
vn -0.020482376 -0.9609753 -0.27587488
vn 0.08347553 -0.95971376 -0.26829347
vn -0.016609523 -0.9905269 -0.13631047
vn 0.63083184 -0.6223978 -0.46332723
vn 0.25704485 -0.81218 -0.52372855
vn -0.13481167 -0.8974848 -0.41993678
vn 0.52918243 -0.8349482 -0.15108767
vn 0.3048626 -0.7862873 -0.53741145
vn 0.30581224 -0.89098716 -0.33559015
vn -0.0772623 -0.99448913 -0.070865706
vn -0.08435747 -0.9690722 0.23191129
vn -0.30191264 -0.86103064 -0.40923718
vn -0.16039857 -0.986594 0.03007518
vn -0.096151926 -0.9696784 -0.22467437
vn -0.054655388 -0.99653846 -0.06264127
vn 0.08576504 -0.971385 0.22148474
vn -0.6586063 -0.7420045 0.12516804
vn -0.21849146 -0.92987424 0.29596508
vn -0.08131681 -0.99631244 -0.027368875
vn -0.3049894 -0.89982086 0.31193566
vn -0.44664508 -0.81170636 -0.3763521
vn -0.60968864 -0.70584553 -0.36064085
vn 0.037949543 -0.9980294 -0.049970962
vn 0.122915685 -0.99143517 0.04413617
vn 0.30727404 -0.9420995 -0.13428009
vn 0.5491791 -0.79836524 -0.24701272
vn 0.104460984 -0.6439621 -0.7578923
vn 0.21014056 -0.6595122 -0.7217234
vn -0.5449146 -0.67542195 -0.49686342
vn -0.7004436 -0.7049087 -0.1117248
vn -0.08046237 -0.96052045 0.26631996
vn 0.36752254 -0.92994696 0.0112184975
vn 0.005893947 -0.809171 0.58754367
vn 0.14067525 -0.5683599 0.81066483
vn -0.6037589 0.29482237 -0.740645
vn 0.06777523 -0.9586167 -0.27651513
vn 0.06069632 -0.8742964 -0.48158252
vn 0.48133516 -0.82776546 -0.28830677
vn 0.05200533 -0.99396515 -0.096585624
vn 0.13521193 -0.7132465 -0.6877479
vn 0.28895217 -0.58000445 -0.76164395
vn 0.21201569 -0.26682445 -0.9401351
vn 0.83112013 -0.37331316 -0.41216093
vn 0.44824755 -0.8139962 -0.36943784
vn 0.05200533 -0.99396515 -0.096585624
vn 0.06777523 -0.9586167 -0.27651513
vn 0.447541 -0.8937529 -0.030214474
vn 0.37324566 -0.77672184 -0.50733703
vn 0.82141495 -0.5102646 0.25476953
vn 0.21014056 -0.6595122 -0.7217234
vn -0.13481167 -0.8974848 -0.41993678
vn 0.21201569 -0.26682445 -0.9401351
vn 0.13521193 -0.7132465 -0.6877479
vn -0.4742711 -0.09573514 0.87515813
vn -0.97388643 0.19867343 -0.109882124
vn -0.12426579 0.5756388 0.8082067
vn 0.153621 0.46366894 0.8725891
vn 0.5583457 0.13489921 0.8185672
vn -0.030372486 -0.23466413 0.9716019
vn 0.5721126 -0.55574965 0.6031828
vn 0.5260619 -0.7917543 0.31045768
vn 0.0038928448 0.9314597 -0.36382365
vn 0.63680196 -0.6898123 0.34444478
vn 0.8327448 0.49232832 0.25327638
vn -0.00822492 0.92308635 -0.38450488
vn -0.3782466 0.9088559 -0.17581366
vn -0.28189132 -0.9057623 -0.31643635
vn -0.33665815 0.8508529 -0.40337402
vn -0.11866946 0.9916497 0.05048247
vn 0.0038928448 0.9314597 -0.36382365
vn -0.3782466 0.9088559 -0.17581366
vn -0.38335982 0.90504456 -0.18419985
vn -0.16583084 -0.53718525 -0.82700187
vn -0.00822492 0.92308635 -0.38450488
vn -0.22527009 -0.9080426 -0.3531458
vn 0.071297 0.69652516 -0.7139814
vn 0.63680196 -0.6898123 0.34444478
vn 0.5721126 -0.55574965 0.6031828
vn 0.153621 0.46366894 0.8725891
vn -0.26575893 0.5977514 -0.7563501
vn -0.48511901 0.8231156 -0.2951953
vn -0.16520174 0.73545074 -0.6571306
vn -0.4742711 -0.09573514 0.87515813
vn -0.26575893 0.5977514 -0.7563501
vn -0.97388643 0.19867343 -0.109882124
vn -0.28189132 -0.9057623 -0.31643635
vn -0.33665815 0.8508529 -0.40337402
vn -0.48511901 0.8231156 -0.2951953
vn -0.4897372 0.5446977 -0.68078035
vn 0.28557342 0.87295234 -0.395477
vn -0.16520174 0.73545074 -0.6571306
vn 0.57569915 0.56749415 -0.58866024
vn -0.6793926 0.64399034 -0.35171312
vn 0.008178114 0.7179075 0.69609046
vn -0.6102011 0.41835937 -0.67277783
vn 0.1797067 0.86398053 -0.47036487
vn 0.25931495 0.9529714 0.1568478
vn 0.28557342 0.87295234 -0.395477
vn -0.48511901 0.8231156 -0.2951953
vn 0.1797067 0.86398053 -0.47036487
vn -0.16520174 0.73545074 -0.6571306
vn -0.6825247 -0.5205601 0.51300806
vn -0.6793926 0.64399034 -0.35171312
vn 0.012352309 0.24229555 0.9701238
vn -0.17069834 0.9455176 0.27723372
vn -0.85971963 0.5057206 0.071615756
vn 0.08125573 0.7548259 0.65087277
vn -0.447486 0.655899 0.60790855
vn -0.6204679 0.32742974 0.7126074
vn -0.09655067 0.5605043 0.82250404
vn 0.044426292 0.7294508 0.68258905
vn -0.16553545 0.50962573 0.84432197
vn -0.67412025 0.22007194 0.70507467
vn -0.81163263 0.33600348 0.47786412
vn -0.3195254 0.5554123 0.7677374
vn 0.006563588 0.7177497 0.6962703
vn 0.00015815781 0.1502534 0.9886475
vn -0.10684255 0.17913526 0.97800577
vn 0.0207523 0.17911005 0.98361015
vn -0.35736668 0.16556853 0.91917145
vn -0.28994873 0.7313624 0.61728334
vn -0.121280245 0.57422394 0.8096653
vn 0.42510998 0.49645618 0.7568439
vn 0.42849347 0.47235033 0.77024573
vn -0.166993 0.76839834 0.6178004
vn 0.1635371 0.909806 0.38145593
vn -0.14221686 0.9424924 0.3024606
vn -0.13074811 0.38955098 -0.911677
vn -0.64426434 0.7409359 0.18957162
vn -0.7829159 0.52932066 0.32689807
vn -0.33419305 0.91867155 0.2106123
vn -0.57858855 0.64961225 0.49319294
vn 0.07758397 0.95624745 0.2820843
vn 0.25494424 0.8514247 0.45834425
vn 0.29909077 0.95249325 0.057457257
vn -0.32782546 0.66209185 0.67391753
vn -0.10632766 0.985895 0.12925006
vn 0.08609902 0.6920367 0.71670926
vn -0.19705181 0.6858544 0.7005529
vn -0.22554421 0.57481736 0.78658426
vn -0.34239793 0.44653708 0.82666093
vn -0.43309268 0.44323748 0.7848384
vn -0.58409375 0.51749945 0.62532294
vn 0.5729005 -0.8143393 0.092933334
vn -0.64725894 -0.7474152 0.14975458
vn -0.41126326 0.44214204 0.79710287
vn -0.485908 0.7559635 0.43864864
vn -0.1924091 -0.13197483 0.97239983
vn -0.21985029 0.8502103 0.47833905
vn -0.33253708 0.91666806 0.22167258
vn 0.28192106 0.09222144 0.95499516
vn 0.034182716 0.80136627 0.59719646
vn -0.18066312 0.983379 0.018072598
vn -0.5204134 0.84708405 -0.10778932
vn -0.07175853 0.9914169 -0.109285496
vn -0.42916578 0.90316373 -0.01058414
vn 0.19411126 0.8213014 0.5364558
vn -0.2355582 0.8118708 0.53420794
vn -0.69618654 0.5186527 0.49631009
vn -0.5030967 0.83461094 0.22431749
vn -0.058532633 0.8052388 0.5900546
vn -0.32046333 0.6220156 0.7144227
vn -0.09565128 0.9720842 0.21425003
vn 0.28517124 0.9076554 0.30795935
vn 0.007114771 0.9379069 0.34681398
vn 0.14375363 0.8852231 0.44239685
vn 0.015000824 0.9998752 -0.004953707
vn 0.27646565 0.96102136 0.0021609466
vn 0.20179717 0.9692146 -0.14107047
vn -0.5065067 0.7280555 -0.46193746
vn -0.038280204 0.8899835 0.4543831
vn -0.0042577633 0.04273771 0.99907726
vn 0.29239377 0.07994095 0.95295084
vn -0.2903786 0.33749065 -0.89542186
vn -0.41126326 0.44214204 0.79710287
vn 0.25687698 -0.92980963 -0.26356837
vn 0.2654933 0.019262033 0.9639203
vn -0.09655067 0.5605043 0.82250404
vn -0.30184594 -0.6574877 -0.69036144
vn 0.24030454 -0.07587593 0.96772754
vn 0.8578954 -0.35496038 0.3715087
vn -0.32782546 0.66209185 0.67391753
vn 0.57181257 -0.56467855 -0.59512067
vn -0.7480537 0.096140996 0.6566373
vn -0.81259006 -0.04625713 0.5809971
vn -0.6903613 0.61030984 0.38848835
vn -0.447486 0.655899 0.60790855
vn 0.9265649 -0.34771273 -0.14343438
vn 0.08125573 0.7548259 0.65087277
vn -0.496463 -0.43279707 -0.7524701
vn -0.15982263 0.27618715 0.9477222
vn -0.6204679 0.32742974 0.7126074
vn -0.96735734 -0.06428437 0.24512716
vn -0.22580484 0.6246891 0.747513
vn -0.49916983 0.73475504 0.45930874
vn -0.012238669 -0.798588 0.6017536
vn -0.53379816 0.50949365 0.67488945
vn -0.7672972 -0.61601156 0.17828281
vn -0.8669407 -0.44256952 -0.22922923
vn -0.72066075 -0.6924365 0.03434792
vn -0.7544363 -0.5705461 -0.32450432
vn -0.619019 -0.4883165 0.61511177
vn -0.72966284 -0.44830862 0.5163444
vn -0.45404634 -0.3151019 0.8333983
vn -0.32215747 -0.6327968 -0.70411843
vn -0.6373624 -0.6541869 0.40719607
vn 0.21787228 -0.18558395 0.9581703
vn 0.099655524 -0.75379956 0.64950365
vn 0.9047143 -0.030607987 0.42491785
vn 0.24165684 -0.658465 0.71275926
vn 0.60582525 -0.42978206 0.66952455
vn 0.44222328 -0.7355023 0.5132981
vn 0.7516588 -0.62051004 0.22355397
vn 0.138139 -0.5209942 0.842308
vn 0.9368381 0.07598737 0.34140933
vn -0.37608114 -0.8640718 -0.33457866
vn 0.6192651 -0.2947092 -0.7277756
vn 0.03340503 0.95523536 -0.293955
vn -0.45261216 -0.27160496 -0.8493368
vn -0.2764348 0.93595093 -0.21812773
vn -0.12426579 0.5756388 0.8082067
vn -0.97388643 0.19867343 -0.109882124
vn 0.5583457 0.13489921 0.8185672
vn -0.10915805 0.9406511 -0.3213409
vn -0.1459854 0.9215721 -0.35971263
vn -0.48497367 0.79161674 -0.3716766
vn -0.55047375 0.7493361 -0.368068
vn -0.41316423 0.76043314 -0.5010357
vn -0.024113083 0.72627145 -0.68698496
vn 0.68145365 0.6122091 -0.40102488
vn -0.37609404 0.39198476 -0.83958393
vn -0.24207966 -0.9684845 -0.058610585
vn -0.48497367 0.79161674 -0.3716766
vn -0.55047375 0.7493361 -0.368068
vn -0.6315368 0.5567688 0.5396015
vn 0.41662884 0.70538676 0.57345444
vn 0.2594235 0.47304732 0.84197724
vn -0.21189125 -0.039023023 -0.97651386
vn -0.59852046 0.5641045 0.5688228
vn -0.9679957 0.24593839 -0.0499867
vn -0.7221934 0.6232711 0.2999496
vn -0.29490325 0.7666673 0.5703099
vn -0.39917484 -0.2511552 0.88180524
vn -0.2128643 0.6188439 0.75612235
vn -0.31349105 0.85202634 0.41925463
vn 0.38566226 0.5268177 0.7574482
vn -0.79386497 0.6026752 -0.08100018
vn -0.6112331 0.015884725 0.7912912
vn 0.8009012 0.5984181 -0.021284897
vn 0.58956856 0.6571694 -0.46961403
vn 0.60855675 0.43959862 -0.66061467
vn -0.6203709 0.26048276 -0.7397896
vn -0.121728726 0.14830384 0.9814215
vn -0.689176 0.008854326 0.7245399
vn 0.6175418 -0.23318744 0.75117624
vn 0.8704758 0.044099275 0.4902317
vn 0.57496065 0.20932093 0.79095197
vn 0.37572423 -0.050015032 0.9253809
vn 0.48044807 0.848812 0.2206534
vn 0.93040925 0.36629075 0.01302582
vn 0.6581431 0.7250003 -0.20303248
vn 0.8746936 0.015385365 -0.48443204
vn 0.24553394 0.8003319 0.54697526
vn 0.28629914 0.07553569 -0.9551582
vn 0.40600073 0.9031085 -0.13985161
vn 0.6425615 0.4140009 -0.644762
vn 0.41868454 -0.092934385 -0.90336394
vn 0.57270634 -0.47708356 -0.6666324
vn 0.59745413 -0.3304313 -0.7306598
vn 0.6409928 -0.40097952 0.6544797
vn 0.59791446 -0.13238627 0.79055184
vn 0.93521154 -0.28465667 0.21059434
vn 0.97736317 0.11765567 0.1758362
vn 0.6645447 -0.71213526 0.22637084
vn 0.9096489 -0.25326148 -0.32923785
vn 0.6456705 -0.33867 0.6844065
vn 0.53984934 -0.33839667 -0.77074665
vn 0.7722412 -0.051950615 -0.6332019
vn 0.6797821 -0.20887679 -0.7030411
vn 0.5523886 0.23345932 -0.80022717
vn 0.622863 0.29436782 -0.7248374
vn 0.97366697 0.1387312 -0.18090402
vn 0.35678557 0.031233165 -0.933664
vn 0.7943465 0.11413868 0.5966456
vn 0.72241956 0.1065627 0.6831942
vn 0.9882025 0.14873746 0.036509536
vn 0.736243 0.10533839 -0.6684684
vn 0.81183493 0.1207732 0.5712599
vn 0.9884449 0.14792116 -0.033105977
vn 0.8152056 0.11204232 0.5682309
vn 0.9872212 0.13867827 -0.07850296
vn 0.83191997 0.1280774 0.53991234
vn 0.66938144 0.12156116 -0.7329061
vn 0.59097666 0.10202346 -0.8002111
vn 0.98688704 0.14842793 -0.06342803
vn 0.8134506 0.11094264 -0.5709553
vn 0.8664418 0.12646812 0.48299527
vn 0.9736364 0.14291628 0.17778401
vn 0.5997205 0.07801213 0.7963978
vn 0.9141161 0.12487239 -0.38574436
vn 0.9542711 0.17449145 0.2427333
vn 0.67749417 0.16708216 0.71629965
vn 0.94449234 0.3021867 -0.12890862
vn 0.68928814 0.4812448 0.5415582
vn 0.6294261 0.32100642 -0.70765644
vn 0.85904396 0.4672983 -0.20898746
vn 0.44311556 0.08231493 -0.89267737
vn 0.60855675 0.43959862 -0.66061467
vn 0.8009012 0.5984181 -0.021284897
vn 0.9030272 0.31353766 0.29365975
vn 0.38566226 0.5268177 0.7574482
vn 0.44296247 0.33563718 0.8313435
vn -0.36198252 -0.44325987 -0.8200545
vn -0.54899776 -0.7223584 0.4204757
vn -0.46367273 -0.32931104 -0.8225338
vn -0.7494359 -0.40223184 -0.52588534
vn -0.94646484 0.10807373 0.3041783
vn -0.7819514 -0.395988 -0.48139954
vn -0.37012827 0.029019669 -0.9285273
vn -0.45261216 -0.27160496 -0.8493368
vn 0.47686028 0.5956068 0.64641845
vn -0.94646484 0.10807373 0.3041783
vn -0.11905934 0.8254128 -0.551832
vn -0.6929371 0.46187216 -0.55363554
vn -0.64815205 0.16300064 -0.7438613
vn -0.36198252 -0.44325987 -0.8200545
vn -0.23757035 -0.15435664 -0.9590278
vn -0.6411062 -0.20376123 -0.7399083
vn -0.93740076 -0.051130205 -0.34447864
vn -0.99156773 -0.09837115 -0.08435996
vn -0.7030529 -0.071731076 -0.70751065
vn -0.92471844 -0.17417705 -0.3384645
vn -0.7494359 -0.40223184 -0.52588534
vn -0.7544363 -0.5705461 -0.32450432
vn -0.72066075 -0.6924365 0.03434792
vn -0.94065875 -0.18532898 0.28427854
vn -0.9406016 0.0033582216 0.33949578
vn -0.9300323 0.18993779 0.31458473
vn -0.9516155 -0.26782474 0.15065812
vn -0.902624 -0.2724216 -0.33325115
vn -0.978523 0.15925618 -0.13088252
vn -0.51031834 -0.11091107 -0.8528036
vn -0.6863006 0.44788674 -0.57305235
vn -0.10301892 0.41094694 -0.9058199
vn -0.7819514 -0.395988 -0.48139954
vn -0.45261216 -0.27160496 -0.8493368
vn -0.6793926 0.64399034 -0.35171312
vn -0.6825247 -0.5205601 0.51300806
vn -0.4897372 0.5446977 -0.68078035
vn 0.57569915 0.56749415 -0.58866024
vn -0.030372486 -0.23466413 0.9716019
vn 0.5259675 0.81013215 -0.25892872
vn -0.16520174 0.73545074 -0.6571306
vn -0.6102011 0.41835937 -0.67277783
vn -0.6825247 -0.5205601 0.51300806
vn 0.1797067 0.86398053 -0.47036487
vn 0.247155 -0.6468318 0.7214728
vn -0.3420283 0.47666922 -0.8098167
vn 0.0071411873 -0.55940425 0.8288642
vn -0.7291072 -0.5997625 0.32967815
vn 0.0926935 -0.5013395 0.8602713
vn -0.6234425 0.6142737 0.48372233
vn -0.0430749 -0.2311874 0.97195524
vn 0.34538758 0.22654301 0.91070616
vn 0.18310188 0.038779326 0.9823288
vn 0.12162259 -0.5143963 0.8488842
vn 0.8462148 0.5325177 0.018587608
vn -0.0060994355 -0.48687544 0.8734501
vn -0.14961167 0.9220385 -0.3570173
vn 0.3178547 -0.4422088 0.83870125
vn -0.09705671 -0.6602312 0.7447649
vn 0.74108386 0.31626138 -0.59226125
vn 0.26698083 -0.4417718 0.85648054
vn 0.00074865815 0.6081121 -0.7938508
vn -0.0060994355 -0.48687544 0.8734501
vn -0.43709534 0.5469891 -0.7139682
vn -0.0430749 -0.2311874 0.97195524
vn -0.0430749 -0.2311874 0.97195524
vn -0.713407 -0.100909054 0.69344634
vn 0.34538758 0.22654301 0.91070616
vn -0.7291072 -0.5997625 0.32967815
vn -0.43709534 0.5469891 -0.7139682
vn 0.34538758 0.22654301 0.91070616
vn 0.0926935 -0.5013395 0.8602713
vn 0.0071411873 -0.55940425 0.8288642
vn -0.14575502 0.041313324 -0.98845774
vn -0.43709534 0.5469891 -0.7139682
vn -0.3420283 0.47666922 -0.8098167
vn -0.7291072 -0.5997625 0.32967815
vn -0.14961167 0.9220385 -0.3570173
vn 0.00074865815 0.6081121 -0.7938508
vn 0.8462148 0.5325177 0.018587608
vn 0.00044615057 0.96623504 -0.25766188
vn -0.16583084 -0.53718525 -0.82700187
vn -0.11866946 0.9916497 0.05048247
vn 0.95439476 -0.22495665 -0.19627813
vn 0.22882195 -0.95767283 0.17465182
vn -0.739218 -0.321858 0.59157777
vn 0.5134134 0.7369376 -0.4396927
vn -0.33202535 0.5416215 -0.7722728
vn -0.22129565 0.7864068 0.5767084
vn -0.21175463 -0.032433778 -0.9767845
vn -0.5261796 0.71630746 0.45829967
vn -0.46953765 0.835751 -0.28470108
vn -0.4742711 -0.09573514 0.87515813
vn -0.030372486 -0.23466413 0.9716019
vn 0.42804855 0.44356108 -0.78741854
vn 0.5259675 0.81013215 -0.25892872
vn 0.008178114 0.7179075 0.69609046
vn 0.42804855 0.44356108 -0.78741854
vn -0.46953765 0.835751 -0.28470108
vn -0.4897372 0.5446977 -0.68078035
vn -0.46953765 0.835751 -0.28470108
vn -0.030372486 -0.23466413 0.9716019
vn 0.008178114 0.7179075 0.69609046
vn -0.6825247 -0.5205601 0.51300806
vn -0.6102011 0.41835937 -0.67277783
vn 0.25931495 0.9529714 0.1568478
vn 0.57569915 0.56749415 -0.58866024
vn 0.1797067 0.86398053 -0.47036487
vn 0.247155 -0.6468318 0.7214728
vn 0.28557342 0.87295234 -0.395477
vn -0.48511901 0.8231156 -0.2951953
vn -0.16520174 0.73545074 -0.6571306
vn -0.6793926 0.64399034 -0.35171312
vn -0.030372486 -0.23466413 0.9716019
vn 0.42804855 0.44356108 -0.78741854
vn 0.5259675 0.81013215 -0.25892872
vn 0.153621 0.46366894 0.8725891
vn 0.28557342 0.87295234 -0.395477
vn 0.1797067 0.86398053 -0.47036487
vn -0.33665815 0.8508529 -0.40337402
vn 0.25931495 0.9529714 0.1568478
vn -0.4897372 0.5446977 -0.68078035
vn -0.6793926 0.64399034 -0.35171312
vn 0.42804855 0.44356108 -0.78741854
vn 0.008178114 0.7179075 0.69609046
vn 0.57569915 0.56749415 -0.58866024
vn 0.5259675 0.81013215 -0.25892872
vn 0.008178114 0.7179075 0.69609046
vn -0.4742711 -0.09573514 0.87515813
vn 0.5259675 0.81013215 -0.25892872
vn -0.86333543 0.37911275 0.33305475
vn -0.6234425 0.6142737 0.48372233
vn 0.3178547 -0.4422088 0.83870125
vn -0.14961167 0.9220385 -0.3570173
vn -0.43709534 0.5469891 -0.7139682
vn -0.73814654 -0.17555347 -0.651399
vn -0.28189132 -0.9057623 -0.31643635
vn -0.29248622 0.14783832 0.9447728
vn 0.00044615057 0.96623504 -0.25766188
vn -0.3420283 0.47666922 -0.8098167
vn 0.18450066 0.73239225 0.6554091
vn 0.27400908 0.95841163 0.079787925
vn 0.0071411873 -0.55940425 0.8288642
vn 0.74108386 0.31626138 -0.59226125
vn -0.6234425 0.6142737 0.48372233
vn -0.86333543 0.37911275 0.33305475
vn -0.0060994355 -0.48687544 0.8734501
vn -0.43709534 0.5469891 -0.7139682
vn -0.713407 -0.100909054 0.69344634
vn -0.14575502 0.041313324 -0.98845774
vn -0.6234425 0.6142737 0.48372233
vn -0.0430749 -0.2311874 0.97195524
vn -0.14575502 0.041313324 -0.98845774
vn 0.34538758 0.22654301 0.91070616
vn -0.7291072 -0.5997625 0.32967815
vn -0.6234425 0.6142737 0.48372233
vn -0.713407 -0.100909054 0.69344634
vn -0.6234425 0.6142737 0.48372233
vn -0.43709534 0.5469891 -0.7139682
vn 0.0926935 -0.5013395 0.8602713
vn -0.14575502 0.041313324 -0.98845774
vn -0.0430749 -0.2311874 0.97195524
vn -0.0430749 -0.2311874 0.97195524
vn -0.6234425 0.6142737 0.48372233
vn 0.74108386 0.31626138 -0.59226125
vn -0.43709534 0.5469891 -0.7139682
vn 0.28629914 0.07553569 -0.9551582
vn -0.00614403 0.30422652 -0.9525799
vn 0.6060326 0.07015155 -0.79234034
vn 0.13043149 0.07929949 -0.98828095
vn 0.22411563 0.6244928 -0.7481851
vn 0.6581431 0.7250003 -0.20303248
vn 0.2028593 0.9662589 -0.15871945
vn 0.20923692 0.2524739 -0.9447099
vn -0.029979004 0.9236032 -0.38217586
vn 0.06386763 -0.23114698 -0.97082025
vn -0.1287099 0.5315724 -0.83717656
vn -0.11959175 0.33277875 -0.9353909
vn -0.0886695 0.8754827 -0.47504506
vn -0.15463378 0.7549465 -0.6372944
vn -0.16524556 0.41286618 -0.89567596
vn -0.16559686 0.93619657 -0.31002203
vn 0.011884806 -0.6110653 -0.7914909
vn -0.12815788 0.94499576 0.30092943
vn 0.114034794 0.96303695 -0.24404082
vn 0.119193554 0.9173892 0.37972355
vn 0.33523193 0.31096497 -0.889337
vn -0.5211889 -0.19619401 -0.8305841
vn -0.25685513 -0.699612 -0.66675967
vn 0.11046673 -0.4330304 -0.8945847
vn -0.72066075 -0.6924365 0.03434792
vn -0.94065875 -0.18532898 0.28427854
vn -0.72966284 -0.44830862 0.5163444
vn -0.8378757 -0.11661644 0.53325874
vn -0.28597763 -0.05056177 0.95690143
vn -0.99156773 -0.09837115 -0.08435996
vn -0.9406016 0.0033582216 0.33949578
vn -0.6607318 0.13890228 0.7376582
vn -0.9300323 0.18993779 0.31458473
vn -0.73950845 0.24854489 0.6255819
vn -0.68921965 0.37287998 0.6212381
vn -0.6164182 -0.27401894 0.73820204
vn -0.9516155 -0.26782474 0.15065812
vn -0.09316295 -0.27876318 0.9558304
vn -0.36815897 -0.2017639 0.9076069
vn 0.33412853 -0.3044556 0.8920005
vn -0.64475584 0.32612923 0.69132453
vn -0.7841034 0.60514045 -0.13779297
vn -0.47952026 -0.012470347 -0.8774422
vn -0.6373624 -0.6541869 0.40719607
vn -0.6257984 -0.10890839 -0.77234405
vn 0.08606989 0.20331006 0.97532403
vn 0.9047143 -0.030607987 0.42491785
vn -0.5709555 -0.26805097 0.77598876
vn 0.46447712 -0.87615997 -0.12885919
vn 0.9431107 -0.24597397 0.22369407
vn -0.75541043 -0.06907854 0.65160054
vn 0.24301179 -0.0052763224 0.97000897
vn -0.17207167 0.5610126 0.809726
vn -0.978523 0.15925618 -0.13088252
vn 0.24243124 0.015560614 0.9700438
vn 0.12162259 -0.5143963 0.8488842
vn 0.6995931 -0.47384006 -0.5348318
vn 0.8287289 0.18156636 -0.52937895
vn 0.12033126 0.1226003 0.9851343
vn -0.5716745 -0.5379172 0.61954284
vn 0.18793392 -0.662201 0.72537625
vn -0.14961167 0.9220385 -0.3570173
vn 0.12162259 -0.5143963 0.8488842
vn -0.59281754 0.75200224 -0.2882014
vn 0.26698083 -0.4417718 0.85648054
vn -0.09705671 -0.6602312 0.7447649
vn 0.35837263 -0.14562275 0.9221513
vn 0.12033126 0.1226003 0.9851343
vn 0.8287289 0.18156636 -0.52937895
vn 0.26698083 -0.4417718 0.85648054
vn 0.12162259 -0.5143963 0.8488842
vn -0.09705671 -0.6602312 0.7447649
vn 0.6995931 -0.47384006 -0.5348318
vn 0.12162259 -0.5143963 0.8488842
vn 0.35837263 -0.14562275 0.9221513
vn 0.18793392 -0.662201 0.72537625
vn 0.0071411873 -0.55940425 0.8288642
vn 0.8462148 0.5325177 0.018587608
vn 0.106525265 0.6796146 -0.7257936
vn -0.29248622 0.14783832 0.9447728
vn 0.26698083 -0.4417718 0.85648054
vn -0.11866946 0.9916497 0.05048247
vn -0.28189132 -0.9057623 -0.31643635
vn -0.5995366 0.7954059 -0.08879921
vn -0.8323202 0.4747422 0.28611705
vn -0.64426434 0.7409359 0.18957162
vn -0.57858855 0.64961225 0.49319294
vn -0.9472851 0.24823436 0.20256005
vn -0.7256806 0.66244626 -0.18588333
vn -0.9672309 0.18522593 -0.17365387
vn -0.7262246 0.24690667 -0.64158785
vn -0.9741604 -0.22506194 0.018940326
vn -0.81496006 -0.18996158 -0.5474986
vn -0.85219705 -0.22679114 -0.4715145
vn -0.9784918 0.030265134 -0.20405352
vn -0.7370193 0.10871643 -0.6670706
vn -0.96109235 -0.11734845 0.25006175
vn -0.96674603 0.19897968 0.1606523
vn -0.77026653 0.37082464 -0.51882416
vn -0.978523 0.15925618 -0.13088252
vn -0.44028804 0.8223879 -0.36031178
vn 0.97146505 0.21026003 -0.109756
vn 0.7275331 0.076891765 0.6817502
vn 0.7874454 0.34644794 0.50980735
vn 0.9997395 0.00024942844 -0.022822462
vn 0.42731157 0.39841804 0.8115836
vn 0.79103607 0.6103747 0.041287575
vn 0.6078649 0.77305984 0.18132487
vn -0.5709555 -0.26805097 0.77598876
vn 0.40520602 -0.10045557 0.90868956
vn 0.9431107 -0.24597397 0.22369407
vn 0.24243124 0.015560614 0.9700438
vn 0.1989456 0.0524573 0.97860557
vn -0.68921965 0.37287998 0.6212381
vn 0.25583646 -0.32652566 0.90990585
vn 0.26968363 0.15047038 0.9511201
vn -0.28597763 -0.05056177 0.95690143
vn -0.6607318 0.13890228 0.7376582
vn 0.4298915 -0.47633493 0.7670061
vn 0.24318786 -0.5722865 0.7831653
vn 0.29996067 -0.39131647 0.86999714
vn -0.39917484 -0.2511552 0.88180524
vn -0.6112331 0.015884725 0.7912912
vn -0.619019 -0.4883165 0.61511177
vn -0.31349105 0.85202634 0.41925463
vn -0.29490325 0.7666673 0.5703099
vn -0.45404634 -0.3151019 0.8333983
vn 0.21951318 0.50946575 0.8320208
vn 0.62053233 0.7835526 0.03138389
vn 0.26968363 0.15047038 0.9511201
vn 0.4618492 0.70433164 0.5390847
vn -0.45404634 -0.3151019 0.8333983
vn 0.21787228 -0.18558395 0.9581703
vn 0.86644065 0.23017779 0.4430562
vn 0.5845295 0.80915797 -0.059904724
vn 0.24165684 -0.658465 0.71275926
vn 0.44222328 -0.7355023 0.5132981
vn 0.9368381 0.07598737 0.34140933
vn -0.45404634 -0.3151019 0.8333983
vn 0.21951318 0.50946575 0.8320208
vn 0.26968363 0.15047038 0.9511201
vn 0.5134134 0.7369376 -0.4396927
vn -0.22129565 0.7864068 0.5767084
vn -0.5261796 0.71630746 0.45829967
vn 0.6995931 -0.47384006 -0.5348318
vn -0.5716745 -0.5379172 0.61954284
vn -0.14961167 0.9220385 -0.3570173
vn -0.09705671 -0.6602312 0.7447649
vn 0.26698083 -0.4417718 0.85648054
vn 0.26698083 -0.4417718 0.85648054
vn 0.106525265 0.6796146 -0.7257936
vn 0.12162259 -0.5143963 0.8488842
vn 0.18793392 -0.662201 0.72537625
vn -0.59281754 0.75200224 -0.2882014
vn 0.0071411873 -0.55940425 0.8288642
vn 0.18310188 0.038779326 0.9823288
vn 0.106525265 0.6796146 -0.7257936
vn 0.8462148 0.5325177 0.018587608
vn 0.106525265 0.6796146 -0.7257936
vn -0.59281754 0.75200224 -0.2882014
vn 0.12162259 -0.5143963 0.8488842
vn 0.14560577 -0.803177 0.5776726
vn -0.6979728 -0.71566397 -0.02567259
vn 0.36781135 -0.4965307 0.7862392
vn -0.08255283 -0.9962483 0.025968695
vn -0.6979728 -0.71566397 -0.02567259
vn 0.10338907 -0.9435866 0.31457114
vn 0.09228458 -0.98560864 0.14163046
vn -0.62151074 -0.76657295 0.16152486
vn -0.85339826 -0.36224225 0.3748226
vn 0.081931055 -0.94458973 0.317864
vn -0.6204074 -0.27944955 0.7328046
vn 0.36781135 -0.4965307 0.7862392
vn 0.14560577 -0.803177 0.5776726
vn 0.09228458 -0.98560864 0.14163046
vn -0.6979728 -0.71566397 -0.02567259
vn 0.8287289 0.18156636 -0.52937895
vn 0.6995931 -0.47384006 -0.5348318
vn -0.14961167 0.9220385 -0.3570173
vn -0.09705671 -0.6602312 0.7447649
vn 0.35837263 -0.14562275 0.9221513
vn 0.12162259 -0.5143963 0.8488842
vn -0.5716745 -0.5379172 0.61954284
vn -0.09705671 -0.6602312 0.7447649
vn 0.37572423 -0.050015032 0.9253809
vn -0.3020641 0.6618036 0.6861292
vn 0.24553394 0.8003319 0.54697526
vn 0.28966922 0.9163196 0.27649608
vn 0.2797474 0.7225815 0.6321529
vn 0.6581431 0.7250003 -0.20303248
vn 0.2028593 0.9662589 -0.15871945
vn 0.12033126 0.1226003 0.9851343
vn -0.09705671 -0.6602312 0.7447649
vn 0.12162259 -0.5143963 0.8488842
vn -0.96109235 -0.11734845 0.25006175
vn -0.73844653 0.04585763 0.67275095
vn -0.96674603 0.19897968 0.1606523
vn -0.7315284 -0.19779082 0.65249133
vn -0.65840006 -0.02357436 0.7522989
vn -0.2661746 0.0372381 0.9632053
vn -0.7045644 0.5654083 0.4288386
vn -0.3587261 0.6298727 0.68889475
vn -0.38783816 -0.12872253 0.91269493
vn -0.1924091 -0.13197483 0.97239983
vn -0.57858855 0.64961225 0.49319294
vn -0.9472851 0.24823436 0.20256005
vn -0.21985029 0.8502103 0.47833905
vn -0.9741604 -0.22506194 0.018940326
vn 0.30581224 -0.89098716 -0.33559015
vn -0.6979728 -0.71566397 -0.02567259
vn -0.6204074 -0.27944955 0.7328046
vn 0.262663 -0.5625527 -0.7839277
vn 0.6645447 -0.71213526 0.22637084
vn 0.53984934 -0.33839667 -0.77074665
vn -0.40935212 -0.6290306 -0.6608716
vn 0.427072 -0.24155231 -0.8713564
vn 0.084872544 -0.9544907 -0.28590918
vn -0.77924824 -0.49702665 0.38175473
vn 0.6456705 -0.33867 0.6844065
vn -0.11049714 -0.025267093 -0.9935552
vn 0.06386763 -0.23114698 -0.97082025
vn -0.16986313 -0.21783583 -0.96109
vn 0.39039367 -0.92047584 -0.017803352
vn 0.09902855 -0.9776926 -0.18523113
vn 0.011884806 -0.6110653 -0.7914909
vn 0.06795438 -0.8290574 0.55501896
vn 0.06305825 -0.52986556 0.84573406
vn 0.22151674 0.23089531 0.94742686
vn 0.07070595 -0.6426399 0.76289886
vn -0.11962876 -0.9848089 0.12585846
vn -0.25685513 -0.699612 -0.66675967
vn -0.2839555 -0.7738914 0.5660931
vn -0.9448213 -0.3190802 -0.07416587
vn 0.008729467 -0.8886481 0.4585067
vn -0.5211889 -0.19619401 -0.8305841
vn 0.07089022 -0.35317755 -0.93286663
vn 0.11046673 -0.4330304 -0.8945847
vn 0.6632679 -0.18821645 -0.72432745
vn 0.33523193 0.31096497 -0.889337
vn -0.3484076 0.7524574 0.5589455
vn -0.011019424 0.080884695 0.99666256
vn -0.003067999 -0.50902534 0.8607461
vn 0.57800055 -0.6054495 0.54712546
vn 0.73044896 -0.5920053 0.3405496
vn 0.28368208 0.42344737 0.86035854
vn -0.16524556 0.41286618 -0.89567596
vn -0.006899743 -0.9992234 -0.03879407
vn 0.36781135 -0.4965307 0.7862392
vn 0.30581224 -0.89098716 -0.33559015
vn 0.25659832 -0.95612025 0.14139068
vn 0.14560577 -0.803177 0.5776726
vn -0.47900218 -0.5933965 0.64686745
vn -0.2720824 -0.9614796 0.039091963
vn -0.08255283 -0.9962483 0.025968695
vn 0.34607124 -0.8741483 0.34073368
vn 0.081931055 -0.94458973 0.317864
vn 0.36781135 -0.4965307 0.7862392
vn -0.6979728 -0.71566397 -0.02567259
vn 0.30581224 -0.89098716 -0.33559015
vn 0.36781135 -0.4965307 0.7862392
vn -0.006899743 -0.9992234 -0.03879407
vn -0.6204074 -0.27944955 0.7328046
vn 0.5134134 0.7369376 -0.4396927
vn -0.024113083 0.72627145 -0.68698496
vn -0.21175463 -0.032433778 -0.9767845
vn 0.6704899 0.49371794 -0.5537923
vn 0.68145365 0.6122091 -0.40102488
vn -0.61305976 0.4909346 -0.6189838
vn -0.37609404 0.39198476 -0.83958393
vn -0.5811913 0.32126758 -0.7476656
vn 0.64167184 0.3855748 0.66301537
vn -0.16021492 0.18298505 -0.969973
vn 0.2855452 0.58545136 -0.758756
vn 0.49370044 0.34492308 -0.7983032
vn -0.11742582 -0.23163179 -0.9656904
vn 0.4970288 -0.7457379 0.44366357
vn -0.019983968 0.21991085 -0.9753153
vn 0.3586099 -0.25303015 -0.8985403
vn 0.96453017 0.12129255 -0.23445621
vn -0.017841255 -0.0003027739 -0.9998408
vn -0.05481227 0.060537107 -0.9966599
vn 0.8857028 0.024532532 -0.46360403
vn -0.17178065 -0.018937562 -0.98495317
vn 0.81208956 0.1268082 0.5695877
vn 0.6735584 -0.22205715 -0.70498914
vn -0.29577005 -0.5868346 -0.7537541
vn 0.6445044 0.06333884 0.7619726
vn 0.98484504 -0.028478753 0.1710824
vn -0.13345279 -0.34292305 -0.92983556
vn -0.90511113 0.41848776 0.07511178
vn -0.17050013 0.42146477 -0.8906723
vn -0.021992538 0.10258659 0.9944809
vn -0.23241131 0.0244998 -0.972309
vn -0.017841255 -0.0003027739 -0.9998408
vn -0.75805986 -0.2309695 -0.6099167
vn -0.05481227 0.060537107 -0.9966599
vn -0.2757233 -0.064924814 -0.95904195
vn -0.17178065 -0.018937562 -0.98495317
vn 0.22154754 -0.17367697 0.9595587
vn -0.13345279 -0.34292305 -0.92983556
vn -0.75805986 -0.2309695 -0.6099167
vn -0.90511113 0.41848776 0.07511178
vn 0.10563447 -0.08581336 0.9906954
vn -0.593831 -0.20007855 0.7793159
vn -0.40935212 -0.6290306 -0.6608716
vn -0.263409 -0.07482558 -0.961778
vn -0.11049714 -0.025267093 -0.9935552
vn -0.9746951 -0.1914516 -0.11539402
vn -0.2314191 -0.049910683 -0.971573
vn -0.09686199 -0.05788089 -0.99361336
vn -0.26407337 -0.10655061 -0.9585991
vn -0.93511826 -0.10823222 -0.33740127
vn -0.09163448 -0.01331511 -0.9957037
vn -0.2923802 -0.13997285 -0.94600284
vn -0.20947036 -0.13211887 -0.96884817
vn 0.11727046 0.08852797 -0.9891463
vn -0.21137331 -0.15459263 -0.9651023
vn 0.022646463 -0.051572025 -0.9984125
vn 0.21541914 0.045712832 -0.9754511
vn -0.018777858 -0.18921518 -0.9817561
vn 0.32075882 0.14349866 -0.9362275
vn 0.33835822 0.110331394 -0.934527
vn 0.0829387 -0.17799574 -0.9805298
vn 0.13126834 0.025644 -0.99101514
vn 0.14535186 0.18566515 -0.9718031
vn -0.24816076 -0.177706 -0.9522798
vn -0.13557045 -0.12235425 -0.9831836
vn 0.05579946 0.082099505 -0.99506086
vn -0.24502708 -0.14975265 -0.9578809
vn 0.06562865 -0.023614228 -0.9975647
vn -0.1534189 -0.063274965 -0.98613334
vn -0.14875217 -0.0003283001 -0.98887444
vn -0.15391831 0.0014095111 -0.9880826
vn 0.04498716 0.048207283 -0.9978237
vn 0.25012955 0.10127154 -0.9629015
vn 0.3385867 0.17161147 -0.92515326
vn 0.20718686 0.093467854 -0.97382617
vn 0.117166415 0.105840966 -0.9874562
vn 0.34155875 -0.18453045 -0.9215672
vn 0.051333 0.08673782 -0.9949078
vn -0.38885993 -0.006259195 -0.9212756
vn -0.46137008 -0.0503213 -0.88577956
vn 0.05827794 0.09389646 -0.9938748
vn -0.18843809 -0.60405993 -0.77434015
vn 0.06747275 -0.44526905 -0.892851
vn 0.6497356 -0.45750225 -0.60707104
vn 0.46447712 -0.87615997 -0.12885919
vn 0.38205755 -0.853648 -0.3540016
vn 0.6240945 -0.5002196 0.6002386
vn -0.28999627 -0.88690925 0.35957494
vn -0.13090098 0.008968211 -0.9913549
vn -0.4008785 -0.90480834 0.1435909
vn -0.20591758 -0.09674842 -0.97377497
vn -0.0826065 -0.8069215 0.5848537
vn -0.13605578 0.072133444 -0.9880717
vn -0.019983968 0.21991085 -0.9753153
vn 0.005345379 -0.045658585 -0.9989428
vn -0.050552722 0.01578485 -0.99859667
vn 0.588026 0.2753817 -0.7605198
vn 0.16116485 -0.0703192 -0.98441917
vn 0.0719139 0.088230595 -0.99350077
vn 0.045509048 0.102397464 -0.993702
vn -0.016077282 0.052420553 -0.9984957
vn -0.1989088 0.01151477 -0.97995037
vn -0.24006239 0.07704959 -0.9676949
vn 0.46456692 -0.8362731 -0.29124716
vn -0.11742582 -0.23163179 -0.9656904
vn -0.16021492 0.18298505 -0.969973
vn -0.18857381 -0.37652782 0.9070098
vn -0.2634978 0.042631835 -0.9637175
vn 0.64167184 0.3855748 0.66301537
vn 0.3586099 -0.25303015 -0.8985403
vn -0.12525794 -0.4597648 -0.87916255
vn 0.4970288 -0.7457379 0.44366357
vn -0.20773795 -0.48792228 -0.84780705
vn -0.19858645 -0.76902425 -0.6075896
vn -0.19187985 0.025739701 -0.98108083
vn -0.0766758 -0.39937568 -0.91357535
vn 0.03480658 0.07364309 -0.9966771
vn 0.2711004 -0.068864316 -0.9600845
vn 0.39259797 0.059883382 -0.9177586
vn 0.040913202 0.022008905 -0.99892026
vn 0.48145977 -0.32856542 -0.81255233
vn 0.7897643 0.03444692 0.61244243
vn 0.98723495 0.07353484 0.14127916
vn 0.47031626 -0.25577015 0.84462076
vn 0.26735225 -0.2036602 -0.9418308
vn 0.20225367 0.08367127 -0.9757523
vn 0.42953786 0.03515842 -0.9023642
vn -0.1030343 0.03158834 -0.9941761
vn 0.15991975 0.017393978 -0.98697674
vn 0.013040837 -0.22466439 -0.97434896
vn -0.079574026 -0.012875782 -0.9967458
vn -0.0890483 0.036063585 -0.9953742
vn 0.26818445 0.07157341 -0.96070516
vn 0.026601452 -0.035803515 -0.9990047
vn 0.015345767 0.094601974 -0.9953969
vn 0.90940535 0.38591665 -0.15508136
vn 0.0042593996 0.10453703 -0.9945119
vn -0.022584781 0.07523657 -0.9969099
vn 0.91657287 0.3187262 -0.24146993
vn -0.14959233 0.1012372 -0.9835513
vn 0.22581401 0.060698338 -0.9722776
vn 0.9231198 0.09023711 -0.37377417
vn -0.28417206 -0.006322859 -0.95875245
vn -0.08599322 -0.008896065 -0.996256
vn 0.98484504 -0.028478753 0.1710824
vn -0.46498823 -0.5274404 -0.7110503
vn -0.0430465 -0.18351327 -0.98207426
vn -0.23241131 0.0244998 -0.972309
vn 0.10141202 0.03432153 -0.9942523
vn 0.08610685 0.00875734 -0.9962474
vn -0.17050013 0.42146477 -0.8906723
vn -0.08229597 0.0947791 -0.9920909
vn 0.075533345 0.095880546 -0.99252284
vn 0.16071655 -0.0038579316 -0.9869931
vn 0.21352904 -0.035076063 -0.97630686
vn -0.22251241 0.120431855 -0.96746284
vn -0.16767329 0.10507425 -0.98022705
vn 0.12911214 -0.027558466 -0.991247
vn 0.036696974 0.09002214 -0.99526346
vn -0.15023977 0.14003143 -0.9786824
vn -0.30144653 0.13918896 -0.943269
vn 0.30028296 0.013939962 -0.9537483
vn 0.108498715 0.036901116 -0.9934115
vn 0.16839197 0.049701147 -0.9844663
vn -0.34178704 0.101657204 -0.93426305
vn 0.5076054 -0.03520314 -0.8608702
vn 0.08694772 0.11085329 -0.99002606
vn -0.2648782 0.1294539 -0.9555528
vn -0.022889927 0.033157572 -0.999188
vn -0.01185056 -0.010953718 -0.99986976
vn -0.029025568 0.031295292 -0.99908864
vn 0.0040899846 0.08185244 -0.9966361
vn -0.057838243 -0.033991132 -0.9977471
vn 0.012214622 -0.09108488 -0.99576825
vn -0.0031052888 -0.18251763 -0.9831977
vn 0.18422522 -0.048400126 -0.98169166
vn 0.15506664 -0.09265449 -0.9835494
vn 0.24603328 -0.03606429 -0.9685902
vn 0.116216585 0.036449462 -0.99255484
vn 0.2479682 -0.061460793 -0.9668166
vn 0.266491 -0.12575151 -0.95559883
vn 0.047731962 -0.009255732 -0.9988173
vn 0.20488407 -0.124165654 -0.97087866
vn 0.14345744 -0.10031274 -0.9845595
vn -0.2757233 -0.064924814 -0.95904195
vn 0.22154754 -0.17367697 0.9595587
vn -0.021992538 0.10258659 0.9944809
vn -0.17178065 -0.018937562 -0.98495317
vn -0.10636317 -0.092497565 -0.9900157
vn -0.29577005 -0.5868346 -0.7537541
vn -0.14418566 -0.8972073 -0.41740805
vn 0.27155584 -0.5336916 -0.80089366
vn 0.20281385 -0.12229494 -0.9715506
vn 0.09324989 0.25483987 -0.96247655
vn 0.1558199 -0.092473164 -0.98344743
vn -0.017461082 0.018361717 -0.9996789
vn 0.20352213 -0.37387055 -0.90487546
vn 0.058059793 -0.11740466 -0.9913855
vn -0.3484076 0.7524574 0.5589455
vn 0.05156287 -0.15409131 -0.98671025
vn 0.07089022 -0.35317755 -0.93286663
vn 0.04915161 0.0364414 -0.9981263
vn 0.11110329 -0.046192605 -0.99273473
vn -0.036516592 -0.033399295 -0.99877477
vn -0.10965828 -0.11415695 -0.9873921
vn 0.06666726 -0.114598304 -0.9911724
vn -0.018367924 -0.17332315 -0.9846937
vn -0.08066169 -0.1213204 -0.9893306
vn -0.16986313 -0.21783583 -0.96109
vn -0.18337089 0.20026022 -0.9624297
vn 0.0058380305 -0.39070156 -0.9204989
vn -0.39768595 -0.32101452 0.8595322
vn 0.16664243 0.0084201265 0.98598146
vn -0.06838609 0.9975941 0.011371918
vn 0.13008475 0.09413131 -0.9870244
vn 0.8595738 0.22004865 -0.46120653
vn -0.7474818 -0.21023494 0.6301366
vn 0.15886939 0.0405531 -0.9864664
vn -0.057173885 0.065227345 -0.99623114
vn 0.14429906 0.017927568 -0.9893717
vn -0.08392285 -0.10212255 -0.9912255
vn -0.10678913 0.2910216 -0.9507379
vn 0.08294002 0.11358363 -0.99006045
vn -0.7757697 0.2735576 -0.5686366
vn 0.22308466 -0.294034 -0.92939615
vn -0.59160197 -0.47814304 -0.6491428
vn -0.042229485 -0.64639527 0.7618332
vn 0.5126497 0.111989066 -0.851263
vn 0.28901267 -0.10497648 -0.9515522
vn -0.35689756 -0.41681156 0.83599776
vn 0.4025135 -0.43529204 0.8052973
vn 0.0047161374 0.035909377 -0.99934393
vn 0.050314542 -0.02964393 -0.9982934
vn -0.77924824 -0.49702665 0.38175473
vn -0.28652042 -0.3216043 0.90248364
vn 0.22151674 0.23089531 0.94742686
vn 0.7661217 -0.37344572 0.52306396
vn -0.07280963 -0.48688912 0.87042385
vn -0.069243684 -0.08305047 0.99413675
vn -0.6203709 0.26048276 -0.7397896
vn -0.689176 0.008854326 0.7245399
vn 0.14560577 -0.803177 0.5776726
vn 0.36781135 -0.4965307 0.7862392
vn 0.081931055 -0.94458973 0.317864
vn 0.25659832 -0.95612025 0.14139068
vn 0.26934475 -0.42684925 -0.8632804
vn 0.27400908 0.95841163 0.079787925
vn 0.7432531 0.12669536 0.6569042
vn 0.7432531 0.12669536 0.6569042
vn 0.18450066 0.73239225 0.6554091
vn -0.16583084 -0.53718525 -0.82700187
vn 0.00044615057 0.96623504 -0.25766188
vn -0.25656134 0.48313645 0.83711135
vn 0.27400908 0.95841163 0.079787925
vn -0.25656134 0.48313645 0.83711135
vn 0.7432531 0.12669536 0.6569042
vn 0.26934475 -0.42684925 -0.8632804
vn -0.25656134 0.48313645 0.83711135
vn 0.29294845 -0.6152013 -0.73192114
vn 0.27400908 0.95841163 0.079787925
vn 0.46485642 0.88319314 -0.062276743
vn 0.32594967 0.7905161 0.5184989
vn -0.21828616 0.9552823 0.19946653
vn 0.46905625 0.54811484 0.69250005
vn 0.079970025 0.66559136 0.7420195
vn -0.17207167 0.5610126 0.809726
vn -0.3587261 0.6298727 0.68889475
vn -0.7045644 0.5654083 0.4288386
vn -0.53142405 0.8285146 -0.17649962
vn 0.35342842 0.631558 -0.690089
vn 0.30992484 0.76337606 -0.56674826
vn -0.010124611 0.4761469 -0.87930745
vn -0.10301892 0.41094694 -0.9058199
vn -0.77026653 0.37082464 -0.51882416
vn -0.6863006 0.44788674 -0.57305235
vn -0.978523 0.15925618 -0.13088252
vn -0.75541043 -0.06907854 0.65160054
vn -0.96674603 0.19897968 0.1606523
vn -0.53142405 0.8285146 -0.17649962
vn -0.38623697 0.19510257 -0.9015298
vn 0.3303976 0.4156743 -0.8473797
vn -0.77686906 0.5932571 -0.21099879
vn -0.21828616 0.9552823 0.19946653
vn -0.93542445 0.3458879 -0.07309328
vn -0.6884281 0.2544487 0.6792073
vn -0.27586582 0.4625785 -0.842567
vn -0.50698674 0.75650764 -0.4131109
vn -0.10080606 0.92930704 -0.35528377
vn 0.44680366 0.84876055 -0.2827933
vn 0.6238441 0.76863635 0.14148034
vn -0.2749306 0.61711484 0.7372804
vn 0.29294845 -0.6152013 -0.73192114
vn -0.16583084 -0.53718525 -0.82700187
vn -0.73814654 -0.17555347 -0.651399
vn 0.7432531 0.12669536 0.6569042
vn -0.3400102 -0.4291066 -0.8368158
vn 0.26934475 -0.42684925 -0.8632804
vn 0.29294845 -0.6152013 -0.73192114
vn -0.73814654 -0.17555347 -0.651399
vn 0.27400908 0.95841163 0.079787925
vn 0.18450066 0.73239225 0.6554091
vn 0.29294845 -0.6152013 -0.73192114
vn 0.27400908 0.95841163 0.079787925
vn -0.25656134 0.48313645 0.83711135
vn -0.3400102 -0.4291066 -0.8368158
vn 0.18450066 0.73239225 0.6554091
vn 0.26934475 -0.42684925 -0.8632804
vn -0.3400102 -0.4291066 -0.8368158
vn 0.29294845 -0.6152013 -0.73192114
vn 0.18450066 0.73239225 0.6554091
vn 0.7432531 0.12669536 0.6569042
vn -0.3400102 -0.4291066 -0.8368158
vn 0.26934475 -0.42684925 -0.8632804
vn 0.35490057 0.81352067 -0.46068394
vn -0.9091368 0.4084844 0.08130711
vn -0.9334854 0.126198 0.33567706
vn -0.6324647 -0.6991069 0.3335235
vn -0.64725894 -0.7474152 0.14975458
vn -0.8100582 -0.17132239 0.56076235
vn -0.21923402 -0.9754562 0.02053567
vn -0.33819482 0.5051236 0.79402417
vn 0.16937603 0.9724728 0.16002624
vn -0.38699943 0.92151695 0.032217067
vn -0.2245191 0.93698025 0.26769233
vn -0.37012827 0.029019669 -0.9285273
vn -0.02189264 0.23861189 -0.97086823
vn 0.5960263 0.49030414 -0.63588876
vn 0.4766481 0.64752764 -0.59457093
vn 0.47686028 0.5956068 0.64641845
vn 0.5057326 0.36654955 -0.7809456
vn 0.6771662 0.7328735 -0.06589666
vn -0.11905934 0.8254128 -0.551832
vn 0.35668316 0.93253356 0.056199025
vn 0.71390265 0.5706601 -0.40582022
vn 0.88235104 0.19023478 -0.43042699
vn 0.51665366 0.85579157 0.026264224
vn 0.57590806 0.81746346 -0.009136179
vn 0.79103607 0.6103747 0.041287575
vn 0.6078649 0.77305984 0.18132487
vn 0.36507407 0.93027073 0.03629522
vn 0.7874454 0.34644794 0.50980735
vn 0.86644065 0.23017779 0.4430562
vn 0.9368381 0.07598737 0.34140933
vn 0.5845295 0.80915797 -0.059904724
vn 0.03340503 0.95523536 -0.293955
vn 0.42731157 0.39841804 0.8115836
vn 0.9047143 -0.030607987 0.42491785
vn -0.7841034 0.60514045 -0.13779297
vn 0.4618492 0.70433164 0.5390847
vn 0.62053233 0.7835526 0.03138389
vn -0.68921965 0.37287998 0.6212381
vn 0.3303976 0.4156743 -0.8473797
vn 0.35342842 0.631558 -0.690089
vn -0.53142405 0.8285146 -0.17649962
vn 0.08701737 0.030288415 -0.99574625
vn 0.4253279 0.21118917 -0.8800542
vn -0.010124611 0.4761469 -0.87930745
vn 0.084421195 0.12171176 -0.9889688
vn -0.09160192 0.05938819 -0.9940232
vn 0.51030976 -0.22525276 -0.82996696
vn 0.15237622 0.98018336 -0.12657818
vn -0.33415985 0.11309209 -0.93570685
vn -0.4211441 -0.22005941 -0.8798929
vn -0.7370193 0.10871643 -0.6670706
vn -0.85219705 -0.22679114 -0.4715145
vn -0.77026653 0.37082464 -0.51882416
vn -0.46097392 0.020854883 -0.8871686
vn -0.72015005 0.6056107 -0.33855504
vn -0.52910537 0.4928334 -0.6907697
vn -0.7262246 0.24690667 -0.64158785
vn -0.81496006 -0.18996158 -0.5474986
vn -0.44028804 0.8223879 -0.36031178
vn 0.04691078 0.99821645 0.03692249
vn -0.20839402 0.87454647 -0.43788177
vn -0.6962617 0.05281365 -0.7158424
vn 0.24751016 0.54799336 -0.79902565
vn -0.3846732 -0.33972487 -0.85826194
vn -0.1149812 0.09856883 -0.98846525
vn 0.2007112 0.9796008 0.009867019
vn -0.16220471 0.8502816 -0.5007103
vn -0.34774557 -0.23492242 -0.9076808
vn -0.008847465 0.0635276 -0.99794084
vn 0.08701737 0.030288415 -0.99574625
vn -0.38623697 0.19510257 -0.9015298
vn -0.27586582 0.4625785 -0.842567
vn 0.5725317 0.4465982 -0.6875737
vn 0.3303976 0.4156743 -0.8473797
vn 0.73610723 0.32737616 -0.5924281
vn 0.47968495 0.3445359 -0.80696803
vn 0.034066454 0.97242767 -0.23070297
vn -0.77686906 0.5932571 -0.21099879
vn -0.10080606 0.92930704 -0.35528377
vn 0.726804 0.1561706 -0.6688547
vn 0.46374846 0.88191414 -0.08464506
vn 0.15237622 0.98018336 -0.12657818
vn 0.20923692 0.2524739 -0.9447099
vn 0.13043149 0.07929949 -0.98828095
vn 0.22411563 0.6244928 -0.7481851
vn 0.262663 -0.5625527 -0.7839277
vn 0.06386763 -0.23114698 -0.97082025
vn 0.427072 -0.24155231 -0.8713564
vn 0.117854014 -0.5126403 0.85047656
vn 0.18550962 -0.7117337 0.6775111
vn 0.2667909 -0.9039141 0.33430812
vn -0.85339826 -0.36224225 0.3748226
vn -0.62151074 -0.76657295 0.16152486
vn -0.23757035 -0.15435664 -0.9590278
vn 0.25735816 -0.2988405 -0.91894567
vn -0.6411062 -0.20376123 -0.7399083
vn 0.36278138 -0.6392159 -0.6780802
vn -0.51031834 -0.11091107 -0.8528036
vn 0.41317174 0.05457542 -0.9090163
vn -0.10301892 0.41094694 -0.9058199
vn 0.6192651 -0.2947092 -0.7277756
vn 0.4568432 -0.55896133 -0.6919946
vn 0.941519 0.109597065 -0.31863844
vn 0.8469229 0.25601262 -0.46602494
vn 0.44156212 0.14816013 -0.88491327
vn 0.30992484 0.76337606 -0.56674826
vn 0.46485642 0.88319314 -0.062276743
vn 0.31366047 -0.59047216 -0.7436126
vn -0.37608114 -0.8640718 -0.33457866
vn 0.2806216 -0.8037939 -0.52456355
vn 0.88235104 0.19023478 -0.43042699
vn 0.47705507 -0.5347652 -0.6974558
vn 0.46505195 -0.2196928 -0.8575907
vn 0.9368381 0.07598737 0.34140933
vn -0.41480625 -0.16336113 -0.8951251
vn 0.8125729 0.25693652 -0.52317196
vn 0.44680366 0.84876055 -0.2827933
vn -0.50698674 0.75650764 -0.4131109
vn 0.6771662 0.7328735 -0.06589666
vn 0.5057326 0.36654955 -0.7809456
vn -0.36198252 -0.44325987 -0.8200545
vn -0.46367273 -0.32931104 -0.8225338
vn -0.6929371 0.46187216 -0.55363554
vn 0.4766481 0.64752764 -0.59457093
vn -0.37012827 0.029019669 -0.9285273
vn -0.19827113 -0.97985244 0.0240364
vn 0.026112065 -0.9566694 -0.29000312
vn -0.3321096 -0.89345515 -0.30239236
vn 0.45844907 -0.8577493 -0.2325739
vn 0.26791856 -0.9540765 0.13400619
vn 0.4324084 -0.89670455 -0.09457245
vn 0.74657845 -0.652346 0.13063408
vn 0.2667909 -0.9039141 0.33430812
vn 0.08459646 -0.98385507 0.15771073
vn 0.02232907 -0.8160056 0.5776126
vn -0.033708364 -0.999403 -0.0075792708
vn -0.85828537 -0.44527924 -0.2550933
vn 0.8701903 -0.47302395 -0.13790272
vn -0.20547171 0.9422939 0.26431727
vn 0.4220783 -0.66084117 0.6205955
vn -0.34663612 -0.8348356 0.4276599
vn -0.096151926 -0.9696784 -0.22467437
vn -0.16039857 -0.986594 0.03007518
vn -0.08046237 -0.96052045 0.26631996
vn -0.19827113 -0.97985244 0.0240364
vn -0.34104878 -0.91487354 0.21608365
vn -0.5150905 -0.8262614 -0.22797772
vn -0.6952196 -0.67966235 -0.23394202
vn -0.5922659 -0.7616222 0.26296917
vn -0.6586063 -0.7420045 0.12516804
vn 0.08576504 -0.971385 0.22148474
vn 0.26791856 -0.9540765 0.13400619
vn 0.005893947 -0.809171 0.58754367
vn -0.2720824 -0.9614796 0.039091963
vn 0.34607124 -0.8741483 0.34073368
vn 0.14067525 -0.5683599 0.81066483
vn -0.08255283 -0.9962483 0.025968695
vn -0.85339826 -0.36224225 0.3748226
vn 0.27060503 -0.067345336 0.960332
vn 0.6571072 -0.6361382 0.40439868
vn 0.4324084 -0.89670455 -0.09457245
vn 0.2667909 -0.9039141 0.33430812
vn -0.64725894 -0.7474152 0.14975458
vn -0.9091368 0.4084844 0.08130711
vn -0.41126326 0.44214204 0.79710287
vn -0.9091368 0.4084844 0.08130711
vn 0.20000936 -0.9404367 -0.27490923
vn -0.41126326 0.44214204 0.79710287
vn -0.2903786 0.33749065 -0.89542186
vn 0.25687698 -0.92980963 -0.26356837
vn 0.20000936 -0.9404367 -0.27490923
vn 0.474816 -0.63677377 -0.60751045
vn 0.24030454 -0.07587593 0.96772754
vn -0.2903786 0.33749065 -0.89542186
vn -0.32782546 0.66209185 0.67391753
vn 0.35490057 0.81352067 -0.46068394
vn 0.20000936 -0.9404367 -0.27490923
vn -0.9091368 0.4084844 0.08130711
vn -0.32215747 -0.6327968 -0.70411843
vn -0.72966284 -0.44830862 0.5163444
vn 0.24243124 0.015560614 0.9700438
vn 0.62053233 0.7835526 0.03138389
vn 0.26968363 0.15047038 0.9511201
vn -0.7841034 0.60514045 -0.13779297
vn -0.6373624 -0.6541869 0.40719607
vn -0.33819482 0.5051236 0.79402417
vn 0.7382879 0.6688845 -0.086743936
vn -0.9334854 0.126198 0.33567706
vn -0.8100582 -0.17132239 0.56076235
vn 0.35490057 0.81352067 -0.46068394
vn 0.29909077 0.95249325 0.057457257
vn 0.55120915 0.8300276 -0.08498677
vn -0.32782546 0.66209185 0.67391753
vn 0.16937603 0.9724728 0.16002624
vn -0.38699943 0.92151695 0.032217067
vn -0.10632766 0.985895 0.12925006
vn 0.07903646 0.9966681 -0.020146636
vn -0.2245191 0.93698025 0.26769233
vn -0.31084073 -0.9091578 0.2771463
vn 0.6571072 -0.6361382 0.40439868
vn 0.27060503 -0.067345336 0.960332
vn -0.6037589 0.29482237 -0.740645
vn -0.85339826 -0.36224225 0.3748226
vn -0.47900218 -0.5933965 0.64686745
vn 0.6471963 -0.76165843 0.031835064
vn -0.2720824 -0.9614796 0.039091963
vn 0.14067525 -0.5683599 0.81066483
vn 0.6571072 -0.6361382 0.40439868
vn -0.85339826 -0.36224225 0.3748226
vn 0.2667909 -0.9039141 0.33430812
vn 0.6471963 -0.76165843 0.031835064
vn -0.6037589 0.29482237 -0.740645
vn 0.36752254 -0.92994696 0.0112184975
vn -0.47900218 -0.5933965 0.64686745
vn -0.006899743 -0.9992234 -0.03879407
vn -0.64725894 -0.7474152 0.14975458
vn 0.20000936 -0.9404367 -0.27490923
vn -0.6324647 -0.6991069 0.3335235
vn 0.17387138 -0.518849 -0.8369973
vn 0.25687698 -0.92980963 -0.26356837
vn -0.21923402 -0.9754562 0.02053567
vn 0.08634798 -0.97870106 -0.18624774
vn 0.09516545 -0.99510974 -0.026460165
vn -0.31084073 -0.9091578 0.2771463
vn 0.24938805 -0.96596885 0.06862823
vn 0.035048086 -0.91914785 0.3923505
vn -0.2245191 0.93698025 0.26769233
vn 0.88266474 -0.46197233 0.08651287
vn -0.30184594 -0.6574877 -0.69036144
vn 0.24030454 -0.07587593 0.96772754
vn -0.41126326 0.44214204 0.79710287
vn 0.54238725 0.65846074 0.52177155
vn 0.28966922 0.9163196 0.27649608
vn 0.2797474 0.7225815 0.6321529
vn 0.2028593 0.9662589 -0.15871945
vn 0.69857293 0.08452168 0.7105293
vn 0.5198968 -0.06810157 0.8515101
vn 0.745275 -0.31608388 0.5870742
vn 0.7661217 -0.37344572 0.52306396
vn 0.43664637 -0.22111309 0.87203723
vn 0.22151674 0.23089531 0.94742686
vn -0.23560692 0.8939104 -0.38133135
vn -0.16669972 0.835338 -0.52385265
vn -0.43063286 0.8393594 -0.33170947
vn -0.23560692 0.8939104 -0.38133135
vn -0.84518546 0.10294662 -0.524465
vn -0.16669972 0.835338 -0.52385265
vn 0.037084416 0.68450546 -0.7280639
vn -0.16669972 0.835338 -0.52385265
vn -0.6067807 0.79485285 -0.005110752
vn -0.9553273 0.24105333 0.17100628
vn -0.84518546 0.10294662 -0.524465
vn -0.43063286 0.8393594 -0.33170947
vn -0.41316423 0.76043314 -0.5010357
vn -0.35392585 -0.8619775 -0.362948
vn -0.74673295 0.18264875 -0.639554
vn -0.0021685937 -0.9995003 0.031534985
vn -0.23560692 0.8939104 -0.38133135
vn -0.007593831 -0.99962413 0.02634361
vn -0.10915805 0.9406511 -0.3213409
vn 0.54238725 0.65846074 0.52177155
vn 0.5198968 -0.06810157 0.8515101
vn 0.00849031 0.6411347 0.7673814
vn -0.07280963 -0.48688912 0.87042385
vn 0.7661217 -0.37344572 0.52306396
vn -0.079616226 0.021680215 0.9965898
vn -0.059591677 -0.4529576 0.8895382
vn -0.06540472 0.7054627 0.7057228
vn -0.0004916774 0.13867718 0.9903375
vn 0.06305825 -0.52986556 0.84573406
vn -0.13499537 0.59518373 0.7921695
vn -0.34750572 0.063381515 0.9355333
vn 0.07070595 -0.6426399 0.76289886
vn -0.41164103 0.7312155 0.5439445
vn -0.12168802 0.39270118 0.91157985
vn -0.591401 -0.27417347 0.7583362
vn 0.119193554 0.9173892 0.37972355
vn 0.39701396 0.27827096 0.87461144
vn -0.003067999 -0.50902534 0.8607461
vn 0.8500448 0.4622648 0.25245816
vn 0.57800055 -0.6054495 0.54712546
vn -0.2839555 -0.7738914 0.5660931
vn 0.06795438 -0.8290574 0.55501896
vn 0.22151674 0.23089531 0.94742686
vn 0.357221 -0.09624067 -0.92904836
vn 0.47076464 -0.31112942 -0.8255781
vn 0.6549615 -0.19923966 -0.72892314
vn -0.58968467 -0.7086515 0.38740814
vn 0.21201569 -0.26682445 -0.9401351
vn 0.13521193 -0.7132465 -0.6877479
vn 0.21637222 -0.21666475 -0.9519661
vn 0.6388381 -0.15533906 -0.75349563
vn -0.17719688 -0.11180158 -0.97780454
vn 0.28895217 -0.58000445 -0.76164395
vn 0.59038585 -0.20654242 -0.7802466
vn 0.25704485 -0.81218 -0.52372855
vn 0.48133516 -0.82776546 -0.28830677
vn 0.06069632 -0.8742964 -0.48158252
vn 0.08347553 -0.95971376 -0.26829347
vn 0.5786697 -0.1570739 0.80029315
vn 0.357221 -0.09624067 -0.92904836
vn -0.17719688 -0.11180158 -0.97780454
vn 0.59038585 -0.20654242 -0.7802466
vn 0.9962395 -0.043434113 -0.07496899
vn -0.17719688 -0.11180158 -0.97780454
vn -0.09316295 -0.27876318 0.9558304
vn 0.24301179 -0.0052763224 0.97000897
vn 0.55087656 -0.25813177 0.7936643
vn 0.68835616 0.08264308 0.72064966
vn 0.33412853 -0.3044556 0.8920005
vn 0.55549055 -0.106462955 0.82467926
vn 0.099655524 -0.75379956 0.64950365
vn -0.64475584 0.32612923 0.69132453
vn -0.6373624 -0.6541869 0.40719607
vn 0.9047143 -0.030607987 0.42491785
vn 0.7142152 -0.19654435 -0.6717641
vn 0.08606989 0.20331006 0.97532403
vn 0.03340503 0.95523536 -0.293955
vn 0.89641744 -0.19402845 -0.39848304
vn 0.46447712 -0.87615997 -0.12885919
vn 0.60582525 -0.42978206 0.66952455
vn 0.8953354 0.102743044 0.43338025
vn 0.94431436 0.18058091 0.27506524
vn 0.7516588 -0.62051004 0.22355397
vn 0.941519 0.109597065 -0.31863844
vn 0.6192651 -0.2947092 -0.7277756
vn 0.8469229 0.25601262 -0.46602494
vn 0.46485642 0.88319314 -0.062276743
vn 0.32594967 0.7905161 0.5184989
vn 0.6730589 0.18654568 0.7156762
vn -0.17207167 0.5610126 0.809726
vn 0.084872544 -0.9544907 -0.28590918
vn 0.7661217 -0.37344572 0.52306396
vn -0.11049714 -0.025267093 -0.9935552
vn -0.07280963 -0.48688912 0.87042385
vn -0.16986313 -0.21783583 -0.96109
vn -0.7494359 -0.40223184 -0.52588534
vn -0.54899776 -0.7223584 0.4204757
vn 0.27123904 -0.12564719 -0.9542757
vn 0.47686028 0.5956068 0.64641845
vn -0.94646484 0.10807373 0.3041783
vn 0.5960263 0.49030414 -0.63588876
vn -0.65840006 -0.02357436 0.7522989
vn -0.1107643 0.052965894 0.9924343
vn -0.3587261 0.6298727 0.68889475
vn -0.2661746 0.0372381 0.9632053
vn 0.079970025 0.66559136 0.7420195
vn 0.34625065 0.10672079 0.93205214
vn 0.46905625 0.54811484 0.69250005
vn 0.41369087 0.19567227 0.88914126
vn 0.5212353 0.016422778 0.853255
vn -0.21828616 0.9552823 0.19946653
vn -0.46046093 0.26759318 0.8463862
vn -0.13343315 -0.04003888 0.9902487
vn -0.6884281 0.2544487 0.6792073
vn 0.12896654 0.30578196 0.9433266
vn 0.29239377 0.07994095 0.95295084
vn -0.2749306 0.61711484 0.7372804
vn 0.64039403 0.4372885 0.63140655
vn 0.6238441 0.76863635 0.14148034
vn 0.14375363 0.8852231 0.44239685
vn 0.28517124 0.9076554 0.30795935
vn -0.0042577633 0.04273771 0.99907726
vn 0.19411126 0.8213014 0.5364558
vn 0.034182716 0.80136627 0.59719646
vn 0.28192106 0.09222144 0.95499516
vn 0.23935136 -0.13606358 0.961352
vn -0.1924091 -0.13197483 0.97239983
vn -0.38783816 -0.12872253 0.91269493
vn 0.2028593 0.9662589 -0.15871945
vn 0.54238725 0.65846074 0.52177155
vn 0.00849031 0.6411347 0.7673814
vn -0.029979004 0.9236032 -0.38217586
vn -0.06540472 0.7054627 0.7057228
vn -0.12815788 0.94499576 0.30092943
vn -0.13499537 0.59518373 0.7921695
vn -0.0886695 0.8754827 -0.47504506
vn -0.15463378 0.7549465 -0.6372944
vn -0.16559686 0.93619657 -0.31002203
vn -0.41164103 0.7312155 0.5439445
vn 0.119193554 0.9173892 0.37972355
vn 0.41692784 -0.16047688 0.894661
vn 0.027107373 -0.9605552 0.276765
vn 0.042584278 -0.18724917 0.981389
vn -0.23991285 0.6427348 0.72755325
vn 0.14447808 -0.0010472459 0.98950744
vn 0.047790885 0.219321 0.9744816
vn 0.06551253 -0.014539545 0.9977458
vn 0.12979983 -0.64677125 0.75155765
vn 0.29947022 -0.18981583 0.93503344
vn 0.0067197457 -0.2970046 0.9548524
vn 0.474816 -0.63677377 -0.60751045
vn 0.25687698 -0.92980963 -0.26356837
vn 0.24030454 -0.07587593 0.96772754
vn -0.09655067 0.5605043 0.82250404
vn 0.25494424 0.8514247 0.45834425
vn 0.2654933 0.019262033 0.9639203
vn -0.32782546 0.66209185 0.67391753
vn 0.08634798 -0.97870106 -0.18624774
vn 0.15688199 -0.51794547 -0.8409046
vn -0.48497367 0.79161674 -0.3716766
vn -0.6315368 0.5567688 0.5396015
vn -0.41316423 0.76043314 -0.5010357
vn -0.21189125 -0.039023023 -0.97651386
vn 0.41662884 0.70538676 0.57345444
vn -0.00822492 0.92308635 -0.38450488
vn 0.8327448 0.49232832 0.25327638
vn 0.071297 0.69652516 -0.7139814
vn 0.048198715 0.9327956 0.3571684
vn 0.027917927 -0.9984766 0.047592755
vn -0.13083449 0.9913789 -0.0070815417
vn -0.07404144 -0.9970892 -0.018194154
vn -0.74673295 0.18264875 -0.639554
vn 0.0057050977 0.9999686 0.0055058775
vn -0.034651965 0.9986993 -0.037402045
vn -0.017691106 0.9699902 -0.2424997
vn 0.026117105 0.96300864 -0.2682019
vn -0.23560692 0.8939104 -0.38133135
vn -0.057132725 0.9895946 -0.13205455
vn -0.43063286 0.8393594 -0.33170947
vn 0.037084416 0.68450546 -0.7280639
vn -0.6067807 0.79485285 -0.005110752
vn -0.81370705 -0.5805071 0.029871685
vn -0.09564394 0.9036193 -0.41752177
vn -0.41316423 0.76043314 -0.5010357
vn -0.019443082 0.65493447 -0.75543547
vn -0.38356203 0.5053445 -0.7729858
vn -0.28422678 0.7608978 -0.58330923
vn -0.29891208 0.7536007 -0.5854379
vn 0.080488294 0.9461764 -0.31348345
vn 0.13281901 -0.74745023 -0.650905
vn 0.18370666 -0.9820455 -0.042878576
vn 0.4135553 0.41955063 -0.8080528
vn -0.03600197 -0.9900655 -0.13591978
vn 0.5260619 -0.7917543 0.31045768
vn 0.9682657 -0.24223457 -0.061513953
vn 0.042584278 -0.18724917 0.981389
vn 0.780725 -0.3617524 0.50951314
vn 0.027107373 -0.9605552 0.276765
vn 0.8818708 -0.1414256 0.44978067
vn 0.64041144 -0.65341306 -0.40363914
vn 0.7668766 -0.62757623 0.13434434
vn 0.780725 -0.3617524 0.50951314
vn 0.74007744 -0.6658166 0.09472896
vn -0.3790262 0.90999556 -0.168069
vn 0.7668766 -0.62757623 0.13434434
vn 0.042584278 -0.18724917 0.981389
vn 0.64041144 -0.65341306 -0.40363914
vn 0.14447808 -0.0010472459 0.98950744
vn -0.08646792 -0.48278132 -0.8714617
vn 0.5337482 -0.37626895 0.75732064
vn 0.8149806 -0.28692198 -0.50347036
vn 0.59125865 0.0061736866 -0.80645835
vn 0.37423706 -0.27103806 -0.88683987
vn 0.8661712 0.04301021 -0.49789315
vn 0.73574305 -0.44504812 -0.510504
vn 0.58956856 0.6571694 -0.46961403
vn 0.47581688 0.40308294 -0.7817432
vn 0.78344053 -0.46394962 -0.41348723
vn 0.6497356 -0.45750225 -0.60707104
vn 0.05827794 0.09389646 -0.9938748
vn -0.6203709 0.26048276 -0.7397896
vn 0.9997395 0.00024942844 -0.022822462
vn 0.9431107 -0.24597397 0.22369407
vn 0.97146505 0.21026003 -0.109756
vn 0.68712515 0.12703489 -0.7153469
vn 0.71390265 0.5706601 -0.40582022
vn -0.11905934 0.8254128 -0.551832
vn 0.79103607 0.6103747 0.041287575
vn -0.6257984 -0.10890839 -0.77234405
vn 0.7275331 0.076891765 0.6817502
vn 0.89641744 -0.19402845 -0.39848304
vn 0.7142152 -0.19654435 -0.6717641
vn 0.46447712 -0.87615997 -0.12885919
vn -0.47952026 -0.012470347 -0.8774422
vn -0.68921965 0.37287998 0.6212381
vn 0.03340503 0.95523536 -0.293955
vn 0.60855675 0.43959862 -0.66061467
vn 0.90560424 -0.37313232 0.20162661
vn 0.042584278 -0.18724917 0.981389
vn 0.8818708 -0.1414256 0.44978067
vn 0.74007744 -0.6658166 0.09472896
vn 0.780725 -0.3617524 0.50951314
vn 0.64041144 -0.65341306 -0.40363914
vn 0.5337482 -0.37626895 0.75732064
vn 0.38636 -0.8355236 0.39067414
vn 0.6709947 -0.718873 0.18162496
vn 0.027107373 -0.9605552 0.276765
vn 0.042584278 -0.18724917 0.981389
vn 0.90560424 -0.37313232 0.20162661
vn -0.3790262 0.90999556 -0.168069
vn 0.9682657 -0.24223457 -0.061513953
vn 0.780725 -0.3617524 0.50951314
vn 0.21637222 -0.21666475 -0.9519661
vn 0.70386255 -0.7056623 -0.08135232
vn -0.58968467 -0.7086515 0.38740814
vn 0.9961977 -0.051675376 0.070141196
vn -0.0020484992 -0.9976952 -0.067823425
vn 0.98150223 -0.048828375 -0.18511936
vn 0.9190779 -0.13683426 -0.36955684
vn 0.70202136 0.07066201 0.7086416
vn 0.9612457 -0.124746025 0.24585597
vn 0.43112382 -0.12378931 -0.89376086
vn 0.37324566 -0.77672184 -0.50733703
vn 0.82141495 -0.5102646 0.25476953
vn 0.9962395 -0.043434113 -0.07496899
vn 0.357221 -0.09624067 -0.92904836
vn 0.59038585 -0.20654242 -0.7802466
vn -0.54881936 0.04181207 -0.83489466
vn 0.74007744 -0.6658166 0.09472896
vn 0.8818708 -0.1414256 0.44978067
vn 0.9682657 -0.24223457 -0.061513953
vn 0.64041144 -0.65341306 -0.40363914
vn -0.54881936 0.04181207 -0.83489466
vn 0.8818708 -0.1414256 0.44978067
vn 0.7668766 -0.62757623 0.13434434
vn 0.90560424 -0.37313232 0.20162661
vn 0.64041144 -0.65341306 -0.40363914
vn 0.74007744 -0.6658166 0.09472896
vn 0.9682657 -0.24223457 -0.061513953
vn 0.7668766 -0.62757623 0.13434434
vn 0.90560424 -0.37313232 0.20162661
vn -0.55047375 0.7493361 -0.368068
vn 0.3193332 -0.3829568 0.8668162
vn 0.2594235 0.47304732 0.84197724
vn 0.15688199 -0.51794547 -0.8409046
vn -0.41316423 0.76043314 -0.5010357
vn -0.4861701 0.54876477 -0.6800705
vn 0.3193332 -0.3829568 0.8668162
vn 0.15688199 -0.51794547 -0.8409046
vn 0.07903646 0.9966681 -0.020146636
vn -0.31084073 -0.9091578 0.2771463
vn -0.17216057 0.97143173 -0.16334362
vn -0.12553243 0.96173865 0.24351682
vn -0.10632766 0.985895 0.12925006
vn 0.3419931 0.92813396 0.14699672
vn 0.88266474 -0.46197233 0.08651287
vn -0.38209927 0.91881746 -0.09886691
vn -0.3535959 0.92904097 -0.10887072
vn 0.0837607 0.8616316 -0.5005749
vn 0.22174147 0.6804164 -0.69847274
vn 0.08634798 -0.97870106 -0.18624774
vn 0.035048086 -0.91914785 0.3923505
vn -0.38356203 0.5053445 -0.7729858
vn 0.3193332 -0.3829568 0.8668162
vn -0.689511 0.707012 0.15718983
vn 0.2594235 0.47304732 0.84197724
vn -0.4861701 0.54876477 -0.6800705
vn -0.55047375 0.7493361 -0.368068
vn -0.689511 0.707012 0.15718983
vn -0.55047375 0.7493361 -0.368068
vn -0.4861701 0.54876477 -0.6800705
vn -0.41316423 0.76043314 -0.5010357
vn -0.38356203 0.5053445 -0.7729858
vn 0.2594235 0.47304732 0.84197724
vn -0.09564394 0.9036193 -0.41752177
vn -0.4861701 0.54876477 -0.6800705
vn -0.689511 0.707012 0.15718983
vn 0.3193332 -0.3829568 0.8668162
vn 0.2594235 0.47304732 0.84197724
vn -0.4861701 0.54876477 -0.6800705
vn 0.15688199 -0.51794547 -0.8409046
vn 0.41662884 0.70538676 0.57345444
vn 0.5337482 -0.37626895 0.75732064
vn 0.41692784 -0.16047688 0.894661
vn -0.23991285 0.6427348 0.72755325
vn -0.08646792 -0.48278132 -0.8714617
vn 0.047790885 0.219321 0.9744816
vn -0.1512353 -0.9864657 -0.06335102
vn -0.82066673 -0.1603503 -0.5484468
vn 0.70386255 -0.7056623 -0.08135232
vn 0.9961977 -0.051675376 0.070141196
vn 0.6388381 -0.15533906 -0.75349563
vn 0.98150223 -0.048828375 -0.18511936
vn 0.70202136 0.07066201 0.7086416
vn 0.9962395 -0.043434113 -0.07496899
vn 0.21637222 -0.21666475 -0.9519661
vn -0.82066673 -0.1603503 -0.5484468
vn 0.6388381 -0.15533906 -0.75349563
vn 0.70202136 0.07066201 0.7086416
vn 0.05200533 -0.99396515 -0.096585624
vn 0.82141495 -0.5102646 0.25476953
vn 0.48133516 -0.82776546 -0.28830677
vn -0.17719688 -0.11180158 -0.97780454
vn 0.9962395 -0.043434113 -0.07496899
vn 0.5786697 -0.1570739 0.80029315
vn 0.6388381 -0.15533906 -0.75349563
vn 0.70202136 0.07066201 0.7086416
vn 0.70386255 -0.7056623 -0.08135232
vn 0.59038585 -0.20654242 -0.7802466
vn 0.9612457 -0.124746025 0.24585597
vn 0.5786697 -0.1570739 0.80029315
vn 0.9612457 -0.124746025 0.24585597
vn 0.357221 -0.09624067 -0.92904836
vn -0.12553243 0.96173865 0.24351682
vn -0.17216057 0.97143173 -0.16334362
vn -0.31084073 -0.9091578 0.2771463
vn 0.047790885 0.219321 0.9744816
vn 0.28383788 -0.3182129 0.9045312
vn 0.5337482 -0.37626895 0.75732064
vn -0.1512353 -0.9864657 -0.06335102
vn 0.06551253 -0.014539545 0.9977458
vn 0.076467045 -0.3166301 0.94546187
vn -0.035499167 -0.2663847 0.96321285
vn 0.0067197457 -0.2970046 0.9548524
vn 0.15198776 -0.54085773 0.8272682
vn 0.5380611 -0.37987936 0.75245064
vn -0.21502183 -0.33886716 0.9159338
vn -0.09383776 -0.40957254 0.9074386
vn 0.066351235 -0.97170603 -0.22668244
vn -0.063046284 -0.7843487 0.617108
vn 0.42691606 -0.7254688 0.5398497
vn -0.5114253 -0.45910043 0.7264097
vn -0.05331328 -0.379413 0.92369014
vn 0.45751202 -0.7361927 0.49870136
vn -0.04299456 -0.6368615 0.76977843
vn -0.15481667 -0.59776366 0.78658146
vn 0.4220783 -0.66084117 0.6205955
vn 0.02232907 -0.8160056 0.5776126
vn 0.29947022 -0.18981583 0.93503344
vn 0.12979983 -0.64677125 0.75155765
vn -0.20468669 -0.96749634 0.14850648
vn -0.08780554 0.13047412 0.9875559
vn 0.3233018 -0.27351332 0.9059064
vn 0.22258367 -0.31117192 0.9239202
vn 0.13970144 -0.7351543 0.66334885
vn 0.584557 -0.64194345 0.49618712
vn -0.5477516 0.8106205 0.207033
vn 0.7289153 -0.6834298 0.040077783
vn -0.2670898 -0.9069054 0.32586128
vn -0.090468645 -0.4483062 0.88929015
vn 0.5513922 -0.2763526 0.7871441
vn -0.105617285 -0.7192022 0.6867264
vn -0.07037857 -0.9483565 0.30930054
vn -0.5119946 -0.8390466 -0.18401732
vn 0.02232907 -0.8160056 0.5776126
vn 0.15198776 -0.54085773 0.8272682
vn -0.442894 -0.75219613 0.4878994
vn -0.20547171 0.9422939 0.26431727
vn -0.3555199 -0.6879931 0.6326698
vn -0.47498 -0.72009677 0.50582075
vn -0.16657864 -0.9703496 0.17513756
vn -0.29785126 -0.5902659 0.7502471
vn -0.05331328 -0.379413 0.92369014
vn 0.5513922 -0.2763526 0.7871441
vn -0.3385104 0.020034654 0.94074935
vn 0.39077666 0.43545634 -0.8109694
vn 0.048579462 0.6989898 -0.7134797
vn -0.8330974 -0.07300228 0.5482877
vn -0.33927244 -0.7121775 0.6145709
vn 0.08981946 -0.4742468 0.87579817
vn -0.23243652 -0.826757 0.51229495
vn -0.42911288 -0.5073932 0.74727124
vn -0.2767604 -0.6901579 0.6686447
vn 0.66249907 -0.44524708 -0.6023704
vn -0.16657864 -0.9703496 0.17513756
vn -0.070988044 -0.9474131 0.31204027
vn -0.25892997 -0.8091164 0.5275281
vn -0.54552937 -0.6796306 0.49040803
vn -0.5667193 -0.78487104 -0.25061256
vn -0.5082429 -0.8060875 -0.30317008
vn -0.9603513 -0.10039431 -0.26008907
vn 0.6999832 -0.6792614 0.2205164
vn -0.06166729 -0.9303631 0.36141613
vn -0.090468645 -0.4483062 0.88929015
vn -0.105617285 -0.7192022 0.6867264
vn -0.5192664 -0.6241204 0.58381176
vn -0.07037857 -0.9483565 0.30930054
vn -0.3555199 -0.6879931 0.6326698
vn -0.06193553 -0.9666185 -0.24862154
vn -0.5179245 -0.7744173 0.36336216
vn -0.40548915 -0.4829555 0.7761009
vn -0.4101172 -0.21587767 0.88611555
vn -0.34785336 -0.31758755 0.88212025
vn -0.5767839 -0.45126006 0.68094397
vn -0.21003681 -0.7992127 0.56315506
vn -0.060168788 -0.98985493 0.12871237
vn -0.16657864 -0.9703496 0.17513756
vn -0.47498 -0.72009677 0.50582075
vn -0.06193553 -0.9666185 -0.24862154
vn -0.6979888 -0.58228534 0.4168397
vn -0.6112331 0.015884725 0.7912912
vn 0.24318786 -0.5722865 0.7831653
vn 0.27744672 -0.032652903 0.96018595
vn -0.5709555 -0.26805097 0.77598876
vn 0.46447712 -0.87615997 -0.12885919
vn 0.45610574 -0.54198223 0.705849
vn 0.38205755 -0.853648 -0.3540016
vn 0.6240945 -0.5002196 0.6002386
vn 0.38636 -0.8355236 0.39067414
vn 0.6709947 -0.718873 0.18162496
vn 0.04559719 -0.9704283 -0.23704396
vn 0.30122063 -0.9490462 0.09261441
vn 0.07758397 0.95624745 0.2820843
vn -0.10632766 0.985895 0.12925006
vn 0.08634798 -0.97870106 -0.18624774
vn 0.25494424 0.8514247 0.45834425
vn -0.5714194 0.60849255 -0.55065113
vn -0.15207538 0.40565845 -0.9012848
vn -0.28714812 0.86274755 -0.4161882
vn -0.29891208 0.7536007 -0.5854379
vn -0.78276557 0.39426798 -0.48148817
vn 0.07504354 0.7132225 -0.69690895
vn 0.04404723 0.55485654 -0.8307792
vn -0.33549264 -0.72838193 0.5974148
vn 0.044099785 0.71518314 -0.69754446
vn -0.5907601 0.36305133 -0.7205527
vn -0.2210525 0.9738901 -0.051709257
vn -0.4011437 0.30373734 -0.8641917
vn 0.047539692 0.42324385 -0.9047677
vn -0.043321785 0.34847108 -0.93631786
vn -0.23953141 0.3346082 -0.91140664
vn 0.3537399 0.39078534 -0.849797
vn 0.33859977 0.6704546 -0.66018236
vn 0.80420876 0.26791078 -0.53053945
vn -0.15207538 0.40565845 -0.9012848
vn -0.019443082 0.65493447 -0.75543547
vn -0.38356203 0.5053445 -0.7729858
vn -0.28422678 0.7608978 -0.58330923
vn -0.5714194 0.60849255 -0.55065113
vn -0.29891208 0.7536007 -0.5854379
vn 0.46747324 0.7924057 -0.39186978
vn -0.11354769 0.48307112 -0.8681873
vn 0.04404723 0.55485654 -0.8307792
vn -0.034463085 0.5486234 -0.83535904
vn -0.20547171 0.9422939 0.26431727
vn 0.095977195 0.33875173 -0.93596774
vn -0.038900286 0.32333082 -0.94548607
vn -0.17287695 0.10299541 -0.9795435
vn -0.10037207 0.43045697 -0.89701295
vn -0.5597598 0.1430519 -0.8162139
vn 0.2246543 0.43549958 -0.87170553
vn 0.93319917 0.3489606 0.08582448
vn 0.35268897 0.46172726 -0.81389093
vn 0.18310864 0.51072174 -0.84002054
vn -0.9370185 0.027377024 0.34820512
vn -0.03304706 0.4444825 -0.8951777
vn 0.07878347 0.61792606 -0.7822791
vn -0.31763706 0.52822244 -0.7874565
vn 0.099438645 0.7931284 -0.6008821
vn -0.26615205 0.89909154 -0.3475594
vn 0.4421768 0.59048194 -0.6751376
vn 0.32712838 0.91673934 -0.22929446
vn -0.28714812 0.86274755 -0.4161882
vn 0.26423272 -0.9132839 -0.3099897
vn 0.07878347 0.61792606 -0.7822791
vn -0.17287695 0.10299541 -0.9795435
vn 0.33859977 0.6704546 -0.66018236
vn -0.32638323 0.94035876 0.09591365
vn -0.034463085 0.5486234 -0.83535904
vn -0.20547171 0.9422939 0.26431727
vn 0.07504354 0.7132225 -0.69690895
vn 0.13281901 -0.74745023 -0.650905
vn -0.29891208 0.7536007 -0.5854379
vn 0.24359049 0.56863636 -0.78569484
vn 0.36864245 0.88205177 -0.29340667
vn 0.01715258 0.66749895 -0.74441314
vn 0.22663271 0.9639496 -0.13942277
vn 0.279253 0.8765099 -0.3921073
vn 0.32712838 0.91673934 -0.22929446
vn -0.34599665 0.8841302 0.31400663
vn 0.07878347 0.61792606 -0.7822791
vn 0.25607648 0.9086912 -0.3297046
vn 0.09958543 0.7882673 -0.607221
vn 0.008488981 0.96464545 -0.26341426
vn -0.11354769 0.48307112 -0.8681873
vn -0.018461607 0.8969066 -0.44183442
vn -0.9089606 0.34998235 0.22650164
vn 0.095977195 0.33875173 -0.93596774
vn -0.6067807 0.79485285 -0.005110752
vn -0.9553273 0.24105333 0.17100628
vn -0.81370705 -0.5805071 0.029871685
vn -0.057132725 0.9895946 -0.13205455
vn -0.16669972 0.835338 -0.52385265
vn -0.9553273 0.24105333 0.17100628
vn -0.43063286 0.8393594 -0.33170947
vn -0.81370705 -0.5805071 0.029871685
vn 0.037084416 0.68450546 -0.7280639
vn -0.23560692 0.8939104 -0.38133135
vn -0.0020484992 -0.9976952 -0.067823425
vn 0.43112382 -0.12378931 -0.89376086
vn 0.28187788 -0.18304016 -0.9418286
vn 0.075953506 -0.18497491 -0.97980374
vn 0.23604625 -0.39320165 -0.8886364
vn 0.37324566 -0.77672184 -0.50733703
vn 0.21014056 -0.6595122 -0.7217234
vn 0.03852583 -0.17224504 -0.9843005
vn 0.104460984 -0.6439621 -0.7578923
vn 0.07308986 -0.22871679 -0.9707453
vn 0.3598142 -0.47120804 0.80529296
vn -0.46651536 -0.28207365 -0.8383304
vn -0.41760096 -0.48351887 -0.7692977
vn -0.5449146 -0.67542195 -0.49686342
vn -0.76263595 -0.36195645 -0.53607273
vn -0.7004436 -0.7049087 -0.1117248
vn -0.60968864 -0.70584553 -0.36064085
vn -0.08131681 -0.99631244 -0.027368875
vn -0.65199107 -0.5058089 -0.5648584
vn -0.44664508 -0.81170636 -0.3763521
vn 0.67550826 -0.61228806 0.41084296
vn 0.5973331 -0.7842631 0.16770397
vn -0.07423146 -0.99717516 -0.011463792
vn 0.22174147 0.6804164 -0.69847274
vn 0.30122063 -0.9490462 0.09261441
vn 0.25494424 0.8514247 0.45834425
vn -0.3535959 0.92904097 -0.10887072
vn -0.38209927 0.91881746 -0.09886691
vn 0.07758397 0.95624745 0.2820843
vn 0.07758397 0.95624745 0.2820843
vn -0.38209927 0.91881746 -0.09886691
vn 0.22174147 0.6804164 -0.69847274
vn 0.25494424 0.8514247 0.45834425
vn 0.57181257 -0.56467855 -0.59512067
vn 0.8578954 -0.35496038 0.3715087
vn 0.8614832 -0.23461801 -0.45033443
vn 0.8353263 -0.019635485 0.54940367
vn 0.9265649 -0.34771273 -0.14343438
vn 0.60132253 -0.6410697 -0.47690758
vn 0.61445016 -0.77591544 -0.1428503
vn -0.33140963 -0.94285864 -0.034427706
vn 0.22174147 0.6804164 -0.69847274
vn 0.24938805 -0.96596885 0.06862823
vn 0.08634798 -0.97870106 -0.18624774
vn 0.022201877 -0.78193384 -0.62296593
vn 0.574859 -0.8156704 -0.06495353
vn 0.053410474 -0.99693114 -0.057233166
vn 0.14068735 -0.4383999 0.88770074
vn 0.012352309 0.24229555 0.9701238
vn -0.85971963 0.5057206 0.071615756
vn -0.4028889 -0.48437655 -0.7765693
vn -0.496463 -0.43279707 -0.7524701
vn -0.8710864 -0.029803261 -0.4902246
vn -0.96735734 -0.06428437 0.24512716
vn -0.4212568 -0.66952044 -0.6117884
vn 0.8353263 -0.019635485 0.54940367
vn 0.8578954 -0.35496038 0.3715087
vn 0.14518148 0.035452615 0.98876965
vn -0.60306805 -0.6327341 -0.48575354
vn 0.14068735 -0.4383999 0.88770074
vn 0.574859 -0.8156704 -0.06495353
vn -0.27919838 0.09060779 0.955949
vn 0.42036042 -0.9017595 -0.10063261
vn 0.012352309 0.24229555 0.9701238
vn -0.67412025 0.22007194 0.70507467
vn -0.7000677 -0.3443055 0.6255869
vn 0.20812203 -0.380829 -0.90091866
vn 0.0837607 0.8616316 -0.5005749
vn 0.9630894 -0.11775505 0.24205886
vn 0.22174147 0.6804164 -0.69847274
vn 0.07155297 0.94958925 0.30522197
vn -0.24988006 -0.2104788 -0.9451236
vn -0.33140963 -0.94285864 -0.034427706
vn 0.24938805 -0.96596885 0.06862823
vn 0.61445016 -0.77591544 -0.1428503
vn 0.9265649 -0.34771273 -0.14343438
vn 0.9630894 -0.11775505 0.24205886
vn 0.09516545 -0.99510974 -0.026460165
vn 0.3419931 0.92813396 0.14699672
vn 0.0837607 0.8616316 -0.5005749
vn 0.88266474 -0.46197233 0.08651287
vn 0.57181257 -0.56467855 -0.59512067
vn 0.07155297 0.94958925 0.30522197
vn -0.6903613 0.61030984 0.38848835
vn -0.6903613 0.61030984 0.38848835
vn 0.61445016 -0.77591544 -0.1428503
vn -0.24988006 -0.2104788 -0.9451236
vn 0.22174147 0.6804164 -0.69847274
vn 0.07155297 0.94958925 0.30522197
vn 0.57181257 -0.56467855 -0.59512067
vn 0.9630894 -0.11775505 0.24205886
vn 0.9265649 -0.34771273 -0.14343438
vn 0.27533615 -0.27262503 0.92188156
vn -0.60756457 -0.04158776 0.79318076
vn -0.9755841 0.21596935 -0.039910853
vn 0.7668643 -0.2913164 -0.57188624
vn -0.6903613 0.61030984 0.38848835
vn 0.07155297 0.94958925 0.30522197
vn 0.61445016 -0.77591544 -0.1428503
vn -0.33140963 -0.94285864 -0.034427706
vn 0.112203404 -0.45775655 -0.88196903
vn 0.2062313 -0.23607582 -0.94959825
vn -0.16917767 -0.45663542 -0.8734203
vn -0.1878854 -0.7881021 -0.5861691
vn 0.11146549 -0.47185737 -0.8746005
vn 0.09923828 -0.5938198 -0.79845464
vn 0.04090616 -0.37452155 -0.9263154
vn 0.25210562 -0.52793425 0.81100446
vn 0.15316117 -0.58061904 -0.7996394
vn -0.2639407 -0.27116698 -0.92563695
vn -0.30180955 -0.40510014 -0.8630208
vn -0.2106875 -0.3963938 -0.8935786
vn -0.055615485 -0.6555382 -0.75311124
vn 0.14227761 -0.8365417 -0.52910775
vn -0.6311162 0.01673787 0.7755077
vn 0.577914 -0.6545977 -0.4873574
vn -0.9755841 0.21596935 -0.039910853
vn 0.7668643 -0.2913164 -0.57188624
vn -0.60306805 -0.6327341 -0.48575354
vn 0.112203404 -0.45775655 -0.88196903
vn 0.21391484 -0.38585818 -0.8974151
vn 0.2062313 -0.23607582 -0.94959825
vn 0.09923828 -0.5938198 -0.79845464
vn 0.22248504 -0.76844484 -0.5999941
vn 0.3841747 -0.4376285 -0.8129521
vn -0.7000677 -0.3443055 0.6255869
vn 0.35335097 -0.29703677 -0.8870807
vn 0.32883713 -0.2829628 -0.9009985
vn 0.3859686 -0.4974461 -0.7769013
vn 0.42036042 -0.9017595 -0.10063261
vn 0.20812203 -0.380829 -0.90091866
vn 0.28234184 -0.24900438 -0.926434
vn 0.2587891 -0.3260561 -0.90923905
vn 0.39040273 0.046235133 -0.91948247
vn 0.2983024 -0.84619963 -0.4415449
vn 0.8249257 -0.21624209 -0.52224225
vn -0.45339882 -0.4550036 -0.7664211
vn 0.69448966 -0.2672752 0.66801804
vn 0.41620627 -0.50400925 0.75680053
vn 0.27533615 -0.27262503 0.92188156
vn -0.8232706 -0.23540883 0.51653475
vn 0.26979965 0.23453444 0.9339174
vn 0.84916925 0.2567672 0.4614999
vn 0.6956507 -0.22442336 0.68242526
vn 0.67550826 -0.61228806 0.41084296
vn 0.5973331 -0.7842631 0.16770397
vn 0.4071828 -0.9107049 0.0694173
vn 0.39855653 -0.8963687 0.19410269
vn -0.07423146 -0.99717516 -0.011463792
vn -0.1632062 -0.66355467 0.73010886
vn 0.41554552 0.027986478 0.9091417
vn 0.42849347 0.47235033 0.77024573
vn -0.038280204 0.8899835 0.4543831
vn 0.42510998 0.49645618 0.7568439
vn -0.41760096 -0.48351887 -0.7692977
vn 0.3598142 -0.47120804 0.80529296
vn -0.0033614847 -0.9984782 0.05504598
vn 0.69448966 -0.2672752 0.66801804
vn 0.41620627 -0.50400925 0.75680053
vn 0.23604625 -0.39320165 -0.8886364
vn 0.27533615 -0.27262503 0.92188156
vn 0.577914 -0.6545977 -0.4873574
vn 0.28187788 -0.18304016 -0.9418286
vn -0.8232706 -0.23540883 0.51653475
vn 0.31093854 -0.37450838 0.8735334
vn 0.8249257 -0.21624209 -0.52224225
vn 0.7528921 -0.09163475 0.6517335
vn 0.66552365 0.6130501 0.4257321
vn 0.66552365 0.6130501 0.4257321
vn 0.41554552 0.027986478 0.9091417
vn 0.054713506 -0.6665938 0.74341047
vn -0.14221686 0.9424924 0.3024606
vn 0.7528921 -0.09163475 0.6517335
vn 0.42849347 0.47235033 0.77024573
vn 0.66552365 0.6130501 0.4257321
vn 0.30727404 -0.9420995 -0.13428009
vn 0.447541 -0.8937529 -0.030214474
vn 0.5491791 -0.79836524 -0.24701272
vn 0.21014056 -0.6595122 -0.7217234
vn 0.44824755 -0.8139962 -0.36943784
vn 0.06777523 -0.9586167 -0.27651513
vn -0.2749306 0.61711484 0.7372804
vn 0.138139 -0.5209942 0.842308
vn -0.37608114 -0.8640718 -0.33457866
vn -0.41480625 -0.16336113 -0.8951251
vn -0.93542445 0.3458879 -0.07309328
vn -0.50698674 0.75650764 -0.4131109
vn -0.6884281 0.2544487 0.6792073
vn -0.16986313 -0.21783583 -0.96109
vn 0.39039367 -0.92047584 -0.017803352
vn 0.16012116 0.60586494 0.77928746
vn -0.18337089 0.20026022 -0.9624297
vn -0.00538889 0.4277817 0.90386605
vn -0.9448213 -0.3190802 -0.07416587
vn 0.07089022 -0.35317755 -0.93286663
vn 0.138139 -0.5209942 0.842308
vn -0.2749306 0.61711484 0.7372804
vn 0.58623874 0.2370198 0.77469075
vn 0.44680366 0.84876055 -0.2827933
vn 0.9368381 0.07598737 0.34140933
vn 0.8125729 0.25693652 -0.52317196
vn -0.6080251 -0.79384845 0.0104951775
vn -0.08435747 -0.9690722 0.23191129
vn -0.30191264 -0.86103064 -0.40923718
vn -0.039694577 -0.898044 -0.43811113
vn -0.096151926 -0.9696784 -0.22467437
vn 0.34470296 -0.6744908 0.65287215
vn 0.51030976 -0.22525276 -0.82996696
vn 0.726804 0.1561706 -0.6688547
vn 0.15237622 0.98018336 -0.12657818
vn -0.3846732 -0.33972487 -0.85826194
vn -0.34774557 -0.23492242 -0.9076808
vn -0.6962617 0.05281365 -0.7158424
vn 0.08701737 0.030288415 -0.99574625
vn -0.1149812 0.09856883 -0.98846525
vn -0.18843809 -0.60405993 -0.77434015
vn 0.6240945 -0.5002196 0.6002386
vn 0.06747275 -0.44526905 -0.892851
vn -0.79478484 -0.58615756 0.15727782
vn -0.23668432 -0.95794344 0.16224964
vn 0.11807794 -0.75948745 -0.63971585
vn 0.18064037 -0.971762 0.15181464
vn -0.032907676 -0.9969384 0.07092884
vn -0.012807603 -0.9999173 0.0011556374
vn 0.069705114 -0.9566829 0.28266412
vn 0.15312068 -0.9565702 0.24804729
vn -0.032858122 -0.9971317 0.068181716
vn -0.060168788 -0.98985493 0.12871237
vn -0.2670898 -0.9069054 0.32586128
vn -0.09054519 -0.94337666 -0.31912708
vn -0.24576962 -0.9521036 -0.18192314
vn 0.13970144 -0.7351543 0.66334885
vn 0.584557 -0.64194345 0.49618712
vn 0.077588014 -0.97874147 0.18985571
vn -0.3013319 -0.94264436 0.14359897
vn -0.5768672 -0.7376236 -0.3509069
vn -0.2442984 -0.9558544 -0.16328087
vn -0.3109752 -0.88176715 -0.3546563
vn -0.038392756 -0.94573927 -0.32265028
vn -0.2161181 -0.8477514 0.48436615
vn -0.04299456 -0.6368615 0.76977843
vn 0.27224115 -0.82480335 -0.49556452
vn 0.45751202 -0.7361927 0.49870136
vn -0.48471028 -0.8670832 -0.11498992
vn -0.3109752 -0.88176715 -0.3546563
vn -0.442894 -0.75219613 0.4878994
vn 0.15198776 -0.54085773 0.8272682
vn -0.038392756 -0.94573927 -0.32265028
vn -0.8031894 -0.5741141 0.15899621
vn -0.15481667 -0.59776366 0.78658146
vn -0.5119946 -0.8390466 -0.18401732
vn -0.08435747 -0.9690722 0.23191129
vn -0.6080251 -0.79384845 0.0104951775
vn -0.039694577 -0.898044 -0.43811113
vn 0.34470296 -0.6744908 0.65287215
vn 0.08576504 -0.971385 0.22148474
vn -0.096151926 -0.9696784 -0.22467437
vn -0.33549264 -0.72838193 0.5974148
vn -0.28714812 0.86274755 -0.4161882
vn 0.32712838 0.91673934 -0.22929446
vn 0.25607648 0.9086912 -0.3297046
vn 0.008488981 0.96464545 -0.26341426
vn -0.9089606 0.34998235 0.22650164
vn -0.18623498 -0.9247365 0.3319322
vn -0.68815833 -0.5345064 0.49065375
vn -0.78276557 0.39426798 -0.48148817
vn 0.09958543 0.7882673 -0.607221
vn 0.07504354 0.7132225 -0.69690895
vn -0.32830906 -0.88481796 0.33062106
vn -0.33549264 -0.72838193 0.5974148
vn -0.11354769 0.48307112 -0.8681873
vn 0.04404723 0.55485654 -0.8307792
vn -0.0086039975 -0.99066347 0.1360585
vn -0.018461607 0.8969066 -0.44183442
vn 0.25607648 0.9086912 -0.3297046
vn 0.095977195 0.33875173 -0.93596774
vn 0.25944397 -0.9650898 -0.035923462
vn -0.5449822 -0.7236749 0.42342538
vn -0.0086039975 -0.99066347 0.1360585
vn -0.9089606 0.34998235 0.22650164
vn -0.5449822 -0.7236749 0.42342538
vn 0.6853333 -0.7153211 -0.13650616
vn -0.21849146 -0.92987424 0.29596508
vn -0.77513033 -0.53896093 0.3296878
vn 0.054472562 -0.9730519 0.22405954
vn -0.3049894 -0.89982086 0.31193566
vn 0.05930231 -0.91032517 -0.40962344
vn -0.07423146 -0.99717516 -0.011463792
vn -0.44664508 -0.81170636 -0.3763521
vn -0.85828537 -0.44527924 -0.2550933
vn -0.8031894 -0.5741141 0.15899621
vn -0.6952196 -0.67966235 -0.23394202
vn -0.442894 -0.75219613 0.4878994
vn -0.012807603 -0.9999173 0.0011556374
vn -0.032907676 -0.9969384 0.07092884
vn -0.34104878 -0.91487354 0.21608365
vn -0.34663612 -0.8348356 0.4276599
vn -0.038392756 -0.94573927 -0.32265028
vn -0.23668432 -0.95794344 0.16224964
vn -0.79478484 -0.58615756 0.15727782
vn -0.5922659 -0.7616222 0.26296917
vn -0.6586063 -0.7420045 0.12516804
vn 0.58402264 -0.81173736 -0.00028065182
vn 0.18809786 -0.9697459 0.15560263
vn -0.77513033 -0.53896093 0.3296878
vn 0.054472562 -0.9730519 0.22405954
vn -0.21849146 -0.92987424 0.29596508
vn 0.11807794 -0.75948745 -0.63971585
vn 0.18809786 -0.9697459 0.15560263
vn -0.79478484 -0.58615756 0.15727782
vn -0.3321096 -0.89345515 -0.30239236
vn -0.5150905 -0.8262614 -0.22797772
vn -0.19827113 -0.97985244 0.0240364
vn -0.6952196 -0.67966235 -0.23394202
vn -0.85828537 -0.44527924 -0.2550933
vn 0.15316117 -0.58061904 -0.7996394
vn -0.018021116 -0.99849826 0.051735006
vn 0.10692352 -0.9874936 -0.11586102
vn -0.055615485 -0.6555382 -0.75311124
vn 0.19193815 -0.9572178 -0.21654987
vn 0.10884984 -0.88821036 -0.4463565
vn -0.68416804 0.014496868 0.7291803
vn -0.5543456 -0.3956133 0.7322507
vn 0.65172464 -0.6591192 0.3752557
vn 0.14227761 -0.8365417 -0.52910775
vn 0.16233933 -0.33944193 -0.92651236
vn 0.11146549 -0.47185737 -0.8746005
vn -0.1878854 -0.7881021 -0.5861691
vn -0.5848252 -0.7465987 0.31712744
vn -0.04597538 -0.9771332 -0.20759815
vn 0.7528921 -0.09163475 0.6517335
vn 0.2983024 -0.84619963 -0.4415449
vn 0.2587891 -0.3260561 -0.90923905
vn -0.45339882 -0.4550036 -0.7664211
vn 0.31093854 -0.37450838 0.8735334
vn 0.8249257 -0.21624209 -0.52224225
vn 0.054713506 -0.6665938 0.74341047
vn 0.66552365 0.6130501 0.4257321
vn 0.84916925 0.2567672 0.4614999
vn 0.41554552 0.027986478 0.9091417
vn -0.33935413 -0.8352845 0.43259525
vn 0.10692352 -0.9874936 -0.11586102
vn 0.19193815 -0.9572178 -0.21654987
vn -0.2106875 -0.3963938 -0.8935786
vn 0.075200506 -0.97490454 -0.20953776
vn 0.0509025 -0.99860674 -0.013911044
vn -0.018021116 -0.99849826 0.051735006
vn -0.68416804 0.014496868 0.7291803
vn -0.36355487 -0.7575013 0.54223573
vn 0.024604404 -0.996871 -0.075118884
vn -0.08695179 -0.991286 -0.09895208
vn -0.02113495 -0.9971964 -0.071781985
vn -0.11366135 -0.9935161 0.002623227
vn -0.38440323 -0.5063571 -0.7719046
vn -0.3781404 -0.68064046 -0.62748575
vn 0.07165673 -0.99735266 -0.012368487
vn 0.113400705 -0.98524153 -0.12821612
vn 0.4071828 -0.9107049 0.0694173
vn 0.17430763 -0.9269866 -0.33213368
vn 0.39855653 -0.8963687 0.19410269
vn -0.15427953 -0.95487565 0.25379184
vn -0.022176849 -0.99758583 -0.06580799
vn -0.29193768 -0.92201394 -0.25428858
vn -0.1632062 -0.66355467 0.73010886
vn -0.3636164 -0.8344373 0.41412258
vn 0.28327304 -0.93372625 -0.2188874
vn -0.52872723 -0.642494 -0.5546611
vn -0.6250683 -0.6826649 -0.3784947
vn -0.36642 -0.9299251 0.031236138
vn -0.07887722 -0.99581754 -0.04610658
vn -0.02560593 -0.99065965 0.1339321
vn 0.6956507 -0.22442336 0.68242526
vn 0.33375046 -0.9398228 0.07310073
vn -0.59581435 -0.8009982 -0.05837085
vn -0.0033614847 -0.9984782 0.05504598
vn -0.034612987 -0.91364706 -0.40503207
vn -0.42764413 -0.7049567 -0.56582373
vn 0.6853333 -0.7153211 -0.13650616
vn 0.7076589 -0.610883 -0.3550223
vn 0.25944397 -0.9650898 -0.035923462
vn -0.18623498 -0.9247365 0.3319322
vn -0.0086039975 -0.99066347 0.1360585
vn -0.018461607 0.8969066 -0.44183442
vn -0.0086039975 -0.99066347 0.1360585
vn 0.7076589 -0.610883 -0.3550223
vn -0.9089606 0.34998235 0.22650164
vn -0.68815833 -0.5345064 0.49065375
vn 0.6853333 -0.7153211 -0.13650616
vn -0.5449822 -0.7236749 0.42342538
vn 0.7076589 -0.610883 -0.3550223
vn -0.68815833 -0.5345064 0.49065375
vn 0.6107844 -0.78607416 -0.095025375
vn 0.42691606 -0.7254688 0.5398497
vn 0.56707686 -0.7886094 0.23773745
vn 0.066351235 -0.97170603 -0.22668244
vn 0.076731995 -0.9408603 -0.32999116
vn -0.1866139 -0.4557762 -0.87031215
vn -0.063046284 -0.7843487 0.617108
vn -0.20547171 0.9422939 0.26431727
vn -0.442894 -0.75219613 0.4878994
vn -0.85828537 -0.44527924 -0.2550933
vn -0.9021811 0.41977918 -0.09927078
vn -0.6745575 0.36499467 -0.64167833
vn -0.32638323 0.94035876 0.09591365
vn -0.31763706 0.52822244 -0.7874565
vn -0.9736335 0.13149565 -0.18640465
vn -0.034463085 0.5486234 -0.83535904
vn -0.26615205 0.89909154 -0.3475594
vn -0.33246925 0.9424153 0.036299523
vn 0.77421635 0.55831236 -0.29812136
vn 0.80420876 0.26791078 -0.53053945
vn 0.46747324 0.7924057 -0.39186978
vn 0.8701903 -0.47302395 -0.13790272
vn -0.20547171 0.9422939 0.26431727
vn -0.6745575 0.36499467 -0.64167833
vn -0.85828537 -0.44527924 -0.2550933
vn -0.33246925 0.9424153 0.036299523
vn -0.40902194 -0.5744549 0.70901525
vn -0.28756177 -0.9091941 0.30112177
vn 0.05510039 -0.8686033 0.49243507
vn 0.19683294 -0.42598814 0.8830577
vn 0.3360216 -0.9031463 -0.26723808
vn -0.96735734 -0.06428437 0.24512716
vn -0.8681857 -0.3908516 -0.3057591
vn -0.012238669 -0.798588 0.6017536
vn 0.5652267 -0.7968634 -0.2133718
vn 0.49060503 -0.8630329 -0.12033698
vn 0.15548708 -0.969517 -0.1893689
vn 0.17166384 -0.9804245 -0.096433066
vn 0.0058160257 -0.9977116 -0.067362495
vn 0.057324246 -0.9686885 -0.24157095
vn -0.046542402 -0.98734236 -0.15162088
vn 0.15072234 -0.7793861 -0.60814476
vn -0.07163716 -0.99016124 -0.120203346
vn -0.0062670913 -0.82558084 0.56424904
vn -0.02984015 -0.77125305 0.63582885
vn -0.0008865941 -0.83715403 -0.5469665
vn 0.13086836 -0.870766 0.47396216
vn 0.4567204 -0.83421797 -0.30900943
vn -0.53379816 0.50949365 0.67488945
vn -0.29673553 -0.954881 0.012257739
vn -0.25969094 0.45529145 -0.85162807
vn -0.5863093 -0.11607642 -0.80172795
vn -0.038786564 -0.9991681 -0.012597195
vn 0.035685763 -0.9751569 -0.21862185
vn 0.5994177 -0.5131349 -0.6143216
vn 0.49217805 -0.59801286 -0.6325673
vn -0.035562463 -0.83260167 -0.5527294
vn -0.13861585 -0.81988925 -0.55548835
vn 0.215569 -0.97370404 -0.07369167
vn 0.19862601 -0.2842896 0.9379377
vn -0.09168516 -0.928858 -0.35891047
vn -0.14029859 -0.97516656 -0.17136638
vn -0.12534028 -0.9920873 -0.00725478
vn 0.05510039 -0.8686033 0.49243507
vn -0.28756177 -0.9091941 0.30112177
vn 0.46368176 -0.60489255 -0.6473826
vn -0.535475 -0.7848703 -0.31184146
vn -0.24315864 0.30680108 0.92018855
vn 0.25205457 -0.76291364 0.5953413
vn -0.7000677 -0.3443055 0.6255869
vn -0.7481367 -0.5675287 -0.34380606
vn -0.07163716 -0.99016124 -0.120203346
vn 0.46368176 -0.60489255 -0.6473826
vn -0.09168516 -0.928858 -0.35891047
vn -0.8175261 0.113603406 -0.5645754
vn -0.8185307 0.069938034 0.57018965
vn -0.8395857 0.092575215 0.5352809
vn -0.9994098 0.009790274 0.03292666
vn -0.6204679 0.32742974 0.7126074
vn -0.999574 0.025086248 -0.014917348
vn -0.89498025 -0.060799856 -0.44194308
vn -0.8473222 0.52550805 -0.07672228
vn -0.6729995 0.25973332 -0.692539
vn -0.9501227 0.13226564 0.28244045
vn -0.81163263 0.33600348 0.47786412
vn -0.67412025 0.22007194 0.70507467
vn -0.85971963 0.5057206 0.071615756
vn -0.9808154 0.19424781 -0.016397702
vn -0.8710864 -0.029803261 -0.4902246
vn -0.7000677 -0.3443055 0.6255869
vn -0.44333446 0.5452669 0.7114341
vn -0.8681857 -0.3908516 -0.3057591
vn -0.96735734 -0.06428437 0.24512716
vn -0.1355823 0.04723848 0.9896393
vn -0.22580484 0.6246891 0.747513
vn -0.8710864 -0.029803261 -0.4902246
vn -0.4028889 -0.48437655 -0.7765693
vn -0.85971963 0.5057206 0.071615756
vn 0.22248504 -0.76844484 -0.5999941
vn 0.25205457 -0.76291364 0.5953413
vn -0.7000677 -0.3443055 0.6255869
vn -0.0062670913 -0.82558084 0.56424904
vn 0.09923828 -0.5938198 -0.79845464
vn -0.02984015 -0.77125305 0.63582885
vn 0.25210562 -0.52793425 0.81100446
vn 0.13086836 -0.870766 0.47396216
vn -0.014651091 -0.96231943 0.27152646
vn 0.05510039 -0.8686033 0.49243507
vn -0.30180955 -0.40510014 -0.8630208
vn 0.19683294 -0.42598814 0.8830577
vn -0.7021307 -0.68875825 -0.18062277
vn -0.08529223 -0.9065584 0.4133728
vn -0.40902194 -0.5744549 0.70901525
vn -0.50816584 -0.82885367 0.23402797
vn -0.85696286 -0.2943813 0.42302993
vn -0.8156137 -0.57798785 0.026539475
vn -0.8185307 0.069938034 0.57018965
vn 0.0036848423 0.22593321 0.9741358
vn -0.8395857 0.092575215 0.5352809
vn -0.1355823 0.04723848 0.9896393
vn -0.09608962 0.123330966 0.9877025
vn -0.9501227 0.13226564 0.28244045
vn 0.080650926 0.12917781 0.98833627
vn 0.0040686927 0.14560652 0.9893342
vn 0.059594855 0.16420999 0.98462355
vn -0.44333446 0.5452669 0.7114341
vn -0.029451778 0.9607094 0.27598926
vn 0.016290141 0.40656582 0.9134762
vn -0.058139697 0.091524 0.9941042
vn 0.012030273 0.9692505 0.24578199
vn -0.06411653 0.1516672 0.9863499
vn 0.00325026 0.20454432 0.9788519
vn 0.097341515 0.2898612 0.95210564
vn 0.127676 0.13516359 0.9825628
vn 0.35401228 0.90683043 0.22876592
vn 0.9404533 0.08601869 0.32885927
vn 0.039962817 0.22215332 0.97419244
vn 0.6405776 0.17276828 0.7482055
vn -0.1414983 0.22740912 0.9634642
vn -0.1385262 0.3217077 0.93665075
vn 0.9804447 0.12078125 0.15537064
vn -0.12516011 0.33153227 0.93510497
vn -0.0032082528 0.47396636 0.8805371
vn -0.00032457273 0.37572098 0.9267328
vn -0.02449347 0.22084562 0.97500116
vn 0.05998241 0.8163012 0.5745036
vn -0.024500962 0.88842094 0.4583753
vn 0.041007053 0.59779483 0.80059963
vn 0.3949277 0.07135183 0.91593724
vn 0.5281684 0.78686017 0.31920087
vn -0.07452585 0.3841349 0.92026424
vn -0.22580484 0.6246891 0.747513
vn 0.008946436 0.98638624 -0.16420138
vn -0.89498025 -0.060799856 -0.44194308
vn -0.6729995 0.25973332 -0.692539
vn -0.009922884 -0.16860572 -0.9856336
vn -0.0022110073 0.6487122 -0.7610306
vn 0.00070411485 -0.18385994 -0.9829522
vn 0.0103548905 -0.1413766 -0.9899017
vn -0.81163263 0.33600348 0.47786412
vn -0.13074811 0.38955098 -0.911677
vn -0.106132515 0.036606062 -0.993678
vn -0.1870803 0.7323197 -0.6547586
vn -0.6524221 0.74826 -0.12021832
vn -0.32958195 0.0040611057 -0.94411826
vn -0.10319237 -0.08246503 -0.99123704
vn -0.51352733 -0.08184598 -0.85416096
vn -0.8298755 0.5509296 -0.08822226
vn -0.10572346 0.83439857 -0.54092664
vn -0.020526323 0.9943515 0.10413313
vn -0.018178035 0.7367381 -0.67593384
vn -0.8298755 0.5509296 -0.08822226
vn -0.05795098 0.2950005 -0.9537381
vn -0.51352733 -0.08184598 -0.85416096
vn -0.51013666 0.14396675 0.8479588
vn -0.9981175 0.059839014 -0.013444477
vn -0.31128737 -0.013245313 0.9502235
vn -0.435817 0.052210514 0.8985197
vn -0.16448502 -0.1697048 -0.9716712
vn 0.42414275 -0.045373872 -0.9044579
vn 0.24045423 -0.061700437 -0.9686975
vn -0.435817 0.052210514 0.8985197
vn -0.8298755 0.5509296 -0.08822226
vn 0.42414275 -0.045373872 -0.9044579
vn -0.05795098 0.2950005 -0.9537381
vn 0.36710387 -0.08652515 -0.9261469
vn 0.2292764 -0.053389397 -0.97189605
vn -0.16448502 -0.1697048 -0.9716712
vn 0.24045423 -0.061700437 -0.9686975
vn -0.90636736 0.18562038 0.3795304
vn -0.5579348 0.2581585 0.78870964
vn 0.09505569 0.1536014 0.9835502
vn -0.45473188 0.0011977033 0.89062756
vn 0.2292764 -0.053389397 -0.97189605
vn -0.5579348 0.2581585 0.78870964
vn 0.24045423 -0.061700437 -0.9686975
vn -0.98444444 -0.110583775 -0.13652983
vn -0.6524221 0.74826 -0.12021832
vn -0.31128737 -0.013245313 0.9502235
vn -0.16448502 -0.1697048 -0.9716712
vn 0.42414275 -0.045373872 -0.9044579
vn 0.6238441 0.76863635 0.14148034
vn 0.5725317 0.4465982 -0.6875737
vn -0.10080606 0.92930704 -0.35528377
vn 0.89273053 0.4470139 -0.056663364
vn 0.73610723 0.32737616 -0.5924281
vn 0.64039403 0.4372885 0.63140655
vn 0.91400117 0.39109826 -0.107907556
vn 0.14375363 0.8852231 0.44239685
vn 0.47968495 0.3445359 -0.80696803
vn 0.034066454 0.97242767 -0.23070297
vn -0.029451778 0.9607094 0.27598926
vn -0.8473222 0.52550805 -0.07672228
vn -0.44333446 0.5452669 0.7114341
vn -0.017504 0.97137797 -0.23689327
vn 0.008946436 0.98638624 -0.16420138
vn -0.0022110073 0.6487122 -0.7610306
vn -0.018178035 0.7367381 -0.67593384
vn -0.6729995 0.25973332 -0.692539
vn 0.007024268 0.97439206 -0.22474614
vn -0.10572346 0.83439857 -0.54092664
vn -0.0023824056 0.98718035 -0.15959096
vn 0.012030273 0.9692505 0.24578199
vn -0.020526323 0.9943515 0.10413313
vn 0.11381444 0.9840807 -0.13649713
vn 0.35401228 0.90683043 0.22876592
vn 0.67941445 0.5550874 -0.4798688
vn 0.8710794 0.4596684 0.17299043
vn 0.95206654 0.29928163 -0.06324425
vn 0.50950825 0.7974174 0.32330602
vn -0.007040462 0.99949557 0.030968519
vn 0.7052539 0.58571637 0.39944118
vn -0.20686248 0.97091264 0.120567836
vn -0.22367029 0.97463715 0.0073524276
vn -0.04327976 0.99878895 0.02339759
vn -0.54524004 0.81459534 -0.19785799
vn 0.06410383 0.99786675 0.012357107
vn -0.14784108 0.980285 0.13108912
vn -0.4374672 0.8979066 -0.04884887
vn 0.123095535 0.99031067 0.06428278
vn 0.023424638 0.999274 -0.030046204
vn 0.009173034 0.9970079 -0.07675336
vn -0.2225259 0.9614608 -0.16147843
vn -0.3162948 0.9485734 0.012886035
vn 0.21346694 0.85135955 -0.4791855
vn 0.67450285 0.45139414 -0.58419967
vn -0.45570937 0.65879893 -0.59859246
vn 0.6636849 0.5875642 -0.46291536
vn 0.9043319 0.42236352 0.06158554
vn 0.49863818 0.82967734 0.25098905
vn -0.3080145 0.43118456 -0.84806067
vn 0.016290141 0.40656582 0.9134762
vn -0.5768672 -0.7376236 -0.3509069
vn 0.077588014 -0.97874147 0.18985571
vn -0.3109752 -0.88176715 -0.3546563
vn -0.5119946 -0.8390466 -0.18401732
vn -0.3013319 -0.94264436 0.14359897
vn -0.5114253 -0.45910043 0.7264097
vn -0.2161181 -0.8477514 0.48436615
vn -0.21502183 -0.33886716 0.9159338
vn 0.069705114 -0.9566829 0.28266412
vn 0.8775289 -0.11877486 0.464581
vn 0.10514726 0.8637968 0.4927466
vn 0.33158916 0.8296174 0.44920337
vn -0.19390021 0.7288083 0.6566896
vn -0.017654892 0.9996187 0.021231035
vn 0.19862601 -0.2842896 0.9379377
vn -0.15969709 0.9765792 -0.1441873
vn -0.66452354 -0.58810973 0.46101564
vn -0.1669685 0.44599783 0.8793222
vn -0.6446869 -0.5670134 -0.512713
vn 0.09291969 0.9872633 0.12913977
vn -0.33919352 -0.48289895 0.8073143
vn -0.29673553 -0.954881 0.012257739
vn 0.2513731 0.96548826 0.06814666
vn 0.27240598 -0.94424874 -0.18490356
vn 0.29155833 0.9399801 0.17728844
vn 0.14092131 -0.9529103 0.26852036
vn 0.45598546 0.8292054 0.32325795
vn -0.2166372 -0.82791543 0.5173242
vn 0.056109622 0.8454585 0.5310853
vn 0.05998241 0.8163012 0.5745036
vn -0.21748413 0.848541 0.48236793
vn 0.099490255 0.95583534 0.27655113
vn -0.19292009 0.877143 0.4397749
vn 0.1061248 0.83525693 0.53952146
vn 0.25462827 0.8468525 0.46691042
vn 0.4388078 0.8507511 0.2892581
vn 0.1989662 0.9786352 0.051822834
vn 0.6504945 0.6380923 0.41194072
vn 0.10031795 0.99459475 0.026787931
vn 0.5281684 0.78686017 0.31920087
vn 0.8893698 0.4388662 -0.1281322
vn 0.041007053 0.59779483 0.80059963
vn 0.10525191 0.9799225 -0.1693341
vn 0.5720868 0.81296873 0.10862108
vn 0.21501179 0.9372169 -0.2745805
vn 0.5989234 0.7600637 0.25217834
vn 0.14514303 0.9457785 0.2905797
vn 0.25156224 0.9653233 0.0697661
vn 0.4763534 0.29553446 0.8280983
vn 0.04427861 0.5475407 0.8356067
vn 0.3703508 0.8764627 0.307658
vn 0.21538027 0.9053882 0.36590108
vn 0.30443487 0.9285407 0.21244198
vn 0.22353959 0.79465115 0.56441087
vn 0.7517907 0.41976374 0.5085363
vn 0.30553687 0.91747504 0.25472882
vn 0.62131506 0.7717881 0.13531679
vn 0.056790475 0.9663318 0.2509536
vn -0.08785857 -0.9928862 -0.080360815
vn 0.44298843 0.7330227 0.5161773
vn 0.26439556 0.45370153 0.85102874
vn 0.7855105 0.39351794 0.47761586
vn 0.40069672 0.91142416 0.093531296
vn -0.14368531 0.946747 0.28814006
vn -0.49916983 0.73475504 0.45930874
vn -0.53379816 0.50949365 0.67488945
vn -0.22580484 0.6246891 0.747513
vn -0.1774708 0.80243224 0.5697426
vn -0.024500962 0.88842094 0.4583753
vn -0.10231289 0.8941831 0.4358539
vn 0.40716264 0.8834997 0.23161802
vn 0.09291969 0.9872633 0.12913977
vn 0.10514726 0.8637968 0.4927466
vn 0.05998241 0.8163012 0.5745036
vn -0.21748413 0.848541 0.48236793
vn -0.19390021 0.7288083 0.6566896
vn -0.7092631 -0.6728257 0.21036038
vn -0.33919352 -0.48289895 0.8073143
vn 0.056109622 0.8454585 0.5310853
vn 0.70984906 0.69883543 -0.087996356
vn -0.15969709 0.9765792 -0.1441873
vn 0.10302514 0.9941833 0.031391528
vn 0.2513731 0.96548826 0.06814666
vn -0.19292009 0.877143 0.4397749
vn 0.1061248 0.83525693 0.53952146
vn 0.6738445 -0.55868876 0.48352915
vn 0.55566436 -0.82653975 -0.08982855
vn 0.58402264 -0.81173736 -0.00028065182
vn 0.7900376 -0.17167395 -0.5885309
vn 0.18809786 -0.9697459 0.15560263
vn 0.0769501 -0.26036656 0.9624385
vn -0.024119409 -0.77348626 0.633354
vn -0.2442984 -0.9558544 -0.16328087
vn 0.054472562 -0.9730519 0.22405954
vn -0.39499453 -0.9092034 0.13163769
vn -0.024119409 -0.77348626 0.633354
vn -0.2442984 -0.9558544 -0.16328087
vn -0.13337132 -0.98448455 0.114027575
vn -0.29351398 -0.9559227 -0.007829193
vn -0.5674996 -0.6642794 -0.48649466
vn 0.00069965277 -0.9772174 -0.21223983
vn 0.2758126 -0.91588277 0.2916953
vn -0.057892803 -0.8858982 -0.46025306
vn -0.08383751 -0.99641675 0.011177847
vn 0.55566436 -0.82653975 -0.08982855
vn 0.6738445 -0.55868876 0.48352915
vn 0.7900376 -0.17167395 -0.5885309
vn 0.05930231 -0.91032517 -0.40962344
vn 0.054472562 -0.9730519 0.22405954
vn -0.087489486 -0.9896156 0.1140461
vn -0.24576962 -0.9521036 -0.18192314
vn -0.24712946 -0.9541888 -0.16867338
vn 0.14592649 -0.9148915 -0.37640277
vn 0.15852487 -0.98668027 -0.0364952
vn -0.26597777 -0.9321909 0.24551171
vn 0.4382999 -0.8929563 0.10257798
vn -0.24712946 -0.9541888 -0.16867338
vn -0.21003681 -0.7992127 0.56315506
vn -0.060168788 -0.98985493 0.12871237
vn -0.013124295 -0.9992582 0.036204483
vn -0.054478157 -0.9979387 0.03391941
vn -0.026676077 -0.9995719 0.012016791
vn 0.09594038 -0.9948615 0.032342527
vn -0.050106935 -0.9987438 0.00037063888
vn 0.3651664 -0.8814283 0.29956248
vn -0.12913303 -0.9915977 0.0076598325
vn -0.20143238 -0.9738124 -0.10542485
vn -0.59581435 -0.8009982 -0.05837085
vn -0.8917366 -0.38394016 0.23957415
vn -0.24576962 -0.9521036 -0.18192314
vn 0.42442748 -0.8920773 -0.1551109
vn -0.59479594 -0.7117856 0.3736028
vn 0.086798966 -0.97980803 -0.180117
vn -0.6572747 -0.57056415 0.49238858
vn -0.09909931 -0.9950514 -0.0072134933
vn -0.12576973 -0.708838 -0.69406825
vn 0.14766307 -0.90290725 -0.4036758
vn 0.7542811 -0.51136947 0.41177818
vn -0.60077375 -0.5793926 0.55079496
vn 0.0153030865 0.9792156 -0.20224382
vn 0.7528921 -0.09163475 0.6517335
vn -0.14221686 0.9424924 0.3024606
vn -0.5848252 -0.7465987 0.31712744
vn -0.13074811 0.38955098 -0.911677
vn -0.1870803 0.7323197 -0.6547586
vn 0.16233933 -0.33944193 -0.92651236
vn 0.2730955 0.8715863 -0.4071316
vn 0.10884984 -0.88821036 -0.4463565
vn -0.68416804 0.014496868 0.7291803
vn -0.6524221 0.74826 -0.12021832
vn 0.84916925 0.2567672 0.4614999
vn 0.66552365 0.6130501 0.4257321
vn 0.42849347 0.47235033 0.77024573
vn 0.18809786 -0.9697459 0.15560263
vn 0.11807794 -0.75948745 -0.63971585
vn 0.014070155 -0.19812638 -0.9800755
vn -0.09054519 -0.94337666 -0.31912708
vn -0.2442984 -0.9558544 -0.16328087
vn -0.24315864 0.30680108 0.92018855
vn -0.1774708 0.80243224 0.5697426
vn -0.53379816 0.50949365 0.67488945
vn -0.29673553 -0.954881 0.012257739
vn -0.1669685 0.44599783 0.8793222
vn -0.10231289 0.8941831 0.4358539
vn 0.10822001 -0.8623649 0.49458593
vn 0.33158916 0.8296174 0.44920337
vn 0.40716264 0.8834997 0.23161802
vn 0.10514726 0.8637968 0.4927466
vn -0.4197366 -0.10021154 0.9020969
vn -0.98444444 -0.110583775 -0.13652983
vn -0.51013666 0.14396675 0.8479588
vn -0.51352733 -0.08184598 -0.85416096
vn -0.32958195 0.0040611057 -0.94411826
vn -0.6524221 0.74826 -0.12021832
vn -0.23552337 0.04860861 0.97065234
vn -0.1994841 -0.5809723 -0.78909904
vn -0.435817 0.052210514 0.8985197
vn -0.50005865 0.034696486 0.8652962
vn -0.5579348 0.2581585 0.78870964
vn -0.90636736 0.18562038 0.3795304
vn -0.5872933 -0.02030242 0.80911946
vn -0.038280204 0.8899835 0.4543831
vn 0.26979965 0.23453444 0.9339174
vn 0.6956507 -0.22442336 0.68242526
vn -0.36355487 -0.7575013 0.54223573
vn -0.68416804 0.014496868 0.7291803
vn -0.48599714 0.13026267 0.86419815
vn -0.6524221 0.74826 -0.12021832
vn -0.5579348 0.2581585 0.78870964
vn -0.4197366 -0.10021154 0.9020969
vn -0.51013666 0.14396675 0.8479588
vn -0.47066858 0.32038733 0.82208455
vn -0.6530815 0.48818037 0.57893395
vn -0.20686248 0.97091264 0.120567836
vn -0.8298755 0.5509296 -0.08822226
vn -0.31128737 -0.013245313 0.9502235
vn -0.020526323 0.9943515 0.10413313
vn -0.1742267 -0.06199939 0.9827518
vn -0.9981175 0.059839014 -0.013444477
vn -0.435817 0.052210514 0.8985197
vn -0.90636736 0.18562038 0.3795304
vn -0.23552337 0.04860861 0.97065234
vn 0.09505569 0.1536014 0.9835502
vn -0.48599714 0.13026267 0.86419815
vn -0.6808333 0.05666085 0.73024356
vn -0.5872933 -0.02030242 0.80911946
vn -0.6530815 0.48818037 0.57893395
vn -0.9981175 0.059839014 -0.013444477
vn -0.4197366 -0.10021154 0.9020969
vn -0.23552337 0.04860861 0.97065234
vn -0.05795098 0.2950005 -0.9537381
vn 0.09505569 0.1536014 0.9835502
vn -0.5579348 0.2581585 0.78870964
vn -0.435817 0.052210514 0.8985197
vn -0.45473188 0.0011977033 0.89062756
vn -0.05795098 0.2950005 -0.9537381
vn -0.50005865 0.034696486 0.8652962
vn 0.42414275 -0.045373872 -0.9044579
vn -0.31128737 -0.013245313 0.9502235
vn 0.36710387 -0.08652515 -0.9261469
vn -0.90636736 0.18562038 0.3795304
vn 0.36710387 -0.08652515 -0.9261469
vn -0.50005865 0.034696486 0.8652962
vn 0.2292764 -0.053389397 -0.97189605
vn -0.31128737 -0.013245313 0.9502235
vn -0.1994841 -0.5809723 -0.78909904
vn -0.23552337 0.04860861 0.97065234
vn 0.09505569 0.1536014 0.9835502
vn 0.24045423 -0.061700437 -0.9686975
vn -0.98444444 -0.110583775 -0.13652983
vn -0.6808333 0.05666085 0.73024356
vn -0.038280204 0.8899835 0.4543831
vn -0.5872933 -0.02030242 0.80911946
vn -0.6530815 0.48818037 0.57893395
vn -0.54524004 0.81459534 -0.19785799
vn -0.20686248 0.97091264 0.120567836
vn -0.63899547 0.7653444 -0.07702428
vn -0.22367029 0.97463715 0.0073524276
vn 0.20179717 0.9692146 -0.14107047
vn -0.5065067 0.7280555 -0.46193746
vn 0.007114771 0.9379069 0.34681398
vn 0.14375363 0.8852231 0.44239685
vn -0.4374672 0.8979066 -0.04884887
vn -0.6391649 0.66368127 -0.38858125
vn 0.034066454 0.97242767 -0.23070297
vn -0.2225259 0.9614608 -0.16147843
vn -0.45570937 0.65879893 -0.59859246
vn -0.3162948 0.9485734 0.012886035
vn -0.2259529 0.66389465 -0.71287394
vn 0.21022443 0.2142052 -0.9538982
vn 0.013074906 0.9990931 -0.040521856
vn -0.16917767 -0.45663542 -0.8734203
vn 0.2062313 -0.23607582 -0.94959825
vn -0.45339882 -0.4550036 -0.7664211
vn -0.1878854 -0.7881021 -0.5861691
vn 0.8775289 -0.11877486 0.464581
vn 0.584557 -0.64194345 0.49618712
vn -0.2161181 -0.8477514 0.48436615
vn 0.3233018 -0.27351332 0.9059064
vn -0.21502183 -0.33886716 0.9159338
vn -0.19242491 0.12063584 -0.97386837
vn 0.13281901 -0.74745023 -0.650905
vn 0.01715258 0.66749895 -0.74441314
vn 0.028516755 0.9728938 -0.22948743
vn 0.19404356 -0.6605625 -0.7252615
vn -0.19160803 0.98145217 0.0061636125
vn 0.61519194 0.756692 -0.22126025
vn 0.0973136 0.77480596 -0.6246645
vn 0.4646647 0.6909656 -0.5537628
vn 0.16399388 0.96243286 -0.2164
vn 0.15678638 0.9777959 -0.13904403
vn 0.61236316 0.64620405 -0.4554467
vn 0.09038994 -0.97846144 -0.18558788
vn 0.15678638 0.9777959 -0.13904403
vn 0.9384925 0.3319774 -0.09498856
vn 0.09038994 -0.97846144 -0.18558788
vn 0.042403188 0.9990604 0.008960102
vn 0.15138066 -0.9867095 0.059061877
vn -0.06193553 -0.9666185 -0.24862154
vn 0.086835764 -0.99030805 0.10839497
vn -0.3237931 0.751661 -0.5745987
vn 0.123472124 -0.9329994 -0.33803365
vn -0.3237931 0.751661 -0.5745987
vn -0.06193553 -0.9666185 -0.24862154
vn -0.4307845 0.4141108 -0.8018335
vn -0.5463991 -0.007048907 -0.83749527
vn -0.5597598 0.1430519 -0.8162139
vn 0.26423272 -0.9132839 -0.3099897
vn -0.17287695 0.10299541 -0.9795435
vn 0.38648757 -0.5775574 0.71906525
vn -0.9370185 0.027377024 0.34820512
vn 0.279253 0.8765099 -0.3921073
vn -0.3385104 0.020034654 0.94074935
vn -0.08780554 0.13047412 0.9875559
vn -0.05331328 -0.379413 0.92369014
vn -0.5477516 0.8106205 0.207033
vn -0.8330974 -0.07300228 0.5482877
vn -0.9337605 -0.035159633 0.3561672
vn -0.5767839 -0.45126006 0.68094397
vn 0.7289153 -0.6834298 0.040077783
vn -0.2670898 -0.9069054 0.32586128
vn -0.060168788 -0.98985493 0.12871237
vn -0.34785336 -0.31758755 0.88212025
vn -0.40548915 -0.4829555 0.7761009
vn -0.5192664 -0.6241204 0.58381176
vn -0.29785126 -0.5902659 0.7502471
vn -0.090468645 -0.4483062 0.88929015
vn 0.7448896 -0.2871766 -0.60222006
vn 0.16440983 0.7200136 -0.67420304
vn -0.32366434 0.92400616 -0.2036025
vn 0.61519194 0.756692 -0.22126025
vn -0.39976242 -0.432 -0.8084343
vn 0.22663271 0.9639496 -0.13942277
vn -0.34599665 0.8841302 0.31400663
vn -0.10443135 0.7038369 0.70264333
vn -0.94200486 -0.25566605 -0.21739753
vn -0.34599665 0.8841302 0.31400663
vn 0.61236316 0.64620405 -0.4554467
vn -0.39976242 -0.432 -0.8084343
vn 0.01715258 0.66749895 -0.74441314
vn 0.22663271 0.9639496 -0.13942277
vn -0.10443135 0.7038369 0.70264333
vn 0.6818276 0.34884584 -0.6429756
vn -0.033070937 -0.4358828 -0.89939564
vn -0.32366434 0.92400616 -0.2036025
vn -0.94200486 -0.25566605 -0.21739753
vn -0.630382 0.7204471 0.28909245
vn 0.8556906 0.014547776 -0.51728326
vn -0.34599665 0.8841302 0.31400663
vn -0.94200486 -0.25566605 -0.21739753
vn 0.279253 0.8765099 -0.3921073
vn -0.9370185 0.027377024 0.34820512
vn -0.033070937 -0.4358828 -0.89939564
vn -0.69233906 0.32569122 0.64388806
vn -0.14253925 -0.19423869 -0.9705431
vn 0.13869402 0.7983449 -0.58601135
vn -0.34599665 0.8841302 0.31400663
vn -0.10443135 0.7038369 0.70264333
vn -0.69233906 0.32569122 0.64388806
vn 0.9590032 0.28276604 -0.01887293
vn 0.13869402 0.7983449 -0.58601135
vn 0.93319917 0.3489606 0.08582448
vn -0.9370185 0.027377024 0.34820512
vn -0.39976242 -0.432 -0.8084343
vn 0.16440983 0.7200136 -0.67420304
vn 0.7448896 -0.2871766 -0.60222006
vn 0.028516755 0.9728938 -0.22948743
vn 0.61519194 0.756692 -0.22126025
vn 0.01715258 0.66749895 -0.74441314
vn 0.8556906 0.014547776 -0.51728326
vn -0.32366434 0.92400616 -0.2036025
vn -0.630382 0.7204471 0.28909245
vn 0.8263915 -0.45952556 -0.32544333
vn -0.10443135 0.7038369 0.70264333
vn 0.61519194 0.756692 -0.22126025
vn 0.61236316 0.64620405 -0.4554467
vn -0.14253925 -0.19423869 -0.9705431
vn 0.6818276 0.34884584 -0.6429756
vn -0.94200486 -0.25566605 -0.21739753
vn 0.9590032 0.28276604 -0.01887293
vn 0.13869402 0.7983449 -0.58601135
vn 0.93319917 0.3489606 0.08582448
vn -0.033070937 -0.4358828 -0.89939564
vn -0.34599665 0.8841302 0.31400663
vn 0.61236316 0.64620405 -0.4554467
vn 0.079928845 0.6346001 -0.76869637
vn 0.279253 0.8765099 -0.3921073
vn 0.07878347 0.61792606 -0.7822791
vn 0.61236316 0.64620405 -0.4554467
vn 0.39077666 0.43545634 -0.8109694
vn 0.048579462 0.6989898 -0.7134797
vn -0.5477516 0.8106205 0.207033
vn 0.7289153 -0.6834298 0.040077783
vn 0.3014961 0.23164013 -0.9249016
vn 0.53846586 0.37833914 -0.75293696
vn 0.14918064 0.3747315 -0.9150527
vn 0.1553062 0.54987174 -0.8206833
vn -0.4246299 0.6899618 -0.58621
vn -0.29785126 -0.5902659 0.7502471
vn -0.090468645 -0.4483062 0.88929015
vn 0.5513922 -0.2763526 0.7871441
vn 0.4646647 0.6909656 -0.5537628
vn 0.0973136 0.77480596 -0.6246645
vn 0.93319917 0.3489606 0.08582448
vn 0.38648757 -0.5775574 0.71906525
vn 0.279253 0.8765099 -0.3921073
vn 0.2246543 0.43549958 -0.87170553
vn 0.61236316 0.64620405 -0.4554467
vn 0.7247185 -0.6116891 0.3172058
vn 0.35268897 0.46172726 -0.81389093
vn 0.26423272 -0.9132839 -0.3099897
vn -0.5477516 0.8106205 0.207033
vn 0.22258367 -0.31117192 0.9239202
vn 0.07878347 0.61792606 -0.7822791
vn 0.7289153 -0.6834298 0.040077783
vn 0.53846586 0.37833914 -0.75293696
vn -0.07423146 -0.99717516 -0.011463792
vn 0.05930231 -0.91032517 -0.40962344
vn 0.42442748 -0.8920773 -0.1551109
vn 0.00069965277 -0.9772174 -0.21223983
vn -0.13337132 -0.98448455 0.114027575
vn 0.09594038 -0.9948615 0.032342527
vn 0.7542811 -0.51136947 0.41177818
vn 0.2758126 -0.91588277 0.2916953
vn 0.15852487 -0.98668027 -0.0364952
vn 0.3651664 -0.8814283 0.29956248
vn -0.087489486 -0.9896156 0.1140461
vn 0.4382999 -0.8929563 0.10257798
vn 0.14592649 -0.9148915 -0.37640277
vn -0.24712946 -0.9541888 -0.16867338
vn 0.704617 0.7090984 -0.026348751
vn -0.028903617 0.6513554 -0.7582221
vn -0.6517455 -0.43204275 0.62335134
vn 0.5497931 0.78297377 0.2909976
vn -0.30876282 -0.13775158 -0.9411111
vn -0.25969094 0.45529145 -0.85162807
vn -0.46275204 -0.5653691 -0.6828018
vn -0.29673553 -0.954881 0.012257739
vn -0.5863093 -0.11607642 -0.80172795
vn -0.8175261 0.113603406 -0.5645754
vn -0.09168516 -0.928858 -0.35891047
vn -0.535475 -0.7848703 -0.31184146
vn -0.7481367 -0.5675287 -0.34380606
vn -0.07163716 -0.99016124 -0.120203346
vn -0.0075273393 -0.071497284 -0.9974124
vn 0.60529196 -0.46313402 -0.6474014
vn 0.114034794 0.96303695 -0.24404082
vn -0.20246615 0.7927337 -0.5749615
vn -0.15578705 0.29904023 -0.9414379
vn -0.38627407 0.87519664 -0.29124415
vn 0.042814273 -0.5410284 -0.83991385
vn 0.033567164 -0.07683696 -0.99647844
vn -0.17267916 0.5019189 -0.8475018
vn 0.03957344 0.19453083 -0.9800978
vn 0.17820135 -0.23920105 -0.9544774
vn -0.16888008 0.79182243 -0.58693844
vn 0.080294624 0.46421435 -0.88207585
vn 0.018074851 0.76701546 -0.641374
vn 0.13615163 0.16028038 -0.9776364
vn 0.21159488 -0.2543561 -0.9436793
vn 0.2655692 -0.009226714 -0.9640477
vn -0.047378413 0.4919343 -0.86934227
vn 0.55638564 -0.18135278 -0.8108922
vn 0.43444067 -0.5114296 -0.7414183
vn 0.62831193 0.062358644 -0.7754583
vn 0.16634919 -0.42768583 -0.88848907
vn 0.21396805 -0.13611095 -0.96731144
vn -0.023987433 0.6924954 -0.7210234
vn 0.48309866 -0.8751087 0.028291859
vn 0.31155694 0.3033415 -0.9005089
vn 0.48941562 0.0002973221 0.8720506
vn 0.09883202 0.9411153 0.32331747
vn -0.22689277 0.92384094 -0.3082817
vn -0.13454933 0.7230192 0.67759854
vn 0.8500448 0.4622648 0.25245816
vn 0.114034794 0.96303695 -0.24404082
vn 0.119193554 0.9173892 0.37972355
vn 0.32163826 0.34847623 0.88040507
vn 0.39701396 0.27827096 0.87461144
vn 0.57800055 -0.6054495 0.54712546
vn 0.73044896 -0.5920053 0.3405496
vn 0.55717254 -0.82275844 0.11237136
vn 0.60529196 -0.46313402 -0.6474014
vn 0.9943438 0.09414764 -0.04915906
vn 0.28368208 0.42344737 0.86035854
vn 0.33523193 0.31096497 -0.889337
vn 0.6632679 -0.18821645 -0.72432745
vn 0.35268897 0.46172726 -0.81389093
vn 0.18310864 0.51072174 -0.84002054
vn 0.53846586 0.37833914 -0.75293696
vn 0.4421768 0.59048194 -0.6751376
vn 0.5263628 0.37392116 -0.76362634
vn -0.2259529 0.66389465 -0.71287394
vn 0.21022443 0.2142052 -0.9538982
vn 0.6836264 0.07980103 -0.72545624
vn 0.21346694 0.85135955 -0.4791855
vn -0.45570937 0.65879893 -0.59859246
vn 0.67450285 0.45139414 -0.58419967
vn 0.7445765 0.115629494 -0.6574463
vn 0.6636849 0.5875642 -0.46291536
vn 0.8216095 0.15810098 -0.54768777
vn 0.7608972 0.31729028 -0.5660055
vn 0.9786092 0.19351478 0.069828734
vn 0.9043319 0.42236352 0.06158554
vn 0.65872324 0.44445246 -0.6070796
vn 0.8473467 0.5309945 -0.006957753
vn 0.5856046 0.75901276 -0.28454676
vn 0.3145832 0.9222951 -0.22451985
vn 0.5384359 0.59516275 -0.59654677
vn 0.796302 0.43626714 -0.41901565
vn 0.514098 0.45592633 -0.72652215
vn 0.67520016 0.73547137 -0.056450527
vn 0.7847222 0.58717376 -0.19859006
vn 0.58378375 0.6141021 -0.5311075
vn 0.46555147 -0.29291916 -0.8351408
vn 0.55358523 0.6868395 -0.47095102
vn 0.8804783 0.28554237 -0.3784487
vn 0.68030673 0.51270795 -0.52374923
vn 0.84337217 -0.2896328 -0.4525884
vn 0.8538454 -0.37115192 -0.36495787
vn 0.6988714 -0.36657256 -0.6141688
vn 0.8513694 0.28241184 -0.4420563
vn 0.7002383 0.058213167 -0.7115318
vn 0.30764234 0.9207076 -0.24011195
vn 0.63161904 0.730976 -0.25832444
vn 0.8925161 0.3371419 -0.2995837
vn 0.8374296 0.5440027 0.05265675
vn 0.66170406 0.11594593 -0.7407457
vn 0.8832149 -0.3808267 -0.27368316
vn 0.3336028 0.56702244 -0.7531233
vn 0.038632393 0.81529015 -0.5777625
vn 0.572106 0.6598098 0.48718143
vn 0.6989104 -0.7103 0.08365447
vn -0.7045721 0.6736352 0.22314534
vn 0.2912817 0.77808124 -0.556547
vn 0.5722134 0.3823808 -0.72550446
vn 0.67988676 0.29032016 -0.67340046
vn 0.54367733 0.3862047 -0.7451583
vn 0.5621129 0.61953175 -0.54791373
vn 0.8513694 0.28241184 -0.4420563
vn 0.8374296 0.5440027 0.05265675
vn 0.7043881 0.6329224 -0.3213201
vn 0.8374296 0.5440027 0.05265675
vn 0.40554884 0.7268618 0.5542581
vn 0.67520016 0.73547137 -0.056450527
vn -0.7045721 0.6736352 0.22314534
vn -0.37103602 -0.5544862 -0.7449009
vn 0.7536701 -0.030309927 -0.6565536
vn -0.745083 0.16704462 0.6457147
vn 0.7536701 -0.030309927 -0.6565536
vn -0.7045721 0.6736352 0.22314534
vn 0.35566518 0.28643507 -0.88963884
vn -0.5149491 -0.23017743 0.82573956
vn 0.3645133 0.45198408 -0.81415015
vn -0.20220417 -0.3716324 0.90609205
vn 0.7536701 -0.030309927 -0.6565536
vn 0.35566518 0.28643507 -0.88963884
vn 0.61570835 -0.13179748 0.77687365
vn -0.20220417 -0.3716324 0.90609205
vn 0.3336028 0.56702244 -0.7531233
vn 0.7043881 0.6329224 -0.3213201
vn -0.24624681 -0.69748604 -0.6729604
vn 0.572106 0.6598098 0.48718143
vn 0.90085477 0.41344598 0.13237502
vn 0.82549584 0.5636413 -0.029412271
vn 0.114034794 0.96303695 -0.24404082
vn 0.32163826 0.34847623 0.88040507
vn -0.32976434 0.7031389 0.62996125
vn -0.20246615 0.7927337 -0.5749615
vn -0.38627407 0.87519664 -0.29124415
vn -0.46784687 0.8670435 -0.1713326
vn -0.42939493 0.74705714 0.5074699
vn -0.17267916 0.5019189 -0.8475018
vn -0.16888008 0.79182243 -0.58693844
vn -0.26717004 0.7502787 0.60473305
vn -0.13454933 0.7230192 0.67759854
vn -0.18659513 0.4272587 0.8846651
vn 0.42442748 -0.8920773 -0.1551109
vn -0.0033614847 -0.9984782 0.05504598
vn -0.07423146 -0.99717516 -0.011463792
vn 0.086798966 -0.97980803 -0.180117
vn 0.14766307 -0.90290725 -0.4036758
vn -0.034612987 -0.91364706 -0.40503207
vn -0.12576973 -0.708838 -0.69406825
vn -0.42764413 -0.7049567 -0.56582373
vn -0.20143238 -0.9738124 -0.10542485
vn 0.33375046 -0.9398228 0.07310073
vn -0.59581435 -0.8009982 -0.05837085
vn 0.60529196 -0.46313402 -0.6474014
vn -0.0075273393 -0.071497284 -0.9974124
vn 0.14482014 -0.9891695 -0.0238941
vn 0.042814273 -0.5410284 -0.83991385
vn 0.55717254 -0.82275844 0.11237136
vn 0.15958838 -0.97913 -0.125841
vn 0.17760327 -0.74097455 -0.64762163
vn -0.28652042 -0.3216043 0.90248364
vn 0.033567164 -0.07683696 -0.99647844
vn 0.22212084 -0.66844124 -0.70982295
vn 0.17820135 -0.23920105 -0.9544774
vn 0.20281385 -0.12229494 -0.9715506
vn 0.27155584 -0.5336916 -0.80089366
vn 0.1258007 -0.93309605 -0.3369064
vn -0.14418566 -0.8972073 -0.41740805
vn 0.21159488 -0.2543561 -0.9436793
vn -0.29577005 -0.5868346 -0.7537541
vn 0.16634919 -0.42768583 -0.88848907
vn 0.6735584 -0.22205715 -0.70498914
vn 0.32163826 0.34847623 0.88040507
vn 0.55717254 -0.82275844 0.11237136
vn 0.14482014 -0.9891695 -0.0238941
vn -0.046543457 -0.2623839 0.9638404
vn -0.031637877 -0.86732346 0.49673846
vn 0.15958838 -0.97913 -0.125841
vn 0.23509258 -0.75061786 0.61749846
vn -0.28652042 -0.3216043 0.90248364
vn 0.19255002 -0.93302065 0.30396858
vn 0.13340257 -0.45923465 0.878241
vn -0.15852746 -0.18119757 0.97058564
vn -0.2592871 -0.71580917 -0.64837295
vn -0.8765967 -0.4656504 0.12144114
vn -0.053784292 0.85119736 0.5220827
vn -0.024615787 -0.7073541 -0.7064306
vn -0.3080145 0.43118456 -0.84806067
vn -0.3162948 0.9485734 0.012886035
vn -0.4374672 0.8979066 -0.04884887
vn -0.14784108 0.980285 0.13108912
vn -0.14784108 0.980285 0.13108912
vn -0.021870574 0.97780055 0.2083932
vn -0.3162948 0.9485734 0.012886035
vn -0.14784108 0.980285 0.13108912
vn 0.11278896 0.9926244 -0.044445746
vn -0.021870574 0.97780055 0.2083932
vn -0.3162948 0.9485734 0.012886035
vn 0.11278896 0.9926244 -0.044445746
vn -0.3080145 0.43118456 -0.84806067
vn -0.3162948 0.9485734 0.012886035
vn -0.36965385 0.06882097 0.9266173
vn -0.14784108 0.980285 0.13108912
vn -0.031584937 -0.999244 0.022668133
vn -0.29673553 -0.954881 0.012257739
vn -0.46275204 -0.5653691 -0.6828018
vn -0.66452354 -0.58810973 0.46101564
vn -0.09168516 -0.928858 -0.35891047
vn 0.215569 -0.97370404 -0.07369167
vn 0.19862601 -0.2842896 0.9379377
vn 0.27240598 -0.94424874 -0.18490356
vn 0.14092131 -0.9529103 0.26852036
vn -0.14951415 -0.9686023 0.19863316
vn 0.29155833 0.9399801 0.17728844
vn -0.2166372 -0.82791543 0.5173242
vn 0.056109622 0.8454585 0.5310853
vn -0.33919352 -0.48289895 0.8073143
vn -0.3707445 -0.5261779 0.7653008
vn 0.704617 0.7090984 -0.026348751
vn -0.6517455 -0.43204275 0.62335134
vn 0.5497931 0.78297377 0.2909976
vn -0.028903617 0.6513554 -0.7582221
vn -0.71394825 -0.49008384 -0.5000957
vn -0.22863707 -0.06688985 0.971211
vn -0.8765967 -0.4656504 0.12144114
vn -0.36965385 0.06882097 0.9266173
vn -0.3080145 0.43118456 -0.84806067
vn 0.027475232 0.03339024 0.9990647
vn 0.40809944 0.31858045 0.8555474
vn 0.40773436 0.8369691 0.36501428
vn -0.053784292 0.85119736 0.5220827
vn -0.8765967 -0.4656504 0.12144114
vn -0.2592871 -0.71580917 -0.64837295
vn 0.8119979 0.53158295 -0.24099584
vn -0.1742267 -0.06199939 0.9827518
vn -0.98444444 -0.110583775 -0.13652983
vn -0.4197366 -0.10021154 0.9020969
vn -0.05795098 0.2950005 -0.9537381
vn -0.9981175 0.059839014 -0.013444477
vn -0.23552337 0.04860861 0.97065234
vn -0.98444444 -0.110583775 -0.13652983
vn -0.1742267 -0.06199939 0.9827518
vn 0.26422375 0.2770769 -0.9238042
vn -0.36965385 0.06882097 0.9266173
vn -0.23741154 -0.0436659 -0.9704273
vn -0.024615787 -0.7073541 -0.7064306
vn -0.2592871 -0.71580917 -0.64837295
vn 0.40773436 0.8369691 0.36501428
vn 0.8119979 0.53158295 -0.24099584
vn 0.76631975 -0.60887486 -0.20500107
vn -0.3080145 0.43118456 -0.84806067
vn 0.26422375 0.2770769 -0.9238042
vn -0.14784108 0.980285 0.13108912
vn -0.21682966 -0.019992642 -0.9760047
vn -0.23741154 -0.0436659 -0.9704273
vn 0.7023907 -0.0074330736 -0.71175283
vn -0.65847945 0.7296051 -0.18461119
vn 0.6827572 -0.65546614 -0.32281074
vn 0.08432258 0.74924904 -0.65689844
vn 0.123095535 0.99031067 0.06428278
vn -0.6475108 -0.16339573 -0.74433297
vn 0.110586725 0.09124897 -0.9896687
vn -0.30876282 -0.13775158 -0.9411111
vn 0.018535705 -0.3049523 -0.95218724
vn -0.89414346 0.2956903 0.33626586
vn -0.21682966 -0.019992642 -0.9760047
vn 0.123095535 0.99031067 0.06428278
vn 0.009173034 0.9970079 -0.07675336
vn 0.018535705 -0.3049523 -0.95218724
vn -0.89414346 0.2956903 0.33626586
vn 0.73859155 0.58912426 0.32774237
vn 0.110586725 0.09124897 -0.9896687
vn 0.8119979 0.53158295 -0.24099584
vn -0.8765967 -0.4656504 0.12144114
vn -0.23741154 -0.0436659 -0.9704273
vn -0.71394825 -0.49008384 -0.5000957
vn 0.5497931 0.78297377 0.2909976
vn -0.38032654 -0.8922254 0.2434863
vn 0.40809944 0.31858045 0.8555474
vn -0.6475108 -0.16339573 -0.74433297
vn -0.30876282 -0.13775158 -0.9411111
vn -0.38032654 -0.8922254 0.2434863
vn 0.110586725 0.09124897 -0.9896687
vn -0.30876282 -0.13775158 -0.9411111
vn -0.028903617 0.6513554 -0.7582221
vn -0.71394825 -0.49008384 -0.5000957
vn -0.9352965 -0.22672911 0.27168816
vn -0.8586234 -0.19587438 0.47370788
vn -0.8675194 -0.22352147 0.44435155
vn -0.5130917 -0.63213307 0.5806416
vn -0.6572747 -0.57056415 0.49238858
vn -0.6855782 -0.23827358 0.6879013
vn -0.6784833 -0.17103973 0.7144269
vn -0.7320281 -0.16608423 0.66071993
vn -0.6266307 -0.45472708 0.6328959
vn -0.54256773 -0.55780053 0.6280755
vn -0.6766762 -0.19523324 0.7099249
vn -0.4101172 -0.21587767 0.88611555
vn -0.21003681 -0.7992127 0.56315506
vn -0.33927244 -0.7121775 0.6145709
vn -0.26597777 -0.9321909 0.24551171
vn -0.06166729 -0.9303631 0.36141613
vn -0.35908383 -0.27481887 -0.89192677
vn -0.65576994 -0.6861716 0.3148561
vn 0.23425826 -0.23022759 0.9445202
vn 0.9057458 0.1297072 0.4034856
vn -0.76408213 -0.04081816 0.64382637
vn -0.7720965 -0.05855736 0.6328017
vn 0.91954446 -0.2427929 0.30901396
vn -0.63260204 -0.6139692 0.47207674
vn -0.5130917 -0.63213307 0.5806416
vn -0.60077375 -0.5793926 0.55079496
vn -0.59479594 -0.7117856 0.3736028
vn -0.8917366 -0.38394016 0.23957415
vn -0.6572747 -0.57056415 0.49238858
vn -0.8286991 -0.5132041 -0.22333692
vn -0.8586234 -0.19587438 0.47370788
vn 0.8678307 -0.05606226 0.4936871
vn -0.05795098 0.2950005 -0.9537381
vn -0.1994841 -0.5809723 -0.78909904
vn -0.98444444 -0.110583775 -0.13652983
vn -0.435817 0.052210514 0.8985197
vn -0.1742267 -0.06199939 0.9827518
vn -0.05795098 0.2950005 -0.9537381
vn -0.23552337 0.04860861 0.97065234
vn -0.98444444 -0.110583775 -0.13652983
vn 0.53846586 0.37833914 -0.75293696
vn 0.5263628 0.37392116 -0.76362634
vn 0.1553062 0.54987174 -0.8206833
vn 0.2912817 0.77808124 -0.556547
vn 0.41837096 0.35329965 -0.83674675
vn 0.5722134 0.3823808 -0.72550446
vn 0.45808172 0.21519175 -0.8624695
vn 0.1016594 0.58452004 -0.8049855
vn 0.5037329 0.4989434 -0.70520115
vn 0.67988676 0.29032016 -0.67340046
vn 0.5621129 0.61953175 -0.54791373
vn 0.71978 0.10176661 -0.6867025
vn -0.4307845 0.4141108 -0.8018335
vn -0.06193553 -0.9666185 -0.24862154
vn -0.07037857 -0.9483565 0.30930054
vn 0.24045423 -0.061700437 -0.9686975
vn -0.16448502 -0.1697048 -0.9716712
vn -0.435817 0.052210514 0.8985197
vn -0.3555199 -0.6879931 0.6326698
vn -0.06193553 -0.9666185 -0.24862154
vn -0.47498 -0.72009677 0.50582075
vn 0.2292764 -0.053389397 -0.97189605
vn 0.24045423 -0.061700437 -0.9686975
vn -0.45473188 0.0011977033 0.89062756
vn -0.50005865 0.034696486 0.8652962
vn -0.22863707 -0.06688985 0.971211
vn 0.5497931 0.78297377 0.2909976
vn -0.3707445 -0.5261779 0.7653008
vn -0.38032654 -0.8922254 0.2434863
vn 0.110586725 0.09124897 -0.9896687
vn 0.40809944 0.31858045 0.8555474
vn -0.6475108 -0.16339573 -0.74433297
vn -0.36965385 0.06882097 0.9266173
vn -0.14784108 0.980285 0.13108912
vn 0.76631975 -0.60887486 -0.20500107
vn -0.23741154 -0.0436659 -0.9704273
vn 0.09291969 0.9872633 0.12913977
vn -0.10231289 0.8941831 0.4358539
vn -0.6446869 -0.5670134 -0.512713
vn 0.10822001 -0.8623649 0.49458593
vn 0.70984906 0.69883543 -0.087996356
vn 0.40716264 0.8834997 0.23161802
vn -0.15969709 0.9765792 -0.1441873
vn 0.39954582 0.46147764 0.79208684
vn -0.30876282 -0.13775158 -0.9411111
vn 0.5497931 0.78297377 0.2909976
vn -0.89414346 0.2956903 0.33626586
vn 0.40809944 0.31858045 0.8555474
vn 0.73859155 0.58912426 0.32774237
vn 0.4646647 0.6909656 -0.5537628
vn 0.1553062 0.54987174 -0.8206833
vn 0.71978 0.10176661 -0.6867025
vn 0.15138066 -0.9867095 0.059061877
vn 0.9384925 0.3319774 -0.09498856
vn 0.16399388 0.96243286 -0.2164
vn 0.15678638 0.9777959 -0.13904403
vn 0.8119979 0.53158295 -0.24099584
vn -0.36965385 0.06882097 0.9266173
vn 0.26422375 0.2770769 -0.9238042
vn -0.23741154 -0.0436659 -0.9704273
vn 0.76631975 -0.60887486 -0.20500107
vn 0.027475232 0.03339024 0.9990647
vn -0.21682966 -0.019992642 -0.9760047
vn 0.0073072733 -0.15521464 0.98785377
vn -0.14784108 0.980285 0.13108912
vn -0.65847945 0.7296051 -0.18461119
vn -0.63805676 0.7021202 0.3160868
vn 0.7023907 -0.0074330736 -0.71175283
vn 0.08432258 0.74924904 -0.65689844
vn 0.7350919 -0.64503086 0.20874642
vn 0.009173034 0.9970079 -0.07675336
vn 0.8119979 0.53158295 -0.24099584
vn 0.027475232 0.03339024 0.9990647
vn -0.36965385 0.06882097 0.9266173
vn -0.23741154 -0.0436659 -0.9704273
vn -0.018021116 -0.99849826 0.051735006
vn -0.33935413 -0.8352845 0.43259525
vn -0.5543456 -0.3956133 0.7322507
vn -0.9105092 0.38333037 -0.15501851
vn -0.055615485 -0.6555382 -0.75311124
vn -0.2106875 -0.3963938 -0.8935786
vn 0.65172464 -0.6591192 0.3752557
vn 0.0073072733 -0.15521464 0.98785377
vn -0.14784108 0.980285 0.13108912
vn 0.123095535 0.99031067 0.06428278
vn 0.6827572 -0.65546614 -0.32281074
vn 0.7350919 -0.64503086 0.20874642
vn 0.08432258 0.74924904 -0.65689844
vn -0.63805676 0.7021202 0.3160868
vn 0.65172464 -0.6591192 0.3752557
vn 0.10692352 -0.9874936 -0.11586102
vn -0.2106875 -0.3963938 -0.8935786
vn -0.9105092 0.38333037 -0.15501851
vn -0.33935413 -0.8352845 0.43259525
vn 0.19193815 -0.9572178 -0.21654987
vn 0.39954582 0.46147764 0.79208684
vn 0.40809944 0.31858045 0.8555474
vn 0.7023907 -0.0074330736 -0.71175283
vn 0.027475232 0.03339024 0.9990647
vn 0.018535705 -0.3049523 -0.95218724
vn 0.73859155 0.58912426 0.32774237
vn -0.14956808 -0.9138179 0.37757954
vn -0.0826065 -0.8069215 0.5848537
vn -0.12525794 -0.4597648 -0.87916255
vn 0.31146082 -0.93935096 0.14356858
vn -0.20669846 -0.42614952 0.88072264
vn 0.3586099 -0.25303015 -0.8985403
vn 0.4970288 -0.7457379 0.44366357
vn -0.6983743 0.417937 -0.5810353
vn -0.4307845 0.4141108 -0.8018335
vn 0.1016594 0.58452004 -0.8049855
vn -0.038447253 0.9384443 -0.34328416
vn 0.5037329 0.4989434 -0.70520115
vn -0.03982695 0.26614577 -0.9631097
vn 0.1641855 0.8982014 -0.4077712
vn 0.36258736 0.906148 -0.21777557
vn 0.4846297 0.80906135 -0.33249637
vn 0.8925161 0.3371419 -0.2995837
vn 0.58999413 0.76292616 -0.2642926
vn 0.5621129 0.61953175 -0.54791373
vn -0.30643097 -0.9504713 -0.052004516
vn -0.59623134 -0.7980553 -0.0872692
vn 0.63161904 0.730976 -0.25832444
vn 0.68030673 0.51270795 -0.52374923
vn -0.16657864 -0.9703496 0.17513756
vn -0.06193553 -0.9666185 -0.24862154
vn 0.48758417 -0.8722866 -0.03711821
vn 0.66249907 -0.44524708 -0.6023704
vn 0.42640448 -0.8327147 -0.3532216
vn -0.070988044 -0.9474131 0.31204027
vn -0.07907301 -0.7875822 -0.61111516
vn -0.5082429 -0.8060875 -0.30317008
vn 0.588026 0.2753817 -0.7605198
vn -0.14007315 0.28027123 0.949646
vn -0.15383211 0.84341305 -0.5147719
vn 0.4025135 -0.43529204 0.8052973
vn -0.019983968 0.21991085 -0.9753153
vn 0.005345379 -0.045658585 -0.9989428
vn -0.41698945 0.14816433 -0.89675367
vn -0.39246124 -0.881258 0.26336
vn -0.45826262 -0.28774452 -0.8409509
vn -0.3508188 0.827008 -0.43929932
vn -0.42262754 0.2507171 -0.8709345
vn -0.74571013 -0.03947489 -0.66510004
vn -0.6397148 0.07722137 -0.76472336
vn -0.19125631 -0.98139817 -0.016694076
vn 0.6767663 0.41439003 -0.6084968
vn -0.2929654 -0.9556613 -0.029710567
vn -0.81450427 -0.2291216 -0.5329973
vn -0.41698945 0.14816433 -0.89675367
vn -0.74571013 -0.03947489 -0.66510004
vn -0.52872723 -0.642494 -0.5546611
vn -0.6659789 -0.31332234 -0.6769795
vn -0.6250683 -0.6826649 -0.3784947
vn -0.98553216 -0.11396238 -0.12545475
vn -0.84901273 -0.52837145 -0.0009819116
vn -0.3781404 -0.68064046 -0.62748575
vn -0.52588767 -0.093548514 -0.8453939
vn -0.49652869 -0.07952223 -0.86437
vn -0.38440323 -0.5063571 -0.7719046
vn -0.5466203 -0.296521 -0.7831229
vn -0.2639407 -0.27116698 -0.92563695
vn -0.2106875 -0.3963938 -0.8935786
vn -0.014651091 -0.96231943 0.27152646
vn -0.30180955 -0.40510014 -0.8630208
vn -0.6397148 0.07722137 -0.76472336
vn -0.79014885 -0.37461543 -0.48510623
vn -0.7021307 -0.68875825 -0.18062277
vn -0.42262754 0.2507171 -0.8709345
vn 0.2691585 -0.9015889 -0.33866078
vn -0.91336715 -0.21030171 -0.34861666
vn -0.45826262 -0.28774452 -0.8409509
vn -0.9650826 -0.22809763 0.12879075
vn -0.7983769 0.49588317 0.34160534
vn -0.15383211 0.84341305 -0.5147719
vn -0.14007315 0.28027123 0.949646
vn -0.11742582 -0.23163179 -0.9656904
vn 0.2855452 0.58545136 -0.758756
vn -0.20653757 0.050737273 0.9771223
vn 0.46456692 -0.8362731 -0.29124716
vn -0.019983968 0.21991085 -0.9753153
vn -0.15969709 0.9765792 -0.1441873
vn -0.21082424 -0.4017442 -0.89115363
vn -0.017654892 0.9996187 0.021231035
vn -0.19292009 0.877143 0.4397749
vn -0.7092631 -0.6728257 0.21036038
vn -0.21748413 0.848541 0.48236793
vn 0.10302514 0.9941833 0.031391528
vn 0.056109622 0.8454585 0.5310853
vn 0.45598546 0.8292054 0.32325795
vn 0.2513731 0.96548826 0.06814666
vn -0.4307845 0.4141108 -0.8018335
vn -0.6983743 0.417937 -0.5810353
vn -0.5463991 -0.007048907 -0.83749527
vn -0.03982695 0.26614577 -0.9631097
vn 0.123472124 -0.9329994 -0.33803365
vn 0.44423318 -0.008869714 -0.8958673
vn -0.3237931 0.751661 -0.5745987
vn 0.1641855 0.8982014 -0.4077712
vn -0.07738011 -0.9929091 0.09024333
vn 0.045118686 -0.9454851 0.3225247
vn 0.8925161 0.3371419 -0.2995837
vn 0.4846297 0.80906135 -0.33249637
vn 0.19255002 -0.93302065 0.30396858
vn -0.16329135 0.06468397 0.9844551
vn -0.031637877 -0.86732346 0.49673846
vn -0.2901499 0.2471987 0.924503
vn -0.07165128 0.08835256 0.9935089
vn 0.7764303 -0.3027263 0.55273205
vn 0.7371326 -0.09456481 -0.6690986
vn -0.3637266 0.39337823 0.84436756
vn -0.45851728 -0.45771664 0.7617463
vn 0.6999832 -0.6792614 0.2205164
vn 0.55081743 -0.21304584 -0.80697685
vn 0.050320607 -0.5114827 -0.8578189
vn -0.06166729 -0.9303631 0.36141613
vn -0.6266307 -0.45472708 0.6328959
vn -0.35908383 -0.27481887 -0.89192677
vn -0.9603513 -0.10039431 -0.26008907
vn -0.5667193 -0.78487104 -0.25061256
vn -0.6088759 -0.18876065 -0.7704801
vn -0.65576994 -0.6861716 0.3148561
vn -0.54552937 -0.6796306 0.49040803
vn -0.5082429 -0.8060875 -0.30317008
vn -0.1510211 -0.85069656 -0.50349575
vn 0.19139965 -0.8012208 -0.5669316
vn -0.5195344 -0.78910697 -0.32771057
vn -0.32973883 -0.8128059 -0.48022795
vn -0.30643097 -0.9504713 -0.052004516
vn -0.15812483 -0.84107095 0.51729697
vn 0.84337217 -0.2896328 -0.4525884
vn -0.73448277 -0.008527276 0.6785738
vn -0.45851728 -0.45771664 0.7617463
vn 0.7764303 -0.3027263 0.55273205
vn -0.3637266 0.39337823 0.84436756
vn -0.73448277 -0.008527276 0.6785738
vn -0.9603513 -0.10039431 -0.26008907
vn 0.050320607 -0.5114827 -0.8578189
vn 0.6999832 -0.6792614 0.2205164
vn 0.2513731 0.96548826 0.06814666
vn -0.017654892 0.9996187 0.021231035
vn -0.21082424 -0.4017442 -0.89115363
vn -0.7092631 -0.6728257 0.21036038
vn 0.1061248 0.83525693 0.53952146
vn 0.8852722 0.19113769 0.4239805
vn 0.8043115 -0.14741962 -0.5756304
vn 0.85508496 0.32608888 0.4031076
vn 0.8710794 0.4596684 0.17299043
vn 0.9060332 -0.09710431 -0.41191575
vn 0.9581595 -0.075816706 -0.27601117
vn 0.89261085 0.15128186 0.4246878
vn 0.8893698 0.4388662 -0.1281322
vn 0.5720868 0.81296873 0.10862108
vn 0.99962854 -0.006251376 0.02652783
vn 0.9804447 0.12078125 0.15537064
vn 0.6405776 0.17276828 0.7482055
vn 0.5281684 0.78686017 0.31920087
vn 0.3949277 0.07135183 0.91593724
vn 0.9404533 0.08601869 0.32885927
vn 0.99933857 0.026803723 0.024576541
vn 0.95206654 0.29928163 -0.06324425
vn 0.67941445 0.5550874 -0.4798688
vn 0.35401228 0.90683043 0.22876592
vn 0.11381444 0.9840807 -0.13649713
vn 0.6311539 -0.16330615 -0.75827163
vn 0.50950825 0.7974174 0.32330602
vn 0.8710794 0.4596684 0.17299043
vn 0.8629248 0.25493172 0.43631482
vn 0.8852722 0.19113769 0.4239805
vn 0.7052539 0.58571637 0.39944118
vn 0.88193154 0.19860323 0.42749676
vn 0.84431934 0.40261683 0.35358807
vn 0.49863818 0.82967734 0.25098905
vn 0.9043319 0.42236352 0.06158554
vn 0.9786092 0.19351478 0.069828734
vn 0.8473467 0.5309945 -0.006957753
vn 0.68153745 0.64240277 0.35046458
vn 0.85508496 0.32608888 0.4031076
vn 0.39953625 0.73714256 0.5449693
vn 0.50192136 0.2041602 0.8404722
vn 0.56853247 0.5380686 0.6222966
vn 0.36631647 0.9115417 0.18682596
vn 0.7932414 0.5795253 0.18686515
vn 0.7855105 0.39351794 0.47761586
vn 0.26439556 0.45370153 0.85102874
vn 0.4763534 0.29553446 0.8280983
vn 0.89261085 0.15128186 0.4246878
vn 0.14514303 0.9457785 0.2905797
vn 0.5720868 0.81296873 0.10862108
vn -0.7092631 -0.6728257 0.21036038
vn -0.19390021 0.7288083 0.6566896
vn 0.19862601 -0.2842896 0.9379377
vn 0.1061248 0.83525693 0.53952146
vn 0.25462827 0.8468525 0.46691042
vn 0.45427755 0.2881335 0.84297746
vn -0.21450108 -0.9707342 0.10800196
vn 0.6504945 0.6380923 0.41194072
vn 0.42075038 -0.8212142 0.38545597
vn 0.81623995 -0.570101 0.09347306
vn 0.896584 0.32392645 0.30200797
vn -0.58033925 -0.75432694 -0.30691573
vn 0.4388078 0.8507511 0.2892581
vn 0.7517907 0.41976374 0.5085363
vn 0.33779025 -0.8580294 0.38688922
vn 0.5989234 0.7600637 0.25217834
vn 0.3703508 0.8764627 0.307658
vn -0.08785857 -0.9928862 -0.080360815
vn 0.22353959 0.79465115 0.56441087
vn 0.15812026 -0.45679733 0.87540513
vn 0.4970288 -0.7457379 0.44366357
vn -0.20773795 -0.48792228 -0.84780705
vn -0.19858645 -0.76902425 -0.6075896
vn 0.106386945 -0.28454044 0.95274264
vn -0.20681205 -0.74014014 0.6398604
vn -0.0766758 -0.39937568 -0.91357535
vn 0.2711004 -0.068864316 -0.9600845
vn 0.48145977 -0.32856542 -0.81255233
vn -0.04827201 -0.48514742 0.87309897
vn -0.035562463 -0.83260167 -0.5527294
vn -0.14029859 -0.97516656 -0.17136638
vn -0.52203006 -0.67361444 -0.5231904
vn -0.56567985 -0.77983105 -0.26808545
vn -0.13861585 -0.81988925 -0.55548835
vn -0.42682496 -0.82385087 -0.37294802
vn -0.58033925 -0.75432694 -0.30691573
vn -0.21450108 -0.9707342 0.10800196
vn 0.42075038 -0.8212142 0.38545597
vn 0.19862601 -0.2842896 0.9379377
vn 0.81623995 -0.570101 0.09347306
vn -0.82420313 -0.48290995 -0.29578224
vn 0.33779025 -0.8580294 0.38688922
vn -0.6621911 -0.7450853 -0.07969213
vn -0.8156137 -0.57798785 0.026539475
vn -0.12534028 -0.9920873 -0.00725478
vn -0.28756177 -0.9091941 0.30112177
vn -0.85696286 -0.2943813 0.42302993
vn -0.40902194 -0.5744549 0.70901525
vn 0.05231362 -0.98611265 -0.1576235
vn -0.08785857 -0.9928862 -0.080360815
vn 0.44945008 -0.7353796 -0.50716025
vn 0.12195851 -0.8009821 -0.58613455
vn -0.51319885 -0.6836796 -0.5188537
vn -0.22985445 -0.96435547 -0.13109325
vn 0.21815307 -0.91028565 -0.35183695
vn -0.26421347 -0.96352404 0.042575102
vn -0.69212496 -0.72168356 -0.011659407
vn -0.23518485 -0.79701006 0.556294
vn -0.32241887 -0.9369404 0.13486573
vn -0.1510211 -0.85069656 -0.50349575
vn 0.047500823 -0.38887236 0.9200663
vn -0.5195344 -0.78910697 -0.32771057
vn -0.15812483 -0.84107095 0.51729697
vn -0.65576994 -0.6861716 0.3148561
vn 0.11161813 -0.14042157 0.98378
vn -0.3385698 -0.48526588 0.80615604
vn 0.12619995 -0.47310993 0.8719177
vn 0.51099056 -0.15693688 0.8451387
vn 0.76243377 -0.31770414 0.563701
vn 0.11161813 -0.14042157 0.98378
vn 0.91954446 -0.2427929 0.30901396
vn -0.7720965 -0.05855736 0.6328017
vn 0.88919955 -0.10050651 -0.44634357
vn 0.8678307 -0.05606226 0.4936871
vn 0.31835708 -0.60594666 0.729025
vn 0.9057458 0.1297072 0.4034856
vn -0.5130917 -0.63213307 0.5806416
vn 0.12619995 -0.47310993 0.8719177
vn -0.54256773 -0.55780053 0.6280755
vn -0.65576994 -0.6861716 0.3148561
vn -0.15926977 -0.31499013 0.9356358
vn -0.6970964 0.029712928 0.71636146
vn -0.51962674 -0.69270307 0.50015056
vn 0.23425826 -0.23022759 0.9445202
vn -0.7000159 -0.37157077 0.6098466
vn -0.9365594 -0.033646993 0.3488902
vn 0.23425826 -0.23022759 0.9445202
vn -0.8675194 -0.22352147 0.44435155
vn -0.8586234 -0.19587438 0.47370788
vn 0.72681475 -0.6053184 -0.32454565
vn 0.8678307 -0.05606226 0.4936871
vn -0.6572747 -0.57056415 0.49238858
vn -0.8675194 -0.22352147 0.44435155
vn -0.7720965 -0.05855736 0.6328017
vn -0.18378131 -0.90516305 -0.3832809
vn -0.37462676 -0.8419655 -0.3882639
vn -0.77786624 -0.6218643 -0.09060314
vn -0.7641377 -0.6449906 0.008986138
vn 0.4005192 -0.88089645 -0.252202
vn -0.4431415 -0.8843992 -0.14650486
vn -0.44298807 -0.8574572 0.26177981
vn 0.9785901 0.16860925 0.11803577
vn -0.948132 -0.25830835 -0.1852633
vn 0.39463466 -0.886382 0.2420547
vn -0.0042514885 -0.9331801 0.35938403
vn -0.19125631 -0.98139817 -0.016694076
vn 0.24365659 -0.9489683 -0.20022647
vn -0.9119986 -0.23629819 -0.33529344
vn -0.22197556 -0.967686 0.11962695
vn 0.063533485 -0.9003451 -0.43051395
vn -0.27138197 -0.75977856 -0.59083706
vn -0.27286306 -0.9545481 -0.1199319
vn 0.40362972 -0.7605504 -0.50857264
vn -0.26111037 0.14653203 -0.9541225
vn 0.30752397 -0.9224243 -0.23358586
vn 0.2691585 -0.9015889 -0.33866078
vn -0.45826262 -0.28774452 -0.8409509
vn -0.08529223 -0.9065584 0.4133728
vn -0.7021307 -0.68875825 -0.18062277
vn -0.50816584 -0.82885367 0.23402797
vn 0.052747786 -0.99841344 -0.019704122
vn -0.2929654 -0.9556613 -0.029710567
vn 0.05231362 -0.98611265 -0.1576235
vn 0.46580568 -0.85628676 -0.22315484
vn -0.8156137 -0.57798785 0.026539475
vn 0.043366693 -0.97571766 -0.21469611
vn -0.025299275 -0.97879845 0.20325738
vn 0.27882203 -0.894793 0.34871736
vn -0.02428384 -0.9987194 -0.044382844
vn -0.36809272 0.37797073 -0.84949744
vn 0.27471665 -0.82714546 -0.4902664
vn -0.4296322 0.48223773 -0.7634546
vn -0.07783907 -0.9969331 -0.008088453
vn -0.29461354 -0.9520458 0.08253271
vn 0.42370006 0.07888775 0.9023608
vn 0.012250699 0.8557014 -0.5173249
vn -0.075986855 -0.9957115 -0.052769717
vn -0.08408037 -0.99454606 -0.061714172
vn 0.90275806 0.2508251 0.34944904
vn 0.3800477 -0.90565526 0.18802205
vn -0.22985445 -0.96435547 -0.13109325
vn 0.023676313 -0.9996987 -0.006479657
vn 0.12739933 -0.9907876 0.04592707
vn 0.89052236 -0.40909317 -0.19902945
vn 0.056790475 0.9663318 0.2509536
vn -0.08785857 -0.9928862 -0.080360815
vn 0.6519415 -0.7384104 -0.1724017
vn -0.32241887 -0.9369404 0.13486573
vn -0.042259395 -0.8032854 -0.59409314
vn 0.13789201 -0.98234475 0.12643003
vn -0.23518485 -0.79701006 0.556294
vn 0.7534643 -0.33296448 0.56694466
vn 0.44945008 -0.7353796 -0.50716025
vn 0.76614356 -0.6395823 0.0629173
vn 0.12195851 -0.8009821 -0.58613455
vn 0.21815307 -0.91028565 -0.35183695
vn -0.26421347 -0.96352404 0.042575102
vn 0.56954306 -0.72630644 0.3848372
vn -0.23518485 -0.79701006 0.556294
vn 0.7534643 -0.33296448 0.56694466
vn 0.42370006 0.07888775 0.9023608
vn -0.08408037 -0.99454606 -0.061714172
vn 0.42533422 0.85697854 -0.29099584
vn 0.72681475 -0.6053184 -0.32454565
vn -0.7720965 -0.05855736 0.6328017
vn -0.8675194 -0.22352147 0.44435155
vn 0.88919955 -0.10050651 -0.44634357
vn -0.63260204 -0.6139692 0.47207674
vn -0.5130917 -0.63213307 0.5806416
vn 0.20849998 -0.9721815 -0.10672826
vn 0.59524214 -0.14675884 -0.7900308
vn -0.42944536 -0.8561841 -0.2872724
vn -0.8286991 -0.5132041 -0.22333692
vn -0.23437096 -0.33039433 -0.9142811
vn -0.948132 -0.25830835 -0.1852633
vn -0.7451551 -0.057808097 -0.66438097
vn 0.72681475 -0.6053184 -0.32454565
vn 0.23425826 -0.23022759 0.9445202
vn 0.91954446 -0.2427929 0.30901396
vn 0.31835708 -0.60594666 0.729025
vn 0.20849998 -0.9721815 -0.10672826
vn -0.51962674 -0.69270307 0.50015056
vn -0.59623134 -0.7980553 -0.0872692
vn 0.6988714 -0.36657256 -0.6141688
vn -0.32973883 -0.8128059 -0.48022795
vn 0.84337217 -0.2896328 -0.4525884
vn 0.19139965 -0.8012208 -0.5669316
vn -0.30643097 -0.9504713 -0.052004516
vn -0.30643097 -0.9504713 -0.052004516
vn -0.5082429 -0.8060875 -0.30317008
vn -0.07907301 -0.7875822 -0.61111516
vn -0.3081486 -0.9033587 0.2983077
vn 0.42640448 -0.8327147 -0.3532216
vn -0.41670144 -0.9087381 -0.02355988
vn 0.6988714 -0.36657256 -0.6141688
vn 0.8925161 0.3371419 -0.2995837
vn 0.63161904 0.730976 -0.25832444
vn -0.41670144 -0.9087381 -0.02355988
vn -0.59623134 -0.7980553 -0.0872692
vn 0.58999413 0.76292616 -0.2642926
vn 0.6988714 -0.36657256 -0.6141688
vn -0.41670144 -0.9087381 -0.02355988
vn 0.63161904 0.730976 -0.25832444
vn -0.30643097 -0.9504713 -0.052004516
vn 0.88919955 -0.10050651 -0.44634357
vn 0.9057458 0.1297072 0.4034856
vn 0.23425826 -0.23022759 0.9445202
vn -0.5130917 -0.63213307 0.5806416
vn 0.5384359 0.59516275 -0.59654677
vn 0.54367733 0.3862047 -0.7451583
vn 0.58378375 0.6141021 -0.5311075
vn 0.514098 0.45592633 -0.72652215
vn 0.5621129 0.61953175 -0.54791373
vn 0.68030673 0.51270795 -0.52374923
vn -0.26111037 0.14653203 -0.9541225
vn 0.40362972 -0.7605504 -0.50857264
vn 0.5683691 -0.0696321 -0.8198219
vn -0.45826262 -0.28774452 -0.8409509
vn -0.019434726 0.19284987 -0.98103577
vn 0.08796082 -0.8863929 0.45450035
vn -0.5771845 -0.8127055 0.07979861
vn -0.9648483 -0.21176486 -0.15563875
vn -0.048623215 -0.48492178 -0.8732048
vn -0.6608258 0.05332396 0.7486427
vn -0.26783144 -0.6072326 0.74802065
vn -0.39246124 -0.881258 0.26336
vn -0.5771845 -0.8127055 0.07979861
vn 0.08796082 -0.8863929 0.45450035
vn -0.45826262 -0.28774452 -0.8409509
vn 0.5683691 -0.0696321 -0.8198219
vn -0.2929654 -0.9556613 -0.029710567
vn -0.9648483 -0.21176486 -0.15563875
vn -0.26783144 -0.6072326 0.74802065
vn 0.7093021 -0.4264885 0.5612469
vn -0.5771845 -0.8127055 0.07979861
vn -0.9648483 -0.21176486 -0.15563875
vn 0.7093021 -0.4264885 0.5612469
vn -0.048623215 -0.48492178 -0.8732048
vn 0.68153745 0.64240277 0.35046458
vn 0.67455596 0.7169086 0.17611463
vn 0.84431934 0.40261683 0.35358807
vn 0.7932414 0.5795253 0.18686515
vn 0.8561172 0.47766784 0.1972227
vn 0.8771583 0.46927443 0.1018569
vn 0.8473467 0.5309945 -0.006957753
vn 0.8831354 0.4086463 0.2303912
vn 0.82549584 0.5636413 -0.029412271
vn 0.90085477 0.41344598 0.13237502
vn 0.7847222 0.58717376 -0.19859006
vn 0.8374296 0.5440027 0.05265675
vn 0.5856046 0.75901276 -0.28454676
vn 0.7608972 0.31729028 -0.5660055
vn 0.7043881 0.6329224 -0.3213201
vn 0.95388925 0.2498763 0.16630417
vn 0.8316166 0.5547907 -0.024924085
vn 0.9785901 0.16860925 0.11803577
vn 0.7150423 0.6551998 -0.24377795
vn 0.8925023 0.44106644 0.09433969
vn 0.40673792 0.24555252 0.87992513
vn 0.9342687 -0.087859824 0.34557572
vn 0.90686554 0.19314495 0.37455297
vn 0.99203724 -0.107851386 0.0650404
vn 0.8832149 -0.3808267 -0.27368316
vn 0.66170406 0.11594593 -0.7407457
vn 0.40926707 -0.8765154 -0.2534191
vn 0.7225581 0.69130766 -0.0018805517
vn 0.4005192 -0.88089645 -0.252202
vn 0.6167498 0.68953824 -0.3796797
vn 0.8607295 0.4749925 0.18310316
vn 0.36845914 0.87224257 0.3216066
vn 0.23810324 0.90625453 -0.34929872
vn 0.3289789 0.79401577 -0.51118666
vn 0.5845253 0.79896593 -0.14136355
vn 0.2566457 0.9654443 -0.045279667
vn 0.26594093 0.9496426 0.16569345
vn 0.36631647 0.9115417 0.18682596
vn -0.9365594 -0.033646993 0.3488902
vn -0.76089835 -0.641128 0.099942796
vn -0.98017776 -0.021934547 0.19690213
vn -0.4968042 -0.82775205 0.26079124
vn -0.8782015 -0.4609547 0.12760441
vn -0.09773934 -0.9922974 0.076110624
vn -0.9496677 0.22285241 -0.22015476
vn -0.7000159 -0.37157077 0.6098466
vn -0.3385698 -0.48526588 0.80615604
vn -0.15812483 -0.84107095 0.51729697
vn 0.11161813 -0.14042157 0.98378
vn -0.9077973 -0.41937685 -0.0052118176
vn -0.40540087 -0.73037636 -0.5497277
vn -0.8782015 -0.4609547 0.12760441
vn 0.41930756 -0.88459766 -0.20412786
vn -0.9496677 0.22285241 -0.22015476
vn -0.7012851 -0.6393142 0.315399
vn 0.20849998 -0.9721815 -0.10672826
vn -0.51962674 -0.69270307 0.50015056
vn -0.42944536 -0.8561841 -0.2872724
vn -0.81354564 -0.43068275 0.390712
vn -0.15926977 -0.31499013 0.9356358
vn -0.89541227 -0.33874342 0.28894594
vn -0.98017776 -0.021934547 0.19690213
vn -0.8425208 -0.5196832 0.14173268
vn -0.9558282 -0.27917236 0.09195248
vn -0.23437096 -0.33039433 -0.9142811
vn -0.7451551 -0.057808097 -0.66438097
vn -0.95824397 0.1468354 0.24537283
vn -0.9077973 -0.41937685 -0.0052118176
vn -0.6970964 0.029712928 0.71636146
vn -0.9365594 -0.033646993 0.3488902
vn -0.8782015 -0.4609547 0.12760441
vn -0.9077973 -0.41937685 -0.0052118176
vn 0.41930756 -0.88459766 -0.20412786
vn -0.36642 -0.9299251 0.031236138
vn -0.59581435 -0.8009982 -0.05837085
vn -0.96969074 -0.24203458 -0.033454046
vn -0.8917366 -0.38394016 0.23957415
vn -0.9684249 -0.23381573 0.08650672
vn -0.98460615 -0.17171498 0.0326302
vn -0.6250683 -0.6826649 -0.3784947
vn -0.98553216 -0.11396238 -0.12545475
vn -0.8347563 -0.3494353 -0.4255313
vn -0.5242806 -0.8495972 0.057571094
vn -0.84901273 -0.52837145 -0.0009819116
vn -0.9119986 -0.23629819 -0.33529344
vn -0.82171065 -0.46369135 0.33133364
vn -0.9011884 -0.17114574 -0.39820674
vn -0.4048106 -0.90768677 0.11060309
vn -0.4431415 -0.8843992 -0.14650486
vn -0.37462676 -0.8419655 -0.3882639
vn -0.77786624 -0.6218643 -0.09060314
vn -0.7641377 -0.6449906 0.008986138
vn -0.93904394 -0.33450547 -0.0793891
vn -0.96626294 -0.2556914 -0.030948685
vn -0.948132 -0.25830835 -0.1852633
vn -0.8286991 -0.5132041 -0.22333692
vn -0.37373257 -0.0069090626 -0.9275108
vn -0.9119986 -0.23629819 -0.33529344
vn -0.8347563 -0.3494353 -0.4255313
vn -0.9011884 -0.17114574 -0.39820674
vn 0.044580314 -0.66819024 -0.7426536
vn -0.4048106 -0.90768677 0.11060309
vn -0.4431415 -0.8843992 -0.14650486
vn -0.55251515 0.5578106 -0.6193338
vn -0.26111037 0.14653203 -0.9541225
vn -0.019434726 0.19284987 -0.98103577
vn -0.5771845 -0.8127055 0.07979861
vn -0.5655534 0.6152212 -0.54922867
vn -0.26783144 -0.6072326 0.74802065
vn -0.2929654 -0.9556613 -0.029710567
vn -0.9648483 -0.21176486 -0.15563875
vn -0.048623215 -0.48492178 -0.8732048
vn -0.3109638 0.9466449 -0.08464567
vn -0.6608258 0.05332396 0.7486427
vn -0.6608258 0.05332396 0.7486427
vn -0.5655534 0.6152212 -0.54922867
vn -0.3109638 0.9466449 -0.08464567
vn -0.84901273 -0.52837145 -0.0009819116
vn 0.6767663 0.41439003 -0.6084968
vn -0.41698945 0.14816433 -0.89675367
vn 0.9081414 0.0068583665 0.41860747
vn 0.7855105 0.39351794 0.47761586
vn 0.88395685 0.22730702 0.4085974
vn 0.40223995 0.89287686 -0.2024202
vn 0.44298843 0.7330227 0.5161773
vn 0.21538027 0.9053882 0.36590108
vn 0.7932414 0.5795253 0.18686515
vn -0.05321088 -0.118861094 0.99148405
vn 0.8607295 0.4749925 0.18310316
vn 0.3127937 0.6457307 0.6965573
vn -0.74852383 -0.61332893 -0.25207084
vn -0.55586743 0.031048773 0.83069086
vn -0.948132 -0.25830835 -0.1852633
vn -0.52544653 -0.15129924 0.8372661
vn -0.44298807 -0.8574572 0.26177981
vn 0.40673792 0.24555252 0.87992513
vn -0.21291739 -0.8763872 0.43198577
vn 0.9785901 0.16860925 0.11803577
vn 0.19323146 0.91507965 0.35396445
vn 0.36845914 0.87224257 0.3216066
vn 0.3127937 0.6457307 0.6965573
vn 0.7225581 0.69130766 -0.0018805517
vn 0.26594093 0.9496426 0.16569345
vn 0.8607295 0.4749925 0.18310316
vn -0.3508188 0.827008 -0.43929932
vn -0.05321088 -0.118861094 0.99148405
vn -0.19125631 -0.98139817 -0.016694076
vn -0.9119986 -0.23629819 -0.33529344
vn 0.88395685 0.22730702 0.4085974
vn -0.05321088 -0.118861094 0.99148405
vn -0.84901273 -0.52837145 -0.0009819116
vn -0.9119986 -0.23629819 -0.33529344
vn 0.9081414 0.0068583665 0.41860747
vn 0.44945008 -0.7353796 -0.50716025
vn 0.46580568 -0.85628676 -0.22315484
vn 0.76614356 -0.6395823 0.0629173
vn 0.05231362 -0.98611265 -0.1576235
vn 0.27882203 -0.894793 0.34871736
vn 0.56954306 -0.72630644 0.3848372
vn 0.7534643 -0.33296448 0.56694466
vn 0.13789201 -0.98234475 0.12643003
vn -0.5242806 -0.8495972 0.057571094
vn 0.044580314 -0.66819024 -0.7426536
vn -0.8347563 -0.3494353 -0.4255313
vn -0.4048106 -0.90768677 0.11060309
vn -0.82171065 -0.46369135 0.33133364
vn -0.51825345 -0.8276666 0.21536334
vn -0.55586743 0.031048773 0.83069086
vn -0.74852383 -0.61332893 -0.25207084
vn -0.21291739 -0.8763872 0.43198577
vn -0.17474261 -0.9301362 -0.3229731
vn 0.40926707 -0.8765154 -0.2534191
vn 0.40673792 0.24555252 0.87992513
vn 0.25477025 -0.8946874 -0.36691487
vn 0.99203724 -0.107851386 0.0650404
vn 0.2613532 -0.9650316 -0.020209966
vn -0.09773934 -0.9922974 0.076110624
vn 0.8832149 -0.3808267 -0.27368316
vn 0.8538454 -0.37115192 -0.36495787
vn -0.76089835 -0.641128 0.099942796
vn -0.4968042 -0.82775205 0.26079124
vn 0.84337217 -0.2896328 -0.4525884
vn -0.15812483 -0.84107095 0.51729697
vn -0.40540087 -0.73037636 -0.5497277
vn -0.3109638 0.9466449 -0.08464567
vn -0.26783144 -0.6072326 0.74802065
vn -0.55251515 0.5578106 -0.6193338
vn 0.7093021 -0.4264885 0.5612469
vn -0.048623215 -0.48492178 -0.8732048
vn -0.5655534 0.6152212 -0.54922867
vn -0.9496677 0.22285241 -0.22015476
vn -0.948132 -0.25830835 -0.1852633
vn 0.013695303 0.7005914 -0.71343124
vn -0.7451551 -0.057808097 -0.66438097
vn -0.74852383 -0.61332893 -0.25207084
vn -0.95824397 0.1468354 0.24537283
vn -0.98017776 -0.021934547 0.19690213
vn -0.95824397 0.1468354 0.24537283
vn 0.013695303 0.7005914 -0.71343124
vn 0.41930756 -0.88459766 -0.20412786
vn -0.95824397 0.1468354 0.24537283
vn 0.41930756 -0.88459766 -0.20412786
vn -0.9077973 -0.41937685 -0.0052118176
vn 0.19323146 0.91507965 0.35396445
vn -0.3508188 0.827008 -0.43929932
vn 0.40223995 0.89287686 -0.2024202
vn 0.6767663 0.41439003 -0.6084968
vn 0.44861022 0.8936861 0.008602083
vn 0.30443487 0.9285407 0.21244198
vn 0.26594093 0.9496426 0.16569345
vn 0.62131506 0.7717881 0.13531679
vn 0.21538027 0.9053882 0.36590108
vn 0.40069672 0.91142416 0.093531296
vn -0.3858547 0.83101887 -0.40065423
vn -0.4296322 0.48223773 -0.7634546
vn -0.09134648 0.9956559 -0.01803077
vn -0.36809272 0.37797073 -0.84949744
vn 0.2566457 0.9654443 -0.045279667
vn 0.3289789 0.79401577 -0.51118666
vn 0.3800477 -0.90565526 0.18802205
vn -0.02514509 0.9851098 0.17007755
vn 0.90275806 0.2508251 0.34944904
vn 0.30553687 0.91747504 0.25472882
vn 0.056790475 0.9663318 0.2509536
vn 0.12739933 -0.9907876 0.04592707
vn 0.012250699 0.8557014 -0.5173249
vn 0.32087073 0.91624326 0.23987554
vn 0.42370006 0.07888775 0.9023608
vn -0.5030109 0.6147686 0.60748625
vn 0.42533422 0.85697854 -0.29099584
vn 0.89052236 -0.40909317 -0.19902945
vn 0.32087073 0.91624326 0.23987554
vn 0.3800477 -0.90565526 0.18802205
vn 0.71521115 0.6608744 0.22741593
vn -0.67744195 0.45502692 -0.57794714
vn 0.75804937 0.58679235 0.2846681
vn 0.07014723 0.67726755 -0.73238516
vn 0.42370006 0.07888775 0.9023608
vn -0.5309313 -0.124826536 -0.8381708
vn 0.42533422 0.85697854 -0.29099584
vn 0.6519415 -0.7384104 -0.1724017
vn 0.71521115 0.6608744 0.22741593
vn -0.6094604 0.6559249 0.44533184
vn -0.67744195 0.45502692 -0.57794714
vn 0.3541687 -0.78836286 -0.5030393
vn -0.6517714 0.75483507 -0.07360742
vn -0.53091484 0.8272917 0.18362397
vn -0.23823106 0.97118634 -0.0065650516
vn -0.12137756 0.8261175 0.5502702
vn 0.39308605 -0.91948515 0.0055121193
vn 0.5083279 -0.84841436 -0.1476341
vn -0.9496677 0.22285241 -0.22015476
vn 0.41930756 -0.88459766 -0.20412786
vn -0.74852383 -0.61332893 -0.25207084
vn -0.40540087 -0.73037636 -0.5497277
vn 0.013695303 0.7005914 -0.71343124
vn -0.17474261 -0.9301362 -0.3229731
vn 0.25477025 -0.8946874 -0.36691487
vn -0.9077973 -0.41937685 -0.0052118176
vn -0.7451551 -0.057808097 -0.66438097
vn 0.46555147 -0.29291916 -0.8351408
vn 0.67520016 0.73547137 -0.056450527
vn -0.37103602 -0.5544862 -0.7449009
vn -0.24624681 -0.69748604 -0.6729604
vn -0.7045721 0.6736352 0.22314534
vn 0.40554884 0.7268618 0.5542581
vn 0.7536701 -0.030309927 -0.6565536
vn 0.3336028 0.56702244 -0.7531233
vn 0.8374296 0.5440027 0.05265675
vn 0.90085477 0.41344598 0.13237502
vn 0.95388925 0.2498763 0.16630417
vn 0.9342687 -0.087859824 0.34557572
vn 0.572106 0.6598098 0.48718143
vn 0.90686554 0.19314495 0.37455297
vn 0.6989104 -0.7103 0.08365447
vn 0.66170406 0.11594593 -0.7407457
vn 0.038632393 0.81529015 -0.5777625
vn 0.8513694 0.28241184 -0.4420563
vn 0.7043881 0.6329224 -0.3213201
vn -0.7045721 0.6736352 0.22314534
vn 0.61570835 -0.13179748 0.77687365
vn -0.745083 0.16704462 0.6457147
vn -0.20220417 -0.3716324 0.90609205
vn -0.5149491 -0.23017743 0.82573956
vn 0.3645133 0.45198408 -0.81415015
vn 0.70640653 0.2002158 -0.6788987
vn -0.31929797 -0.6169714 -0.7193018
vn -0.263789 0.90875614 0.3233846
vn 0.23358655 0.692703 0.6823488
vn -0.23024824 -0.9640326 -0.13276644
vn 0.29532447 0.59544057 0.74715054
vn -0.4245744 -0.85202694 -0.30624616
vn 0.20051074 0.800904 0.5642236
vn -0.05843369 -0.67325586 -0.737097
vn -0.35630956 -0.06459286 -0.93213266
vn -0.23024824 -0.9640326 -0.13276644
vn -0.263789 0.90875614 0.3233846
vn -0.31929797 -0.6169714 -0.7193018
vn 0.70640653 0.2002158 -0.6788987
vn -0.05843369 -0.67325586 -0.737097
vn -0.4245744 -0.85202694 -0.30624616
vn -0.35630956 -0.06459286 -0.93213266
vn 0.24365659 -0.9489683 -0.20022647
vn 0.063533485 -0.9003451 -0.43051395
vn -0.042259395 -0.8032854 -0.59409314
vn -0.27138197 -0.75977856 -0.59083706
vn -0.075986855 -0.9957115 -0.052769717
vn 0.3289789 0.79401577 -0.51118666
vn 0.4005192 -0.88089645 -0.252202
vn 0.7150423 0.6551998 -0.24377795
vn -0.29461354 -0.9520458 0.08253271
vn -0.4296322 0.48223773 -0.7634546
vn -0.13454933 0.7230192 0.67759854
vn -0.22689277 0.92384094 -0.3082817
vn 0.018074851 0.76701546 -0.641374
vn -0.10007403 0.7294206 0.6767058
vn -0.023987433 0.6924954 -0.7210234
vn 0.09883202 0.9411153 0.32331747
vn 0.7177278 0.6692693 0.1922119
vn 0.12655106 0.9891849 0.074148566
vn -0.32585102 -0.041566063 0.94450694
vn -0.82938486 0.2366123 -0.5060982
vn 0.7231888 0.67844707 -0.12925756
vn -0.44130778 -0.8465032 -0.29779145
vn 0.7177278 0.6692693 0.1922119
vn -0.76708436 -0.54095197 -0.34489498
vn 0.12655106 0.9891849 0.074148566
vn -0.8035925 0.5734304 0.15942585
vn 0.7231888 0.67844707 -0.12925756
vn -0.44130778 -0.8465032 -0.29779145
vn -0.76708436 -0.54095197 -0.34489498
vn -0.32585102 -0.041566063 0.94450694
vn 0.2910724 -0.9561329 0.032966685
vn -0.82938486 0.2366123 -0.5060982
vn -0.8035925 0.5734304 0.15942585
vn 0.7231888 0.67844707 -0.12925756
vn 0.7177278 0.6692693 0.1922119
vn -0.8035925 0.5734304 0.15942585
vn -0.76708436 -0.54095197 -0.34489498
vn 0.7177278 0.6692693 0.1922119
vn 0.7231888 0.67844707 -0.12925756
vn -0.4504466 -0.30031595 0.84077835
vn -0.98820204 0.09551614 -0.1197224
vn 0.07014723 0.67726755 -0.73238516
vn -0.7229778 -0.3802474 -0.5768145
vn -0.5309313 -0.124826536 -0.8381708
vn 0.42370006 0.07888775 0.9023608
vn -0.3858547 0.83101887 -0.40065423
vn -0.67744195 0.45502692 -0.57794714
vn 0.75804937 0.58679235 0.2846681
vn -0.36809272 0.37797073 -0.84949744
vn -0.98820204 0.09551614 -0.1197224
vn -0.2610028 0.51006174 0.8195819
vn 0.07014723 0.67726755 -0.73238516
vn 0.98820853 0.058527816 -0.14148633
vn -0.35333213 0.14386912 0.92436904
vn -0.2610028 0.51006174 0.8195819
vn 0.13496853 0.20843263 -0.9686792
vn -0.4504466 -0.30031595 0.84077835
vn 0.42370006 0.07888775 0.9023608
vn -0.98820204 0.09551614 -0.1197224
vn -0.70798707 0.04883996 -0.7045346
vn -0.2610028 0.51006174 0.8195819
vn -0.35333213 0.14386912 0.92436904
vn 0.07014723 0.67726755 -0.73238516
vn 0.13496853 0.20843263 -0.9686792
vn 0.98820853 0.058527816 -0.14148633
vn 0.07014723 0.67726755 -0.73238516
vn -0.70798707 0.04883996 -0.7045346
vn 0.42370006 0.07888775 0.9023608
vn 0.13496853 0.20843263 -0.9686792
vn -0.07783907 -0.9969331 -0.008088453
vn 0.012250699 0.8557014 -0.5173249
vn -0.08408037 -0.99454606 -0.061714172
vn 0.42533422 0.85697854 -0.29099584
vn -0.44207835 0.73425984 -0.51519823
vn 0.6372941 -0.12508555 0.7604011
vn 0.6372941 -0.12508555 0.7604011
vn -0.44207835 0.73425984 -0.51519823
vn -0.5030109 0.6147686 0.60748625
vn 0.012250699 0.8557014 -0.5173249
vn 0.42533422 0.85697854 -0.29099584
vn -0.4004509 0.90692437 0.13087112
vn 0.27471665 -0.82714546 -0.4902664
vn -0.36809272 0.37797073 -0.84949744
vn 0.6519415 -0.7384104 -0.1724017
vn 0.73253125 -0.3338659 -0.5932382
vn 0.71521115 0.6608744 0.22741593
vn 0.6519415 -0.7384104 -0.1724017
vn 0.73253125 -0.3338659 -0.5932382
vn 0.6519415 -0.7384104 -0.1724017
vn -0.36809272 0.37797073 -0.84949744
vn 0.64810085 -0.42338318 -0.63301814
vn -0.67744195 0.45502692 -0.57794714
vn -0.6517714 0.75483507 -0.07360742
vn 0.4809751 -0.2122621 0.8506514
vn 0.71521115 0.6608744 0.22741593
vn 0.73253125 -0.3338659 -0.5932382
vn -0.4004509 0.90692437 0.13087112
vn 0.64810085 -0.42338318 -0.63301814
vn 0.6519415 -0.7384104 -0.1724017
vn 0.27471665 -0.82714546 -0.4902664
vn 0.64810085 -0.42338318 -0.63301814
vn 0.4809751 -0.2122621 0.8506514
vn 0.6519415 -0.7384104 -0.1724017
vn 0.27471665 -0.82714546 -0.4902664
vn 0.64810085 -0.42338318 -0.63301814
vn 0.71521115 0.6608744 0.22741593
vn 0.4809751 -0.2122621 0.8506514
vn 0.6366783 -0.744007 -0.20271748
vn 0.71521115 0.6608744 0.22741593
vn 0.64810085 -0.42338318 -0.63301814
vn -0.6094604 0.6559249 0.44533184
vn -0.6517714 0.75483507 -0.07360742
vn 0.3541687 -0.78836286 -0.5030393
vn 0.39308605 -0.91948515 0.0055121193
vn 0.5083279 -0.84841436 -0.1476341
vn -0.12137756 0.8261175 0.5502702
vn -0.23823106 0.97118634 -0.0065650516
vn -0.13345279 -0.34292305 -0.92983556
vn -0.46498823 -0.5274404 -0.7110503
vn -0.23241131 0.0244998 -0.972309
vn 0.98484504 -0.028478753 0.1710824
vn 0.4425474 0.18855396 0.8766979
vn 0.9687771 -0.023259696 0.24683978
vn 0.35088676 0.1435812 0.92534477
vn 0.7661476 -0.09520001 0.63557434
vn 0.6735584 -0.22205715 -0.70498914
vn 0.8857028 0.024532532 -0.46360403
vn 0.62831193 0.062358644 -0.7754583
vn 0.16634919 -0.42768583 -0.88848907
vn 0.55638564 -0.18135278 -0.8108922
vn 0.5339924 -0.41717157 0.7354047
vn 0.43444067 -0.5114296 -0.7414183
vn 0.48309866 -0.8751087 0.028291859
vn 0.28965953 -0.093483165 0.9525535
vn -0.7757697 0.2735576 -0.5686366
vn -0.59160197 -0.47814304 -0.6491428
vn -0.43859494 -0.13626842 0.8882935
vn -0.45586133 -0.49773282 0.7378702
vn 0.22308466 -0.294034 -0.92939615
vn -0.042229485 -0.64639527 0.7618332
vn -0.33683443 0.07466667 0.9385987
vn -0.10678913 0.2910216 -0.9507379
vn -0.7757697 0.2735576 -0.5686366
vn -0.057173885 0.065227345 -0.99623114
vn 0.24853013 0.17489512 0.9527038
vn 0.890286 0.33453146 0.30899757
vn 0.90940535 0.38591665 -0.15508136
vn 0.26818445 0.07157341 -0.96070516
vn 0.8595738 0.22004865 -0.46120653
vn 0.24073224 0.04460113 0.9695663
vn 0.49199352 0.092362896 0.8656856
vn 0.15886939 0.0405531 -0.9864664
vn 0.5126497 0.111989066 -0.851263
vn 0.4769278 0.010917255 0.87887466
vn 0.28901267 -0.10497648 -0.9515522
vn -0.35689756 -0.41681156 0.83599776
vn 0.09883202 0.9411153 0.32331747
vn 0.48941562 0.0002973221 0.8720506
vn 0.31155694 0.3033415 -0.9005089
vn 0.14560577 -0.803177 0.5776726
vn 0.30581224 -0.89098716 -0.33559015
vn 0.09228458 -0.98560864 0.14163046
usemtl material_0
f 59/59/59 60/60/60 61/61/61
f 62/62/62 59/59/59 61/61/61
f 62/62/62 61/61/61 63/63/63
f 92/92/92 68/68/68 94/94/94
f 91/91/91 68/68/68 92/92/92
f 92/92/92 93/93/93 91/91/91
f 64/64/64 65/65/65 62/62/62
f 64/64/64 62/62/62 63/63/63
f 67/67/67 91/91/91 93/93/93
f 67/67/67 68/68/68 91/91/91
f 67/67/67 64/64/64 68/68/68
f 66/66/66 65/65/65 64/64/64
f 66/66/66 64/64/64 67/67/67
f 74/74/74 90/90/90 88/88/88
f 73/73/73 69/69/69 74/74/74
f 74/74/74 88/88/88 73/73/73
f 66/66/66 67/67/67 69/69/69
f 89/89/89 86/86/86 88/88/88
f 69/69/69 70/70/70 66/66/66
f 88/88/88 86/86/86 85/85/85
f 71/71/71 70/70/70 69/69/69
f 73/73/73 88/88/88 85/85/85
f 71/71/71 69/69/69 73/73/73
f 95/95/95 96/96/96 97/97/97
f 98/98/98 99/99/99 100/100/100
f 83/83/83 85/85/85 86/86/86
f 84/84/84 87/87/87 85/85/85
f 85/85/85 83/83/83 84/84/84
f 71/71/71 73/73/73 75/75/75
f 71/71/71 72/72/72 70/70/70
f 71/71/71 76/76/76 72/72/72
f 75/75/75 76/76/76 71/71/71
f 72/72/72 76/76/76 78/78/78
f 77/77/77 76/76/76 75/75/75
f 82/82/82 83/83/83 80/80/80
f 79/79/79 76/76/76 77/77/77
f 80/80/80 81/81/81 82/82/82
f 49/49/49 58/58/58 47/47/47
f 53/53/53 54/54/54 56/56/56
f 30/30/30 31/31/31 32/32/32
f 36/36/36 53/53/53 55/55/55
f 33/33/33 32/32/32 34/34/34
f 30/30/30 32/32/32 33/33/33
f 34/34/34 49/49/49 47/47/47
f 33/33/33 34/34/34 41/41/41
f 34/34/34 47/47/47 41/41/41
f 35/35/35 53/53/53 36/36/36
f 35/35/35 36/36/36 30/30/30
f 52/52/52 54/54/54 53/53/53
f 35/35/35 30/30/30 33/33/33
f 47/47/47 43/43/43 41/41/41
f 35/35/35 38/38/38 53/53/53
f 38/38/38 52/52/52 53/53/53
f 37/37/37 35/35/35 33/33/33
f 37/37/37 38/38/38 35/35/35
f 42/42/42 41/41/41 43/43/43
f 39/39/39 37/37/37 33/33/33
f 51/51/51 52/52/52 38/38/38
f 39/39/39 40/40/40 37/37/37
f 37/37/37 51/51/51 38/38/38
f 39/39/39 33/33/33 41/41/41
f 42/42/42 43/43/43 48/48/48
f 51/51/51 37/37/37 50/50/50
f 40/40/40 50/50/50 37/37/37
f 39/39/39 46/46/46 40/40/40
f 57/57/57 40/40/40 46/46/46
f 39/39/39 41/41/41 42/42/42
f 4/4/4 5/5/5 2/2/2
f 6/6/6 5/5/5 4/4/4
f 39/39/39 42/42/42 44/44/44
f 45/45/45 46/46/46 39/39/39
f 44/44/44 45/45/45 39/39/39
f 6/6/6 4/4/4 1/1/1
f 1/1/1 2/2/2 3/3/3
f 7/7/7 6/6/6 1/1/1
f 8/8/8 6/6/6 7/7/7
f 1/1/1 3/3/3 10/10/10
f 1/1/1 9/9/9 7/7/7
f 8/8/8 7/7/7 9/9/9
f 1/1/1 10/10/10 9/9/9
f 3/3/3 17/17/17 10/10/10
f 9/9/9 11/11/11 8/8/8
f 12/12/12 9/9/9 10/10/10
f 9/9/9 12/12/12 11/11/11
f 15/15/15 10/10/10 17/17/17
f 13/13/13 12/12/12 10/10/10
f 15/15/15 13/13/13 10/10/10
f 16/16/16 13/13/13 15/15/15
f 14/14/14 12/12/12 13/13/13
f 29/29/29 12/12/12 14/14/14
f 16/16/16 14/14/14 13/13/13
f 19/19/19 14/14/14 18/18/18
f 18/18/18 14/14/14 16/16/16
f 18/18/18 20/20/20 19/19/19
f 21/21/21 20/20/20 18/18/18
f 22/22/22 23/23/23 20/20/20
f 21/21/21 22/22/22 20/20/20
f 23/23/23 22/22/22 21/21/21
f 24/24/24 20/20/20 23/23/23
f 27/27/27 23/23/23 21/21/21
f 25/25/25 24/24/24 23/23/23
f 26/26/26 23/23/23 27/27/27
f 23/23/23 26/26/26 25/25/25
f 26/26/26 28/28/28 25/25/25
f 83/83/83 82/82/82 84/84/84
f 1/1/1 4/4/4 2/2/2
f 101/101/101 102/102/102 103/103/103
f 101/101/101 104/104/104 102/102/102
f 104/104/104 101/101/101 105/105/105
f 104/104/104 105/105/105 106/106/106
f 110/110/110 108/108/108 107/107/107
f 122/122/122 124/124/124 121/121/121
f 107/107/107 108/108/108 109/109/109
f 122/122/122 121/121/121 118/118/118
f 118/118/118 121/121/121 119/119/119
f 118/118/118 119/119/119 120/120/120
f 112/112/112 118/118/118 120/120/120
f 112/112/112 115/115/115 118/118/118
f 123/123/123 112/112/112 120/120/120
f 113/113/113 112/112/112 123/123/123
f 114/114/114 115/115/115 112/112/112
f 111/111/111 112/112/112 113/113/113
f 111/111/111 114/114/114 112/112/112
f 116/116/116 115/115/115 114/114/114
f 116/116/116 117/117/117 115/115/115
f 134/134/134 135/135/135 133/133/133
f 129/129/129 125/125/125 136/136/136
f 125/125/125 126/126/126 127/127/127
f 129/129/129 136/136/136 130/130/130
f 137/137/137 132/132/132 133/133/133
f 130/130/130 136/136/136 138/138/138
f 129/129/129 126/126/126 125/125/125
f 126/126/126 129/129/129 128/128/128
f 131/131/131 126/126/126 128/128/128
f 128/128/128 129/129/129 130/130/130
f 134/134/134 128/128/128 130/130/130
f 134/134/134 130/130/130 135/135/135
f 131/131/131 128/128/128 132/132/132
f 137/137/137 131/131/131 132/132/132
f 134/134/134 133/133/133 128/128/128
f 133/133/133 132/132/132 128/128/128
f 131/131/131 127/127/127 126/126/126
f 130/130/130 138/138/138 139/139/139
f 130/130/130 139/139/139 135/135/135
f 144/144/144 145/145/145 146/146/146
f 140/140/140 135/135/135 139/139/139
f 146/146/146 145/145/145 147/147/147
f 139/139/139 138/138/138 141/141/141
f 146/146/146 147/147/147 149/149/149
f 142/142/142 141/141/141 143/143/143
f 142/142/142 139/139/139 141/141/141
f 145/145/145 148/148/148 147/147/147
f 145/145/145 150/150/150 148/148/148
f 156/156/156 157/157/157 158/158/158
f 159/159/159 158/158/158 157/157/157
f 157/157/157 156/156/156 160/160/160
f 170/170/170 169/169/169 171/171/171
f 153/153/153 154/154/154 155/155/155
f 154/154/154 153/153/153 152/152/152
f 151/151/151 152/152/152 153/153/153
f 169/169/169 170/170/170 165/165/165
f 166/166/166 169/169/169 165/165/165
f 166/166/166 165/165/165 164/164/164
f 167/167/167 162/162/162 165/165/165
f 164/164/164 165/165/165 162/162/162
f 174/174/174 173/173/173 178/178/178
f 164/164/164 162/162/162 161/161/161
f 162/162/162 167/167/167 168/168/168
f 173/173/173 176/176/176 178/178/178
f 161/161/161 162/162/162 163/163/163
f 176/176/176 177/177/177 183/183/183
f 175/175/175 177/177/177 176/176/176
f 175/175/175 176/176/176 172/172/172
f 172/172/172 173/173/173 174/174/174
f 172/172/172 174/174/174 175/175/175
f 179/179/179 175/175/175 174/174/174
f 179/179/179 180/180/180 175/175/175
f 184/184/184 180/180/180 185/185/185
f 175/175/175 180/180/180 181/181/181
f 182/182/182 181/181/181 180/180/180
f 182/182/182 180/180/180 184/184/184
f 196/196/196 197/197/197 198/198/198
f 197/197/197 196/196/196 193/193/193
f 197/197/197 193/193/193 192/192/192
f 192/192/192 190/190/190 191/191/191
f 192/192/192 193/193/193 190/190/190
f 195/195/195 193/193/193 196/196/196
f 194/194/194 190/190/190 193/193/193
f 201/201/201 195/195/195 196/196/196
f 190/190/190 188/188/188 189/189/189
f 190/190/190 194/194/194 188/188/188
f 187/187/187 189/189/189 188/188/188
f 205/205/205 215/215/215 213/213/213
f 193/193/193 195/195/195 194/194/194
f 186/186/186 187/187/187 188/188/188
f 212/212/212 205/205/205 213/213/213
f 204/204/204 205/205/205 207/207/207
f 205/205/205 212/212/212 209/209/209
f 209/209/209 207/207/207 205/205/205
f 204/204/204 203/203/203 205/205/205
f 214/214/214 212/212/212 213/213/213
f 194/194/194 186/186/186 188/188/188
f 199/199/199 195/195/195 200/200/200
f 195/195/195 199/199/199 194/194/194
f 194/194/194 199/199/199 186/186/186
f 208/208/208 207/207/207 209/209/209
f 202/202/202 203/203/203 204/204/204
f 207/207/207 208/208/208 204/204/204
f 208/208/208 209/209/209 211/211/211
f 202/202/202 204/204/204 206/206/206
f 204/204/204 208/208/208 206/206/206
f 208/208/208 210/210/210 206/206/206
f 189/189/189 191/191/191 190/190/190
f 216/216/216 217/217/217 218/218/218
f 219/219/219 217/217/217 216/216/216
f 218/218/218 221/221/221 216/216/216
f 220/220/220 218/218/218 217/217/217
f 217/217/217 223/223/223 220/220/220
f 224/224/224 220/220/220 223/223/223
f 217/217/217 219/219/219 223/223/223
f 219/219/219 232/232/232 231/231/231
f 224/224/224 223/223/223 226/226/226
f 219/219/219 231/231/231 229/229/229
f 218/218/218 222/222/222 221/221/221
f 220/220/220 222/222/222 218/218/218
f 224/224/224 225/225/225 220/220/220
f 229/229/229 223/223/223 219/219/219
f 223/223/223 229/229/229 227/227/227
f 233/233/233 220/220/220 225/225/225
f 223/223/223 227/227/227 226/226/226
f 226/226/226 228/228/228 224/224/224
f 226/226/226 227/227/227 230/230/230
f 233/233/233 225/225/225 234/234/234
f 235/235/235 236/236/236 237/237/237
f 237/237/237 248/248/248 239/239/239
f 237/237/237 238/238/238 235/235/235
f 239/239/239 238/238/238 237/237/237
f 239/239/239 244/244/244 238/238/238
f 238/238/238 240/240/240 235/235/235
f 242/242/242 235/235/235 240/240/240
f 244/244/244 241/241/241 238/238/238
f 240/240/240 243/243/243 242/242/242
f 247/247/247 241/241/241 244/244/244
f 238/238/238 241/241/241 240/240/240
f 240/240/240 241/241/241 245/245/245
f 246/246/246 245/245/245 241/241/241
f 246/246/246 241/241/241 247/247/247
f 249/249/249 250/250/250 251/251/251
f 263/263/263 264/264/264 268/268/268
f 263/263/263 260/260/260 264/264/264
f 265/265/265 266/266/266 264/264/264
f 262/262/262 260/260/260 263/263/263
f 265/265/265 264/264/264 260/260/260
f 272/272/272 273/273/273 274/274/274
f 267/267/267 266/266/266 265/265/265
f 265/265/265 269/269/269 267/267/267
f 260/260/260 262/262/262 261/261/261
f 261/261/261 252/252/252 260/260/260
f 256/256/256 260/260/260 252/252/252
f 269/269/269 271/271/271 259/259/259
f 252/252/252 255/255/255 256/256/256
f 259/259/259 257/257/257 269/269/269
f 252/252/252 254/254/254 255/255/255
f 252/252/252 253/253/253 254/254/254
f 270/270/270 269/269/269 257/257/257
f 259/259/259 255/255/255 257/257/257
f 257/257/257 255/255/255 254/254/254
f 258/258/258 257/257/257 254/254/254
f 275/275/275 276/276/276 277/277/277
f 277/277/277 276/276/276 278/278/278
f 280/280/280 278/278/278 282/282/282
f 275/275/275 277/277/277 279/279/279
f 280/280/280 279/279/279 278/278/278
f 278/278/278 279/279/279 277/277/277
f 281/281/281 279/279/279 280/280/280
f 279/279/279 281/281/281 300/300/300
f 282/282/282 283/283/283 280/280/280
f 299/299/299 284/284/284 282/282/282
f 283/283/283 282/282/282 284/284/284
f 280/280/280 283/283/283 285/285/285
f 280/280/280 285/285/285 281/281/281
f 281/281/281 301/301/301 300/300/300
f 281/281/281 285/285/285 287/287/287
f 289/289/289 281/281/281 287/287/287
f 291/291/291 289/289/289 287/287/287
f 288/288/288 287/287/287 285/285/285
f 283/283/283 284/284/284 298/298/298
f 287/287/287 288/288/288 293/293/293
f 287/287/287 293/293/293 291/291/291
f 286/286/286 285/285/285 283/283/283
f 290/290/290 281/281/281 289/289/289
f 288/288/288 285/285/285 286/286/286
f 283/283/283 298/298/298 286/286/286
f 293/293/293 288/288/288 297/297/297
f 297/297/297 288/288/288 286/286/286
f 289/289/289 291/291/291 292/292/292
f 291/291/291 293/293/293 294/294/294
f 286/286/286 298/298/298 297/297/297
f 291/291/291 294/294/294 295/295/295
f 292/292/292 291/291/291 295/295/295
f 294/294/294 296/296/296 295/295/295
f 302/302/302 303/303/303 304/304/304
f 303/303/303 302/302/302 305/305/305
f 306/306/306 304/304/304 303/303/303
f 307/307/307 304/304/304 306/306/306
f 307/307/307 319/319/319 304/304/304
f 318/318/318 316/316/316 305/305/305
f 319/319/319 307/307/307 320/320/320
f 303/303/303 305/305/305 309/309/309
f 316/316/316 314/314/314 305/305/305
f 305/305/305 314/314/314 309/309/309
f 306/306/306 303/303/303 308/308/308
f 309/309/309 308/308/308 303/303/303
f 306/306/306 310/310/310 307/307/307
f 306/306/306 308/308/308 310/310/310
f 314/314/314 316/316/316 317/317/317
f 308/308/308 309/309/309 311/311/311
f 314/314/314 313/313/313 309/309/309
f 309/309/309 313/313/313 311/311/311
f 310/310/310 308/308/308 311/311/311
f 315/315/315 313/313/313 314/314/314
f 312/312/312 307/307/307 310/310/310
f 321/321/321 322/322/322 323/323/323
f 342/342/342 341/341/341 328/328/328
f 324/324/324 321/321/321 323/323/323
f 327/327/327 328/328/328 325/325/325
f 341/341/341 340/340/340 328/328/328
f 327/327/327 325/325/325 323/323/323
f 325/325/325 324/324/324 323/323/323
f 340/340/340 330/330/330 328/328/328
f 325/325/325 328/328/328 329/329/329
f 330/330/330 329/329/329 328/328/328
f 339/339/339 329/329/329 330/330/330
f 329/329/329 331/331/331 325/325/325
f 337/337/337 336/336/336 338/338/338
f 335/335/335 331/331/331 336/336/336
f 335/335/335 336/336/336 337/337/337
f 326/326/326 324/324/324 325/325/325
f 335/335/335 333/333/333 331/331/331
f 331/331/331 333/333/333 332/332/332
f 331/331/331 332/332/332 325/325/325
f 332/332/332 334/334/334 326/326/326
f 325/325/325 332/332/332 326/326/326
f 347/347/347 346/346/346 343/343/343
f 348/348/348 350/350/350 351/351/351
f 346/346/346 344/344/344 343/343/343
f 348/348/348 349/349/349 350/350/350
f 343/343/343 344/344/344 345/345/345
f 365/365/365 364/364/364 359/359/359
f 366/366/366 362/362/362 364/364/364
f 356/356/356 365/365/365 359/359/359
f 356/356/356 359/359/359 357/357/357
f 356/356/356 357/357/357 358/358/358
f 367/367/367 362/362/362 366/366/366
f 352/352/352 354/354/354 355/355/355
f 361/361/361 356/356/356 358/358/358
f 352/352/352 353/353/353 354/354/354
f 371/371/371 357/357/357 361/361/361
f 360/360/360 361/361/361 357/357/357
f 360/360/360 357/357/357 359/359/359
f 369/369/369 361/361/361 360/360/360
f 364/364/364 362/362/362 359/359/359
f 359/359/359 362/362/362 360/360/360
f 363/363/363 360/360/360 362/362/362
f 360/360/360 368/368/368 369/369/369
f 363/363/363 368/368/368 360/360/360
f 370/370/370 369/369/369 368/368/368
f 641/641/641 642/642/642 643/643/643
f 647/647/647 646/646/646 643/643/643
f 644/644/644 641/641/641 643/643/643
f 644/644/644 643/643/643 646/646/646
f 644/644/644 645/645/645 641/641/641
f 651/651/651 650/650/650 653/653/653
f 651/651/651 653/653/653 654/654/654
f 655/655/655 654/654/654 656/656/656
f 645/645/645 644/644/644 667/667/667
f 646/646/646 650/650/650 648/648/648
f 651/651/651 648/648/648 650/650/650
f 648/648/648 644/644/644 646/646/646
f 664/664/664 662/662/662 665/665/665
f 654/654/654 655/655/655 651/651/651
f 656/656/656 665/665/665 658/658/658
f 648/648/648 651/651/651 652/652/652
f 675/675/675 663/663/663 664/664/664
f 664/664/664 663/663/663 662/662/662
f 655/655/655 657/657/657 651/651/651
f 665/665/665 662/662/662 658/658/658
f 644/644/644 648/648/648 649/649/649
f 644/644/644 649/649/649 666/666/666
f 677/677/677 681/681/681 680/680/680
f 681/681/681 684/684/684 680/680/680
f 675/675/675 677/677/677 676/676/676
f 658/658/658 657/657/657 655/655/655
f 657/657/657 658/658/658 662/662/662
f 675/675/675 676/676/676 663/663/663
f 644/644/644 666/666/666 667/667/667
f 657/657/657 659/659/659 651/651/651
f 657/657/657 662/662/662 661/661/661
f 651/651/651 659/659/659 652/652/652
f 678/678/678 676/676/676 677/677/677
f 688/688/688 683/683/683 684/684/684
f 684/684/684 683/683/683 680/680/680
f 688/688/688 689/689/689 686/686/686
f 679/679/679 677/677/677 680/680/680
f 677/677/677 679/679/679 678/678/678
f 649/649/649 648/648/648 652/652/652
f 689/689/689 690/690/690 686/686/686
f 688/688/688 686/686/686 683/683/683
f 661/661/661 662/662/662 663/663/663
f 679/679/679 680/680/680 682/682/682
f 697/697/697 705/705/705 701/701/701
f 668/668/668 671/671/671 659/659/659
f 659/659/659 671/671/671 652/652/652
f 682/682/682 680/680/680 683/683/683
f 657/657/657 660/660/660 659/659/659
f 668/668/668 659/659/659 660/660/660
f 661/661/661 660/660/660 657/657/657
f 668/668/668 660/660/660 669/669/669
f 686/686/686 685/685/685 683/683/683
f 692/692/692 691/691/691 690/690/690
f 475/475/475 476/476/476 477/477/477
f 660/660/660 670/670/670 669/669/669
f 690/690/690 691/691/691 686/686/686
f 683/683/683 685/685/685 682/682/682
f 479/479/479 475/475/475 477/477/477
f 671/671/671 668/668/668 672/672/672
f 692/692/692 694/694/694 691/691/691
f 482/482/482 476/476/476 484/484/484
f 691/691/691 687/687/687 686/686/686
f 477/477/477 476/476/476 478/478/478
f 694/694/694 692/692/692 695/695/695
f 685/685/685 686/686/686 687/687/687
f 673/673/673 671/671/671 672/672/672
f 481/481/481 477/477/477 478/478/478
f 704/704/704 700/700/700 701/701/701
f 696/696/696 695/695/695 697/697/697
f 696/696/696 694/694/694 695/695/695
f 694/694/694 693/693/693 691/691/691
f 673/673/673 672/672/672 674/674/674
f 701/701/701 700/700/700 697/697/697
f 482/482/482 478/478/478 476/476/476
f 687/687/687 691/691/691 693/693/693
f 484/484/484 485/485/485 482/482/482
f 477/477/477 480/480/480 479/479/479
f 700/700/700 704/704/704 703/703/703
f 486/486/486 485/485/485 484/484/484
f 480/480/480 477/477/477 481/481/481
f 696/696/696 697/697/697 698/698/698
f 700/700/700 703/703/703 702/702/702
f 699/699/699 697/697/697 700/700/700
f 478/478/478 482/482/482 483/483/483
f 698/698/698 697/697/697 699/699/699
f 486/486/486 616/616/616 485/485/485
f 702/702/702 699/699/699 700/700/700
f 616/616/616 486/486/486 607/607/607
f 485/485/485 487/487/487 482/482/482
f 616/616/616 607/607/607 604/604/604
f 610/610/610 608/608/608 615/615/615
f 610/610/610 614/614/614 612/612/612
f 608/608/608 600/600/600 599/599/599
f 604/604/604 607/607/607 606/606/606
f 483/483/483 482/482/482 489/489/489
f 608/608/608 599/599/599 606/606/606
f 482/482/482 487/487/487 489/489/489
f 609/609/609 610/610/610 612/612/612
f 616/616/616 618/618/618 485/485/485
f 608/608/608 610/610/610 609/609/609
f 491/491/491 483/483/483 489/489/489
f 604/604/604 606/606/606 599/599/599
f 492/492/492 491/491/491 489/489/489
f 604/604/604 617/617/617 616/616/616
f 618/618/618 616/616/616 617/617/617
f 609/609/609 612/612/612 611/611/611
f 600/600/600 608/608/608 609/609/609
f 618/618/618 488/488/488 485/485/485
f 485/485/485 488/488/488 487/487/487
f 598/598/598 609/609/609 611/611/611
f 600/600/600 609/609/609 598/598/598
f 488/488/488 618/618/618 619/619/619
f 489/489/489 487/487/487 490/490/490
f 618/618/618 617/617/617 619/619/619
f 599/599/599 597/597/597 596/596/596
f 599/599/599 600/600/600 597/597/597
f 600/600/600 598/598/598 597/597/597
f 602/602/602 604/604/604 599/599/599
f 597/597/597 598/598/598 592/592/592
f 605/605/605 617/617/617 604/604/604
f 602/602/602 605/605/605 604/604/604
f 611/611/611 613/613/613 598/598/598
f 597/597/597 595/595/595 596/596/596
f 592/592/592 598/598/598 613/613/613
f 489/489/489 490/490/490 493/493/493
f 592/592/592 613/613/613 590/590/590
f 597/597/597 592/592/592 595/595/595
f 487/487/487 488/488/488 490/490/490
f 590/590/590 591/591/591 592/592/592
f 592/592/592 591/591/591 595/595/595
f 599/599/599 601/601/601 602/602/602
f 619/619/619 617/617/617 620/620/620
f 492/492/492 489/489/489 493/493/493
f 599/599/599 596/596/596 601/601/601
f 602/602/602 601/601/601 603/603/603
f 603/603/603 605/605/605 602/602/602
f 596/596/596 595/595/595 593/593/593
f 620/620/620 617/617/617 605/605/605
f 492/492/492 493/493/493 494/494/494
f 601/601/601 596/596/596 593/593/593
f 488/488/488 619/619/619 621/621/621
f 490/490/490 488/488/488 623/623/623
f 620/620/620 622/622/622 619/619/619
f 619/619/619 622/622/622 621/621/621
f 591/591/591 593/593/593 595/595/595
f 494/494/494 493/493/493 495/495/495
f 591/591/591 590/590/590 589/589/589
f 589/589/589 590/590/590 588/588/588
f 488/488/488 621/621/621 623/623/623
f 601/601/601 633/633/633 603/603/603
f 591/591/591 589/589/589 593/593/593
f 603/603/603 634/634/634 605/605/605
f 603/603/603 633/633/633 634/634/634
f 601/601/601 593/593/593 633/633/633
f 634/634/634 620/620/620 605/605/605
f 493/493/493 490/490/490 623/623/623
f 494/494/494 495/495/495 497/497/497
f 589/589/589 594/594/594 593/593/593
f 629/629/629 621/621/621 622/622/622
f 637/637/637 622/622/622 620/620/620
f 493/493/493 496/496/496 495/495/495
f 622/622/622 637/637/637 629/629/629
f 633/633/633 593/593/593 632/632/632
f 621/621/621 624/624/624 623/623/623
f 493/493/493 623/623/623 498/498/498
f 496/496/496 493/493/493 498/498/498
f 637/637/637 620/620/620 636/636/636
f 588/588/588 586/586/586 589/589/589
f 631/631/631 634/634/634 633/633/633
f 593/593/593 594/594/594 632/632/632
f 620/620/620 634/634/634 631/631/631
f 496/496/496 499/499/499 495/495/495
f 589/589/589 587/587/587 594/594/594
f 621/621/621 566/566/566 624/624/624
f 621/621/621 629/629/629 566/566/566
f 632/632/632 631/631/631 633/633/633
f 588/588/588 583/583/583 586/586/586
f 620/620/620 631/631/631 636/636/636
f 629/629/629 636/636/636 631/631/631
f 589/589/589 586/586/586 587/587/587
f 501/501/501 495/495/495 499/499/499
f 531/531/531 540/540/540 538/538/538
f 624/624/624 498/498/498 623/623/623
f 372/372/372 373/373/373 374/374/374
f 584/584/584 586/586/586 583/583/583
f 502/502/502 501/501/501 499/499/499
f 584/584/584 587/587/587 586/586/586
f 629/629/629 631/631/631 630/630/630
f 629/629/629 630/630/630 566/566/566
f 575/575/575 594/594/594 587/587/587
f 632/632/632 594/594/594 575/575/575
f 498/498/498 626/626/626 496/496/496
f 635/635/635 587/587/587 584/584/584
f 500/500/500 499/499/499 496/496/496
f 632/632/632 573/573/573 631/631/631
f 631/631/631 569/569/569 630/630/630
f 573/573/573 632/632/632 575/575/575
f 626/626/626 500/500/500 496/496/496
f 575/575/575 587/587/587 576/576/576
f 587/587/587 635/635/635 576/576/576
f 584/584/584 585/585/585 635/635/635
f 584/584/584 580/580/580 585/585/585
f 580/580/580 584/584/584 583/583/583
f 573/573/573 569/569/569 631/631/631
f 583/583/583 582/582/582 580/580/580
f 498/498/498 625/625/625 626/626/626
f 498/498/498 624/624/624 625/625/625
f 500/500/500 502/502/502 499/499/499
f 581/581/581 585/585/585 580/580/580
f 582/582/582 578/578/578 580/580/580
f 630/630/630 567/567/567 566/566/566
f 624/624/624 566/566/566 563/563/563
f 625/625/625 624/624/624 563/563/563
f 638/638/638 585/585/585 581/581/581
f 538/538/538 533/533/533 531/531/531
f 581/581/581 580/580/580 579/579/579
f 578/578/578 579/579/579 580/580/580
f 539/539/539 533/533/533 538/538/538
f 630/630/630 569/569/569 567/567/567
f 535/535/535 536/536/536 537/537/537
f 581/581/581 579/579/579 639/639/639
f 639/639/639 638/638/638 581/581/581
f 706/706/706 707/707/707 708/708/708
f 468/468/468 467/467/467 465/465/465
f 709/709/709 710/710/710 711/711/711
f 638/638/638 639/639/639 576/576/576
f 504/504/504 626/626/626 625/625/625
f 467/467/467 464/464/464 465/465/465
f 640/640/640 576/576/576 639/639/639
f 463/463/463 466/466/466 465/465/465
f 712/712/712 709/709/709 711/711/711
f 565/565/565 563/563/563 566/566/566
f 469/469/469 466/466/466 463/463/463
f 463/463/463 465/465/465 464/464/464
f 625/625/625 563/563/563 564/564/564
f 469/469/469 470/470/470 471/471/471
f 500/500/500 626/626/626 504/504/504
f 532/532/532 531/531/531 533/533/533
f 532/532/532 536/536/536 535/535/535
f 567/567/567 565/565/565 566/566/566
f 575/575/575 574/574/574 573/573/573
f 575/575/575 576/576/576 574/574/574
f 504/504/504 625/625/625 564/564/564
f 569/569/569 573/573/573 572/572/572
f 576/576/576 577/577/577 574/574/574
f 563/563/563 561/561/561 564/564/564
f 503/503/503 500/500/500 504/504/504
f 469/469/469 459/459/459 470/470/470
f 576/576/576 640/640/640 577/577/577
f 500/500/500 503/503/503 502/502/502
f 464/464/464 462/462/462 463/463/463
f 627/627/627 504/504/504 564/564/564
f 469/469/469 463/463/463 459/459/459
f 563/563/563 565/565/565 560/560/560
f 569/569/569 568/568/568 567/567/567
f 560/560/560 561/561/561 563/563/563
f 570/570/570 569/569/569 572/572/572
f 463/463/463 458/458/458 459/459/459
f 560/560/560 565/565/565 567/567/567
f 570/570/570 568/568/568 569/569/569
f 628/628/628 564/564/564 561/561/561
f 458/458/458 463/463/463 462/462/462
f 627/627/627 564/564/564 628/628/628
f 535/535/535 534/534/534 532/532/532
f 502/502/502 503/503/503 505/505/505
f 504/504/504 627/627/627 503/503/503
f 567/567/567 568/568/568 560/560/560
f 509/509/509 627/627/627 628/628/628
f 531/531/531 532/532/532 530/530/530
f 470/470/470 459/459/459 413/413/413
f 572/572/572 573/573/573 571/571/571
f 628/628/628 561/561/561 562/562/562
f 572/572/572 571/571/571 570/570/570
f 411/411/411 470/470/470 413/413/413
f 534/534/534 530/530/530 532/532/532
f 560/560/560 568/568/568 570/570/570
f 628/628/628 562/562/562 509/509/509
f 531/531/531 530/530/530 529/529/529
f 412/412/412 411/411/411 413/413/413
f 627/627/627 509/509/509 503/503/503
f 506/506/506 505/505/505 503/503/503
f 459/459/459 415/415/415 413/413/413
f 550/550/550 573/573/573 574/574/574
f 560/560/560 559/559/559 561/561/561
f 458/458/458 415/415/415 459/459/459
f 462/462/462 460/460/460 458/458/458
f 571/571/571 573/573/573 550/550/550
f 552/552/552 560/560/560 570/570/570
f 561/561/561 557/557/557 562/562/562
f 508/508/508 503/503/503 509/509/509
f 570/570/570 571/571/571 552/552/552
f 557/557/557 509/509/509 562/562/562
f 505/505/505 506/506/506 507/507/507
f 557/557/557 561/561/561 559/559/559
f 413/413/413 415/415/415 412/412/412
f 534/534/534 507/507/507 530/530/530
f 559/559/559 560/560/560 555/555/555
f 509/509/509 557/557/557 508/508/508
f 408/408/408 411/411/411 412/412/412
f 503/503/503 508/508/508 506/506/506
f 530/530/530 507/507/507 513/513/513
f 552/552/552 555/555/555 560/560/560
f 408/408/408 410/410/410 411/411/411
f 415/415/415 414/414/414 412/412/412
f 559/559/559 555/555/555 557/557/557
f 571/571/571 547/547/547 552/552/552
f 555/555/555 552/552/552 551/551/551
f 507/507/507 506/506/506 510/510/510
f 408/408/408 412/412/412 414/414/414
f 530/530/530 513/513/513 529/529/529
f 571/571/571 550/550/550 547/547/547
f 558/558/558 508/508/508 557/557/557
f 508/508/508 510/510/510 506/506/506
f 551/551/551 552/552/552 547/547/547
f 548/548/548 550/550/550 574/574/574
f 550/550/550 548/548/548 547/547/547
f 529/529/529 516/516/516 528/528/528
f 407/407/407 410/410/410 408/408/408
f 456/456/456 415/415/415 458/458/458
f 460/460/460 456/456/456 458/458/458
f 513/513/513 507/507/507 512/512/512
f 408/408/408 414/414/414 416/416/416
f 551/551/551 547/547/547 549/549/549
f 415/415/415 455/455/455 414/414/414
f 456/456/456 455/455/455 415/415/415
f 551/551/551 549/549/549 553/553/553
f 555/555/555 551/551/551 554/554/554
f 513/513/513 516/516/516 529/529/529
f 547/547/547 548/548/548 549/549/549
f 461/461/461 456/456/456 460/460/460
f 555/555/555 544/544/544 557/557/557
f 512/512/512 507/507/507 510/510/510
f 414/414/414 455/455/455 417/417/417
f 558/558/558 557/557/557 544/544/544
f 408/408/408 403/403/403 407/407/407
f 558/558/558 511/511/511 508/508/508
f 551/551/551 553/553/553 554/554/554
f 417/417/417 416/416/416 414/414/414
f 456/456/456 453/453/453 455/455/455
f 456/456/456 461/461/461 457/457/457
f 528/528/528 516/516/516 520/520/520
f 405/405/405 401/401/401 406/406/406
f 407/407/407 403/403/403 405/405/405
f 456/456/456 457/457/457 453/453/453
f 417/417/417 455/455/455 420/420/420
f 544/544/544 511/511/511 558/558/558
f 401/401/401 405/405/405 403/403/403
f 408/408/408 416/416/416 403/403/403
f 510/510/510 508/508/508 511/511/511
f 418/418/418 417/417/417 420/420/420
f 512/512/512 516/516/516 513/513/513
f 420/420/420 455/455/455 453/453/453
f 417/417/417 418/418/418 416/416/416
f 461/461/461 472/472/472 457/457/457
f 409/409/409 406/406/406 402/402/402
f 555/555/555 556/556/556 544/544/544
f 416/416/416 404/404/404 403/403/403
f 404/404/404 416/416/416 418/418/418
f 406/406/406 401/401/401 402/402/402
f 399/399/399 403/403/403 404/404/404
f 453/453/453 452/452/452 420/420/420
f 555/555/555 554/554/554 556/556/556
f 420/420/420 419/419/419 418/418/418
f 404/404/404 418/418/418 419/419/419
f 420/420/420 421/421/421 419/419/419
f 420/420/420 430/430/430 421/421/421
f 512/512/512 510/510/510 514/514/514
f 457/457/457 472/472/472 473/473/473
f 402/402/402 401/401/401 391/391/391
f 403/403/403 399/399/399 401/401/401
f 453/453/453 457/457/457 473/473/473
f 400/400/400 404/404/404 419/419/419
f 400/400/400 399/399/399 404/404/404
f 472/472/472 474/474/474 473/473/473
f 454/454/454 452/452/452 453/453/453
f 454/454/454 453/453/453 473/473/473
f 419/419/419 421/421/421 400/400/400
f 399/399/399 400/400/400 397/397/397
f 420/420/420 452/452/452 430/430/430
f 402/402/402 384/384/384 409/409/409
f 399/399/399 391/391/391 401/401/401
f 544/544/544 556/556/556 543/543/543
f 399/399/399 397/397/397 393/393/393
f 391/391/391 386/386/386 402/402/402
f 543/543/543 511/511/511 544/544/544
f 402/402/402 386/386/386 384/384/384
f 515/515/515 514/514/514 510/510/510
f 510/510/510 511/511/511 515/515/515
f 421/421/421 422/422/422 400/400/400
f 452/452/452 432/432/432 430/430/430
f 399/399/399 390/390/390 391/391/391
f 421/421/421 430/430/430 429/429/429
f 516/516/516 512/512/512 514/514/514
f 390/390/390 386/386/386 391/391/391
f 390/390/390 399/399/399 393/393/393
f 515/515/515 517/517/517 514/514/514
f 393/393/393 392/392/392 390/390/390
f 400/400/400 422/422/422 397/397/397
f 384/384/384 386/386/386 383/383/383
f 516/516/516 514/514/514 517/517/517
f 515/515/515 511/511/511 542/542/542
f 511/511/511 543/543/543 542/542/542
f 397/397/397 422/422/422 398/398/398
f 380/380/380 384/384/384 383/383/383
f 542/542/542 543/543/543 545/545/545
f 546/546/546 545/545/545 543/543/543
f 422/422/422 424/424/424 398/398/398
f 388/388/388 386/386/386 390/390/390
f 390/390/390 392/392/392 388/388/388
f 518/518/518 516/516/516 517/517/517
f 383/383/383 386/386/386 385/385/385
f 423/423/423 422/422/422 421/421/421
f 519/519/519 516/516/516 518/518/518
f 516/516/516 519/519/519 520/520/520
f 422/422/422 423/423/423 424/424/424
f 382/382/382 380/380/380 383/383/383
f 385/385/385 386/386/386 388/388/388
f 380/380/380 379/379/379 377/377/377
f 424/424/424 395/395/395 398/398/398
f 541/541/541 515/515/515 542/542/542
f 375/375/375 377/377/377 379/379/379
f 379/379/379 380/380/380 382/382/382
f 382/382/382 383/383/383 385/385/385
f 375/375/375 376/376/376 377/377/377
f 517/517/517 515/515/515 541/541/541
f 518/518/518 521/521/521 519/519/519
f 397/397/397 398/398/398 395/395/395
f 432/432/432 431/431/431 430/430/430
f 525/525/525 520/520/520 519/519/519
f 397/397/397 395/395/395 393/393/393
f 395/395/395 424/424/424 425/425/425
f 375/375/375 378/378/378 376/376/376
f 521/521/521 518/518/518 522/522/522
f 519/519/519 523/523/523 525/525/525
f 429/429/429 423/423/423 421/421/421
f 425/425/425 424/424/424 423/423/423
f 382/382/382 381/381/381 379/379/379
f 388/388/388 387/387/387 385/385/385
f 379/379/379 381/381/381 375/375/375
f 430/430/430 431/431/431 429/429/429
f 429/429/429 427/427/427 423/423/423
f 385/385/385 387/387/387 382/382/382
f 519/519/519 521/521/521 523/523/523
f 395/395/395 394/394/394 393/393/393
f 388/388/388 392/392/392 389/389/389
f 392/392/392 393/393/393 394/394/394
f 425/425/425 423/423/423 427/427/427
f 387/387/387 388/388/388 389/389/389
f 427/427/427 429/429/429 428/428/428
f 389/389/389 392/392/392 394/394/394
f 525/525/525 523/523/523 526/526/526
f 427/427/427 426/426/426 425/425/425
f 394/394/394 395/395/395 396/396/396
f 521/521/521 524/524/524 523/523/523
f 428/428/428 426/426/426 427/427/427
f 426/426/426 395/395/395 425/425/425
f 396/396/396 395/395/395 426/426/426
f 431/431/431 433/433/433 429/429/429
f 396/396/396 426/426/426 438/438/438
f 426/426/426 428/428/428 438/438/438
f 450/450/450 448/448/448 449/449/449
f 428/428/428 429/429/429 436/436/436
f 448/448/448 447/447/447 442/442/442
f 429/429/429 433/433/433 434/434/434
f 449/449/449 448/448/448 442/442/442
f 436/436/436 438/438/438 428/428/428
f 433/433/433 451/451/451 449/449/449
f 524/524/524 527/527/527 523/523/523
f 449/449/449 442/442/442 435/435/435
f 438/438/438 436/436/436 439/439/439
f 434/434/434 436/436/436 429/429/429
f 442/442/442 447/447/447 446/446/446
f 433/433/433 449/449/449 435/435/435
f 433/433/433 435/435/435 434/434/434
f 434/434/434 437/437/437 436/436/436
f 446/446/446 441/441/441 442/442/442
f 442/442/442 441/441/441 435/435/435
f 436/436/436 437/437/437 439/439/439
f 446/446/446 445/445/445 441/441/441
f 435/435/435 437/437/437 434/434/434
f 435/435/435 440/440/440 437/437/437
f 435/435/435 441/441/441 440/440/440
f 445/445/445 444/444/444 441/441/441
f 444/444/444 443/443/443 441/441/441
f 440/440/440 441/441/441 443/443/443
f 658/658/658 655/655/655 656/656/656
f 527/527/527 526/526/526 523/523/523
f 713/713/713 714/714/714 715/715/715
f 714/714/714 716/716/716 715/715/715
f 715/715/715 716/716/716 721/721/721
f 719/719/719 721/721/721 716/716/716
f 730/730/730 731/731/731 732/732/732
f 714/714/714 717/717/717 716/716/716
f 717/717/717 719/719/719 716/716/716
f 720/720/720 719/719/719 717/717/717
f 714/714/714 718/718/718 717/717/717
f 722/722/722 717/717/717 718/718/718
f 727/727/727 728/728/728 725/725/725
f 720/720/720 717/717/717 722/722/722
f 722/722/722 718/718/718 723/723/723
f 724/724/724 722/722/722 723/723/723
f 724/724/724 725/725/725 722/722/722
f 727/727/727 725/725/725 726/726/726
f 725/725/725 724/724/724 726/726/726
f 729/729/729 727/727/727 726/726/726
f 733/733/733 734/734/734 735/735/735
f 735/735/735 737/737/737 736/736/736
f 733/733/733 735/735/735 736/736/736
f 738/738/738 739/739/739 740/740/740
f 738/738/738 740/740/740 742/742/742
f 741/741/741 740/740/740 739/739/739
f 756/756/756 753/753/753 754/754/754
f 740/740/740 743/743/743 742/742/742
f 740/740/740 741/741/741 743/743/743
f 751/751/751 752/752/752 753/753/753
f 751/751/751 743/743/743 749/749/749
f 758/758/758 756/756/756 757/757/757
f 744/744/744 743/743/743 741/741/741
f 748/748/748 749/749/749 743/743/743
f 751/751/751 749/749/749 752/752/752
f 753/753/753 752/752/752 754/754/754
f 757/757/757 756/756/756 754/754/754
f 743/743/743 747/747/747 748/748/748
f 743/743/743 745/745/745 747/747/747
f 743/743/743 744/744/744 745/745/745
f 752/752/752 749/749/749 750/750/750
f 763/763/763 761/761/761 762/762/762
f 748/748/748 750/750/750 749/749/749
f 759/759/759 757/757/757 754/754/754
f 760/760/760 761/761/761 758/758/758
f 754/754/754 752/752/752 755/755/755
f 762/762/762 764/764/764 763/763/763
f 758/758/758 757/757/757 760/760/760
f 760/760/760 757/757/757 759/759/759
f 750/750/750 755/755/755 752/752/752
f 755/755/755 759/759/759 754/754/754
f 744/744/744 746/746/746 745/745/745
f 762/762/762 761/761/761 760/760/760
f 799/799/799 750/750/750 797/797/797
f 748/748/748 797/797/797 750/750/750
f 798/798/798 797/797/797 748/748/748
f 764/764/764 762/762/762 765/765/765
f 799/799/799 800/800/800 750/750/750
f 773/773/773 775/775/775 771/771/771
f 770/770/770 764/764/764 768/768/768
f 800/800/800 799/799/799 801/801/801
f 784/784/784 788/788/788 789/789/789
f 783/783/783 788/788/788 784/784/784
f 784/784/784 781/781/781 783/783/783
f 800/800/800 801/801/801 802/802/802
f 765/765/765 766/766/766 764/764/764
f 767/767/767 768/768/768 764/764/764
f 770/770/770 768/768/768 771/771/771
f 771/771/771 768/768/768 772/772/772
f 781/781/781 778/778/778 780/780/780
f 767/767/767 764/764/764 766/766/766
f 783/783/783 781/781/781 780/780/780
f 771/771/771 772/772/772 773/773/773
f 783/783/783 786/786/786 788/788/788
f 787/787/787 793/793/793 794/794/794
f 772/772/772 768/768/768 769/769/769
f 783/783/783 780/780/780 785/785/785
f 769/769/769 768/768/768 767/767/767
f 774/774/774 773/773/773 772/772/772
f 774/774/774 776/776/776 773/773/773
f 777/777/777 778/778/778 776/776/776
f 785/785/785 786/786/786 783/783/783
f 793/793/793 791/791/791 795/795/795
f 787/787/787 786/786/786 785/785/785
f 793/793/793 787/787/787 791/791/791
f 790/790/790 791/791/791 787/787/787
f 796/796/796 772/772/772 769/769/769
f 792/792/792 795/795/795 791/791/791
f 777/777/777 779/779/779 778/778/778
f 776/776/776 774/774/774 777/777/777
f 780/780/780 778/778/778 779/779/779
f 790/790/790 792/792/792 791/791/791
f 779/779/779 782/782/782 780/780/780
f 787/787/787 785/785/785 790/790/790
f 803/803/803 804/804/804 805/805/805
f 803/803/803 805/805/805 806/806/806
f 808/808/808 806/806/806 809/809/809
f 807/807/807 803/803/803 806/806/806
f 806/806/806 808/808/808 807/807/807
f 808/808/808 809/809/809 839/839/839
f 808/808/808 810/810/810 807/807/807
f 837/837/837 839/839/839 836/836/836
f 807/807/807 810/810/810 812/812/812
f 835/835/835 836/836/836 838/838/838
f 837/837/837 808/808/808 839/839/839
f 837/837/837 836/836/836 834/834/834
f 811/811/811 810/810/810 808/808/808
f 834/834/834 836/836/836 835/835/835
f 810/810/810 813/813/813 812/812/812
f 811/811/811 808/808/808 837/837/837
f 813/813/813 814/814/814 812/812/812
f 811/811/811 813/813/813 810/810/810
f 813/813/813 815/815/815 814/814/814
f 816/816/816 814/814/814 815/815/815
f 815/815/815 834/834/834 818/818/818
f 815/815/815 817/817/817 816/816/816
f 818/818/818 834/834/834 835/835/835
f 818/818/818 817/817/817 815/815/815
f 819/819/819 816/816/816 817/817/817
f 819/819/819 817/817/817 820/820/820
f 822/822/822 817/817/817 818/818/818
f 820/820/820 817/817/817 821/821/821
f 817/817/817 822/822/822 821/821/821
f 822/822/822 823/823/823 821/821/821
f 823/823/823 827/827/827 825/825/825
f 824/824/824 823/823/823 825/825/825
f 823/823/823 824/824/824 821/821/821
f 824/824/824 825/825/825 828/828/828
f 821/821/821 824/824/824 826/826/826
f 829/829/829 824/824/824 828/828/828
f 828/828/828 831/831/831 829/829/829
f 824/824/824 829/829/829 830/830/830
f 830/830/830 833/833/833 824/824/824
f 831/831/831 832/832/832 829/829/829
f 832/832/832 830/830/830 829/829/829
f 840/840/840 841/841/841 842/842/842
f 845/845/845 840/840/840 843/843/843
f 842/842/842 843/843/843 840/840/840
f 846/846/846 845/845/845 843/843/843
f 844/844/844 843/843/843 842/842/842
f 844/844/844 842/842/842 847/847/847
f 847/847/847 848/848/848 844/844/844
f 849/849/849 850/850/850 851/851/851
f 851/851/851 850/850/850 852/852/852
f 855/855/855 857/857/857 856/856/856
f 856/856/856 853/853/853 855/855/855
f 861/861/861 860/860/860 859/859/859
f 854/854/854 853/853/853 851/851/851
f 859/859/859 857/857/857 858/858/858
f 853/853/853 849/849/849 851/851/851
f 855/855/855 853/853/853 854/854/854
f 858/858/858 857/857/857 855/855/855
f 859/859/859 860/860/860 857/857/857
f 862/862/862 863/863/863 864/864/864
f 865/865/865 866/866/866 867/867/867
f 867/867/867 866/866/866 869/869/869
f 866/866/866 865/865/865 868/868/868
f 866/866/866 870/870/870 869/869/869
f 873/873/873 872/872/872 868/868/868
f 868/868/868 872/872/872 866/866/866
f 873/873/873 874/874/874 872/872/872
f 872/872/872 871/871/871 866/866/866
f 871/871/871 870/870/870 866/866/866
f 874/874/874 873/873/873 875/875/875
f 875/875/875 876/876/876 874/874/874
f 876/876/876 872/872/872 874/874/874
f 875/875/875 877/877/877 876/876/876
f 878/878/878 879/879/879 880/880/880
f 879/879/879 881/881/881 927/927/927
f 893/893/893 884/884/884 882/882/882
f 882/882/882 883/883/883 878/878/878
f 892/892/892 884/884/884 893/893/893
f 930/930/930 929/929/929 931/931/931
f 882/882/882 878/878/878 880/880/880
f 881/881/881 879/879/879 878/878/878
f 884/884/884 892/892/892 890/890/890
f 894/894/894 895/895/895 897/897/897
f 882/882/882 884/884/884 883/883/883
f 900/900/900 899/899/899 901/901/901
f 892/892/892 895/895/895 894/894/894
f 890/890/890 892/892/892 894/894/894
f 929/929/929 930/930/930 927/927/927
f 899/899/899 900/900/900 898/898/898
f 899/899/899 898/898/898 897/897/897
f 929/929/929 932/932/932 931/931/931
f 927/927/927 928/928/928 929/929/929
f 927/927/927 881/881/881 928/928/928
f 884/884/884 887/887/887 883/883/883
f 898/898/898 894/894/894 897/897/897
f 881/881/881 878/878/878 886/886/886
f 896/896/896 890/890/890 894/894/894
f 885/885/885 878/878/878 883/883/883
f 890/890/890 889/889/889 884/884/884
f 891/891/891 889/889/889 890/890/890
f 889/889/889 888/888/888 884/884/884
f 883/883/883 887/887/887 885/885/885
f 878/878/878 885/885/885 886/886/886
f 887/887/887 884/884/884 888/888/888
f 902/902/902 891/891/891 903/903/903
f 891/891/891 902/902/902 889/889/889
f 903/903/903 907/907/907 906/906/906
f 903/903/903 904/904/904 902/902/902
f 904/904/904 903/903/903 905/905/905
f 903/903/903 906/906/906 905/905/905
f 906/906/906 911/911/911 910/910/910
f 912/912/912 910/910/910 914/914/914
f 912/912/912 908/908/908 910/910/910
f 912/912/912 913/913/913 908/908/908
f 908/908/908 905/905/905 906/906/906
f 908/908/908 906/906/906 910/910/910
f 922/922/922 916/916/916 913/913/913
f 908/908/908 909/909/909 905/905/905
f 921/921/921 916/916/916 922/922/922
f 908/908/908 913/913/913 915/915/915
f 920/920/920 916/916/916 921/921/921
f 916/916/916 915/915/915 913/913/913
f 921/921/921 923/923/923 924/924/924
f 909/909/909 908/908/908 917/917/917
f 917/917/917 908/908/908 915/915/915
f 919/919/919 916/916/916 920/920/920
f 924/924/924 925/925/925 921/921/921
f 918/918/918 915/915/915 916/916/916
f 917/917/917 915/915/915 918/918/918
f 918/918/918 916/916/916 919/919/919
f 922/922/922 923/923/923 921/921/921
f 926/926/926 925/925/925 924/924/924
f 942/942/942 943/943/943 940/940/940
f 941/941/941 940/940/940 944/944/944
f 940/940/940 943/943/943 944/944/944
f 945/945/945 946/946/946 941/941/941
f 947/947/947 941/941/941 946/946/946
f 939/939/939 940/940/940 941/941/941
f 946/946/946 948/948/948 947/947/947
f 937/937/937 940/940/940 939/939/939
f 953/953/953 954/954/954 955/955/955
f 935/935/935 948/948/948 946/946/946
f 945/945/945 941/941/941 944/944/944
f 933/933/933 934/934/934 935/935/935
f 956/956/956 953/953/953 955/955/955
f 933/933/933 936/936/936 934/934/934
f 934/934/934 936/936/936 937/937/937
f 939/939/939 934/934/934 937/937/937
f 937/937/937 936/936/936 938/938/938
f 951/951/951 950/950/950 952/952/952
f 949/949/949 950/950/950 951/951/951
f 957/957/957 958/958/958 959/959/959
f 967/967/967 965/965/965 966/966/966
f 977/977/977 979/979/979 978/978/978
f 967/967/967 972/972/972 976/976/976
f 976/976/976 977/977/977 978/978/978
f 972/972/972 966/966/966 970/970/970
f 979/979/979 977/977/977 980/980/980
f 980/980/980 981/981/981 979/979/979
f 974/974/974 977/977/977 976/976/976
f 964/964/964 965/965/965 963/963/963
f 957/957/957 960/960/960 958/958/958
f 961/961/961 963/963/963 960/960/960
f 961/961/961 964/964/964 963/963/963
f 974/974/974 976/976/976 972/972/972
f 960/960/960 957/957/957 961/961/961
f 966/966/966 965/965/965 964/964/964
f 957/957/957 1013/1013/1013 962/962/962
f 980/980/980 982/982/982 981/981/981
f 968/968/968 966/966/966 964/964/964
f 973/973/973 972/972/972 970/970/970
f 966/966/966 969/969/969 970/970/970
f 968/968/968 969/969/969 966/966/966
f 973/973/973 974/974/974 972/972/972
f 961/961/961 957/957/957 962/962/962
f 974/974/974 975/975/975 984/984/984
f 973/973/973 975/975/975 974/974/974
f 983/983/983 975/975/975 973/973/973
f 973/973/973 970/970/970 971/971/971
f 969/969/969 971/971/971 970/970/970
f 983/983/983 973/973/973 986/986/986
f 986/986/986 987/987/987 983/983/983
f 988/988/988 992/992/992 1012/1012/1012
f 991/991/991 992/992/992 988/988/988
f 992/992/992 991/991/991 995/995/995
f 998/998/998 1000/1000/1000 1006/1006/1006
f 987/987/987 988/988/988 990/990/990
f 987/987/987 986/986/986 988/988/988
f 1006/1006/1006 1007/1007/1007 998/998/998
f 1007/1007/1007 1009/1009/1009 998/998/998
f 1006/1006/1006 1008/1008/1008 1007/1007/1007
f 991/991/991 988/988/988 989/989/989
f 993/993/993 995/995/995 991/991/991
f 1007/1007/1007 1008/1008/1008 1011/1011/1011
f 989/989/989 988/988/988 986/986/986
f 995/995/995 993/993/993 996/996/996
f 1006/1006/1006 1000/1000/1000 1005/1005/1005
f 998/998/998 996/996/996 997/997/997
f 991/991/991 989/989/989 993/993/993
f 1005/1005/1005 1000/1000/1000 1004/1004/1004
f 1007/1007/1007 1011/1011/1011 1010/1010/1010
f 1007/1007/1007 1010/1010/1010 1009/1009/1009
f 993/993/993 997/997/997 996/996/996
f 999/999/999 998/998/998 997/997/997
f 999/999/999 1000/1000/1000 998/998/998
f 1004/1004/1004 1000/1000/1000 999/999/999
f 993/993/993 989/989/989 994/994/994
f 994/994/994 997/997/997 993/993/993
f 997/997/997 1001/1001/1001 999/999/999
f 1004/1004/1004 999/999/999 1003/1003/1003
f 997/997/997 1002/1002/1002 1001/1001/1001
f 999/999/999 1001/1001/1001 1003/1003/1003
f 967/967/967 966/966/966 972/972/972
f 975/975/975 985/985/985 984/984/984
f 1029/1029/1029 1027/1027/1027 1030/1030/1030
f 1024/1024/1024 1029/1029/1029 1031/1031/1031
f 1024/1024/1024 1027/1027/1027 1029/1029/1029
f 1024/1024/1024 1023/1023/1023 1027/1027/1027
f 1032/1032/1032 1023/1023/1023 1025/1025/1025
f 1022/1022/1022 1023/1023/1023 1024/1024/1024
f 1025/1025/1025 1023/1023/1023 1022/1022/1022
f 1024/1024/1024 1031/1031/1031 1026/1026/1026
f 1018/1018/1018 1024/1024/1024 1026/1026/1026
f 1017/1017/1017 1014/1014/1014 1016/1016/1016
f 1024/1024/1024 1018/1018/1018 1022/1022/1022
f 1021/1021/1021 1028/1028/1028 1022/1022/1022
f 1022/1022/1022 1018/1018/1018 1021/1021/1021
f 1014/1014/1014 1015/1015/1015 1016/1016/1016
f 1018/1018/1018 1019/1019/1019 1020/1020/1020
f 1021/1021/1021 1018/1018/1018 1020/1020/1020
f 1028/1028/1028 1025/1025/1025 1022/1022/1022
f 1053/1053/1053 1056/1056/1056 1052/1052/1052
f 1047/1047/1047 1053/1053/1053 1052/1052/1052
f 1033/1033/1033 1034/1034/1034 1035/1035/1035
f 1052/1052/1052 1048/1048/1048 1047/1047/1047
f 1052/1052/1052 1054/1054/1054 1048/1048/1048
f 1036/1036/1036 1035/1035/1035 1034/1034/1034
f 1046/1046/1046 1047/1047/1047 1048/1048/1048
f 1046/1046/1046 1048/1048/1048 1051/1051/1051
f 1057/1057/1057 1051/1051/1051 1048/1048/1048
f 1047/1047/1047 1043/1043/1043 1045/1045/1045
f 1042/1042/1042 1045/1045/1045 1043/1043/1043
f 1049/1049/1049 1047/1047/1047 1046/1046/1046
f 1046/1046/1046 1051/1051/1051 1055/1055/1055
f 1038/1038/1038 1042/1042/1042 1043/1043/1043
f 1046/1046/1046 1055/1055/1055 1050/1050/1050
f 1049/1049/1049 1046/1046/1046 1050/1050/1050
f 1047/1047/1047 1049/1049/1049 1043/1043/1043
f 1042/1042/1042 1041/1041/1041 1044/1044/1044
f 1038/1038/1038 1041/1041/1041 1042/1042/1042
f 1041/1041/1041 1038/1038/1038 1037/1037/1037
f 1037/1037/1037 1038/1038/1038 1039/1039/1039
f 1037/1037/1037 1039/1039/1039 1040/1040/1040
f 1069/1069/1069 1064/1064/1064 1070/1070/1070
f 1076/1076/1076 1075/1075/1075 1080/1080/1080
f 1062/1062/1062 1064/1064/1064 1069/1069/1069
f 1074/1074/1074 1077/1077/1077 1075/1075/1075
f 1058/1058/1058 1063/1063/1063 1064/1064/1064
f 1068/1068/1068 1071/1071/1071 1058/1058/1058
f 1089/1089/1089 1088/1088/1088 1082/1082/1082
f 1061/1061/1061 1071/1071/1071 1072/1072/1072
f 1074/1074/1074 1076/1076/1076 1081/1081/1081
f 1074/1074/1074 1075/1075/1075 1076/1076/1076
f 1060/1060/1060 1065/1065/1065 1062/1062/1062
f 1077/1077/1077 1074/1074/1074 1078/1078/1078
f 1058/1058/1058 1064/1064/1064 1068/1068/1068
f 1071/1071/1071 1061/1061/1061 1058/1058/1058
f 1073/1073/1073 1066/1066/1066 1065/1065/1065
f 1065/1065/1065 1066/1066/1066 1062/1062/1062
f 1058/1058/1058 1059/1059/1059 1060/1060/1060
f 1062/1062/1062 1063/1063/1063 1060/1060/1060
f 1058/1058/1058 1060/1060/1060 1063/1063/1063
f 1059/1059/1059 1058/1058/1058 1061/1061/1061
f 1068/1068/1068 1064/1064/1064 1062/1062/1062
f 1078/1078/1078 1079/1079/1079 1077/1077/1077
f 1085/1085/1085 1087/1087/1087 1086/1086/1086
f 1062/1062/1062 1066/1066/1066 1067/1067/1067
f 1062/1062/1062 1067/1067/1067 1068/1068/1068
f 1084/1084/1084 1085/1085/1085 1082/1082/1082
f 1082/1082/1082 1083/1083/1083 1084/1084/1084
f 1085/1085/1085 1086/1086/1086 1082/1082/1082
f 1083/1083/1083 1082/1082/1082 1088/1088/1088
f 1090/1090/1090 1091/1091/1091 1092/1092/1092
f 1092/1092/1092 1091/1091/1091 1093/1093/1093
f 1094/1094/1094 1095/1095/1095 1096/1096/1096
f 1096/1096/1096 1095/1095/1095 1097/1097/1097
f 1098/1098/1098 1099/1099/1099 1100/1100/1100
f 1098/1098/1098 1101/1101/1101 1099/1099/1099
f 1103/1103/1103 1101/1101/1101 1098/1098/1098
f 1100/1100/1100 1102/1102/1102 1098/1098/1098
f 1102/1102/1102 1103/1103/1103 1098/1098/1098
f 1104/1104/1104 1105/1105/1105 1106/1106/1106
f 1107/1107/1107 1104/1104/1104 1106/1106/1106
f 1108/1108/1108 1109/1109/1109 1110/1110/1110
f 1108/1108/1108 1110/1110/1110 1111/1111/1111
f 1110/1110/1110 1112/1112/1112 1111/1111/1111
f 1113/1113/1113 1112/1112/1112 1110/1110/1110
f 1122/1122/1122 1123/1123/1123 1124/1124/1124
f 1121/1121/1121 1125/1125/1125 1123/1123/1123
f 1121/1121/1121 1123/1123/1123 1122/1122/1122
f 1121/1121/1121 1122/1122/1122 1120/1120/1120
f 1126/1126/1126 1125/1125/1125 1121/1121/1121
f 1126/1126/1126 1121/1121/1121 1127/1127/1127
f 1119/1119/1119 1121/1121/1121 1120/1120/1120
f 1120/1120/1120 1117/1117/1117 1119/1119/1119
f 1114/1114/1114 1115/1115/1115 1116/1116/1116
f 1117/1117/1117 1118/1118/1118 1119/1119/1119
f 1128/1128/1128 1129/1129/1129 1130/1130/1130
f 1128/1128/1128 1131/1131/1131 1129/1129/1129
f 1132/1132/1132 1131/1131/1131 1128/1128/1128
f 1135/1135/1135 1132/1132/1132 1128/1128/1128
f 1131/1131/1131 1133/1133/1133 1129/1129/1129
f 1133/1133/1133 1134/1134/1134 1129/1129/1129
f 1132/1132/1132 1133/1133/1133 1131/1131/1131
f 1148/1148/1148 1150/1150/1150 1134/1134/1134
f 1136/1136/1136 1132/1132/1132 1135/1135/1135
f 1147/1147/1147 1150/1150/1150 1148/1148/1148
f 1147/1147/1147 1148/1148/1148 1132/1132/1132
f 1140/1140/1140 1135/1135/1135 1141/1141/1141
f 1147/1147/1147 1132/1132/1132 1145/1145/1145
f 1149/1149/1149 1150/1150/1150 1147/1147/1147
f 1137/1137/1137 1132/1132/1132 1136/1136/1136
f 1145/1145/1145 1149/1149/1149 1147/1147/1147
f 1137/1137/1137 1136/1136/1136 1135/1135/1135
f 1138/1138/1138 1137/1137/1137 1135/1135/1135
f 1137/1137/1137 1145/1145/1145 1132/1132/1132
f 1149/1149/1149 1145/1145/1145 1146/1146/1146
f 1138/1138/1138 1139/1139/1139 1137/1137/1137
f 1143/1143/1143 1145/1145/1145 1137/1137/1137
f 1143/1143/1143 1146/1146/1146 1145/1145/1145
f 1142/1142/1142 1143/1143/1143 1137/1137/1137
f 1139/1139/1139 1142/1142/1142 1137/1137/1137
f 1146/1146/1146 1151/1151/1151 1149/1149/1149
f 1146/1146/1146 1143/1143/1143 1144/1144/1144
f 1146/1146/1146 1152/1152/1152 1151/1151/1151
f 1144/1144/1144 1143/1143/1143 1142/1142/1142
f 1153/1153/1153 1146/1146/1146 1144/1144/1144
f 1146/1146/1146 1153/1153/1153 1152/1152/1152
f 1157/1157/1157 1144/1144/1144 1142/1142/1142
f 1152/1152/1152 1153/1153/1153 1154/1154/1154
f 1155/1155/1155 1154/1154/1154 1153/1153/1153
f 1155/1155/1155 1156/1156/1156 1154/1154/1154
f 1157/1157/1157 1153/1153/1153 1144/1144/1144
f 1155/1155/1155 1153/1153/1153 1157/1157/1157
f 1155/1155/1155 1161/1161/1161 1156/1156/1156
f 1158/1158/1158 1155/1155/1155 1157/1157/1157
f 1155/1155/1155 1160/1160/1160 1161/1161/1161
f 1159/1159/1159 1160/1160/1160 1155/1155/1155
f 1159/1159/1159 1155/1155/1155 1158/1158/1158
f 1135/1135/1135 1140/1140/1140 1138/1138/1138
f 1156/1156/1156 1162/1162/1162 1154/1154/1154
f 1163/1163/1163 1164/1164/1164 1165/1165/1165
f 1167/1167/1167 1165/1165/1165 1164/1164/1164
f 1163/1163/1163 1166/1166/1166 1164/1164/1164
f 1168/1168/1168 1164/1164/1164 1166/1166/1166
f 1170/1170/1170 1171/1171/1171 1169/1169/1169
f 1164/1164/1164 1168/1168/1168 1169/1169/1169
f 1170/1170/1170 1169/1169/1169 1168/1168/1168
f 1172/1172/1172 1170/1170/1170 1168/1168/1168
f 1173/1173/1173 1170/1170/1170 1172/1172/1172
f 1174/1174/1174 1175/1175/1175 1176/1176/1176
f 1176/1176/1176 1177/1177/1177 1174/1174/1174
f 1177/1177/1177 1179/1179/1179 1174/1174/1174
f 1176/1176/1176 1178/1178/1178 1177/1177/1177
f 1178/1178/1178 1176/1176/1176 1180/1180/1180
f 1181/1181/1181 1182/1182/1182 1183/1183/1183
f 1185/1185/1185 1186/1186/1186 1187/1187/1187
f 1197/1197/1197 1187/1187/1187 1186/1186/1186
f 1186/1186/1186 1196/1196/1196 1197/1197/1197
f 1184/1184/1184 1181/1181/1181 1183/1183/1183
f 1197/1197/1197 1196/1196/1196 1192/1192/1192
f 1192/1192/1192 1196/1196/1196 1191/1191/1191
f 1194/1194/1194 1193/1193/1193 1195/1195/1195
f 1191/1191/1191 1190/1190/1190 1192/1192/1192
f 1191/1191/1191 1188/1188/1188 1190/1190/1190
f 1193/1193/1193 1194/1194/1194 1190/1190/1190
f 1188/1188/1188 1189/1189/1189 1190/1190/1190
f 1190/1190/1190 1189/1189/1189 1193/1193/1193
f 1210/1210/1210 1209/1209/1209 1208/1208/1208
f 1232/1232/1232 1235/1235/1235 1234/1234/1234
f 1232/1232/1232 1234/1234/1234 1233/1233/1233
f 1211/1211/1211 1210/1210/1210 1208/1208/1208
f 1232/1232/1232 1236/1236/1236 1235/1235/1235
f 1231/1231/1231 1232/1232/1232 1233/1233/1233
f 1206/1206/1206 1208/1208/1208 1209/1209/1209
f 1264/1264/1264 1263/1263/1263 1262/1262/1262
f 1228/1228/1228 1232/1232/1232 1231/1231/1231
f 1207/1207/1207 1211/1211/1211 1208/1208/1208
f 1228/1228/1228 1237/1237/1237 1232/1232/1232
f 1206/1206/1206 1207/1207/1207 1208/1208/1208
f 1212/1212/1212 1213/1213/1213 1214/1214/1214
f 1228/1228/1228 1231/1231/1231 1227/1227/1227
f 1260/1260/1260 1262/1262/1262 1263/1263/1263
f 1262/1262/1262 1260/1260/1260 1261/1261/1261
f 1258/1258/1258 1261/1261/1261 1260/1260/1260
f 1222/1222/1222 1228/1228/1228 1227/1227/1227
f 1222/1222/1222 1227/1227/1227 1226/1226/1226
f 1215/1215/1215 1230/1230/1230 1216/1216/1216
f 1217/1217/1217 1229/1229/1229 1218/1218/1218
f 1215/1215/1215 1216/1216/1216 1217/1217/1217
f 1223/1223/1223 1222/1222/1222 1226/1226/1226
f 1259/1259/1259 1258/1258/1258 1260/1260/1260
f 1257/1257/1257 1258/1258/1258 1259/1259/1259
f 1217/1217/1217 1218/1218/1218 1215/1215/1215
f 1222/1222/1222 1223/1223/1223 1219/1219/1219
f 1255/1255/1255 1254/1254/1254 1226/1226/1226
f 1219/1219/1219 1218/1218/1218 1222/1222/1222
f 1254/1254/1254 1223/1223/1223 1226/1226/1226
f 1219/1219/1219 1215/1215/1215 1218/1218/1218
f 1219/1219/1219 1223/1223/1223 1225/1225/1225
f 1198/1198/1198 1199/1199/1199 1200/1200/1200
f 1225/1225/1225 1223/1223/1223 1254/1254/1254
f 1225/1225/1225 1254/1254/1254 1242/1242/1242
f 1198/1198/1198 1200/1200/1200 1201/1201/1201
f 1198/1198/1198 1201/1201/1201 1204/1204/1204
f 1221/1221/1221 1215/1215/1215 1220/1220/1220
f 1221/1221/1221 1224/1224/1224 1215/1215/1215
f 1219/1219/1219 1220/1220/1220 1215/1215/1215
f 1204/1204/1204 1201/1201/1201 1205/1205/1205
f 1198/1198/1198 1204/1204/1204 1202/1202/1202
f 1202/1202/1202 1203/1203/1203 1198/1198/1198
f 1225/1225/1225 1220/1220/1220 1219/1219/1219
f 1239/1239/1239 1225/1225/1225 1242/1242/1242
f 1240/1240/1240 1241/1241/1241 1220/1220/1220
f 1249/1249/1249 1253/1253/1253 1240/1240/1240
f 1238/1238/1238 1220/1220/1220 1225/1225/1225
f 1225/1225/1225 1239/1239/1239 1238/1238/1238
f 1252/1252/1252 1253/1253/1253 1249/1249/1249
f 1239/1239/1239 1248/1248/1248 1238/1238/1238
f 1240/1240/1240 1220/1220/1220 1238/1238/1238
f 1238/1238/1238 1248/1248/1248 1244/1244/1244
f 1249/1249/1249 1250/1250/1250 1252/1252/1252
f 1246/1246/1246 1249/1249/1249 1240/1240/1240
f 1244/1244/1244 1248/1248/1248 1256/1256/1256
f 1250/1250/1250 1249/1249/1249 1247/1247/1247
f 1247/1247/1247 1251/1251/1251 1250/1250/1250
f 1238/1238/1238 1243/1243/1243 1240/1240/1240
f 1246/1246/1246 1247/1247/1247 1249/1249/1249
f 1243/1243/1243 1238/1238/1238 1244/1244/1244
f 1246/1246/1246 1240/1240/1240 1245/1245/1245
f 1245/1245/1245 1240/1240/1240 1243/1243/1243
f 1247/1247/1247 1246/1246/1246 1245/1245/1245
f 1265/1265/1265 1266/1266/1266 1267/1267/1267
f 1266/1266/1266 1268/1268/1268 1267/1267/1267
f 1265/1265/1265 1267/1267/1267 1269/1269/1269
f 1270/1270/1270 1267/1267/1267 1271/1271/1271
f 1269/1269/1269 1267/1267/1267 1270/1270/1270
f 1269/1269/1269 1270/1270/1270 1272/1272/1272
f 1273/1273/1273 1272/1272/1272 1270/1270/1270
f 1274/1274/1274 1269/1269/1269 1272/1272/1272
f 1275/1275/1275 1276/1276/1276 1277/1277/1277
f 1291/1291/1291 1290/1290/1290 1289/1289/1289
f 1275/1275/1275 1277/1277/1277 1279/1279/1279
f 1278/1278/1278 1276/1276/1276 1275/1275/1275
f 1280/1280/1280 1275/1275/1275 1279/1279/1279
f 1287/1287/1287 1289/1289/1289 1290/1290/1290
f 1287/1287/1287 1290/1290/1290 1292/1292/1292
f 1280/1280/1280 1279/1279/1279 1282/1282/1282
f 1285/1285/1285 1282/1282/1282 1286/1286/1286
f 1285/1285/1285 1287/1287/1287 1288/1288/1288
f 1281/1281/1281 1275/1275/1275 1280/1280/1280
f 1285/1285/1285 1283/1283/1283 1282/1282/1282
f 1281/1281/1281 1278/1278/1278 1275/1275/1275
f 1287/1287/1287 1285/1285/1285 1286/1286/1286
f 1283/1283/1283 1280/1280/1280 1282/1282/1282
f 1295/1295/1295 1281/1281/1281 1280/1280/1280
f 1293/1293/1293 1285/1285/1285 1288/1288/1288
f 1297/1297/1297 1281/1281/1281 1295/1295/1295
f 1293/1293/1293 1294/1294/1294 1285/1285/1285
f 1280/1280/1280 1284/1284/1284 1295/1295/1295
f 1284/1284/1284 1280/1280/1280 1283/1283/1283
f 1296/1296/1296 1297/1297/1297 1295/1295/1295
f 1284/1284/1284 1298/1298/1298 1296/1296/1296
f 1286/1286/1286 1289/1289/1289 1287/1287/1287
f 1296/1296/1296 1295/1295/1295 1284/1284/1284
f 1299/1299/1299 1300/1300/1300 1301/1301/1301
f 1304/1304/1304 1302/1302/1302 1301/1301/1301
f 1299/1299/1299 1302/1302/1302 1303/1303/1303
f 1305/1305/1305 1303/1303/1303 1302/1302/1302
f 1302/1302/1302 1299/1299/1299 1301/1301/1301
f 1306/1306/1306 1307/1307/1307 1308/1308/1308
f 1309/1309/1309 1307/1307/1307 1313/1313/1313
f 1306/1306/1306 1308/1308/1308 1310/1310/1310
f 1308/1308/1308 1311/1311/1311 1310/1310/1310
f 1309/1309/1309 1308/1308/1308 1307/1307/1307
f 1311/1311/1311 1308/1308/1308 1312/1312/1312
f 1309/1309/1309 1312/1312/1312 1308/1308/1308
f 1314/1314/1314 1309/1309/1309 1313/1313/1313
f 1313/1313/1313 1315/1315/1315 1314/1314/1314
f 1316/1316/1316 1317/1317/1317 1318/1318/1318
f 1317/1317/1317 1319/1319/1319 1320/1320/1320
f 1319/1319/1319 1317/1317/1317 1316/1316/1316
f 1329/1329/1329 1328/1328/1328 1327/1327/1327
f 1327/1327/1327 1328/1328/1328 1326/1326/1326
f 1331/1331/1331 1332/1332/1332 1333/1333/1333
f 1329/1329/1329 1327/1327/1327 1330/1330/1330
f 1331/1331/1331 1333/1333/1333 1334/1334/1334
f 1321/1321/1321 1330/1330/1330 1327/1327/1327
f 1335/1335/1335 1331/1331/1331 1336/1336/1336
f 1325/1325/1325 1321/1321/1321 1326/1326/1326
f 1323/1323/1323 1330/1330/1330 1321/1321/1321
f 1331/1331/1331 1334/1334/1334 1337/1337/1337
f 1321/1321/1321 1325/1325/1325 1322/1322/1322
f 1331/1331/1331 1337/1337/1337 1336/1336/1336
f 1321/1321/1321 1322/1322/1322 1323/1323/1323
f 1322/1322/1322 1324/1324/1324 1323/1323/1323
f 1335/1335/1335 1332/1332/1332 1331/1331/1331
f 1338/1338/1338 1339/1339/1339 1340/1340/1340
f 1341/1341/1341 1339/1339/1339 1338/1338/1338
f 1338/1338/1338 1342/1342/1342 1341/1341/1341
f 1342/1342/1342 1344/1344/1344 1341/1341/1341
f 1342/1342/1342 1345/1345/1345 1344/1344/1344
f 1338/1338/1338 1343/1343/1343 1342/1342/1342
f 1346/1346/1346 1347/1347/1347 1348/1348/1348
f 1349/1349/1349 1350/1350/1350 1351/1351/1351
f 1352/1352/1352 1349/1349/1349 1351/1351/1351
f 1353/1353/1353 1349/1349/1349 1352/1352/1352
f 1353/1353/1353 1352/1352/1352 1354/1354/1354
f 1356/1356/1356 1354/1354/1354 1355/1355/1355
f 1356/1356/1356 1357/1357/1357 1354/1354/1354
f 1354/1354/1354 1352/1352/1352 1355/1355/1355
f 1356/1356/1356 1360/1360/1360 1357/1357/1357
f 1360/1360/1360 1356/1356/1356 1359/1359/1359
f 1356/1356/1356 1358/1358/1358 1359/1359/1359
f 1355/1355/1355 1358/1358/1358 1356/1356/1356
f 1383/1383/1383 1371/1371/1371 1382/1382/1382
f 1384/1384/1384 1371/1371/1371 1383/1383/1383
f 1371/1371/1371 1372/1372/1372 1382/1382/1382
f 1385/1385/1385 1371/1371/1371 1384/1384/1384
f 1371/1371/1371 1365/1365/1365 1372/1372/1372
f 1373/1373/1373 1371/1371/1371 1385/1385/1385
f 1365/1365/1365 1371/1371/1371 1370/1370/1370
f 1370/1370/1370 1368/1368/1368 1361/1361/1361
f 1367/1367/1367 1361/1361/1361 1368/1368/1368
f 1385/1385/1385 1387/1387/1387 1373/1373/1373
f 1361/1361/1361 1365/1365/1365 1370/1370/1370
f 1370/1370/1370 1371/1371/1371 1373/1373/1373
f 1368/1368/1368 1386/1386/1386 1367/1367/1367
f 1365/1365/1365 1361/1361/1361 1363/1363/1363
f 1366/1366/1366 1365/1365/1365 1363/1363/1363
f 1386/1386/1386 1369/1369/1369 1367/1367/1367
f 1367/1367/1367 1364/1364/1364 1361/1361/1361
f 1389/1389/1389 1366/1366/1366 1363/1363/1363
f 1361/1361/1361 1362/1362/1362 1363/1363/1363
f 1364/1364/1364 1362/1362/1362 1361/1361/1361
f 1369/1369/1369 1364/1364/1364 1367/1367/1367
f 1389/1389/1389 1388/1388/1388 1366/1366/1366
f 1395/1395/1395 1396/1396/1396 1397/1397/1397
f 1391/1391/1391 1394/1394/1394 1392/1392/1392
f 1398/1398/1398 1399/1399/1399 1400/1400/1400
f 1380/1380/1380 1363/1363/1363 1362/1362/1362
f 1378/1378/1378 1388/1388/1388 1389/1389/1389
f 1390/1390/1390 1391/1391/1391 1392/1392/1392
f 1402/1402/1402 1403/1403/1403 1404/1404/1404
f 1398/1398/1398 1400/1400/1400 1401/1401/1401
f 1376/1376/1376 1378/1378/1378 1379/1379/1379
f 1376/1376/1376 1379/1379/1379 1380/1380/1380
f 1388/1388/1388 1378/1378/1378 1377/1377/1377
f 1389/1389/1389 1363/1363/1363 1380/1380/1380
f 1362/1362/1362 1376/1376/1376 1380/1380/1380
f 1393/1393/1393 1390/1390/1390 1392/1392/1392
f 1376/1376/1376 1377/1377/1377 1378/1378/1378
f 1374/1374/1374 1362/1362/1362 1364/1364/1364
f 1375/1375/1375 1376/1376/1376 1362/1362/1362
f 1374/1374/1374 1375/1375/1375 1362/1362/1362
f 1381/1381/1381 1375/1375/1375 1374/1374/1374
f 1375/1375/1375 1377/1377/1377 1376/1376/1376
f 1405/1405/1405 1406/1406/1406 1407/1407/1407
f 1405/1405/1405 1407/1407/1407 1409/1409/1409
f 1408/1408/1408 1410/1410/1410 1407/1407/1407
f 1408/1408/1408 1407/1407/1407 1406/1406/1406
f 1411/1411/1411 1412/1412/1412 1413/1413/1413
f 1412/1412/1412 1411/1411/1411 1414/1414/1414
f 1443/1443/1443 1448/1448/1448 1428/1428/1428
f 1423/1423/1423 1443/1443/1443 1428/1428/1428
f 1420/1420/1420 1419/1419/1419 1428/1428/1428
f 1423/1423/1423 1428/1428/1428 1419/1419/1419
f 1419/1419/1419 1420/1420/1420 1421/1421/1421
f 1426/1426/1426 1423/1423/1423 1419/1419/1419
f 1430/1430/1430 1451/1451/1451 1443/1443/1443
f 1444/1444/1444 1426/1426/1426 1419/1419/1419
f 1430/1430/1430 1443/1443/1443 1423/1423/1423
f 1451/1451/1451 1430/1430/1430 1433/1433/1433
f 1415/1415/1415 1418/1418/1418 1416/1416/1416
f 1415/1415/1415 1416/1416/1416 1417/1417/1417
f 1431/1431/1431 1426/1426/1426 1444/1444/1444
f 1435/1435/1435 1446/1446/1446 1433/1433/1433
f 1429/1429/1429 1433/1433/1433 1430/1430/1430
f 1429/1429/1429 1430/1430/1430 1423/1423/1423
f 1434/1434/1434 1433/1433/1433 1429/1429/1429
f 1434/1434/1434 1435/1435/1435 1433/1433/1433
f 1449/1449/1449 1435/1435/1435 1434/1434/1434
f 1422/1422/1422 1429/1429/1429 1423/1423/1423
f 1426/1426/1426 1424/1424/1424 1423/1423/1423
f 1434/1434/1434 1429/1429/1429 1437/1437/1437
f 1422/1422/1422 1438/1438/1438 1429/1429/1429
f 1422/1422/1422 1423/1423/1423 1424/1424/1424
f 1424/1424/1424 1426/1426/1426 1431/1431/1431
f 1449/1449/1449 1434/1434/1434 1437/1437/1437
f 1437/1437/1437 1429/1429/1429 1438/1438/1438
f 1424/1424/1424 1431/1431/1431 1432/1432/1432
f 1450/1450/1450 1449/1449/1449 1437/1437/1437
f 1438/1438/1438 1422/1422/1422 1447/1447/1447
f 1422/1422/1422 1436/1436/1436 1447/1447/1447
f 1427/1427/1427 1436/1436/1436 1422/1422/1422
f 1427/1427/1427 1445/1445/1445 1436/1436/1436
f 1432/1432/1432 1440/1440/1440 1439/1439/1439
f 1424/1424/1424 1432/1432/1432 1439/1439/1439
f 1422/1422/1422 1425/1425/1425 1427/1427/1427
f 1424/1424/1424 1425/1425/1425 1422/1422/1422
f 1441/1441/1441 1424/1424/1424 1439/1439/1439
f 1441/1441/1441 1442/1442/1442 1424/1424/1424
f 1424/1424/1424 1442/1442/1442 1425/1425/1425
f 1452/1452/1452 1453/1453/1453 1454/1454/1454
f 1455/1455/1455 1454/1454/1454 1453/1453/1453
f 1456/1456/1456 1457/1457/1457 1458/1458/1458
f 1456/1456/1456 1458/1458/1458 1459/1459/1459
f 1460/1460/1460 1461/1461/1461 1462/1462/1462
f 1464/1464/1464 1462/1462/1462 1461/1461/1461
f 1460/1460/1460 1462/1462/1462 1465/1465/1465
f 1460/1460/1460 1466/1466/1466 1467/1467/1467
f 1463/1463/1463 1460/1460/1460 1467/1467/1467
f 1461/1461/1461 1466/1466/1466 1464/1464/1464
f 1461/1461/1461 1463/1463/1463 1466/1466/1466
f 1461/1461/1461 1460/1460/1460 1463/1463/1463
f 1463/1463/1463 1467/1467/1467 1465/1465/1465
f 1468/1468/1468 1463/1463/1463 1465/1465/1465
f 1469/1469/1469 1468/1468/1468 1465/1465/1465
f 1470/1470/1470 1471/1471/1471 1472/1472/1472
f 1473/1473/1473 1471/1471/1471 1470/1470/1470
f 1474/1474/1474 1475/1475/1475 1476/1476/1476
f 1479/1479/1479 1474/1474/1474 1478/1478/1478
f 1477/1477/1477 1474/1474/1474 1476/1476/1476
f 1478/1478/1478 1474/1474/1474 1477/1477/1477
f 1480/1480/1480 1481/1481/1481 1482/1482/1482
f 1483/1483/1483 1484/1484/1484 1485/1485/1485
f 1484/1484/1484 1483/1483/1483 1486/1486/1486
f 1487/1487/1487 1488/1488/1488 1489/1489/1489
f 1488/1488/1488 1487/1487/1487 1490/1490/1490
f 1488/1488/1488 1491/1491/1491 1489/1489/1489
f 1491/1491/1491 1488/1488/1488 1490/1490/1490
f 1492/1492/1492 1491/1491/1491 1490/1490/1490
f 1492/1492/1492 1490/1490/1490 1493/1493/1493
f 1494/1494/1494 1495/1495/1495 1496/1496/1496
f 1496/1496/1496 1500/1500/1500 1499/1499/1499
f 1496/1496/1496 1495/1495/1495 1498/1498/1498
f 1495/1495/1495 1511/1511/1511 1498/1498/1498
f 1494/1494/1494 1496/1496/1496 1499/1499/1499
f 1496/1496/1496 1498/1498/1498 1500/1500/1500
f 1509/1509/1509 1508/1508/1508 1498/1498/1498
f 1495/1495/1495 1494/1494/1494 1497/1497/1497
f 1508/1508/1508 1500/1500/1500 1498/1498/1498
f 1510/1510/1510 1498/1498/1498 1511/1511/1511
f 1510/1510/1510 1509/1509/1509 1498/1498/1498
f 1494/1494/1494 1499/1499/1499 1501/1501/1501
f 1502/1502/1502 1503/1503/1503 1505/1505/1505
f 1511/1511/1511 1495/1495/1495 1512/1512/1512
f 1499/1499/1499 1502/1502/1502 1501/1501/1501
f 1502/1502/1502 1499/1499/1499 1503/1503/1503
f 1497/1497/1497 1494/1494/1494 1513/1513/1513
f 1503/1503/1503 1499/1499/1499 1500/1500/1500
f 1504/1504/1504 1501/1501/1501 1502/1502/1502
f 1506/1506/1506 1503/1503/1503 1500/1500/1500
f 1506/1506/1506 1507/1507/1507 1503/1503/1503
f 1505/1505/1505 1504/1504/1504 1502/1502/1502
f 1506/1506/1506 1500/1500/1500 1508/1508/1508
f 1514/1514/1514 1515/1515/1515 1516/1516/1516
f 1517/1517/1517 1518/1518/1518 1519/1519/1519
f 1520/1520/1520 1518/1518/1518 1517/1517/1517
f 1523/1523/1523 1522/1522/1522 1517/1517/1517
f 1517/1517/1517 1522/1522/1522 1521/1521/1521
f 1517/1517/1517 1521/1521/1521 1520/1520/1520
f 1552/1552/1552 1554/1554/1554 1557/1557/1557
f 1552/1552/1552 1557/1557/1557 1556/1556/1556
f 1552/1552/1552 1553/1553/1553 1554/1554/1554
f 1556/1556/1556 1541/1541/1541 1552/1552/1552
f 1540/1540/1540 1553/1553/1553 1552/1552/1552
f 1540/1540/1540 1552/1552/1552 1541/1541/1541
f 1540/1540/1540 1541/1541/1541 1538/1538/1538
f 1560/1560/1560 1561/1561/1561 1562/1562/1562
f 1541/1541/1541 1542/1542/1542 1538/1538/1538
f 1540/1540/1540 1555/1555/1555 1553/1553/1553
f 1543/1543/1543 1538/1538/1538 1542/1542/1542
f 1540/1540/1540 1536/1536/1536 1534/1534/1534
f 1538/1538/1538 1543/1543/1543 1539/1539/1539
f 1540/1540/1540 1538/1538/1538 1536/1536/1536
f 1563/1563/1563 1564/1564/1564 1565/1565/1565
f 1536/1536/1536 1532/1532/1532 1558/1558/1558
f 1534/1534/1534 1536/1536/1536 1531/1531/1531
f 1531/1531/1531 1532/1532/1532 1533/1533/1533
f 1566/1566/1566 1563/1563/1563 1565/1565/1565
f 1534/1534/1534 1531/1531/1531 1533/1533/1533
f 1532/1532/1532 1536/1536/1536 1535/1535/1535
f 1533/1533/1533 1532/1532/1532 1535/1535/1535
f 1538/1538/1538 1539/1539/1539 1537/1537/1537
f 1536/1536/1536 1538/1538/1538 1537/1537/1537
f 1535/1535/1535 1536/1536/1536 1537/1537/1537
f 1548/1548/1548 1539/1539/1539 1543/1543/1543
f 1545/1545/1545 1537/1537/1537 1539/1539/1539
f 1539/1539/1539 1548/1548/1548 1545/1545/1545
f 1537/1537/1537 1544/1544/1544 1535/1535/1535
f 1537/1537/1537 1545/1545/1545 1544/1544/1544
f 1548/1548/1548 1547/1547/1547 1545/1545/1545
f 1547/1547/1547 1546/1546/1546 1545/1545/1545
f 1544/1544/1544 1545/1545/1545 1546/1546/1546
f 1544/1544/1544 1546/1546/1546 1549/1549/1549
f 1546/1546/1546 1527/1527/1527 1529/1529/1529
f 1559/1559/1559 1527/1527/1527 1547/1547/1547
f 1526/1526/1526 1525/1525/1525 1527/1527/1527
f 1527/1527/1527 1550/1550/1550 1529/1529/1529
f 1559/1559/1559 1526/1526/1526 1527/1527/1527
f 1524/1524/1524 1525/1525/1525 1526/1526/1526
f 1546/1546/1546 1529/1529/1529 1549/1549/1549
f 1549/1549/1549 1529/1529/1529 1528/1528/1528
f 1524/1524/1524 1526/1526/1526 1530/1530/1530
f 1528/1528/1528 1525/1525/1525 1524/1524/1524
f 1529/1529/1529 1525/1525/1525 1528/1528/1528
f 1551/1551/1551 1529/1529/1529 1550/1550/1550
f 1527/1527/1527 1546/1546/1546 1547/1547/1547
f 1567/1567/1567 1568/1568/1568 1569/1569/1569
f 1568/1568/1568 1570/1570/1570 1569/1569/1569
f 1577/1577/1577 1569/1569/1569 1570/1570/1570
f 1571/1571/1571 1567/1567/1567 1569/1569/1569
f 1572/1572/1572 1571/1571/1571 1569/1569/1569
f 1573/1573/1573 1571/1571/1571 1572/1572/1572
f 1571/1571/1571 1574/1574/1574 1576/1576/1576
f 1571/1571/1571 1573/1573/1573 1574/1574/1574
f 1575/1575/1575 1574/1574/1574 1573/1573/1573
f 1578/1578/1578 1579/1579/1579 1580/1580/1580
f 1587/1587/1587 1583/1583/1583 1585/1585/1585
f 1579/1579/1579 1581/1581/1581 1580/1580/1580
f 1581/1581/1581 1582/1582/1582 1580/1580/1580
f 1581/1581/1581 1583/1583/1583 1582/1582/1582
f 1584/1584/1584 1583/1583/1583 1581/1581/1581
f 1584/1584/1584 1585/1585/1585 1583/1583/1583
f 1586/1586/1586 1584/1584/1584 1581/1581/1581
f 1588/1588/1588 1589/1589/1589 1590/1590/1590
f 1591/1591/1591 1589/1589/1589 1588/1588/1588
f 1589/1589/1589 1591/1591/1591 1594/1594/1594
f 1626/1626/1626 1625/1625/1625 1591/1591/1591
f 1589/1589/1589 1592/1592/1592 1590/1590/1590
f 1589/1589/1589 1593/1593/1593 1592/1592/1592
f 1594/1594/1594 1593/1593/1593 1589/1589/1589
f 1596/1596/1596 1592/1592/1592 1595/1595/1595
f 1595/1595/1595 1592/1592/1592 1593/1593/1593
f 1596/1596/1596 1600/1600/1600 1601/1601/1601
f 1593/1593/1593 1597/1597/1597 1595/1595/1595
f 1596/1596/1596 1595/1595/1595 1598/1598/1598
f 1598/1598/1598 1595/1595/1595 1597/1597/1597
f 1599/1599/1599 1596/1596/1596 1598/1598/1598
f 1600/1600/1600 1596/1596/1596 1599/1599/1599
f 1599/1599/1599 1602/1602/1602 1600/1600/1600
f 1600/1600/1600 1602/1602/1602 1604/1604/1604
f 1602/1602/1602 1599/1599/1599 1603/1603/1603
f 1603/1603/1603 1599/1599/1599 1611/1611/1611
f 1604/1604/1604 1602/1602/1602 1605/1605/1605
f 1611/1611/1611 1613/1613/1613 1612/1612/1612
f 1603/1603/1603 1611/1611/1611 1609/1609/1609
f 1609/1609/1609 1607/1607/1607 1603/1603/1603
f 1607/1607/1607 1602/1602/1602 1603/1603/1603
f 1602/1602/1602 1606/1606/1606 1605/1605/1605
f 1607/1607/1607 1606/1606/1606 1602/1602/1602
f 1609/1609/1609 1611/1611/1611 1612/1612/1612
f 1608/1608/1608 1606/1606/1606 1607/1607/1607
f 1609/1609/1609 1610/1610/1610 1607/1607/1607
f 1610/1610/1610 1608/1608/1608 1607/1607/1607
f 1608/1608/1608 1610/1610/1610 1614/1614/1614
f 1608/1608/1608 1614/1614/1614 1616/1616/1616
f 1608/1608/1608 1617/1617/1617 1619/1619/1619
f 1620/1620/1620 1619/1619/1619 1617/1617/1617
f 1616/1616/1616 1617/1617/1617 1608/1608/1608
f 1614/1614/1614 1610/1610/1610 1615/1615/1615
f 1614/1614/1614 1615/1615/1615 1616/1616/1616
f 1616/1616/1616 1615/1615/1615 1624/1624/1624
f 1617/1617/1617 1616/1616/1616 1618/1618/1618
f 1624/1624/1624 1618/1618/1618 1616/1616/1616
f 1617/1617/1617 1621/1621/1621 1620/1620/1620
f 1618/1618/1618 1621/1621/1621 1617/1617/1617
f 1621/1621/1621 1622/1622/1622 1620/1620/1620
f 1623/1623/1623 1621/1621/1621 1618/1618/1618
f 1623/1623/1623 1622/1622/1622 1621/1621/1621
f 1594/1594/1594 1591/1591/1591 1625/1625/1625
f 1627/1627/1627 1628/1628/1628 1629/1629/1629
f 1631/1631/1631 1628/1628/1628 1630/1630/1630
f 1628/1628/1628 1627/1627/1627 1630/1630/1630
f 1642/1642/1642 1627/1627/1627 1629/1629/1629
f 1627/1627/1627 1632/1632/1632 1630/1630/1630
f 1632/1632/1632 1627/1627/1627 1640/1640/1640
f 1645/1645/1645 1640/1640/1640 1627/1627/1627
f 1646/1646/1646 1649/1649/1649 1650/1650/1650
f 1651/1651/1651 1652/1652/1652 1653/1653/1653
f 1646/1646/1646 1647/1647/1647 1648/1648/1648
f 1654/1654/1654 1652/1652/1652 1651/1651/1651
f 1637/1637/1637 1632/1632/1632 1640/1640/1640
f 1649/1649/1649 1646/1646/1646 1648/1648/1648
f 1634/1634/1634 1630/1630/1630 1633/1633/1633
f 1637/1637/1637 1635/1635/1635 1632/1632/1632
f 1630/1630/1630 1632/1632/1632 1633/1633/1633
f 1632/1632/1632 1635/1635/1635 1633/1633/1633
f 1635/1635/1635 1636/1636/1636 1633/1633/1633
f 1639/1639/1639 1633/1633/1633 1636/1636/1636
f 1633/1633/1633 1638/1638/1638 1634/1634/1634
f 1641/1641/1641 1638/1638/1638 1633/1633/1633
f 1633/1633/1633 1639/1639/1639 1641/1641/1641
f 1644/1644/1644 1641/1641/1641 1639/1639/1639
f 1629/1629/1629 1643/1643/1643 1642/1642/1642
f 1655/1655/1655 1656/1656/1656 1657/1657/1657
f 1655/1655/1655 1659/1659/1659 1656/1656/1656
f 1706/1706/1706 1656/1656/1656 1671/1671/1671
f 1671/1671/1671 1670/1670/1670 1706/1706/1706
f 1658/1658/1658 1655/1655/1655 1657/1657/1657
f 1659/1659/1659 1671/1671/1671 1656/1656/1656
f 1667/1667/1667 1706/1706/1706 1670/1670/1670
f 1655/1655/1655 1672/1672/1672 1661/1661/1661
f 1671/1671/1671 1659/1659/1659 1662/1662/1662
f 1659/1659/1659 1655/1655/1655 1660/1660/1660
f 1660/1660/1660 1655/1655/1655 1661/1661/1661
f 1662/1662/1662 1667/1667/1667 1670/1670/1670
f 1662/1662/1662 1670/1670/1670 1671/1671/1671
f 1660/1660/1660 1662/1662/1662 1659/1659/1659
f 1662/1662/1662 1664/1664/1664 1667/1667/1667
f 1668/1668/1668 1667/1667/1667 1664/1664/1664
f 1663/1663/1663 1662/1662/1662 1660/1660/1660
f 1663/1663/1663 1664/1664/1664 1662/1662/1662
f 1695/1695/1695 1698/1698/1698 1697/1697/1697
f 1668/1668/1668 1669/1669/1669 1703/1703/1703
f 1664/1664/1664 1669/1669/1669 1668/1668/1668
f 1669/1669/1669 1664/1664/1664 1665/1665/1665
f 1695/1695/1695 1697/1697/1697 1696/1696/1696
f 1665/1665/1665 1664/1664/1664 1663/1663/1663
f 1714/1714/1714 1715/1715/1715 1716/1716/1716
f 1663/1663/1663 1660/1660/1660 1666/1666/1666
f 1704/1704/1704 1705/1705/1705 1669/1669/1669
f 1665/1665/1665 1704/1704/1704 1669/1669/1669
f 1695/1695/1695 1696/1696/1696 1694/1694/1694
f 1694/1694/1694 1660/1660/1660 1695/1695/1695
f 1666/1666/1666 1665/1665/1665 1663/1663/1663
f 1700/1700/1700 1665/1665/1665 1699/1699/1699
f 1711/1711/1711 1712/1712/1712 1708/1708/1708
f 1665/1665/1665 1666/1666/1666 1699/1699/1699
f 1666/1666/1666 1660/1660/1660 1673/1673/1673
f 1699/1699/1699 1701/1701/1701 1700/1700/1700
f 1673/1673/1673 1660/1660/1660 1694/1694/1694
f 1699/1699/1699 1702/1702/1702 1701/1701/1701
f 1707/1707/1707 1708/1708/1708 1709/1709/1709
f 1710/1710/1710 1711/1711/1711 1708/1708/1708
f 1707/1707/1707 1710/1710/1710 1708/1708/1708
f 1689/1689/1689 1699/1699/1699 1686/1686/1686
f 1713/1713/1713 1711/1711/1711 1710/1710/1710
f 1689/1689/1689 1686/1686/1686 1688/1688/1688
f 1666/1666/1666 1673/1673/1673 1674/1674/1674
f 1686/1686/1686 1699/1699/1699 1666/1666/1666
f 1666/1666/1666 1674/1674/1674 1678/1678/1678
f 1673/1673/1673 1694/1694/1694 1676/1676/1676
f 1675/1675/1675 1674/1674/1674 1673/1673/1673
f 1673/1673/1673 1676/1676/1676 1675/1675/1675
f 1686/1686/1686 1666/1666/1666 1678/1678/1678
f 1690/1690/1690 1691/1691/1691 1688/1688/1688
f 1687/1687/1687 1688/1688/1688 1686/1686/1686
f 1686/1686/1686 1678/1678/1678 1682/1682/1682
f 1674/1674/1674 1679/1679/1679 1678/1678/1678
f 1676/1676/1676 1677/1677/1677 1675/1675/1675
f 1687/1687/1687 1690/1690/1690 1688/1688/1688
f 1686/1686/1686 1682/1682/1682 1687/1687/1687
f 1692/1692/1692 1690/1690/1690 1687/1687/1687
f 1680/1680/1680 1678/1678/1678 1679/1679/1679
f 1682/1682/1682 1678/1678/1678 1681/1681/1681
f 1681/1681/1681 1678/1678/1678 1680/1680/1680
f 1692/1692/1692 1687/1687/1687 1693/1693/1693
f 1687/1687/1687 1682/1682/1682 1693/1693/1693
f 1685/1685/1685 1682/1682/1682 1684/1684/1684
f 1682/1682/1682 1681/1681/1681 1683/1683/1683
f 1683/1683/1683 1684/1684/1684 1682/1682/1682
f 1717/1717/1717 1718/1718/1718 1719/1719/1719
f 1720/1720/1720 1722/1722/1722 1717/1717/1717
f 1719/1719/1719 1720/1720/1720 1717/1717/1717
f 1720/1720/1720 1719/1719/1719 1721/1721/1721
f 1723/1723/1723 1720/1720/1720 1721/1721/1721
f 1723/1723/1723 1721/1721/1721 1724/1724/1724
f 1725/1725/1725 1723/1723/1723 1724/1724/1724
f 1725/1725/1725 1724/1724/1724 1727/1727/1727
f 1725/1725/1725 1727/1727/1727 1728/1728/1728
f 1726/1726/1726 1729/1729/1729 1723/1723/1723
f 1726/1726/1726 1723/1723/1723 1725/1725/1725
f 1746/1746/1746 1747/1747/1747 1748/1748/1748
f 1749/1749/1749 1748/1748/1748 1747/1747/1747
f 1751/1751/1751 1747/1747/1747 1746/1746/1746
f 1752/1752/1752 1751/1751/1751 1746/1746/1746
f 1758/1758/1758 1751/1751/1751 1752/1752/1752
f 1743/1743/1743 1744/1744/1744 1745/1745/1745
f 1757/1757/1757 1752/1752/1752 1746/1746/1746
f 1760/1760/1760 1758/1758/1758 1752/1752/1752
f 1755/1755/1755 1754/1754/1754 1756/1756/1756
f 1764/1764/1764 1765/1765/1765 1766/1766/1766
f 1751/1751/1751 1758/1758/1758 1759/1759/1759
f 1755/1755/1755 1753/1753/1753 1754/1754/1754
f 1753/1753/1753 1747/1747/1747 1754/1754/1754
f 1749/1749/1749 1747/1747/1747 1750/1750/1750
f 1761/1761/1761 1762/1762/1762 1763/1763/1763
f 1753/1753/1753 1750/1750/1750 1747/1747/1747
f 1730/1730/1730 1731/1731/1731 1732/1732/1732
f 1731/1731/1731 1742/1742/1742 1741/1741/1741
f 1734/1734/1734 1731/1731/1731 1741/1741/1741
f 1732/1732/1732 1735/1735/1735 1736/1736/1736
f 1732/1732/1732 1731/1731/1731 1733/1733/1733
f 1736/1736/1736 1735/1735/1735 1738/1738/1738
f 1735/1735/1735 1732/1732/1732 1733/1733/1733
f 1733/1733/1733 1731/1731/1731 1734/1734/1734
f 1737/1737/1737 1738/1738/1738 1735/1735/1735
f 1738/1738/1738 1737/1737/1737 1739/1739/1739
f 1737/1737/1737 1735/1735/1735 1733/1733/1733
f 1733/1733/1733 1734/1734/1734 1740/1740/1740
f 1804/1804/1804 1805/1805/1805 1807/1807/1807
f 1802/1802/1802 1826/1826/1826 1810/1810/1810
f 1802/1802/1802 1810/1810/1810 1806/1806/1806
f 1806/1806/1806 1805/1805/1805 1802/1802/1802
f 1802/1802/1802 1805/1805/1805 1804/1804/1804
f 1807/1807/1807 1808/1808/1808 1804/1804/1804
f 1792/1792/1792 1793/1793/1793 1794/1794/1794
f 1792/1792/1792 1794/1794/1794 1795/1795/1795
f 1802/1802/1802 1824/1824/1824 1826/1826/1826
f 1809/1809/1809 1804/1804/1804 1808/1808/1808
f 1802/1802/1802 1804/1804/1804 1803/1803/1803
f 1804/1804/1804 1809/1809/1809 1799/1799/1799
f 1824/1824/1824 1785/1785/1785 1825/1825/1825
f 1794/1794/1794 1812/1812/1812 1795/1795/1795
f 1803/1803/1803 1804/1804/1804 1799/1799/1799
f 1845/1845/1845 1838/1838/1838 1840/1840/1840
f 1837/1837/1837 1838/1838/1838 1839/1839/1839
f 1840/1840/1840 1838/1838/1838 1837/1837/1837
f 1823/1823/1823 1816/1816/1816 1794/1794/1794
f 1821/1821/1821 1823/1823/1823 1825/1825/1825
f 1840/1840/1840 1837/1837/1837 1843/1843/1843
f 1797/1797/1797 1799/1799/1799 1798/1798/1798
f 1821/1821/1821 1825/1825/1825 1785/1785/1785
f 1840/1840/1840 1843/1843/1843 1842/1842/1842
f 1823/1823/1823 1821/1821/1821 1816/1816/1816
f 1801/1801/1801 1802/1802/1802 1803/1803/1803
f 1816/1816/1816 1812/1812/1812 1794/1794/1794
f 1803/1803/1803 1799/1799/1799 1797/1797/1797
f 1801/1801/1801 1824/1824/1824 1802/1802/1802
f 1796/1796/1796 1797/1797/1797 1798/1798/1798
f 1821/1821/1821 1817/1817/1817 1816/1816/1816
f 1841/1841/1841 1840/1840/1840 1842/1842/1842
f 1812/1812/1812 1816/1816/1816 1813/1813/1813
f 1813/1813/1813 1816/1816/1816 1817/1817/1817
f 1798/1798/1798 1800/1800/1800 1796/1796/1796
f 1801/1801/1801 1803/1803/1803 1773/1773/1773
f 1811/1811/1811 1812/1812/1812 1813/1813/1813
f 1779/1779/1779 1824/1824/1824 1801/1801/1801
f 1788/1788/1788 1785/1785/1785 1779/1779/1779
f 1822/1822/1822 1819/1819/1819 1817/1817/1817
f 1844/1844/1844 1841/1841/1841 1842/1842/1842
f 1822/1822/1822 1821/1821/1821 1785/1785/1785
f 1822/1822/1822 1817/1817/1817 1821/1821/1821
f 1814/1814/1814 1811/1811/1811 1813/1813/1813
f 1848/1848/1848 1841/1841/1841 1844/1844/1844
f 1801/1801/1801 1773/1773/1773 1774/1774/1774
f 1785/1785/1785 1783/1783/1783 1822/1822/1822
f 1844/1844/1844 1846/1846/1846 1848/1848/1848
f 1841/1841/1841 1848/1848/1848 1847/1847/1847
f 1768/1768/1768 1774/1774/1774 1773/1773/1773
f 1785/1785/1785 1781/1781/1781 1783/1783/1783
f 1818/1818/1818 1817/1817/1817 1819/1819/1819
f 1781/1781/1781 1785/1785/1785 1788/1788/1788
f 1822/1822/1822 1783/1783/1783 1784/1784/1784
f 1817/1817/1817 1818/1818/1818 1813/1813/1813
f 1822/1822/1822 1784/1784/1784 1819/1819/1819
f 1814/1814/1814 1813/1813/1813 1815/1815/1815
f 1846/1846/1846 1847/1847/1847 1848/1848/1848
f 1783/1783/1783 1780/1780/1780 1784/1784/1784
f 1849/1849/1849 1847/1847/1847 1846/1846/1846
f 1841/1841/1841 1847/1847/1847 1850/1850/1850
f 1768/1768/1768 1773/1773/1773 1771/1771/1771
f 1784/1784/1784 1830/1830/1830 1819/1819/1819
f 1819/1819/1819 1830/1830/1830 1818/1818/1818
f 1779/1779/1779 1801/1801/1801 1774/1774/1774
f 1783/1783/1783 1781/1781/1781 1780/1780/1780
f 1850/1850/1850 1847/1847/1847 1851/1851/1851
f 1847/1847/1847 1849/1849/1849 1851/1851/1851
f 1779/1779/1779 1774/1774/1774 1775/1775/1775
f 1779/1779/1779 1778/1778/1778 1788/1788/1788
f 1815/1815/1815 1813/1813/1813 1818/1818/1818
f 1780/1780/1780 1789/1789/1789 1784/1784/1784
f 1830/1830/1830 1784/1784/1784 1789/1789/1789
f 1779/1779/1779 1775/1775/1775 1778/1778/1778
f 1768/1768/1768 1775/1775/1775 1774/1774/1774
f 1788/1788/1788 1782/1782/1782 1781/1781/1781
f 1820/1820/1820 1815/1815/1815 1818/1818/1818
f 1780/1780/1780 1781/1781/1781 1782/1782/1782
f 1852/1852/1852 1850/1850/1850 1851/1851/1851
f 1820/1820/1820 1818/1818/1818 1827/1827/1827
f 1770/1770/1770 1768/1768/1768 1771/1771/1771
f 1820/1820/1820 1827/1827/1827 1835/1835/1835
f 1768/1768/1768 1767/1767/1767 1775/1775/1775
f 1852/1852/1852 1851/1851/1851 1853/1853/1853
f 1767/1767/1767 1768/1768/1768 1769/1769/1769
f 1778/1778/1778 1790/1790/1790 1788/1788/1788
f 1782/1782/1782 1788/1788/1788 1787/1787/1787
f 1830/1830/1830 1789/1789/1789 1831/1831/1831
f 1830/1830/1830 1831/1831/1831 1818/1818/1818
f 1775/1775/1775 1777/1777/1777 1778/1778/1778
f 1770/1770/1770 1769/1769/1769 1768/1768/1768
f 1776/1776/1776 1775/1775/1775 1767/1767/1767
f 1790/1790/1790 1778/1778/1778 1777/1777/1777
f 1852/1852/1852 1853/1853/1853 1854/1854/1854
f 1790/1790/1790 1787/1787/1787 1788/1788/1788
f 1780/1780/1780 1786/1786/1786 1789/1789/1789
f 1818/1818/1818 1831/1831/1831 1827/1827/1827
f 1854/1854/1854 1853/1853/1853 1856/1856/1856
f 1858/1858/1858 1856/1856/1856 1859/1859/1859
f 1854/1854/1854 1856/1856/1856 1858/1858/1858
f 1855/1855/1855 1852/1852/1852 1854/1854/1854
f 1780/1780/1780 1782/1782/1782 1786/1786/1786
f 1770/1770/1770 1772/1772/1772 1769/1769/1769
f 1775/1775/1775 1776/1776/1776 1777/1777/1777
f 1855/1855/1855 1854/1854/1854 1858/1858/1858
f 1782/1782/1782 1787/1787/1787 1786/1786/1786
f 1836/1836/1836 1835/1835/1835 1827/1827/1827
f 1858/1858/1858 1859/1859/1859 1860/1860/1860
f 1789/1789/1789 1786/1786/1786 1831/1831/1831
f 1832/1832/1832 1827/1827/1827 1831/1831/1831
f 1790/1790/1790 1777/1777/1777 1791/1791/1791
f 1834/1834/1834 1831/1831/1831 1786/1786/1786
f 1857/1857/1857 1855/1855/1855 1858/1858/1858
f 1828/1828/1828 1827/1827/1827 1832/1832/1832
f 1827/1827/1827 1828/1828/1828 1829/1829/1829
f 1831/1831/1831 1834/1834/1834 1832/1832/1832
f 1828/1828/1828 1832/1832/1832 1833/1833/1833
f 1803/1803/1803 1797/1797/1797 1773/1773/1773
f 1785/1785/1785 1824/1824/1824 1779/1779/1779
f 1861/1861/1861 1862/1862/1862 1863/1863/1863
f 1862/1862/1862 1882/1882/1882 1864/1864/1864
f 1863/1863/1863 1865/1865/1865 1861/1861/1861
f 1864/1864/1864 1863/1863/1863 1862/1862/1862
f 1865/1865/1865 1863/1863/1863 1866/1866/1866
f 1867/1867/1867 1865/1865/1865 1866/1866/1866
f 1866/1866/1866 1868/1868/1868 1867/1867/1867
f 1869/1869/1869 1867/1867/1867 1868/1868/1868
f 1869/1869/1869 1870/1870/1870 1867/1867/1867
f 1871/1871/1871 1869/1869/1869 1872/1872/1872
f 1870/1870/1870 1869/1869/1869 1871/1871/1871
f 1871/1871/1871 1874/1874/1874 1873/1873/1873
f 1881/1881/1881 1871/1871/1871 1872/1872/1872
f 1875/1875/1875 1874/1874/1874 1876/1876/1876
f 1879/1879/1879 1876/1876/1876 1880/1880/1880
f 1873/1873/1873 1874/1874/1874 1875/1875/1875
f 1873/1873/1873 1870/1870/1870 1871/1871/1871
f 1877/1877/1877 1875/1875/1875 1876/1876/1876
f 1879/1879/1879 1877/1877/1877 1876/1876/1876
f 1877/1877/1877 1878/1878/1878 1875/1875/1875
f 1883/1883/1883 1884/1884/1884 1885/1885/1885
f 1895/1895/1895 1892/1892/1892 1883/1883/1883
f 1892/1892/1892 1888/1888/1888 1883/1883/1883
f 1884/1884/1884 1883/1883/1883 1886/1886/1886
f 1893/1893/1893 1888/1888/1888 1892/1892/1892
f 1888/1888/1888 1893/1893/1893 1894/1894/1894
f 1887/1887/1887 1883/1883/1883 1888/1888/1888
f 1883/1883/1883 1887/1887/1887 1886/1886/1886
f 1887/1887/1887 1888/1888/1888 1889/1889/1889
f 1889/1889/1889 1888/1888/1888 1890/1890/1890
f 1896/1896/1896 1897/1897/1897 1898/1898/1898
f 1900/1900/1900 1898/1898/1898 1897/1897/1897
f 1891/1891/1891 1887/1887/1887 1889/1889/1889
f 1901/1901/1901 1898/1898/1898 1899/1899/1899
f 1899/1899/1899 1898/1898/1898 1900/1900/1900
f 1902/1902/1902 1903/1903/1903 1904/1904/1904
f 1904/1904/1904 1906/1906/1906 1905/1905/1905
f 1902/1902/1902 1904/1904/1904 1905/1905/1905
f 1902/1902/1902 1905/1905/1905 1907/1907/1907
f 1905/1905/1905 1908/1908/1908 1907/1907/1907
f 1909/1909/1909 1907/1907/1907 1908/1908/1908
f 1909/1909/1909 1908/1908/1908 1910/1910/1910
f 1913/1913/1913 1914/1914/1914 1912/1912/1912
f 1912/1912/1912 1909/1909/1909 1910/1910/1910
f 1910/1910/1910 1908/1908/1908 1911/1911/1911
f 1911/1911/1911 1916/1916/1916 1910/1910/1910
f 1910/1910/1910 1916/1916/1916 1915/1915/1915
f 1915/1915/1915 1916/1916/1916 1917/1917/1917
f 1913/1913/1913 1912/1912/1912 1910/1910/1910
f 1910/1910/1910 1915/1915/1915 1913/1913/1913
f 1918/1918/1918 1919/1919/1919 1920/1920/1920
f 1925/1925/1925 1930/1930/1930 1929/1929/1929
f 1919/1919/1919 1922/1922/1922 1920/1920/1920
f 1928/1928/1928 1925/1925/1925 1929/1929/1929
f 1931/1931/1931 1930/1930/1930 1925/1925/1925
f 1919/1919/1919 1918/1918/1918 1921/1921/1921
f 1932/1932/1932 1931/1931/1931 1927/1927/1927
f 1926/1926/1926 1919/1919/1919 1921/1921/1921
f 1927/1927/1927 1931/1931/1931 1925/1925/1925
f 1919/1919/1919 1923/1923/1923 1922/1922/1922
f 1923/1923/1923 1925/1925/1925 1928/1928/1928
f 1924/1924/1924 1919/1919/1919 1926/1926/1926
f 1923/1923/1923 1924/1924/1924 1925/1925/1925
f 1924/1924/1924 1923/1923/1923 1919/1919/1919
f 1927/1927/1927 1925/1925/1925 1924/1924/1924
f 1933/1933/1933 1934/1934/1934 1935/1935/1935
f 1934/1934/1934 1948/1948/1948 1936/1936/1936
f 1948/1948/1948 1947/1947/1947 1936/1936/1936
f 1936/1936/1936 1935/1935/1935 1934/1934/1934
f 1945/1945/1945 1946/1946/1946 1941/1941/1941
f 1941/1941/1941 1935/1935/1935 1936/1936/1936
f 1945/1945/1945 1941/1941/1941 1936/1936/1936
f 1940/1940/1940 1942/1942/1942 1943/1943/1943
f 1935/1935/1935 1937/1937/1937 1933/1933/1933
f 1933/1933/1933 1937/1937/1937 1939/1939/1939
f 1946/1946/1946 1945/1945/1945 1950/1950/1950
f 1938/1938/1938 1941/1941/1941 1942/1942/1942
f 1947/1947/1947 1951/1951/1951 1949/1949/1949
f 1940/1940/1940 1938/1938/1938 1942/1942/1942
f 1943/1943/1943 1944/1944/1944 1940/1940/1940
f 1945/1945/1945 1936/1936/1936 1947/1947/1947
f 1938/1938/1938 1935/1935/1935 1941/1941/1941
f 1940/1940/1940 1937/1937/1937 1938/1938/1938
f 1938/1938/1938 1937/1937/1937 1935/1935/1935
f 1949/1949/1949 1945/1945/1945 1947/1947/1947
f 1945/1945/1945 1949/1949/1949 1950/1950/1950
f 1953/1953/1953 1952/1952/1952 1951/1951/1951
f 1952/1952/1952 1949/1949/1949 1951/1951/1951
f 1949/1949/1949 1952/1952/1952 1950/1950/1950
f 1956/1956/1956 1950/1950/1950 1952/1952/1952
f 1956/1956/1956 1954/1954/1954 1957/1957/1957
f 1953/1953/1953 1954/1954/1954 1952/1952/1952
f 1956/1956/1956 1952/1952/1952 1954/1954/1954
f 1955/1955/1955 1960/1960/1960 1958/1958/1958
f 1954/1954/1954 1953/1953/1953 1955/1955/1955
f 1958/1958/1958 1957/1957/1957 1954/1954/1954
f 1958/1958/1958 1954/1954/1954 1955/1955/1955
f 1959/1959/1959 1957/1957/1957 1958/1958/1958
f 1960/1960/1960 1962/1962/1962 1961/1961/1961
f 1958/1958/1958 1960/1960/1960 1961/1961/1961
f 1965/1965/1965 1961/1961/1961 1962/1962/1962
f 1961/1961/1961 1959/1959/1959 1958/1958/1958
f 1961/1961/1961 1965/1965/1965 1964/1964/1964
f 1964/1964/1964 1965/1965/1965 1967/1967/1967
f 1963/1963/1963 1968/1968/1968 1970/1970/1970
f 1964/1964/1964 1967/1967/1967 1966/1966/1966
f 1961/1961/1961 1963/1963/1963 1959/1959/1959
f 1966/1966/1966 1968/1968/1968 1963/1963/1963
f 1968/1968/1968 1966/1966/1966 1969/1969/1969
f 1964/1964/1964 1966/1966/1966 1963/1963/1963
f 1974/1974/1974 1973/1973/1973 1975/1975/1975
f 1975/1975/1975 1973/1973/1973 1967/1967/1967
f 1968/1968/1968 1969/1969/1969 1971/1971/1971
f 1969/1969/1969 1972/1972/1972 1971/1971/1971
f 1973/1973/1973 1974/1974/1974 1972/1972/1972
f 1966/1966/1966 1967/1967/1967 1969/1969/1969
f 1973/1973/1973 1969/1969/1969 1967/1967/1967
f 1969/1969/1969 1973/1973/1973 1972/1972/1972
f 1961/1961/1961 1964/1964/1964 1963/1963/1963
f 2009/2009/2009 2008/2008/2008 1997/1997/1997
f 1997/1997/1997 1995/1995/1995 1998/1998/1998
f 1995/1995/1995 1999/1999/1999 1998/1998/1998
f 2008/2008/2008 1996/1996/1996 1997/1997/1997
f 1982/1982/1982 1981/1981/1981 1983/1983/1983
f 1997/1997/1997 1996/1996/1996 1995/1995/1995
f 2000/2000/2000 1992/1992/1992 2001/2001/2001
f 1995/1995/1995 1993/1993/1993 1999/1999/1999
f 1992/1992/1992 2002/2002/2002 2001/2001/2001
f 1994/1994/1994 1995/1995/1995 1996/1996/1996
f 1992/1992/1992 1991/1991/1991 2003/2003/2003
f 1993/1993/1993 1995/1995/1995 1994/1994/1994
f 1992/1992/1992 2003/2003/2003 2002/2002/2002
f 1991/1991/1991 1992/1992/1992 1988/1988/1988
f 1981/1981/1981 1982/1982/1982 1979/1979/1979
f 1993/1993/1993 1992/1992/1992 2000/2000/2000
f 1992/1992/1992 1993/1993/1993 1994/1994/1994
f 2004/2004/2004 2002/2002/2002 2003/2003/2003
f 1988/1988/1988 1992/1992/1992 1994/1994/1994
f 1988/1988/1988 1990/1990/1990 1991/1991/1991
f 2004/2004/2004 2003/2003/2003 2005/2005/2005
f 2004/2004/2004 2005/2005/2005 2006/2006/2006
f 2005/2005/2005 2003/2003/2003 1991/1991/1991
f 1978/1978/1978 1979/1979/1979 1982/1982/1982
f 2006/2006/2006 2005/2005/2005 2007/2007/2007
f 1977/1977/1977 1979/1979/1979 1978/1978/1978
f 1988/1988/1988 1987/1987/1987 1990/1990/1990
f 1987/1987/1987 1988/1988/1988 1986/1986/1986
f 1976/1976/1976 1977/1977/1977 1978/1978/1978
f 1986/1986/1986 1985/1985/1985 1987/1987/1987
f 1976/1976/1976 1980/1980/1980 1977/1977/1977
f 1989/1989/1989 1987/1987/1987 1985/1985/1985
f 1984/1984/1984 1985/1985/1985 1986/1986/1986
f 2010/2010/2010 2011/2011/2011 2012/2012/2012
f 2010/2010/2010 2012/2012/2012 2014/2014/2014
f 2013/2013/2013 2015/2015/2015 2012/2012/2012
f 2013/2013/2013 2012/2012/2012 2011/2011/2011
f 2016/2016/2016 2017/2017/2017 2018/2018/2018
f 2020/2020/2020 2019/2019/2019 2016/2016/2016
f 2019/2019/2019 2017/2017/2017 2016/2016/2016
f 2021/2021/2021 2022/2022/2022 2023/2023/2023
f 2033/2033/2033 2025/2025/2025 2024/2024/2024
f 2024/2024/2024 2023/2023/2023 2022/2022/2022
f 2025/2025/2025 2023/2023/2023 2024/2024/2024
f 2042/2042/2042 2044/2044/2044 2043/2043/2043
f 2042/2042/2042 2045/2045/2045 2044/2044/2044
f 2035/2035/2035 2033/2033/2033 2024/2024/2024
f 2033/2033/2033 2035/2035/2035 2031/2031/2031
f 2032/2032/2032 2033/2033/2033 2031/2031/2031
f 2046/2046/2046 2047/2047/2047 2048/2048/2048
f 2026/2026/2026 2035/2035/2035 2024/2024/2024
f 2049/2049/2049 2047/2047/2047 2046/2046/2046
f 2038/2038/2038 2039/2039/2039 2040/2040/2040
f 2041/2041/2041 2042/2042/2042 2043/2043/2043
f 2022/2022/2022 2026/2026/2026 2027/2027/2027
f 2032/2032/2032 2031/2031/2031 2029/2029/2029
f 2029/2029/2029 2031/2031/2031 2026/2026/2026
f 2026/2026/2026 2022/2022/2022 2028/2028/2028
f 2028/2028/2028 2029/2029/2029 2026/2026/2026
f 2029/2029/2029 2034/2034/2034 2032/2032/2032
f 2036/2036/2036 2037/2037/2037 2032/2032/2032
f 2029/2029/2029 2028/2028/2028 2030/2030/2030
f 2030/2030/2030 2036/2036/2036 2029/2029/2029
f 2036/2036/2036 2030/2030/2030 2037/2037/2037
f 2050/2050/2050 2051/2051/2051 2052/2052/2052
f 2053/2053/2053 2051/2051/2051 2050/2050/2050
f 2054/2054/2054 2051/2051/2051 2053/2053/2053
f 2055/2055/2055 2051/2051/2051 2054/2054/2054
f 2055/2055/2055 2056/2056/2056 2051/2051/2051
f 2057/2057/2057 2056/2056/2056 2055/2055/2055
f 2057/2057/2057 2055/2055/2055 2058/2058/2058
f 2059/2059/2059 2060/2060/2060 2061/2061/2061
f 2062/2062/2062 2063/2063/2063 2064/2064/2064
f 2065/2065/2065 2063/2063/2063 2062/2062/2062
f 2066/2066/2066 2064/2064/2064 2063/2063/2063
f 2067/2067/2067 2068/2068/2068 2069/2069/2069
f 2070/2070/2070 2071/2071/2071 2068/2068/2068
f 2070/2070/2070 2068/2068/2068 2067/2067/2067
f 2075/2075/2075 2076/2076/2076 2077/2077/2077
f 2076/2076/2076 2075/2075/2075 2078/2078/2078
f 2072/2072/2072 2073/2073/2073 2074/2074/2074
f 2079/2079/2079 2080/2080/2080 2081/2081/2081
f 2082/2082/2082 2079/2079/2079 2081/2081/2081
f 2084/2084/2084 2087/2087/2087 2086/2086/2086
f 2082/2082/2082 2081/2081/2081 2083/2083/2083
f 2084/2084/2084 2086/2086/2086 2085/2085/2085
f 2082/2082/2082 2083/2083/2083 2084/2084/2084
f 2082/2082/2082 2084/2084/2084 2085/2085/2085
f 2088/2088/2088 2089/2089/2089 2090/2090/2090
f 2090/2090/2090 2089/2089/2089 2091/2091/2091
f 2103/2103/2103 2104/2104/2104 2105/2105/2105
f 2096/2096/2096 2097/2097/2097 2091/2091/2091
f 2101/2101/2101 2098/2098/2098 2100/2100/2100
f 2098/2098/2098 2099/2099/2099 2100/2100/2100
f 2101/2101/2101 2100/2100/2100 2102/2102/2102
f 2094/2094/2094 2096/2096/2096 2091/2091/2091
f 2093/2093/2093 2094/2094/2094 2091/2091/2091
f 2095/2095/2095 2093/2093/2093 2092/2092/2092
f 2092/2092/2092 2093/2093/2093 2091/2091/2091
f 2092/2092/2092 2091/2091/2091 2089/2089/2089
f 2106/2106/2106 2107/2107/2107 2108/2108/2108
f 2110/2110/2110 2106/2106/2106 2109/2109/2109
f 2109/2109/2109 2106/2106/2106 2108/2108/2108
f 2111/2111/2111 2112/2112/2112 2113/2113/2113
f 2111/2111/2111 2113/2113/2113 2114/2114/2114
f 2118/2118/2118 2115/2115/2115 2113/2113/2113
f 2114/2114/2114 2113/2113/2113 2115/2115/2115
f 2116/2116/2116 2111/2111/2111 2114/2114/2114
f 2116/2116/2116 2117/2117/2117 2111/2111/2111
f 2119/2119/2119 2120/2120/2120 2121/2121/2121
f 2122/2122/2122 2119/2119/2119 2121/2121/2121
f 2122/2122/2122 2121/2121/2121 2123/2123/2123
f 2128/2128/2128 2129/2129/2129 2130/2130/2130
f 2128/2128/2128 2130/2130/2130 2131/2131/2131
f 2124/2124/2124 2125/2125/2125 2126/2126/2126
f 2132/2132/2132 2133/2133/2133 2134/2134/2134
f 2135/2135/2135 2136/2136/2136 2137/2137/2137
f 2127/2127/2127 2125/2125/2125 2124/2124/2124
f 2138/2138/2138 2139/2139/2139 2140/2140/2140
f 2141/2141/2141 2139/2139/2139 2138/2138/2138
f 2142/2142/2142 2143/2143/2143 2144/2144/2144
f 2143/2143/2143 2142/2142/2142 2145/2145/2145
f 2142/2142/2142 2146/2146/2146 2145/2145/2145
f 2142/2142/2142 2147/2147/2147 2146/2146/2146
f 2147/2147/2147 2148/2148/2148 2146/2146/2146
f 2148/2148/2148 2149/2149/2149 2146/2146/2146
f 2151/2151/2151 2149/2149/2149 2150/2150/2150
f 2149/2149/2149 2148/2148/2148 2150/2150/2150
f 2152/2152/2152 2151/2151/2151 2150/2150/2150
f 2150/2150/2150 2154/2154/2154 2152/2152/2152
f 2153/2153/2153 2158/2158/2158 2151/2151/2151
f 2152/2152/2152 2153/2153/2153 2151/2151/2151
f 2154/2154/2154 2155/2155/2155 2152/2152/2152
f 2153/2153/2153 2152/2152/2152 2155/2155/2155
f 2159/2159/2159 2157/2157/2157 2155/2155/2155
f 2153/2153/2153 2156/2156/2156 2158/2158/2158
f 2155/2155/2155 2156/2156/2156 2153/2153/2153
f 2156/2156/2156 2155/2155/2155 2157/2157/2157
f 2163/2163/2163 2164/2164/2164 2156/2156/2156
f 2156/2156/2156 2157/2157/2157 2160/2160/2160
f 2163/2163/2163 2156/2156/2156 2162/2162/2162
f 2156/2156/2156 2160/2160/2160 2162/2162/2162
f 2163/2163/2163 2162/2162/2162 2165/2165/2165
f 2157/2157/2157 2161/2161/2161 2160/2160/2160
f 2166/2166/2166 2167/2167/2167 2168/2168/2168
f 2167/2167/2167 2171/2171/2171 2169/2169/2169
f 2178/2178/2178 2177/2177/2177 2174/2174/2174
f 2169/2169/2169 2168/2168/2168 2167/2167/2167
f 2171/2171/2171 2172/2172/2172 2169/2169/2169
f 2173/2173/2173 2172/2172/2172 2174/2174/2174
f 2192/2192/2192 2178/2178/2178 2195/2195/2195
f 2178/2178/2178 2192/2192/2192 2177/2177/2177
f 2174/2174/2174 2177/2177/2177 2175/2175/2175
f 2175/2175/2175 2173/2173/2173 2174/2174/2174
f 2170/2170/2170 2168/2168/2168 2169/2169/2169
f 2173/2173/2173 2169/2169/2169 2172/2172/2172
f 2180/2180/2180 2177/2177/2177 2192/2192/2192
f 2170/2170/2170 2196/2196/2196 2168/2168/2168
f 2180/2180/2180 2193/2193/2193 2179/2179/2179
f 2177/2177/2177 2179/2179/2179 2175/2175/2175
f 2169/2169/2169 2173/2173/2173 2170/2170/2170
f 2181/2181/2181 2175/2175/2175 2179/2179/2179
f 2173/2173/2173 2175/2175/2175 2176/2176/2176
f 2192/2192/2192 2194/2194/2194 2180/2180/2180
f 2182/2182/2182 2176/2176/2176 2175/2175/2175
f 2175/2175/2175 2181/2181/2181 2182/2182/2182
f 2180/2180/2180 2194/2194/2194 2193/2193/2193
f 2183/2183/2183 2176/2176/2176 2182/2182/2182
f 2182/2182/2182 2185/2185/2185 2183/2183/2183
f 2183/2183/2183 2184/2184/2184 2176/2176/2176
f 2186/2186/2186 2184/2184/2184 2183/2183/2183
f 2186/2186/2186 2183/2183/2183 2187/2187/2187
f 2191/2191/2191 2186/2186/2186 2189/2189/2189
f 2187/2187/2187 2183/2183/2183 2188/2188/2188
f 2186/2186/2186 2187/2187/2187 2189/2189/2189
f 2189/2189/2189 2187/2187/2187 2190/2190/2190
f 2177/2177/2177 2180/2180/2180 2179/2179/2179
f 2224/2224/2224 2223/2223/2223 2221/2221/2221
f 2204/2204/2204 2205/2205/2205 2202/2202/2202
f 2204/2204/2204 2202/2202/2202 2201/2201/2201
f 2200/2200/2200 2203/2203/2203 2201/2201/2201
f 2200/2200/2200 2201/2201/2201 2202/2202/2202
f 2206/2206/2206 2203/2203/2203 2200/2200/2200
f 2197/2197/2197 2198/2198/2198 2199/2199/2199
f 2217/2217/2217 2218/2218/2218 2219/2219/2219
f 2214/2214/2214 2215/2215/2215 2216/2216/2216
f 2218/2218/2218 2221/2221/2221 2219/2219/2219
f 2207/2207/2207 2200/2200/2200 2202/2202/2202
f 2216/2216/2216 2217/2217/2217 2220/2220/2220
f 2207/2207/2207 2202/2202/2202 2208/2208/2208
f 2210/2210/2210 2209/2209/2209 2212/2212/2212
f 2211/2211/2211 2210/2210/2210 2213/2213/2213
f 2209/2209/2209 2210/2210/2210 2211/2211/2211
f 2220/2220/2220 2217/2217/2217 2219/2219/2219
f 2222/2222/2222 2214/2214/2214 2216/2216/2216
f 2222/2222/2222 2216/2216/2216 2220/2220/2220
f 2219/2219/2219 2221/2221/2221 2223/2223/2223
f 2225/2225/2225 2226/2226/2226 2227/2227/2227
f 2239/2239/2239 2236/2236/2236 2238/2238/2238
f 2230/2230/2230 2225/2225/2225 2229/2229/2229
f 2231/2231/2231 2230/2230/2230 2229/2229/2229
f 2236/2236/2236 2239/2239/2239 2240/2240/2240
f 2236/2236/2236 2235/2235/2235 2233/2233/2233
f 2238/2238/2238 2236/2236/2236 2233/2233/2233
f 2231/2231/2231 2229/2229/2229 2233/2233/2233
f 2240/2240/2240 2239/2239/2239 2241/2241/2241
f 2233/2233/2233 2235/2235/2235 2234/2234/2234
f 2236/2236/2236 2240/2240/2240 2237/2237/2237
f 2230/2230/2230 2231/2231/2231 2232/2232/2232
f 2237/2237/2237 2235/2235/2235 2236/2236/2236
f 2227/2227/2227 2228/2228/2228 2225/2225/2225
f 2233/2233/2233 2234/2234/2234 2231/2231/2231
f 2242/2242/2242 2230/2230/2230 2232/2232/2232
f 2229/2229/2229 2225/2225/2225 2228/2228/2228
f 2231/2231/2231 2234/2234/2234 2232/2232/2232
f 2257/2257/2257 2263/2263/2263 2265/2265/2265
f 2268/2268/2268 2257/2257/2257 2265/2265/2265
f 2267/2267/2267 2263/2263/2263 2262/2262/2262
f 2263/2263/2263 2257/2257/2257 2256/2256/2256
f 2263/2263/2263 2256/2256/2256 2262/2262/2262
f 2280/2280/2280 2281/2281/2281 2282/2282/2282
f 2256/2256/2256 2257/2257/2257 2253/2253/2253
f 2269/2269/2269 2270/2270/2270 2271/2271/2271
f 2256/2256/2256 2260/2260/2260 2262/2262/2262
f 2269/2269/2269 2273/2273/2273 2270/2270/2270
f 2266/2266/2266 2267/2267/2267 2262/2262/2262
f 2258/2258/2258 2254/2254/2254 2253/2253/2253
f 2258/2258/2258 2259/2259/2259 2255/2255/2255
f 2258/2258/2258 2255/2255/2255 2254/2254/2254
f 2256/2256/2256 2251/2251/2251 2260/2260/2260
f 2253/2253/2253 2251/2251/2251 2256/2256/2256
f 2272/2272/2272 2270/2270/2270 2273/2273/2273
f 2244/2244/2244 2253/2253/2253 2254/2254/2254
f 2251/2251/2251 2253/2253/2253 2244/2244/2244
f 2262/2262/2262 2260/2260/2260 2261/2261/2261
f 2262/2262/2262 2261/2261/2261 2264/2264/2264
f 2247/2247/2247 2254/2254/2254 2255/2255/2255
f 2264/2264/2264 2266/2266/2266 2262/2262/2262
f 2261/2261/2261 2260/2260/2260 2251/2251/2251
f 2251/2251/2251 2244/2244/2244 2252/2252/2252
f 2273/2273/2273 2274/2274/2274 2272/2272/2272
f 2261/2261/2261 2251/2251/2251 2250/2250/2250
f 2244/2244/2244 2254/2254/2254 2247/2247/2247
f 2250/2250/2250 2251/2251/2251 2252/2252/2252
f 2243/2243/2243 2246/2246/2246 2244/2244/2244
f 2244/2244/2244 2247/2247/2247 2245/2245/2245
f 2243/2243/2243 2244/2244/2244 2245/2245/2245
f 2276/2276/2276 2272/2272/2272 2274/2274/2274
f 2275/2275/2275 2276/2276/2276 2274/2274/2274
f 2275/2275/2275 2274/2274/2274 2277/2277/2277
f 2248/2248/2248 2245/2245/2245 2249/2249/2249
f 2245/2245/2245 2248/2248/2248 2243/2243/2243
f 2275/2275/2275 2277/2277/2277 2278/2278/2278
f 2278/2278/2278 2279/2279/2279 2275/2275/2275
f 2283/2283/2283 2284/2284/2284 2285/2285/2285
f 2286/2286/2286 2287/2287/2287 2288/2288/2288
f 2289/2289/2289 2287/2287/2287 2286/2286/2286
f 2290/2290/2290 2289/2289/2289 2286/2286/2286
f 2297/2297/2297 2296/2296/2296 2295/2295/2295
f 2294/2294/2294 2295/2295/2295 2296/2296/2296
f 2291/2291/2291 2292/2292/2292 2293/2293/2293
f 2300/2300/2300 2301/2301/2301 2302/2302/2302
f 2299/2299/2299 2297/2297/2297 2298/2298/2298
f 2297/2297/2297 2295/2295/2295 2298/2298/2298
f 2307/2307/2307 2309/2309/2309 2308/2308/2308
f 2313/2313/2313 2312/2312/2312 2314/2314/2314
f 2313/2313/2313 2307/2307/2307 2312/2312/2312
f 2306/2306/2306 2312/2312/2312 2307/2307/2307
f 2303/2303/2303 2304/2304/2304 2305/2305/2305
f 2315/2315/2315 2316/2316/2316 2317/2317/2317
f 2306/2306/2306 2307/2307/2307 2308/2308/2308
f 2310/2310/2310 2306/2306/2306 2308/2308/2308
f 2310/2310/2310 2311/2311/2311 2306/2306/2306
f 2318/2318/2318 2319/2319/2319 2320/2320/2320
f 2318/2318/2318 2320/2320/2320 2321/2321/2321
f 2322/2322/2322 2323/2323/2323 2324/2324/2324
f 2324/2324/2324 2325/2325/2325 2322/2322/2322
f 2326/2326/2326 2327/2327/2327 2328/2328/2328
f 2327/2327/2327 2329/2329/2329 2328/2328/2328
f 2329/2329/2329 2331/2331/2331 2328/2328/2328
f 2329/2329/2329 2327/2327/2327 2330/2330/2330
f 2329/2329/2329 2332/2332/2332 2331/2331/2331
f 2333/2333/2333 2334/2334/2334 2335/2335/2335
f 2336/2336/2336 2337/2337/2337 2338/2338/2338
f 2336/2336/2336 2339/2339/2339 2337/2337/2337
f 2336/2336/2336 2349/2349/2349 2339/2339/2339
f 2340/2340/2340 2342/2342/2342 2338/2338/2338
f 2349/2349/2349 2347/2347/2347 2339/2339/2339
f 2338/2338/2338 2337/2337/2337 2340/2340/2340
f 2343/2343/2343 2342/2342/2342 2340/2340/2340
f 2346/2346/2346 2339/2339/2339 2347/2347/2347
f 2337/2337/2337 2339/2339/2339 2344/2344/2344
f 2345/2345/2345 2339/2339/2339 2346/2346/2346
f 2340/2340/2340 2337/2337/2337 2341/2341/2341
f 2344/2344/2344 2341/2341/2341 2337/2337/2337
f 2339/2339/2339 2345/2345/2345 2344/2344/2344
f 2345/2345/2345 2346/2346/2346 2348/2348/2348
f 2350/2350/2350 2351/2351/2351 2352/2352/2352
f 2353/2353/2353 2354/2354/2354 2355/2355/2355
f 2354/2354/2354 2356/2356/2356 2359/2359/2359
f 2354/2354/2354 2359/2359/2359 2360/2360/2360
f 2353/2353/2353 2355/2355/2355 2357/2357/2357
f 2353/2353/2353 2356/2356/2356 2354/2354/2354
f 2358/2358/2358 2356/2356/2356 2353/2353/2353
f 2356/2356/2356 2358/2358/2358 2361/2361/2361
f 2358/2358/2358 2353/2353/2353 2362/2362/2362
f 2362/2362/2362 2363/2363/2363 2358/2358/2358
f 2362/2362/2362 2364/2364/2364 2363/2363/2363
f 2369/2369/2369 2364/2364/2364 2367/2367/2367
f 2365/2365/2365 2367/2367/2367 2364/2364/2364
f 2364/2364/2364 2362/2362/2362 2365/2365/2365
f 2366/2366/2366 2365/2365/2365 2362/2362/2362
f 2365/2365/2365 2368/2368/2368 2367/2367/2367
f 2370/2370/2370 2368/2368/2368 2365/2365/2365
f 2365/2365/2365 2366/2366/2366 2372/2372/2372
f 2370/2370/2370 2365/2365/2365 2371/2371/2371
f 2365/2365/2365 2372/2372/2372 2371/2371/2371
f 2373/2373/2373 2370/2370/2370 2371/2371/2371
f 2374/2374/2374 2373/2373/2373 2371/2371/2371
f 2372/2372/2372 2374/2374/2374 2371/2371/2371
f 2372/2372/2372 2376/2376/2376 2374/2374/2374
f 2387/2387/2387 2372/2372/2372 2366/2366/2366
f 2373/2373/2373 2375/2375/2375 2383/2383/2383
f 2373/2373/2373 2374/2374/2374 2375/2375/2375
f 2376/2376/2376 2377/2377/2377 2374/2374/2374
f 2382/2382/2382 2375/2375/2375 2374/2374/2374
f 2377/2377/2377 2376/2376/2376 2378/2378/2378
f 2383/2383/2383 2375/2375/2375 2384/2384/2384
f 2375/2375/2375 2382/2382/2382 2385/2385/2385
f 2385/2385/2385 2382/2382/2382 2386/2386/2386
f 2378/2378/2378 2379/2379/2379 2377/2377/2377
f 2384/2384/2384 2375/2375/2375 2385/2385/2385
f 2379/2379/2379 2378/2378/2378 2380/2380/2380
f 2379/2379/2379 2381/2381/2381 2377/2377/2377
f 2398/2398/2398 2399/2399/2399 2400/2400/2400
f 2388/2388/2388 2389/2389/2389 2390/2390/2390
f 2392/2392/2392 2388/2388/2388 2390/2390/2390
f 2391/2391/2391 2388/2388/2388 2392/2392/2392
f 2391/2391/2391 2397/2397/2397 2395/2395/2395
f 2391/2391/2391 2395/2395/2395 2396/2396/2396
f 2394/2394/2394 2391/2391/2391 2396/2396/2396
f 2393/2393/2393 2388/2388/2388 2391/2391/2391
f 2394/2394/2394 2393/2393/2393 2391/2391/2391
f 2401/2401/2401 2402/2402/2402 2403/2403/2403
f 2404/2404/2404 2405/2405/2405 2406/2406/2406
f 2409/2409/2409 2410/2410/2410 2408/2408/2408
f 2409/2409/2409 2408/2408/2408 2407/2407/2407
f 2407/2407/2407 2408/2408/2408 2405/2405/2405
f 2407/2407/2407 2405/2405/2405 2404/2404/2404
f 2411/2411/2411 2410/2410/2410 2409/2409/2409
f 2446/2446/2446 2445/2445/2445 2637/2637/2637
f 2445/2445/2445 2446/2446/2446 2447/2447/2447
f 2447/2447/2447 2449/2449/2449 2445/2445/2445
f 2446/2446/2446 2448/2448/2448 2447/2447/2447
f 2640/2640/2640 2639/2639/2639 2448/2448/2448
f 2449/2449/2449 2447/2447/2447 2450/2450/2450
f 2452/2452/2452 2449/2449/2449 2450/2450/2450
f 2450/2450/2450 2454/2454/2454 2452/2452/2452
f 2612/2612/2612 2448/2448/2448 2639/2639/2639
f 2449/2449/2449 2452/2452/2452 2453/2453/2453
f 2447/2447/2447 2451/2451/2451 2450/2450/2450
f 2448/2448/2448 2608/2608/2608 2447/2447/2447
f 2453/2453/2453 2635/2635/2635 2483/2483/2483
f 2644/2644/2644 2453/2453/2453 2483/2483/2483
f 2608/2608/2608 2451/2451/2451 2447/2447/2447
f 2639/2639/2639 2641/2641/2641 2612/2612/2612
f 2612/2612/2612 2608/2608/2608 2448/2448/2448
f 2643/2643/2643 2644/2644/2644 2482/2482/2482
f 2454/2454/2454 2450/2450/2450 2451/2451/2451
f 2482/2482/2482 2644/2644/2644 2483/2483/2483
f 2488/2488/2488 2486/2486/2486 2489/2489/2489
f 2488/2488/2488 2487/2487/2487 2486/2486/2486
f 2456/2456/2456 2453/2453/2453 2452/2452/2452
f 2455/2455/2455 2456/2456/2456 2452/2452/2452
f 2483/2483/2483 2635/2635/2635 2478/2478/2478
f 2484/2484/2484 2486/2486/2486 2487/2487/2487
f 2455/2455/2455 2452/2452/2452 2454/2454/2454
f 2481/2481/2481 2482/2482/2482 2483/2483/2483
f 2453/2453/2453 2456/2456/2456 2635/2635/2635
f 2635/2635/2635 2636/2636/2636 2478/2478/2478
f 2483/2483/2483 2478/2478/2478 2481/2481/2481
f 2643/2643/2643 2482/2482/2482 2484/2484/2484
f 2486/2486/2486 2490/2490/2490 2489/2489/2489
f 2454/2454/2454 2451/2451/2451 2459/2459/2459
f 2486/2486/2486 2484/2484/2484 2485/2485/2485
f 2608/2608/2608 2612/2612/2612 2613/2613/2613
f 2454/2454/2454 2459/2459/2459 2457/2457/2457
f 2456/2456/2456 2636/2636/2636 2635/2635/2635
f 2457/2457/2457 2455/2455/2455 2454/2454/2454
f 2467/2467/2467 2636/2636/2636 2456/2456/2456
f 2456/2456/2456 2455/2455/2455 2458/2458/2458
f 2478/2478/2478 2477/2477/2477 2481/2481/2481
f 2482/2482/2482 2481/2481/2481 2479/2479/2479
f 2484/2484/2484 2482/2482/2482 2479/2479/2479
f 2479/2479/2479 2485/2485/2485 2484/2484/2484
f 2478/2478/2478 2636/2636/2636 2471/2471/2471
f 2457/2457/2457 2459/2459/2459 2460/2460/2460
f 2458/2458/2458 2467/2467/2467 2456/2456/2456
f 2471/2471/2471 2636/2636/2636 2467/2467/2467
f 2481/2481/2481 2477/2477/2477 2479/2479/2479
f 2460/2460/2460 2459/2459/2459 2461/2461/2461
f 2459/2459/2459 2451/2451/2451 2611/2611/2611
f 2455/2455/2455 2457/2457/2457 2458/2458/2458
f 2451/2451/2451 2608/2608/2608 2611/2611/2611
f 2611/2611/2611 2461/2461/2461 2459/2459/2459
f 2477/2477/2477 2478/2478/2478 2471/2471/2471
f 2480/2480/2480 2485/2485/2485 2479/2479/2479
f 2480/2480/2480 2491/2491/2491 2485/2485/2485
f 2458/2458/2458 2457/2457/2457 2462/2462/2462
f 2477/2477/2477 2471/2471/2471 2475/2475/2475
f 2467/2467/2467 2470/2470/2470 2471/2471/2471
f 2462/2462/2462 2457/2457/2457 2460/2460/2460
f 2471/2471/2471 2470/2470/2470 2475/2475/2475
f 2476/2476/2476 2479/2479/2479 2477/2477/2477
f 2480/2480/2480 2479/2479/2479 2476/2476/2476
f 2608/2608/2608 2607/2607/2607 2611/2611/2611
f 2467/2467/2467 2458/2458/2458 2465/2465/2465
f 2458/2458/2458 2462/2462/2462 2465/2465/2465
f 2475/2475/2475 2476/2476/2476 2477/2477/2477
f 2480/2480/2480 2476/2476/2476 2491/2491/2491
f 2614/2614/2614 2608/2608/2608 2613/2613/2613
f 2470/2470/2470 2473/2473/2473 2475/2475/2475
f 2476/2476/2476 2475/2475/2475 2473/2473/2473
f 2491/2491/2491 2476/2476/2476 2492/2492/2492
f 2462/2462/2462 2460/2460/2460 2463/2463/2463
f 2463/2463/2463 2465/2465/2465 2462/2462/2462
f 2470/2470/2470 2467/2467/2467 2468/2468/2468
f 2607/2607/2607 2608/2608/2608 2603/2603/2603
f 2461/2461/2461 2464/2464/2464 2460/2460/2460
f 2492/2492/2492 2493/2493/2493 2491/2491/2491
f 2614/2614/2614 2603/2603/2603 2608/2608/2608
f 2472/2472/2472 2473/2473/2473 2470/2470/2470
f 2473/2473/2473 2492/2492/2492 2476/2476/2476
f 2465/2465/2465 2463/2463/2463 2466/2466/2466
f 2467/2467/2467 2465/2465/2465 2468/2468/2468
f 2468/2468/2468 2465/2465/2465 2469/2469/2469
f 2470/2470/2470 2468/2468/2468 2472/2472/2472
f 2463/2463/2463 2615/2615/2615 2616/2616/2616
f 2611/2611/2611 2607/2607/2607 2610/2610/2610
f 2613/2613/2613 2604/2604/2604 2614/2614/2614
f 2463/2463/2463 2464/2464/2464 2615/2615/2615
f 2465/2465/2465 2466/2466/2466 2618/2618/2618
f 2465/2465/2465 2618/2618/2618 2469/2469/2469
f 2472/2472/2472 2474/2474/2474 2473/2473/2473
f 2463/2463/2463 2616/2616/2616 2617/2617/2617
f 2461/2461/2461 2578/2578/2578 2464/2464/2464
f 2474/2474/2474 2492/2492/2492 2473/2473/2473
f 2494/2494/2494 2493/2493/2493 2492/2492/2492
f 2466/2466/2466 2463/2463/2463 2617/2617/2617
f 2614/2614/2614 2604/2604/2604 2603/2603/2603
f 2611/2611/2611 2610/2610/2610 2461/2461/2461
f 2472/2472/2472 2468/2468/2468 2469/2469/2469
f 2578/2578/2578 2615/2615/2615 2464/2464/2464
f 2495/2495/2495 2493/2493/2493 2494/2494/2494
f 2617/2617/2617 2615/2615/2615 2576/2576/2576
f 2466/2466/2466 2617/2617/2617 2576/2576/2576
f 2610/2610/2610 2578/2578/2578 2461/2461/2461
f 2496/2496/2496 2494/2494/2494 2492/2492/2492
f 2576/2576/2576 2618/2618/2618 2466/2466/2466
f 2615/2615/2615 2578/2578/2578 2576/2576/2576
f 2474/2474/2474 2496/2496/2496 2492/2492/2492
f 2499/2499/2499 2472/2472/2472 2469/2469/2469
f 2474/2474/2474 2472/2472/2472 2499/2499/2499
f 2604/2604/2604 2602/2602/2602 2603/2603/2603
f 2618/2618/2618 2576/2576/2576 2575/2575/2575
f 2607/2607/2607 2603/2603/2603 2605/2605/2605
f 2603/2603/2603 2602/2602/2602 2601/2601/2601
f 2607/2607/2607 2605/2605/2605 2609/2609/2609
f 2607/2607/2607 2609/2609/2609 2610/2610/2610
f 2495/2495/2495 2494/2494/2494 2514/2514/2514
f 2601/2601/2601 2605/2605/2605 2603/2603/2603
f 2496/2496/2496 2497/2497/2497 2494/2494/2494
f 2578/2578/2578 2610/2610/2610 2609/2609/2609
f 2575/2575/2575 2469/2469/2469 2618/2618/2618
f 2496/2496/2496 2500/2500/2500 2497/2497/2497
f 2494/2494/2494 2497/2497/2497 2514/2514/2514
f 2496/2496/2496 2498/2498/2498 2500/2500/2500
f 2496/2496/2496 2474/2474/2474 2498/2498/2498
f 2599/2599/2599 2601/2601/2601 2602/2602/2602
f 2469/2469/2469 2502/2502/2502 2499/2499/2499
f 2575/2575/2575 2503/2503/2503 2469/2469/2469
f 2601/2601/2601 2599/2599/2599 2600/2600/2600
f 2502/2502/2502 2469/2469/2469 2503/2503/2503
f 2499/2499/2499 2498/2498/2498 2474/2474/2474
f 2414/2414/2414 2415/2415/2415 2418/2418/2418
f 2605/2605/2605 2601/2601/2601 2606/2606/2606
f 2497/2497/2497 2513/2513/2513 2514/2514/2514
f 2499/2499/2499 2501/2501/2501 2498/2498/2498
f 2498/2498/2498 2507/2507/2507 2634/2634/2634
f 2501/2501/2501 2507/2507/2507 2498/2498/2498
f 2499/2499/2499 2502/2502/2502 2501/2501/2501
f 2582/2582/2582 2605/2605/2605 2606/2606/2606
f 2415/2415/2415 2419/2419/2419 2418/2418/2418
f 2609/2609/2609 2605/2605/2605 2582/2582/2582
f 2576/2576/2576 2574/2574/2574 2575/2575/2575
f 2416/2416/2416 2412/2412/2412 2414/2414/2414
f 2414/2414/2414 2413/2413/2413 2415/2415/2415
f 2600/2600/2600 2606/2606/2606 2601/2601/2601
f 2503/2503/2503 2575/2575/2575 2574/2574/2574
f 2507/2507/2507 2501/2501/2501 2508/2508/2508
f 2412/2412/2412 2413/2413/2413 2414/2414/2414
f 2510/2510/2510 2509/2509/2509 2512/2512/2512
f 2508/2508/2508 2501/2501/2501 2505/2505/2505
f 2510/2510/2510 2642/2642/2642 2508/2508/2508
f 2576/2576/2576 2578/2578/2578 2577/2577/2577
f 2415/2415/2415 2413/2413/2413 2417/2417/2417
f 2419/2419/2419 2415/2415/2415 2417/2417/2417
f 2505/2505/2505 2510/2510/2510 2508/2508/2508
f 2515/2515/2515 2509/2509/2509 2516/2516/2516
f 2502/2502/2502 2504/2504/2504 2501/2501/2501
f 2580/2580/2580 2578/2578/2578 2609/2609/2609
f 2501/2501/2501 2504/2504/2504 2505/2505/2505
f 2505/2505/2505 2509/2509/2509 2510/2510/2510
f 2574/2574/2574 2576/2576/2576 2573/2573/2573
f 2511/2511/2511 2509/2509/2509 2505/2505/2505
f 2502/2502/2502 2503/2503/2503 2504/2504/2504
f 2599/2599/2599 2597/2597/2597 2600/2600/2600
f 2577/2577/2577 2578/2578/2578 2580/2580/2580
f 2602/2602/2602 2597/2597/2597 2599/2599/2599
f 2516/2516/2516 2509/2509/2509 2511/2511/2511
f 2503/2503/2503 2574/2574/2574 2572/2572/2572
f 2582/2582/2582 2580/2580/2580 2609/2609/2609
f 2606/2606/2606 2600/2600/2600 2598/2598/2598
f 2576/2576/2576 2577/2577/2577 2573/2573/2573
f 2503/2503/2503 2572/2572/2572 2504/2504/2504
f 2598/2598/2598 2582/2582/2582 2606/2606/2606
f 2506/2506/2506 2505/2505/2505 2504/2504/2504
f 2574/2574/2574 2573/2573/2573 2572/2572/2572
f 2516/2516/2516 2511/2511/2511 2517/2517/2517
f 2638/2638/2638 2597/2597/2597 2602/2602/2602
f 2504/2504/2504 2571/2571/2571 2506/2506/2506
f 2511/2511/2511 2505/2505/2505 2506/2506/2506
f 2597/2597/2597 2598/2598/2598 2600/2600/2600
f 2582/2582/2582 2581/2581/2581 2580/2580/2580
f 2577/2577/2577 2580/2580/2580 2579/2579/2579
f 2581/2581/2581 2582/2582/2582 2598/2598/2598
f 2572/2572/2572 2571/2571/2571 2504/2504/2504
f 2584/2584/2584 2598/2598/2598 2597/2597/2597
f 2506/2506/2506 2518/2518/2518 2511/2511/2511
f 2596/2596/2596 2584/2584/2584 2597/2597/2597
f 2596/2596/2596 2597/2597/2597 2638/2638/2638
f 2511/2511/2511 2518/2518/2518 2517/2517/2517
f 2572/2572/2572 2564/2564/2564 2571/2571/2571
f 2568/2568/2568 2506/2506/2506 2571/2571/2571
f 2577/2577/2577 2561/2561/2561 2573/2573/2573
f 2571/2571/2571 2564/2564/2564 2568/2568/2568
f 2558/2558/2558 2580/2580/2580 2581/2581/2581
f 2579/2579/2579 2561/2561/2561 2577/2577/2577
f 2573/2573/2573 2561/2561/2561 2560/2560/2560
f 2581/2581/2581 2598/2598/2598 2584/2584/2584
f 2564/2564/2564 2572/2572/2572 2573/2573/2573
f 2573/2573/2573 2560/2560/2560 2564/2564/2564
f 2520/2520/2520 2518/2518/2518 2506/2506/2506
f 2580/2580/2580 2557/2557/2557 2579/2579/2579
f 2580/2580/2580 2558/2558/2558 2557/2557/2557
f 2568/2568/2568 2523/2523/2523 2506/2506/2506
f 2517/2517/2517 2518/2518/2518 2519/2519/2519
f 2568/2568/2568 2567/2567/2567 2523/2523/2523
f 2506/2506/2506 2523/2523/2523 2520/2520/2520
f 2561/2561/2561 2579/2579/2579 2557/2557/2557
f 2563/2563/2563 2568/2568/2568 2564/2564/2564
f 2581/2581/2581 2583/2583/2583 2558/2558/2558
f 2568/2568/2568 2563/2563/2563 2567/2567/2567
f 2581/2581/2581 2584/2584/2584 2583/2583/2583
f 2564/2564/2564 2560/2560/2560 2563/2563/2563
f 2519/2519/2519 2518/2518/2518 2520/2520/2520
f 2561/2561/2561 2557/2557/2557 2560/2560/2560
f 2567/2567/2567 2563/2563/2563 2565/2565/2565
f 2523/2523/2523 2567/2567/2567 2530/2530/2530
f 2563/2563/2563 2560/2560/2560 2562/2562/2562
f 2560/2560/2560 2557/2557/2557 2559/2559/2559
f 2558/2558/2558 2583/2583/2583 2585/2585/2585
f 2530/2530/2530 2567/2567/2567 2565/2565/2565
f 2520/2520/2520 2522/2522/2522 2521/2521/2521
f 2521/2521/2521 2519/2519/2519 2520/2520/2520
f 2520/2520/2520 2523/2523/2523 2522/2522/2522
f 2595/2595/2595 2584/2584/2584 2596/2596/2596
f 2557/2557/2557 2555/2555/2555 2559/2559/2559
f 2583/2583/2583 2584/2584/2584 2586/2586/2586
f 2559/2559/2559 2562/2562/2562 2560/2560/2560
f 2557/2557/2557 2553/2553/2553 2555/2555/2555
f 2557/2557/2557 2558/2558/2558 2553/2553/2553
f 2584/2584/2584 2595/2595/2595 2586/2586/2586
f 2563/2563/2563 2562/2562/2562 2565/2565/2565
f 2523/2523/2523 2530/2530/2530 2522/2522/2522
f 2583/2583/2583 2586/2586/2586 2585/2585/2585
f 2522/2522/2522 2530/2530/2530 2529/2529/2529
f 2558/2558/2558 2585/2585/2585 2553/2553/2553
f 2585/2585/2585 2587/2587/2587 2553/2553/2553
f 2566/2566/2566 2565/2565/2565 2562/2562/2562
f 2559/2559/2559 2555/2555/2555 2556/2556/2556
f 2530/2530/2530 2565/2565/2565 2532/2532/2532
f 2530/2530/2530 2532/2532/2532 2529/2529/2529
f 2559/2559/2559 2556/2556/2556 2562/2562/2562
f 2544/2544/2544 2566/2566/2566 2562/2562/2562
f 2528/2528/2528 2522/2522/2522 2529/2529/2529
f 2531/2531/2531 2529/2529/2529 2532/2532/2532
f 2522/2522/2522 2528/2528/2528 2527/2527/2527
f 2524/2524/2524 2521/2521/2521 2522/2522/2522
f 2522/2522/2522 2527/2527/2527 2526/2526/2526
f 2526/2526/2526 2525/2525/2525 2522/2522/2522
f 2532/2532/2532 2565/2565/2565 2535/2535/2535
f 2535/2535/2535 2531/2531/2531 2532/2532/2532
f 2565/2565/2565 2566/2566/2566 2535/2535/2535
f 2562/2562/2562 2556/2556/2556 2544/2544/2544
f 2555/2555/2555 2552/2552/2552 2556/2556/2556
f 2529/2529/2529 2531/2531/2531 2528/2528/2528
f 2553/2553/2553 2587/2587/2587 2589/2589/2589
f 2552/2552/2552 2569/2569/2569 2556/2556/2556
f 2525/2525/2525 2524/2524/2524 2522/2522/2522
f 2585/2585/2585 2586/2586/2586 2592/2592/2592
f 2553/2553/2553 2552/2552/2552 2555/2555/2555
f 2569/2569/2569 2544/2544/2544 2556/2556/2556
f 2553/2553/2553 2589/2589/2589 2590/2590/2590
f 2592/2592/2592 2586/2586/2586 2595/2595/2595
f 2541/2541/2541 2566/2566/2566 2544/2544/2544
f 2591/2591/2591 2585/2585/2585 2592/2592/2592
f 2594/2594/2594 2592/2592/2592 2595/2595/2595
f 2535/2535/2535 2566/2566/2566 2541/2541/2541
f 2570/2570/2570 2544/2544/2544 2569/2569/2569
f 2553/2553/2553 2554/2554/2554 2551/2551/2551
f 2544/2544/2544 2570/2570/2570 2543/2543/2543
f 2553/2553/2553 2590/2590/2590 2554/2554/2554
f 2588/2588/2588 2587/2587/2587 2585/2585/2585
f 2591/2591/2591 2588/2588/2588 2585/2585/2585
f 2553/2553/2553 2551/2551/2551 2552/2552/2552
f 2594/2594/2594 2593/2593/2593 2592/2592/2592
f 2541/2541/2541 2544/2544/2544 2543/2543/2543
f 2588/2588/2588 2589/2589/2589 2587/2587/2587
f 2438/2438/2438 2436/2436/2436 2440/2440/2440
f 2569/2569/2569 2552/2552/2552 2547/2547/2547
f 2442/2442/2442 2443/2443/2443 2444/2444/2444
f 2436/2436/2436 2438/2438/2438 2437/2437/2437
f 2431/2431/2431 2432/2432/2432 2433/2433/2433
f 2591/2591/2591 2592/2592/2592 2593/2593/2593
f 2533/2533/2533 2528/2528/2528 2531/2531/2531
f 2569/2569/2569 2547/2547/2547 2570/2570/2570
f 2550/2550/2550 2547/2547/2547 2552/2552/2552
f 2570/2570/2570 2547/2547/2547 2543/2543/2543
f 2434/2434/2434 2432/2432/2432 2431/2431/2431
f 2426/2426/2426 2424/2424/2424 2427/2427/2427
f 2550/2550/2550 2546/2546/2546 2547/2547/2547
f 2551/2551/2551 2549/2549/2549 2550/2550/2550
f 2437/2437/2437 2438/2438/2438 2439/2439/2439
f 2435/2435/2435 2434/2434/2434 2431/2431/2431
f 2441/2441/2441 2434/2434/2434 2435/2435/2435
f 2423/2423/2423 2422/2422/2422 2424/2424/2424
f 2424/2424/2424 2426/2426/2426 2423/2423/2423
f 2535/2535/2535 2534/2534/2534 2531/2531/2531
f 2549/2549/2549 2548/2548/2548 2546/2546/2546
f 2435/2435/2435 2431/2431/2431 2436/2436/2436
f 2547/2547/2547 2546/2546/2546 2543/2543/2543
f 2425/2425/2425 2422/2422/2422 2423/2423/2423
f 2429/2429/2429 2430/2430/2430 2421/2421/2421
f 2437/2437/2437 2435/2435/2435 2436/2436/2436
f 2548/2548/2548 2545/2545/2545 2546/2546/2546
f 2420/2420/2420 2421/2421/2421 2422/2422/2422
f 2428/2428/2428 2429/2429/2429 2421/2421/2421
f 2545/2545/2545 2543/2543/2543 2546/2546/2546
f 2422/2422/2422 2425/2425/2425 2420/2420/2420
f 2541/2541/2541 2540/2540/2540 2535/2535/2535
f 2421/2421/2421 2420/2420/2420 2428/2428/2428
f 2535/2535/2535 2540/2540/2540 2538/2538/2538
f 2533/2533/2533 2531/2531/2531 2534/2534/2534
f 2541/2541/2541 2543/2543/2543 2542/2542/2542
f 2545/2545/2545 2542/2542/2542 2543/2543/2543
f 2534/2534/2534 2535/2535/2535 2538/2538/2538
f 2629/2629/2629 2627/2627/2627 2626/2626/2626
f 2541/2541/2541 2542/2542/2542 2540/2540/2540
f 2542/2542/2542 2539/2539/2539 2540/2540/2540
f 2539/2539/2539 2538/2538/2538 2540/2540/2540
f 2538/2538/2538 2536/2536/2536 2534/2534/2534
f 2538/2538/2538 2539/2539/2539 2536/2536/2536
f 2626/2626/2626 2627/2627/2627 2625/2625/2625
f 2536/2536/2536 2533/2533/2533 2534/2534/2534
f 2622/2622/2622 2620/2620/2620 2621/2621/2621
f 2625/2625/2625 2622/2622/2622 2623/2623/2623
f 2628/2628/2628 2629/2629/2629 2626/2626/2626
f 2620/2620/2620 2533/2533/2533 2537/2537/2537
f 2626/2626/2626 2625/2625/2625 2623/2623/2623
f 2533/2533/2533 2536/2536/2536 2537/2537/2537
f 2620/2620/2620 2537/2537/2537 2621/2621/2621
f 2622/2622/2622 2621/2621/2621 2623/2623/2623
f 2628/2628/2628 2626/2626/2626 2623/2623/2623
f 2630/2630/2630 2628/2628/2628 2623/2623/2623
f 2621/2621/2621 2624/2624/2624 2623/2623/2623
f 2624/2624/2624 2630/2630/2630 2623/2623/2623
f 2537/2537/2537 2536/2536/2536 2619/2619/2619
f 2619/2619/2619 2621/2621/2621 2537/2537/2537
f 2633/2633/2633 2624/2624/2624 2632/2632/2632
f 2624/2624/2624 2621/2621/2621 2631/2631/2631
f 2624/2624/2624 2631/2631/2631 2632/2632/2632
f 2464/2464/2464 2463/2463/2463 2460/2460/2460
f 2551/2551/2551 2550/2550/2550 2552/2552/2552
f 2546/2546/2546 2550/2550/2550 2549/2549/2549
f 2645/2645/2645 2646/2646/2646 2647/2647/2647
f 2648/2648/2648 2645/2645/2645 2647/2647/2647
f 2653/2653/2653 2655/2655/2655 2654/2654/2654
f 2652/2652/2652 2653/2653/2653 2654/2654/2654
f 2652/2652/2652 2656/2656/2656 2653/2653/2653
f 2657/2657/2657 2658/2658/2658 2659/2659/2659
f 2663/2663/2663 2662/2662/2662 2661/2661/2661
f 2660/2660/2660 2661/2661/2661 2662/2662/2662
f 2649/2649/2649 2650/2650/2650 2651/2651/2651
f 2679/2679/2679 2681/2681/2681 2671/2671/2671
f 2678/2678/2678 2677/2677/2677 2679/2679/2679
f 2680/2680/2680 2679/2679/2679 2671/2671/2671
f 2677/2677/2677 2678/2678/2678 2676/2676/2676
f 2680/2680/2680 2671/2671/2671 2669/2669/2669
f 2675/2675/2675 2677/2677/2677 2676/2676/2676
f 2670/2670/2670 2669/2669/2669 2671/2671/2671
f 2670/2670/2670 2668/2668/2668 2669/2669/2669
f 2668/2668/2668 2665/2665/2665 2669/2669/2669
f 2674/2674/2674 2675/2675/2675 2676/2676/2676
f 2667/2667/2667 2665/2665/2665 2668/2668/2668
f 2673/2673/2673 2675/2675/2675 2674/2674/2674
f 2674/2674/2674 2664/2664/2664 2673/2673/2673
f 2667/2667/2667 2666/2666/2666 2665/2665/2665
f 2664/2664/2664 2665/2665/2665 2666/2666/2666
f 2664/2664/2664 2672/2672/2672 2673/2673/2673
f 2666/2666/2666 2672/2672/2672 2664/2664/2664
f 2682/2682/2682 2685/2685/2685 2683/2683/2683
f 2686/2686/2686 2688/2688/2688 2687/2687/2687
f 2682/2682/2682 2686/2686/2686 2687/2687/2687
f 2685/2685/2685 2682/2682/2682 2687/2687/2687
f 2682/2682/2682 2683/2683/2683 2684/2684/2684
f 2685/2685/2685 2687/2687/2687 2690/2690/2690
f 2689/2689/2689 2685/2685/2685 2690/2690/2690
f 2691/2691/2691 2689/2689/2689 2690/2690/2690
f 2693/2693/2693 2692/2692/2692 2694/2694/2694
f 2690/2690/2690 2692/2692/2692 2691/2691/2691
f 2692/2692/2692 2693/2693/2693 2691/2691/2691
f 2695/2695/2695 2696/2696/2696 2697/2697/2697
f 2698/2698/2698 2696/2696/2696 2695/2695/2695
f 2699/2699/2699 2698/2698/2698 2695/2695/2695
f 2700/2700/2700 2701/2701/2701 2702/2702/2702
f 2700/2700/2700 2702/2702/2702 2703/2703/2703
f 2704/2704/2704 2705/2705/2705 2706/2706/2706
f 2707/2707/2707 2708/2708/2708 2709/2709/2709
f 2710/2710/2710 2708/2708/2708 2707/2707/2707
f 2711/2711/2711 2712/2712/2712 2713/2713/2713
f 2714/2714/2714 2715/2715/2715 2716/2716/2716
f 2717/2717/2717 2718/2718/2718 2719/2719/2719
f 2718/2718/2718 2721/2721/2721 2720/2720/2720
f 2719/2719/2719 2718/2718/2718 2720/2720/2720
f 2723/2723/2723 2727/2727/2727 2725/2725/2725
f 2725/2725/2725 2722/2722/2722 2723/2723/2723
f 2719/2719/2719 2720/2720/2720 2722/2722/2722
f 2723/2723/2723 2722/2722/2722 2720/2720/2720
f 2719/2719/2719 2722/2722/2722 2724/2724/2724
f 2722/2722/2722 2725/2725/2725 2726/2726/2726
f 2728/2728/2728 2729/2729/2729 2730/2730/2730
f 2730/2730/2730 2731/2731/2731 2728/2728/2728
f 2731/2731/2731 2730/2730/2730 2732/2732/2732
f 2753/2753/2753 2752/2752/2752 2751/2751/2751
f 2749/2749/2749 2754/2754/2754 2748/2748/2748
f 2743/2743/2743 2749/2749/2749 2748/2748/2748
f 2733/2733/2733 2731/2731/2731 2732/2732/2732
f 2751/2751/2751 2752/2752/2752 2747/2747/2747
f 2751/2751/2751 2747/2747/2747 2750/2750/2750
f 2744/2744/2744 2749/2749/2749 2743/2743/2743
f 2747/2747/2747 2748/2748/2748 2750/2750/2750
f 2737/2737/2737 2736/2736/2736 2735/2735/2735
f 2744/2744/2744 2743/2743/2743 2742/2742/2742
f 2747/2747/2747 2743/2743/2743 2748/2748/2748
f 2734/2734/2734 2735/2735/2735 2736/2736/2736
f 2734/2734/2734 2733/2733/2733 2732/2732/2732
f 2737/2737/2737 2741/2741/2741 2739/2739/2739
f 2739/2739/2739 2738/2738/2738 2736/2736/2736
f 2747/2747/2747 2745/2745/2745 2743/2743/2743
f 2734/2734/2734 2736/2736/2736 2738/2738/2738
f 2741/2741/2741 2742/2742/2742 2740/2740/2740
f 2740/2740/2740 2738/2738/2738 2739/2739/2739
f 2740/2740/2740 2742/2742/2742 2743/2743/2743
f 2741/2741/2741 2740/2740/2740 2739/2739/2739
f 2745/2745/2745 2740/2740/2740 2743/2743/2743
f 2746/2746/2746 2740/2740/2740 2745/2745/2745
f 2740/2740/2740 2746/2746/2746 2738/2738/2738
f 2734/2734/2734 2732/2732/2732 2735/2735/2735
f 2736/2736/2736 2737/2737/2737 2739/2739/2739
f 2768/2768/2768 2766/2766/2766 2774/2774/2774
f 2766/2766/2766 2770/2770/2770 2774/2774/2774
f 2770/2770/2770 2773/2773/2773 2774/2774/2774
f 2768/2768/2768 2767/2767/2767 2766/2766/2766
f 2769/2769/2769 2765/2765/2765 2767/2767/2767
f 2765/2765/2765 2766/2766/2766 2767/2767/2767
f 2772/2772/2772 2775/2775/2775 2773/2773/2773
f 2765/2765/2765 2769/2769/2769 2760/2760/2760
f 2772/2772/2772 2773/2773/2773 2770/2770/2770
f 2765/2765/2765 2760/2760/2760 2761/2761/2761
f 2771/2771/2771 2772/2772/2772 2770/2770/2770
f 2770/2770/2770 2766/2766/2766 2762/2762/2762
f 2762/2762/2762 2771/2771/2771 2770/2770/2770
f 2762/2762/2762 2766/2766/2766 2765/2765/2765
f 2762/2762/2762 2764/2764/2764 2771/2771/2771
f 2765/2765/2765 2761/2761/2761 2762/2762/2762
f 2760/2760/2760 2759/2759/2759 2761/2761/2761
f 2760/2760/2760 2756/2756/2756 2759/2759/2759
f 2761/2761/2761 2759/2759/2759 2762/2762/2762
f 2762/2762/2762 2759/2759/2759 2764/2764/2764
f 2759/2759/2759 2756/2756/2756 2755/2755/2755
f 2758/2758/2758 2759/2759/2759 2755/2755/2755
f 2798/2798/2798 2796/2796/2796 2797/2797/2797
f 2759/2759/2759 2763/2763/2763 2764/2764/2764
f 2755/2755/2755 2756/2756/2756 2757/2757/2757
f 2787/2787/2787 2794/2794/2794 2788/2788/2788
f 2758/2758/2758 2763/2763/2763 2759/2759/2759
f 2786/2786/2786 2790/2790/2790 2787/2787/2787
f 2787/2787/2787 2788/2788/2788 2785/2785/2785
f 2796/2796/2796 2779/2779/2779 2797/2797/2797
f 2787/2787/2787 2785/2785/2785 2786/2786/2786
f 2796/2796/2796 2780/2780/2780 2779/2779/2779
f 2778/2778/2778 2779/2779/2779 2780/2780/2780
f 2786/2786/2786 2785/2785/2785 2784/2784/2784
f 2777/2777/2777 2779/2779/2779 2778/2778/2778
f 2776/2776/2776 2777/2777/2777 2778/2778/2778
f 2788/2788/2788 2789/2789/2789 2785/2785/2785
f 2789/2789/2789 2788/2788/2788 2795/2795/2795
f 2781/2781/2781 2776/2776/2776 2778/2778/2778
f 2781/2781/2781 2784/2784/2784 2785/2785/2785
f 2781/2781/2781 2782/2782/2782 2776/2776/2776
f 2781/2781/2781 2785/2785/2785 2792/2792/2792
f 2785/2785/2785 2789/2789/2789 2791/2791/2791
f 2783/2783/2783 2782/2782/2782 2781/2781/2781
f 2791/2791/2791 2792/2792/2792 2785/2785/2785
f 2781/2781/2781 2792/2792/2792 2783/2783/2783
f 2783/2783/2783 2792/2792/2792 2793/2793/2793
f 2799/2799/2799 2800/2800/2800 2801/2801/2801
f 2800/2800/2800 2802/2802/2802 2804/2804/2804
f 2799/2799/2799 2802/2802/2802 2800/2800/2800
f 2799/2799/2799 2803/2803/2803 2802/2802/2802
f 2805/2805/2805 2806/2806/2806 2807/2807/2807
f 2805/2805/2805 2808/2808/2808 2809/2809/2809
f 2805/2805/2805 2807/2807/2807 2808/2808/2808
f 2810/2810/2810 2811/2811/2811 2812/2812/2812
f 2812/2812/2812 2811/2811/2811 2814/2814/2814
f 2815/2815/2815 2814/2814/2814 2811/2811/2811
f 2841/2841/2841 2840/2840/2840 2838/2838/2838
f 2814/2814/2814 2815/2815/2815 2816/2816/2816
f 2810/2810/2810 2813/2813/2813 2811/2811/2811
f 2813/2813/2813 2810/2810/2810 2839/2839/2839
f 2815/2815/2815 2821/2821/2821 2816/2816/2816
f 2811/2811/2811 2817/2817/2817 2815/2815/2815
f 2817/2817/2817 2811/2811/2811 2818/2818/2818
f 2838/2838/2838 2840/2840/2840 2836/2836/2836
f 2816/2816/2816 2821/2821/2821 2822/2822/2822
f 2839/2839/2839 2837/2837/2837 2813/2813/2813
f 2824/2824/2824 2817/2817/2817 2818/2818/2818
f 2818/2818/2818 2826/2826/2826 2824/2824/2824
f 2819/2819/2819 2815/2815/2815 2817/2817/2817
f 2813/2813/2813 2826/2826/2826 2818/2818/2818
f 2838/2838/2838 2836/2836/2836 2837/2837/2837
f 2837/2837/2837 2828/2828/2828 2813/2813/2813
f 2815/2815/2815 2819/2819/2819 2820/2820/2820
f 2828/2828/2828 2826/2826/2826 2813/2813/2813
f 2815/2815/2815 2820/2820/2820 2821/2821/2821
f 2837/2837/2837 2836/2836/2836 2828/2828/2828
f 2825/2825/2825 2817/2817/2817 2824/2824/2824
f 2822/2822/2822 2821/2821/2821 2820/2820/2820
f 2823/2823/2823 2822/2822/2822 2820/2820/2820
f 2827/2827/2827 2826/2826/2826 2828/2828/2828
f 2828/2828/2828 2836/2836/2836 2835/2835/2835
f 2827/2827/2827 2828/2828/2828 2835/2835/2835
f 2824/2824/2824 2826/2826/2826 2827/2827/2827
f 2825/2825/2825 2829/2829/2829 2831/2831/2831
f 2824/2824/2824 2829/2829/2829 2825/2825/2825
f 2827/2827/2827 2829/2829/2829 2824/2824/2824
f 2830/2830/2830 2829/2829/2829 2827/2827/2827
f 2829/2829/2829 2830/2830/2830 2832/2832/2832
f 2829/2829/2829 2832/2832/2832 2831/2831/2831
f 2831/2831/2831 2832/2832/2832 2833/2833/2833
f 2831/2831/2831 2833/2833/2833 2834/2834/2834
f 2818/2818/2818 2811/2811/2811 2813/2813/2813
f 2873/2873/2873 2874/2874/2874 2875/2875/2875
f 2871/2871/2871 2873/2873/2873 2875/2875/2875
f 2872/2872/2872 2871/2871/2871 2875/2875/2875
f 2848/2848/2848 2847/2847/2847 2849/2849/2849
f 2875/2875/2875 2876/2876/2876 2872/2872/2872
f 2872/2872/2872 2876/2876/2876 2877/2877/2877
f 2870/2870/2870 2871/2871/2871 2872/2872/2872
f 2876/2876/2876 2878/2878/2878 2877/2877/2877
f 2872/2872/2872 2877/2877/2877 2868/2868/2868
f 2845/2845/2845 2847/2847/2847 2848/2848/2848
f 2845/2845/2845 2846/2846/2846 2847/2847/2847
f 2869/2869/2869 2872/2872/2872 2868/2868/2868
f 2845/2845/2845 2856/2856/2856 2850/2850/2850
f 2843/2843/2843 2845/2845/2845 2850/2850/2850
f 2843/2843/2843 2846/2846/2846 2845/2845/2845
f 2860/2860/2860 2869/2869/2869 2868/2868/2868
f 2850/2850/2850 2852/2852/2852 2843/2843/2843
f 2851/2851/2851 2850/2850/2850 2856/2856/2856
f 2850/2850/2850 2851/2851/2851 2852/2852/2852
f 2860/2860/2860 2868/2868/2868 2861/2861/2861
f 2843/2843/2843 2842/2842/2842 2846/2846/2846
f 2843/2843/2843 2852/2852/2852 2844/2844/2844
f 2842/2842/2842 2843/2843/2843 2844/2844/2844
f 2862/2862/2862 2861/2861/2861 2863/2863/2863
f 2851/2851/2851 2854/2854/2854 2852/2852/2852
f 2864/2864/2864 2862/2862/2862 2863/2863/2863
f 2844/2844/2844 2852/2852/2852 2853/2853/2853
f 2853/2853/2853 2852/2852/2852 2854/2854/2854
f 2860/2860/2860 2857/2857/2857 2859/2859/2859
f 2851/2851/2851 2855/2855/2855 2854/2854/2854
f 2861/2861/2861 2857/2857/2857 2860/2860/2860
f 2862/2862/2862 2857/2857/2857 2861/2861/2861
f 2857/2857/2857 2858/2858/2858 2859/2859/2859
f 2865/2865/2865 2858/2858/2858 2857/2857/2857
f 2865/2865/2865 2866/2866/2866 2858/2858/2858
f 2866/2866/2866 2867/2867/2867 2858/2858/2858
f 2879/2879/2879 2880/2880/2880 2881/2881/2881
f 2882/2882/2882 2883/2883/2883 2884/2884/2884
f 2892/2892/2892 2893/2893/2893 2894/2894/2894
f 2890/2890/2890 2892/2892/2892 2891/2891/2891
f 2890/2890/2890 2893/2893/2893 2892/2892/2892
f 2885/2885/2885 2886/2886/2886 2887/2887/2887
f 2888/2888/2888 2889/2889/2889 2890/2890/2890
f 2888/2888/2888 2890/2890/2890 2891/2891/2891
f 2895/2895/2895 2896/2896/2896 2897/2897/2897
f 2897/2897/2897 2899/2899/2899 2898/2898/2898
f 2897/2897/2897 2898/2898/2898 2895/2895/2895
f 2898/2898/2898 2900/2900/2900 2895/2895/2895
f 2895/2895/2895 2900/2900/2900 2901/2901/2901
f 2902/2902/2902 2903/2903/2903 2904/2904/2904
f 2906/2906/2906 2903/2903/2903 2907/2907/2907
f 2907/2907/2907 2909/2909/2909 2906/2906/2906
f 2911/2911/2911 2910/2910/2910 2908/2908/2908
f 2903/2903/2903 2902/2902/2902 2905/2905/2905
f 2908/2908/2908 2905/2905/2905 2911/2911/2911
f 2903/2903/2903 2905/2905/2905 2908/2908/2908
f 2913/2913/2913 2910/2910/2910 2914/2914/2914
f 2903/2903/2903 2908/2908/2908 2907/2907/2907
f 2915/2915/2915 2913/2913/2913 2914/2914/2914
f 2908/2908/2908 2910/2910/2910 2907/2907/2907
f 2910/2910/2910 2912/2912/2912 2907/2907/2907
f 2912/2912/2912 2910/2910/2910 2913/2913/2913
f 2903/2903/2903 2906/2906/2906 2904/2904/2904
f 2916/2916/2916 2917/2917/2917 2918/2918/2918
f 2917/2917/2917 2919/2919/2919 2918/2918/2918
f 2918/2918/2918 2919/2919/2919 2920/2920/2920
f 2920/2920/2920 2919/2919/2919 2921/2921/2921
f 2923/2923/2923 2918/2918/2918 2922/2922/2922
f 2918/2918/2918 2920/2920/2920 2922/2922/2922
f 2924/2924/2924 2925/2925/2925 2926/2926/2926
f 2924/2924/2924 2927/2927/2927 2925/2925/2925
f 2928/2928/2928 2927/2927/2927 2924/2924/2924
f 2927/2927/2927 2928/2928/2928 2929/2929/2929
f 2930/2930/2930 2927/2927/2927 2929/2929/2929
f 2931/2931/2931 2930/2930/2930 2929/2929/2929
f 2932/2932/2932 2933/2933/2933 2934/2934/2934
f 2935/2935/2935 2933/2933/2933 2932/2932/2932
f 2936/2936/2936 2934/2934/2934 2933/2933/2933
f 2947/2947/2947 2933/2933/2933 2946/2946/2946
f 2934/2934/2934 2936/2936/2936 2937/2937/2937
f 2946/2946/2946 2933/2933/2933 2945/2945/2945
f 2946/2946/2946 2936/2936/2936 2947/2947/2947
f 2945/2945/2945 2933/2933/2933 2935/2935/2935
f 2940/2940/2940 2943/2943/2943 2937/2937/2937
f 2937/2937/2937 2936/2936/2936 2938/2938/2938
f 2939/2939/2939 2940/2940/2940 2937/2937/2937
f 2939/2939/2939 2937/2937/2937 2938/2938/2938
f 2940/2940/2940 2939/2939/2939 2942/2942/2942
f 2939/2939/2939 2938/2938/2938 2941/2941/2941
f 2939/2939/2939 2944/2944/2944 2942/2942/2942
f 2948/2948/2948 2949/2949/2949 2950/2950/2950
f 2952/2952/2952 2948/2948/2948 2950/2950/2950
f 2952/2952/2952 2953/2953/2953 2948/2948/2948
f 2951/2951/2951 2949/2949/2949 2948/2948/2948
f 2953/2953/2953 2952/2952/2952 2954/2954/2954
f 2956/2956/2956 2955/2955/2955 2954/2954/2954
f 2953/2953/2953 2954/2954/2954 2955/2955/2955
f 2957/2957/2957 2955/2955/2955 2956/2956/2956
f 2975/2975/2975 2976/2976/2976 2971/2971/2971
f 2971/2971/2971 2976/2976/2976 2970/2970/2970
f 2968/2968/2968 2973/2973/2973 2971/2971/2971
f 2970/2970/2970 2969/2969/2969 2971/2971/2971
f 2968/2968/2968 2971/2971/2971 2969/2969/2969
f 2972/2972/2972 2973/2973/2973 2968/2968/2968
f 2967/2967/2967 2966/2966/2966 2968/2968/2968
f 2966/2966/2966 2965/2965/2965 2968/2968/2968
f 2967/2967/2967 2968/2968/2968 2969/2969/2969
f 2961/2961/2961 2962/2962/2962 2963/2963/2963
f 2958/2958/2958 2959/2959/2959 2960/2960/2960
f 2964/2964/2964 2965/2965/2965 2966/2966/2966
f 2974/2974/2974 2972/2972/2972 2968/2968/2968
f 2977/2977/2977 2978/2978/2978 2979/2979/2979
f 2979/2979/2979 2978/2978/2978 2980/2980/2980
f 2981/2981/2981 2980/2980/2980 2978/2978/2978
f 3000/3000/3000 2999/2999/2999 2980/2980/2980
f 2980/2980/2980 2999/2999/2999 2983/2983/2983
f 2979/2979/2979 2980/2980/2980 2982/2982/2982
f 2980/2980/2980 2983/2983/2983 2982/2982/2982
f 2982/2982/2982 2984/2984/2984 2979/2979/2979
f 2983/2983/2983 2986/2986/2986 2982/2982/2982
f 2983/2983/2983 2999/2999/2999 2986/2986/2986
f 2986/2986/2986 2985/2985/2985 2982/2982/2982
f 2984/2984/2984 2982/2982/2982 2985/2985/2985
f 2985/2985/2985 2986/2986/2986 2989/2989/2989
f 2984/2984/2984 2985/2985/2985 2987/2987/2987
f 2989/2989/2989 2988/2988/2988 2985/2985/2985
f 2985/2985/2985 2988/2988/2988 2987/2987/2987
f 2988/2988/2988 2989/2989/2989 2998/2998/2998
f 2988/2988/2988 2998/2998/2998 2992/2992/2992
f 2987/2987/2987 2988/2988/2988 2990/2990/2990
f 2988/2988/2988 2992/2992/2992 2991/2991/2991
f 2990/2990/2990 2988/2988/2988 2991/2991/2991
f 2995/2995/2995 2992/2992/2992 2998/2998/2998
f 2992/2992/2992 2995/2995/2995 2991/2991/2991
f 2990/2990/2990 2991/2991/2991 2993/2993/2993
f 2994/2994/2994 2991/2991/2991 2995/2995/2995
f 2991/2991/2991 2994/2994/2994 2993/2993/2993
f 2996/2996/2996 2993/2993/2993 2994/2994/2994
f 2995/2995/2995 2997/2997/2997 2994/2994/2994
f 3001/3001/3001 3002/3002/3002 3003/3003/3003
f 3006/3006/3006 3003/3003/3003 3012/3012/3012
f 3003/3003/3003 3006/3006/3006 3005/3005/3005
f 3005/3005/3005 3001/3001/3001 3003/3003/3003
f 3001/3001/3001 3004/3004/3004 3002/3002/3002
f 3004/3004/3004 3001/3001/3001 3007/3007/3007
f 3009/3009/3009 3001/3001/3001 3005/3005/3005
f 3009/3009/3009 3005/3005/3005 3010/3010/3010
f 3015/3015/3015 3014/3014/3014 3010/3010/3010
f 3016/3016/3016 3017/3017/3017 3018/3018/3018
f 3019/3019/3019 3020/3020/3020 3021/3021/3021
f 3001/3001/3001 3008/3008/3008 3007/3007/3007
f 3009/3009/3009 3010/3010/3010 3011/3011/3011
f 3011/3011/3011 3008/3008/3008 3001/3001/3001
f 3010/3010/3010 3013/3013/3013 3011/3011/3011
f 3014/3014/3014 3013/3013/3013 3010/3010/3010
f 3022/3022/3022 3023/3023/3023 3024/3024/3024
f 3022/3022/3022 3024/3024/3024 3026/3026/3026
f 3023/3023/3023 3025/3025/3025 3024/3024/3024
f 3037/3037/3037 3024/3024/3024 3025/3025/3025
f 3027/3027/3027 3029/3029/3029 3026/3026/3026
f 3024/3024/3024 3027/3027/3027 3026/3026/3026
f 3029/3029/3029 3027/3027/3027 3030/3030/3030
f 3031/3031/3031 3030/3030/3030 3027/3027/3027
f 3028/3028/3028 3034/3034/3034 3027/3027/3027
f 3027/3027/3027 3034/3034/3034 3032/3032/3032
f 3028/3028/3028 3027/3027/3027 3024/3024/3024
f 3032/3032/3032 3031/3031/3031 3027/3027/3027
f 3024/3024/3024 3037/3037/3037 3028/3028/3028
f 3023/3023/3023 3047/3047/3047 3045/3045/3045
f 3037/3037/3037 3025/3025/3025 3038/3038/3038
f 3038/3038/3038 3040/3040/3040 3037/3037/3037
f 3042/3042/3042 3040/3040/3040 3041/3041/3041
f 3035/3035/3035 3033/3033/3033 3032/3032/3032
f 3046/3046/3046 3023/3023/3023 3045/3045/3045
f 3025/3025/3025 3023/3023/3023 3046/3046/3046
f 3033/3033/3033 3035/3035/3035 3036/3036/3036
f 3039/3039/3039 3025/3025/3025 3046/3046/3046
f 3038/3038/3038 3025/3025/3025 3039/3039/3039
f 3045/3045/3045 3039/3039/3039 3046/3046/3046
f 3040/3040/3040 3038/3038/3038 3041/3041/3041
f 3041/3041/3041 3038/3038/3038 3039/3039/3039
f 3045/3045/3045 3044/3044/3044 3039/3039/3039
f 3039/3039/3039 3043/3043/3043 3041/3041/3041
f 3039/3039/3039 3044/3044/3044 3043/3043/3043
f 3033/3033/3033 3031/3031/3031 3032/3032/3032
f 3048/3048/3048 3049/3049/3049 3050/3050/3050
f 3049/3049/3049 3048/3048/3048 3051/3051/3051
f 3052/3052/3052 3051/3051/3051 3048/3048/3048
f 3053/3053/3053 3054/3054/3054 3055/3055/3055
f 3055/3055/3055 3056/3056/3056 3058/3058/3058
f 3055/3055/3055 3054/3054/3054 3056/3056/3056
f 3056/3056/3056 3054/3054/3054 3057/3057/3057
f 3059/3059/3059 3060/3060/3060 3061/3061/3061
f 3059/3059/3059 3062/3062/3062 3060/3060/3060
f 3060/3060/3060 3062/3062/3062 3064/3064/3064
f 3061/3061/3061 3060/3060/3060 3063/3063/3063
f 3085/3085/3085 3084/3084/3084 3083/3083/3083
f 3060/3060/3060 3064/3064/3064 3063/3063/3063
f 3085/3085/3085 3083/3083/3083 3062/3062/3062
f 3083/3083/3083 3084/3084/3084 3082/3082/3082
f 3083/3083/3083 3064/3064/3064 3062/3062/3062
f 3065/3065/3065 3063/3063/3063 3064/3064/3064
f 3064/3064/3064 3083/3083/3083 3067/3067/3067
f 3067/3067/3067 3083/3083/3083 3082/3082/3082
f 3064/3064/3064 3066/3066/3066 3065/3065/3065
f 3064/3064/3064 3067/3067/3067 3066/3066/3066
f 3067/3067/3067 3082/3082/3082 3081/3081/3081
f 3066/3066/3066 3068/3068/3068 3065/3065/3065
f 3067/3067/3067 3081/3081/3081 3080/3080/3080
f 3079/3079/3079 3067/3067/3067 3080/3080/3080
f 3066/3066/3066 3067/3067/3067 3079/3079/3079
f 3079/3079/3079 3070/3070/3070 3066/3066/3066
f 3068/3068/3068 3069/3069/3069 3071/3071/3071
f 3068/3068/3068 3066/3066/3066 3069/3069/3069
f 3069/3069/3069 3066/3066/3066 3070/3070/3070
f 3071/3071/3071 3069/3069/3069 3070/3070/3070
f 3071/3071/3071 3072/3072/3072 3074/3074/3074
f 3071/3071/3071 3070/3070/3070 3072/3072/3072
f 3070/3070/3070 3073/3073/3073 3072/3072/3072
f 3070/3070/3070 3079/3079/3079 3073/3073/3073
f 3072/3072/3072 3075/3075/3075 3074/3074/3074
f 3076/3076/3076 3074/3074/3074 3075/3075/3075
f 3072/3072/3072 3073/3073/3073 3075/3075/3075
f 3078/3078/3078 3077/3077/3077 3073/3073/3073
f 3073/3073/3073 3077/3077/3077 3075/3075/3075
f 3086/3086/3086 3087/3087/3087 3088/3088/3088
f 3088/3088/3088 3089/3089/3089 3086/3086/3086
f 3088/3088/3088 3090/3090/3090 3089/3089/3089
f 3090/3090/3090 3091/3091/3091 3089/3089/3089
f 3089/3089/3089 3091/3091/3091 3093/3093/3093
f 3090/3090/3090 3092/3092/3092 3091/3091/3091
f 3091/3091/3091 3094/3094/3094 3093/3093/3093
f 3092/3092/3092 3095/3095/3095 3091/3091/3091
f 3095/3095/3095 3092/3092/3092 3096/3096/3096
f 3096/3096/3096 3097/3097/3097 3095/3095/3095
f 3098/3098/3098 3099/3099/3099 3100/3100/3100
f 3101/3101/3101 3098/3098/3098 3100/3100/3100
f 3101/3101/3101 3100/3100/3100 3102/3102/3102
f 3103/3103/3103 3101/3101/3101 3102/3102/3102
f 3104/3104/3104 3103/3103/3103 3102/3102/3102
f 3104/3104/3104 3102/3102/3102 3105/3105/3105
f 3104/3104/3104 3105/3105/3105 3106/3106/3106
f 3104/3104/3104 3106/3106/3106 3107/3107/3107
f 3108/3108/3108 3109/3109/3109 3110/3110/3110
f 3113/3113/3113 3108/3108/3108 3114/3114/3114
f 3111/3111/3111 3108/3108/3108 3113/3113/3113
f 3111/3111/3111 3109/3109/3109 3108/3108/3108
f 3112/3112/3112 3109/3109/3109 3111/3111/3111
f 3112/3112/3112 3115/3115/3115 3109/3109/3109
f 3116/3116/3116 3117/3117/3117 3118/3118/3118
f 3120/3120/3120 3116/3116/3116 3118/3118/3118
f 3116/3116/3116 3120/3120/3120 3121/3121/3121
f 3119/3119/3119 3117/3117/3117 3116/3116/3116
f 3122/3122/3122 3123/3123/3123 3124/3124/3124
f 3124/3124/3124 3123/3123/3123 3125/3125/3125
f 3126/3126/3126 3123/3123/3123 3151/3151/3151
f 3123/3123/3123 3126/3126/3126 3125/3125/3125
f 3139/3139/3139 3136/3136/3136 3135/3135/3135
f 3127/3127/3127 3124/3124/3124 3125/3125/3125
f 3134/3134/3134 3137/3137/3137 3135/3135/3135
f 3137/3137/3137 3138/3138/3138 3135/3135/3135
f 3128/3128/3128 3124/3124/3124 3127/3127/3127
f 3132/3132/3132 3135/3135/3135 3136/3136/3136
f 3136/3136/3136 3141/3141/3141 3140/3140/3140
f 3135/3135/3135 3132/3132/3132 3134/3134/3134
f 3142/3142/3142 3140/3140/3140 3143/3143/3143
f 3129/3129/3129 3134/3134/3134 3132/3132/3132
f 3132/3132/3132 3136/3136/3136 3140/3140/3140
f 3127/3127/3127 3125/3125/3125 3129/3129/3129
f 3150/3150/3150 3128/3128/3128 3127/3127/3127
f 3133/3133/3133 3140/3140/3140 3142/3142/3142
f 3132/3132/3132 3140/3140/3140 3133/3133/3133
f 3130/3130/3130 3127/3127/3127 3129/3129/3129
f 3132/3132/3132 3130/3130/3130 3129/3129/3129
f 3130/3130/3130 3132/3132/3132 3133/3133/3133
f 3150/3150/3150 3127/3127/3127 3131/3131/3131
f 3131/3131/3131 3127/3127/3127 3130/3130/3130
f 3150/3150/3150 3131/3131/3131 3149/3149/3149
f 3133/3133/3133 3142/3142/3142 3144/3144/3144
f 3131/3131/3131 3130/3130/3130 3148/3148/3148
f 3131/3131/3131 3148/3148/3148 3149/3149/3149
f 3145/3145/3145 3133/3133/3133 3144/3144/3144
f 3133/3133/3133 3146/3146/3146 3130/3130/3130
f 3145/3145/3145 3146/3146/3146 3133/3133/3133
f 3130/3130/3130 3146/3146/3146 3148/3148/3148
f 3146/3146/3146 3145/3145/3145 3147/3147/3147
f 3153/3153/3153 3155/3155/3155 3154/3154/3154
f 3161/3161/3161 3160/3160/3160 3163/3163/3163
f 3159/3159/3159 3160/3160/3160 3161/3161/3161
f 3162/3162/3162 3163/3163/3163 3160/3160/3160
f 3152/3152/3152 3153/3153/3153 3154/3154/3154
f 3164/3164/3164 3163/3163/3163 3162/3162/3162
f 3152/3152/3152 3156/3156/3156 3153/3153/3153
f 3157/3157/3157 3158/3158/3158 3156/3156/3156
f 3157/3157/3157 3156/3156/3156 3152/3152/3152
f 3165/3165/3165 3163/3163/3163 3164/3164/3164
f 3166/3166/3166 3165/3165/3165 3164/3164/3164
f 3167/3167/3167 3166/3166/3166 3164/3164/3164
f 3168/3168/3168 3169/3169/3169 3170/3170/3170
f 3169/3169/3169 3168/3168/3168 3171/3171/3171
f 3172/3172/3172 3168/3168/3168 3170/3170/3170
f 3189/3189/3189 3192/3192/3192 3191/3191/3191
f 3171/3171/3171 3182/3182/3182 3169/3169/3169
f 3168/3168/3168 3179/3179/3179 3171/3171/3171
f 3194/3194/3194 3173/3173/3173 3174/3174/3174
f 3189/3189/3189 3193/3193/3193 3192/3192/3192
f 3187/3187/3187 3179/3179/3179 3180/3180/3180
f 3183/3183/3183 3184/3184/3184 3182/3182/3182
f 3182/3182/3182 3171/3171/3171 3181/3181/3181
f 3176/3176/3176 3180/3180/3180 3179/3179/3179
f 3179/3179/3179 3181/3181/3181 3171/3171/3171
f 3168/3168/3168 3176/3176/3176 3179/3179/3179
f 3183/3183/3183 3182/3182/3182 3181/3181/3181
f 3174/3174/3174 3173/3173/3173 3172/3172/3172
f 3186/3186/3186 3189/3189/3189 3191/3191/3191
f 3176/3176/3176 3186/3186/3186 3180/3180/3180
f 3188/3188/3188 3186/3186/3186 3176/3176/3176
f 3189/3189/3189 3186/3186/3186 3188/3188/3188
f 3168/3168/3168 3175/3175/3175 3176/3176/3176
f 3190/3190/3190 3188/3188/3188 3176/3176/3176
f 3168/3168/3168 3172/3172/3172 3173/3173/3173
f 3178/3178/3178 3177/3177/3177 3173/3173/3173
f 3183/3183/3183 3181/3181/3181 3185/3185/3185
f 3175/3175/3175 3168/3168/3168 3173/3173/3173
f 3177/3177/3177 3175/3175/3175 3173/3173/3173
f 3176/3176/3176 3175/3175/3175 3177/3177/3177
f 3195/3195/3195 3196/3196/3196 3197/3197/3197
f 3195/3195/3195 3197/3197/3197 3198/3198/3198
f 3195/3195/3195 3198/3198/3198 3199/3199/3199
f 3200/3200/3200 3195/3195/3195 3199/3199/3199
f 3203/3203/3203 3199/3199/3199 3204/3204/3204
f 3201/3201/3201 3200/3200/3200 3199/3199/3199
f 3202/3202/3202 3201/3201/3201 3199/3199/3199
f 3203/3203/3203 3202/3202/3202 3199/3199/3199
f 3205/3205/3205 3206/3206/3206 3207/3207/3207
f 3208/3208/3208 3209/3209/3209 3207/3207/3207
f 3208/3208/3208 3207/3207/3207 3206/3206/3206
f 3210/3210/3210 3211/3211/3211 3212/3212/3212
f 3214/3214/3214 3212/3212/3212 3211/3211/3211
f 3222/3222/3222 3213/3213/3213 3210/3210/3210
f 3211/3211/3211 3210/3210/3210 3213/3213/3213
f 3218/3218/3218 3216/3216/3216 3215/3215/3215
f 3215/3215/3215 3211/3211/3211 3217/3217/3217
f 3215/3215/3215 3222/3222/3222 3218/3218/3218
f 3223/3223/3223 3218/3218/3218 3222/3222/3222
f 3215/3215/3215 3214/3214/3214 3211/3211/3211
f 3220/3220/3220 3216/3216/3216 3221/3221/3221
f 3215/3215/3215 3216/3216/3216 3214/3214/3214
f 3216/3216/3216 3218/3218/3218 3221/3221/3221
f 3222/3222/3222 3224/3224/3224 3223/3223/3223
f 3219/3219/3219 3214/3214/3214 3216/3216/3216
f 3220/3220/3220 3219/3219/3219 3216/3216/3216
f 3215/3215/3215 3213/3213/3213 3222/3222/3222
f 3225/3225/3225 3226/3226/3226 3227/3227/3227
f 3228/3228/3228 3226/3226/3226 3225/3225/3225
f 3228/3228/3228 3225/3225/3225 3229/3229/3229
f 3230/3230/3230 3231/3231/3231 3232/3232/3232
f 3233/3233/3233 3230/3230/3230 3232/3232/3232
f 3234/3234/3234 3230/3230/3230 3233/3233/3233
f 3235/3235/3235 3236/3236/3236 3237/3237/3237
f 3236/3236/3236 3238/3238/3238 3237/3237/3237
f 3239/3239/3239 3240/3240/3240 3241/3241/3241
f 3242/3242/3242 3240/3240/3240 3239/3239/3239
f 3242/3242/3242 3239/3239/3239 3243/3243/3243
f 3244/3244/3244 3245/3245/3245 3246/3246/3246
f 3247/3247/3247 3248/3248/3248 3249/3249/3249
f 3250/3250/3250 3248/3248/3248 3259/3259/3259
f 3250/3250/3250 3259/3259/3259 3253/3253/3253
f 3247/3247/3247 3249/3249/3249 3250/3250/3250
f 3251/3251/3251 3247/3247/3247 3250/3250/3250
f 3251/3251/3251 3250/3250/3250 3252/3252/3252
f 3258/3258/3258 3251/3251/3251 3255/3255/3255
f 3254/3254/3254 3255/3255/3255 3251/3251/3251
f 3257/3257/3257 3258/3258/3258 3255/3255/3255
f 3254/3254/3254 3251/3251/3251 3252/3252/3252
f 3256/3256/3256 3257/3257/3257 3254/3254/3254
f 3254/3254/3254 3252/3252/3252 3256/3256/3256
f 3252/3252/3252 3250/3250/3250 3253/3253/3253
f 3260/3260/3260 3261/3261/3261 3262/3262/3262
f 3263/3263/3263 3261/3261/3261 3260/3260/3260
f 3264/3264/3264 3265/3265/3265 3266/3266/3266
f 3267/3267/3267 3268/3268/3268 3269/3269/3269
f 3271/3271/3271 3270/3270/3270 3268/3268/3268
f 3269/3269/3269 3268/3268/3268 3270/3270/3270
f 3272/3272/3272 3269/3269/3269 3270/3270/3270
f 3273/3273/3273 3274/3274/3274 3275/3275/3275
f 3276/3276/3276 3277/3277/3277 3278/3278/3278
f 3279/3279/3279 3276/3276/3276 3278/3278/3278
f 3280/3280/3280 3281/3281/3281 3282/3282/3282
f 3283/3283/3283 3280/3280/3280 3282/3282/3282
f 3282/3282/3282 3284/3284/3284 3283/3283/3283
f 3284/3284/3284 3285/3285/3285 3283/3283/3283
f 3286/3286/3286 3287/3287/3287 3288/3288/3288
f 3286/3286/3286 3288/3288/3288 3290/3290/3290
f 3291/3291/3291 3286/3286/3286 3290/3290/3290
f 3289/3289/3289 3287/3287/3287 3286/3286/3286
f 3292/3292/3292 3293/3293/3293 3294/3294/3294
f 3292/3292/3292 3294/3294/3294 3296/3296/3296
f 3294/3294/3294 3293/3293/3293 3295/3295/3295
f 3304/3304/3304 3305/3305/3305 3303/3303/3303
f 3303/3303/3303 3301/3301/3301 3304/3304/3304
f 3308/3308/3308 3309/3309/3309 3310/3310/3310
f 3300/3300/3300 3301/3301/3301 3302/3302/3302
f 3302/3302/3302 3301/3301/3301 3303/3303/3303
f 3306/3306/3306 3307/3307/3307 3302/3302/3302
f 3306/3306/3306 3302/3302/3302 3303/3303/3303
f 3298/3298/3298 3307/3307/3307 3299/3299/3299
f 3299/3299/3299 3307/3307/3307 3306/3306/3306
f 3297/3297/3297 3298/3298/3298 3299/3299/3299
f 3311/3311/3311 3312/3312/3312 3313/3313/3313
f 3314/3314/3314 3315/3315/3315 3316/3316/3316
f 3314/3314/3314 3316/3316/3316 3317/3317/3317
f 3323/3323/3323 3315/3315/3315 3322/3322/3322
f 3323/3323/3323 3322/3322/3322 3334/3334/3334
f 3314/3314/3314 3318/3318/3318 3315/3315/3315
f 3322/3322/3322 3315/3315/3315 3319/3319/3319
f 3335/3335/3335 3334/3334/3334 3322/3322/3322
f 3352/3352/3352 3353/3353/3353 3354/3354/3354
f 3331/3331/3331 3322/3322/3322 3319/3319/3319
f 3319/3319/3319 3315/3315/3315 3318/3318/3318
f 3332/3332/3332 3331/3331/3331 3319/3319/3319
f 3328/3328/3328 3337/3337/3337 3338/3338/3338
f 3328/3328/3328 3336/3336/3336 3337/3337/3337
f 3352/3352/3352 3354/3354/3354 3355/3355/3355
f 3332/3332/3332 3319/3319/3319 3333/3333/3333
f 3320/3320/3320 3319/3319/3319 3318/3318/3318
f 3321/3321/3321 3336/3336/3336 3328/3328/3328
f 3320/3320/3320 3318/3318/3318 3321/3321/3321
f 3326/3326/3326 3321/3321/3321 3328/3328/3328
f 3333/3333/3333 3319/3319/3319 3320/3320/3320
f 3329/3329/3329 3333/3333/3333 3320/3320/3320
f 3326/3326/3326 3325/3325/3325 3321/3321/3321
f 3351/3351/3351 3333/3333/3333 3329/3329/3329
f 3329/3329/3329 3320/3320/3320 3324/3324/3324
f 3320/3320/3320 3321/3321/3321 3324/3324/3324
f 3324/3324/3324 3321/3321/3321 3325/3325/3325
f 3325/3325/3325 3326/3326/3326 3327/3327/3327
f 3343/3343/3343 3340/3340/3340 3342/3342/3342
f 3324/3324/3324 3325/3325/3325 3330/3330/3330
f 3340/3340/3340 3324/3324/3324 3339/3339/3339
f 3324/3324/3324 3330/3330/3330 3339/3339/3339
f 3325/3325/3325 3327/3327/3327 3330/3330/3330
f 3340/3340/3340 3341/3341/3341 3342/3342/3342
f 3340/3340/3340 3339/3339/3339 3341/3341/3341
f 3347/3347/3347 3330/3330/3330 3327/3327/3327
f 3349/3349/3349 3347/3347/3347 3327/3327/3327
f 3341/3341/3341 3339/3339/3339 3344/3344/3344
f 3359/3359/3359 3362/3362/3362 3360/3360/3360
f 3349/3349/3349 3327/3327/3327 3350/3350/3350
f 3330/3330/3330 3347/3347/3347 3348/3348/3348
f 3345/3345/3345 3342/3342/3342 3341/3341/3341
f 3359/3359/3359 3360/3360/3360 3361/3361/3361
f 3346/3346/3346 3342/3342/3342 3345/3345/3345
f 3381/3381/3381 3382/3382/3382 3383/3383/3383
f 3363/3363/3363 3359/3359/3359 3361/3361/3361
f 3365/3365/3365 3362/3362/3362 3359/3359/3359
f 3364/3364/3364 3363/3363/3363 3361/3361/3361
f 3383/3383/3383 3382/3382/3382 3385/3385/3385
f 3385/3385/3385 3387/3387/3387 3383/3383/3383
f 3391/3391/3391 3390/3390/3390 3389/3389/3389
f 3387/3387/3387 3388/3388/3388 3383/3383/3383
f 3389/3389/3389 3390/3390/3390 3388/3388/3388
f 3382/3382/3382 3384/3384/3384 3385/3385/3385
f 3393/3393/3393 3391/3391/3391 3392/3392/3392
f 3392/3392/3392 3391/3391/3391 3389/3389/3389
f 3388/3388/3388 3366/3366/3366 3389/3389/3389
f 3366/3366/3366 3388/3388/3388 3387/3387/3387
f 3386/3386/3386 3385/3385/3385 3384/3384/3384
f 3356/3356/3356 3357/3357/3357 3358/3358/3358
f 3387/3387/3387 3370/3370/3370 3366/3366/3366
f 3394/3394/3394 3395/3395/3395 3396/3396/3396
f 3387/3387/3387 3385/3385/3385 3372/3372/3372
f 3367/3367/3367 3366/3366/3366 3370/3370/3370
f 3370/3370/3370 3387/3387/3387 3372/3372/3372
f 3366/3366/3366 3367/3367/3367 3368/3368/3368
f 3368/3368/3368 3367/3367/3367 3369/3369/3369
f 3369/3369/3369 3367/3367/3367 3370/3370/3370
f 3374/3374/3374 3380/3380/3380 3366/3366/3366
f 3370/3370/3370 3372/3372/3372 3371/3371/3371
f 3368/3368/3368 3374/3374/3374 3366/3366/3366
f 3369/3369/3369 3370/3370/3370 3371/3371/3371
f 3373/3373/3373 3369/3369/3369 3371/3371/3371
f 3380/3380/3380 3374/3374/3374 3379/3379/3379
f 3374/3374/3374 3368/3368/3368 3369/3369/3369
f 3378/3378/3378 3379/3379/3379 3374/3374/3374
f 3374/3374/3374 3369/3369/3369 3373/3373/3373
f 3375/3375/3375 3374/3374/3374 3373/3373/3373
f 3378/3378/3378 3374/3374/3374 3376/3376/3376
f 3375/3375/3375 3376/3376/3376 3374/3374/3374
f 3373/3373/3373 3377/3377/3377 3375/3375/3375
f 3397/3397/3397 3398/3398/3398 3399/3399/3399
f 3401/3401/3401 3397/3397/3397 3399/3399/3399
f 3400/3400/3400 3398/3398/3398 3397/3397/3397
f 3402/3402/3402 3397/3397/3397 3401/3401/3401
f 3397/3397/3397 3402/3402/3402 3403/3403/3403
f 3403/3403/3403 3402/3402/3402 3404/3404/3404
f 3403/3403/3403 3404/3404/3404 3405/3405/3405
f 3406/3406/3406 3407/3407/3407 3408/3408/3408
f 3409/3409/3409 3410/3410/3410 3411/3411/3411
f 3411/3411/3411 3412/3412/3412 3409/3409/3409
f 3413/3413/3413 3409/3409/3409 3412/3412/3412
f 3422/3422/3422 3423/3423/3423 3424/3424/3424
f 3425/3425/3425 3423/3423/3423 3422/3422/3422
f 3425/3425/3425 3422/3422/3422 3426/3426/3426
f 3434/3434/3434 3428/3428/3428 3433/3433/3433
f 3429/3429/3429 3426/3426/3426 3422/3422/3422
f 3428/3428/3428 3425/3425/3425 3427/3427/3427
f 3425/3425/3425 3426/3426/3426 3427/3427/3427
f 3426/3426/3426 3429/3429/3429 3430/3430/3430
f 3427/3427/3427 3426/3426/3426 3441/3441/3441
f 3433/3433/3433 3428/3428/3428 3432/3432/3432
f 3441/3441/3441 3426/3426/3426 3430/3430/3430
f 3428/3428/3428 3427/3427/3427 3432/3432/3432
f 3464/3464/3464 3465/3465/3465 3466/3466/3466
f 3435/3435/3435 3433/3433/3433 3432/3432/3432
f 3484/3484/3484 3481/3481/3481 3483/3483/3483
f 3429/3429/3429 3422/3422/3422 3438/3438/3438
f 3480/3480/3480 3483/3483/3483 3481/3481/3481
f 3432/3432/3432 3436/3436/3436 3435/3435/3435
f 3427/3427/3427 3439/3439/3439 3432/3432/3432
f 3427/3427/3427 3441/3441/3441 3444/3444/3444
f 3414/3414/3414 3415/3415/3415 3416/3416/3416
f 3431/3431/3431 3429/3429/3429 3438/3438/3438
f 3430/3430/3430 3429/3429/3429 3431/3431/3431
f 3420/3420/3420 3416/3416/3416 3415/3415/3415
f 3437/3437/3437 3435/3435/3435 3436/3436/3436
f 3465/3465/3465 3464/3464/3464 3467/3467/3467
f 3439/3439/3439 3440/3440/3440 3432/3432/3432
f 3442/3442/3442 3430/3430/3430 3431/3431/3431
f 3414/3414/3414 3416/3416/3416 3418/3418/3418
f 3479/3479/3479 3481/3481/3481 3482/3482/3482
f 3418/3418/3418 3416/3416/3416 3421/3421/3421
f 3481/3481/3481 3479/3479/3479 3480/3480/3480
f 3441/3441/3441 3455/3455/3455 3444/3444/3444
f 3417/3417/3417 3414/3414/3414 3418/3418/3418
f 3439/3439/3439 3427/3427/3427 3443/3443/3443
f 3485/3485/3485 3479/3479/3479 3482/3482/3482
f 3459/3459/3459 3460/3460/3460 3440/3440/3440
f 3453/3453/3453 3444/3444/3444 3455/3455/3455
f 3417/3417/3417 3418/3418/3418 3419/3419/3419
f 3427/3427/3427 3444/3444/3444 3443/3443/3443
f 3456/3456/3456 3455/3455/3455 3457/3457/3457
f 3440/3440/3440 3443/3443/3443 3454/3454/3454
f 3468/3468/3468 3480/3480/3480 3479/3479/3479
f 3468/3468/3468 3469/3469/3469 3470/3470/3470
f 3459/3459/3459 3440/3440/3440 3454/3454/3454
f 3453/3453/3453 3455/3455/3455 3456/3456/3456
f 3479/3479/3479 3472/3472/3472 3468/3468/3468
f 3476/3476/3476 3472/3472/3472 3479/3479/3479
f 3469/3469/3469 3468/3468/3468 3471/3471/3471
f 3445/3445/3445 3443/3443/3443 3444/3444/3444
f 3471/3471/3471 3468/3468/3468 3472/3472/3472
f 3444/3444/3444 3446/3446/3446 3445/3445/3445
f 3443/3443/3443 3445/3445/3445 3454/3454/3454
f 3453/3453/3453 3456/3456/3456 3451/3451/3451
f 3444/3444/3444 3453/3453/3453 3446/3446/3446
f 3461/3461/3461 3462/3462/3462 3463/3463/3463
f 3446/3446/3446 3447/3447/3447 3445/3445/3445
f 3471/3471/3471 3473/3473/3473 3469/3469/3469
f 3471/3471/3471 3472/3472/3472 3474/3474/3474
f 3474/3474/3474 3473/3473/3473 3471/3471/3471
f 3476/3476/3476 3475/3475/3475 3472/3472/3472
f 3475/3475/3475 3476/3476/3476 3478/3478/3478
f 3472/3472/3472 3475/3475/3475 3474/3474/3474
f 3474/3474/3474 3475/3475/3475 3477/3477/3477
f 3447/3447/3447 3449/3449/3449 3452/3452/3452
f 3453/3453/3453 3451/3451/3451 3446/3446/3446
f 3448/3448/3448 3447/3447/3447 3446/3446/3446
f 3449/3449/3449 3447/3447/3447 3448/3448/3448
f 3446/3446/3446 3451/3451/3451 3450/3450/3450
f 3451/3451/3451 3456/3456/3456 3458/3458/3458
f 3450/3450/3450 3448/3448/3448 3446/3446/3446
f 3489/3489/3489 3486/3486/3486 3488/3488/3488
f 3486/3486/3486 3487/3487/3487 3488/3488/3488
f 3490/3490/3490 3491/3491/3491 3492/3492/3492
f 3494/3494/3494 3493/3493/3493 3490/3490/3490
f 3493/3493/3493 3491/3491/3491 3490/3490/3490
f 3493/3493/3493 3495/3495/3495 3492/3492/3492
f 3494/3494/3494 3495/3495/3495 3493/3493/3493
f 3496/3496/3496 3497/3497/3497 3498/3498/3498
f 3499/3499/3499 3497/3497/3497 3501/3501/3501
f 3502/3502/3502 3499/3499/3499 3501/3501/3501
f 3499/3499/3499 3498/3498/3498 3497/3497/3497
f 3498/3498/3498 3499/3499/3499 3500/3500/3500
f 3503/3503/3503 3500/3500/3500 3499/3499/3499
f 3502/3502/3502 3503/3503/3503 3499/3499/3499
f 3505/3505/3505 3500/3500/3500 3503/3503/3503
f 3504/3504/3504 3503/3503/3503 3502/3502/3502
f 3503/3503/3503 3504/3504/3504 3505/3505/3505
f 3500/3500/3500 3505/3505/3505 3506/3506/3506
f 3507/3507/3507 3505/3505/3505 3504/3504/3504
f 3506/3506/3506 3505/3505/3505 3508/3508/3508
f 3507/3507/3507 3508/3508/3508 3505/3505/3505
f 3509/3509/3509 3507/3507/3507 3504/3504/3504
f 3507/3507/3507 3510/3510/3510 3508/3508/3508
f 3510/3510/3510 3507/3507/3507 3509/3509/3509
f 3510/3510/3510 3509/3509/3509 3511/3511/3511
f 3510/3510/3510 3511/3511/3511 3512/3512/3512
f 3513/3513/3513 3512/3512/3512 3511/3511/3511
f 3516/3516/3516 3508/3508/3508 3510/3510/3510
f 3510/3510/3510 3512/3512/3512 3514/3514/3514
f 3514/3514/3514 3516/3516/3516 3510/3510/3510
f 3514/3514/3514 3512/3512/3512 3515/3515/3515
f 3517/3517/3517 3516/3516/3516 3514/3514/3514
f 3517/3517/3517 3514/3514/3514 3515/3515/3515
f 3515/3515/3515 3518/3518/3518 3517/3517/3517
f 3519/3519/3519 3520/3520/3520 3521/3521/3521
f 3524/3524/3524 3520/3520/3520 3523/3523/3523
f 3523/3523/3523 3520/3520/3520 3522/3522/3522
f 3522/3522/3522 3520/3520/3520 3519/3519/3519
f 3525/3525/3525 3526/3526/3526 3527/3527/3527
f 3525/3525/3525 3527/3527/3527 3528/3528/3528
f 3529/3529/3529 3530/3530/3530 3531/3531/3531
f 3532/3532/3532 3531/3531/3531 3530/3530/3530
f 3541/3541/3541 3531/3531/3531 3532/3532/3532
f 3538/3538/3538 3539/3539/3539 3537/3537/3537
f 3529/3529/3529 3531/3531/3531 3533/3533/3533
f 3536/3536/3536 3538/3538/3538 3537/3537/3537
f 3529/3529/3529 3536/3536/3536 3537/3537/3537
f 3535/3535/3535 3536/3536/3536 3529/3529/3529
f 3541/3541/3541 3534/3534/3534 3531/3531/3531
f 3533/3533/3533 3535/3535/3535 3529/3529/3529
f 3542/3542/3542 3534/3534/3534 3541/3541/3541
f 3542/3542/3542 3541/3541/3541 3543/3543/3543
f 3534/3534/3534 3533/3533/3533 3531/3531/3531
f 3542/3542/3542 3540/3540/3540 3534/3534/3534
f 3534/3534/3534 3540/3540/3540 3533/3533/3533
f 3547/3547/3547 3533/3533/3533 3540/3540/3540
f 3544/3544/3544 3542/3542/3542 3543/3543/3543
f 3546/3546/3546 3547/3547/3547 3540/3540/3540
f 3548/3548/3548 3549/3549/3549 3547/3547/3547
f 3546/3546/3546 3548/3548/3548 3547/3547/3547
f 3540/3540/3540 3542/3542/3542 3545/3545/3545
f 3545/3545/3545 3546/3546/3546 3540/3540/3540
f 3545/3545/3545 3542/3542/3542 3544/3544/3544
f 3550/3550/3550 3551/3551/3551 3552/3552/3552
f 3555/3555/3555 3556/3556/3556 3551/3551/3551
f 3551/3551/3551 3550/3550/3550 3553/3553/3553
f 3554/3554/3554 3553/3553/3553 3550/3550/3550
f 3555/3555/3555 3551/3551/3551 3553/3553/3553
f 3555/3555/3555 3553/3553/3553 3557/3557/3557
f 3553/3553/3553 3554/3554/3554 3558/3558/3558
f 3562/3562/3562 3558/3558/3558 3554/3554/3554
f 3553/3553/3553 3558/3558/3558 3557/3557/3557
f 3559/3559/3559 3555/3555/3555 3557/3557/3557
f 3558/3558/3558 3561/3561/3561 3557/3557/3557
f 3557/3557/3557 3561/3561/3561 3560/3560/3560
f 3557/3557/3557 3560/3560/3560 3559/3559/3559
f 3569/3569/3569 3572/3572/3572 3573/3573/3573
f 3563/3563/3563 3564/3564/3564 3565/3565/3565
f 3567/3567/3567 3569/3569/3569 3568/3568/3568
f 3566/3566/3566 3567/3567/3567 3568/3568/3568
f 3574/3574/3574 3573/3573/3573 3572/3572/3572
f 3570/3570/3570 3569/3569/3569 3567/3567/3567
f 3573/3573/3573 3574/3574/3574 3576/3576/3576
f 3575/3575/3575 3574/3574/3574 3572/3572/3572
f 3571/3571/3571 3572/3572/3572 3569/3569/3569
f 3570/3570/3570 3571/3571/3571 3569/3569/3569
f 3584/3584/3584 3585/3585/3585 3583/3583/3583
f 3584/3584/3584 3583/3583/3583 3582/3582/3582
f 3580/3580/3580 3581/3581/3581 3582/3582/3582
f 3577/3577/3577 3578/3578/3578 3579/3579/3579
f 3586/3586/3586 3580/3580/3580 3583/3583/3583
f 3587/3587/3587 3580/3580/3580 3586/3586/3586
f 3580/3580/3580 3582/3582/3582 3583/3583/3583
f 3588/3588/3588 3589/3589/3589 3590/3590/3590
f 3590/3590/3590 3591/3591/3591 3588/3588/3588
f 3592/3592/3592 3593/3593/3593 3594/3594/3594
f 3593/3593/3593 3595/3595/3595 3594/3594/3594
f 3635/3635/3635 3613/3613/3613 3636/3636/3636
f 3636/3636/3636 3613/3613/3613 3614/3614/3614
f 3612/3612/3612 3611/3611/3611 3613/3613/3613
f 3610/3610/3610 3611/3611/3611 3612/3612/3612
f 3613/3613/3613 3611/3611/3611 3614/3614/3614
f 3611/3611/3611 3627/3627/3627 3614/3614/3614
f 3626/3626/3626 3614/3614/3614 3627/3627/3627
f 3624/3624/3624 3627/3627/3627 3611/3611/3611
f 3634/3634/3634 3624/3624/3624 3611/3611/3611
f 3634/3634/3634 3633/3633/3633 3624/3624/3624
f 3626/3626/3626 3627/3627/3627 3623/3623/3623
f 3624/3624/3624 3623/3623/3623 3627/3627/3627
f 3625/3625/3625 3626/3626/3626 3623/3623/3623
f 3630/3630/3630 3629/3629/3629 3631/3631/3631
f 3629/3629/3629 3633/3633/3633 3631/3631/3631
f 3622/3622/3622 3623/3623/3623 3624/3624/3624
f 3633/3633/3633 3622/3622/3622 3624/3624/3624
f 3623/3623/3623 3620/3620/3620 3625/3625/3625
f 3629/3629/3629 3622/3622/3622 3633/3633/3633
f 3621/3621/3621 3625/3625/3625 3620/3620/3620
f 3622/3622/3622 3620/3620/3620 3623/3623/3623
f 3621/3621/3621 3620/3620/3620 3619/3619/3619
f 3616/3616/3616 3619/3619/3619 3620/3620/3620
f 3628/3628/3628 3629/3629/3629 3630/3630/3630
f 3622/3622/3622 3629/3629/3629 3628/3628/3628
f 3616/3616/3616 3620/3620/3620 3622/3622/3622
f 3617/3617/3617 3622/3622/3622 3628/3628/3628
f 3617/3617/3617 3616/3616/3616 3622/3622/3622
f 3632/3632/3632 3617/3617/3617 3628/3628/3628
f 3616/3616/3616 3618/3618/3618 3619/3619/3619
f 3615/3615/3615 3616/3616/3616 3617/3617/3617
f 3596/3596/3596 3597/3597/3597 3598/3598/3598
f 3599/3599/3599 3596/3596/3596 3598/3598/3598
f 3615/3615/3615 3618/3618/3618 3616/3616/3616
f 3596/3596/3596 3599/3599/3599 3600/3600/3600
f 3596/3596/3596 3600/3600/3600 3601/3601/3601
f 3609/3609/3609 3604/3604/3604 3600/3600/3600
f 3602/3602/3602 3600/3600/3600 3604/3604/3604
f 3600/3600/3600 3602/3602/3602 3601/3601/3601
f 3601/3601/3601 3602/3602/3602 3603/3603/3603
f 3606/3606/3606 3603/3603/3603 3602/3602/3602
f 3605/3605/3605 3602/3602/3602 3604/3604/3604
f 3605/3605/3605 3606/3606/3606 3602/3602/3602
f 3605/3605/3605 3604/3604/3604 3607/3607/3607
f 3607/3607/3607 3604/3604/3604 3608/3608/3608
f 3656/3656/3656 3659/3659/3659 3658/3658/3658
f 3656/3656/3656 3658/3658/3658 3655/3655/3655
f 3656/3656/3656 3655/3655/3655 3654/3654/3654
f 3651/3651/3651 3654/3654/3654 3655/3655/3655
f 3660/3660/3660 3661/3661/3661 3653/3653/3653
f 3653/3653/3653 3654/3654/3654 3651/3651/3651
f 3653/3653/3653 3651/3651/3651 3646/3646/3646
f 3660/3660/3660 3653/3653/3653 3646/3646/3646
f 3667/3667/3667 3668/3668/3668 3669/3669/3669
f 3662/3662/3662 3660/3660/3660 3646/3646/3646
f 3668/3668/3668 3670/3670/3670 3669/3669/3669
f 3647/3647/3647 3648/3648/3648 3649/3649/3649
f 3650/3650/3650 3646/3646/3646 3651/3651/3651
f 3663/3663/3663 3662/3662/3662 3646/3646/3646
f 3664/3664/3664 3665/3665/3665 3666/3666/3666
f 3646/3646/3646 3650/3650/3650 3640/3640/3640
f 3638/3638/3638 3646/3646/3646 3640/3640/3640
f 3648/3648/3648 3647/3647/3647 3637/3637/3637
f 3647/3647/3647 3638/3638/3638 3637/3637/3637
f 3638/3638/3638 3640/3640/3640 3639/3639/3639
f 3637/3637/3637 3638/3638/3638 3639/3639/3639
f 3639/3639/3639 3640/3640/3640 3641/3641/3641
f 3642/3642/3642 3639/3639/3639 3641/3641/3641
f 3643/3643/3643 3642/3642/3642 3641/3641/3641
f 3643/3643/3643 3641/3641/3641 3644/3644/3644
f 3645/3645/3645 3643/3643/3643 3644/3644/3644
f 3644/3644/3644 3652/3652/3652 3645/3645/3645
f 3657/3657/3657 3656/3656/3656 3654/3654/3654
f 3671/3671/3671 3672/3672/3672 3673/3673/3673
f 3673/3673/3673 3675/3675/3675 3676/3676/3676
f 3673/3673/3673 3672/3672/3672 3675/3675/3675
f 3674/3674/3674 3672/3672/3672 3671/3671/3671
f 3677/3677/3677 3678/3678/3678 3679/3679/3679
f 3680/3680/3680 3677/3677/3677 3679/3679/3679
f 3677/3677/3677 3681/3681/3681 3683/3683/3683
f 3677/3677/3677 3680/3680/3680 3681/3681/3681
f 3680/3680/3680 3682/3682/3682 3681/3681/3681
f 3684/3684/3684 3685/3685/3685 3686/3686/3686
f 3687/3687/3687 3684/3684/3684 3686/3686/3686
f 3687/3687/3687 3686/3686/3686 3688/3688/3688
f 3689/3689/3689 3687/3687/3687 3688/3688/3688
f 3690/3690/3690 3687/3687/3687 3689/3689/3689
f 3691/3691/3691 3692/3692/3692 3693/3693/3693
f 3693/3693/3693 3695/3695/3695 3691/3691/3691
f 3696/3696/3696 3695/3695/3695 3693/3693/3693
f 3693/3693/3693 3692/3692/3692 3694/3694/3694
f 3693/3693/3693 3694/3694/3694 3696/3696/3696
f 3697/3697/3697 3698/3698/3698 3699/3699/3699
f 3700/3700/3700 3697/3697/3697 3699/3699/3699
f 3701/3701/3701 3700/3700/3700 3699/3699/3699
f 3701/3701/3701 3702/3702/3702 3700/3700/3700
f 3703/3703/3703 3704/3704/3704 3705/3705/3705
f 3709/3709/3709 3707/3707/3707 3703/3703/3703
f 3706/3706/3706 3704/3704/3704 3703/3703/3703
f 3707/3707/3707 3706/3706/3706 3703/3703/3703
f 3707/3707/3707 3708/3708/3708 3706/3706/3706
f 3707/3707/3707 3710/3710/3710 3708/3708/3708
f 3711/3711/3711 3712/3712/3712 3713/3713/3713
f 3738/3738/3738 3741/3741/3741 3742/3742/3742
f 3737/3737/3737 3741/3741/3741 3738/3738/3738
f 3736/3736/3736 3737/3737/3737 3738/3738/3738
f 3743/3743/3743 3741/3741/3741 3737/3737/3737
f 3741/3741/3741 3743/3743/3743 3744/3744/3744
f 3737/3737/3737 3740/3740/3740 3743/3743/3743
f 3739/3739/3739 3740/3740/3740 3737/3737/3737
f 3734/3734/3734 3733/3733/3733 3719/3719/3719
f 3739/3739/3739 3737/3737/3737 3736/3736/3736
f 3718/3718/3718 3716/3716/3716 3715/3715/3715
f 3717/3717/3717 3716/3716/3716 3718/3718/3718
f 3719/3719/3719 3717/3717/3717 3718/3718/3718
f 3739/3739/3739 3736/3736/3736 3745/3745/3745
f 3729/3729/3729 3717/3717/3717 3719/3719/3719
f 3714/3714/3714 3715/3715/3715 3716/3716/3716
f 3740/3740/3740 3739/3739/3739 3745/3745/3745
f 3729/3729/3729 3719/3719/3719 3733/3733/3733
f 3746/3746/3746 3740/3740/3740 3745/3745/3745
f 3725/3725/3725 3716/3716/3716 3717/3717/3717
f 3720/3720/3720 3717/3717/3717 3729/3729/3729
f 3725/3725/3725 3717/3717/3717 3722/3722/3722
f 3730/3730/3730 3729/3729/3729 3731/3731/3731
f 3730/3730/3730 3720/3720/3720 3729/3729/3729
f 3717/3717/3717 3720/3720/3720 3722/3722/3722
f 3721/3721/3721 3735/3735/3735 3728/3728/3728
f 3727/3727/3727 3721/3721/3721 3728/3728/3728
f 3720/3720/3720 3735/3735/3735 3721/3721/3721
f 3720/3720/3720 3721/3721/3721 3722/3722/3722
f 3727/3727/3727 3724/3724/3724 3721/3721/3721
f 3732/3732/3732 3725/3725/3725 3722/3722/3722
f 3723/3723/3723 3722/3722/3722 3721/3721/3721
f 3724/3724/3724 3723/3723/3723 3721/3721/3721
f 3722/3722/3722 3726/3726/3726 3732/3732/3732
f 3722/3722/3722 3723/3723/3723 3726/3726/3726
f 3747/3747/3747 3748/3748/3748 3749/3749/3749
f 3750/3750/3750 3747/3747/3747 3749/3749/3749
f 3751/3751/3751 3747/3747/3747 3750/3750/3750
f 3751/3751/3751 3750/3750/3750 3752/3752/3752
f 3757/3757/3757 3758/3758/3758 3759/3759/3759
f 3758/3758/3758 3760/3760/3760 3759/3759/3759
f 3769/3769/3769 3773/3773/3773 3758/3758/3758
f 3772/3772/3772 3759/3759/3759 3760/3760/3760
f 3772/3772/3772 3760/3760/3760 3773/3773/3773
f 3769/3769/3769 3772/3772/3772 3773/3773/3773
f 3774/3774/3774 3776/3776/3776 3777/3777/3777
f 3774/3774/3774 3775/3775/3775 3776/3776/3776
f 3764/3764/3764 3757/3757/3757 3759/3759/3759
f 3769/3769/3769 3762/3762/3762 3768/3768/3768
f 3762/3762/3762 3759/3759/3759 3768/3768/3768
f 3766/3766/3766 3757/3757/3757 3764/3764/3764
f 3762/3762/3762 3764/3764/3764 3759/3759/3759
f 3761/3761/3761 3764/3764/3764 3762/3762/3762
f 3765/3765/3765 3766/3766/3766 3764/3764/3764
f 3761/3761/3761 3762/3762/3762 3763/3763/3763
f 3761/3761/3761 3765/3765/3765 3764/3764/3764
f 3765/3765/3765 3767/3767/3767 3766/3766/3766
f 3753/3753/3753 3754/3754/3754 3755/3755/3755
f 3767/3767/3767 3765/3765/3765 3771/3771/3771
f 3770/3770/3770 3771/3771/3771 3765/3765/3765
f 3753/3753/3753 3755/3755/3755 3756/3756/3756
f 3806/3806/3806 3807/3807/3807 3808/3808/3808
f 3806/3806/3806 3809/3809/3809 3807/3807/3807
f 3785/3785/3785 3788/3788/3788 3786/3786/3786
f 3791/3791/3791 3787/3787/3787 3790/3790/3790
f 3787/3787/3787 3789/3789/3789 3790/3790/3790
f 3790/3790/3790 3794/3794/3794 3792/3792/3792
f 3791/3791/3791 3790/3790/3790 3792/3792/3792
f 3810/3810/3810 3809/3809/3809 3806/3806/3806
f 3785/3785/3785 3786/3786/3786 3787/3787/3787
f 3793/3793/3793 3789/3789/3789 3786/3786/3786
f 3789/3789/3789 3787/3787/3787 3786/3786/3786
f 3795/3795/3795 3792/3792/3792 3794/3794/3794
f 3796/3796/3796 3792/3792/3792 3795/3795/3795
f 3803/3803/3803 3804/3804/3804 3805/3805/3805
f 3796/3796/3796 3795/3795/3795 3797/3797/3797
f 3797/3797/3797 3795/3795/3795 3798/3798/3798
f 3798/3798/3798 3800/3800/3800 3797/3797/3797
f 3797/3797/3797 3800/3800/3800 3802/3802/3802
f 3778/3778/3778 3779/3779/3779 3780/3780/3780
f 3799/3799/3799 3798/3798/3798 3795/3795/3795
f 3798/3798/3798 3801/3801/3801 3800/3800/3800
f 3781/3781/3781 3778/3778/3778 3780/3780/3780
f 3781/3781/3781 3780/3780/3780 3782/3782/3782
f 3781/3781/3781 3782/3782/3782 3783/3783/3783
f 3781/3781/3781 3783/3783/3783 3784/3784/3784
f 3831/3831/3831 3830/3830/3830 3827/3827/3827
f 3826/3826/3826 3827/3827/3827 3830/3830/3830
f 3825/3825/3825 3827/3827/3827 3826/3826/3826
f 3825/3825/3825 3828/3828/3828 3827/3827/3827
f 3824/3824/3824 3833/3833/3833 3832/3832/3832
f 3824/3824/3824 3825/3825/3825 3826/3826/3826
f 3832/3832/3832 3835/3835/3835 3834/3834/3834
f 3832/3832/3832 3821/3821/3821 3824/3824/3824
f 3821/3821/3821 3832/3832/3832 3834/3834/3834
f 3829/3829/3829 3828/3828/3828 3825/3825/3825
f 3824/3824/3824 3821/3821/3821 3825/3825/3825
f 3823/3823/3823 3829/3829/3829 3825/3825/3825
f 3867/3867/3867 3853/3853/3853 3861/3861/3861
f 3844/3844/3844 3867/3867/3867 3861/3861/3861
f 3823/3823/3823 3825/3825/3825 3821/3821/3821
f 3852/3852/3852 3861/3861/3861 3853/3853/3853
f 3821/3821/3821 3820/3820/3820 3823/3823/3823
f 3861/3861/3861 3841/3841/3841 3844/3844/3844
f 3821/3821/3821 3816/3816/3816 3820/3820/3820
f 3841/3841/3841 3843/3843/3843 3844/3844/3844
f 3841/3841/3841 3861/3861/3861 3852/3852/3852
f 3820/3820/3820 3822/3822/3822 3823/3823/3823
f 3845/3845/3845 3852/3852/3852 3853/3853/3853
f 3853/3853/3853 3855/3855/3855 3845/3845/3845
f 3816/3816/3816 3811/3811/3811 3820/3820/3820
f 3841/3841/3841 3842/3842/3842 3843/3843/3843
f 3812/3812/3812 3816/3816/3816 3817/3817/3817
f 3812/3812/3812 3811/3811/3811 3816/3816/3816
f 3845/3845/3845 3855/3855/3855 3856/3856/3856
f 3856/3856/3856 3859/3859/3859 3870/3870/3870
f 3859/3859/3859 3856/3856/3856 3855/3855/3855
f 3841/3841/3841 3852/3852/3852 3854/3854/3854
f 3854/3854/3854 3852/3852/3852 3847/3847/3847
f 3852/3852/3852 3845/3845/3845 3847/3847/3847
f 3811/3811/3811 3812/3812/3812 3813/3813/3813
f 3813/3813/3813 3812/3812/3812 3815/3815/3815
f 3841/3841/3841 3854/3854/3854 3840/3840/3840
f 3836/3836/3836 3841/3841/3841 3840/3840/3840
f 3842/3842/3842 3841/3841/3841 3836/3836/3836
f 3839/3839/3839 3837/3837/3837 3836/3836/3836
f 3836/3836/3836 3837/3837/3837 3838/3838/3838
f 3812/3812/3812 3818/3818/3818 3815/3815/3815
f 3814/3814/3814 3811/3811/3811 3813/3813/3813
f 3845/3845/3845 3846/3846/3846 3847/3847/3847
f 3819/3819/3819 3814/3814/3814 3813/3813/3813
f 3818/3818/3818 3819/3819/3819 3815/3815/3815
f 3839/3839/3839 3836/3836/3836 3840/3840/3840
f 3840/3840/3840 3854/3854/3854 3847/3847/3847
f 3849/3849/3849 3839/3839/3839 3840/3840/3840
f 3856/3856/3856 3857/3857/3857 3845/3845/3845
f 3845/3845/3845 3857/3857/3857 3846/3846/3846
f 3846/3846/3846 3857/3857/3857 3858/3858/3858
f 3847/3847/3847 3849/3849/3849 3840/3840/3840
f 3848/3848/3848 3847/3847/3847 3846/3846/3846
f 3870/3870/3870 3860/3860/3860 3856/3856/3856
f 3860/3860/3860 3870/3870/3870 3871/3871/3871
f 3860/3860/3860 3857/3857/3857 3856/3856/3856
f 3848/3848/3848 3850/3850/3850 3849/3849/3849
f 3865/3865/3865 3848/3848/3848 3846/3846/3846
f 3847/3847/3847 3848/3848/3848 3849/3849/3849
f 3858/3858/3858 3865/3865/3865 3846/3846/3846
f 3851/3851/3851 3850/3850/3850 3848/3848/3848
f 3860/3860/3860 3858/3858/3858 3857/3857/3857
f 3851/3851/3851 3848/3848/3848 3865/3865/3865
f 3866/3866/3866 3851/3851/3851 3865/3865/3865
f 3862/3862/3862 3850/3850/3850 3851/3851/3851
f 3858/3858/3858 3866/3866/3866 3865/3865/3865
f 3860/3860/3860 3871/3871/3871 3866/3866/3866
f 3866/3866/3866 3858/3858/3858 3860/3860/3860
f 3872/3872/3872 3866/3866/3866 3871/3871/3871
f 3866/3866/3866 3872/3872/3872 3868/3868/3868
f 3851/3851/3851 3866/3866/3866 3868/3868/3868
f 3864/3864/3864 3851/3851/3851 3868/3868/3868
f 3862/3862/3862 3851/3851/3851 3863/3863/3863
f 3869/3869/3869 3864/3864/3864 3868/3868/3868
f 3864/3864/3864 3863/3863/3863 3851/3851/3851
f 3880/3880/3880 3882/3882/3882 3881/3881/3881
f 3873/3873/3873 3874/3874/3874 3875/3875/3875
f 3879/3879/3879 3880/3880/3880 3881/3881/3881
f 3873/3873/3873 3875/3875/3875 3878/3878/3878
f 3874/3874/3874 3876/3876/3876 3875/3875/3875
f 3876/3876/3876 3874/3874/3874 3877/3877/3877
f 3878/3878/3878 3877/3877/3877 3873/3873/3873
f 3883/3883/3883 3884/3884/3884 3885/3885/3885
f 3884/3884/3884 3886/3886/3886 3885/3885/3885
f 3887/3887/3887 3888/3888/3888 3889/3889/3889
f 3887/3887/3887 3890/3890/3890 3888/3888/3888
f 3891/3891/3891 3890/3890/3890 3887/3887/3887
f 3891/3891/3891 3892/3892/3892 3890/3890/3890
f 3890/3890/3890 3892/3892/3892 3893/3893/3893
f 3894/3894/3894 3895/3895/3895 3896/3896/3896
f 3894/3894/3894 3896/3896/3896 3897/3897/3897
f 3901/3901/3901 3898/3898/3898 3904/3904/3904
f 3894/3894/3894 3897/3897/3897 3899/3899/3899
f 3899/3899/3899 3900/3900/3900 3902/3902/3902
f 3901/3901/3901 3897/3897/3897 3898/3898/3898
f 3903/3903/3903 3901/3901/3901 3904/3904/3904
f 3901/3901/3901 3903/3903/3903 3900/3900/3900
f 3897/3897/3897 3900/3900/3900 3899/3899/3899
f 3900/3900/3900 3897/3897/3897 3901/3901/3901
f 3896/3896/3896 3898/3898/3898 3897/3897/3897
f 3905/3905/3905 3906/3906/3906 3907/3907/3907
f 3908/3908/3908 3906/3906/3906 3905/3905/3905
f 3910/3910/3910 3908/3908/3908 3905/3905/3905
f 3906/3906/3906 3908/3908/3908 3909/3909/3909
f 3912/3912/3912 3910/3910/3910 3905/3905/3905
f 3908/3908/3908 3910/3910/3910 3911/3911/3911
f 3917/3917/3917 3918/3918/3918 3919/3919/3919
f 3921/3921/3921 3917/3917/3917 3919/3919/3919
f 3920/3920/3920 3918/3918/3918 3917/3917/3917
f 3955/3955/3955 3921/3921/3921 3919/3919/3919
f 3955/3955/3955 3919/3919/3919 3956/3956/3956
f 3934/3934/3934 3921/3921/3921 3955/3955/3955
f 3921/3921/3921 3920/3920/3920 3917/3917/3917
f 3921/3921/3921 3922/3922/3922 3920/3920/3920
f 3924/3924/3924 3934/3934/3934 3955/3955/3955
f 3924/3924/3924 3921/3921/3921 3934/3934/3934
f 3922/3922/3922 3935/3935/3935 3920/3920/3920
f 3922/3922/3922 3921/3921/3921 3923/3923/3923
f 3955/3955/3955 3930/3930/3930 3924/3924/3924
f 3923/3923/3923 3935/3935/3935 3922/3922/3922
f 3928/3928/3928 3954/3954/3954 3935/3935/3935
f 3921/3921/3921 3924/3924/3924 3923/3923/3923
f 3928/3928/3928 3935/3935/3935 3923/3923/3923
f 3925/3925/3925 3923/3923/3923 3924/3924/3924
f 3930/3930/3930 3925/3925/3925 3924/3924/3924
f 3936/3936/3936 3954/3954/3954 3928/3928/3928
f 3926/3926/3926 3928/3928/3928 3923/3923/3923
f 3923/3923/3923 3925/3925/3925 3926/3926/3926
f 3931/3931/3931 3925/3925/3925 3930/3930/3930
f 3932/3932/3932 3928/3928/3928 3926/3926/3926
f 3932/3932/3932 3936/3936/3936 3928/3928/3928
f 3932/3932/3932 3937/3937/3937 3936/3936/3936
f 3925/3925/3925 3927/3927/3927 3926/3926/3926
f 3927/3927/3927 3932/3932/3932 3926/3926/3926
f 3938/3938/3938 3937/3937/3937 3932/3932/3932
f 3927/3927/3927 3925/3925/3925 3929/3929/3929
f 3927/3927/3927 3953/3953/3953 3932/3932/3932
f 3953/3953/3953 3938/3938/3938 3932/3932/3932
f 3929/3929/3929 3925/3925/3925 3933/3933/3933
f 3929/3929/3929 3933/3933/3933 3939/3939/3939
f 3929/3929/3929 3953/3953/3953 3927/3927/3927
f 3957/3957/3957 3958/3958/3958 3959/3959/3959
f 3960/3960/3960 3961/3961/3961 3957/3957/3957
f 3959/3959/3959 3960/3960/3960 3957/3957/3957
f 3941/3941/3941 3952/3952/3952 3929/3929/3929
f 3942/3942/3942 3945/3945/3945 3947/3947/3947
f 3940/3940/3940 3941/3941/3941 3929/3929/3929
f 3929/3929/3929 3939/3939/3939 3940/3940/3940
f 3952/3952/3952 3942/3942/3942 3947/3947/3947
f 3940/3940/3940 3942/3942/3942 3941/3941/3941
f 3940/3940/3940 3943/3943/3943 3942/3942/3942
f 3944/3944/3944 3942/3942/3942 3943/3943/3943
f 3948/3948/3948 3940/3940/3940 3939/3939/3939
f 3950/3950/3950 3939/3939/3939 3933/3933/3933
f 3945/3945/3945 3942/3942/3942 3944/3944/3944
f 3945/3945/3945 3944/3944/3944 3946/3946/3946
f 3943/3943/3943 3940/3940/3940 3948/3948/3948
f 3939/3939/3939 3950/3950/3950 3949/3949/3949
f 3948/3948/3948 3939/3939/3939 3949/3949/3949
f 3949/3949/3949 3950/3950/3950 3951/3951/3951
f 3913/3913/3913 3914/3914/3914 3915/3915/3915
f 3913/3913/3913 3915/3915/3915 3916/3916/3916
f 3933/3933/3933 3925/3925/3925 3931/3931/3931
f 3941/3941/3941 3942/3942/3942 3952/3952/3952
f 3978/3978/3978 3979/3979/3979 3975/3975/3975
f 3976/3976/3976 3978/3978/3978 3974/3974/3974
f 3972/3972/3972 3976/3976/3976 3974/3974/3974
f 3974/3974/3974 3978/3978/3978 3975/3975/3975
f 3965/3965/3965 3962/3962/3962 3964/3964/3964
f 3962/3962/3962 3963/3963/3963 3964/3964/3964
f 3982/3982/3982 3983/3983/3983 3984/3984/3984
f 3964/3964/3964 3963/3963/3963 3966/3966/3966
f 3963/3963/3963 3970/3970/3970 3966/3966/3966
f 3966/3966/3966 3970/3970/3970 3968/3968/3968
f 3973/3973/3973 3964/3964/3964 3972/3972/3972
f 3966/3966/3966 3967/3967/3967 3964/3964/3964
f 3966/3966/3966 3968/3968/3968 3967/3967/3967
f 3967/3967/3967 3968/3968/3968 3969/3969/3969
f 3968/3968/3968 3970/3970/3970 3977/3977/3977
f 3972/3972/3972 3974/3974/3974 3973/3973/3973
f 3971/3971/3971 3964/3964/3964 3967/3967/3967
f 3971/3971/3971 3972/3972/3972 3964/3964/3964
f 3965/3965/3965 3980/3980/3980 3962/3962/3962
f 3964/3964/3964 3973/3973/3973 3965/3965/3965
f 3981/3981/3981 3980/3980/3980 3965/3965/3965
f 3973/3973/3973 3974/3974/3974 3975/3975/3975
f 3985/3985/3985 3986/3986/3986 3987/3987/3987
f 3988/3988/3988 3986/3986/3986 3985/3985/3985
f 3985/3985/3985 3989/3989/3989 3988/3988/3988
f 3990/3990/3990 3988/3988/3988 3989/3989/3989
f 3991/3991/3991 3990/3990/3990 3989/3989/3989
f 3993/3993/3993 3991/3991/3991 3995/3995/3995
f 3993/3993/3993 3992/3992/3992 3991/3991/3991
f 3992/3992/3992 3993/3993/3993 3994/3994/3994
f 3994/3994/3994 3993/3993/3993 3996/3996/3996
f 3996/3996/3996 3993/3993/3993 3997/3997/3997
f 3996/3996/3996 3997/3997/3997 3998/3998/3998
f 3999/3999/3999 3996/3996/3996 3998/3998/3998
f 4000/4000/4000 3999/3999/3999 3998/3998/3998
f 3999/3999/3999 4000/4000/4000 4001/4001/4001
f 4001/4001/4001 4000/4000/4000 4002/4002/4002
f 3992/3992/3992 3990/3990/3990 3991/3991/3991
f 4003/4003/4003 4004/4004/4004 4005/4005/4005
f 4005/4005/4005 4007/4007/4007 4008/4008/4008
f 4007/4007/4007 4005/4005/4005 4004/4004/4004
f 4012/4012/4012 4008/4008/4008 4007/4007/4007
f 4004/4004/4004 4003/4003/4003 4006/4006/4006
f 4007/4007/4007 4011/4011/4011 4012/4012/4012
f 4007/4007/4007 4009/4009/4009 4011/4011/4011
f 4007/4007/4007 4004/4004/4004 4009/4009/4009
f 4037/4037/4037 4006/4006/4006 4038/4038/4038
f 4004/4004/4004 4006/4006/4006 4037/4037/4037
f 4012/4012/4012 4011/4011/4011 4013/4013/4013
f 4010/4010/4010 4009/4009/4009 4004/4004/4004
f 4011/4011/4011 4009/4009/4009 4010/4010/4010
f 4011/4011/4011 4014/4014/4014 4013/4013/4013
f 4011/4011/4011 4010/4010/4010 4014/4014/4014
f 4010/4010/4010 4004/4004/4004 4018/4018/4018
f 4030/4030/4030 4004/4004/4004 4037/4037/4037
f 4037/4037/4037 4038/4038/4038 4033/4033/4033
f 4018/4018/4018 4004/4004/4004 4030/4030/4030
f 4037/4037/4037 4033/4033/4033 4030/4030/4030
f 4016/4016/4016 4039/4039/4039 4014/4014/4014
f 4030/4030/4030 4031/4031/4031 4018/4018/4018
f 4014/4014/4014 4015/4015/4015 4016/4016/4016
f 4030/4030/4030 4033/4033/4033 4032/4032/4032
f 4029/4029/4029 4030/4030/4030 4032/4032/4032
f 4015/4015/4015 4014/4014/4014 4010/4010/4010
f 4018/4018/4018 4017/4017/4017 4010/4010/4010
f 4031/4031/4031 4017/4017/4017 4018/4018/4018
f 4015/4015/4015 4010/4010/4010 4017/4017/4017
f 4015/4015/4015 4019/4019/4019 4016/4016/4016
f 4032/4032/4032 4034/4034/4034 4029/4029/4029
f 4030/4030/4030 4029/4029/4029 4028/4028/4028
f 4025/4025/4025 4030/4030/4030 4028/4028/4028
f 4030/4030/4030 4025/4025/4025 4031/4031/4031
f 4026/4026/4026 4029/4029/4029 4034/4034/4034
f 4019/4019/4019 4021/4021/4021 4016/4016/4016
f 4028/4028/4028 4029/4029/4029 4026/4026/4026
f 4017/4017/4017 4031/4031/4031 4025/4025/4025
f 4028/4028/4028 4026/4026/4026 4025/4025/4025
f 4026/4026/4026 4024/4024/4024 4025/4025/4025
f 4023/4023/4023 4017/4017/4017 4025/4025/4025
f 4024/4024/4024 4023/4023/4023 4025/4025/4025
f 4035/4035/4035 4026/4026/4026 4034/4034/4034
f 4023/4023/4023 4020/4020/4020 4017/4017/4017
f 4027/4027/4027 4026/4026/4026 4035/4035/4035
f 4019/4019/4019 4017/4017/4017 4020/4020/4020
f 4024/4024/4024 4026/4026/4026 4027/4027/4027
f 4034/4034/4034 4036/4036/4036 4035/4035/4035
f 4020/4020/4020 4022/4022/4022 4019/4019/4019
f 4022/4022/4022 4023/4023/4023 4024/4024/4024
f 4022/4022/4022 4020/4020/4020 4023/4023/4023
f 4019/4019/4019 4022/4022/4022 4021/4021/4021
f 4017/4017/4017 4019/4019/4019 4015/4015/4015
f 4040/4040/4040 4041/4041/4041 4042/4042/4042
f 4044/4044/4044 4046/4046/4046 4040/4040/4040
f 4042/4042/4042 4044/4044/4044 4040/4040/4040
f 4042/4042/4042 4041/4041/4041 4043/4043/4043
f 4047/4047/4047 4046/4046/4046 4044/4044/4044
f 4045/4045/4045 4044/4044/4044 4042/4042/4042
f 4042/4042/4042 4043/4043/4043 4045/4045/4045
f 4049/4049/4049 4047/4047/4047 4048/4048/4048
f 4044/4044/4044 4048/4048/4048 4047/4047/4047
f 4048/4048/4048 4044/4044/4044 4045/4045/4045
f 4043/4043/4043 4057/4057/4057 4045/4045/4045
f 4045/4045/4045 4057/4057/4057 4052/4052/4052
f 4052/4052/4052 4048/4048/4048 4045/4045/4045
f 4048/4048/4048 4050/4050/4050 4049/4049/4049
f 4051/4051/4051 4048/4048/4048 4052/4052/4052
f 4055/4055/4055 4052/4052/4052 4057/4057/4057
f 4051/4051/4051 4050/4050/4050 4048/4048/4048
f 4053/4053/4053 4051/4051/4051 4052/4052/4052
f 4054/4054/4054 4053/4053/4053 4052/4052/4052
f 4059/4059/4059 4061/4061/4061 4060/4060/4060
f 4059/4059/4059 4062/4062/4062 4061/4061/4061
f 4081/4081/4081 4084/4084/4084 4083/4083/4083
f 4055/4055/4055 4054/4054/4054 4052/4052/4052
f 4058/4058/4058 4059/4059/4059 4060/4060/4060
f 4070/4070/4070 4074/4074/4074 4071/4071/4071
f 4082/4082/4082 4081/4081/4081 4083/4083/4083
f 4075/4075/4075 4078/4078/4078 4071/4071/4071
f 4075/4075/4075 4071/4071/4071 4074/4074/4074
f 4069/4069/4069 4070/4070/4070 4071/4071/4071
f 4066/4066/4066 4067/4067/4067 4068/4068/4068
f 4063/4063/4063 4064/4064/4064 4065/4065/4065
f 4085/4085/4085 4086/4086/4086 4087/4087/4087
f 4072/4072/4072 4075/4075/4075 4070/4070/4070
f 4079/4079/4079 4075/4075/4075 4072/4072/4072
f 4069/4069/4069 4073/4073/4073 4072/4072/4072
f 4069/4069/4069 4072/4072/4072 4070/4070/4070
f 4080/4080/4080 4081/4081/4081 4082/4082/4082
f 4076/4076/4076 4077/4077/4077 4073/4073/4073
f 4076/4076/4076 4073/4073/4073 4069/4069/4069
f 4056/4056/4056 4054/4054/4054 4055/4055/4055
f 4088/4088/4088 4089/4089/4089 4090/4090/4090
f 4091/4091/4091 4089/4089/4089 4088/4088/4088
f 4091/4091/4091 4088/4088/4088 4093/4093/4093
f 4092/4092/4092 4089/4089/4089 4091/4091/4091
f 4091/4091/4091 4093/4093/4093 4094/4094/4094
f 4092/4092/4092 4091/4091/4091 4094/4094/4094
f 4094/4094/4094 4093/4093/4093 4095/4095/4095
f 4092/4092/4092 4094/4094/4094 4096/4096/4096
f 4094/4094/4094 4095/4095/4095 4096/4096/4096
f 4096/4096/4096 4095/4095/4095 4097/4097/4097
f 4098/4098/4098 4099/4099/4099 4100/4100/4100
f 4098/4098/4098 4101/4101/4101 4099/4099/4099
f 4099/4099/4099 4103/4103/4103 4105/4105/4105
f 4101/4101/4101 4103/4103/4103 4099/4099/4099
f 4102/4102/4102 4101/4101/4101 4098/4098/4098
f 4101/4101/4101 4102/4102/4102 4106/4106/4106
f 4101/4101/4101 4106/4106/4106 4104/4104/4104
f 4101/4101/4101 4104/4104/4104 4103/4103/4103
f 4138/4138/4138 4102/4102/4102 4098/4098/4098
f 4120/4120/4120 4122/4122/4122 4119/4119/4119
f 4102/4102/4102 4109/4109/4109 4106/4106/4106
f 4119/4119/4119 4117/4117/4117 4120/4120/4120
f 4120/4120/4120 4124/4124/4124 4125/4125/4125
f 4110/4110/4110 4117/4117/4117 4119/4119/4119
f 4124/4124/4124 4120/4120/4120 4121/4121/4121
f 4106/4106/4106 4107/4107/4107 4104/4104/4104
f 4130/4130/4130 4128/4128/4128 4129/4129/4129
f 4137/4137/4137 4128/4128/4128 4130/4130/4130
f 4120/4120/4120 4117/4117/4117 4121/4121/4121
f 4106/4106/4106 4109/4109/4109 4108/4108/4108
f 4106/4106/4106 4108/4108/4108 4107/4107/4107
f 4124/4124/4124 4121/4121/4121 4126/4126/4126
f 4129/4129/4129 4128/4128/4128 4127/4127/4127
f 4129/4129/4129 4131/4131/4131 4133/4133/4133
f 4110/4110/4110 4107/4107/4107 4108/4108/4108
f 4128/4128/4128 4126/4126/4126 4127/4127/4127
f 4129/4129/4129 4127/4127/4127 4131/4131/4131
f 4126/4126/4126 4121/4121/4121 4127/4127/4127
f 4110/4110/4110 4114/4114/4114 4116/4116/4116
f 4110/4110/4110 4116/4116/4116 4117/4117/4117
f 4109/4109/4109 4112/4112/4112 4108/4108/4108
f 4114/4114/4114 4110/4110/4110 4113/4113/4113
f 4127/4127/4127 4132/4132/4132 4131/4131/4131
f 4110/4110/4110 4108/4108/4108 4111/4111/4111
f 4113/4113/4113 4110/4110/4110 4111/4111/4111
f 4108/4108/4108 4112/4112/4112 4111/4111/4111
f 4115/4115/4115 4113/4113/4113 4111/4111/4111
f 4121/4121/4121 4123/4123/4123 4127/4127/4127
f 4116/4116/4116 4118/4118/4118 4117/4117/4117
f 4121/4121/4121 4117/4117/4117 4123/4123/4123
f 4123/4123/4123 4134/4134/4134 4127/4127/4127
f 4136/4136/4136 4117/4117/4117 4118/4118/4118
f 4127/4127/4127 4134/4134/4134 4132/4132/4132
f 4117/4117/4117 4136/4136/4136 4123/4123/4123
f 4123/4123/4123 4136/4136/4136 4135/4135/4135
f 4123/4123/4123 4135/4135/4135 4134/4134/4134
f 4128/4128/4128 4137/4137/4137 4124/4124/4124
f 4139/4139/4139 4140/4140/4140 4141/4141/4141
f 4142/4142/4142 4139/4139/4139 4141/4141/4141
f 4143/4143/4143 4139/4139/4139 4142/4142/4142
f 4144/4144/4144 4143/4143/4143 4142/4142/4142
f 4144/4144/4144 4145/4145/4145 4143/4143/4143
f 4145/4145/4145 4147/4147/4147 4143/4143/4143
f 4144/4144/4144 4146/4146/4146 4145/4145/4145
f 4145/4145/4145 4146/4146/4146 4148/4148/4148
f 4202/4202/4202 4203/4203/4203 4204/4204/4204
f 4204/4204/4204 4206/4206/4206 4202/4202/4202
f 4205/4205/4205 4203/4203/4203 4202/4202/4202
f 4202/4202/4202 4207/4207/4207 4205/4205/4205
f 4202/4202/4202 4206/4206/4206 4207/4207/4207
f 4207/4207/4207 4206/4206/4206 4208/4208/4208
f 4160/4160/4160 4155/4155/4155 4156/4156/4156
f 4155/4155/4155 4150/4150/4150 4156/4156/4156
f 4158/4158/4158 4155/4155/4155 4159/4159/4159
f 4207/4207/4207 4208/4208/4208 4209/4209/4209
f 4157/4157/4157 4154/4154/4154 4155/4155/4155
f 4209/4209/4209 4208/4208/4208 4210/4210/4210
f 4150/4150/4150 4155/4155/4155 4154/4154/4154
f 4210/4210/4210 4216/4216/4216 4217/4217/4217
f 4150/4150/4150 4154/4154/4154 4152/4152/4152
f 4210/4210/4210 4218/4218/4218 4209/4209/4209
f 4211/4211/4211 4207/4207/4207 4209/4209/4209
f 4212/4212/4212 4207/4207/4207 4211/4211/4211
f 4218/4218/4218 4210/4210/4210 4217/4217/4217
f 4149/4149/4149 4150/4150/4150 4151/4151/4151
f 4218/4218/4218 4217/4217/4217 4219/4219/4219
f 4220/4220/4220 4219/4219/4219 4217/4217/4217
f 4152/4152/4152 4151/4151/4151 4150/4150/4150
f 4167/4167/4167 4166/4166/4166 4165/4165/4165
f 4221/4221/4221 4219/4219/4219 4220/4220/4220
f 4168/4168/4168 4170/4170/4170 4180/4180/4180
f 4168/4168/4168 4169/4169/4169 4170/4170/4170
f 4213/4213/4213 4211/4211/4211 4214/4214/4214
f 4213/4213/4213 4212/4212/4212 4211/4211/4211
f 4222/4222/4222 4219/4219/4219 4221/4221/4221
f 4165/4165/4165 4164/4164/4164 4161/4161/4161
f 4166/4166/4166 4164/4164/4164 4165/4165/4165
f 4152/4152/4152 4161/4161/4161 4153/4153/4153
f 4151/4151/4151 4152/4152/4152 4153/4153/4153
f 4222/4222/4222 4221/4221/4221 4223/4223/4223
f 4213/4213/4213 4214/4214/4214 4215/4215/4215
f 4169/4169/4169 4171/4171/4171 4172/4172/4172
f 4170/4170/4170 4169/4169/4169 4172/4172/4172
f 4170/4170/4170 4172/4172/4172 4173/4173/4173
f 4170/4170/4170 4178/4178/4178 4180/4180/4180
f 4153/4153/4153 4161/4161/4161 4162/4162/4162
f 4163/4163/4163 4161/4161/4161 4164/4164/4164
f 4179/4179/4179 4178/4178/4178 4175/4175/4175
f 4163/4163/4163 4162/4162/4162 4161/4161/4161
f 4170/4170/4170 4175/4175/4175 4178/4178/4178
f 4182/4182/4182 4179/4179/4179 4181/4181/4181
f 4181/4181/4181 4179/4179/4179 4175/4175/4175
f 4185/4185/4185 4187/4187/4187 4182/4182/4182
f 4185/4185/4185 4182/4182/4182 4181/4181/4181
f 4174/4174/4174 4170/4170/4170 4173/4173/4173
f 4170/4170/4170 4174/4174/4174 4175/4175/4175
f 4199/4199/4199 4185/4185/4185 4188/4188/4188
f 4174/4174/4174 4173/4173/4173 4176/4176/4176
f 4175/4175/4175 4177/4177/4177 4181/4181/4181
f 4181/4181/4181 4177/4177/4177 4183/4183/4183
f 4183/4183/4183 4185/4185/4185 4181/4181/4181
f 4174/4174/4174 4177/4177/4177 4175/4175/4175
f 4198/4198/4198 4199/4199/4199 4188/4188/4188
f 4177/4177/4177 4184/4184/4184 4183/4183/4183
f 4177/4177/4177 4174/4174/4174 4184/4184/4184
f 4186/4186/4186 4188/4188/4188 4185/4185/4185
f 4186/4186/4186 4185/4185/4185 4183/4183/4183
f 4200/4200/4200 4199/4199/4199 4198/4198/4198
f 4188/4188/4188 4190/4190/4190 4198/4198/4198
f 4183/4183/4183 4189/4189/4189 4186/4186/4186
f 4188/4188/4188 4186/4186/4186 4190/4190/4190
f 4183/4183/4183 4184/4184/4184 4189/4189/4189
f 4190/4190/4190 4186/4186/4186 4189/4189/4189
f 4191/4191/4191 4190/4190/4190 4189/4189/4189
f 4193/4193/4193 4192/4192/4192 4189/4189/4189
f 4191/4191/4191 4189/4189/4189 4192/4192/4192
f 4194/4194/4194 4191/4191/4191 4192/4192/4192
f 4197/4197/4197 4196/4196/4196 4192/4192/4192
f 4192/4192/4192 4196/4196/4196 4194/4194/4194
f 4195/4195/4195 4191/4191/4191 4194/4194/4194
f 4194/4194/4194 4201/4201/4201 4195/4195/4195
f 4157/4157/4157 4155/4155/4155 4158/4158/4158
f 4224/4224/4224 4225/4225/4225 4226/4226/4226
f 4224/4224/4224 4226/4226/4226 4228/4228/4228
f 4229/4229/4229 4224/4224/4224 4228/4228/4228
f 4225/4225/4225 4227/4227/4227 4226/4226/4226
f 4227/4227/4227 4232/4232/4232 4226/4226/4226
f 4230/4230/4230 4224/4224/4224 4229/4229/4229
f 4228/4228/4228 4231/4231/4231 4229/4229/4229
f 4230/4230/4230 4229/4229/4229 4231/4231/4231
f 4243/4243/4243 4244/4244/4244 4242/4242/4242
f 4241/4241/4241 4247/4247/4247 4245/4245/4245
f 4243/4243/4243 4241/4241/4241 4245/4245/4245
f 4242/4242/4242 4244/4244/4244 4234/4234/4234
f 4243/4243/4243 4242/4242/4242 4241/4241/4241
f 4246/4246/4246 4247/4247/4247 4241/4241/4241
f 4233/4233/4233 4242/4242/4242 4234/4234/4234
f 4238/4238/4238 4246/4246/4246 4241/4241/4241
f 4233/4233/4233 4236/4236/4236 4237/4237/4237
f 4242/4242/4242 4233/4233/4233 4237/4237/4237
f 4233/4233/4233 4234/4234/4234 4235/4235/4235
f 4238/4238/4238 4241/4241/4241 4237/4237/4237
f 4241/4241/4241 4242/4242/4242 4237/4237/4237
f 4237/4237/4237 4236/4236/4236 4238/4238/4238
f 4233/4233/4233 4235/4235/4235 4236/4236/4236
f 4238/4238/4238 4239/4239/4239 4246/4246/4246
f 4236/4236/4236 4239/4239/4239 4238/4238/4238
f 4236/4236/4236 4235/4235/4235 4240/4240/4240
f 4235/4235/4235 4252/4252/4252 4240/4240/4240
f 4269/4269/4269 4261/4261/4261 4260/4260/4260
f 4271/4271/4271 4269/4269/4269 4260/4260/4260
f 4249/4249/4249 4252/4252/4252 4235/4235/4235
f 4248/4248/4248 4252/4252/4252 4249/4249/4249
f 4276/4276/4276 4263/4263/4263 4261/4261/4261
f 4263/4263/4263 4258/4258/4258 4261/4261/4261
f 4257/4257/4257 4256/4256/4256 4255/4255/4255
f 4248/4248/4248 4249/4249/4249 4250/4250/4250
f 4257/4257/4257 4255/4255/4255 4268/4268/4268
f 4250/4250/4250 4251/4251/4251 4248/4248/4248
f 4260/4260/4260 4261/4261/4261 4258/4258/4258
f 4263/4263/4263 4254/4254/4254 4258/4258/4258
f 4255/4255/4255 4256/4256/4256 4253/4253/4253
f 4253/4253/4253 4254/4254/4254 4255/4255/4255
f 4258/4258/4258 4254/4254/4254 4253/4253/4253
f 4271/4271/4271 4260/4260/4260 4262/4262/4262
f 4271/4271/4271 4262/4262/4262 4275/4275/4275
f 4262/4262/4262 4260/4260/4260 4259/4259/4259
f 4258/4258/4258 4259/4259/4259 4260/4260/4260
f 4259/4259/4259 4258/4258/4258 4253/4253/4253
f 4275/4275/4275 4262/4262/4262 4273/4273/4273
f 4259/4259/4259 4253/4253/4253 4272/4272/4272
f 4272/4272/4272 4277/4277/4277 4259/4259/4259
f 4275/4275/4275 4273/4273/4273 4274/4274/4274
f 4262/4262/4262 4259/4259/4259 4264/4264/4264
f 4259/4259/4259 4277/4277/4277 4270/4270/4270
f 4273/4273/4273 4265/4265/4265 4274/4274/4274
f 4264/4264/4264 4265/4265/4265 4262/4262/4262
f 4273/4273/4273 4262/4262/4262 4265/4265/4265
f 4259/4259/4259 4270/4270/4270 4264/4264/4264
f 4265/4265/4265 4264/4264/4264 4266/4266/4266
f 4267/4267/4267 4266/4266/4266 4264/4264/4264
f 4267/4267/4267 4264/4264/4264 4270/4270/4270
f 4278/4278/4278 4279/4279/4279 4280/4280/4280
f 4281/4281/4281 4279/4279/4279 4278/4278/4278
f 4278/4278/4278 4280/4280/4280 4282/4282/4282
f 4285/4285/4285 4290/4290/4290 4281/4281/4281
f 4285/4285/4285 4289/4289/4289 4290/4290/4290
f 4291/4291/4291 4290/4290/4290 4289/4289/4289
f 4284/4284/4284 4289/4289/4289 4285/4285/4285
f 4283/4283/4283 4278/4278/4278 4282/4282/4282
f 4285/4285/4285 4281/4281/4281 4278/4278/4278
f 4284/4284/4284 4285/4285/4285 4278/4278/4278
f 4284/4284/4284 4278/4278/4278 4283/4283/4283
f 4284/4284/4284 4283/4283/4283 4286/4286/4286
f 4283/4283/4283 4287/4287/4287 4286/4286/4286
f 4288/4288/4288 4287/4287/4287 4283/4283/4283
f 4292/4292/4292 4293/4293/4293 4294/4294/4294
f 4293/4293/4293 4295/4295/4295 4294/4294/4294
f 4294/4294/4294 4295/4295/4295 4296/4296/4296
f 4292/4292/4292 4294/4294/4294 4296/4296/4296
f 4297/4297/4297 4298/4298/4298 4299/4299/4299
f 4298/4298/4298 4297/4297/4297 4300/4300/4300
f 4298/4298/4298 4300/4300/4300 4301/4301/4301
f 4302/4302/4302 4298/4298/4298 4301/4301/4301
f 4302/4302/4302 4301/4301/4301 4303/4303/4303
f 4303/4303/4303 4301/4301/4301 4304/4304/4304
f 4305/4305/4305 4303/4303/4303 4304/4304/4304
f 4305/4305/4305 4304/4304/4304 4306/4306/4306
f 4319/4319/4319 4320/4320/4320 4321/4321/4321
f 4321/4321/4321 4322/4322/4322 4319/4319/4319
f 4319/4319/4319 4322/4322/4322 4323/4323/4323
f 4343/4343/4343 4342/4342/4342 4345/4345/4345
f 4342/4342/4342 4343/4343/4343 4344/4344/4344
f 4319/4319/4319 4323/4323/4323 4324/4324/4324
f 4331/4331/4331 4325/4325/4325 4330/4330/4330
f 4332/4332/4332 4331/4331/4331 4330/4330/4330
f 4335/4335/4335 4332/4332/4332 4330/4330/4330
f 4325/4325/4325 4319/4319/4319 4324/4324/4324
f 4330/4330/4330 4325/4325/4325 4329/4329/4329
f 4325/4325/4325 4324/4324/4324 4326/4326/4326
f 4329/4329/4329 4325/4325/4325 4328/4328/4328
f 4309/4309/4309 4308/4308/4308 4310/4310/4310
f 4328/4328/4328 4325/4325/4325 4327/4327/4327
f 4308/4308/4308 4312/4312/4312 4311/4311/4311
f 4340/4340/4340 4328/4328/4328 4327/4327/4327
f 4307/4307/4307 4308/4308/4308 4309/4309/4309
f 4349/4349/4349 4347/4347/4347 4346/4346/4346
f 4336/4336/4336 4329/4329/4329 4337/4337/4337
f 4311/4311/4311 4310/4310/4310 4308/4308/4308
f 4367/4367/4367 4368/4368/4368 4364/4364/4364
f 4364/4364/4364 4365/4365/4365 4366/4366/4366
f 4367/4367/4367 4364/4364/4364 4366/4366/4366
f 4350/4350/4350 4352/4352/4352 4354/4354/4354
f 4313/4313/4313 4314/4314/4314 4315/4315/4315
f 4336/4336/4336 4340/4340/4340 4338/4338/4338
f 4333/4333/4333 4330/4330/4330 4329/4329/4329
f 4341/4341/4341 4340/4340/4340 4327/4327/4327
f 4350/4350/4350 4351/4351/4351 4352/4352/4352
f 4334/4334/4334 4336/4336/4336 4338/4338/4338
f 4329/4329/4329 4336/4336/4336 4334/4334/4334
f 4357/4357/4357 4356/4356/4356 4353/4353/4353
f 4356/4356/4356 4352/4352/4352 4353/4353/4353
f 4333/4333/4333 4329/4329/4329 4334/4334/4334
f 4353/4353/4353 4352/4352/4352 4351/4351/4351
f 4358/4358/4358 4357/4357/4357 4353/4353/4353
f 4335/4335/4335 4330/4330/4330 4333/4333/4333
f 4351/4351/4351 4355/4355/4355 4353/4353/4353
f 4316/4316/4316 4317/4317/4317 4318/4318/4318
f 4360/4360/4360 4362/4362/4362 4361/4361/4361
f 4359/4359/4359 4360/4360/4360 4361/4361/4361
f 4360/4360/4360 4359/4359/4359 4363/4363/4363
f 4333/4333/4333 4334/4334/4334 4339/4339/4339
f 4346/4346/4346 4347/4347/4347 4348/4348/4348
f 4327/4327/4327 4325/4325/4325 4326/4326/4326
f 4369/4369/4369 4370/4370/4370 4371/4371/4371
f 4370/4370/4370 4369/4369/4369 4372/4372/4372
f 4372/4372/4372 4373/4373/4373 4370/4370/4370
f 4375/4375/4375 4378/4378/4378 4377/4377/4377
f 4375/4375/4375 4379/4379/4379 4378/4378/4378
f 4377/4377/4377 4370/4370/4370 4375/4375/4375
f 4382/4382/4382 4383/4383/4383 4380/4380/4380
f 4374/4374/4374 4373/4373/4373 4372/4372/4372
f 4382/4382/4382 4380/4380/4380 4381/4381/4381
f 4389/4389/4389 4383/4383/4383 4382/4382/4382
f 4380/4380/4380 4379/4379/4379 4375/4375/4375
f 4380/4380/4380 4376/4376/4376 4381/4381/4381
f 4376/4376/4376 4375/4375/4375 4373/4373/4373
f 4380/4380/4380 4375/4375/4375 4376/4376/4376
f 4384/4384/4384 4382/4382/4382 4381/4381/4381
f 4389/4389/4389 4382/4382/4382 4387/4387/4387
f 4385/4385/4385 4387/4387/4387 4382/4382/4382
f 4384/4384/4384 4385/4385/4385 4382/4382/4382
f 4381/4381/4381 4386/4386/4386 4384/4384/4384
f 4388/4388/4388 4387/4387/4387 4385/4385/4385
f 4373/4373/4373 4375/4375/4375 4370/4370/4370
f 4390/4390/4390 4391/4391/4391 4392/4392/4392
f 4390/4390/4390 4392/4392/4392 4393/4393/4393
f 4394/4394/4394 4395/4395/4395 4396/4396/4396
f 4395/4395/4395 4394/4394/4394 4397/4397/4397
f 4394/4394/4394 4398/4398/4398 4397/4397/4397
f 4399/4399/4399 4400/4400/4400 4401/4401/4401
f 4402/4402/4402 4399/4399/4399 4401/4401/4401
f 4403/4403/4403 4399/4399/4399 4402/4402/4402
f 4406/4406/4406 4405/4405/4405 4410/4410/4410
f 4404/4404/4404 4402/4402/4402 4405/4405/4405
f 4405/4405/4405 4406/4406/4406 4404/4404/4404
f 4403/4403/4403 4402/4402/4402 4404/4404/4404
f 4404/4404/4404 4409/4409/4409 4403/4403/4403
f 4409/4409/4409 4404/4404/4404 4408/4408/4408
f 4411/4411/4411 4403/4403/4403 4409/4409/4409
f 4404/4404/4404 4406/4406/4406 4407/4407/4407
f 4412/4412/4412 4413/4413/4413 4414/4414/4414
f 4408/4408/4408 4404/4404/4404 4407/4407/4407
f 4416/4416/4416 4415/4415/4415 4413/4413/4413
f 4415/4415/4415 4414/4414/4414 4413/4413/4413
f 4417/4417/4417 4415/4415/4415 4416/4416/4416
f 4417/4417/4417 4419/4419/4419 4415/4415/4415
f 4421/4421/4421 4422/4422/4422 4423/4423/4423
f 4418/4418/4418 4415/4415/4415 4419/4419/4419
f 4414/4414/4414 4415/4415/4415 4418/4418/4418
f 4424/4424/4424 4421/4421/4421 4423/4423/4423
f 4420/4420/4420 4418/4418/4418 4419/4419/4419
f 4425/4425/4425 4426/4426/4426 4427/4427/4427
f 4428/4428/4428 4425/4425/4425 4429/4429/4429
f 4428/4428/4428 4429/4429/4429 4430/4430/4430
f 4426/4426/4426 4425/4425/4425 4428/4428/4428
f 4431/4431/4431 4432/4432/4432 4433/4433/4433
f 4432/4432/4432 4431/4431/4431 4434/4434/4434
f 4438/4438/4438 4434/4434/4434 4436/4436/4436
f 4443/4443/4443 4444/4444/4444 4445/4445/4445
f 4439/4439/4439 4437/4437/4437 4440/4440/4440
f 4438/4438/4438 4436/4436/4436 4439/4439/4439
f 4435/4435/4435 4436/4436/4436 4434/4434/4434
f 4434/4434/4434 4431/4431/4431 4435/4435/4435
f 4435/4435/4435 4444/4444/4444 4443/4443/4443
f 4437/4437/4437 4435/4435/4435 4441/4441/4441
f 4436/4436/4436 4435/4435/4435 4437/4437/4437
f 4436/4436/4436 4437/4437/4437 4439/4439/4439
f 4435/4435/4435 4442/4442/4442 4441/4441/4441
f 4435/4435/4435 4443/4443/4443 4442/4442/4442
f 4450/4450/4450 4451/4451/4451 4448/4448/4448
f 4457/4457/4457 4458/4458/4458 4459/4459/4459
f 4447/4447/4447 4450/4450/4450 4448/4448/4448
f 4463/4463/4463 4467/4467/4467 4464/4464/4464
f 4448/4448/4448 4451/4451/4451 4452/4452/4452
f 4463/4463/4463 4464/4464/4464 4461/4461/4461
f 4461/4461/4461 4460/4460/4460 4463/4463/4463
f 4446/4446/4446 4447/4447/4447 4448/4448/4448
f 4460/4460/4460 4461/4461/4461 4462/4462/4462
f 4453/4453/4453 4454/4454/4454 4455/4455/4455
f 4465/4465/4465 4463/4463/4463 4460/4460/4460
f 4446/4446/4446 4448/4448/4448 4449/4449/4449
f 4455/4455/4455 4456/4456/4456 4453/4453/4453
f 4465/4465/4465 4460/4460/4460 4466/4466/4466
f 4468/4468/4468 4469/4469/4469 4470/4470/4470
f 4474/4474/4474 4473/4473/4473 4472/4472/4472
f 4468/4468/4468 4470/4470/4470 4472/4472/4472
f 4473/4473/4473 4468/4468/4468 4472/4472/4472
f 4469/4469/4469 4471/4471/4471 4475/4475/4475
f 4471/4471/4471 4469/4469/4469 4468/4468/4468
f 4476/4476/4476 4471/4471/4471 4468/4468/4468
f 4477/4477/4477 4478/4478/4478 4479/4479/4479
f 4477/4477/4477 4481/4481/4481 4480/4480/4480
f 4478/4478/4478 4477/4477/4477 4480/4480/4480
f 4482/4482/4482 4483/4483/4483 4484/4484/4484
f 4485/4485/4485 4487/4487/4487 4482/4482/4482
f 4484/4484/4484 4485/4485/4485 4482/4482/4482
f 4484/4484/4484 4486/4486/4486 4485/4485/4485
f 4488/4488/4488 4489/4489/4489 4490/4490/4490
f 4488/4488/4488 4491/4491/4491 4489/4489/4489
f 4489/4489/4489 4491/4491/4491 4493/4493/4493
f 4491/4491/4491 4492/4492/4492 4494/4494/4494
f 4491/4491/4491 4494/4494/4494 4493/4493/4493
f 4488/4488/4488 4492/4492/4492 4491/4491/4491
f 4495/4495/4495 4496/4496/4496 4497/4497/4497
f 4495/4495/4495 4499/4499/4499 4498/4498/4498
f 4501/4501/4501 4500/4500/4500 4502/4502/4502
f 4500/4500/4500 4503/4503/4503 4502/4502/4502
f 4496/4496/4496 4500/4500/4500 4501/4501/4501
f 4495/4495/4495 4498/4498/4498 4496/4496/4496
f 4498/4498/4498 4500/4500/4500 4496/4496/4496
f 4504/4504/4504 4505/4505/4505 4506/4506/4506
f 4507/4507/4507 4505/4505/4505 4504/4504/4504
f 4507/4507/4507 4504/4504/4504 4521/4521/4521
f 4510/4510/4510 4508/4508/4508 4506/4506/4506
f 4508/4508/4508 4504/4504/4504 4506/4506/4506
f 4508/4508/4508 4510/4510/4510 4511/4511/4511
f 4516/4516/4516 4518/4518/4518 4517/4517/4517
f 4518/4518/4518 4516/4516/4516 4519/4519/4519
f 4517/4517/4517 4508/4508/4508 4516/4516/4516
f 4514/4514/4514 4516/4516/4516 4508/4508/4508
f 4521/4521/4521 4504/4504/4504 4509/4509/4509
f 4509/4509/4509 4519/4519/4519 4516/4516/4516
f 4504/4504/4504 4508/4508/4508 4509/4509/4509
f 4511/4511/4511 4512/4512/4512 4508/4508/4508
f 4511/4511/4511 4513/4513/4513 4512/4512/4512
f 4512/4512/4512 4514/4514/4514 4508/4508/4508
f 4515/4515/4515 4509/4509/4509 4516/4516/4516
f 4515/4515/4515 4514/4514/4514 4512/4512/4512
f 4515/4515/4515 4516/4516/4516 4514/4514/4514
f 4513/4513/4513 4515/4515/4515 4512/4512/4512
f 4520/4520/4520 4509/4509/4509 4515/4515/4515
f 4521/4521/4521 4509/4509/4509 4520/4520/4520
f 4522/4522/4522 4523/4523/4523 4524/4524/4524
f 4527/4527/4527 4529/4529/4529 4523/4523/4523
f 4529/4529/4529 4527/4527/4527 4530/4530/4530
f 4524/4524/4524 4526/4526/4526 4522/4522/4522
f 4532/4532/4532 4529/4529/4529 4530/4530/4530
f 4527/4527/4527 4531/4531/4531 4530/4530/4530
f 4533/4533/4533 4531/4531/4531 4527/4527/4527
f 4522/4522/4522 4525/4525/4525 4523/4523/4523
f 4527/4527/4527 4528/4528/4528 4533/4533/4533
f 4525/4525/4525 4527/4527/4527 4523/4523/4523
f 4525/4525/4525 4528/4528/4528 4527/4527/4527
f 4534/4534/4534 4533/4533/4533 4528/4528/4528
f 4535/4535/4535 4536/4536/4536 4537/4537/4537
f 4538/4538/4538 4537/4537/4537 4536/4536/4536
f 4539/4539/4539 4541/4541/4541 4540/4540/4540
f 4539/4539/4539 4542/4542/4542 4541/4541/4541
f 4537/4537/4537 4539/4539/4539 4540/4540/4540
f 4543/4543/4543 4541/4541/4541 4542/4542/4542
f 4539/4539/4539 4537/4537/4537 4538/4538/4538
f 4544/4544/4544 4541/4541/4541 4543/4543/4543
f 4544/4544/4544 4543/4543/4543 4545/4545/4545
f 4544/4544/4544 4545/4545/4545 4546/4546/4546
f 4547/4547/4547 4546/4546/4546 4545/4545/4545
f 4546/4546/4546 4547/4547/4547 4548/4548/4548
f 4549/4549/4549 4550/4550/4550 4551/4551/4551
f 4549/4549/4549 4552/4552/4552 4550/4550/4550
f 4553/4553/4553 4550/4550/4550 4552/4552/4552
f 4554/4554/4554 4555/4555/4555 4556/4556/4556
f 4555/4555/4555 4554/4554/4554 4557/4557/4557
f 4558/4558/4558 4555/4555/4555 4557/4557/4557
f 4560/4560/4560 4558/4558/4558 4557/4557/4557
f 4558/4558/4558 4559/4559/4559 4555/4555/4555
f 4562/4562/4562 4561/4561/4561 4560/4560/4560
f 4560/4560/4560 4561/4561/4561 4558/4558/4558
f 4563/4563/4563 4564/4564/4564 4565/4565/4565
f 4563/4563/4563 4566/4566/4566 4567/4567/4567
f 4563/4563/4563 4567/4567/4567 4569/4569/4569
f 4567/4567/4567 4566/4566/4566 4568/4568/4568
f 4567/4567/4567 4570/4570/4570 4569/4569/4569
f 4568/4568/4568 4571/4571/4571 4567/4567/4567
f 4567/4567/4567 4571/4571/4571 4570/4570/4570
f 4572/4572/4572 4570/4570/4570 4571/4571/4571
f 4571/4571/4571 4574/4574/4574 4572/4572/4572
f 4570/4570/4570 4572/4572/4572 4573/4573/4573
f 4574/4574/4574 4575/4575/4575 4572/4572/4572
f 4573/4573/4573 4572/4572/4572 4578/4578/4578
f 4574/4574/4574 4576/4576/4576 4575/4575/4575
f 4574/4574/4574 4592/4592/4592 4576/4576/4576
f 4577/4577/4577 4578/4578/4578 4572/4572/4572
f 4572/4572/4572 4575/4575/4575 4577/4577/4577
f 4591/4591/4591 4580/4580/4580 4576/4576/4576
f 4577/4577/4577 4575/4575/4575 4576/4576/4576
f 4576/4576/4576 4580/4580/4580 4577/4577/4577
f 4577/4577/4577 4580/4580/4580 4579/4579/4579
f 4577/4577/4577 4579/4579/4579 4578/4578/4578
f 4586/4586/4586 4580/4580/4580 4591/4591/4591
f 4586/4586/4586 4579/4579/4579 4580/4580/4580
f 4578/4578/4578 4579/4579/4579 4581/4581/4581
f 4578/4578/4578 4581/4581/4581 4583/4583/4583
f 4578/4578/4578 4583/4583/4583 4584/4584/4584
f 4581/4581/4581 4579/4579/4579 4582/4582/4582
f 4582/4582/4582 4579/4579/4579 4585/4585/4585
f 4579/4579/4579 4586/4586/4586 4585/4585/4585
f 4587/4587/4587 4582/4582/4582 4585/4585/4585
f 4588/4588/4588 4585/4585/4585 4586/4586/4586
f 4590/4590/4590 4588/4588/4588 4586/4586/4586
f 4587/4587/4587 4585/4585/4585 4588/4588/4588
f 4588/4588/4588 4589/4589/4589 4587/4587/4587
f 4566/4566/4566 4563/4563/4563 4565/4565/4565
f 4593/4593/4593 4594/4594/4594 4595/4595/4595
f 4594/4594/4594 4601/4601/4601 4602/4602/4602
f 4593/4593/4593 4597/4597/4597 4596/4596/4596
f 4596/4596/4596 4594/4594/4594 4593/4593/4593
f 4601/4601/4601 4600/4600/4600 4599/4599/4599
f 4594/4594/4594 4602/4602/4602 4604/4604/4604
f 4596/4596/4596 4597/4597/4597 4598/4598/4598
f 4598/4598/4598 4599/4599/4599 4596/4596/4596
f 4600/4600/4600 4596/4596/4596 4599/4599/4599
f 4603/4603/4603 4602/4602/4602 4599/4599/4599
f 4601/4601/4601 4599/4599/4599 4602/4602/4602
f 4603/4603/4603 4605/4605/4605 4602/4602/4602
f 4605/4605/4605 4604/4604/4604 4602/4602/4602
f 4606/4606/4606 4607/4607/4607 4608/4608/4608
f 4607/4607/4607 4609/4609/4609 4608/4608/4608
f 4610/4610/4610 4609/4609/4609 4611/4611/4611
f 4610/4610/4610 4611/4611/4611 4612/4612/4612
f 4610/4610/4610 4608/4608/4608 4609/4609/4609
f 4615/4615/4615 4614/4614/4614 4612/4612/4612
f 4610/4610/4610 4612/4612/4612 4613/4613/4613
f 4634/4634/4634 4653/4653/4653 4610/4610/4610
f 4613/4613/4613 4612/4612/4612 4614/4614/4614
f 4613/4613/4613 4641/4641/4641 4610/4610/4610
f 4642/4642/4642 4653/4653/4653 4634/4634/4634
f 4634/4634/4634 4610/4610/4610 4641/4641/4641
f 4614/4614/4614 4616/4616/4616 4613/4613/4613
f 4623/4623/4623 4634/4634/4634 4641/4641/4641
f 4642/4642/4642 4632/4632/4632 4653/4653/4653
f 4641/4641/4641 4613/4613/4613 4617/4617/4617
f 4653/4653/4653 4632/4632/4632 4654/4654/4654
f 4623/4623/4623 4626/4626/4626 4634/4634/4634
f 4642/4642/4642 4634/4634/4634 4626/4626/4626
f 4617/4617/4617 4613/4613/4613 4616/4616/4616
f 4641/4641/4641 4617/4617/4617 4623/4623/4623
f 4632/4632/4632 4655/4655/4655 4654/4654/4654
f 4627/4627/4627 4632/4632/4632 4626/4626/4626
f 4626/4626/4626 4632/4632/4632 4642/4642/4642
f 4632/4632/4632 4656/4656/4656 4655/4655/4655
f 4618/4618/4618 4617/4617/4617 4616/4616/4616
f 4656/4656/4656 4657/4657/4657 4655/4655/4655
f 4619/4619/4619 4617/4617/4617 4618/4618/4618
f 4620/4620/4620 4623/4623/4623 4617/4617/4617
f 4627/4627/4627 4626/4626/4626 4625/4625/4625
f 4623/4623/4623 4625/4625/4625 4626/4626/4626
f 4623/4623/4623 4620/4620/4620 4625/4625/4625
f 4619/4619/4619 4620/4620/4620 4617/4617/4617
f 4628/4628/4628 4627/4627/4627 4625/4625/4625
f 4619/4619/4619 4618/4618/4618 4622/4622/4622
f 4630/4630/4630 4628/4628/4628 4625/4625/4625
f 4620/4620/4620 4619/4619/4619 4621/4621/4621
f 4643/4643/4643 4639/4639/4639 4644/4644/4644
f 4643/4643/4643 4636/4636/4636 4639/4639/4639
f 4628/4628/4628 4629/4629/4629 4627/4627/4627
f 4621/4621/4621 4619/4619/4619 4622/4622/4622
f 4624/4624/4624 4620/4620/4620 4621/4621/4621
f 4630/4630/4630 4625/4625/4625 4631/4631/4631
f 4629/4629/4629 4628/4628/4628 4635/4635/4635
f 4628/4628/4628 4640/4640/4640 4635/4635/4635
f 4635/4635/4635 4636/4636/4636 4629/4629/4629
f 4639/4639/4639 4636/4636/4636 4637/4637/4637
f 4636/4636/4636 4635/4635/4635 4637/4637/4637
f 4633/4633/4633 4628/4628/4628 4630/4630/4630
f 4638/4638/4638 4635/4635/4635 4640/4640/4640
f 4635/4635/4635 4638/4638/4638 4637/4637/4637
f 4630/4630/4630 4631/4631/4631 4645/4645/4645
f 4640/4640/4640 4628/4628/4628 4633/4633/4633
f 4645/4645/4645 4640/4640/4640 4633/4633/4633
f 4661/4661/4661 4662/4662/4662 4663/4663/4663
f 4658/4658/4658 4659/4659/4659 4660/4660/4660
f 4662/4662/4662 4661/4661/4661 4664/4664/4664
f 4662/4662/4662 4665/4665/4665 4663/4663/4663
f 4652/4652/4652 4648/4648/4648 4640/4640/4640
f 4638/4638/4638 4640/4640/4640 4646/4646/4646
f 4683/4683/4683 4682/4682/4682 4679/4679/4679
f 4662/4662/4662 4664/4664/4664 4666/4666/4666
f 4646/4646/4646 4640/4640/4640 4648/4648/4648
f 4676/4676/4676 4679/4679/4679 4678/4678/4678
f 4667/4667/4667 4668/4668/4668 4669/4669/4669
f 4638/4638/4638 4646/4646/4646 4647/4647/4647
f 4676/4676/4676 4678/4678/4678 4674/4674/4674
f 4680/4680/4680 4674/4674/4674 4678/4678/4678
f 4648/4648/4648 4649/4649/4649 4646/4646/4646
f 4648/4648/4648 4650/4650/4650 4649/4649/4649
f 4667/4667/4667 4671/4671/4671 4670/4670/4670
f 4674/4674/4674 4675/4675/4675 4676/4676/4676
f 4682/4682/4682 4681/4681/4681 4679/4679/4679
f 4678/4678/4678 4679/4679/4679 4681/4681/4681
f 4677/4677/4677 4676/4676/4676 4675/4675/4675
f 4671/4671/4671 4672/4672/4672 4670/4670/4670
f 4670/4670/4670 4672/4672/4672 4673/4673/4673
f 4650/4650/4650 4651/4651/4651 4649/4649/4649
f 4670/4670/4670 4668/4668/4668 4667/4667/4667
f 4684/4684/4684 4685/4685/4685 4686/4686/4686
f 4684/4684/4684 4686/4686/4686 4687/4687/4687
f 4686/4686/4686 4688/4688/4688 4687/4687/4687
f 4686/4686/4686 4689/4689/4689 4688/4688/4688
f 4689/4689/4689 4686/4686/4686 4690/4690/4690
f 4688/4688/4688 4689/4689/4689 4691/4691/4691
f 4695/4695/4695 4690/4690/4690 4686/4686/4686
f 4689/4689/4689 4690/4690/4690 4693/4693/4693
f 4690/4690/4690 4695/4695/4695 4693/4693/4693
f 4691/4691/4691 4689/4689/4689 4692/4692/4692
f 4689/4689/4689 4693/4693/4693 4692/4692/4692
f 4692/4692/4692 4693/4693/4693 4694/4694/4694
f 4696/4696/4696 4697/4697/4697 4698/4698/4698
f 4699/4699/4699 4697/4697/4697 4696/4696/4696
f 4700/4700/4700 4697/4697/4697 4699/4699/4699
f 4700/4700/4700 4701/4701/4701 4697/4697/4697
f 4702/4702/4702 4701/4701/4701 4700/4700/4700
f 4702/4702/4702 4703/4703/4703 4701/4701/4701
f 4702/4702/4702 4704/4704/4704 4703/4703/4703
f 4704/4704/4704 4705/4705/4705 4703/4703/4703
f 4706/4706/4706 4705/4705/4705 4704/4704/4704
f 4707/4707/4707 4708/4708/4708 4709/4709/4709
f 4709/4709/4709 4708/4708/4708 4710/4710/4710
f 4710/4710/4710 4712/4712/4712 4709/4709/4709
f 4713/4713/4713 4712/4712/4712 4710/4710/4710
f 4710/4710/4710 4715/4715/4715 4713/4713/4713
f 4714/4714/4714 4712/4712/4712 4713/4713/4713
f 4713/4713/4713 4715/4715/4715 4716/4716/4716
f 4716/4716/4716 4714/4714/4714 4713/4713/4713
f 4716/4716/4716 4718/4718/4718 4714/4714/4714
f 4717/4717/4717 4716/4716/4716 4715/4715/4715
f 4716/4716/4716 4717/4717/4717 4722/4722/4722
f 4719/4719/4719 4718/4718/4718 4716/4716/4716
f 4720/4720/4720 4719/4719/4719 4716/4716/4716
f 4722/4722/4722 4720/4720/4720 4716/4716/4716
f 4720/4720/4720 4721/4721/4721 4719/4719/4719
f 4722/4722/4722 4723/4723/4723 4720/4720/4720
f 4723/4723/4723 4721/4721/4721 4720/4720/4720
f 4723/4723/4723 4722/4722/4722 4724/4724/4724
f 4723/4723/4723 4724/4724/4724 4725/4725/4725
f 4709/4709/4709 4711/4711/4711 4707/4707/4707
f 4726/4726/4726 4727/4727/4727 4728/4728/4728
f 4726/4726/4726 4728/4728/4728 4729/4729/4729
f 4728/4728/4728 4730/4730/4730 4729/4729/4729
f 4728/4728/4728 4731/4731/4731 4730/4730/4730
f 4730/4730/4730 4732/4732/4732 4734/4734/4734
f 4731/4731/4731 4732/4732/4732 4730/4730/4730
f 4731/4731/4731 4733/4733/4733 4732/4732/4732
f 4733/4733/4733 4735/4735/4735 4732/4732/4732
f 4736/4736/4736 4735/4735/4735 4733/4733/4733
f 4737/4737/4737 4738/4738/4738 4739/4739/4739
f 4740/4740/4740 4741/4741/4741 4738/4738/4738
f 4740/4740/4740 4738/4738/4738 4737/4737/4737
f 4742/4742/4742 4743/4743/4743 4744/4744/4744
f 4751/4751/4751 4750/4750/4750 4749/4749/4749
f 4745/4745/4745 4746/4746/4746 4747/4747/4747
f 4748/4748/4748 4749/4749/4749 4750/4750/4750
f 4752/4752/4752 4753/4753/4753 4754/4754/4754
f 4753/4753/4753 4752/4752/4752 4755/4755/4755
f 4755/4755/4755 4752/4752/4752 4756/4756/4756
f 4757/4757/4757 4758/4758/4758 4759/4759/4759
f 4761/4761/4761 4757/4757/4757 4759/4759/4759
f 4766/4766/4766 4760/4760/4760 4757/4757/4757
f 4766/4766/4766 4770/4770/4770 4760/4760/4760
f 4766/4766/4766 4769/4769/4769 4770/4770/4770
f 4762/4762/4762 4757/4757/4757 4761/4761/4761
f 4769/4769/4769 4766/4766/4766 4768/4768/4768
f 4766/4766/4766 4757/4757/4757 4765/4765/4765
f 4765/4765/4765 4768/4768/4768 4766/4766/4766
f 4765/4765/4765 4757/4757/4757 4764/4764/4764
f 4757/4757/4757 4762/4762/4762 4763/4763/4763
f 4757/4757/4757 4763/4763/4763 4764/4764/4764
f 4767/4767/4767 4765/4765/4765 4764/4764/4764
f 4757/4757/4757 4760/4760/4760 4758/4758/4758
f 4771/4771/4771 4772/4772/4772 4773/4773/4773
f 4773/4773/4773 4775/4775/4775 4771/4771/4771
f 4771/4771/4771 4775/4775/4775 4776/4776/4776
f 4778/4778/4778 4780/4780/4780 4779/4779/4779
f 4771/4771/4771 4776/4776/4776 4777/4777/4777
f 4776/4776/4776 4778/4778/4778 4777/4777/4777
f 4778/4778/4778 4779/4779/4779 4777/4777/4777
f 4777/4777/4777 4779/4779/4779 4781/4781/4781
f 4774/4774/4774 4772/4772/4772 4771/4771/4771
f 4782/4782/4782 4777/4777/4777 4781/4781/4781
f 4783/4783/4783 4784/4784/4784 4785/4785/4785
f 4783/4783/4783 4786/4786/4786 4784/4784/4784
f 4787/4787/4787 4783/4783/4783 4785/4785/4785
f 4788/4788/4788 4789/4789/4789 4790/4790/4790
f 4788/4788/4788 4790/4790/4790 4791/4791/4791
f 4792/4792/4792 4793/4793/4793 4794/4794/4794
f 4792/4792/4792 4794/4794/4794 4795/4795/4795
f 4838/4838/4838 4837/4837/4837 4839/4839/4839
f 4825/4825/4825 4827/4827/4827 4829/4829/4829
f 4837/4837/4837 4836/4836/4836 4839/4839/4839
f 4822/4822/4822 4823/4823/4823 4824/4824/4824
f 4799/4799/4799 4803/4803/4803 4804/4804/4804
f 4835/4835/4835 4836/4836/4836 4837/4837/4837
f 4806/4806/4806 4804/4804/4804 4803/4803/4803
f 4799/4799/4799 4800/4800/4800 4801/4801/4801
f 4825/4825/4825 4826/4826/4826 4827/4827/4827
f 4818/4818/4818 4817/4817/4817 4816/4816/4816
f 4796/4796/4796 4797/4797/4797 4798/4798/4798
f 4802/4802/4802 4805/4805/4805 4803/4803/4803
f 4799/4799/4799 4802/4802/4802 4803/4803/4803
f 4799/4799/4799 4801/4801/4801 4802/4802/4802
f 4814/4814/4814 4808/4808/4808 4815/4815/4815
f 4828/4828/4828 4826/4826/4826 4825/4825/4825
f 4831/4831/4831 4833/4833/4833 4832/4832/4832
f 4807/4807/4807 4803/4803/4803 4805/4805/4805
f 4807/4807/4807 4805/4805/4805 4808/4808/4808
f 4830/4830/4830 4831/4831/4831 4832/4832/4832
f 4833/4833/4833 4831/4831/4831 4834/4834/4834
f 4814/4814/4814 4809/4809/4809 4808/4808/4808
f 4809/4809/4809 4807/4807/4807 4808/4808/4808
f 4817/4817/4817 4809/4809/4809 4816/4816/4816
f 4811/4811/4811 4813/4813/4813 4807/4807/4807
f 4816/4816/4816 4809/4809/4809 4814/4814/4814
f 4810/4810/4810 4807/4807/4807 4809/4809/4809
f 4811/4811/4811 4807/4807/4807 4810/4810/4810
f 4812/4812/4812 4811/4811/4811 4810/4810/4810
f 4819/4819/4819 4820/4820/4820 4821/4821/4821
f 4851/4851/4851 4850/4850/4850 4852/4852/4852
f 4850/4850/4850 4851/4851/4851 4846/4846/4846
f 4846/4846/4846 4851/4851/4851 4853/4853/4853
f 4852/4852/4852 4850/4850/4850 4854/4854/4854
f 4855/4855/4855 4846/4846/4846 4853/4853/4853
f 4850/4850/4850 4845/4845/4845 4854/4854/4854
f 4850/4850/4850 4846/4846/4846 4845/4845/4845
f 4846/4846/4846 4855/4855/4855 4848/4848/4848
f 4845/4845/4845 4846/4846/4846 4847/4847/4847
f 4846/4846/4846 4848/4848/4848 4847/4847/4847
f 4845/4845/4845 4844/4844/4844 4854/4854/4854
f 4845/4845/4845 4847/4847/4847 4844/4844/4844
f 4847/4847/4847 4848/4848/4848 4849/4849/4849
f 4856/4856/4856 4849/4849/4849 4848/4848/4848
f 4856/4856/4856 4857/4857/4857 4849/4849/4849
f 4840/4840/4840 4841/4841/4841 4842/4842/4842
f 4842/4842/4842 4844/4844/4844 4840/4840/4840
f 4865/4865/4865 4868/4868/4868 4861/4861/4861
f 4844/4844/4844 4847/4847/4847 4840/4840/4840
f 4843/4843/4843 4841/4841/4841 4840/4840/4840
f 4847/4847/4847 4843/4843/4843 4840/4840/4840
f 4870/4870/4870 4864/4864/4864 4860/4860/4860
f 4847/4847/4847 4849/4849/4849 4843/4843/4843
f 4865/4865/4865 4861/4861/4861 4863/4863/4863
f 4862/4862/4862 4858/4858/4858 4861/4861/4861
f 4859/4859/4859 4870/4870/4870 4860/4860/4860
f 4871/4871/4871 4870/4870/4870 4859/4859/4859
f 4860/4860/4860 4864/4864/4864 4863/4863/4863
f 4858/4858/4858 4859/4859/4859 4860/4860/4860
f 4858/4858/4858 4860/4860/4860 4861/4861/4861
f 4865/4865/4865 4863/4863/4863 4866/4866/4866
f 4861/4861/4861 4860/4860/4860 4863/4863/4863
f 4863/4863/4863 4867/4867/4867 4866/4866/4866
f 4867/4867/4867 4863/4863/4863 4869/4869/4869
f 4872/4872/4872 4873/4873/4873 4874/4874/4874
f 4875/4875/4875 4873/4873/4873 4872/4872/4872
f 4876/4876/4876 4877/4877/4877 4878/4878/4878
f 4877/4877/4877 4879/4879/4879 4878/4878/4878
f 4880/4880/4880 4881/4881/4881 4882/4882/4882
f 4891/4891/4891 4893/4893/4893 4894/4894/4894
f 4887/4887/4887 4891/4891/4891 4882/4882/4882
f 4883/4883/4883 4882/4882/4882 4881/4881/4881
f 4882/4882/4882 4886/4886/4886 4887/4887/4887
f 4886/4886/4886 4882/4882/4882 4884/4884/4884
f 4888/4888/4888 4886/4886/4886 4884/4884/4884
f 4891/4891/4891 4887/4887/4887 4892/4892/4892
f 4893/4893/4893 4891/4891/4891 4892/4892/4892
f 4887/4887/4887 4886/4886/4886 4888/4888/4888
f 4882/4882/4882 4883/4883/4883 4884/4884/4884
f 4888/4888/4888 4884/4884/4884 4885/4885/4885
f 4883/4883/4883 4885/4885/4885 4884/4884/4884
f 4889/4889/4889 4888/4888/4888 4885/4885/4885
f 4888/4888/4888 4889/4889/4889 4890/4890/4890
f 4895/4895/4895 4896/4896/4896 4897/4897/4897
f 4898/4898/4898 4899/4899/4899 4900/4900/4900
f 4901/4901/4901 4902/4902/4902 4903/4903/4903
f 4904/4904/4904 4901/4901/4901 4903/4903/4903
f 4905/4905/4905 4906/4906/4906 4907/4907/4907
f 4908/4908/4908 4905/4905/4905 4909/4909/4909
f 4906/4906/4906 4905/4905/4905 4908/4908/4908
f 4910/4910/4910 4911/4911/4911 4909/4909/4909
f 4910/4910/4910 4909/4909/4909 4905/4905/4905
f 4912/4912/4912 4913/4913/4913 4914/4914/4914
f 4915/4915/4915 4912/4912/4912 4914/4914/4914
f 4916/4916/4916 4917/4917/4917 4918/4918/4918
f 4919/4919/4919 4918/4918/4918 4917/4917/4917
f 4918/4918/4918 4919/4919/4919 4920/4920/4920
f 4919/4919/4919 4921/4921/4921 4920/4920/4920
f 4922/4922/4922 4918/4918/4918 4920/4920/4920
f 4923/4923/4923 4924/4924/4924 4925/4925/4925
f 4924/4924/4924 4923/4923/4923 4926/4926/4926
f 4923/4923/4923 4925/4925/4925 4927/4927/4927
f 4926/4926/4926 4923/4923/4923 4928/4928/4928
f 4929/4929/4929 4930/4930/4930 4931/4931/4931
f 4932/4932/4932 4929/4929/4929 4931/4931/4931
f 4929/4929/4929 4932/4932/4932 4933/4933/4933
f 4935/4935/4935 4934/4934/4934 4933/4933/4933
f 4929/4929/4929 4933/4933/4933 4934/4934/4934
f 4936/4936/4936 4937/4937/4937 4938/4938/4938
f 4939/4939/4939 4940/4940/4940 4941/4941/4941
f 4942/4942/4942 4941/4941/4941 4940/4940/4940
f 4941/4941/4941 4942/4942/4942 4943/4943/4943
f 4943/4943/4943 4942/4942/4942 4944/4944/4944
f 4944/4944/4944 4942/4942/4942 4950/4950/4950
f 4941/4941/4941 4943/4943/4943 4945/4945/4945
f 4947/4947/4947 4941/4941/4941 4945/4945/4945
f 4945/4945/4945 4943/4943/4943 4946/4946/4946
f 4948/4948/4948 4945/4945/4945 4946/4946/4946
f 4948/4948/4948 4946/4946/4946 4949/4949/4949
f 4951/4951/4951 4952/4952/4952 4953/4953/4953
f 4954/4954/4954 4952/4952/4952 4951/4951/4951
f 4955/4955/4955 4956/4956/4956 4957/4957/4957
f 4958/4958/4958 4960/4960/4960 4959/4959/4959
f 4957/4957/4957 4958/4958/4958 4959/4959/4959
f 4959/4959/4959 4961/4961/4961 4957/4957/4957
f 4957/4957/4957 4956/4956/4956 4958/4958/4958
f 4962/4962/4962 4963/4963/4963 4964/4964/4964
f 4964/4964/4964 4965/4965/4965 4962/4962/4962
f 4965/4965/4965 4966/4966/4966 4962/4962/4962
f 4968/4968/4968 4962/4962/4962 4966/4966/4966
f 4967/4967/4967 4966/4966/4966 4965/4965/4965
f 4969/4969/4969 4970/4970/4970 4971/4971/4971
f 4969/4969/4969 4971/4971/4971 4972/4972/4972
f 4969/4969/4969 4972/4972/4972 4973/4973/4973
f 4969/4969/4969 4973/4973/4973 4974/4974/4974
f 4975/4975/4975 4976/4976/4976 4977/4977/4977
f 4980/4980/4980 4975/4975/4975 4979/4979/4979
f 4979/4979/4979 4975/4975/4975 4977/4977/4977
f 4977/4977/4977 4976/4976/4976 4978/4978/4978
f 4981/4981/4981 4982/4982/4982 4983/4983/4983
f 4984/4984/4984 4981/4981/4981 4983/4983/4983
f 4985/4985/4985 4981/4981/4981 4984/4984/4984
f 4986/4986/4986 4984/4984/4984 4983/4983/4983
f 4984/4984/4984 4986/4986/4986 4987/4987/4987
f 4988/4988/4988 4989/4989/4989 4990/4990/4990
f 4988/4988/4988 4990/4990/4990 4991/4991/4991
f 4990/4990/4990 4992/4992/4992 4991/4991/4991
f 4988/4988/4988 4991/4991/4991 4993/4993/4993
f 4994/4994/4994 4993/4993/4993 4991/4991/4991
f 4992/4992/4992 4995/4995/4995 4991/4991/4991
f 4991/4991/4991 4995/4995/4995 4994/4994/4994
f 4995/4995/4995 4992/4992/4992 4999/4999/4999
f 4995/4995/4995 4996/4996/4996 4994/4994/4994
f 4999/4999/4999 4998/4998/4998 4995/4995/4995
f 4997/4997/4997 4995/4995/4995 4998/4998/4998
f 4995/4995/4995 4997/4997/4997 4996/4996/4996
f 4998/4998/4998 5000/5000/5000 4997/4997/4997
f 4998/4998/4998 5001/5001/5001 5000/5000/5000
f 4997/4997/4997 5000/5000/5000 5002/5002/5002
f 5003/5003/5003 4998/4998/4998 4999/4999/4999
f 5002/5002/5002 4998/4998/4998 5003/5003/5003
f 5004/5004/5004 5005/5005/5005 5006/5006/5006
f 5006/5006/5006 5007/5007/5007 5004/5004/5004
f 5008/5008/5008 5007/5007/5007 5006/5006/5006
f 5009/5009/5009 5007/5007/5007 5008/5008/5008
f 5009/5009/5009 5008/5008/5008 5010/5010/5010
f 5010/5010/5010 5011/5011/5011 5009/5009/5009
f 5012/5012/5012 5013/5013/5013 5014/5014/5014
f 5012/5012/5012 5015/5015/5015 5013/5013/5013
f 5017/5017/5017 5015/5015/5015 5012/5012/5012
f 5016/5016/5016 5012/5012/5012 5014/5014/5014
f 5039/5039/5039 5041/5041/5041 5042/5042/5042
f 5043/5043/5043 5044/5044/5044 5041/5041/5041
f 5040/5040/5040 5043/5043/5043 5041/5041/5041
f 5039/5039/5039 5040/5040/5040 5041/5041/5041
f 5040/5040/5040 5039/5039/5039 5038/5038/5038
f 5039/5039/5039 5036/5036/5036 5038/5038/5038
f 5036/5036/5036 5037/5037/5037 5038/5038/5038
f 5037/5037/5037 5045/5045/5045 5038/5038/5038
f 5040/5040/5040 5038/5038/5038 5045/5045/5045
f 5040/5040/5040 5047/5047/5047 5043/5043/5043
f 5045/5045/5045 5046/5046/5046 5040/5040/5040
f 5045/5045/5045 5052/5052/5052 5046/5046/5046
f 5031/5031/5031 5037/5037/5037 5036/5036/5036
f 5050/5050/5050 5046/5046/5046 5052/5052/5052
f 5046/5046/5046 5047/5047/5047 5040/5040/5040
f 5050/5050/5050 5047/5047/5047 5046/5046/5046
f 5049/5049/5049 5050/5050/5050 5051/5051/5051
f 5050/5050/5050 5052/5052/5052 5045/5045/5045
f 5049/5049/5049 5047/5047/5047 5050/5050/5050
f 5048/5048/5048 5045/5045/5045 5037/5037/5037
f 5051/5051/5051 5050/5050/5050 5045/5045/5045
f 5031/5031/5031 5032/5032/5032 5037/5037/5037
f 5022/5022/5022 5020/5020/5020 5024/5024/5024
f 5048/5048/5048 5037/5037/5037 5032/5032/5032
f 5022/5022/5022 5018/5018/5018 5020/5020/5020
f 5031/5031/5031 5028/5028/5028 5032/5032/5032
f 5018/5018/5018 5019/5019/5019 5020/5020/5020
f 5033/5033/5033 5028/5028/5028 5031/5031/5031
f 5048/5048/5048 5032/5032/5032 5030/5030/5030
f 5028/5028/5028 5030/5030/5030 5032/5032/5032
f 5023/5023/5023 5018/5018/5018 5022/5022/5022
f 5028/5028/5028 5029/5029/5029 5030/5030/5030
f 5028/5028/5028 5035/5035/5035 5029/5029/5029
f 5034/5034/5034 5035/5035/5035 5028/5028/5028
f 5033/5033/5033 5034/5034/5034 5028/5028/5028
f 5021/5021/5021 5019/5019/5019 5018/5018/5018
f 5021/5021/5021 5018/5018/5018 5026/5026/5026
f 5019/5019/5019 5025/5025/5025 5027/5027/5027
f 5025/5025/5025 5019/5019/5019 5021/5021/5021
f 5053/5053/5053 5054/5054/5054 5055/5055/5055
f 5054/5054/5054 5057/5057/5057 5060/5060/5060
f 5056/5056/5056 5054/5054/5054 5053/5053/5053
f 5053/5053/5053 5058/5058/5058 5056/5056/5056
f 5057/5057/5057 5054/5054/5054 5056/5056/5056
f 5058/5058/5058 5059/5059/5059 5056/5056/5056
f 5061/5061/5061 5062/5062/5062 5063/5063/5063
f 5064/5064/5064 5062/5062/5062 5061/5061/5061
f 5065/5065/5065 5062/5062/5062 5064/5064/5064
f 5066/5066/5066 5065/5065/5065 5064/5064/5064
f 5067/5067/5067 5068/5068/5068 5069/5069/5069
f 5070/5070/5070 5067/5067/5067 5069/5069/5069
f 5071/5071/5071 5072/5072/5072 5073/5073/5073
f 5077/5077/5077 5073/5073/5073 5075/5075/5075
f 5073/5073/5073 5072/5072/5072 5074/5074/5074
f 5074/5074/5074 5075/5075/5075 5073/5073/5073
f 5075/5075/5075 5074/5074/5074 5076/5076/5076
f 5076/5076/5076 5074/5074/5074 5078/5078/5078
f 5075/5075/5075 5076/5076/5076 5079/5079/5079
f 5078/5078/5078 5082/5082/5082 5076/5076/5076
f 5076/5076/5076 5080/5080/5080 5079/5079/5079
f 5076/5076/5076 5081/5081/5081 5080/5080/5080
f 5082/5082/5082 5081/5081/5081 5076/5076/5076
f 5083/5083/5083 5084/5084/5084 5085/5085/5085
f 5086/5086/5086 5084/5084/5084 5087/5087/5087
f 5086/5086/5086 5085/5085/5085 5084/5084/5084
f 5088/5088/5088 5089/5089/5089 5090/5090/5090
f 5089/5089/5089 5088/5088/5088 5091/5091/5091
f 5089/5089/5089 5092/5092/5092 5090/5090/5090
f 5093/5093/5093 5095/5095/5095 5092/5092/5092
f 5095/5095/5095 5093/5093/5093 5096/5096/5096
f 5089/5089/5089 5093/5093/5093 5092/5092/5092
f 5091/5091/5091 5094/5094/5094 5089/5089/5089
f 5097/5097/5097 5096/5096/5096 5093/5093/5093
f 5094/5094/5094 5093/5093/5093 5089/5089/5089
f 5093/5093/5093 5098/5098/5098 5097/5097/5097
f 5097/5097/5097 5100/5100/5100 5101/5101/5101
f 5094/5094/5094 5098/5098/5098 5093/5093/5093
f 5099/5099/5099 5097/5097/5097 5098/5098/5098
f 5098/5098/5098 5094/5094/5094 5111/5111/5111
f 5100/5100/5100 5106/5106/5106 5101/5101/5101
f 5100/5100/5100 5097/5097/5097 5099/5099/5099
f 5102/5102/5102 5100/5100/5100 5099/5099/5099
f 5102/5102/5102 5103/5103/5103 5100/5100/5100
f 5100/5100/5100 5104/5104/5104 5106/5106/5106
f 5103/5103/5103 5104/5104/5104 5100/5100/5100
f 5108/5108/5108 5105/5105/5105 5103/5103/5103
f 5107/5107/5107 5104/5104/5104 5105/5105/5105
f 5105/5105/5105 5104/5104/5104 5103/5103/5103
f 5109/5109/5109 5104/5104/5104 5107/5107/5107
f 5107/5107/5107 5110/5110/5110 5109/5109/5109
f 5112/5112/5112 5113/5113/5113 5114/5114/5114
f 5112/5112/5112 5114/5114/5114 5115/5115/5115
f 5114/5114/5114 5118/5118/5118 5116/5116/5116
f 5115/5115/5115 5114/5114/5114 5116/5116/5116
f 5117/5117/5117 5112/5112/5112 5115/5115/5115
f 5119/5119/5119 5120/5120/5120 5121/5121/5121
f 5119/5119/5119 5121/5121/5121 5122/5122/5122
f 5119/5119/5119 5122/5122/5122 5123/5123/5123
f 5124/5124/5124 5125/5125/5125 5126/5126/5126
f 5127/5127/5127 5141/5141/5141 5144/5144/5144
f 5126/5126/5126 5128/5128/5128 5130/5130/5130
f 5125/5125/5125 5128/5128/5128 5126/5126/5126
f 5127/5127/5127 5125/5125/5125 5124/5124/5124
f 5144/5144/5144 5125/5125/5125 5127/5127/5127
f 5130/5130/5130 5131/5131/5131 5132/5132/5132
f 5142/5142/5142 5140/5140/5140 5143/5143/5143
f 5131/5131/5131 5130/5130/5130 5128/5128/5128
f 5133/5133/5133 5139/5139/5139 5138/5138/5138
f 5131/5131/5131 5128/5128/5128 5133/5133/5133
f 5140/5140/5140 5139/5139/5139 5141/5141/5141
f 5133/5133/5133 5134/5134/5134 5131/5131/5131
f 5138/5138/5138 5139/5139/5139 5140/5140/5140
f 5136/5136/5136 5134/5134/5134 5137/5137/5137
f 5133/5133/5133 5129/5129/5129 5139/5139/5139
f 5128/5128/5128 5125/5125/5125 5129/5129/5129
f 5144/5144/5144 5129/5129/5129 5125/5125/5125
f 5138/5138/5138 5135/5135/5135 5133/5133/5133
f 5128/5128/5128 5129/5129/5129 5133/5133/5133
f 5136/5136/5136 5131/5131/5131 5134/5134/5134
f 5134/5134/5134 5133/5133/5133 5135/5135/5135
f 5142/5142/5142 5138/5138/5138 5140/5140/5140
f 5139/5139/5139 5129/5129/5129 5141/5141/5141
f 5129/5129/5129 5144/5144/5144 5141/5141/5141
f 5145/5145/5145 5146/5146/5146 5147/5147/5147
f 5157/5157/5157 5166/5166/5166 5159/5159/5159
f 5159/5159/5159 5158/5158/5158 5157/5157/5157
f 5157/5157/5157 5156/5156/5156 5148/5148/5148
f 5157/5157/5157 5158/5158/5158 5156/5156/5156
f 5165/5165/5165 5166/5166/5166 5168/5168/5168
f 5147/5147/5147 5146/5146/5146 5148/5148/5148
f 5159/5159/5159 5166/5166/5166 5165/5165/5165
f 5156/5156/5156 5147/5147/5147 5148/5148/5148
f 5149/5149/5149 5145/5145/5145 5147/5147/5147
f 5147/5147/5147 5150/5150/5150 5149/5149/5149
f 5158/5158/5158 5160/5160/5160 5156/5156/5156
f 5164/5164/5164 5165/5165/5165 5167/5167/5167
f 5164/5164/5164 5159/5159/5159 5165/5165/5165
f 5159/5159/5159 5160/5160/5160 5158/5158/5158
f 5149/5149/5149 5150/5150/5150 5152/5152/5152
f 5156/5156/5156 5151/5151/5151 5147/5147/5147
f 5160/5160/5160 5161/5161/5161 5156/5156/5156
f 5147/5147/5147 5151/5151/5151 5150/5150/5150
f 5152/5152/5152 5150/5150/5150 5153/5153/5153
f 5160/5160/5160 5162/5162/5162 5161/5161/5161
f 5164/5164/5164 5163/5163/5163 5159/5159/5159
f 5160/5160/5160 5159/5159/5159 5163/5163/5163
f 5162/5162/5162 5160/5160/5160 5163/5163/5163
f 5151/5151/5151 5154/5154/5154 5150/5150/5150
f 5150/5150/5150 5154/5154/5154 5153/5153/5153
f 5151/5151/5151 5155/5155/5155 5154/5154/5154
f 5169/5169/5169 5170/5170/5170 5171/5171/5171
f 5172/5172/5172 5169/5169/5169 5171/5171/5171
f 5173/5173/5173 5172/5172/5172 5171/5171/5171
f 5171/5171/5171 5174/5174/5174 5173/5173/5173
f 5174/5174/5174 5171/5171/5171 5175/5175/5175
f 5177/5177/5177 5174/5174/5174 5175/5175/5175
f 5176/5176/5176 5173/5173/5173 5174/5174/5174
f 5179/5179/5179 5181/5181/5181 5176/5176/5176
f 5176/5176/5176 5174/5174/5174 5177/5177/5177
f 5177/5177/5177 5178/5178/5178 5176/5176/5176
f 5179/5179/5179 5178/5178/5178 5180/5180/5180
f 5178/5178/5178 5179/5179/5179 5176/5176/5176
f 5181/5181/5181 5179/5179/5179 5182/5182/5182
f 5179/5179/5179 5180/5180/5180 5183/5183/5183
f 5179/5179/5179 5183/5183/5183 5182/5182/5182
f 5181/5181/5181 5182/5182/5182 5184/5184/5184
f 5185/5185/5185 5184/5184/5184 5182/5182/5182
f 5182/5182/5182 5183/5183/5183 5186/5186/5186
f 5187/5187/5187 5182/5182/5182 5186/5186/5186
f 5188/5188/5188 5189/5189/5189 5190/5190/5190
f 5188/5188/5188 5190/5190/5190 5191/5191/5191
f 5192/5192/5192 5188/5188/5188 5191/5191/5191
f 5193/5193/5193 5192/5192/5192 5191/5191/5191
f 5193/5193/5193 5191/5191/5191 5194/5194/5194
f 5195/5195/5195 5193/5193/5193 5194/5194/5194
f 5196/5196/5196 5193/5193/5193 5195/5195/5195
f 5196/5196/5196 5197/5197/5197 5193/5193/5193
f 5198/5198/5198 5199/5199/5199 5200/5200/5200
f 5202/5202/5202 5198/5198/5198 5200/5200/5200
f 5202/5202/5202 5205/5205/5205 5207/5207/5207
f 5203/5203/5203 5205/5205/5205 5202/5202/5202
f 5200/5200/5200 5203/5203/5203 5202/5202/5202
f 5199/5199/5199 5201/5201/5201 5200/5200/5200
f 5206/5206/5206 5205/5205/5205 5203/5203/5203
f 5200/5200/5200 5204/5204/5204 5203/5203/5203
f 5201/5201/5201 5204/5204/5204 5200/5200/5200
f 5201/5201/5201 5199/5199/5199 5213/5213/5213
f 5211/5211/5211 5201/5201/5201 5213/5213/5213
f 5208/5208/5208 5206/5206/5206 5203/5203/5203
f 5204/5204/5204 5208/5208/5208 5203/5203/5203
f 5211/5211/5211 5209/5209/5209 5201/5201/5201
f 5211/5211/5211 5213/5213/5213 5214/5214/5214
f 5209/5209/5209 5204/5204/5204 5201/5201/5201
f 5214/5214/5214 5216/5216/5216 5215/5215/5215
f 5209/5209/5209 5210/5210/5210 5204/5204/5204
f 5210/5210/5210 5209/5209/5209 5212/5212/5212
f 5211/5211/5211 5212/5212/5212 5209/5209/5209
f 5215/5215/5215 5211/5211/5211 5214/5214/5214
f 5215/5215/5215 5212/5212/5212 5211/5211/5211
f 5210/5210/5210 5212/5212/5212 5217/5217/5217
f 5218/5218/5218 5210/5210/5210 5217/5217/5217
f 5218/5218/5218 5217/5217/5217 5219/5219/5219
f 5220/5220/5220 5218/5218/5218 5219/5219/5219
f 5224/5224/5224 5221/5221/5221 5223/5223/5223
f 5221/5221/5221 5218/5218/5218 5220/5220/5220
f 5221/5221/5221 5220/5220/5220 5223/5223/5223
f 5226/5226/5226 5225/5225/5225 5224/5224/5224
f 5221/5221/5221 5222/5222/5222 5218/5218/5218
f 5225/5225/5225 5221/5221/5221 5224/5224/5224
f 5225/5225/5225 5222/5222/5222 5221/5221/5221
f 5225/5225/5225 5226/5226/5226 5227/5227/5227
f 5222/5222/5222 5225/5225/5225 5227/5227/5227
f 5247/5247/5247 5248/5248/5248 5246/5246/5246
f 5255/5255/5255 5256/5256/5256 5257/5257/5257
f 5256/5256/5256 5255/5255/5255 5258/5258/5258
f 5239/5239/5239 5240/5240/5240 5241/5241/5241
f 5242/5242/5242 5239/5239/5239 5241/5241/5241
f 5247/5247/5247 5237/5237/5237 5245/5245/5245
f 5259/5259/5259 5255/5255/5255 5257/5257/5257
f 5241/5241/5241 5252/5252/5252 5242/5242/5242
f 5232/5232/5232 5229/5229/5229 5235/5235/5235
f 5229/5229/5229 5232/5232/5232 5230/5230/5230
f 5244/5244/5244 5245/5245/5245 5237/5237/5237
f 5242/5242/5242 5244/5244/5244 5237/5237/5237
f 5243/5243/5243 5239/5239/5239 5242/5242/5242
f 5242/5242/5242 5237/5237/5237 5236/5236/5236
f 5243/5243/5243 5242/5242/5242 5236/5236/5236
f 5246/5246/5246 5237/5237/5237 5247/5247/5247
f 5249/5249/5249 5243/5243/5243 5236/5236/5236
f 5233/5233/5233 5235/5235/5235 5229/5229/5229
f 5238/5238/5238 5237/5237/5237 5246/5246/5246
f 5251/5251/5251 5243/5243/5243 5249/5249/5249
f 5236/5236/5236 5237/5237/5237 5238/5238/5238
f 5228/5228/5228 5229/5229/5229 5230/5230/5230
f 5233/5233/5233 5229/5229/5229 5234/5234/5234
f 5228/5228/5228 5231/5231/5231 5229/5229/5229
f 5249/5249/5249 5236/5236/5236 5238/5238/5238
f 5250/5250/5250 5238/5238/5238 5253/5253/5253
f 5234/5234/5234 5229/5229/5229 5231/5231/5231
f 5249/5249/5249 5238/5238/5238 5250/5250/5250
f 5250/5250/5250 5253/5253/5253 5254/5254/5254
f 5260/5260/5260 5261/5261/5261 5262/5262/5262
f 5281/5281/5281 5284/5284/5284 5285/5285/5285
f 5286/5286/5286 5287/5287/5287 5284/5284/5284
f 5281/5281/5281 5283/5283/5283 5284/5284/5284
f 5283/5283/5283 5286/5286/5286 5284/5284/5284
f 5281/5281/5281 5280/5280/5280 5283/5283/5283
f 5280/5280/5280 5286/5286/5286 5283/5283/5283
f 5280/5280/5280 5288/5288/5288 5286/5286/5286
f 5280/5280/5280 5281/5281/5281 5282/5282/5282
f 5282/5282/5282 5289/5289/5289 5280/5280/5280
f 5282/5282/5282 5290/5290/5290 5289/5289/5289
f 5280/5280/5280 5289/5289/5289 5288/5288/5288
f 5289/5289/5289 5292/5292/5292 5288/5288/5288
f 5295/5295/5295 5294/5294/5294 5289/5289/5289
f 5290/5290/5290 5295/5295/5295 5289/5289/5289
f 5289/5289/5289 5294/5294/5294 5292/5292/5292
f 5288/5288/5288 5291/5291/5291 5293/5293/5293
f 5291/5291/5291 5288/5288/5288 5292/5292/5292
f 5296/5296/5296 5292/5292/5292 5294/5294/5294
f 5295/5295/5295 5296/5296/5296 5294/5294/5294
f 5268/5268/5268 5274/5274/5274 5276/5276/5276
f 5324/5324/5324 5323/5323/5323 5322/5322/5322
f 5274/5274/5274 5295/5295/5295 5290/5290/5290
f 5269/5269/5269 5266/5266/5266 5271/5271/5271
f 5326/5326/5326 5324/5324/5324 5322/5322/5322
f 5321/5321/5321 5322/5322/5322 5323/5323/5323
f 5263/5263/5263 5266/5266/5266 5269/5269/5269
f 5296/5296/5296 5295/5295/5295 5274/5274/5274
f 5263/5263/5263 5265/5265/5265 5266/5266/5266
f 5296/5296/5296 5274/5274/5274 5318/5318/5318
f 5272/5272/5272 5275/5275/5275 5274/5274/5274
f 5327/5327/5327 5326/5326/5326 5328/5328/5328
f 5318/5318/5318 5274/5274/5274 5275/5275/5275
f 5272/5272/5272 5274/5274/5274 5268/5268/5268
f 5325/5325/5325 5324/5324/5324 5326/5326/5326
f 5263/5263/5263 5264/5264/5264 5265/5265/5265
f 5325/5325/5325 5326/5326/5326 5327/5327/5327
f 5320/5320/5320 5318/5318/5318 5319/5319/5319
f 5269/5269/5269 5270/5270/5270 5263/5263/5263
f 5277/5277/5277 5275/5275/5275 5272/5272/5272
f 5310/5310/5310 5313/5313/5313 5314/5314/5314
f 5317/5317/5317 5318/5318/5318 5275/5275/5275
f 5267/5267/5267 5268/5268/5268 5264/5264/5264
f 5309/5309/5309 5310/5310/5310 5314/5314/5314
f 5267/5267/5267 5272/5272/5272 5268/5268/5268
f 5267/5267/5267 5264/5264/5264 5263/5263/5263
f 5270/5270/5270 5267/5267/5267 5263/5263/5263
f 5277/5277/5277 5278/5278/5278 5275/5275/5275
f 5319/5319/5319 5318/5318/5318 5316/5316/5316
f 5316/5316/5316 5318/5318/5318 5317/5317/5317
f 5273/5273/5273 5272/5272/5272 5267/5267/5267
f 5273/5273/5273 5277/5277/5277 5272/5272/5272
f 5279/5279/5279 5278/5278/5278 5277/5277/5277
f 5273/5273/5273 5267/5267/5267 5302/5302/5302
f 5302/5302/5302 5277/5277/5277 5273/5273/5273
f 5316/5316/5316 5305/5305/5305 5309/5309/5309
f 5310/5310/5310 5309/5309/5309 5307/5307/5307
f 5313/5313/5313 5310/5310/5310 5311/5311/5311
f 5301/5301/5301 5277/5277/5277 5302/5302/5302
f 5310/5310/5310 5307/5307/5307 5311/5311/5311
f 5305/5305/5305 5316/5316/5316 5317/5317/5317
f 5300/5300/5300 5301/5301/5301 5302/5302/5302
f 5279/5279/5279 5277/5277/5277 5305/5305/5305
f 5309/5309/5309 5305/5305/5305 5307/5307/5307
f 5305/5305/5305 5277/5277/5277 5301/5301/5301
f 5300/5300/5300 5297/5297/5297 5301/5301/5301
f 5305/5305/5305 5301/5301/5301 5308/5308/5308
f 5297/5297/5297 5300/5300/5300 5298/5298/5298
f 5301/5301/5301 5303/5303/5303 5304/5304/5304
f 5297/5297/5297 5303/5303/5303 5301/5301/5301
f 5307/5307/5307 5305/5305/5305 5308/5308/5308
f 5308/5308/5308 5301/5301/5301 5306/5306/5306
f 5329/5329/5329 5330/5330/5330 5331/5331/5331
f 5297/5297/5297 5298/5298/5298 5299/5299/5299
f 5306/5306/5306 5303/5303/5303 5297/5297/5297
f 5299/5299/5299 5315/5315/5315 5297/5297/5297
f 5306/5306/5306 5297/5297/5297 5312/5312/5312
f 5312/5312/5312 5297/5297/5297 5315/5315/5315
f 5308/5308/5308 5306/5306/5306 5312/5312/5312
f 5332/5332/5332 5333/5333/5333 5334/5334/5334
f 5333/5333/5333 5332/5332/5332 5335/5335/5335
f 5336/5336/5336 5337/5337/5337 5335/5335/5335
f 5336/5336/5336 5335/5335/5335 5332/5332/5332
f 5338/5338/5338 5336/5336/5336 5332/5332/5332
f 5338/5338/5338 5339/5339/5339 5336/5336/5336
f 5338/5338/5338 5340/5340/5340 5339/5339/5339
f 5340/5340/5340 5342/5342/5342 5339/5339/5339
f 5339/5339/5339 5341/5341/5341 5336/5336/5336
f 5342/5342/5342 5341/5341/5341 5339/5339/5339
f 5342/5342/5342 5343/5343/5343 5341/5341/5341
f 5342/5342/5342 5344/5344/5344 5343/5343/5343
f 5345/5345/5345 5346/5346/5346 5347/5347/5347
f 5348/5348/5348 5345/5345/5345 5347/5347/5347
f 5348/5348/5348 5349/5349/5349 5345/5345/5345
f 5350/5350/5350 5349/5349/5349 5348/5348/5348
f 5359/5359/5359 5361/5361/5361 5360/5360/5360
f 5359/5359/5359 5360/5360/5360 5357/5357/5357
f 5362/5362/5362 5357/5357/5357 5360/5360/5360
f 5357/5357/5357 5358/5358/5358 5359/5359/5359
f 5360/5360/5360 5364/5364/5364 5362/5362/5362
f 5355/5355/5355 5356/5356/5356 5351/5351/5351
f 5365/5365/5365 5367/5367/5367 5368/5368/5368
f 5365/5365/5365 5366/5366/5366 5367/5367/5367
f 5370/5370/5370 5371/5371/5371 5372/5372/5372
f 5351/5351/5351 5353/5353/5353 5355/5355/5355
f 5363/5363/5363 5362/5362/5362 5364/5364/5364
f 5366/5366/5366 5369/5369/5369 5367/5367/5367
f 5354/5354/5354 5353/5353/5353 5352/5352/5352
f 5351/5351/5351 5352/5352/5352 5353/5353/5353
f 5373/5373/5373 5374/5374/5374 5375/5375/5375
f 5373/5373/5373 5376/5376/5376 5374/5374/5374
f 5377/5377/5377 5378/5378/5378 5379/5379/5379
f 5378/5378/5378 5380/5380/5380 5381/5381/5381
f 5377/5377/5377 5380/5380/5380 5378/5378/5378
f 5381/5381/5381 5380/5380/5380 5382/5382/5382
f 5383/5383/5383 5384/5384/5384 5385/5385/5385
f 5386/5386/5386 5385/5385/5385 5384/5384/5384
f 5383/5383/5383 5385/5385/5385 5387/5387/5387
f 5388/5388/5388 5387/5387/5387 5385/5385/5385
f 5389/5389/5389 5387/5387/5387 5388/5388/5388
f 5396/5396/5396 5398/5398/5398 5397/5397/5397
f 5396/5396/5396 5397/5397/5397 5394/5394/5394
f 5395/5395/5395 5396/5396/5396 5394/5394/5394
f 5392/5392/5392 5394/5394/5394 5399/5399/5399
f 5392/5392/5392 5393/5393/5393 5394/5394/5394
f 5395/5395/5395 5394/5394/5394 5393/5393/5393
f 5391/5391/5391 5393/5393/5393 5392/5392/5392
f 5403/5403/5403 5401/5401/5401 5400/5400/5400
f 5400/5400/5400 5401/5401/5401 5402/5402/5402
f 5390/5390/5390 5391/5391/5391 5392/5392/5392
f 5404/5404/5404 5405/5405/5405 5406/5406/5406
f 5407/5407/5407 5408/5408/5408 5409/5409/5409
f 5444/5444/5444 5410/5410/5410 5407/5407/5407
f 5408/5408/5408 5407/5407/5407 5410/5410/5410
f 5408/5408/5408 5410/5410/5410 5437/5437/5437
f 5408/5408/5408 5437/5437/5437 5412/5412/5412
f 5412/5412/5412 5411/5411/5411 5408/5408/5408
f 5420/5420/5420 5413/5413/5413 5419/5419/5419
f 5408/5408/5408 5411/5411/5411 5409/5409/5409
f 5411/5411/5411 5413/5413/5413 5409/5409/5409
f 5412/5412/5412 5414/5414/5414 5411/5411/5411
f 5417/5417/5417 5419/5419/5419 5413/5413/5413
f 5411/5411/5411 5414/5414/5414 5413/5413/5413
f 5412/5412/5412 5437/5437/5437 5434/5434/5434
f 5415/5415/5415 5417/5417/5417 5413/5413/5413
f 5412/5412/5412 5434/5434/5434 5423/5423/5423
f 5414/5414/5414 5412/5412/5412 5423/5423/5423
f 5413/5413/5413 5414/5414/5414 5415/5415/5415
f 5417/5417/5417 5415/5415/5415 5418/5418/5418
f 5416/5416/5416 5415/5415/5415 5414/5414/5414
f 5425/5425/5425 5434/5434/5434 5436/5436/5436
f 5434/5434/5434 5425/5425/5425 5423/5423/5423
f 5422/5422/5422 5414/5414/5414 5423/5423/5423
f 5414/5414/5414 5422/5422/5422 5416/5416/5416
f 5418/5418/5418 5415/5415/5415 5421/5421/5421
f 5429/5429/5429 5428/5428/5428 5426/5426/5426
f 5428/5428/5428 5422/5422/5422 5426/5426/5426
f 5438/5438/5438 5436/5436/5436 5434/5434/5434
f 5429/5429/5429 5426/5426/5426 5430/5430/5430
f 5430/5430/5430 5426/5426/5426 5427/5427/5427
f 5422/5422/5422 5423/5423/5423 5424/5424/5424
f 5422/5422/5422 5424/5424/5424 5426/5426/5426
f 5431/5431/5431 5429/5429/5429 5430/5430/5430
f 5431/5431/5431 5432/5432/5432 5429/5429/5429
f 5425/5425/5425 5436/5436/5436 5439/5439/5439
f 5424/5424/5424 5423/5423/5423 5425/5425/5425
f 5424/5424/5424 5427/5427/5427 5426/5426/5426
f 5440/5440/5440 5425/5425/5425 5439/5439/5439
f 5425/5425/5425 5435/5435/5435 5424/5424/5424
f 5430/5430/5430 5427/5427/5427 5433/5433/5433
f 5439/5439/5439 5436/5436/5436 5438/5438/5438
f 5439/5439/5439 5438/5438/5438 5441/5441/5441
f 5441/5441/5441 5438/5438/5438 5443/5443/5443
f 5439/5439/5439 5441/5441/5441 5440/5440/5440
f 5441/5441/5441 5442/5442/5442 5440/5440/5440
f 5441/5441/5441 5443/5443/5443 5442/5442/5442
f 5461/5461/5461 5462/5462/5462 5463/5463/5463
f 5453/5453/5453 5452/5452/5452 5455/5455/5455
f 5463/5463/5463 5466/5466/5466 5465/5465/5465
f 5463/5463/5463 5465/5465/5465 5461/5461/5461
f 5461/5461/5461 5464/5464/5464 5462/5462/5462
f 5465/5465/5465 5467/5467/5467 5461/5461/5461
f 5461/5461/5461 5469/5469/5469 5464/5464/5464
f 5452/5452/5452 5453/5453/5453 5448/5448/5448
f 5448/5448/5448 5445/5445/5445 5452/5452/5452
f 5469/5469/5469 5471/5471/5471 5464/5464/5464
f 5448/5448/5448 5446/5446/5446 5445/5445/5445
f 5466/5466/5466 5475/5475/5475 5465/5465/5465
f 5453/5453/5453 5454/5454/5454 5448/5448/5448
f 5447/5447/5447 5446/5446/5446 5449/5449/5449
f 5447/5447/5447 5449/5449/5449 5451/5451/5451
f 5467/5467/5467 5469/5469/5469 5461/5461/5461
f 5445/5445/5445 5446/5446/5446 5447/5447/5447
f 5465/5465/5465 5475/5475/5475 5468/5468/5468
f 5467/5467/5467 5465/5465/5465 5468/5468/5468
f 5469/5469/5469 5470/5470/5470 5471/5471/5471
f 5469/5469/5469 5467/5467/5467 5470/5470/5470
f 5446/5446/5446 5450/5450/5450 5449/5449/5449
f 5467/5467/5467 5468/5468/5468 5473/5473/5473
f 5458/5458/5458 5459/5459/5459 5460/5460/5460
f 5475/5475/5475 5476/5476/5476 5468/5468/5468
f 5473/5473/5473 5470/5470/5470 5467/5467/5467
f 5477/5477/5477 5478/5478/5478 5479/5479/5479
f 5456/5456/5456 5450/5450/5450 5457/5457/5457
f 5473/5473/5473 5474/5474/5474 5472/5472/5472
f 5449/5449/5449 5450/5450/5450 5456/5456/5456
f 5470/5470/5470 5472/5472/5472 5471/5471/5471
f 5470/5470/5470 5473/5473/5473 5472/5472/5472
f 5480/5480/5480 5481/5481/5481 5482/5482/5482
f 5480/5480/5480 5482/5482/5482 5484/5484/5484
f 5484/5484/5484 5486/5486/5486 5480/5480/5480
f 5483/5483/5483 5482/5482/5482 5481/5481/5481
f 5482/5482/5482 5485/5485/5485 5484/5484/5484
f 5483/5483/5483 5500/5500/5500 5482/5482/5482
f 5488/5488/5488 5490/5490/5490 5487/5487/5487
f 5486/5486/5486 5484/5484/5484 5487/5487/5487
f 5485/5485/5485 5488/5488/5488 5487/5487/5487
f 5489/5489/5489 5488/5488/5488 5485/5485/5485
f 5485/5485/5485 5487/5487/5487 5484/5484/5484
f 5485/5485/5485 5482/5482/5482 5499/5499/5499
f 5499/5499/5499 5482/5482/5482 5500/5500/5500
f 5490/5490/5490 5488/5488/5488 5491/5491/5491
f 5489/5489/5489 5485/5485/5485 5499/5499/5499
f 5502/5502/5502 5500/5500/5500 5483/5483/5483
f 5489/5489/5489 5499/5499/5499 5498/5498/5498
f 5500/5500/5500 5498/5498/5498 5499/5499/5499
f 5502/5502/5502 5501/5501/5501 5500/5500/5500
f 5500/5500/5500 5501/5501/5501 5498/5498/5498
f 5492/5492/5492 5489/5489/5489 5498/5498/5498
f 5503/5503/5503 5504/5504/5504 5505/5505/5505
f 5505/5505/5505 5507/5507/5507 5503/5503/5503
f 5506/5506/5506 5504/5504/5504 5503/5503/5503
f 5506/5506/5506 5509/5509/5509 5504/5504/5504
f 5508/5508/5508 5506/5506/5506 5507/5507/5507
f 5492/5492/5492 5493/5493/5493 5494/5494/5494
f 5492/5492/5492 5498/5498/5498 5497/5497/5497
f 5507/5507/5507 5506/5506/5506 5503/5503/5503
f 5492/5492/5492 5497/5497/5497 5496/5496/5496
f 5496/5496/5496 5495/5495/5495 5492/5492/5492
f 5495/5495/5495 5493/5493/5493 5492/5492/5492
f 5510/5510/5510 5511/5511/5511 5512/5512/5512
f 5511/5511/5511 5514/5514/5514 5516/5516/5516
f 5514/5514/5514 5511/5511/5511 5510/5510/5510
f 5515/5515/5515 5514/5514/5514 5510/5510/5510
f 5520/5520/5520 5516/5516/5516 5514/5514/5514
f 5510/5510/5510 5512/5512/5512 5513/5513/5513
f 5518/5518/5518 5514/5514/5514 5515/5515/5515
f 5521/5521/5521 5522/5522/5522 5523/5523/5523
f 5520/5520/5520 5519/5519/5519 5517/5517/5517
f 5517/5517/5517 5510/5510/5510 5513/5513/5513
f 5517/5517/5517 5519/5519/5519 5510/5510/5510
f 5524/5524/5524 5525/5525/5525 5526/5526/5526
f 5533/5533/5533 5528/5528/5528 5529/5529/5529
f 5529/5529/5529 5528/5528/5528 5527/5527/5527
f 5530/5530/5530 5528/5528/5528 5531/5531/5531
f 5530/5530/5530 5525/5525/5525 5528/5528/5528
f 5527/5527/5527 5528/5528/5528 5525/5525/5525
f 5527/5527/5527 5525/5525/5525 5524/5524/5524
f 5529/5529/5529 5527/5527/5527 5534/5534/5534
f 5530/5530/5530 5531/5531/5531 5532/5532/5532
f 5529/5529/5529 5535/5535/5535 5533/5533/5533
f 5529/5529/5529 5536/5536/5536 5535/5535/5535
f 5537/5537/5537 5538/5538/5538 5539/5539/5539
f 5540/5540/5540 5539/5539/5539 5538/5538/5538
f 5539/5539/5539 5540/5540/5540 5541/5541/5541
f 5540/5540/5540 5544/5544/5544 5541/5541/5541
f 5542/5542/5542 5538/5538/5538 5543/5543/5543
f 5538/5538/5538 5542/5542/5542 5540/5540/5540
f 5540/5540/5540 5542/5542/5542 5544/5544/5544
f 5556/5556/5556 5559/5559/5559 5557/5557/5557
f 5556/5556/5556 5557/5557/5557 5558/5558/5558
f 5552/5552/5552 5553/5553/5553 5551/5551/5551
f 5552/5552/5552 5554/5554/5554 5553/5553/5553
f 5551/5551/5551 5547/5547/5547 5552/5552/5552
f 5550/5550/5550 5547/5547/5547 5548/5548/5548
f 5551/5551/5551 5545/5545/5545 5547/5547/5547
f 5545/5545/5545 5546/5546/5546 5547/5547/5547
f 5548/5548/5548 5547/5547/5547 5546/5546/5546
f 5546/5546/5546 5545/5545/5545 5549/5549/5549
f 5547/5547/5547 5555/5555/5555 5552/5552/5552
f 5560/5560/5560 5561/5561/5561 5562/5562/5562
f 5560/5560/5560 5563/5563/5563 5561/5561/5561
f 5562/5562/5562 5561/5561/5561 5564/5564/5564
f 5565/5565/5565 5562/5562/5562 5564/5564/5564
f 5565/5565/5565 5564/5564/5564 5566/5566/5566
f 5564/5564/5564 5567/5567/5567 5566/5566/5566
f 5568/5568/5568 5569/5569/5569 5570/5570/5570
f 5571/5571/5571 5569/5569/5569 5568/5568/5568
f 5572/5572/5572 5571/5571/5571 5568/5568/5568
f 5573/5573/5573 5574/5574/5574 5575/5575/5575
f 5573/5573/5573 5575/5575/5575 5577/5577/5577
f 5589/5589/5589 5588/5588/5588 5587/5587/5587
f 5587/5587/5587 5585/5585/5585 5586/5586/5586
f 5574/5574/5574 5573/5573/5573 5576/5576/5576
f 5585/5585/5585 5583/5583/5583 5586/5586/5586
f 5585/5585/5585 5587/5587/5587 5588/5588/5588
f 5582/5582/5582 5583/5583/5583 5585/5585/5585
f 5583/5583/5583 5580/5580/5580 5590/5590/5590
f 5582/5582/5582 5580/5580/5580 5583/5583/5583
f 5577/5577/5577 5576/5576/5576 5573/5573/5573
f 5578/5578/5578 5577/5577/5577 5580/5580/5580
f 5578/5578/5578 5576/5576/5576 5577/5577/5577
f 5582/5582/5582 5585/5585/5585 5584/5584/5584
f 5578/5578/5578 5579/5579/5579 5576/5576/5576
f 5581/5581/5581 5580/5580/5580 5582/5582/5582
f 5578/5578/5578 5580/5580/5580 5581/5581/5581
f 5584/5584/5584 5581/5581/5581 5582/5582/5582
f 5591/5591/5591 5592/5592/5592 5593/5593/5593
f 5594/5594/5594 5591/5591/5591 5595/5595/5595
f 5591/5591/5591 5596/5596/5596 5595/5595/5595
f 5594/5594/5594 5592/5592/5592 5591/5591/5591
f 5597/5597/5597 5601/5601/5601 5598/5598/5598
f 5597/5597/5597 5598/5598/5598 5599/5599/5599
f 5602/5602/5602 5603/5603/5603 5597/5597/5597
f 5599/5599/5599 5602/5602/5602 5597/5597/5597
f 5604/5604/5604 5605/5605/5605 5606/5606/5606
f 5600/5600/5600 5599/5599/5599 5598/5598/5598
f 5607/5607/5607 5608/5608/5608 5609/5609/5609
f 5613/5613/5613 5612/5612/5612 5611/5611/5611
f 5612/5612/5612 5618/5618/5618 5615/5615/5615
f 5610/5610/5610 5611/5611/5611 5612/5612/5612
f 5614/5614/5614 5612/5612/5612 5615/5615/5615
f 5614/5614/5614 5615/5615/5615 5617/5617/5617
f 5614/5614/5614 5610/5610/5610 5612/5612/5612
f 5616/5616/5616 5610/5610/5610 5614/5614/5614
f 5630/5630/5630 5628/5628/5628 5629/5629/5629
f 5629/5629/5629 5628/5628/5628 5619/5619/5619
f 5617/5617/5617 5619/5619/5619 5614/5614/5614
f 5616/5616/5616 5614/5614/5614 5619/5619/5619
f 5616/5616/5616 5619/5619/5619 5628/5628/5628
f 5621/5621/5621 5625/5625/5625 5624/5624/5624
f 5621/5621/5621 5624/5624/5624 5622/5622/5622
f 5630/5630/5630 5631/5631/5631 5628/5628/5628
f 5620/5620/5620 5621/5621/5621 5622/5622/5622
f 5622/5622/5622 5624/5624/5624 5627/5627/5627
f 5616/5616/5616 5627/5627/5627 5624/5624/5624
f 5620/5620/5620 5622/5622/5622 5632/5632/5632
f 5632/5632/5632 5622/5622/5622 5627/5627/5627
f 5645/5645/5645 5643/5643/5643 5642/5642/5642
f 5635/5635/5635 5632/5632/5632 5627/5627/5627
f 5621/5621/5621 5620/5620/5620 5623/5623/5623
f 5634/5634/5634 5620/5620/5620 5632/5632/5632
f 5642/5642/5642 5643/5643/5643 5644/5644/5644
f 5642/5642/5642 5644/5644/5644 5640/5640/5640
f 5627/5627/5627 5633/5633/5633 5635/5635/5635
f 5640/5640/5640 5641/5641/5641 5642/5642/5642
f 5633/5633/5633 5636/5636/5636 5635/5635/5635
f 5616/5616/5616 5626/5626/5626 5627/5627/5627
f 5626/5626/5626 5633/5633/5633 5627/5627/5627
f 5628/5628/5628 5626/5626/5626 5616/5616/5616
f 5640/5640/5640 5644/5644/5644 5646/5646/5646
f 5648/5648/5648 5649/5649/5649 5650/5650/5650
f 5637/5637/5637 5640/5640/5640 5646/5646/5646
f 5647/5647/5647 5640/5640/5640 5637/5637/5637
f 5650/5650/5650 5649/5649/5649 5652/5652/5652
f 5638/5638/5638 5637/5637/5637 5646/5646/5646
f 5653/5653/5653 5649/5649/5649 5656/5656/5656
f 5652/5652/5652 5649/5649/5649 5653/5653/5653
f 5637/5637/5637 5638/5638/5638 5639/5639/5639
f 5651/5651/5651 5652/5652/5652 5653/5653/5653
f 5656/5656/5656 5655/5655/5655 5653/5653/5653
f 5654/5654/5654 5651/5651/5651 5653/5653/5653
f 5653/5653/5653 5655/5655/5655 5654/5654/5654
f 5654/5654/5654 5655/5655/5655 5657/5657/5657
f 5658/5658/5658 5659/5659/5659 5660/5660/5660
f 5659/5659/5659 5661/5661/5661 5660/5660/5660
f 5661/5661/5661 5663/5663/5663 5660/5660/5660
f 5661/5661/5661 5659/5659/5659 5662/5662/5662
f 5665/5665/5665 5661/5661/5661 5662/5662/5662
f 5662/5662/5662 5666/5666/5666 5665/5665/5665
f 5661/5661/5661 5664/5664/5664 5663/5663/5663
f 5667/5667/5667 5668/5668/5668 5669/5669/5669
f 5671/5671/5671 5675/5675/5675 5667/5667/5667
f 5670/5670/5670 5667/5667/5667 5669/5669/5669
f 5670/5670/5670 5671/5671/5671 5667/5667/5667
f 5671/5671/5671 5670/5670/5670 5674/5674/5674
f 5669/5669/5669 5672/5672/5672 5670/5670/5670
f 5672/5672/5672 5673/5673/5673 5670/5670/5670
f 5676/5676/5676 5677/5677/5677 5678/5678/5678
f 5678/5678/5678 5680/5680/5680 5679/5679/5679
f 5676/5676/5676 5678/5678/5678 5679/5679/5679
f 5681/5681/5681 5680/5680/5680 5682/5682/5682
f 5681/5681/5681 5682/5682/5682 5683/5683/5683
f 5681/5681/5681 5679/5679/5679 5680/5680/5680
f 5684/5684/5684 5685/5685/5685 5686/5686/5686
f 5686/5686/5686 5685/5685/5685 5687/5687/5687
f 5686/5686/5686 5687/5687/5687 5688/5688/5688
f 5687/5687/5687 5689/5689/5689 5688/5688/5688
f 5688/5688/5688 5689/5689/5689 5690/5690/5690
f 5691/5691/5691 5690/5690/5690 5689/5689/5689
f 5692/5692/5692 5693/5693/5693 5694/5694/5694
f 5692/5692/5692 5694/5694/5694 5695/5695/5695
f 5701/5701/5701 5699/5699/5699 5700/5700/5700
f 5695/5695/5695 5694/5694/5694 5696/5696/5696
f 5697/5697/5697 5696/5696/5696 5700/5700/5700
f 5699/5699/5699 5697/5697/5697 5700/5700/5700
f 5696/5696/5696 5697/5697/5697 5695/5695/5695
f 5695/5695/5695 5697/5697/5697 5692/5692/5692
f 5692/5692/5692 5697/5697/5697 5698/5698/5698
f 5698/5698/5698 5697/5697/5697 5699/5699/5699
f 5701/5701/5701 5698/5698/5698 5699/5699/5699
f 5702/5702/5702 5703/5703/5703 5704/5704/5704
f 5705/5705/5705 5702/5702/5702 5704/5704/5704
f 5705/5705/5705 5706/5706/5706 5702/5702/5702
f 5705/5705/5705 5707/5707/5707 5706/5706/5706
f 5707/5707/5707 5708/5708/5708 5706/5706/5706
f 5709/5709/5709 5710/5710/5710 5711/5711/5711
f 5712/5712/5712 5711/5711/5711 5710/5710/5710
f 5712/5712/5712 5713/5713/5713 5711/5711/5711
f 5714/5714/5714 5715/5715/5715 5716/5716/5716
f 5714/5714/5714 5717/5717/5717 5715/5715/5715
f 5714/5714/5714 5718/5718/5718 5717/5717/5717
f 5719/5719/5719 5720/5720/5720 5721/5721/5721
f 5719/5719/5719 5722/5722/5722 5720/5720/5720
f 5723/5723/5723 5720/5720/5720 5722/5722/5722
f 5724/5724/5724 5723/5723/5723 5722/5722/5722
f 5725/5725/5725 5726/5726/5726 5727/5727/5727
f 5728/5728/5728 5727/5727/5727 5726/5726/5726
f 5729/5729/5729 5728/5728/5728 5726/5726/5726
f 5730/5730/5730 5731/5731/5731 5732/5732/5732
f 5733/5733/5733 5731/5731/5731 5730/5730/5730
f 5733/5733/5733 5730/5730/5730 5734/5734/5734
f 5735/5735/5735 5733/5733/5733 5734/5734/5734
f 5736/5736/5736 5737/5737/5737 5738/5738/5738
f 5736/5736/5736 5738/5738/5738 5740/5740/5740
f 5741/5741/5741 5739/5739/5739 5737/5737/5737
f 5741/5741/5741 5736/5736/5736 5740/5740/5740
f 5738/5738/5738 5737/5737/5737 5739/5739/5739
f 5739/5739/5739 5741/5741/5741 5740/5740/5740
f 5742/5742/5742 5739/5739/5739 5740/5740/5740
f 5738/5738/5738 5739/5739/5739 5743/5743/5743
f 5743/5743/5743 5739/5739/5739 5742/5742/5742
f 5744/5744/5744 5745/5745/5745 5746/5746/5746
f 5747/5747/5747 5744/5744/5744 5746/5746/5746
f 5748/5748/5748 5749/5749/5749 5750/5750/5750
f 5752/5752/5752 5751/5751/5751 5750/5750/5750
f 5750/5750/5750 5751/5751/5751 5748/5748/5748
f 5756/5756/5756 5751/5751/5751 5752/5752/5752
f 5751/5751/5751 5754/5754/5754 5753/5753/5753
f 5748/5748/5748 5751/5751/5751 5753/5753/5753
f 5756/5756/5756 5755/5755/5755 5751/5751/5751
f 5751/5751/5751 5755/5755/5755 5754/5754/5754
f 5757/5757/5757 5754/5754/5754 5755/5755/5755
f 5758/5758/5758 5759/5759/5759 5760/5760/5760
f 5763/5763/5763 5767/5767/5767 5765/5765/5765
f 5761/5761/5761 5762/5762/5762 5763/5763/5763
f 5761/5761/5761 5763/5763/5763 5765/5765/5765
f 5764/5764/5764 5762/5762/5762 5761/5761/5761
f 5761/5761/5761 5765/5765/5765 5766/5766/5766
f 5768/5768/5768 5769/5769/5769 5770/5770/5770
f 5772/5772/5772 5768/5768/5768 5770/5770/5770
f 5768/5768/5768 5771/5771/5771 5769/5769/5769
f 5773/5773/5773 5774/5774/5774 5775/5775/5775
f 5777/5777/5777 5773/5773/5773 5775/5775/5775
f 5773/5773/5773 5776/5776/5776 5774/5774/5774
f 5778/5778/5778 5779/5779/5779 5780/5780/5780
f 5781/5781/5781 5780/5780/5780 5779/5779/5779
f 5781/5781/5781 5779/5779/5779 5782/5782/5782
f 5781/5781/5781 5782/5782/5782 5783/5783/5783
f 5784/5784/5784 5785/5785/5785 5786/5786/5786
f 5786/5786/5786 5785/5785/5785 5787/5787/5787
f 5784/5784/5784 5786/5786/5786 5788/5788/5788
f 5789/5789/5789 5790/5790/5790 5791/5791/5791
f 5792/5792/5792 5789/5789/5789 5791/5791/5791
f 5793/5793/5793 5794/5794/5794 5795/5795/5795
f 5796/5796/5796 5797/5797/5797 5798/5798/5798
f 5799/5799/5799 5796/5796/5796 5798/5798/5798
f 5801/5801/5801 5799/5799/5799 5800/5800/5800
f 5799/5799/5799 5798/5798/5798 5800/5800/5800
f 5802/5802/5802 5803/5803/5803 5804/5804/5804
f 5805/5805/5805 5807/5807/5807 5802/5802/5802
f 5802/5802/5802 5804/5804/5804 5805/5805/5805
f 5806/5806/5806 5805/5805/5805 5804/5804/5804
f 5805/5805/5805 5806/5806/5806 5808/5808/5808
f 5809/5809/5809 5810/5810/5810 5811/5811/5811
f 5809/5809/5809 5811/5811/5811 5812/5812/5812
f 5813/5813/5813 5814/5814/5814 5815/5815/5815
f 5816/5816/5816 5817/5817/5817 5818/5818/5818
f 5820/5820/5820 5816/5816/5816 5818/5818/5818
f 5816/5816/5816 5819/5819/5819 5817/5817/5817
f 5821/5821/5821 5816/5816/5816 5820/5820/5820
f 5816/5816/5816 5822/5822/5822 5819/5819/5819
f 5822/5822/5822 5816/5816/5816 5821/5821/5821
f 5823/5823/5823 5822/5822/5822 5821/5821/5821
f 5821/5821/5821 5825/5825/5825 5823/5823/5823
f 5822/5822/5822 5823/5823/5823 5824/5824/5824
f 5826/5826/5826 5827/5827/5827 5828/5828/5828
f 5827/5827/5827 5826/5826/5826 5829/5829/5829
f 5830/5830/5830 5831/5831/5831 5832/5832/5832
f 5834/5834/5834 5837/5837/5837 5836/5836/5836
f 5833/5833/5833 5842/5842/5842 5835/5835/5835
f 5831/5831/5831 5836/5836/5836 5838/5838/5838
f 5830/5830/5830 5833/5833/5833 5831/5831/5831
f 5834/5834/5834 5833/5833/5833 5835/5835/5835
f 5838/5838/5838 5839/5839/5839 5831/5831/5831
f 5831/5831/5831 5833/5833/5833 5834/5834/5834
f 5834/5834/5834 5836/5836/5836 5831/5831/5831
f 5838/5838/5838 5840/5840/5840 5839/5839/5839
f 5841/5841/5841 5839/5839/5839 5840/5840/5840
f 5843/5843/5843 5844/5844/5844 5845/5845/5845
f 5844/5844/5844 5846/5846/5846 5845/5845/5845
f 5846/5846/5846 5844/5844/5844 5847/5847/5847
f 5847/5847/5847 5848/5848/5848 5846/5846/5846
f 5849/5849/5849 5850/5850/5850 5851/5851/5851
f 5849/5849/5849 5852/5852/5852 5850/5850/5850
f 5853/5853/5853 5854/5854/5854 5855/5855/5855
f 5856/5856/5856 5855/5855/5855 5854/5854/5854
f 5856/5856/5856 5854/5854/5854 5857/5857/5857
f 5854/5854/5854 5858/5858/5858 5857/5857/5857
f 5857/5857/5857 5858/5858/5858 5859/5859/5859
f 5859/5859/5859 5860/5860/5860 5857/5857/5857
f 5860/5860/5860 5859/5859/5859 5861/5861/5861
f 5861/5861/5861 5859/5859/5859 5862/5862/5862
f 5863/5863/5863 5861/5861/5861 5862/5862/5862
f 5863/5863/5863 5862/5862/5862 5864/5864/5864
f 5865/5865/5865 5866/5866/5866 5867/5867/5867
f 5868/5868/5868 5869/5869/5869 5870/5870/5870
