# exported by v3d-codec
mtllib model.mtl
o surface_7
v -0.24777524 0.40283057 0.17244814
v -0.25964898 0.44770917 0.18667279
v -0.26089305 0.43835273 0.12119374
v -0.25176954 0.5063925 0.11178153
v -0.25181282 0.45927858 0.22259915
v -0.2348857 0.49571162 0.23830023
v -0.25529033 0.44961566 0.06631708
v -0.24990267 0.40016252 0.09340512
v -0.24870647 0.3952465 0.13796444
v -0.23643264 0.49499986 -0.0072412025
v -0.2121678 0.5577551 0.18255892
v -0.24564023 0.42979658 0.011371553
v -0.24171227 0.3755294 0.042361308
v -0.24370776 0.3190477 -0.056862615
v -0.24587147 0.26628548 -0.010068202
v -0.23303716 0.26761496 0.055630326
v -0.24007542 0.3150462 0.014687404
v -0.24162437 0.27255714 -0.022343634
v -0.24124257 0.27246034 -0.05735627
v -0.2418035 0.29173702 -0.09153823
v -0.24223693 0.3764331 -0.031892702
v -0.24047661 0.34462345 -0.03723225
v -0.23648766 0.34986547 -0.00072134635
v -0.23249303 0.4199022 -0.07079405
v -0.2332244 0.3171217 -0.123671144
v -0.23535661 0.2529034 -0.090757534
v -0.23536351 0.28238028 -0.12231625
v -0.22755496 0.28777376 -0.1515233
v -0.23517945 0.26677364 -0.13931866
v -0.22586682 0.3613884 -0.117622875
v -0.22509737 0.32053503 0.096810974
v -0.22692893 0.24509652 -0.12456735
v -0.22931762 0.3447284 0.043012418
v -0.22486691 0.22908956 -0.11101534
v -0.2172238 0.47751865 -0.064340994
v -0.2296827 0.4976156 -0.037982218
v -0.20867835 0.40807158 -0.1212427
v -0.20541225 0.5670643 0.06607845
v -0.22011775 0.52732325 -0.011843889
v -0.21719491 0.32730377 -0.15352058
v -0.22755496 0.28777376 -0.1515233
v -0.2332244 0.3171217 -0.123671144
v -0.21920824 0.2743808 0.1267216
v -0.21400371 0.33995515 -0.14260603
v -0.2169133 0.35507566 -0.13689998
v -0.22586682 0.3613884 -0.117622875
v -0.22176687 0.30076194 0.13741703
v -0.21712838 0.3051889 -0.16351919
v -0.21472335 0.33377367 0.1289441
v -0.22516257 0.35773104 0.0704863
v -0.20986469 0.31687033 0.15489836
v -0.20968558 0.3688201 -0.14824037
v -0.22004691 0.3546654 -0.15026502
v -0.21646278 0.35987562 0.09541284
v -0.2056077 0.5454769 0.0022817785
v -0.21099217 0.3743732 -0.13254593
v -0.20357402 0.5129532 -0.035851683
v -0.20937787 0.35262018 0.12347281
v -0.19880812 0.3685787 -0.17005809
v -0.196576 0.3581345 -0.16026083
v -0.19674896 0.31405455 -0.18578173
v -0.19686349 0.3516476 0.17276782
v -0.20256166 0.5326848 -0.033244736
v -0.1982264 0.36667362 -0.15294623
v -0.18797734 0.3791107 -0.16743946
v -0.19480602 0.44756415 -0.13666946
v -0.19943435 0.49081814 -0.09371806
v -0.19570735 0.49182445 -0.13396911
v -0.19146863 0.4826148 -0.07507444
v -0.1905552 0.544447 -0.041614577
v -0.18230543 0.3445009 -0.19001156
v -0.18449143 0.3921024 -0.14819665
v -0.19198886 0.45113966 -0.18205543
v -0.18835999 0.41630632 -0.19033822
v -0.18335082 0.40479082 -0.17081988
v -0.19114788 0.53358763 -0.08134181
v -0.1835291 0.53696746 -0.13529466
v -0.19094545 0.48156506 -0.17230704
v -0.18200912 0.4112433 -0.13824278
v -0.1811429 0.4812217 -0.20253831
v -0.1797581 0.525302 -0.17067672
v -0.17504343 0.36609018 -0.1778773
v -0.17881204 0.5584468 -0.0731614
v -0.18423024 0.37573773 -0.16131963
v -0.1825465 0.42831397 -0.21352041
v -0.17730287 0.420798 -0.22456598
v -0.18009631 0.42995885 -0.21878931
v -0.17829672 0.3780832 -0.17974149
v -0.17860332 0.3888393 -0.1710566
v -0.17361902 0.4449764 -0.21790926
v -0.17178798 0.5560484 -0.114453465
v -0.17711666 0.42945135 -0.23014817
v -0.16971257 0.49838415 -0.22095372
v -0.17851083 0.43040344 -0.22507656
v -0.17787582 0.4408735 -0.22570261
v -0.16906953 0.5581211 -0.17232187
v -0.15687364 0.5479164 -0.21781516
v -0.15905862 0.5585467 -0.19566749
v -0.16208212 0.35693544 -0.2075824
v -0.08174723 0.69813424 -0.331248
v -0.079985075 0.68847704 -0.33492142
v -0.08205506 0.68532604 -0.3302474
v -0.072003044 0.7420245 -0.32451838
v -0.08131567 0.72960925 -0.3430931
v -0.070874736 0.72289515 -0.31150866
v -0.072697625 0.68978894 -0.41392863
v -0.07049113 0.67157125 -0.41624165
v -0.07091214 0.6782844 -0.38888258
v -0.069733165 0.6669985 -0.43634653
v -0.0709706 0.6908767 -0.36576158
v -0.07372022 0.6745086 -0.3660798
v -0.08001285 0.6712551 -0.36196947
v -0.06756125 0.6983161 -0.37811387
v -0.070936255 0.6987969 -0.44010282
v -0.068053976 0.6864505 -0.46568882
v -0.0635045 0.74784225 -0.30951554
v -0.06804453 0.7001192 -0.4201727
v -0.068818256 0.7093638 -0.46637762
v -0.06830017 0.72589946 -0.45037836
v -0.06936439 0.70742345 -0.28459525
v -0.074596375 0.70249987 -0.3113131
v -0.07162882 0.75089425 -0.32272083
v -0.06651622 0.72301674 -0.41346908
v -0.06884686 0.72158855 -0.43142074
v -0.06825333 0.71854246 -0.43335593
v -0.068077706 0.7252564 -0.43402725
v -0.061002735 0.73273444 -0.28612316
v -0.066635564 0.70190823 -0.35816616
v -0.066765755 0.73017335 -0.42653638
v -0.067770466 0.7238943 -0.43169188
v -0.0660892 0.7391317 -0.4374869
v -0.06884686 0.72158855 -0.43142074
v -0.06694529 0.7230393 -0.4284966
v -0.068077706 0.7252564 -0.43402725
v -0.062380712 0.7503644 -0.47158718
v -0.064417355 0.7158016 -0.48199505
v -0.0690975 0.6964326 -0.34495896
v -0.05975792 0.7178397 -0.33728886
v -0.06244535 0.762183 -0.45408046
v -0.05881935 0.7781513 -0.43352628
v -0.05837609 0.7039246 -0.35803163
v -0.055089097 0.71924204 -0.3061117
v -0.05076305 0.7561339 -0.45501626
v -0.060617108 0.7382948 -0.42828977
v -0.060145147 0.75310254 -0.4361108
v -0.055184558 0.71441305 -0.3478613
v -0.058298428 0.7273623 -0.4246843
v -0.05464934 0.77279174 -0.4508735
v -0.055629537 0.73412454 -0.34085888
v -0.05464934 0.77279174 -0.4508735
v -0.053438734 0.7627013 -0.33036423
v -0.056946736 0.72207 -0.36009985
v -0.05798666 0.71514946 -0.37327582
v -0.05158042 0.71500134 -0.36171103
v -0.05100538 0.8027632 -0.44151723
v -0.05881935 0.7781513 -0.43352628
v -0.054312762 0.7988925 -0.426845
v -0.049151696 0.7933708 -0.40557504
v -0.037836343 0.7878126 -0.48098636
v -0.043218173 0.8011749 -0.3674689
v -0.038486257 0.80372953 -0.3833213
v -0.03997206 0.80559725 -0.42075354
v -0.028689617 0.8178766 -0.45577013
v -0.0429095 0.79457504 -0.34999263
v -0.032459367 0.80499214 -0.355403
v -0.033590198 0.7938671 -0.34446812
v -0.038008634 0.7884443 -0.35886884
v -0.03591889 0.8068509 -0.3925509
v -0.034042172 0.78314507 -0.35129982
v -0.03212199 0.80597407 -0.37603748
v -0.021254405 0.8323827 -0.39520437
v -0.02831929 0.8273705 -0.42716193
v -0.031889133 0.86193234 -0.35751033
v -0.032957338 0.8598232 -0.35585308
v -0.03195337 0.8613341 -0.35415703
v -0.031118928 0.86515224 -0.35683113
v -0.027943615 0.8169248 -0.3748111
v -0.027097587 0.8148309 -0.36926758
v -0.026738865 0.8162904 -0.36571294
v -0.02708713 0.8225422 -0.38393372
v -0.026941199 0.8199843 -0.37969595
v -0.021647358 0.8186215 -0.3373518
v -0.007885935 0.8431156 -0.44861215
v -0.019247876 0.8236325 -0.3636425
v -0.018213205 0.83053803 -0.38493854
v -0.03477826 0.8106754 -0.33854103
v -0.020396776 0.82656825 -0.3146273
v -0.014226633 0.83079505 -0.3222853
v -0.009914899 0.84141755 -0.33887357
v -0.011018788 0.8379279 -0.36233848
v -0.012341919 0.8317195 -0.3734011
v -0.003764017 0.8461725 -0.40004236
v -0.05798666 0.71514946 -0.37327582
v -0.2423092 0.030163795 0.16830735
v -0.23892881 0.019029588 0.16305374
v -0.25101778 0.018418789 0.17660928
v -0.24475318 0.026551753 0.17945608
v -0.2238748 0.029940099 0.15406032
v -0.23014289 0.034285873 0.16574177
v -0.23203517 0.036132723 0.16867244
v -0.22643475 0.030667007 0.16867198
v -0.2423092 0.030163795 0.16830735
v -0.23014289 0.034285873 0.16574177
v -0.204452 0.031398028 0.14439434
v -0.22564305 0.006609887 0.15499343
v -0.204452 0.031398028 0.14439434
v -0.2238748 0.029940099 0.15406032
v -0.19101125 0.02739656 0.15102024
v -0.23014289 0.034285873 0.16574177
v -0.17616284 0.0067841113 0.11444543
v -0.13800636 0.04796344 0.07827707
v -0.14069557 0.033078164 0.07544574
v -0.12987041 0.07957193 0.079969935
v -0.13800636 0.04796344 0.07827707
v -0.14458197 0.037021697 0.1077978
v -0.12648302 0.0124338865 0.06587803
v -0.12606257 0.03355345 0.040502973
v -0.121811956 0.017656893 0.035453647
v -0.12987041 0.07957193 0.079969935
v -0.12335662 0.11446831 0.04370834
v -0.12639026 0.16581744 0.044163205
v -0.114378646 0.14368802 0.023878802
v -0.12268292 0.14306504 0.05510712
v -0.11964244 0.06950593 0.049087208
v -0.113461 0.04387805 0.04815743
v -0.09901743 0.033740014 0.023818495
v -0.10795389 0.0900453 0.041506838
v -0.106641166 0.026774228 0.014728116
v -0.10781766 0.06019056 0.051582124
v -0.092163935 0.009875774 0.0069248807
v -0.09417182 0.024473608 0.010156753
v -0.25964898 0.44770917 0.18667279
v -0.24777524 0.40283057 0.17244814
v -0.2433076 0.4013046 0.1991615
v -0.24990267 0.40016252 0.09340512
v -0.23168275 0.36911273 0.1055823
v -0.24870647 0.3952465 0.13796444
v -0.23303716 0.26761496 0.055630326
v -0.24587147 0.26628548 -0.010068202
v -0.23488142 0.2608941 0.021801557
v -0.23308662 0.43611944 0.2458938
v -0.25181282 0.45927858 0.22259915
v -0.2370558 0.26305744 -0.002355722
v -0.23708394 0.4079077 0.22782539
v -0.24171227 0.3755294 0.042361308
v -0.24162437 0.27255714 -0.022343634
v -0.22743623 0.39168158 0.2102275
v -0.23648766 0.34986547 -0.00072134635
v -0.23282444 0.35485435 0.03986267
v -0.22867118 0.24893379 -0.046810407
v -0.24124257 0.27246034 -0.05735627
v -0.22931762 0.3447284 0.043012418
v -0.21576108 0.23579222 0.0038253767
v -0.23535661 0.2529034 -0.090757534
v -0.21612431 0.40184104 0.24037299
v -0.22516257 0.35773104 0.0704863
v -0.22182876 0.3656135 0.14379592
v -0.22571838 0.24385586 -0.07569176
v -0.22486691 0.22908956 -0.11101534
v -0.2253968 0.23182821 -0.0943947
v -0.21638343 0.41925874 0.25285643
v -0.20963395 0.37812382 0.19138414
v -0.21707977 0.35913342 0.11611119
v -0.21223862 0.22519529 -0.082325086
v -0.20794635 0.3913117 0.22778094
v -0.21646278 0.35987562 0.09541284
v -0.20728354 0.23055017 0.07633934
v -0.2182182 0.4544649 0.26812887
v -0.20670252 0.3625818 0.14810799
v -0.1953801 0.2979098 0.17540486
v -0.20986469 0.31687033 0.15489836
v -0.22176687 0.30076194 0.13741703
v -0.21920824 0.2743808 0.1267216
v -0.18911149 0.41515318 0.29708916
v -0.20937787 0.35262018 0.12347281
v -0.19457586 0.23855397 0.12845191
v -0.19760476 0.21193862 -0.029044595
v -0.19697891 0.391491 0.24553487
v -0.19686349 0.3516476 0.17276782
v -0.19209668 0.20294541 -0.07665297
v -0.19556604 0.39164585 0.22691132
v -0.1968424 0.3716442 0.1705325
v -0.17533623 0.38533813 0.29663014
v -0.17999753 0.23840696 0.15673947
v -0.18654788 0.20498052 0.055625897
v -0.19233075 0.37558466 0.1941942
v -0.183407 0.19208288 0.002757132
v -0.1519952 0.33285287 0.26441234
v -0.18741964 0.35659903 0.20861463
v -0.16153114 0.2125459 0.13765857
v -0.16495003 0.23907965 0.16270316
v -0.16421041 0.29223368 0.20782702
v -0.1699335 0.2051655 0.094598494
v -0.17319882 0.1841313 -0.040944714
v -0.17146984 0.18779281 0.037831925
v -0.16872188 0.33171207 0.22778334
v -0.1614487 0.1898795 0.06422862
v -0.15257646 0.4047734 0.354968
v -0.16722596 0.425462 0.34258878
v -0.15559946 0.19419345 0.11861188
v -0.14490514 0.24801765 0.1782048
v -0.15475427 0.19134882 0.08940164
v -0.1390521 0.36390066 0.34013975
v -0.13927558 0.3385586 0.30819702
v -0.14574216 0.1932477 0.116449825
v -0.1133298 0.25506538 0.19716308
v -0.134957 0.21425775 0.16519205
v -0.14009233 0.18533456 0.12779705
v -0.13105321 0.3924358 0.3721633
v -0.1212279 0.42545283 0.39458776
v -0.12745637 0.22768888 0.17314027
v -0.1266273 0.19084391 0.15025124
v -0.10859936 0.36262774 0.36572093
v -0.11223929 0.31761527 0.30827355
v -0.12389501 0.18151519 0.13727929
v -0.11711218 0.20596895 0.16281107
v -0.11506529 0.40464386 0.39166462
v -0.11721107 0.17789829 0.13665663
v -0.11767733 0.17993563 0.13885704
v -0.110343315 0.17471322 0.13492332
v -0.23892881 0.019029588 0.16305374
v -0.23228665 0.015669286 0.16862044
v -0.25101778 0.018418789 0.17660928
v -0.24475318 0.026551753 0.17945608
v -0.21667308 0.00787425 0.1680914
v -0.22564305 0.006609887 0.15499343
v -0.22386816 0.015854418 0.17875794
v -0.19888207 0.009915739 0.16963746
v -0.17616284 0.0067841113 0.11444543
v -0.15408903 0.0072829425 0.1277148
v -0.13508093 0.0032787025 0.10369115
v -0.12648302 0.0124338865 0.06587803
v -0.13212456 0.017951965 0.112849586
v -0.15408903 0.0072829425 0.1277148
v -0.13508093 0.0032787025 0.10369115
v -0.115184516 0.022129267 0.25759166
v -0.12966532 0.018031836 0.23947237
v -0.12673351 0.0088171065 0.2261102
v -0.12910788 0.010052353 0.19569178
v -0.12369299 0.0017875433 0.19089189
v -0.09928576 0.0059622526 0.102701485
v -0.12696743 0.0047600865 0.15815394
v -0.117386915 0 0.16174854
v -0.12716496 0.010780692 0.12155756
v -0.11640348 0.0005055964 0.12368788
v -0.1079629 0.006504357 0.23328178
v -0.0965625 0.0063595176 0.17066985
v -0.10535533 0.010231882 0.035921156
v -0.121811956 0.017656893 0.035453647
v -0.10165897 0.02927956 0.25472522
v -0.09561538 0.025630176 0.05485249
v -0.092163935 0.009875774 0.0069248807
v -0.09760587 0.014584243 0.23867935
v -0.0860901 0.0186778 0.08013962
v -0.08876644 0.010242015 0.020143664
v -0.06705643 0.013330579 0.0972744
v -0.08538335 0.018075943 0.012906173
v -0.05487759 0.020308793 0.08241247
v -0.03502257 0.01797226 0.096521184
v -0.24475318 0.026551753 0.17945608
v -0.23203517 0.036132723 0.16867244
v -0.2423092 0.030163795 0.16830735
v -0.22643475 0.030667007 0.16867198
v -0.24475318 0.026551753 0.17945608
v -0.23228665 0.015669286 0.16862044
v -0.23203517 0.036132723 0.16867244
v -0.22643475 0.030667007 0.16867198
v -0.23228665 0.015669286 0.16862044
v -0.22386816 0.015854418 0.17875794
v -0.2238748 0.029940099 0.15406032
v -0.2423092 0.030163795 0.16830735
v -0.204452 0.031398028 0.14439434
v -0.19101125 0.02739656 0.15102024
v -0.19101125 0.02739656 0.15102024
v -0.204452 0.031398028 0.14439434
v -0.23014289 0.034285873 0.16574177
v -0.20168234 0.021230757 0.17088813
v -0.19888207 0.009915739 0.16963746
v -0.15408903 0.0072829425 0.1277148
v -0.14068635 0.023864359 0.11777558
v -0.14458197 0.037021697 0.1077978
v -0.13800636 0.04796344 0.07827707
v -0.14068635 0.023864359 0.11777558
v -0.13051389 0.03846869 0.10993201
v -0.14458197 0.037021697 0.1077978
v -0.12987041 0.07957193 0.079969935
v -0.13212456 0.017951965 0.112849586
v -0.2182182 0.4544649 0.26812887
v -0.2348857 0.49571162 0.23830023
v -0.25181282 0.45927858 0.22259915
v -0.23308662 0.43611944 0.2458938
v -0.21413863 0.5090566 0.27127004
v -0.21022491 0.508791 0.28659844
v -0.20790863 0.48157966 0.28545505
v -0.2121678 0.5577551 0.18255892
v -0.18477325 0.55225855 0.26895607
v -0.19538759 0.5087685 0.30073565
v -0.19946738 0.45457193 0.2821784
v -0.18911149 0.41515318 0.29708916
v -0.17395149 0.45598227 0.33308333
v -0.18192275 0.5273336 0.30691153
v -0.19082092 0.48445484 0.29736912
v -0.15870647 0.54083 0.32002974
v -0.16010484 0.49944055 0.34605587
v -0.17897426 0.51389456 0.31067765
v -0.16722596 0.425462 0.34258878
v -0.14442123 0.6100457 0.22472578
v -0.13995975 0.60348463 0.29698634
v -0.1212279 0.42545283 0.39458776
v -0.15257646 0.4047734 0.354968
v -0.111036204 0.46408537 0.40520942
v -0.14019126 0.44212317 0.3857317
v -0.13607027 0.5580584 0.3481995
v -0.11697794 0.5175438 0.39206904
v -0.12498173 0.6493717 0.2499033
v -0.1200034 0.6090323 0.34745336
v -0.112882204 0.66786516 0.3309332
v -0.11078306 0.68937576 0.28540707
v -0.117581226 0.5560151 0.37610137
v -0.08869544 0.6510844 0.3727883
v -0.081451304 0.7549303 0.25018686
v -0.09630031 0.7106495 0.3341037
v -0.0932199 0.5621993 0.3978721
v -0.09014748 0.6841166 0.36562687
v -0.08335178 0.61070937 0.3913806
v -0.09045085 0.7600039 0.3002745
v -0.08175716 0.8274847 0.32915395
v -0.07873587 0.8128507 0.27878648
v -0.068625584 0.77160287 0.36434752
v -0.07290441 0.8118347 0.3818848
v -0.08386687 0.8270763 0.37396264
v -0.07478173 0.8079778 0.37378323
v -0.06473833 0.71617645 0.38168734
v -0.07478173 0.8079778 0.37378323
v -0.08386687 0.8270763 0.37396264
v -0.07311642 0.81927073 0.35534626
v -0.07787668 0.8447381 0.3600983
v -0.07816004 0.8662991 0.32005364
v -0.07357029 0.8669613 0.33607936
v -0.072863564 0.87318945 0.3067342
v -0.07300681 0.88176966 0.34411567
v -0.07318612 0.8908343 0.33679408
v -0.06932091 0.86910474 0.3507766
v -0.06411502 0.8031735 0.36827463
v -0.07143164 0.8879077 0.36389893
v -0.06969472 0.8986629 0.36078894
v -0.06329456 0.8978214 0.38630533
v -0.05977675 0.6574278 0.3974052
v -0.06329456 0.8978214 0.38630533
v -0.07143164 0.8879077 0.36389893
v -0.059289128 0.8870233 0.38437146
v -0.06176193 0.88122165 0.35889292
v -0.059289128 0.8870233 0.38437146
v -0.06776073 0.8344151 0.37320268
v -0.061787337 0.8436687 0.37956083
v -0.064207 0.861239 0.36397302
v -0.057027224 0.80648 0.37981242
v -0.05921148 0.82100606 0.3844725
v -0.050042607 0.88735974 0.4149722
v -0.05878069 0.8728441 0.37566411
v -0.06176193 0.88122165 0.35889292
v -0.06932091 0.86910474 0.3507766
v -0.054224234 0.86657465 0.4025461
v -0.054722838 0.9025583 0.4114567
v -0.055693645 0.79393864 0.3751287
v -0.049851645 0.83099437 0.41181856
v -0.055693645 0.79393864 0.3751287
v -0.05370561 0.77717483 0.38428533
v -0.052469954 0.79433924 0.38609338
v -0.045503076 0.89616954 0.42738038
v -0.046124164 0.7755231 0.3819903
v -0.04580118 0.809294 0.3997054
v -0.045377385 0.7700552 0.39860213
v -0.03975089 0.85350704 0.4285593
v -0.040272593 0.79068667 0.41303498
v -0.038026586 0.9116657 0.41266167
v -0.04144523 0.8146541 0.42728472
v -0.04058784 0.8298629 0.43699723
v -0.041175865 0.7648214 0.4127552
v -0.040015254 0.77743286 0.42816997
v -0.040691584 0.7969736 0.43935376
v -0.035359677 0.7945154 0.4329558
v -0.03366915 0.87328076 0.44318455
v -0.033944942 0.822381 0.4394086
v -0.023962207 0.8427677 0.462368
v -0.020704273 0.820439 0.46862733
v -0.025359428 0.90113187 0.43562287
v -0.019290742 0.88200235 0.45132422
v -0.016812392 0.86047983 0.46401364
v -0.014379721 0.92043257 0.42047417
v -0.012628011 0.8442497 0.47488147
v -0.009908936 0.83159685 0.48673868
v -0.013922212 0.90864027 0.4393171
v -0.008378458 0.9151933 0.45841867
v -0.0113116065 0.81305206 0.49093652
v -0.0006802429 0.8447053 0.48210675
v -0.008195233 0.8872148 0.47527242
v -0.0051737633 0.82025933 0.49584007
v -0.0018821369 0.92570996 0.46872294
v -0.0041312915 0.8618052 0.47911733
v -0.0006239498 0.80718386 0.49592245
v 0.001957587 0.8791098 0.4780755
v -0.22755496 0.28777376 -0.1515233
v -0.22007401 0.25619167 -0.1546694
v -0.23517945 0.26677364 -0.13931866
v -0.22692893 0.24509652 -0.12456735
v -0.19674896 0.31405455 -0.18578173
v -0.18672638 0.25091922 -0.17101257
v -0.21712838 0.3051889 -0.16351919
v -0.19248025 0.21417284 -0.12759614
v -0.20483454 0.21778166 -0.10750441
v -0.2070465 0.23020312 -0.12283202
v -0.19797626 0.23224148 -0.14374971
v -0.1526292 0.29226327 -0.2059109
v -0.1536375 0.33171135 -0.20607372
v -0.18230543 0.3445009 -0.19001156
v -0.1793419 0.20936272 -0.14250891
v -0.17829672 0.3780832 -0.17974149
v -0.17504343 0.36609018 -0.1778773
v -0.18423024 0.37573773 -0.16131963
v -0.17730287 0.420798 -0.22456598
v -0.17274219 0.38402888 -0.20432119
v -0.18835999 0.41630632 -0.19033822
v -0.18009631 0.42995885 -0.21878931
v -0.17361902 0.4449764 -0.21790926
v -0.15981911 0.423594 -0.23099557
v -0.15357362 0.38809514 -0.22811717
v -0.15742537 0.20826775 -0.15152961
v -0.16208212 0.35693544 -0.2075824
v -0.15952516 0.25332192 -0.18468736
v -0.16102707 0.37394285 -0.22162972
v -0.13855636 0.21870586 -0.17217773
v -0.16536002 0.46874735 -0.23373964
v -0.14935166 0.4575365 -0.24766283
v -0.1460403 0.35292047 -0.22240457
v -0.15728812 0.48611107 -0.23934086
v -0.14716798 0.47996864 -0.25284183
v -0.14311734 0.20977357 -0.16255222
v -0.14208752 0.25724876 -0.19244647
v -0.13558489 0.39132246 -0.24870154
v -0.13505265 0.3257615 -0.21271113
v -0.13201013 0.4245184 -0.26534778
v -0.13153704 0.20313749 -0.17349069
v -0.13518392 0.19421777 -0.1681973
v -0.12759453 0.32424277 -0.22323127
v -0.12825233 0.4606688 -0.27794886
v -0.13032357 0.23048589 -0.18216646
v -0.13401687 0.4092346 -0.26468837
v -0.13568157 0.4076836 -0.26188886
v -0.113842525 0.35170007 -0.24918228
v -0.13667469 0.40239158 -0.2593646
v -0.12009277 0.38763717 -0.2664255
v -0.12518819 0.31245452 -0.21610858
v -0.112784185 0.33006418 -0.238345
v -0.11806528 0.42893022 -0.2867055
v -0.11617461 0.20766658 -0.1791238
v -0.13855636 0.21870586 -0.17217773
v -0.11396764 0.22174913 -0.17271484
v -0.11617461 0.20766658 -0.1791238
v -0.10492818 0.39933994 -0.2907645
v -0.114600636 0.511763 -0.3088606
v -0.11094334 0.5006267 -0.31111604
v -0.11274379 0.48476404 -0.31205314
v -0.108759046 0.5158874 -0.3169831
v -0.11094334 0.5006267 -0.31111604
v -0.114600636 0.511763 -0.3088606
v -0.09925274 0.48036343 -0.31882352
v -0.108124256 0.51141363 -0.3227452
v -0.11437823 0.51050353 -0.31982285
v -0.1116802 0.5313071 -0.31900948
v -0.108759046 0.5158874 -0.3169831
v -0.101502426 0.43753603 -0.3031397
v -0.119618036 0.45861417 -0.2961408
v -0.1034835 0.45769867 -0.31020808
v -0.09830511 0.3849564 -0.28449547
v -0.105765976 0.5271569 -0.32626122
v -0.100990884 0.52681607 -0.32507586
v -0.108124256 0.51141363 -0.3227452
v -0.090287715 0.5121558 -0.33388048
v -0.100990884 0.52681607 -0.32507586
v -0.08803923 0.43250602 -0.31292886
v -0.08696425 0.46227753 -0.32264966
v -0.08264401 0.35430935 -0.26932478
v -0.097361445 0.5460855 -0.32585126
v -0.086237885 0.41321668 -0.31342363
v -0.08203364 0.3716784 -0.29081357
v -0.0858296 0.54732025 -0.33958924
v -0.08397478 0.49264258 -0.33789217
v -0.09348182 0.572401 -0.33058017
v -0.06518105 0.3913264 -0.30527645
v -0.06518105 0.3913264 -0.30527645
v -0.09830511 0.3849564 -0.28449547
v -0.08562679 0.42198497 -0.3054551
v -0.08266533 0.47583187 -0.3333758
v -0.07060993 0.5190343 -0.35369277
v -0.08072303 0.45016667 -0.32323116
v -0.07640681 0.56784606 -0.35696942
v -0.08067848 0.4605303 -0.33136535
v -0.08696425 0.46227753 -0.32264966
v -0.08266533 0.47583187 -0.3333758
v -0.079051316 0.44220617 -0.3320048
v -0.07943955 0.4599089 -0.33642006
v -0.08067848 0.4605303 -0.33136535
v -0.07595146 0.42655748 -0.3332187
v -0.079164706 0.42137375 -0.3279844
v -0.07844149 0.4711201 -0.33004743
v -0.07918432 0.4520152 -0.33354527
v -0.073117 0.49670252 -0.35407615
v -0.07844149 0.4711201 -0.33004743
v -0.08397478 0.49264258 -0.33789217
v -0.077180535 0.4674262 -0.34080034
v -0.07857483 0.4187594 -0.32735312
v -0.07916326 0.4560906 -0.33241683
v -0.07943955 0.4599089 -0.33642006
v -0.07688513 0.45623845 -0.33898854
v -0.073117 0.49670252 -0.35407615
v -0.06270589 0.54813176 -0.36874473
v -0.07775112 0.4185635 -0.32778
v -0.079164706 0.42137375 -0.3279844
v -0.07775112 0.4185635 -0.32778
v -0.07830431 0.42126366 -0.32723236
v -0.07775112 0.4185635 -0.32778
v -0.07857483 0.4187594 -0.32735312
v -0.07830431 0.42126366 -0.32723236
v -0.07687119 0.43175238 -0.33377635
v -0.077294685 0.4345807 -0.33431405
v -0.07798402 0.44695646 -0.3337549
v -0.077294685 0.4345807 -0.33431405
v -0.076285146 0.4322373 -0.33355182
v -0.07687119 0.43175238 -0.33377635
v -0.07416331 0.45446208 -0.34497613
v -0.07688513 0.45623845 -0.33898854
v -0.06638764 0.35984376 -0.2918232
v -0.07583949 0.43340936 -0.33488917
v -0.07463651 0.43511766 -0.33690995
v -0.07595146 0.42655748 -0.3332187
v -0.077294685 0.4345807 -0.33431405
v -0.07463651 0.43511766 -0.33690995
v -0.07498809 0.45354068 -0.34320384
v -0.07391842 0.45177993 -0.34391433
v -0.073518544 0.45113045 -0.34333485
v -0.073350444 0.4529207 -0.34325486
v -0.07391842 0.45177993 -0.34391433
v -0.07498809 0.45354068 -0.34320384
v -0.073350444 0.4529207 -0.34325486
v -0.07498809 0.45354068 -0.34320384
v -0.07416331 0.45446208 -0.34497613
v -0.07247207 0.45476952 -0.34531146
v -0.070934944 0.4569405 -0.35038227
v -0.072704464 0.45290753 -0.34420186
v -0.06850462 0.50940967 -0.36397952
v -0.065348506 0.56449234 -0.37629718
v -0.059713732 0.5246061 -0.3665138
v -0.057006355 0.584088 -0.38909864
v -0.045765817 0.56258225 -0.38727242
v -0.047967035 0.5258505 -0.375813
v -0.059713732 0.5246061 -0.3665138
v -0.047967035 0.5258505 -0.375813
v -0.06021245 0.51309454 -0.35884875
v -0.040011678 0.5371404 -0.38404202
v -0.22486691 0.22908956 -0.11101534
v -0.22692893 0.24509652 -0.12456735
v -0.2070465 0.23020312 -0.12283202
v -0.19797626 0.23224148 -0.14374971
v -0.22007401 0.25619167 -0.1546694
v -0.20483454 0.21778166 -0.10750441
v -0.21223862 0.22519529 -0.082325086
v -0.19209668 0.20294541 -0.07665297
v -0.19248025 0.21417284 -0.12759614
v -0.18484992 0.19980866 -0.11656404
v -0.17620926 0.19239593 -0.09409091
v -0.1793419 0.20936272 -0.14250891
v -0.16228494 0.17528477 -0.073295586
v -0.15832324 0.19215 -0.11942501
v -0.17319882 0.1841313 -0.040944714
v -0.17146984 0.18779281 0.037831925
v -0.183407 0.19208288 0.002757132
v -0.15732801 0.17091396 -0.0036490804
v -0.14138943 0.17524755 -0.09879529
v -0.1551826 0.17911392 0.028425258
v -0.15742537 0.20826775 -0.15152961
v -0.152636 0.16514099 -0.03696575
v -0.1614487 0.1898795 0.06422862
v -0.15457654 0.1919598 0.05193318
v -0.13511808 0.16667837 -0.072881855
v -0.15219909 0.20076564 0.0988859
v -0.16483274 0.2011933 0.06791781
v -0.14108162 0.15952966 -0.01124032
v -0.13207231 0.1870436 0.08157103
v -0.12252422 0.1583086 -0.043748837
v -0.1360146 0.1727382 0.033722576
v -0.13678093 0.19714704 -0.14859611
v -0.14311734 0.20977357 -0.16255222
v -0.13945149 0.1936956 0.108631805
v -0.14574216 0.1932477 0.116449825
v -0.1290085 0.18767688 -0.13146786
v -0.13026342 0.17750013 0.050902728
v -0.13787235 0.20266083 -0.16116048
v -0.13516136 0.2052562 -0.1634135
v -0.1276887 0.20036581 0.121078275
v -0.1352249 0.20217761 -0.15948221
v -0.12597051 0.16518962 0.015669024
v -0.12941456 0.1970635 -0.15475555
v -0.12438144 0.20589164 -0.16788302
v -0.12438144 0.20589164 -0.16788302
v -0.13251954 0.19971809 -0.16167787
v -0.1352249 0.20217761 -0.15948221
v -0.13185228 0.20018902 0.12859009
v -0.11687169 0.18770236 0.102797896
v -0.12639026 0.16581744 0.044163205
v -0.114378646 0.14368802 0.023878802
v -0.13518392 0.19421777 -0.1681973
v -0.124975875 0.1893453 -0.16032732
v -0.1261707 0.18401644 -0.15121539
v -0.117909454 0.20452118 0.12949343
v -0.118480556 0.15820688 -0.014745314
v -0.116866276 0.17776278 0.061985306
v -0.11713172 0.19088334 -0.15928404
v -0.11813789 0.16768092 -0.10899044
v -0.11137546 0.16791391 0.05595082
v -0.103045985 0.16096851 0.008014433
v -0.09823041 0.18561476 0.08377342
v -0.09927006 0.19340509 0.117638506
v -0.101872474 0.18124926 0.068275586
v -0.10245139 0.15533262 -0.055323225
v -0.10608287 0.19778761 -0.17090577
v -0.11098895 0.21073455 -0.17332771
v -0.092592716 0.15791288 -0.012321712
v -0.08593199 0.1829975 0.10032924
v -0.11012065 0.19174883 0.13192178
v -0.09443464 0.17204493 0.0555496
v -0.09355801 0.18587247 0.123404816
v -0.07785407 0.17895761 0.050684337
v -0.075331345 0.18333334 0.08519302
v -0.07770851 0.17876789 0.10893005
v -0.063029416 0.17335045 0.086030215
v -0.06122429 0.1809996 0.06273741
v -0.06012235 0.18033183 0.034683187
v -0.051437035 0.1745547 0.054871965
v -0.048790608 0.17951083 0.024643574
v -0.051173624 0.18999195 0.02176952
v -0.2253968 0.23182821 -0.0943947
v -0.2169133 0.35507566 -0.13689998
v -0.22586682 0.3613884 -0.117622875
v -0.22004691 0.3546654 -0.15026502
v -0.1982264 0.36667362 -0.15294623
v -0.19880812 0.3685787 -0.17005809
v -0.18797734 0.3791107 -0.16743946
v -0.18423024 0.37573773 -0.16131963
v -0.17829672 0.3780832 -0.17974149
v -0.17787582 0.4408735 -0.22570261
v -0.19198886 0.45113966 -0.18205543
v -0.1811429 0.4812217 -0.20253831
v -0.17729504 0.43612185 -0.22710298
v -0.17788309 0.43297124 -0.2262541
v -0.17733806 0.43217522 -0.22781886
v -0.17711666 0.42945135 -0.23014817
v -0.17736483 0.43405026 -0.22894415
v -0.17684454 0.43636107 -0.22966054
v -0.17683822 0.43375474 -0.2291663
v -0.17654535 0.43236774 -0.23023431
v -0.17635816 0.43418682 -0.2318404
v -0.17365976 0.44688916 -0.23236641
v -0.17464648 0.43991494 -0.2354389
v -0.16971257 0.49838415 -0.22095372
v -0.17579098 0.43443474 -0.23193666
v -0.16536002 0.46874735 -0.23373964
v -0.15728812 0.48611107 -0.23934086
v -0.15772745 0.5287661 -0.22835295
v -0.16272284 0.5050671 -0.22589333
v -0.15687364 0.5479164 -0.21781516
v -0.15746531 0.49715704 -0.23182924
v -0.15415302 0.5177174 -0.22670536
v -0.15078832 0.49947572 -0.23537451
v -0.13983111 0.5630631 -0.23950927
v -0.14716798 0.47996864 -0.25284183
v -0.17787582 0.4408735 -0.22570261
v -0.17361902 0.4449764 -0.21790926
v -0.19198886 0.45113966 -0.18205543
v -0.17851083 0.43040344 -0.22507656
v -0.18009631 0.42995885 -0.21878931
v -0.17730287 0.420798 -0.22456598
v -0.17361902 0.4449764 -0.21790926
v -0.17788309 0.43297124 -0.2262541
v -0.17729504 0.43612185 -0.22710298
v -0.17733806 0.43217522 -0.22781886
v -0.17654535 0.43236774 -0.23023431
v -0.17684454 0.43636107 -0.22966054
v -0.17683822 0.43375474 -0.2291663
v -0.17365976 0.44688916 -0.23236641
v -0.17579098 0.43443474 -0.23193666
v -0.17711666 0.42945135 -0.23014817
v -0.17464648 0.43991494 -0.2354389
v -0.16536002 0.46874735 -0.23373964
v -0.17788309 0.43297124 -0.2262541
v -0.17711666 0.42945135 -0.23014817
v -0.17787582 0.4408735 -0.22570261
v -0.17065273 0.5070519 -0.18650603
v -0.1714005 0.5078708 -0.16928172
v -0.16981539 0.49499014 -0.1767248
v -0.16054639 0.52140975 -0.18631049
v -0.160717 0.5070047 -0.19189793
v -0.17065273 0.5070519 -0.18650603
v -0.16981539 0.49499014 -0.1767248
v -0.16011225 0.52976364 -0.20182149
v -0.16412126 0.5033111 -0.2056523
v -0.16272284 0.5050671 -0.22589333
v -0.15705723 0.52734566 -0.21732572
v -0.15084226 0.5563185 -0.18996236
v -0.1542835 0.54702324 -0.17541678
v -0.15590623 0.53965294 -0.18693821
v -0.15359622 0.5462042 -0.2069162
v -0.15415302 0.5177174 -0.22670536
v -0.16011225 0.52976364 -0.20182149
v -0.15705723 0.52734566 -0.21732572
v -0.15172718 0.53545225 -0.20980546
v -0.15134127 0.5439639 -0.21484548
v -0.15134127 0.5439639 -0.21484548
v -0.15705723 0.52734566 -0.21732572
v -0.15291977 0.51887524 -0.2196808
v -0.1434524 0.55990183 -0.20079325
v -0.160717 0.5070047 -0.19189793
v -0.16981539 0.49499014 -0.1767248
v -0.1714005 0.5078708 -0.16928172
v -0.16412126 0.5033111 -0.2056523
v -0.17065273 0.5070519 -0.18650603
v -0.16054639 0.52140975 -0.18631049
v -0.15401892 0.50344926 -0.21638985
v -0.15666845 0.4918197 -0.2250118
v -0.15705723 0.52734566 -0.21732572
v -0.15415302 0.5177174 -0.22670536
v -0.15291977 0.51887524 -0.2196808
v -0.15078832 0.49947572 -0.23537451
v -0.15172718 0.53545225 -0.20980546
v -0.15134127 0.5439639 -0.21484548
v -0.14747865 0.53525025 -0.25633025
v -0.14806719 0.50297785 -0.25351325
v -0.14716798 0.47996864 -0.25284183
v -0.14503841 0.49589485 -0.27123374
v -0.14142431 0.5285182 -0.28465968
v -0.13674794 0.56574726 -0.30440307
v -0.12825233 0.4606688 -0.27794886
v -0.13364382 0.49776587 -0.2921902
v -0.13173956 0.5512493 -0.33288425
v -0.1301814 0.5212423 -0.33040953
v -0.11902906 0.48914692 -0.33320922
v -0.1283131 0.56229526 -0.3587517
v -0.11948754 0.53597426 -0.3748818
v -0.119618036 0.45861417 -0.2961408
v -0.104717314 0.45475748 -0.3232333
v -0.11806528 0.42893022 -0.2867055
v -0.09798219 0.48490244 -0.39278412
v -0.101502426 0.43753603 -0.3031397
v -0.093210645 0.4568186 -0.37003654
v -0.16412126 0.5033111 -0.2056523
v -0.15666845 0.4918197 -0.2250118
v -0.16272284 0.5050671 -0.22589333
v -0.15746531 0.49715704 -0.23182924
v -0.15078832 0.49947572 -0.23537451
v -0.1614487 0.1898795 0.06422862
v -0.16483274 0.2011933 0.06791781
v -0.15475427 0.19134882 0.08940164
v -0.15457654 0.1919598 0.05193318
v -0.15219909 0.20076564 0.0988859
v -0.14574216 0.1932477 0.116449825
v -0.14607726 0.54987264 -0.18785389
v -0.15590623 0.53965294 -0.18693821
v -0.1542835 0.54702324 -0.17541678
v -0.14907956 0.5476052 -0.2097276
v -0.15172718 0.53545225 -0.20980546
v -0.15359622 0.5462042 -0.2069162
v -0.1434524 0.55990183 -0.20079325
v -0.15134127 0.5439639 -0.21484548
v -0.15084226 0.5563185 -0.18996236
v -0.16011225 0.52976364 -0.20182149
v -0.14574216 0.1932477 0.116449825
v -0.14009233 0.18533456 0.12779705
v -0.15559946 0.19419345 0.11861188
v -0.13185228 0.20018902 0.12859009
v -0.14009233 0.18533456 0.12779705
v -0.14574216 0.1932477 0.116449825
v -0.12389501 0.18151519 0.13727929
v -0.117909454 0.20452118 0.12949343
v -0.12336259 0.1924771 0.1350638
v -0.11463273 0.18210629 0.13727921
v -0.11012065 0.19174883 0.13192178
v -0.115467206 0.17846814 0.13600446
v -0.11721107 0.17789829 0.13665663
v -0.11024935 0.17702553 0.13308427
v -0.110343315 0.17471322 0.13492332
v -0.11024935 0.17702553 0.13308427
v -0.115467206 0.17846814 0.13600446
v -0.11181301 0.17966238 0.13647965
v -0.102003194 0.17880398 0.12820506
v -0.09355801 0.18587247 0.123404816
v -0.13787235 0.20266083 -0.16116048
v -0.14311734 0.20977357 -0.16255222
v -0.13518392 0.19421777 -0.1681973
v -0.12941456 0.1970635 -0.15475555
v -0.1352249 0.20217761 -0.15948221
v -0.1261707 0.18401644 -0.15121539
v -0.13516136 0.2052562 -0.1634135
v -0.13787235 0.20266083 -0.16116048
v -0.13251954 0.19971809 -0.16167787
v -0.1352249 0.20217761 -0.15948221
v -0.13558489 0.39132246 -0.24870154
v -0.13670126 0.40790927 -0.2622251
v -0.13667469 0.40239158 -0.2593646
v -0.13624196 0.4074447 -0.2618822
v -0.13568157 0.4076836 -0.26188886
v -0.13567491 0.4074602 -0.26222324
v -0.13201013 0.4245184 -0.26534778
v -0.13401687 0.4092346 -0.26468837
v -0.13624196 0.4074447 -0.2618822
v -0.13667469 0.40239158 -0.2593646
v -0.13618775 0.40675163 -0.26283592
v -0.13568157 0.4076836 -0.26188886
v -0.13567491 0.4074602 -0.26222324
v -0.13670126 0.40790927 -0.2622251
v -0.13618775 0.40675163 -0.26283592
v -0.13667469 0.40239158 -0.2593646
v -0.13401687 0.4092346 -0.26468837
v -0.13568157 0.4076836 -0.26188886
v -0.13563928 0.405609 -0.2629997
v -0.13667469 0.40239158 -0.2593646
v -0.13618775 0.40675163 -0.26283592
v -0.13563928 0.405609 -0.2629997
v -0.13568157 0.4076836 -0.26188886
v -0.13567491 0.4074602 -0.26222324
v -0.13618775 0.40675163 -0.26283592
v -0.13568157 0.4076836 -0.26188886
v -0.13563928 0.405609 -0.2629997
v -0.13516136 0.2052562 -0.1634135
v -0.13251954 0.19971809 -0.16167787
v -0.13518392 0.19421777 -0.1681973
v -0.12438144 0.20589164 -0.16788302
v -0.124975875 0.1893453 -0.16032732
v -0.13401687 0.4092346 -0.26468837
v -0.13667469 0.40239158 -0.2593646
v -0.13563928 0.405609 -0.2629997
v -0.12438144 0.20589164 -0.16788302
v -0.13518392 0.19421777 -0.1681973
v -0.13153704 0.20313749 -0.17349069
v -0.1290085 0.18767688 -0.13146786
v -0.12941456 0.1970635 -0.15475555
v -0.11411269 0.20378274 -0.15807074
v -0.11617461 0.20766658 -0.1791238
v -0.10486602 0.18536565 -0.12271098
v -0.11813789 0.16768092 -0.10899044
v -0.11098895 0.21073455 -0.17332771
v -0.11617461 0.20766658 -0.1791238
v -0.11396764 0.22174913 -0.17271484
v -0.113461 0.04387805 0.04815743
v -0.11964244 0.06950593 0.049087208
v -0.10781766 0.06019056 0.051582124
v -0.091706105 0.17784324 -0.10218284
v -0.10245139 0.15533262 -0.055323225
v -0.11098895 0.21073455 -0.17332771
v -0.11924533 0.257955 -0.19001788
v -0.09762175 0.24766572 -0.17502707
v -0.1032093 0.23468816 -0.17622735
v -0.09454004 0.21775836 -0.16552313
v -0.10795389 0.0900453 0.041506838
v -0.09818672 0.10939649 0.042497877
v -0.10076419 0.0562267 0.062889256
v -0.07973951 0.20564467 -0.138124
v -0.103045985 0.16096851 0.008014433
v -0.09722545 0.15624073 0.019118551
v -0.114378646 0.14368802 0.023878802
v -0.089562535 0.1672475 -0.074232236
v -0.08754974 0.22356763 -0.15970889
v -0.093568265 0.10068202 0.058656015
v -0.08361382 0.17011094 0.01680699
v -0.09187808 0.045590967 0.09641311
v -0.08774472 0.15023503 0.04179009
v -0.07971775 0.16821036 0.032568432
v -0.092592716 0.15791288 -0.012321712
v -0.07052874 0.17038229 -0.020448552
v -0.07499017 0.19420883 -0.112978116
v -0.06681814 0.18456039 -0.08817076
v -0.06822285 0.1771222 0.008650522
v -0.08396353 0.1722939 0.04727937
v -0.07785407 0.17895761 0.050684337
v -0.05331732 0.18428987 -0.046557993
v -0.06012235 0.18033183 0.034683187
v -0.0528447 0.19048008 0.0014017941
v -0.051173624 0.18999195 0.02176952
v -0.040293187 0.18815535 -0.065125555
v -0.04913587 0.19443154 -0.10243389
v -0.13018066 0.5716662 -0.2589547
v -0.13021061 0.5679301 -0.24631588
v -0.13036664 0.5593268 -0.25397873
v -0.12469883 0.5867802 -0.2527993
v -0.12830931 0.57171106 -0.23954295
v -0.12574284 0.5645503 -0.26566857
v -0.1270137 0.57382435 -0.23451899
v -0.12779899 0.5725108 -0.23253843
v -0.12737903 0.57160854 -0.23459318
v -0.12804344 0.56669253 -0.2408522
v -0.12162863 0.5820667 -0.23894636
v -0.1270137 0.57382435 -0.23451899
v -0.1266512 0.5729703 -0.23403561
v -0.12830931 0.57171106 -0.23954295
v -0.12362085 0.5699379 -0.26617867
v -0.11928714 0.574209 -0.2915064
v -0.12559527 0.5598579 -0.27335453
v -0.121034 0.5458307 -0.30626333
v -0.117390096 0.6004662 -0.26745844
v -0.12211503 0.5659461 -0.27240264
v -0.12399857 0.56697536 -0.26900017
v -0.12574284 0.5645503 -0.26566857
v -0.12362085 0.5699379 -0.26617867
v -0.12431169 0.5655201 -0.26440358
v -0.117390096 0.6004662 -0.26745844
v -0.11248461 0.59723586 -0.28705084
v -0.118374825 0.5874569 -0.31779158
v -0.1260525 0.578848 -0.33527666
v -0.12272034 0.5623073 -0.32852012
v -0.114451654 0.5912859 -0.32769966
v -0.10911244 0.612774 -0.2667107
v -0.10899358 0.59625053 -0.3025794
v -0.114451654 0.5912859 -0.32769966
v -0.1260525 0.578848 -0.33527666
v -0.11536516 0.5880542 -0.34813398
v -0.108124256 0.51141363 -0.3227452
v -0.11437823 0.51050353 -0.31982285
v -0.113186195 0.5000018 -0.32583022
v -0.10736741 0.6057478 -0.2581445
v -0.11563592 0.51999193 -0.34142804
v -0.10298739 0.5502114 -0.3526426
v -0.1116802 0.5313071 -0.31900948
v -0.11361447 0.5254902 -0.33173835
v -0.105765976 0.5271569 -0.32626122
v -0.10911244 0.612774 -0.2667107
v -0.105765976 0.5271569 -0.32626122
v -0.10123837 0.61141425 -0.301575
v -0.10029287 0.61781114 -0.28761303
v -0.097361445 0.5460855 -0.32585126
v -0.1116802 0.5313071 -0.31900948
v -0.09150765 0.6311038 -0.2897237
v -0.09348182 0.572401 -0.33058017
v -0.08639164 0.63615805 -0.31814116
v -0.09497539 0.60929924 -0.34748095
v -0.09439737 0.60577404 -0.31782037
v -0.09348182 0.572401 -0.33058017
v -0.09497539 0.60929924 -0.34748095
v -0.09803025 0.5835991 -0.34102535
v -0.09150765 0.6311038 -0.2897237
v -0.09366626 0.6174271 -0.3224873
v -0.08892358 0.5660827 -0.38548112
v -0.08888073 0.59290105 -0.38264138
v -0.09020366 0.547692 -0.3959313
v -0.09439737 0.60577404 -0.31782037
v -0.10123837 0.61141425 -0.301575
v -0.10290828 0.5888456 -0.30382246
v -0.08584276 0.632104 -0.3378039
v -0.08786866 0.6292372 -0.37372518
v -0.08584276 0.632104 -0.3378039
v -0.087807104 0.667033 -0.39295727
v -0.089999184 0.63635725 -0.4201727
v -0.09054877 0.64025056 -0.44688672
v -0.08494498 0.6183981 -0.41975057
v -0.08413159 0.59469354 -0.4321711
v -0.08750602 0.6077559 -0.45597398
v -0.08636995 0.6523907 -0.37894422
v -0.08720227 0.6682316 -0.44421005
v -0.08581039 0.5717991 -0.42929715
v -0.084579594 0.5808887 -0.41483337
v -0.084788255 0.65095437 -0.35031617
v -0.08001285 0.6712551 -0.36196947
v -0.08166711 0.5646475 -0.39652008
v -0.0761091 0.65365076 -0.33102256
v -0.07722353 0.66173655 -0.34540403
v -0.07755411 0.6877353 -0.37350667
v -0.08063829 0.5830223 -0.42488545
v -0.07313844 0.644826 -0.33280516
v -0.08136891 0.5743669 -0.416835
v -0.07110172 0.6703545 -0.33570677
v -0.0709706 0.6908767 -0.36576158
v -0.06976094 0.66801 -0.35623127
v -0.07110172 0.6703545 -0.33570677
v -0.07722353 0.66173655 -0.34540403
v -0.061404496 0.6838842 -0.33169395
v -0.06804453 0.7001192 -0.4201727
v -0.07091214 0.6782844 -0.38888258
v -0.07049113 0.67157125 -0.41624165
v -0.06804453 0.7001192 -0.4201727
v -0.065124944 0.6895144 -0.36994386
v -0.07091214 0.6782844 -0.38888258
v -0.070936255 0.6987969 -0.44010282
v -0.066635564 0.70190823 -0.35816616
v -0.06834861 0.6937776 -0.44973952
v -0.06830017 0.72589946 -0.45037836
v -0.06694529 0.7230393 -0.4284966
v -0.06884686 0.72158855 -0.43142074
v -0.067770466 0.7238943 -0.43169188
v -0.06825333 0.71854246 -0.43335593
v -0.068077706 0.7252564 -0.43402725
v -0.06694529 0.7230393 -0.4284966
v -0.069733165 0.6669985 -0.43634653
v -0.068053976 0.6864505 -0.46568882
v -0.06825333 0.71854246 -0.43335593
v -0.06677069 0.7298159 -0.43453473
v -0.0660892 0.7391317 -0.4374869
v -0.066765755 0.73017335 -0.42653638
v -0.068077706 0.7252564 -0.43402725
v -0.064557076 0.7371464 -0.4555031
v -0.06078927 0.69493484 -0.34801316
v -0.064417355 0.7158016 -0.48199505
v -0.060472492 0.71866536 -0.40295053
v -0.058298428 0.7273623 -0.4246843
v -0.06078927 0.69493484 -0.34801316
v -0.05881935 0.7781513 -0.43352628
v -0.0660892 0.7391317 -0.4374869
v -0.060145147 0.75310254 -0.4361108
v -0.05837609 0.7039246 -0.35803163
v -0.06046463 0.75882363 -0.4488607
v -0.062380712 0.7503644 -0.47158718
v -0.060145147 0.75310254 -0.4361108
v -0.06244535 0.762183 -0.45408046
v -0.05798666 0.71514946 -0.37327582
v -0.052975547 0.75567067 -0.39801878
v -0.05502774 0.75529045 -0.4292841
v -0.05158042 0.71500134 -0.36171103
v -0.05464934 0.77279174 -0.4508735
v -0.050893743 0.7292008 -0.3776995
v -0.05076305 0.7561339 -0.45501626
v -0.049443558 0.74766445 -0.38736176
v -0.045336057 0.77001137 -0.36038035
v -0.044814292 0.78721106 -0.43889308
v -0.04330924 0.73404163 -0.372716
v -0.03591889 0.8068509 -0.3925509
v -0.04334729 0.7897793 -0.37268168
v -0.037836343 0.7878126 -0.48098636
v -0.027561294 0.82365024 -0.41651446
v -0.028689617 0.8178766 -0.45577013
v -0.018213205 0.83053803 -0.38493854
v -0.02708713 0.8225422 -0.38393372
v -0.007885935 0.8431156 -0.44861215
v -0.00039671035 0.83545816 -0.39625293
v -0.012341919 0.8317195 -0.3734011
v -0.12673351 0.0088171065 0.2261102
v -0.12966532 0.018031836 0.23947237
v -0.1295025 0.021930337 0.21928188
v -0.12716496 0.010780692 0.12155756
v -0.13212456 0.017951965 0.112849586
v -0.13508093 0.0032787025 0.10369115
v -0.12217684 0.02776283 0.2386612
v -0.12910788 0.010052353 0.19569178
v -0.120640755 0.02793771 0.19836959
v -0.13051389 0.03846869 0.10993201
v -0.12354945 0.029626817 0.13031292
v -0.115184516 0.022129267 0.25759166
v -0.1233854 0.020105273 0.15654685
v -0.12696743 0.0047600865 0.15815394
v -0.12639026 0.16581744 0.044163205
v -0.12335662 0.11446831 0.04370834
v -0.12268292 0.14306504 0.05510712
v -0.112157285 0.05184394 0.11567359
v -0.12987041 0.07957193 0.079969935
v -0.11137546 0.16791391 0.05595082
v -0.11691579 0.1067287 0.07748034
v -0.10836137 0.14555764 0.06142973
v -0.11212749 0.034718275 0.23426753
v -0.10015879 0.029997975 0.16096775
v -0.10629354 0.035763443 0.24367514
v -0.10165897 0.02927956 0.25472522
v -0.12830931 0.57171106 -0.23954295
v -0.12779899 0.5725108 -0.23253843
v -0.12893686 0.5690182 -0.23482859
v -0.1284606 0.56860864 -0.24082012
v -0.12901323 0.5661986 -0.23983893
v -0.13021061 0.5679301 -0.24631588
v -0.1284606 0.56860864 -0.24082012
v -0.12804344 0.56669253 -0.2408522
v -0.12705392 0.5692264 -0.24150625
v -0.12691092 0.5682686 -0.2470852
v -0.12830931 0.57171106 -0.23954295
v -0.13021061 0.5679301 -0.24631588
v -0.12830931 0.57171106 -0.23954295
v -0.12691092 0.5682686 -0.2470852
v -0.12705392 0.5692264 -0.24150625
v -0.12737903 0.57160854 -0.23459318
v -0.12779899 0.5725108 -0.23253843
v -0.12830931 0.57171106 -0.23954295
v -0.12376267 0.57461876 -0.24419786
v -0.12705392 0.5692264 -0.24150625
v -0.12901323 0.5661986 -0.23983893
v -0.12893686 0.5690182 -0.23482859
v -0.12804344 0.56669253 -0.2408522
v -0.13021061 0.5679301 -0.24631588
v -0.12901323 0.5661986 -0.23983893
v -0.12804344 0.56669253 -0.2408522
v -0.12691092 0.5682686 -0.2470852
v -0.13036664 0.5593268 -0.25397873
v -0.1284606 0.56860864 -0.24082012
v -0.12691092 0.5682686 -0.2470852
v -0.12804344 0.56669253 -0.2408522
v -0.1266512 0.5729703 -0.23403561
v -0.12779899 0.5725108 -0.23253843
v -0.12737903 0.57160854 -0.23459318
v -0.1270137 0.57382435 -0.23451899
v -0.12737903 0.57160854 -0.23459318
v -0.1266512 0.5729703 -0.23403561
v -0.12830931 0.57171106 -0.23954295
v -0.1266512 0.5729703 -0.23403561
v -0.12376267 0.57461876 -0.24419786
v -0.12376267 0.57461876 -0.24419786
v -0.12162863 0.5820667 -0.23894636
v -0.12431169 0.5655201 -0.26440358
v -0.12574284 0.5645503 -0.26566857
v -0.12559527 0.5598579 -0.27335453
v -0.12211503 0.5659461 -0.27240264
v -0.12362085 0.5699379 -0.26617867
v -0.12399857 0.56697536 -0.26900017
v -0.11446822 0.5856236 -0.26571506
v -0.11954578 0.54107124 -0.29102325
v -0.10923733 0.5795498 -0.29156286
v -0.11570386 0.55153316 -0.31704515
v -0.1116802 0.5313071 -0.31900948
v -0.11643007 0.5360155 -0.30118418
v -0.11643007 0.5360155 -0.30118418
v -0.118752934 0.5200605 -0.2991742
v -0.11925322 0.52668464 -0.30090272
v -0.118752934 0.5200605 -0.2991742
v -0.11704627 0.52105296 -0.30152696
v -0.114600636 0.511763 -0.3088606
v -0.1139353 0.573449 -0.30593294
v -0.110645786 0.56963366 -0.33121789
v -0.118374825 0.5874569 -0.31779158
v -0.114451654 0.5912859 -0.32769966
v -0.109795555 0.56244934 -0.30044872
v -0.11266119 0.53535247 -0.3350383
v -0.11361447 0.5254902 -0.33173835
v -0.11563592 0.51999193 -0.34142804
v -0.11617546 0.52614444 -0.33492345
v -0.11607273 0.52650416 -0.33395332
v -0.107881166 0.5846311 -0.3457482
v -0.11536516 0.5880542 -0.34813398
v -0.10736741 0.6057478 -0.2581445
v -0.10298739 0.5502114 -0.3526426
v -0.09150765 0.6311038 -0.2897237
v -0.10290828 0.5888456 -0.30382246
v -0.103919275 0.60110223 -0.36476076
v -0.09719829 0.59224933 -0.38673562
v -0.096579656 0.6244209 -0.38950694
v -0.09020366 0.547692 -0.3959313
v -0.09381583 0.5986886 -0.4206034
v -0.09439737 0.60577404 -0.31782037
v -0.09383851 0.63950205 -0.4205224
v -0.09054877 0.64025056 -0.44688672
v -0.08639164 0.63615805 -0.31814116
v -0.08750602 0.6077559 -0.45597398
v -0.080400564 0.61913115 -0.33337408
v -0.08581039 0.5717991 -0.42929715
v -0.09348182 0.572401 -0.33058017
v -0.070675515 0.6002845 -0.3593697
v -0.07640681 0.56784606 -0.35696942
v -0.07313844 0.644826 -0.33280516
v -0.08584276 0.632104 -0.3378039
v -0.0761091 0.65365076 -0.33102256
v -0.07313844 0.644826 -0.33280516
v -0.064921364 0.64802325 -0.3483866
v -0.057006355 0.584088 -0.38909864
v -0.061404496 0.6838842 -0.33169395
v -0.065348506 0.56449234 -0.37629718
v -0.061404496 0.6838842 -0.33169395
v -0.06078927 0.69493484 -0.34801316
v -0.054669533 0.69174176 -0.3507238
v -0.047218222 0.65817165 -0.38511562
v -0.05399555 0.6767096 -0.34734815
v -0.043804213 0.60247475 -0.3972668
v -0.05158042 0.71500134 -0.36171103
v -0.046593014 0.6930888 -0.3880636
v -0.04882195 0.67121965 -0.3824697
v -0.045947544 0.63085914 -0.3991701
v -0.04465953 0.678627 -0.42057323
v -0.037311934 0.6509671 -0.39985454
v -0.03904293 0.6808501 -0.40663868
v -0.047218222 0.65817165 -0.38511562
v -0.04882195 0.67121965 -0.3824697
v -0.03711705 0.7278546 -0.3931629
v -0.03963969 0.753708 -0.367144
v -0.04330924 0.73404163 -0.372716
v -0.045336057 0.77001137 -0.36038035
v -0.04330924 0.73404163 -0.372716
v -0.035383865 0.69586647 -0.43335623
v -0.040400967 0.67247725 -0.46282077
v -0.047218222 0.65817165 -0.38511562
v -0.03878438 0.6777508 -0.38564122
v -0.037311934 0.6509671 -0.39985454
v -0.026134916 0.6239586 -0.42587274
v -0.038480937 0.7071095 -0.40507042
v -0.033590198 0.7938671 -0.34446812
v -0.038909867 0.7724352 -0.3480798
v -0.03994159 0.7934395 -0.33732104
v -0.03963969 0.753708 -0.367144
v -0.032843374 0.7591274 -0.3775276
v -0.033211626 0.63424975 -0.42073828
v -0.03248042 0.72197634 -0.4004259
v -0.034042172 0.78314507 -0.35129982
v -0.031927913 0.6671526 -0.39396626
v -0.03325131 0.7017331 -0.39260942
v -0.03477826 0.8106754 -0.33854103
v -0.03014498 0.72377574 -0.41147417
v -0.022136912 0.80331326 -0.36930656
v -0.013449688 0.66075003 -0.43047547
v -0.021060895 0.73390025 -0.42709512
v -0.016625628 0.7207912 -0.43225217
v -0.019968696 0.70982957 -0.4612831
v -0.021647358 0.8186215 -0.3373518
v -0.033590198 0.7938671 -0.34446812
v -0.03477826 0.8106754 -0.33854103
v -0.023867425 0.6088563 -0.42112166
v -0.017262336 0.68584615 -0.4199397
v -0.025946349 0.6361251 -0.41750985
v -0.026134916 0.6239586 -0.42587274
v -0.033211626 0.63424975 -0.42073828
v -0.00757376 0.77542806 -0.42331833
v -0.0115233995 0.7031373 -0.48793834
v -0.021182898 0.7221674 -0.40501648
v -0.01136974 0.6181725 -0.45399022
v -0.018770102 0.689265 -0.48651648
v -0.012341919 0.8317195 -0.3734011
v -0.019247876 0.8236325 -0.3636425
v -0.012435888 0.7208205 -0.42073727
v -0.009092349 0.730579 -0.45804733
v -0.005703893 0.7265094 -0.44775862
v -0.004782052 0.6918936 -0.43722224
v -0.0042012995 0.63936675 -0.46229923
v -0.00039671035 0.83545816 -0.39625293
v -0.01136974 0.6181725 -0.45399022
v -0.004360701 0.71697164 -0.48594946
v -0.0026771096 0.750262 -0.45331872
v -0.0074662305 0.73228645 -0.4720102
v -0.0018137792 0.7046574 -0.49592245
v -0.005816237 0.7208468 -0.43208456
v -0.00083350344 0.6625158 -0.44559819
v -0.002819549 0.61793065 -0.4671325
v -0.1261707 0.18401644 -0.15121539
v -0.11713172 0.19088334 -0.15928404
v -0.12941456 0.1970635 -0.15475555
v -0.11411269 0.20378274 -0.15807074
v -0.11098895 0.21073455 -0.17332771
v -0.10608287 0.19778761 -0.17090577
v -0.1283131 0.56229526 -0.3587517
v -0.1260525 0.578848 -0.33527666
v -0.12272034 0.5623073 -0.32852012
v -0.12116552 0.543644 -0.33948588
v -0.121034 0.5458307 -0.30626333
v -0.12559527 0.5598579 -0.27335453
v -0.11954578 0.54107124 -0.29102325
v -0.11948754 0.53597426 -0.3748818
v -0.11563592 0.51999193 -0.34142804
v -0.117830284 0.5248813 -0.33572376
v -0.11925322 0.52668464 -0.30090272
v -0.118150525 0.5255607 -0.31866997
v -0.119351655 0.5227365 -0.2991895
v -0.118752934 0.5200605 -0.2991742
v -0.1180297 0.52227837 -0.30108505
v -0.114600636 0.511763 -0.3088606
v -0.11266119 0.53535247 -0.3350383
v -0.11704627 0.52105296 -0.30152696
v -0.11607273 0.52650416 -0.33395332
v -0.11437823 0.51050353 -0.31982285
v -0.11274379 0.48476404 -0.31205314
v -0.113186195 0.5000018 -0.32583022
v -0.11563592 0.51999193 -0.34142804
v -0.117830284 0.5248813 -0.33572376
v -0.11361447 0.5254902 -0.33173835
v -0.10725135 0.48168743 -0.348648
v -0.09798219 0.48490244 -0.39278412
v -0.104717314 0.45475748 -0.3232333
v -0.1034835 0.45769867 -0.31020808
v -0.093210645 0.4568186 -0.37003654
v -0.101502426 0.43753603 -0.3031397
v -0.12759453 0.32424277 -0.22323127
v -0.109663434 0.31900936 -0.22866863
v -0.12518819 0.31245452 -0.21610858
v -0.112784185 0.33006418 -0.238345
v -0.0866242 0.33780432 -0.25026387
v -0.113842525 0.35170007 -0.24918228
v -0.09171638 0.32274216 -0.23918854
v -0.08264401 0.35430935 -0.26932478
v -0.08072303 0.45016667 -0.32323116
v -0.059665754 0.43363208 -0.32195127
v -0.08562679 0.42198497 -0.3054551
v -0.06518105 0.3913264 -0.30527645
v -0.062837124 0.3430826 -0.2661727
v -0.05808977 0.48595583 -0.34424168
v -0.07844149 0.4711201 -0.33004743
v -0.073117 0.49670252 -0.35407615
v -0.06850462 0.50940967 -0.36397952
v -0.06021245 0.51309454 -0.35884875
v -0.05995278 0.35916495 -0.2821653
v -0.06638764 0.35984376 -0.2918232
v -0.059713732 0.5246061 -0.3665138
v -0.05193118 0.29561657 -0.24343911
v -0.052898396 0.28178933 -0.23157312
v -0.080039576 0.26892072 -0.20732611
v -0.08203364 0.3716784 -0.29081357
v -0.043028068 0.3733653 -0.3023827
v -0.037589505 0.50210595 -0.35788405
v -0.039381932 0.35716462 -0.28588372
v -0.021474313 0.41840717 -0.32168388
v -0.04515923 0.52954274 -0.37047333
v -0.039692614 0.58341813 -0.39010477
v -0.0529498 0.57207763 -0.38274187
v -0.05431846 0.581962 -0.37915486
v -0.03365162 0.57156706 -0.39263344
v -0.045765817 0.56258225 -0.38727242
v -0.0099018905 0.4836474 -0.35362917
v -0.043804213 0.60247475 -0.3972668
v -0.027034173 0.2987463 -0.24999024
v -0.022888986 0.53726876 -0.3769908
v -0.040486835 0.3202497 -0.26699203
v -0.017276559 0.33879793 -0.27732873
v -0.04869881 0.33539933 -0.27423912
v -0.039792914 0.54688734 -0.38013154
v -0.02636427 0.27609497 -0.23407951
v -0.025557924 0.59105873 -0.4051649
v -0.023867425 0.6088563 -0.42112166
v -0.0067623863 0.31407583 -0.26290965
v -0.0025543196 0.37219107 -0.2997638
v -0.008867986 0.56828177 -0.39780903
v -0.014534237 0.60334027 -0.42423868
v -0.010169334 0.55526495 -0.3923095
v -0.0076913615 0.5807319 -0.4104213
v -0.010839561 0.59376585 -0.42097753
v 0.0037950687 0.27581 -0.23667748
v -0.004273972 0.54605424 -0.38523263
v -0.0052595935 0.61689293 -0.43328655
v -0.011231818 0.621964 -0.43574077
v -0.004474928 0.5997589 -0.4308545
v 0.018900681 0.4242008 -0.32404035
v -0.0023025665 0.5919287 -0.41833055
v -0.0035578809 0.59282047 -0.4259196
v -0.0050745932 0.60339975 -0.4290582
v -0.0030359474 0.6021491 -0.4256962
v -0.0010823384 0.55047596 -0.3972444
v 0.02007179 0.55032855 -0.3829087
v 0.0009606471 0.5917674 -0.42488492
v 0.0131572075 0.5332125 -0.37389517
v 0.025701843 0.3341996 -0.27429634
v 0.031370547 0.28530568 -0.23817709
v 0.01781225 0.57255447 -0.39808506
v 0.0049633067 0.5628672 -0.3930362
v 0.030277386 0.36575598 -0.29542005
v 0.041199394 0.38397142 -0.30705565
v 0.04884217 0.28319624 -0.24176261
v 0.04140964 0.535137 -0.37225062
v 0.045987256 0.3146878 -0.26180398
v 0.05289428 0.3565038 -0.28411877
v 0.060518637 0.36690181 -0.29839873
v 0.044046614 0.79071784 0.38129693
v 0.035275497 0.7754019 0.3842938
v 0.03799358 0.768945 0.3960278
v 0.0455851 0.18772286 0.019302208
v 0.04929237 0.17269641 0.059954137
v 0.039044607 0.17638198 0.0040923343
v 0.0531464 0.18231478 0.055017807
v 0.08852358 0.1926454 0.10245125
v 0.07318186 0.17272553 0.038838577
v 0.06716334 0.17896903 0.10216926
v 0.093666345 0.1888152 0.12805656
v 0.103074454 0.17822036 0.064509265
v 0.10139701 0.18814957 0.101275094
v 0.117437065 0.2027596 0.12302515
v 0.12863044 0.18688235 0.07547296
v 0.121081315 0.20233104 0.13168426
v 0.13004476 0.19214681 0.10401544
v 0.13197066 0.18554243 0.056702446
v 0.13211498 0.19522172 0.12604947
v 0.13957365 0.19042873 0.11017857
v 0.14282274 0.19671437 0.091606416
v -0.12116552 0.543644 -0.33948588
v -0.11266119 0.53535247 -0.3350383
v -0.117830284 0.5248813 -0.33572376
v -0.11617546 0.52614444 -0.33492345
v -0.11607273 0.52650416 -0.33395332
v -0.11437823 0.51050353 -0.31982285
v -0.11704627 0.52105296 -0.30152696
v -0.119351655 0.5227365 -0.2991895
v -0.1180297 0.52227837 -0.30108505
v -0.11925322 0.52668464 -0.30090272
v -0.11643007 0.5360155 -0.30118418
v -0.1266273 0.19084391 0.15025124
v -0.11767733 0.17993563 0.13885704
v -0.10803603 0.18643859 0.14415692
v -0.11463273 0.18210629 0.13727921
v -0.115467206 0.17846814 0.13600446
v -0.110343315 0.17471322 0.13492332
v -0.11181301 0.17966238 0.13647965
v -0.12745637 0.22768888 0.17314027
v -0.11711218 0.20596895 0.16281107
v -0.095491685 0.21752942 0.1543125
v -0.102003194 0.17880398 0.12820506
v -0.09355801 0.18587247 0.123404816
v -0.08388274 0.19496125 0.128243
v -0.07770851 0.17876789 0.10893005
v -0.06486519 0.21131802 0.118455544
v -0.059404198 0.1874671 0.09500494
v -0.063029416 0.17335045 0.086030215
v -0.048429333 0.19793728 0.07270987
v -0.051437035 0.1745547 0.054871965
v -0.048790608 0.17951083 0.024643574
v -0.051173624 0.18999195 0.02176952
v -0.0528447 0.19048008 0.0014017941
v -0.118374825 0.5874569 -0.31779158
v -0.1139353 0.573449 -0.30593294
v -0.10899358 0.59625053 -0.3025794
v -0.11643007 0.5360155 -0.30118418
v -0.109795555 0.56244934 -0.30044872
v -0.10290828 0.5888456 -0.30382246
v -0.10123837 0.61141425 -0.301575
v -0.11361447 0.5254902 -0.33173835
v -0.117830284 0.5248813 -0.33572376
v -0.11437823 0.51050353 -0.31982285
v -0.11094334 0.5006267 -0.31111604
v -0.108759046 0.5158874 -0.3169831
v -0.105765976 0.5271569 -0.32626122
v -0.100990884 0.52681607 -0.32507586
v -0.10554321 0.64559335 -0.21565531
v -0.11295102 0.61928463 -0.17202555
v -0.08800056 0.6518556 -0.19173262
v -0.10616735 0.6211142 -0.13198312
v -0.092193976 0.6431031 -0.16333398
v -0.08825961 0.6690415 -0.2435266
v -0.06777285 0.6767353 -0.20608851
v -0.05862691 0.65846646 -0.14732583
v -0.059689283 0.64589715 -0.11312374
v -0.06936439 0.70742345 -0.28459525
v -0.08427681 0.68193716 -0.27041924
v -0.046337564 0.7236965 -0.25761902
v -0.07896039 0.7587534 -0.33663648
v -0.070300624 0.7660041 -0.32893324
v -0.07969014 0.7741157 -0.34717566
v -0.059425116 0.69810873 -0.235549
v -0.07162882 0.75089425 -0.32272083
v -0.065613955 0.7879266 -0.33682722
v -0.06582531 0.78907704 -0.34327465
v -0.0635045 0.74784225 -0.30951554
v -0.056922078 0.7738733 -0.31593513
v -0.044091005 0.6893801 -0.1871944
v -0.061002735 0.73273444 -0.28612316
v -0.03998778 0.75784373 -0.2758376
v -0.04570939 0.7080653 -0.21637219
v -0.09039031 0.62354505 -0.06652344
v -0.024670769 0.6489807 -0.08495101
v -0.05262375 0.7933247 -0.33389616
v -0.031140316 0.7690668 -0.2796027
v -0.04361774 0.7839743 -0.3089499
v -0.026603412 0.6742029 -0.16065478
v -0.03383562 0.7058329 -0.20745623
v -0.03998032 0.8742953 -0.40760666
v -0.045817867 0.8531044 -0.3945027
v -0.041811295 0.86056435 -0.39197755
v -0.039091773 0.87049615 -0.39800757
v -0.040917 0.8717618 -0.40051258
v -0.037937596 0.85975015 -0.37921327
v -0.039091773 0.87049615 -0.39800757
v -0.041811295 0.86056435 -0.39197755
v -0.040701754 0.85960984 -0.39114237
v -0.02881515 0.6610638 -0.13149773
v -0.03170775 0.8983482 -0.41044062
v -0.031445418 0.8932174 -0.3960544
v -0.028512662 0.73344094 -0.2336221
v -0.030953482 0.75145507 -0.2541086
v -0.029361762 0.7902307 -0.2862028
v -0.032062013 0.8342782 -0.3142841
v -0.040420253 0.80556154 -0.3124799
v -0.010050762 0.68958414 -0.1805214
v -0.009430242 0.7189291 -0.2117171
v -0.0117997965 0.8343809 -0.2948888
v -0.013647702 0.8585245 -0.32064736
v -0.033416517 0.8383951 -0.33183712
v -0.01817961 0.7783712 -0.26006925
v -0.027794924 0.86563194 -0.34696776
v -0.023405557 0.8937149 -0.36916953
v -0.017995019 0.9112756 -0.38674527
v -0.009944404 0.7464249 -0.2390125
v -0.00046344614 0.66955084 -0.14692277
v -0.011131965 0.7964312 -0.27259785
v -0.031140316 0.7690668 -0.2796027
v -0.017284553 0.87970304 -0.34273177
v -0.017795462 0.91168594 -0.40747142
v -0.007928617 0.8937623 -0.34871125
v -0.011131965 0.7964312 -0.27259785
v -0.013403772 0.8813374 -0.34275305
v -0.006680636 0.91213083 -0.370876
v -0.00097294943 0.76797074 -0.24879777
v -0.0037565671 0.9204693 -0.3920821
v -0.01817961 0.7783712 -0.26006925
v -0.0023679263 0.78817725 -0.26049906
v -0.0031351831 0.80193686 -0.26184553
v -0.000004492933 0.86155725 -0.31848758
v -0.013647702 0.8585245 -0.32064736
v -0.0117997965 0.8343809 -0.2948888
v 0.02041673 0.7043987 -0.19994818
v 0.011660817 0.78100896 -0.26017308
v 0.0029047197 0.7990389 -0.270994
v 0.01432501 0.74680233 -0.24288385
v 0.017084045 0.6870653 -0.17798106
v 0.00844967 0.8460953 -0.3035096
v 0.014644543 0.8137915 -0.2884885
v 0.0029047197 0.7990389 -0.270994
v 0.012361117 0.8672228 -0.33454883
v 0.0368433 0.65087354 -0.11172895
v 0.020776058 0.7223637 -0.22042862
v 0.02762756 0.6686546 -0.15239182
v 0.0415313 0.6890279 -0.18834846
v 0.04659811 0.6715777 -0.17111482
v -0.10803603 0.18643859 0.14415692
v -0.11463273 0.18210629 0.13727921
v -0.11181301 0.17966238 0.13647965
v -0.11024935 0.17702553 0.13308427
v -0.112157285 0.05184394 0.11567359
v -0.102463506 0.10141808 0.07794409
v -0.11691579 0.1067287 0.07748034
v -0.10836137 0.14555764 0.06142973
v -0.116866276 0.17776278 0.061985306
v -0.11137546 0.16791391 0.05595082
v -0.09443464 0.17204493 0.0555496
v -0.10629354 0.035763443 0.24367514
v -0.096732974 0.022002488 0.20319407
v -0.10015879 0.029997975 0.16096775
v -0.095031224 0.14568695 0.056583617
v -0.10165897 0.02927956 0.25472522
v -0.09187808 0.045590967 0.09641311
v -0.09760587 0.014584243 0.23867935
v -0.0965625 0.0063595176 0.17066985
v -0.093568265 0.10068202 0.058656015
v -0.08774472 0.15023503 0.04179009
v -0.09928576 0.0059622526 0.102701485
v -0.06705643 0.013330579 0.0972744
v -0.08396353 0.1722939 0.04727937
v -0.101872474 0.18124926 0.068275586
v -0.07785407 0.17895761 0.050684337
v -0.0652154 0.03764531 0.10011098
v -0.07971775 0.16821036 0.032568432
v -0.035899654 0.028431624 0.101537034
v -0.03502257 0.01797226 0.096521184
v -0.09417182 0.024473608 0.010156753
v -0.106641166 0.026774228 0.014728116
v -0.09901743 0.033740014 0.023818495
v -0.10076419 0.0562267 0.062889256
v -0.09561538 0.025630176 0.05485249
v -0.113461 0.04387805 0.04815743
v -0.08723496 0.040453196 0.08276086
v -0.09187808 0.045590967 0.09641311
v -0.0860901 0.0186778 0.08013962
v -0.08538335 0.018075943 0.012906173
v -0.092163935 0.009875774 0.0069248807
v -0.08876644 0.010242015 0.020143664
v -0.0652154 0.03764531 0.10011098
v -0.04921147 0.03192836 0.09050199
v -0.05487759 0.020308793 0.08241247
v -0.03502257 0.01797226 0.096521184
v -0.035899654 0.028431624 0.101537034
v -0.094996095 0.32216278 -0.21171786
v -0.08698818 0.29338515 -0.20598431
v -0.0957522 0.31347328 -0.20215274
v -0.080039576 0.26892072 -0.20732611
v -0.07945698 0.24473211 -0.17642184
v -0.09631079 0.2667781 -0.18519492
v -0.096474566 0.29600433 -0.1985591
v -0.06525655 0.31468403 -0.25000456
v -0.08118601 0.32655 -0.23484068
v -0.06884974 0.29092896 -0.22801238
v -0.059613127 0.33307627 -0.2611001
v -0.07049354 0.34106463 -0.24980488
v -0.050088946 0.28584647 -0.25034988
v -0.053766463 0.32262182 -0.25804043
v -0.05440092 0.30987507 -0.24616303
v -0.05193118 0.29561657 -0.24343911
v -0.062837124 0.3430826 -0.2661727
v -0.04869881 0.33539933 -0.27423912
v -0.039381932 0.35716462 -0.28588372
v -0.040486835 0.3202497 -0.26699203
v -0.08562679 0.42198497 -0.3054551
v -0.09830511 0.3849564 -0.28449547
v -0.086237885 0.41321668 -0.31342363
v -0.079388164 0.4376927 -0.3274532
v -0.08072303 0.45016667 -0.32323116
v -0.07844149 0.4711201 -0.33004743
v -0.08696425 0.46227753 -0.32264966
v -0.08067848 0.4605303 -0.33136535
v -0.07916326 0.4560906 -0.33241683
v -0.077180535 0.4674262 -0.34080034
v -0.07830431 0.42126366 -0.32723236
v -0.07824784 0.41971016 -0.32643443
v -0.07798402 0.44695646 -0.3337549
v -0.07916326 0.4560906 -0.33241683
v -0.07798402 0.44695646 -0.3337549
v -0.07918432 0.4520152 -0.33354527
v -0.07943955 0.4599089 -0.33642006
v -0.07688513 0.45623845 -0.33898854
v -0.07775112 0.4185635 -0.32778
v -0.079164706 0.42137375 -0.3279844
v -0.07824784 0.41971016 -0.32643443
v -0.07857483 0.4187594 -0.32735312
v -0.07830431 0.42126366 -0.32723236
v -0.07595146 0.42655748 -0.3332187
v -0.079388164 0.4376927 -0.3274532
v -0.07830431 0.42126366 -0.32723236
v -0.07595146 0.42655748 -0.3332187
v -0.07857483 0.4187594 -0.32735312
v -0.079051316 0.44220617 -0.3320048
v -0.076285146 0.4322373 -0.33355182
v -0.077294685 0.4345807 -0.33431405
v -0.07463651 0.43511766 -0.33690995
v -0.07583949 0.43340936 -0.33488917
v -0.07463651 0.43511766 -0.33690995
v -0.073518544 0.45113045 -0.34333485
v -0.073350444 0.4529207 -0.34325486
v -0.07247207 0.45476952 -0.34531146
v -0.072704464 0.45290753 -0.34420186
v -0.072704464 0.45290753 -0.34420186
v -0.07416331 0.45446208 -0.34497613
v -0.07391842 0.45177993 -0.34391433
v -0.07247207 0.45476952 -0.34531146
v -0.070934944 0.4569405 -0.35038227
v -0.08908477 0.7045618 -0.3491844
v -0.08383226 0.7164403 -0.34155798
v -0.08131567 0.72960925 -0.3430931
v -0.08700298 0.724221 -0.35672575
v -0.08410227 0.7098295 -0.3385725
v -0.074669816 0.745804 -0.33974558
v -0.08278105 0.70865893 -0.33445758
v -0.08174723 0.69813424 -0.331248
v -0.08388432 0.71239805 -0.33850175
v -0.08323631 0.71215594 -0.33764833
v -0.079985075 0.68847704 -0.33492142
v -0.078787625 0.70759 -0.3248912
v -0.08090882 0.69705254 -0.33082986
v -0.08205506 0.68532604 -0.3302474
v -0.0782646 0.69963384 -0.3269326
v -0.07967151 0.7001872 -0.32720894
v -0.074596375 0.70249987 -0.3113131
v -0.072003044 0.7420245 -0.32451838
v -0.070874736 0.72289515 -0.31150866
v -0.08908477 0.7045618 -0.3491844
v -0.08700298 0.724221 -0.35672575
v -0.083757475 0.71236527 -0.3411308
v -0.08383226 0.7164403 -0.34155798
v -0.081817 0.70919853 -0.33450258
v -0.083757475 0.71236527 -0.3411308
v -0.08388432 0.71239805 -0.33850175
v -0.08410227 0.7098295 -0.3385725
v -0.08023803 0.7328279 -0.34763968
v -0.0826617 0.71242046 -0.3380974
v -0.08323631 0.71215594 -0.33764833
v -0.08090882 0.69705254 -0.33082986
v -0.079985075 0.68847704 -0.33492142
v -0.08131567 0.72960925 -0.3430931
v -0.0782646 0.69963384 -0.3269326
v -0.07967151 0.7001872 -0.32720894
v -0.07476737 0.7586762 -0.3331113
v -0.07896039 0.7587534 -0.33663648
v -0.07969014 0.7741157 -0.34717566
v -0.074669816 0.745804 -0.33974558
v -0.078787625 0.70759 -0.3248912
v -0.0672001 0.69183004 -0.27798438
v -0.06297846 0.69316804 -0.2673778
v -0.080956504 0.6668035 -0.27708107
v -0.06929038 0.68736804 -0.3026005
v -0.06582531 0.78907704 -0.34327465
v -0.06716627 0.74672866 -0.3247949
v -0.070874736 0.72289515 -0.31150866
v -0.07162882 0.75089425 -0.32272083
v -0.067074075 0.7046597 -0.31484878
v -0.070300624 0.7660041 -0.32893324
v -0.06528102 0.69127405 -0.28812963
v -0.0635045 0.74784225 -0.30951554
v -0.062398728 0.71442175 -0.29758
v -0.06080668 0.7083992 -0.30424625
v -0.06115037 0.70188254 -0.29698986
v -0.06929038 0.68736804 -0.3026005
v -0.060331184 0.734918 -0.30043262
v -0.056922078 0.7738733 -0.31593513
v -0.06528102 0.69127405 -0.28812963
v -0.06176853 0.71159005 -0.29927254
v -0.05996494 0.7116681 -0.29961836
v -0.067074075 0.7046597 -0.31484878
v -0.06176853 0.71159005 -0.29927254
v -0.06080668 0.7083992 -0.30424625
v -0.05474014 0.7207382 -0.28533554
v -0.05779667 0.7129495 -0.2858129
v -0.05961794 0.7128223 -0.29336643
v -0.062398728 0.71442175 -0.29758
v -0.060758375 0.7147894 -0.29615182
v -0.05961794 0.7128223 -0.29336643
v -0.06087648 0.71345854 -0.29796875
v -0.060366385 0.71357894 -0.2972383
v -0.05859099 0.7018926 -0.28647095
v -0.0672001 0.69183004 -0.27798438
v -0.05779667 0.7129495 -0.2858129
v -0.059481956 0.71554565 -0.29498678
v -0.059159935 0.71469915 -0.29564536
v -0.058393236 0.71533275 -0.29812694
v -0.059159935 0.71469915 -0.29564536
v -0.051271286 0.74956596 -0.2982741
v -0.051695704 0.77511257 -0.3185153
v -0.05262375 0.7933247 -0.33389616
v -0.04815251 0.71669686 -0.2757265
v -0.0826617 0.71242046 -0.3380974
v -0.08413159 0.59469354 -0.4321711
v -0.08063829 0.5830223 -0.42488545
v -0.084579594 0.5808887 -0.41483337
v -0.083376735 0.58068293 -0.41586286
v -0.08314755 0.57874686 -0.41963953
v -0.08323631 0.71215594 -0.33764833
v -0.08278105 0.70865893 -0.33445758
v -0.08383226 0.7164403 -0.34155798
v -0.08388432 0.71239805 -0.33850175
v -0.08323631 0.71215594 -0.33764833
v -0.08383226 0.7164403 -0.34155798
v -0.083757475 0.71236527 -0.3411308
v -0.08410227 0.7098295 -0.3385725
v -0.081817 0.70919853 -0.33450258
v -0.0826617 0.71242046 -0.3380974
v -0.084579594 0.5808887 -0.41483337
v -0.08136891 0.5743669 -0.416835
v -0.08892358 0.5660827 -0.38548112
v -0.0832981 0.57963586 -0.42003453
v -0.08329499 0.5795063 -0.42151958
v -0.08166711 0.5646475 -0.39652008
v -0.08063829 0.5830223 -0.42488545
v -0.08329499 0.5795063 -0.42151958
v -0.083376735 0.58068293 -0.41586286
v -0.08278651 0.58204 -0.41923094
v -0.083376735 0.58068293 -0.41586286
v -0.08329499 0.5795063 -0.42151958
v -0.08278651 0.58204 -0.41923094
v -0.08329499 0.5795063 -0.42151958
v -0.0832981 0.57963586 -0.42003453
v -0.08136891 0.5743669 -0.416835
v -0.083376735 0.58068293 -0.41586286
v -0.08278651 0.58204 -0.41923094
v -0.08063829 0.5830223 -0.42488545
v -0.081817 0.70919853 -0.33450258
v -0.0826617 0.71242046 -0.3380974
v -0.08278105 0.70865893 -0.33445758
v -0.08383226 0.7164403 -0.34155798
v -0.078787625 0.70759 -0.3248912
v -0.0826617 0.71242046 -0.3380974
v -0.08410227 0.7098295 -0.3385725
v -0.08323631 0.71215594 -0.33764833
v -0.08314755 0.57874686 -0.41963953
v -0.083376735 0.58068293 -0.41586286
v -0.08136891 0.5743669 -0.416835
v -0.08314755 0.57874686 -0.41963953
v -0.0832981 0.57963586 -0.42003453
v -0.084579594 0.5808887 -0.41483337
v -0.08329499 0.5795063 -0.42151958
v -0.08063829 0.5830223 -0.42488545
v -0.0832981 0.57963586 -0.42003453
v -0.08278651 0.58204 -0.41923094
v -0.08386687 0.8270763 0.37396264
v -0.07399331 0.8334141 0.37564713
v -0.07787668 0.8447381 0.3600983
v -0.07990337 0.8601903 0.35454154
v -0.07432336 0.8614555 0.36136645
v -0.07290441 0.8118347 0.3818848
v -0.06932091 0.86910474 0.3507766
v -0.064207 0.861239 0.36397302
v -0.06776073 0.8344151 0.37320268
v -0.05921148 0.82100606 0.3844725
v -0.057027224 0.80648 0.37981242
v -0.08266533 0.47583187 -0.3333758
v -0.07844149 0.4711201 -0.33004743
v -0.077180535 0.4674262 -0.34080034
v -0.08397478 0.49264258 -0.33789217
v -0.081817 0.70919853 -0.33450258
v -0.0782646 0.69963384 -0.3269326
v -0.07967151 0.7001872 -0.32720894
v -0.074596375 0.70249987 -0.3113131
v -0.07007157 0.6786502 -0.29971105
v -0.06929038 0.68736804 -0.3026005
v -0.080956504 0.6668035 -0.27708107
v -0.05988931 0.6982314 -0.30369973
v -0.06080668 0.7083992 -0.30424625
v -0.07857483 0.4187594 -0.32735312
v -0.07824784 0.41971016 -0.32643443
v -0.07595146 0.42655748 -0.3332187
v -0.07687119 0.43175238 -0.33377635
v -0.076285146 0.4322373 -0.33355182
v -0.07583949 0.43340936 -0.33488917
v -0.07463651 0.43511766 -0.33690995
v -0.08001285 0.6712551 -0.36196947
v -0.06976094 0.66801 -0.35623127
v -0.07722353 0.66173655 -0.34540403
v -0.07372022 0.6745086 -0.3660798
v -0.07091214 0.6782844 -0.38888258
v -0.077294685 0.4345807 -0.33431405
v -0.07595146 0.42655748 -0.3332187
v -0.07583949 0.43340936 -0.33488917
v -0.079388164 0.4376927 -0.3274532
v -0.074669816 0.745804 -0.33974558
v -0.072003044 0.7420245 -0.32451838
v -0.06716627 0.74672866 -0.3247949
v -0.06932091 0.86910474 0.3507766
v -0.07787668 0.8447381 0.3600983
v -0.07990337 0.8601903 0.35454154
v -0.06528102 0.69127405 -0.28812963
v -0.080956504 0.6668035 -0.27708107
v -0.06297846 0.69316804 -0.2673778
v -0.07007157 0.6786502 -0.29971105
v -0.05988931 0.6982314 -0.30369973
v -0.06115037 0.70188254 -0.29698986
v -0.05859099 0.7018926 -0.28647095
v -0.053208586 0.71325386 -0.29077584
v -0.04815251 0.71669686 -0.2757265
v -0.06716627 0.74672866 -0.3247949
v -0.07162882 0.75089425 -0.32272083
v -0.07476737 0.7586762 -0.3331113
v -0.072003044 0.7420245 -0.32451838
v -0.06825333 0.71854246 -0.43335593
v -0.06677069 0.7298159 -0.43453473
v -0.068077706 0.7252564 -0.43402725
v -0.066765755 0.73017335 -0.42653638
v -0.058298428 0.7273623 -0.4246843
v -0.06694529 0.7230393 -0.4284966
v -0.060617108 0.7382948 -0.42828977
v -0.050088946 0.28584647 -0.25034988
v -0.05193118 0.29561657 -0.24343911
v -0.080039576 0.26892072 -0.20732611
v -0.06104529 0.71328264 -0.29924166
v -0.062398728 0.71442175 -0.29758
v -0.06176853 0.71159005 -0.29927254
v -0.05996494 0.7116681 -0.29961836
v -0.067074075 0.7046597 -0.31484878
v -0.06080668 0.7083992 -0.30424625
v -0.05996494 0.7116681 -0.29961836
v -0.062398728 0.71442175 -0.29758
v -0.060366385 0.71357894 -0.2972383
v -0.06087648 0.71345854 -0.29796875
v -0.05996494 0.7116681 -0.29961836
v -0.06104529 0.71328264 -0.29924166
v -0.059159935 0.71469915 -0.29564536
v -0.053208586 0.71325386 -0.29077584
v -0.06080668 0.7083992 -0.30424625
v -0.05988931 0.6982314 -0.30369973
v -0.059481956 0.71554565 -0.29498678
v -0.05474014 0.7207382 -0.28533554
v -0.04815251 0.71669686 -0.2757265
v -0.06080668 0.7083992 -0.30424625
v -0.062398728 0.71442175 -0.29758
v -0.06104529 0.71328264 -0.29924166
v -0.06087648 0.71345854 -0.29796875
v -0.06176853 0.71159005 -0.29927254
v -0.062398728 0.71442175 -0.29758
v -0.058393236 0.71533275 -0.29812694
v -0.06087648 0.71345854 -0.29796875
v -0.062398728 0.71442175 -0.29758
v -0.05961794 0.7128223 -0.29336643
v -0.060366385 0.71357894 -0.2972383
v -0.058393236 0.71533275 -0.29812694
v -0.060366385 0.71357894 -0.2972383
v -0.059159935 0.71469915 -0.29564536
v -0.058393236 0.71533275 -0.29812694
v -0.062398728 0.71442175 -0.29758
v -0.060366385 0.71357894 -0.2972383
v -0.057006355 0.584088 -0.38909864
v -0.05431846 0.581962 -0.37915486
v -0.0529498 0.57207763 -0.38274187
v -0.043804213 0.60247475 -0.3972668
v -0.045765817 0.56258225 -0.38727242
v -0.053353548 0.82643217 -0.39470083
v -0.05461577 0.8019882 -0.387002
v -0.05100538 0.8027632 -0.44151723
v -0.054312762 0.7988925 -0.426845
v -0.03477826 0.8106754 -0.33854103
v -0.03477826 0.8106754 -0.33854103
v -0.043218173 0.8011749 -0.3674689
v -0.05461577 0.8019882 -0.387002
v -0.049151696 0.7933708 -0.40557504
v -0.041678388 0.8397026 -0.3746482
v -0.045817867 0.8531044 -0.3945027
v -0.049151696 0.7933708 -0.40557504
v -0.03994159 0.7934395 -0.33732104
v -0.038909867 0.7724352 -0.3480798
v -0.045336057 0.77001137 -0.36038035
v -0.0429095 0.79457504 -0.34999263
v -0.038008634 0.7884443 -0.35886884
v -0.04334729 0.7897793 -0.37268168
v -0.03477826 0.8106754 -0.33854103
v -0.043218173 0.8011749 -0.3674689
v -0.03963969 0.753708 -0.367144
v -0.040701754 0.85960984 -0.39114237
v -0.040701754 0.85960984 -0.39114237
v -0.045817867 0.8531044 -0.3945027
v -0.039091773 0.87049615 -0.39800757
v -0.03998032 0.8742953 -0.40760666
v -0.037937596 0.85975015 -0.37921327
v -0.041811295 0.86056435 -0.39197755
v -0.03212199 0.80597407 -0.37603748
v -0.03591889 0.8068509 -0.3925509
v -0.031445418 0.8932174 -0.3960544
v -0.02802626 0.84170115 -0.335666
v -0.035323948 0.86041147 -0.3670674
v -0.030848289 0.89465916 -0.4056061
v -0.03170775 0.8983482 -0.41044062
v -0.033943225 0.85035896 -0.35641015
v -0.038008634 0.7884443 -0.35886884
v -0.03212199 0.80597407 -0.37603748
v -0.022136912 0.80331326 -0.36930656
v -0.03397036 0.86775553 -0.367725
v -0.03411289 0.857126 -0.35803968
v -0.032545466 0.86754143 -0.36430728
v -0.03376109 0.8641154 -0.3640734
v -0.034275755 0.85413665 -0.355681
v -0.033888772 0.86226344 -0.36088723
v -0.034275755 0.85413665 -0.355681
v -0.033943225 0.85035896 -0.35641015
v -0.032779153 0.8618419 -0.36006588
v -0.034042172 0.78314507 -0.35129982
v -0.03115751 0.86108494 -0.35358036
v -0.031889133 0.86193234 -0.35751033
v -0.03162604 0.868053 -0.3608998
v -0.032124244 0.8687004 -0.3600512
v -0.03162604 0.868053 -0.3608998
v -0.032545466 0.86754143 -0.36430728
v -0.03216707 0.8707334 -0.3615542
v -0.027794924 0.86563194 -0.34696776
v -0.03115751 0.86108494 -0.35358036
v -0.03195337 0.8613341 -0.35415703
v -0.031118928 0.86515224 -0.35683113
v -0.027794924 0.86563194 -0.34696776
v -0.018057188 0.85438824 -0.32836503
v -0.026828451 0.8170779 -0.37606502
v -0.027943615 0.8169248 -0.3748111
v -0.026941199 0.8199843 -0.37969595
v -0.017795462 0.91168594 -0.40747142
v -0.020396776 0.82656825 -0.3146273
v -0.026828451 0.8170779 -0.37606502
v -0.027097587 0.8148309 -0.36926758
v -0.027943615 0.8169248 -0.3748111
v -0.019247876 0.8236325 -0.3636425
v -0.018213205 0.83053803 -0.38493854
v -0.018213205 0.83053803 -0.38493854
v -0.023405557 0.8937149 -0.36916953
v -0.013499441 0.9035004 -0.37406427
v -0.02708713 0.8225422 -0.38393372
v -0.013403772 0.8813374 -0.34275305
v -0.027794924 0.86563194 -0.34696776
v -0.0097614685 0.84632945 -0.3124159
v -0.018057188 0.85438824 -0.32836503
v -0.0097614685 0.84632945 -0.3124159
v -0.010881206 0.82089406 -0.30962157
v -0.020396776 0.82656825 -0.3146273
v -0.013647702 0.8585245 -0.32064736
v -0.007928617 0.8937623 -0.34871125
v -0.013647702 0.8585245 -0.32064736
v -0.00320726 0.90374863 -0.3630113
v -0.0014519282 0.8370081 -0.304215
v -0.013647702 0.8585245 -0.32064736
v -0.000004492933 0.86155725 -0.31848758
v -0.0037565671 0.9204693 -0.3920821
v 0.004937025 0.81599444 -0.30080652
v -0.055693645 0.79393864 0.3751287
v -0.046124164 0.7755231 0.3819903
v -0.05370561 0.77717483 0.38428533
v -0.045377385 0.7700552 0.39860213
v -0.043953378 0.7965713 0.37956655
v -0.042745966 0.8015164 0.39636528
v -0.04669997 0.78526795 0.3825299
v -0.045377385 0.7700552 0.39860213
v -0.03755916 0.81364655 0.40251034
v -0.03440149 0.788087 0.42258584
v -0.046124164 0.7755231 0.3819903
v -0.032923765 0.766435 0.41556126
v -0.041175865 0.7648214 0.4127552
v -0.032887265 0.8179602 0.42514557
v -0.033944942 0.822381 0.4394086
v -0.036944997 0.8126472 0.43275648
v -0.032107886 0.8063914 0.42588794
v -0.03160446 0.80754423 0.43991065
v -0.029928586 0.7853447 0.4342847
v -0.04515923 0.52954274 -0.37047333
v -0.06021245 0.51309454 -0.35884875
v -0.047967035 0.5258505 -0.375813
v -0.040011678 0.5371404 -0.38404202
v -0.045765817 0.56258225 -0.38727242
v -0.039792914 0.54688734 -0.38013154
v -0.04465953 0.678627 -0.42057323
v -0.040400967 0.67247725 -0.46282077
v -0.035475362 0.6823985 -0.43603468
v -0.03904293 0.6808501 -0.40663868
v -0.04882195 0.67121965 -0.3824697
v -0.03878438 0.6777508 -0.38564122
v -0.047218222 0.65817165 -0.38511562
v -0.03904293 0.6808501 -0.40663868
v -0.038480937 0.7071095 -0.40507042
v -0.03325131 0.7017331 -0.39260942
v -0.03381776 0.6962998 -0.41173232
v -0.03248042 0.72197634 -0.4004259
v -0.035383865 0.69586647 -0.43335623
v -0.035475362 0.6823985 -0.43603468
v -0.028044067 0.6909049 -0.45733345
v -0.028044067 0.6909049 -0.45733345
v -0.019968696 0.70982957 -0.4612831
v -0.035383865 0.69586647 -0.43335623
v -0.018770102 0.689265 -0.48651648
v -0.008443231 0.7166774 -0.4730593
v -0.009092349 0.730579 -0.45804733
v -0.0115233995 0.7031373 -0.48793834
v -0.002051006 0.73127115 -0.45974833
v -0.0028246639 0.7191391 -0.47878987
v -0.0018137792 0.7046574 -0.49592245
v -0.010394687 0.80343527 0.39292628
v -0.03755916 0.81364655 0.40251034
v -0.043953378 0.7965713 0.37956655
v -0.018282663 0.8147913 0.4131968
v -0.032887265 0.8179602 0.42514557
v -0.033944942 0.822381 0.4394086
v -0.020704273 0.820439 0.46862733
v 0.0031596487 0.819757 0.43524015
v 0.011052224 0.8177489 0.47999197
v -0.0113116065 0.81305206 0.49093652
v -0.0006239498 0.80718386 0.49592245
v 0.021279573 0.8130678 0.40451705
v 0.0066657 0.8194341 0.46852732
v 0.020864177 0.8212894 0.45033157
v 0.03125575 0.8169812 0.41717017
v 0.027920641 0.8188199 0.4394759
v 0.02730048 0.793505 0.38321197
v 0.040096693 0.8051719 0.38679492
v -0.04058784 0.8298629 0.43699723
v -0.040691584 0.7969736 0.43935376
v -0.03160446 0.80754423 0.43991065
v -0.033944942 0.822381 0.4394086
v -0.032923765 0.766435 0.41556126
v -0.040015254 0.77743286 0.42816997
v -0.041175865 0.7648214 0.4127552
v -0.029928586 0.7853447 0.4342847
v -0.037937596 0.85975015 -0.37921327
v -0.045817867 0.8531044 -0.3945027
v -0.03981487 0.8598689 -0.3755172
v -0.03397036 0.86775553 -0.367725
v -0.03981487 0.8598689 -0.3755172
v -0.034275755 0.85413665 -0.355681
v -0.035323948 0.86041147 -0.3670674
v -0.03411289 0.857126 -0.35803968
v -0.03376109 0.8641154 -0.3640734
v -0.033888772 0.86226344 -0.36088723
v -0.03397036 0.86775553 -0.367725
v -0.032779153 0.8618419 -0.36006588
v -0.033888772 0.86226344 -0.36088723
v -0.033943225 0.85035896 -0.35641015
v -0.033943225 0.85035896 -0.35641015
v -0.03411289 0.857126 -0.35803968
v -0.032779153 0.8618419 -0.36006588
v -0.032779153 0.8618419 -0.36006588
v -0.032397807 0.8660754 -0.35953546
v -0.033195928 0.8699568 -0.36304528
v -0.03195337 0.8613341 -0.35415703
v -0.03115751 0.86108494 -0.35358036
v -0.0321538 0.8657162 -0.35691988
v -0.032397807 0.8660754 -0.35953546
v -0.032124244 0.8687004 -0.3600512
v -0.03216707 0.8707334 -0.3615542
v -0.032124244 0.8687004 -0.3600512
v -0.0314524 0.8720478 -0.36188602
v -0.032545466 0.86754143 -0.36430728
v -0.03216707 0.8707334 -0.3615542
v -0.033195928 0.8699568 -0.36304528
v -0.032545466 0.86754143 -0.36430728
v -0.031118928 0.86515224 -0.35683113
v -0.0321538 0.8657162 -0.35691988
v -0.03115751 0.86108494 -0.35358036
v -0.0321538 0.8657162 -0.35691988
v -0.0314524 0.8720478 -0.36188602
v -0.03162604 0.868053 -0.3608998
v -0.03162604 0.868053 -0.3608998
v -0.03216707 0.8707334 -0.3615542
v -0.03397036 0.86775553 -0.367725
v -0.032397807 0.8660754 -0.35953546
v -0.032957338 0.8598232 -0.35585308
v -0.031889133 0.86193234 -0.35751033
v -0.03162604 0.868053 -0.3608998
v -0.032545466 0.86754143 -0.36430728
v -0.033195928 0.8699568 -0.36304528
v -0.032397807 0.8660754 -0.35953546
v -0.032397807 0.8660754 -0.35953546
v -0.031118928 0.86515224 -0.35683113
v -0.03195337 0.8613341 -0.35415703
v -0.03162604 0.868053 -0.3608998
v -0.0314524 0.8720478 -0.36188602
v -0.03397036 0.86775553 -0.367725
v -0.03325131 0.7017331 -0.39260942
v -0.03248042 0.72197634 -0.4004259
v -0.021182898 0.7221674 -0.40501648
v -0.03014498 0.72377574 -0.41147417
v -0.02365677 0.7294232 -0.41202366
v -0.016625628 0.7207912 -0.43225217
v -0.012435888 0.7208205 -0.42073727
v -0.005816237 0.7208468 -0.43208456
v -0.009092349 0.730579 -0.45804733
v -0.005703893 0.7265094 -0.44775862
v -0.021060895 0.73390025 -0.42709512
v -0.002051006 0.73127115 -0.45974833
v 0.0054451795 0.71767706 -0.433178
v 0.0033098366 0.71001166 -0.42769283
v 0.010328844 0.7239926 -0.43937498
v -0.011231818 0.621964 -0.43574077
v -0.023867425 0.6088563 -0.42112166
v -0.01136974 0.6181725 -0.45399022
v -0.0046412637 0.6205083 -0.45220882
v -0.005999502 0.6423341 -0.4334073
v -0.004275213 0.6732848 -0.42052835
v -0.003574679 0.6641304 -0.42202562
v -0.0039200005 0.6703219 -0.42707562
v -0.00272731 0.6373137 -0.4453417
v -0.00010444387 0.67601854 -0.42003632
v -0.002819549 0.61793065 -0.4671325
v -0.014226633 0.83079505 -0.3222853
v -0.020396776 0.82656825 -0.3146273
v -0.010881206 0.82089406 -0.30962157
v -0.01368696 0.813583 -0.3250999
v 0.0010477514 0.809993 -0.3142789
v -0.009726504 0.82701445 -0.3354767
v -0.011018788 0.8379279 -0.36233848
v -0.009914899 0.84141755 -0.33887357
v -0.0045491755 0.83668756 -0.35084486
v 0.004937025 0.81599444 -0.30080652
v -0.013922212 0.90864027 0.4393171
v -0.0073509207 0.93530893 0.4355874
v -0.014379721 0.92043257 0.42047417
v -0.00913116 0.9364191 0.4009531
v -0.015267998 0.92407215 0.40124714
v -0.009925077 0.9286363 0.3794706
v -0.008378458 0.9151933 0.45841867
v -0.008162107 0.9433793 0.36955422
v -0.007983945 0.9351181 0.3581168
v -0.0038268792 0.9627107 0.40823674
v -0.003103659 0.96128374 0.35332072
v -0.0039825435 0.9655554 0.3701759
v -0.0018821369 0.92570996 0.46872294
v 0.0003422664 0.9479508 0.436108
v -0.0011044848 0.94283724 0.3481514
v 0.0004660862 0.9333301 0.35738188
v -0.0028424463 0.95699847 0.45095444
v -0.0014272446 0.9757443 0.38748097
v -0.0022355341 0.9260045 0.36487633
v 0.00253989 0.82443696 -0.32811892
v -0.009726504 0.82701445 -0.3354767
v -0.01368696 0.813583 -0.3250999
v 0.0010477514 0.809993 -0.3142789
v 0.000051612966 0.8382815 -0.36701244
v -0.011018788 0.8379279 -0.36233848
v -0.0045491755 0.83668756 -0.35084486
v -0.003764017 0.8461725 -0.40004236
v 0.0040240656 0.84135926 -0.33700818
v 0.004629301 0.8449432 -0.35466653
v 0.009406306 0.83653724 -0.31854504
v 0.010096555 0.8212313 -0.31112325
v 0.004937025 0.81599444 -0.30080652
v 0.013375839 0.8389071 -0.3332448
v -0.004262467 0.608284 -0.4233231
v -0.0023025665 0.5919287 -0.41833055
v -0.0050745932 0.60339975 -0.4290582
v 0.0029374822 0.6060548 -0.4280722
v -0.0035578809 0.59282047 -0.4259196
v 0.0029374822 0.6060548 -0.4280722
v -0.0050745932 0.60339975 -0.4290582
v -0.0052595935 0.61689293 -0.43328655
v 0.0049633067 0.5628672 -0.3930362
v -0.0010823384 0.55047596 -0.3972444
v -0.008867986 0.56828177 -0.39780903
v 0.0015640045 0.62904716 -0.43356687
v -0.011231818 0.621964 -0.43574077
v -0.0023025665 0.5919287 -0.41833055
v 0.009917415 0.58889544 -0.4126575
v -0.0076913615 0.5807319 -0.4104213
v 0.0040235375 0.62648916 -0.43098342
v 0.0009606471 0.5917674 -0.42488492
v 0.01781225 0.57255447 -0.39808506
v 0.019505905 0.6112715 -0.4152456
v 0.0131572075 0.5332125 -0.37389517
v 0.036034618 0.49393982 -0.35247827
v -0.0099018905 0.4836474 -0.35362917
v 0.02007179 0.55032855 -0.3829087
v 0.026570532 0.5637865 -0.3845895
v 0.018900681 0.4242008 -0.32404035
v 0.024557948 0.599751 -0.40293664
v 0.034863867 0.58708245 -0.39962715
v 0.04140964 0.535137 -0.37225062
v 0.038982987 0.56327873 -0.38427597
v 0.06410116 0.45926908 -0.32779092
v 0.04018302 0.56765234 -0.39286715
v 0.045987256 0.3146878 -0.26180398
v 0.025701843 0.3341996 -0.27429634
v 0.05116053 0.33712697 -0.26688492
v 0.05289428 0.3565038 -0.28411877
v 0.072136745 0.29065388 -0.21493436
v 0.04884217 0.28319624 -0.24176261
v 0.054896858 0.41485038 -0.3153264
v 0.041199394 0.38397142 -0.30705565
v 0.054968428 0.57184654 -0.38648033
v 0.040969912 0.5953649 -0.40572864
v 0.07185696 0.34412867 -0.26366
v 0.06280818 0.3250789 -0.2501331
v 0.05594364 0.5619887 -0.37597728
v 0.0653581 0.5109238 -0.3507278
v 0.06239157 0.3869583 -0.30416733
v 0.060518637 0.36690181 -0.29839873
v 0.07492122 0.30484375 -0.22594464
v 0.06896444 0.55758375 -0.35755616
v 0.06986682 0.2699073 -0.21214575
v 0.07401173 0.33122084 -0.24193496
v 0.075923674 0.4885924 -0.33555514
v 0.07940589 0.3635888 -0.28157514
v 0.08916398 0.35618246 -0.26392555
v 0.07837133 0.42151415 -0.30698997
v 0.101218745 0.37944573 -0.27372473
v 0.08324177 0.32434514 -0.22046946
v 0.07418937 0.46913454 -0.32939565
v 0.07501043 0.458513 -0.32659054
v 0.0758638 0.49155203 -0.34583837
v 0.082914576 0.39345694 -0.29611146
v 0.08758087 0.2665186 -0.1875346
v 0.09260389 0.30140775 -0.19890763
v 0.1017436 0.33262634 -0.24234577
v 0.09913023 0.3184746 -0.2329861
v 0.08689307 0.4008015 -0.3015344
v 0.10070285 0.26950943 -0.18965292
v 0.10137937 0.31744084 -0.20759468
v 0.10262204 0.40421706 -0.29142296
v 0.096662894 0.418665 -0.29393536
v 0.10454133 0.43108702 -0.29697543
v 0.09003064 0.4366642 -0.30442816
v 0.094921835 0.43784204 -0.31609404
v 0.12353805 0.35771668 -0.23884702
v 0.10633157 0.308299 -0.2044067
v 0.10879464 0.2912412 -0.20734903
v 0.109753296 0.45574394 -0.30626827
v 0.119085155 0.4353433 -0.27972293
v 0.12102226 0.3241909 -0.22422752
v 0.11739287 0.4040937 -0.2679572
v 0.12014973 0.27428603 -0.20348524
v 0.115514 0.31339884 -0.21464565
v 0.13412742 0.2967371 -0.20493555
v 0.1277426 0.32099345 -0.20720527
v 0.13816805 0.39031398 -0.24117166
v 0.12481992 0.22821635 -0.18057537
v 0.10900769 0.25936568 -0.19150838
v 0.14941697 0.2557236 -0.1893766
v 0.14653715 0.31918496 -0.20751461
v 0.14951807 0.3404631 -0.20914711
v 0.16483876 0.21142381 -0.14663953
v 0.15268722 0.36867446 -0.22106563
v 0.14362592 0.41946268 -0.2412968
v 0.15198632 0.2956995 -0.20859802
v 0.15864733 0.42743707 -0.22373472
v 0.16480601 0.40240467 -0.21812174
v 0.16065574 0.3202492 -0.2072809
v 0.16051617 0.35525715 -0.1996142
v 0.17167473 0.2883408 -0.19728494
v 0.19140784 0.2589233 -0.17216891
v 0.17819408 0.32537377 -0.19511087
v 0.17190857 0.42719784 -0.2246093
v 0.17587766 0.41440785 -0.21353312
v 0.1797715 0.39765266 -0.19187744
v 0.195815 0.2381073 -0.1502856
v 0.20716383 0.29569635 -0.17794468
v 0.2184594 0.25098616 -0.14322005
v 0.21821985 0.2818101 -0.16817419
v 0.20666446 0.23297653 -0.120798714
v 0.22846688 0.27419543 -0.14789523
v -0.0028246639 0.7191391 -0.47878987
v -0.0074662305 0.73228645 -0.4720102
v -0.0026771096 0.750262 -0.45331872
v -0.004360701 0.71697164 -0.48594946
v -0.002051006 0.73127115 -0.45974833
v -0.00757376 0.77542806 -0.42331833
v 0.006060196 0.7514366 -0.43416953
v 0.0026712045 0.7257059 -0.46426064
v 0.012482466 0.7951377 -0.38574022
v -0.00039671035 0.83545816 -0.39625293
v 0.008054334 0.70659703 -0.4799704
v -0.0018137792 0.7046574 -0.49592245
v 0.015606247 0.69359654 -0.474329
v 0.016519172 0.81616807 -0.3698821
v 0.02114046 0.7034194 -0.45262527
v 0.022420224 0.7475626 -0.3970515
v 0.026300643 0.7912754 -0.35506487
v 0.025290454 0.71753895 -0.41977865
v 0.027819354 0.7687553 -0.36354828
v 0.032970805 0.7758981 -0.34636867
v 0.03161676 0.7511927 -0.37382644
v 0.03516216 0.67956364 -0.425209
v 0.041740835 0.7097148 -0.37681592
v 0.028918885 0.63393056 -0.41511327
v 0.029009696 0.6448392 -0.40992475
v 0.031273562 0.6494851 -0.40820116
v 0.029882442 0.678339 -0.45091748
v 0.03161676 0.7511927 -0.37382644
v 0.027819354 0.7687553 -0.36354828
v 0.036457624 0.7688534 -0.36145997
v 0.032970805 0.7758981 -0.34636867
v 0.03827648 0.7311779 -0.37433153
v 0.031273562 0.6494851 -0.40820116
v 0.03227239 0.64716583 -0.40363485
v 0.03169043 0.6461259 -0.40718222
v 0.028918885 0.63393056 -0.41511327
v 0.038630188 0.63086545 -0.40071636
v 0.0316643 0.6454403 -0.40505332
v 0.03794641 0.6533463 -0.39431798
v 0.040442023 0.6819006 -0.39324558
v 0.04150848 0.7523761 -0.37010062
v 0.03827648 0.7311779 -0.37433153
v 0.03080295 0.6123356 -0.4163773
v 0.040969912 0.5953649 -0.40572864
v 0.036177773 0.6618449 -0.39030254
v 0.039274696 0.6658809 -0.38552958
v 0.038828224 0.6684331 -0.37860763
v 0.040783267 0.66087073 -0.3856882
v 0.038439773 0.67250586 -0.39152348
v 0.039274696 0.6658809 -0.38552958
v 0.038439773 0.67250586 -0.39152348
v 0.048205353 0.6003076 -0.38988054
v 0.04947688 0.6649272 -0.36017305
v 0.04947688 0.6649272 -0.36017305
v 0.038828224 0.6684331 -0.37860763
v 0.05324678 0.63744366 -0.36939448
v 0.049551368 0.7054587 -0.36236203
v 0.052393045 0.6783103 -0.34037638
v 0.054968428 0.57184654 -0.38648033
v 0.06656711 0.5871395 -0.359946
v 0.069475956 0.6254943 -0.33866888
v 0.06896444 0.55758375 -0.35755616
v 0.06290763 0.644573 -0.33531094
v 0.069475956 0.6254943 -0.33866888
v 0.052393045 0.6783103 -0.34037638
v 0.07005277 0.6497098 -0.3266204
v 0.06290763 0.644573 -0.33531094
v 0.07908328 0.5968299 -0.33051574
v 0.080973975 0.6351289 -0.3197121
v 0.08781145 0.52822727 -0.32905895
v 0.0653581 0.5109238 -0.3507278
v 0.07470348 0.6497689 -0.31193066
v 0.081539676 0.6371732 -0.29549712
v 0.08026435 0.6260615 -0.31541944
v 0.080973975 0.6351289 -0.3197121
v 0.08240066 0.5032309 -0.33244735
v 0.08026435 0.6260615 -0.31541944
v 0.0758638 0.49155203 -0.34583837
v 0.084637076 0.5622672 -0.32699
v 0.08658473 0.5880553 -0.32188165
v 0.08748558 0.61374635 -0.297445
v 0.08677203 0.6047203 -0.31454778
v 0.09245502 0.61460626 -0.2744788
v 0.08979124 0.6127667 -0.31026042
v 0.09209508 0.55770636 -0.32104254
v 0.0892451 0.601686 -0.31010413
v 0.100424916 0.59871805 -0.26622212
v 0.08979124 0.6127667 -0.31026042
v 0.090473376 0.602083 -0.30570424
v 0.088886894 0.6044492 -0.31091273
v 0.090473376 0.602083 -0.30570424
v 0.088886894 0.6044492 -0.31091273
v 0.09950688 0.53215325 -0.31790012
v 0.09263898 0.5931462 -0.30557156
v 0.09263898 0.5931462 -0.30557156
v 0.09357132 0.5885794 -0.30563825
v 0.09382942 0.58515805 -0.30725038
v 0.10185802 0.5865448 -0.28591806
v 0.10185802 0.5865448 -0.28591806
v 0.09439064 0.58948505 -0.30456972
v 0.0935927 0.5896572 -0.30585563
v 0.10052405 0.56778103 -0.3014354
v 0.09382942 0.58515805 -0.30725038
v 0.09357132 0.5885794 -0.30563825
v 0.10049917 0.5160766 -0.31859934
v 0.10696268 0.6003015 -0.2504202
v 0.10061318 0.61228186 -0.2681778
v 0.10696268 0.6003015 -0.2504202
v 0.09245502 0.61460626 -0.2744788
v 0.10924259 0.5235888 -0.3029164
v 0.11214202 0.5522637 -0.28756988
v 0.114858165 0.5819931 -0.2406812
v 0.10702753 0.5111908 -0.3173434
v 0.10985949 0.5390793 -0.30345112
v 0.11585184 0.5707768 -0.2646454
v 0.12048612 0.56724733 -0.24416156
v 0.11585184 0.5707768 -0.2646454
v 0.11712003 0.56156135 -0.27023417
v 0.11762394 0.5635365 -0.26517135
v 0.118148394 0.57510173 -0.23414348
v 0.11832281 0.57356584 -0.23686233
v 0.12294468 0.5576193 -0.25921637
v 0.11712003 0.56156135 -0.27023417
v 0.120110996 0.57201576 -0.23421142
v 0.118895546 0.5727829 -0.23461764
v 0.11841195 0.5741038 -0.23519261
v 0.11941668 0.57147413 -0.2375313
v 0.12011267 0.5539457 -0.2754441
v 0.11214202 0.5522637 -0.28756988
v 0.12062744 0.56992984 -0.2348951
v 0.11962911 0.5717128 -0.23487508
v -0.0031351831 0.80193686 -0.26184553
v -0.0023679263 0.78817725 -0.26049906
v -0.01817961 0.7783712 -0.26006925
v 0.011660817 0.78100896 -0.26017308
v 0.019919865 0.77733266 -0.2748509
v 0.02932841 0.76937115 -0.271034
v 0.038140267 0.7558163 -0.28388727
v -0.006680636 0.91213083 -0.370876
v -0.007928617 0.8937623 -0.34871125
v -0.00320726 0.90374863 -0.3630113
v -0.002238599 0.8862332 -0.33705544
v -0.00236956 0.8843363 -0.33628845
v -0.002890165 0.886484 -0.33876038
v 0.0058456277 0.9057387 -0.37083173
v -0.0037565671 0.9204693 -0.3920821
v 0.00015080976 0.88565695 -0.3374573
v 0.012361117 0.8672228 -0.33454883
v 0.014269553 0.9083313 -0.4036367
v 0.023253523 0.8789138 -0.360425
v 0.020924624 0.89890057 -0.38250375
v 0.030193642 0.8384608 -0.3430472
v -0.004262467 0.608284 -0.4233231
v -0.0030359474 0.6021491 -0.4256962
v -0.0023025665 0.5919287 -0.41833055
v 0.0029374822 0.6060548 -0.4280722
v -0.0030359474 0.6021491 -0.4256962
v -0.004262467 0.608284 -0.4233231
v -0.004474928 0.5997589 -0.4308545
v 0.0009606471 0.5917674 -0.42488492
v -0.0030359474 0.6021491 -0.4256962
v -0.0035578809 0.59282047 -0.4259196
v 0.0009606471 0.5917674 -0.42488492
v -0.0050745932 0.60339975 -0.4290582
v -0.011231818 0.621964 -0.43574077
v -0.005999502 0.6423341 -0.4334073
v 0.0015640045 0.62904716 -0.43356687
v -0.003574679 0.6641304 -0.42202562
v 0.0008864165 0.6606145 -0.4226544
v -0.004275213 0.6732848 -0.42052835
v -0.00010444387 0.67601854 -0.42003632
v -0.00020820322 0.67349494 -0.4189679
v 0.0007132408 0.6715076 -0.41974008
v -0.000390189 0.6743603 -0.4206131
v -0.003574679 0.6641304 -0.42202562
v -0.004275213 0.6732848 -0.42052835
v 0.0007132408 0.6715076 -0.41974008
v -0.00010444387 0.67601854 -0.42003632
v -0.003574679 0.6641304 -0.42202562
v 0.0007132408 0.6715076 -0.41974008
v 0.0021657739 0.6371012 -0.43123853
v -0.00083350344 0.6625158 -0.44559819
v 0.0042585055 0.639331 -0.448811
v -0.0042012995 0.63936675 -0.46229923
v 0.0033098366 0.71001166 -0.42769283
v -0.004782052 0.6918936 -0.43722224
v -0.005816237 0.7208468 -0.43208456
v 0.007334741 0.6194679 -0.44343132
v -0.002819549 0.61793065 -0.4671325
v 0.010410631 0.67960316 -0.41898668
v 0.011178192 0.7196779 -0.41180843
v 0.018565465 0.64014375 -0.4173544
v 0.021759702 0.6952633 -0.39503485
v 0.0054451795 0.71767706 -0.433178
v 0.010328844 0.7239926 -0.43937498
v 0.01975164 0.72388667 -0.40831608
v 0.019505905 0.6112715 -0.4152456
v 0.026669685 0.7020655 -0.39677417
v 0.027080331 0.63862056 -0.40357602
v 0.026437901 0.654817 -0.40002018
v 0.030642685 0.6661857 -0.38386798
v 0.03576155 0.5997261 -0.3960775
v 0.034863867 0.58708245 -0.39962715
v 0.024557948 0.599751 -0.40293664
v 0.034663167 0.6750456 -0.37231374
v 0.032150157 0.6202189 -0.40175796
v 0.036525197 0.65689564 -0.38220412
v 0.03176509 0.65044445 -0.4002095
v 0.0017711059 0.95291257 0.37277335
v -0.0039825435 0.9655554 0.3701759
v -0.0014272446 0.9757443 0.38748097
v -0.003103659 0.96128374 0.35332072
v 0.005848131 0.93420875 0.39322567
v -0.0038268792 0.9627107 0.40823674
v 0.0003422664 0.9479508 0.436108
v -0.0011044848 0.94283724 0.3481514
v 0.010397596 0.9218033 0.42317176
v 0.0004660862 0.9333301 0.35738188
v -0.0022355341 0.9260045 0.36487633
v 0.037198313 0.912286 0.35455692
v -0.0064064595 0.922277 0.35427523
v 0.020677272 0.9084201 0.31300712
v 0.044001054 0.90743357 0.40251756
v 0.011243079 0.8635205 0.24360466
v 0.019197779 0.88812274 0.26981312
v 0.03727919 0.8693725 0.2621466
v 0.032107614 0.74844086 -0.2647032
v 0.01432501 0.74680233 -0.24288385
v 0.03071507 0.7249452 -0.23528425
v 0.018556448 0.833323 0.22824699
v 0.035704207 0.8393967 0.23892668
v 0.017084045 0.6870653 -0.17798106
v 0.02762756 0.6686546 -0.15239182
v 0.04659811 0.6715777 -0.17111482
v 0.03801712 0.888497 0.28357607
v 0.026371565 0.7871486 0.21379699
v 0.047365468 0.70004576 -0.22047462
v 0.020776058 0.7223637 -0.22042862
v 0.02041673 0.7043987 -0.19994818
v 0.036184732 0.89995724 0.4289198
v 0.043249026 0.71638834 -0.25870705
v 0.05293134 0.8091373 0.23903646
v 0.0368433 0.65087354 -0.11172895
v 0.052175194 0.6588701 -0.14439599
v 0.052467693 0.8907739 0.308084
v 0.0415313 0.6890279 -0.18834846
v 0.060999826 0.8668151 0.28970653
v 0.056242302 0.6732764 -0.1917684
v 0.05591114 0.8500708 0.2648102
v 0.04138738 0.72250867 0.19858071
v -0.000467808 0.65424645 0.12647064
v 0.06526383 0.6557866 0.15695678
v 0.06578432 0.6304673 0.07498037
v 0.0757446 0.7321397 0.24028099
v 0.057174068 0.90662897 0.3661477
v 0.08838835 0.64792085 -0.19613852
v 0.06619598 0.6999544 -0.28532398
v 0.0985701 0.61722815 -0.028137147
v 0.03839635 0.64033014 -0.057157543
v 0.08171957 0.68461937 0.21234661
v 0.066134244 0.8931533 0.3483398
v 0.084637254 0.6376828 -0.14591134
v 0.07243063 0.80106306 0.27060145
v 0.04497829 0.6345277 -0.0057363072
v 0.07039409 0.8744825 0.3142432
v 0.07606695 0.83980685 0.3147483
v 0.08027639 0.674157 -0.25124034
v 0.08104776 0.7993766 0.32483882
v 0.09162323 0.6572702 -0.21999696
v 0.08356108 0.7718006 0.29013985
v 0.102111585 0.6485733 0.20262021
v 0.08373792 0.6490531 0.16703025
v 0.0913301 0.65572035 -0.24957356
v 0.10759635 0.6284065 0.15560643
v 0.09466059 0.7225565 0.29028702
v 0.11680803 0.60831493 -0.14460409
v 0.10643817 0.6362374 -0.22629178
v 0.10274989 0.6710048 0.2327744
v 0.09906401 0.6390595 -0.27785748
v 0.10882196 0.63898927 -0.2622835
v 0.10873148 0.6819193 0.27110922
v 0.11076167 0.6176058 -0.18640693
v 0.103356116 0.6916147 0.31646246
v 0.1113087 0.624552 -0.29354137
v 0.116068885 0.60459083 -0.29917157
v 0.10070198 0.6296127 -0.29506218
v 0.13871317 0.6066418 0.073100485
v 0.1168372 0.66418636 0.298504
v 0.120585315 0.6484021 0.2491769
v 0.12838638 0.6216904 0.21200894
v 0.13361353 0.59201396 -0.10933995
v 0.11723323 0.6239151 -0.24492685
v 0.12186742 0.61328495 -0.21233246
v 0.1274779 0.63211554 0.3003788
v 0.15282232 0.59985924 0.14393003
v 0.1375753 0.6088766 0.17360121
v 0.13911296 0.58016354 -0.19877844
v 0.14187333 0.6053305 0.2503906
v 0.1359097 0.6007524 0.29022336
v 0.14648227 0.592643 0.009812736
v 0.14422536 0.5861506 -0.040400192
v 0.14548796 0.5783372 0.30723482
v 0.12975466 0.605708 0.3242182
v 0.156057 0.56698304 -0.12362819
v 0.14661156 0.600413 0.21774894
v 0.14950114 0.58551735 0.28137332
v 0.15129778 0.5888912 0.2513926
v 0.16410556 0.56906784 -0.06293221
v 0.18354085 0.5781729 0.18877612
v 0.16427864 0.55466336 -0.16973943
v 0.17256168 0.5645088 -0.018794738
v 0.1615495 0.56991917 0.2845354
v 0.17015032 0.5763741 0.02165133
v 0.1702806 0.57813627 0.24562225
v 0.1792604 0.58437127 0.0683817
v 0.18227279 0.54560375 -0.07596547
v 0.18190753 0.5301991 -0.12125602
v 0.21573061 0.5573237 0.12106855
v 0.18332224 0.54657674 -0.049089655
v 0.18698217 0.5673479 0.027517967
v 0.17618959 0.38747185 -0.15998869
v 0.18328997 0.40421176 -0.1381391
v 0.18343313 0.37926793 -0.155605
v 0.19027707 0.37377232 -0.16298674
v 0.17431046 0.37159958 -0.1728681
v 0.19499065 0.55936277 0.23104227
v 0.19746664 0.5654931 0.051474996
v 0.19283761 0.38499206 -0.14040224
v 0.19377038 0.55779135 0.0027411804
v 0.19028187 0.36809254 -0.17414363
v 0.18202935 0.4267124 -0.13704993
v 0.18651591 0.45784846 -0.09921088
v 0.20076437 0.4361486 -0.10822363
v 0.19709672 0.54534256 -0.01851556
v 0.19274691 0.5135269 -0.041360427
v 0.19958839 0.5023236 -0.047154546
v 0.1846696 0.49279356 -0.06190275
v 0.1926508 0.47398734 -0.079648376
v 0.19501795 0.5523571 0.025538728
v 0.19250299 0.37649143 -0.14593668
v 0.1947715 0.370265 -0.15664549
v 0.2101418 0.3702376 -0.1289898
v 0.21435858 0.55897593 0.15902403
v 0.21642931 0.4909872 -0.052663818
v 0.20209943 0.36795753 -0.15233548
v 0.20168182 0.36487812 -0.16294415
v 0.19982988 0.36581314 -0.15949644
v 0.20160878 0.5319039 -0.011339411
v 0.20870696 0.45523813 -0.08584735
v 0.21391784 0.5590055 0.08745911
v 0.21302837 0.3936749 -0.12122876
v 0.20859022 0.3565362 -0.16587237
v 0.2122244 0.5562369 0.19734284
v 0.21620949 0.53967905 0.034034062
v 0.22025432 0.35443175 -0.1400986
v 0.22877671 0.5390292 0.07542847
v 0.21833667 0.5194176 -0.014345658
v 0.22015521 0.427928 -0.09159911
v 0.22451617 0.5385785 0.21421525
v 0.22555329 0.46690068 -0.056852203
v 0.2334318 0.53660697 0.17661768
v 0.23590715 0.48765564 0.019990074
v 0.23114663 0.4963748 -0.023521045
v 0.23016538 0.35305023 -0.10539942
v 0.22761883 0.36054945 -0.09303824
v 0.2420089 0.51439494 0.20302747
v 0.24216127 0.50630456 0.066787966
v 0.24401475 0.5206397 0.10925107
v 0.24718966 0.5142415 0.16375731
v -0.00023631915 0.88386655 -0.3375343
v -0.00236956 0.8843363 -0.33628845
v -0.002890165 0.886484 -0.33876038
v 0.012361117 0.8672228 -0.33454883
v -0.002238599 0.8862332 -0.33705544
v -0.00023631915 0.88386655 -0.3375343
v -0.002890165 0.886484 -0.33876038
v 0.0058456277 0.9057387 -0.37083173
v -0.0037565671 0.9204693 -0.3920821
v 0.004986124 0.89115345 -0.35475624
v -0.00320726 0.90374863 -0.3630113
v -0.00023631915 0.88386655 -0.3375343
v -0.002238599 0.8862332 -0.33705544
v 0.00015080976 0.88565695 -0.3374573
v 0.004986124 0.89115345 -0.35475624
v 0.0058456277 0.9057387 -0.37083173
v -0.002890165 0.886484 -0.33876038
v -0.00039671035 0.83545816 -0.39625293
v -0.007885935 0.8431156 -0.44861215
v 0.013860203 0.83365023 -0.44261318
v 0.014269553 0.9083313 -0.4036367
v 0.009406306 0.83653724 -0.31854504
v -0.0014519282 0.8370081 -0.304215
v -0.000004492933 0.86155725 -0.31848758
v 0.004937025 0.81599444 -0.30080652
v 0.014226524 0.85485876 -0.33277446
v 0.010096555 0.8212313 -0.31112325
v 0.031455673 0.80328774 -0.3986156
v 0.027122216 0.80538535 -0.4630968
v 0.013860203 0.83365023 -0.44261318
v 0.009270219 0.82854706 -0.47990626
v 0.030493911 0.7853836 -0.4843443
v 0.013375839 0.8389071 -0.3332448
v 0.020645866 0.8123646 -0.32818466
v 0.021176718 0.8264048 -0.3346598
v 0.016519172 0.81616807 -0.3698821
v 0.034080848 0.8493494 -0.37493443
v 0.02835349 0.8834004 -0.39336067
v 0.031455673 0.80328774 -0.3986156
v 0.026523 0.8030007 -0.34164345
v 0.026300643 0.7912754 -0.35506487
v 0.02835349 0.8834004 -0.39336067
v 0.0397759 0.78259623 -0.4410426
v 0.035461765 0.81009364 -0.35390133
v 0.034745164 0.791572 -0.34644645
v 0.03355284 0.78953373 -0.34064132
v 0.043377206 0.81797576 -0.3721159
v 0.038190685 0.7842889 -0.36315703
v 0.032970805 0.7758981 -0.34636867
v 0.036457624 0.7688534 -0.36145997
v 0.032970805 0.7758981 -0.34636867
v 0.03355284 0.78953373 -0.34064132
v 0.034745164 0.791572 -0.34644645
v 0.039398618 0.7451625 -0.37845552
v 0.03827648 0.7311779 -0.37433153
v 0.04150848 0.7523761 -0.37010062
v 0.038190685 0.7842889 -0.36315703
v 0.048776835 0.733048 -0.3946786
v 0.04316003 0.7663295 -0.3798893
v 0.044154555 0.751402 -0.4567992
v 0.04417639 0.80501276 -0.3735025
v 0.044314023 0.74984 -0.39311123
v 0.04429395 0.7735295 -0.4037596
v 0.04702962 0.8333592 -0.4088444
v 0.04187639 0.7957898 -0.45170927
v 0.043534786 0.79454637 -0.41941887
v 0.04719518 0.81379914 -0.42483377
v 0.04871255 0.7555162 -0.4259019
v 0.049413424 0.8001585 -0.39800388
v 0.053884465 0.7236534 -0.42056483
v 0.054752313 0.7091254 -0.3838259
v 0.049551368 0.7054587 -0.36236203
v 0.058671765 0.69690573 -0.39811754
v 0.060328856 0.6843822 -0.34888196
v 0.052393045 0.6783103 -0.34037638
v 0.060189217 0.71764565 -0.4288876
v 0.05349023 0.75331366 -0.43063486
v 0.060189217 0.71764565 -0.4288876
v 0.053884465 0.7236534 -0.42056483
v 0.06360425 0.67608577 -0.3863439
v 0.058059175 0.7456722 -0.44695657
v 0.0628039 0.6997748 -0.4436838
v 0.0628039 0.6997748 -0.4436838
v 0.06532634 0.66571426 -0.34386963
v 0.06601096 0.6613189 -0.35556358
v 0.06281717 0.666715 -0.43327153
v 0.07459501 0.68429863 -0.37760442
v 0.069702126 0.68099153 -0.36419898
v 0.06288085 0.6985019 -0.35475534
v 0.07005277 0.6497098 -0.3266204
v 0.07568371 0.64881164 -0.33406985
v 0.07005277 0.6497098 -0.3266204
v 0.079143934 0.6322116 -0.33402425
v 0.080973975 0.6351289 -0.3197121
v 0.075743414 0.6589357 -0.3524865
v 0.07878075 0.66053563 -0.37107205
v 0.075743414 0.6589357 -0.3524865
v 0.080367744 0.63660765 -0.35660958
v 0.07568371 0.64881164 -0.33406985
v 0.081539676 0.6371732 -0.29549712
v 0.07470348 0.6497689 -0.31193066
v 0.08739634 0.6125387 -0.3348276
v 0.08979124 0.6127667 -0.31026042
v 0.09241497 0.61950576 -0.29850197
v 0.09245502 0.61460626 -0.2744788
v 0.10061318 0.61228186 -0.2681778
v 0.09771714 0.6055729 -0.29596072
v 0.0964422 0.59774727 -0.3036018
v 0.10775613 0.59409666 -0.27981174
v 0.10800204 0.5913865 -0.3021276
v 0.114865206 0.5932303 -0.25888234
v 0.10696268 0.6003015 -0.2504202
v 0.112662405 0.56690294 -0.30478328
v 0.10901552 0.57958144 -0.32837015
v 0.11721873 0.5656116 -0.27307558
v 0.11717638 0.5675849 -0.35237145
v 0.11585184 0.5707768 -0.2646454
v 0.114858165 0.5819931 -0.2406812
v 0.11712003 0.56156135 -0.27023417
v 0.118484005 0.5749943 -0.23609723
v 0.11832281 0.57356584 -0.23686233
v 0.11841195 0.5741038 -0.23519261
v 0.118484005 0.5749943 -0.23609723
v 0.118148394 0.57510173 -0.23414348
v 0.12101416 0.57326293 -0.2424988
v 0.12101416 0.57326293 -0.2424988
v 0.118548065 0.56264335 -0.26605034
v 0.12294468 0.5576193 -0.25921637
v 0.12011267 0.5539457 -0.2754441
v 0.11721873 0.5656116 -0.27307558
v 0.12011267 0.5539457 -0.2754441
v 0.118548065 0.56264335 -0.26605034
v 0.11961716 0.5737319 -0.23439415
v 0.120110996 0.57201576 -0.23421142
v 0.118148394 0.57510173 -0.23414348
v 0.11961716 0.5737319 -0.23439415
v 0.11962911 0.5717128 -0.23487508
v 0.12048612 0.56724733 -0.24416156
v 0.120110996 0.57201576 -0.23421142
v 0.12101416 0.57326293 -0.2424988
v 0.11941668 0.57147413 -0.2375313
v 0.11962911 0.5717128 -0.23487508
v 0.12062744 0.56992984 -0.2348951
v 0.12048612 0.56724733 -0.24416156
v 0.12062744 0.56992984 -0.2348951
v 0.12502153 0.5693833 -0.25840342
v -0.00272731 0.6373137 -0.4453417
v 0.0008864165 0.6606145 -0.4226544
v -0.0039200005 0.6703219 -0.42707562
v -0.0046412637 0.6205083 -0.45220882
v 0.0043136664 0.62413436 -0.43721712
v 0.007334741 0.6194679 -0.44343132
v -0.002819549 0.61793065 -0.4671325
v 0.0007132408 0.6715076 -0.41974008
v -0.000390189 0.6743603 -0.4206131
v -0.00010444387 0.67601854 -0.42003632
v 0.00013498333 0.6732068 -0.41950935
v 0.0021657739 0.6371012 -0.43123853
v 0.003710805 0.6295691 -0.43282747
v 0.0035968376 0.630026 -0.43168694
v 0.0040235375 0.62648916 -0.43098342
v 0.0015640045 0.62904716 -0.43356687
v 0.004424868 0.6288075 -0.43163598
v 0.019505905 0.6112715 -0.4152456
v -0.0028246639 0.7191391 -0.47878987
v -0.0018137792 0.7046574 -0.49592245
v 0.015606247 0.69359654 -0.474329
v 0.0026712045 0.7257059 -0.46426064
v -0.002051006 0.73127115 -0.45974833
v -0.0026771096 0.750262 -0.45331872
v 0.010328844 0.7239926 -0.43937498
v 0.023439292 0.6984519 -0.43431234
v 0.029882442 0.678339 -0.45091748
v 0.02583456 0.70861775 -0.41739595
v 0.01975164 0.72388667 -0.40831608
v 0.026669685 0.7020655 -0.39677417
v 0.03394228 0.6809104 -0.38885778
v 0.034663167 0.6750456 -0.37231374
v 0.03516216 0.67956364 -0.425209
v 0.040442023 0.6819006 -0.39324558
v 0.03176509 0.65044445 -0.4002095
v 0.036525197 0.65689564 -0.38220412
v 0.036177773 0.6618449 -0.39030254
v 0.038828224 0.6684331 -0.37860763
v 0.038439773 0.67250586 -0.39152348
v 0.036177773 0.6618449 -0.39030254
v 0.040783267 0.66087073 -0.3856882
v 0.03794641 0.6533463 -0.39431798
v 0.039274696 0.6658809 -0.38552958
v 0.038828224 0.6684331 -0.37860763
v 0.034663167 0.6750456 -0.37231374
v -0.0051737633 0.82025933 0.49584007
v -0.0006239498 0.80718386 0.49592245
v 0.0038544182 0.82251465 0.49288875
v -0.0006802429 0.8447053 0.48210675
v 0.0003422664 0.9479508 0.436108
v -0.0028424463 0.95699847 0.45095444
v -0.0018821369 0.92570996 0.46872294
v 0.010397596 0.9218033 0.42317176
v 0.0097946795 0.83871967 0.4765365
v 0.009702815 0.90257424 0.44823378
v 0.011052224 0.8177489 0.47999197
v 0.001957587 0.8791098 0.4780755
v 0.011104029 0.86685526 0.46285832
v 0.020592643 0.87920344 0.4461336
v 0.024501607 0.85224485 0.45035446
v 0.036184732 0.89995724 0.4289198
v 0.020864177 0.8212894 0.45033157
v 0.027494373 0.8294953 0.45022303
v 0.03461269 0.88179183 0.4375165
v 0.032253854 0.86399645 0.4306543
v 0.031217087 0.79775745 0.43430132
v 0.034373127 0.7768328 0.4264087
v 0.03362131 0.793347 0.41899085
v 0.026707886 0.7814091 0.43189627
v 0.028131157 0.7640755 0.41274798
v 0.0368904 0.8003918 0.4397303
v 0.027411189 0.8050649 0.4411794
v 0.035768244 0.82937133 0.4371894
v 0.027920641 0.8188199 0.4394759
v 0.041918114 0.8382317 0.42142743
v 0.036061194 0.80991423 0.42717862
v 0.039094124 0.7647394 0.40741605
v 0.039727017 0.8098688 0.4029882
v 0.048079453 0.8254644 0.4017424
v 0.04545774 0.8895014 0.421708
v 0.04724046 0.8729352 0.40761405
v 0.04937925 0.79456365 0.38135284
v 0.05206654 0.7664162 0.3768614
v 0.034591436 0.7397719 0.39264303
v 0.049501024 0.7163757 0.38844
v 0.052784193 0.8844423 0.38154894
v 0.04352896 0.76549053 0.39373887
v 0.04946073 0.78058165 0.38265705
v 0.05228986 0.8092443 0.38147599
v 0.04551617 0.7800384 0.37892276
v 0.044001054 0.90743357 0.40251756
v 0.06037104 0.8899129 0.38050872
v 0.055017028 0.8538171 0.3858289
v 0.059831537 0.8316121 0.37724113
v 0.050045107 0.6816236 0.3940785
v 0.07852299 0.6751491 0.37483525
v 0.05704652 0.8783394 0.35799438
v 0.05825738 0.7969929 0.37627155
v 0.061891086 0.85741127 0.3646446
v 0.068852946 0.7270159 0.37175405
v 0.05598263 0.6384979 0.39910102
v 0.06940149 0.80958045 0.3808936
v 0.04937925 0.79456365 0.38135284
v 0.07171641 0.7970247 0.3498199
v 0.06171213 0.8110657 0.36437207
v 0.061116226 0.8711939 0.35033303
v 0.069727466 0.87207353 0.3330084
v 0.057174068 0.90662897 0.3661477
v 0.066134244 0.8931533 0.3483398
v 0.07369795 0.8271681 0.37697202
v 0.070222184 0.8448298 0.36817348
v 0.07079408 0.86985946 0.35472083
v 0.07026011 0.7604562 0.36276436
v 0.07336801 0.8458726 0.34028918
v 0.07130467 0.8367722 0.35628623
v 0.07336801 0.8458726 0.34028918
v 0.06906998 0.85626656 0.3496548
v 0.075447 0.8534175 0.35756594
v 0.055376943 0.60379684 0.40867364
v 0.07798223 0.5516077 0.40788502
v 0.097003646 0.6036196 0.37526792
v 0.07130467 0.8367722 0.35628623
v 0.07039409 0.8744825 0.3142432
v 0.066134244 0.8931533 0.3483398
v 0.069727466 0.87207353 0.3330084
v 0.07606695 0.83980685 0.3147483
v 0.07160191 0.8126557 0.36846966
v 0.0927217 0.6952897 0.3505726
v 0.078942485 0.7555796 0.3463927
v 0.08104776 0.7993766 0.32483882
v 0.08646998 0.75413454 0.31984156
v 0.08937852 0.7208613 0.332327
v 0.08356108 0.7718006 0.29013985
v 0.09466059 0.7225565 0.29028702
v 0.11949532 0.53340775 0.379232
v 0.103356116 0.6916147 0.31646246
v 0.11150026 0.64839196 0.338502
v 0.059857644 0.48329616 0.42605877
v 0.08282007 0.452068 0.41887897
v 0.12324454 0.45007062 0.39648658
v 0.12856977 0.5675198 0.34719002
v 0.11950074 0.4858519 0.3971197
v 0.1168372 0.66418636 0.298504
v 0.1274779 0.63211554 0.3003788
v 0.12975466 0.605708 0.3242182
v 0.13412206 0.49943283 0.37827772
v 0.1359097 0.6007524 0.29022336
v 0.15021794 0.5095085 0.3503915
v 0.14914308 0.46388364 0.3669412
v 0.1505357 0.5354182 0.32993037
v 0.14548796 0.5783372 0.30723482
v 0.13243067 0.42034024 0.37861067
v 0.16076605 0.5497501 0.29909402
v 0.1615495 0.56991917 0.2845354
v 0.16509233 0.44569513 0.34199005
v 0.16650073 0.49817768 0.32884204
v 0.181246 0.52223593 0.30572736
v 0.16186054 0.40532213 0.33153445
v 0.17241351 0.55772346 0.266953
v 0.1702806 0.57813627 0.24562225
v 0.18118839 0.4708601 0.308093
v 0.18968892 0.5315786 0.28748304
v 0.18510772 0.4999017 0.30290264
v 0.1856707 0.43052292 0.2990461
v 0.18102992 0.4048379 0.2959357
v 0.19499065 0.55936277 0.23104227
v 0.19638701 0.46485046 0.28466868
v 0.2055235 0.43462276 0.27067333
v 0.20550694 0.49063206 0.28749037
v 0.20616353 0.5113665 0.28643167
v 0.21172555 0.50757694 0.2690705
v 0.21801722 0.5211358 0.24860783
v 0.21450073 0.4617517 0.27126324
v 0.2232678 0.48103186 0.26261836
v 0.22451617 0.5385785 0.21421525
v 0.23813252 0.4411801 0.23426747
v 0.2420089 0.51439494 0.20302747
v 0.24158232 0.4809938 0.23003154
v 0.2547341 0.48527646 0.1927372
v 0.25402993 0.45356375 0.20335092
v 0.24508353 0.41461444 0.2076543
v 0.004986124 0.89115345 -0.35475624
v 0.0058456277 0.9057387 -0.37083173
v -0.002890165 0.886484 -0.33876038
v -0.003764017 0.8461725 -0.40004236
v 0.013860203 0.83365023 -0.44261318
v -0.007885935 0.8431156 -0.44861215
v 0.0029047197 0.7990389 -0.270994
v -0.0023679263 0.78817725 -0.26049906
v 0.019919865 0.77733266 -0.2748509
v 0.000051612966 0.8382815 -0.36701244
v 0.013787849 0.83064675 -0.38835657
v 0.0071056085 0.83323175 -0.36906993
v 0.004629301 0.8449432 -0.35466653
v 0.014644543 0.8137915 -0.2884885
v 0.013375839 0.8389071 -0.3332448
v 0.012758965 0.8294326 -0.3468958
v 0.020427486 0.81277704 -0.35400164
v 0.020645866 0.8123646 -0.32818466
v 0.026773402 0.8337044 -0.31574523
v 0.00844967 0.8460953 -0.3035096
v 0.012361117 0.8672228 -0.33454883
v 0.02932841 0.76937115 -0.271034
v 0.011660817 0.78100896 -0.26017308
v 0.01432501 0.74680233 -0.24288385
v 0.030493911 0.7853836 -0.4843443
v 0.009270219 0.82854706 -0.47990626
v 0.033056904 0.8025683 -0.45325017
v 0.033056904 0.8025683 -0.45325017
v 0.009270219 0.82854706 -0.47990626
v 0.03141052 0.8106738 -0.4082933
v 0.032107614 0.74844086 -0.2647032
v 0.029441651 0.79138756 -0.29133195
v 0.030193642 0.8384608 -0.3430472
v 0.026523 0.8030007 -0.34164345
v 0.023253523 0.8789138 -0.360425
v 0.02835349 0.8834004 -0.39336067
v 0.020924624 0.89890057 -0.38250375
v 0.039185848 0.7947544 -0.31854677
v 0.014269553 0.9083313 -0.4036367
v 0.034080848 0.8493494 -0.37493443
v 0.03355284 0.78953373 -0.34064132
v 0.030682314 0.80036163 -0.35172415
v 0.032295268 0.8068793 -0.36859542
v 0.030846324 0.7891283 -0.34338725
v 0.038140267 0.7558163 -0.28388727
v 0.038098104 0.77888346 -0.3052199
v 0.034745164 0.791572 -0.34644645
v 0.03071507 0.7249452 -0.23528425
v 0.043249026 0.71638834 -0.25870705
v 0.04200983 0.81091 -0.34211826
v 0.032970805 0.7758981 -0.34636867
v 0.038190685 0.7842889 -0.36315703
v 0.04200821 0.79915845 -0.384382
v 0.04187639 0.7957898 -0.45170927
v 0.043534786 0.79454637 -0.41941887
v 0.04119861 0.78303254 -0.45941323
v 0.04187639 0.7957898 -0.45170927
v 0.055644903 0.7598791 -0.3134538
v 0.04671117 0.72569305 -0.3653614
v 0.047466137 0.72392726 -0.33216572
v 0.043738246 0.7153729 -0.34997076
v 0.044154555 0.751402 -0.4567992
v 0.04200983 0.81091 -0.34211826
v 0.039185848 0.7947544 -0.31854677
v 0.04746712 0.78853345 -0.3342253
v 0.051875368 0.7105013 -0.36658007
v 0.054530177 0.78917116 -0.33588094
v 0.04719518 0.81379914 -0.42483377
v 0.049784414 0.7953852 -0.43616575
v 0.04697744 0.7547548 -0.32455617
v 0.04440824 0.7606566 -0.30686212
v 0.046183374 0.731933 -0.299419
v 0.04584943 0.7255738 -0.30709165
v 0.05144297 0.7363367 -0.35320258
v 0.05349023 0.75331366 -0.43063486
v 0.057808656 0.7181641 -0.27985865
v 0.058642153 0.7169337 -0.3921981
v 0.034080848 0.8493494 -0.37493443
v 0.05207807 0.8023639 -0.37747204
v 0.04702962 0.8333592 -0.4088444
v 0.04702962 0.8333592 -0.4088444
v 0.05284184 0.80988187 -0.40393388
v 0.054042246 0.77149016 -0.37472308
v 0.053884465 0.7236534 -0.42056483
v 0.054190118 0.7409188 -0.38509613
v 0.05284184 0.80988187 -0.40393388
v 0.05471632 0.7734741 -0.41358334
v 0.06619598 0.6999544 -0.28532398
v 0.05471632 0.7734741 -0.41358334
v 0.05349023 0.75331366 -0.43063486
v 0.06592768 0.7233239 -0.30641884
v 0.063610606 0.74596274 -0.32017237
v 0.058059175 0.7456722 -0.44695657
v 0.06481324 0.68626255 -0.37583083
v 0.06446857 0.6957146 -0.4023829
v 0.06963449 0.7751452 -0.34498453
v 0.0628039 0.6997748 -0.4436838
v 0.0650566 0.7293289 -0.3189565
v 0.06288085 0.6985019 -0.35475534
v 0.069702126 0.68099153 -0.36419898
v 0.0680085 0.67010176 -0.37138927
v 0.06711343 0.68084365 -0.41194212
v 0.06360425 0.67608577 -0.3863439
v 0.06281717 0.666715 -0.43327153
v 0.06650283 0.7469427 -0.3348853
v 0.0766055 0.70407426 -0.3293351
v 0.07103341 0.7388876 -0.3409145
v 0.07800732 0.6816512 -0.31786883
v 0.075743414 0.6589357 -0.3524865
v 0.07379602 0.7391992 -0.34747517
v 0.07390878 0.73917925 -0.34708583
v 0.07091895 0.74162376 -0.3445093
v 0.07489867 0.7327982 -0.34576
v 0.07613712 0.7344531 -0.34945226
v 0.074887 0.7178699 -0.33544284
v 0.07626593 0.72432804 -0.3425414
v 0.07665538 0.7211226 -0.34075272
v 0.076482676 0.72329056 -0.34381157
v 0.0753381 0.7214244 -0.3401996
v 0.07665538 0.7211226 -0.34075272
v 0.07876066 0.7251272 -0.34949762
v 0.072437055 0.6874309 -0.3298741
v 0.07876066 0.7251272 -0.34949762
v 0.076482676 0.72329056 -0.34381157
v 0.08011872 0.7157273 -0.34924233
v 0.08042266 0.6958798 -0.34100825
v 0.08576859 0.5848292 -0.4234237
v 0.078684114 0.5695774 -0.43766248
v 0.082129546 0.60843855 -0.4509455
v 0.08074101 0.5601586 -0.40857434
v 0.091636665 0.590675 -0.38080788
v 0.08987455 0.6192815 -0.4015293
v 0.08484267 0.6350572 -0.42677867
v 0.09032319 0.53236896 -0.37325233
v 0.10000612 0.5502991 -0.35398608
v 0.093608156 0.6327859 -0.36171776
v 0.09970113 0.6029159 -0.35992885
v 0.09857705 0.58344376 -0.3563065
v 0.10279374 0.5177896 -0.3452587
v 0.10458566 0.55802774 -0.3396449
v 0.11717638 0.5675849 -0.35237145
v 0.10901552 0.57958144 -0.32837015
v 0.10458566 0.55802774 -0.3396449
v 0.10899238 0.5347859 -0.33550537
v 0.10957558 0.55364555 -0.3096745
v 0.10901552 0.57958144 -0.32837015
v 0.10000612 0.5502991 -0.35398608
v 0.11070443 0.5227772 -0.34551108
v 0.10279374 0.5177896 -0.3452587
v 0.107924946 0.5050282 -0.33717084
v 0.10794476 0.5760269 -0.30610102
v 0.10800204 0.5913865 -0.3021276
v 0.10985949 0.5390793 -0.30345112
v 0.105697475 0.52437 -0.32646304
v 0.11070443 0.5227772 -0.34551108
v 0.0029374822 0.6060548 -0.4280722
v 0.0009606471 0.5917674 -0.42488492
v -0.004474928 0.5997589 -0.4308545
v 0.009917415 0.58889544 -0.4126575
v 0.00013498333 0.6732068 -0.41950935
v -0.00020820322 0.67349494 -0.4189679
v -0.003574679 0.6641304 -0.42202562
v -0.00010444387 0.67601854 -0.42003632
v -0.000390189 0.6743603 -0.4206131
v -0.00020820322 0.67349494 -0.4189679
v 0.00013498333 0.6732068 -0.41950935
v -0.004275213 0.6732848 -0.42052835
v -0.000004492933 0.86155725 -0.31848758
v 0.012361117 0.8672228 -0.33454883
v -0.00023631915 0.88386655 -0.3375343
v 0.0015640045 0.62904716 -0.43356687
v 0.0021657739 0.6371012 -0.43123853
v 0.0028845142 0.6303587 -0.4317131
v 0.0040235375 0.62648916 -0.43098342
v 0.003710805 0.6295691 -0.43282747
v 0.0015640045 0.62904716 -0.43356687
v 0.0028845142 0.6303587 -0.4317131
v 0.0035968376 0.630026 -0.43168694
v 0.003710805 0.6295691 -0.43282747
v 0.004424868 0.6288075 -0.43163598
v 0.0015640045 0.62904716 -0.43356687
v 0.0035968376 0.630026 -0.43168694
v 0.0028845142 0.6303587 -0.4317131
v 0.0040235375 0.62648916 -0.43098342
v 0.0015640045 0.62904716 -0.43356687
v 0.043942846 0.03216052 0.10418038
v 0.03210813 0.031148463 0.095075086
v 0.01852319 0.017128348 0.10044994
v 0.06966018 0.020888716 0.10492396
v 0.0330664 0.012876093 0.09862717
v 0.06904379 0.008917183 0.09169929
v 0.072157204 0.040631384 0.09692646
v 0.09622186 0.058691323 0.103003554
v 0.0411181 0.013955146 0.08819018
v 0.01852319 0.017128348 0.10044994
v 0.03210813 0.031148463 0.095075086
v 0.045449723 0.028153539 0.08672821
v 0.05636954 0.012769282 0.08108667
v 0.072157204 0.040631384 0.09692646
v 0.06707695 0.024991542 0.08196115
v 0.0805827 0.04161471 0.08487089
v 0.0883956 0.02934286 0.06793415
v 0.08765166 0.02918151 0.024183424
v 0.10208338 0.014103949 0.023052165
v 0.092951246 0.014434755 0.040070415
v 0.08785457 0.15821818 0.021383237
v 0.08703039 0.13763699 0.040245034
v 0.07318186 0.17272553 0.038838577
v 0.10077314 0.16128471 0.010213535
v 0.09577544 0.13433567 0.06438012
v 0.09622186 0.058691323 0.103003554
v 0.09041861 0.08606422 0.07843579
v 0.09577544 0.13433567 0.06438012
v 0.08703039 0.13763699 0.040245034
v 0.09622186 0.058691323 0.103003554
v 0.08841461 0.055034995 0.084118776
v 0.0805827 0.04161471 0.08487089
v 0.08841461 0.055034995 0.084118776
v 0.09041861 0.08606422 0.07843579
v 0.09172278 0.0712693 0.065937206
v 0.09243354 0.04102686 0.06973666
v 0.0883956 0.02934286 0.06793415
v 0.09658832 0.09454051 0.044751097
v 0.06904379 0.008917183 0.09169929
v 0.104525074 0.027427256 0.017785555
v 0.08765166 0.02918151 0.024183424
v 0.10196882 0.043432236 0.048928026
v 0.07318186 0.17272553 0.038838577
v 0.09577544 0.13433567 0.06438012
v 0.103074454 0.17822036 0.064509265
v 0.10594069 0.071611285 0.04713561
v 0.1071725 0.12192848 0.030091852
v 0.11655343 0.043173045 0.044854335
v 0.10105491 0.14320976 0.01890623
v 0.104525074 0.027427256 0.017785555
v 0.031737767 0.7997887 0.416135
v 0.026707886 0.7814091 0.43189627
v 0.027411189 0.8050649 0.4411794
v 0.027920641 0.8188199 0.4394759
v 0.03125575 0.8169812 0.41717017
v 0.03799358 0.768945 0.3960278
v 0.039094124 0.7647394 0.40741605
v 0.028131157 0.7640755 0.41274798
v 0.03799358 0.768945 0.3960278
v 0.028131157 0.7640755 0.41274798
v 0.04352896 0.76549053 0.39373887
v 0.035275497 0.7754019 0.3842938
v 0.040714562 0.785515 0.3928194
v 0.040096693 0.8051719 0.38679492
v 0.04551617 0.7800384 0.37892276
v 0.044046614 0.79071784 0.38129693
v 0.0411181 0.013955146 0.08819018
v 0.0330664 0.012876093 0.09862717
v 0.01852319 0.017128348 0.10044994
v 0.06904379 0.008917183 0.09169929
v 0.05636954 0.012769282 0.08108667
v 0.06707695 0.024991542 0.08196115
v 0.0883956 0.02934286 0.06793415
v 0.028918885 0.63393056 -0.41511327
v 0.027080331 0.63862056 -0.40357602
v 0.029009696 0.6448392 -0.40992475
v 0.03227239 0.64716583 -0.40363485
v 0.03176509 0.65044445 -0.4002095
v 0.0316643 0.6454403 -0.40505332
v 0.032150157 0.6202189 -0.40175796
v 0.03169043 0.6461259 -0.40718222
v 0.031273562 0.6494851 -0.40820116
v 0.03080295 0.6123356 -0.4163773
v 0.040969912 0.5953649 -0.40572864
v 0.034863867 0.58708245 -0.39962715
v 0.03576155 0.5997261 -0.3960775
v 0.032295268 0.8068793 -0.36859542
v 0.030682314 0.80036163 -0.35172415
v 0.035461765 0.81009364 -0.35390133
v 0.034745164 0.791572 -0.34644645
v 0.04417639 0.80501276 -0.3735025
v 0.04200821 0.79915845 -0.384382
v 0.049413424 0.8001585 -0.39800388
v 0.043534786 0.79454637 -0.41941887
v 0.023439292 0.6984519 -0.43431234
v 0.040442023 0.6819006 -0.39324558
v 0.03394228 0.6809104 -0.38885778
v 0.038439773 0.67250586 -0.39152348
v 0.03794641 0.6533463 -0.39431798
v 0.031273562 0.6494851 -0.40820116
v 0.03176509 0.65044445 -0.4002095
v 0.036177773 0.6618449 -0.39030254
v 0.0368904 0.8003918 0.4397303
v 0.034373127 0.7768328 0.4264087
v 0.031217087 0.79775745 0.43430132
v 0.036061194 0.80991423 0.42717862
v 0.041918114 0.8382317 0.42142743
v 0.04018302 0.56765234 -0.39286715
v 0.03536135 0.5528263 -0.3938527
v 0.038982987 0.56327873 -0.38427597
v 0.04140964 0.535137 -0.37225062
v 0.040830445 0.20015544 0.08228621
v 0.03967421 0.19893292 0.04564705
v 0.045520965 0.19097745 0.060220778
v 0.04287384 0.18794867 0.03266587
v 0.0455851 0.18772286 0.019302208
v 0.039044607 0.17638198 0.0040923343
v 0.04929237 0.17269641 0.059954137
v 0.04729798 0.19191563 0.0038514542
v 0.05171516 0.18904811 0.0894104
v 0.07617183 0.20939907 0.13769355
v 0.06716334 0.17896903 0.10216926
v 0.093666345 0.1888152 0.12805656
v 0.09814138 0.16831848 0.13354343
v 0.09306013 0.1585908 0.13364176
v 0.10497001 0.1648564 0.14025895
v 0.10043959 0.1767976 0.13686553
v 0.096698485 0.17925164 0.12826832
v 0.09726992 0.15972623 0.1358446
v 0.12426709 0.22503269 0.16940817
v 0.04746712 0.78853345 -0.3342253
v 0.039185848 0.7947544 -0.31854677
v 0.054530177 0.78917116 -0.33588094
v 0.03536135 0.5528263 -0.3938527
v 0.04018302 0.56765234 -0.39286715
v 0.05594364 0.5619887 -0.37597728
v 0.04140964 0.535137 -0.37225062
v 0.04746712 0.78853345 -0.3342253
v 0.05386168 0.7763647 -0.32474297
v 0.04440824 0.7606566 -0.30686212
v 0.052969713 0.74078226 -0.303536
v 0.046183374 0.731933 -0.299419
v 0.055644903 0.7598791 -0.3134538
v 0.052366223 0.7233846 -0.30162203
v 0.054530177 0.78917116 -0.33588094
v 0.05976084 0.7446532 -0.32528389
v 0.0650566 0.7293289 -0.3189565
v 0.066734895 0.71422875 -0.31627023
v 0.06475188 0.7034035 -0.31584328
v 0.06963449 0.7751452 -0.34498453
v 0.063610606 0.74596274 -0.32017237
v 0.05976084 0.7446532 -0.32528389
v 0.052969713 0.74078226 -0.303536
v 0.063610606 0.74596274 -0.32017237
v 0.06650283 0.7469427 -0.3348853
v 0.07091895 0.74162376 -0.3445093
v 0.06650283 0.7469427 -0.3348853
v 0.07103341 0.7388876 -0.3409145
v 0.072437055 0.6874309 -0.3298741
v 0.074887 0.7178699 -0.33544284
v 0.07390878 0.73917925 -0.34708583
v 0.07572542 0.7329697 -0.3501094
v 0.07489867 0.7327982 -0.34576
v 0.08042266 0.6958798 -0.34100825
v 0.0753381 0.7214244 -0.3401996
v 0.08011872 0.7157273 -0.34924233
v 0.07589497 0.72468835 -0.34277987
v 0.07589497 0.72468835 -0.34277987
v 0.07665538 0.7211226 -0.34075272
v 0.0753381 0.7214244 -0.3401996
v 0.07626593 0.72432804 -0.3425414
v 0.076482676 0.72329056 -0.34381157
v 0.07626593 0.72432804 -0.3425414
v 0.04937925 0.79456365 0.38135284
v 0.06171213 0.8110657 0.36437207
v 0.07160191 0.8126557 0.36846966
v 0.06940149 0.80958045 0.3808936
v 0.05825738 0.7969929 0.37627155
v 0.07130467 0.8367722 0.35628623
v 0.061116226 0.8711939 0.35033303
v 0.05704652 0.8783394 0.35799438
v 0.07079408 0.86985946 0.35472083
v 0.06906998 0.85626656 0.3496548
v 0.07336801 0.8458726 0.34028918
v 0.075447 0.8534175 0.35756594
v 0.07130467 0.8367722 0.35628623
v 0.0680085 0.67010176 -0.37138927
v 0.06601096 0.6613189 -0.35556358
v 0.06360425 0.67608577 -0.3863439
v 0.06446857 0.6957146 -0.4023829
v 0.075743414 0.6589357 -0.3524865
v 0.0680228 0.4530668 -0.34312528
v 0.06578486 0.43335447 -0.341416
v 0.07346842 0.4502989 -0.330707
v 0.071246885 0.4532087 -0.33744282
v 0.07750275 0.42131892 -0.31711578
v 0.073725335 0.44012952 -0.3254937
v 0.072966784 0.4633571 -0.334431
v 0.07418726 0.47062698 -0.33759624
v 0.07282748 0.45694807 -0.33601522
v 0.07501043 0.458513 -0.32659054
v 0.075923674 0.4885924 -0.33555514
v 0.07837133 0.42151415 -0.30698997
v 0.079489194 0.47608063 -0.32891148
v 0.07418937 0.46913454 -0.32939565
v 0.075923674 0.4885924 -0.33555514
v 0.072966784 0.4633571 -0.334431
v 0.08689307 0.4008015 -0.3015344
v 0.06578486 0.43335447 -0.341416
v 0.0680228 0.4530668 -0.34312528
v 0.06845657 0.43993375 -0.3409217
v 0.070571534 0.4527763 -0.34003323
v 0.07750275 0.42131892 -0.31711578
v 0.07346842 0.4502989 -0.330707
v 0.071246885 0.4532087 -0.33744282
v 0.07282748 0.45694807 -0.33601522
v 0.07418726 0.47062698 -0.33759624
v 0.07346842 0.4502989 -0.330707
v 0.07418726 0.47062698 -0.33759624
v 0.07545729 0.45627707 -0.32832557
v 0.07282748 0.45694807 -0.33601522
v 0.07501043 0.458513 -0.32659054
v 0.079489194 0.47608063 -0.32891148
v 0.07545729 0.45627707 -0.32832557
v 0.08374486 0.45789367 -0.3175093
v 0.07501043 0.458513 -0.32659054
v 0.07418937 0.46913454 -0.32939565
v 0.075923674 0.4885924 -0.33555514
v 0.09003064 0.4366642 -0.30442816
v 0.08240066 0.5032309 -0.33244735
v 0.0758638 0.49155203 -0.34583837
v 0.096662894 0.418665 -0.29393536
v 0.08689307 0.4008015 -0.3015344
v 0.07755594 0.5921053 -0.4048459
v 0.07557331 0.580185 -0.42601752
v 0.07365904 0.5713478 -0.41204363
v 0.07406391 0.59406126 -0.43128288
v 0.07683269 0.56299335 -0.3959731
v 0.07965898 0.58072865 -0.37956816
v 0.079367824 0.67660654 -0.41817838
v 0.082984686 0.64776254 -0.4071489
v 0.07459501 0.68429863 -0.37760442
v 0.07780022 0.61943126 -0.42424297
v 0.08074101 0.5601586 -0.40857434
v 0.080692835 0.61887836 -0.4006195
v 0.07878075 0.66053563 -0.37107205
v 0.078684114 0.5695774 -0.43766248
v 0.08484267 0.6350572 -0.42677867
v 0.08018301 0.591113 -0.43237442
v 0.082129546 0.60843855 -0.4509455
v 0.08876889 0.5718652 -0.35965526
v 0.080367744 0.63660765 -0.35660958
v 0.08739634 0.6125387 -0.3348276
v 0.086141706 0.60972345 -0.3618132
v 0.09032319 0.53236896 -0.37325233
v 0.08765479 0.60151315 -0.32083064
v 0.08979124 0.6127667 -0.31026042
v 0.08658473 0.5880553 -0.32188165
v 0.088886894 0.6044492 -0.31091273
v 0.08677203 0.6047203 -0.31454778
v 0.0892451 0.601686 -0.31010413
v 0.09180692 0.5844882 -0.32537073
v 0.09209508 0.55770636 -0.32104254
v 0.095534965 0.53629917 -0.34049094
v 0.10279374 0.5177896 -0.3452587
v 0.09557662 0.45318156 -0.3228444
v 0.094921835 0.43784204 -0.31609404
v 0.09003064 0.4366642 -0.30442816
v 0.09300228 0.575668 -0.33759212
v 0.0945937 0.4560404 -0.34793156
v 0.09903427 0.46071303 -0.3082881
v 0.09950688 0.53215325 -0.31790012
v 0.09834762 0.48607966 -0.37027496
v 0.106014095 0.48192522 -0.31710756
v 0.105697475 0.52437 -0.32646304
v 0.106306575 0.48505414 -0.30749887
v 0.10985949 0.5390793 -0.30345112
v 0.10702753 0.5111908 -0.3173434
v 0.095438786 0.50627804 -0.4042747
v 0.11529974 0.53837246 -0.36467582
v 0.10933663 0.5369626 -0.39358836
v 0.107924946 0.5050282 -0.33717084
v 0.107924946 0.5050282 -0.33717084
v 0.10702753 0.5111908 -0.3173434
v 0.11276257 0.5359395 -0.31635326
v 0.105697475 0.52437 -0.32646304
v 0.10899238 0.5347859 -0.33550537
v 0.11070443 0.5227772 -0.34551108
v 0.10924259 0.5235888 -0.3029164
v 0.11521241 0.55144787 -0.34034055
v 0.11717638 0.5675849 -0.35237145
v 0.112662405 0.56690294 -0.30478328
v 0.11214202 0.5522637 -0.28756988
v 0.11721873 0.5656116 -0.27307558
v 0.12011267 0.5539457 -0.2754441
v 0.07379602 0.7391992 -0.34747517
v 0.07572542 0.7329697 -0.3501094
v 0.07091895 0.74162376 -0.3445093
v 0.07613712 0.7344531 -0.34945226
v 0.07876066 0.7251272 -0.34949762
v 0.08011872 0.7157273 -0.34924233
v 0.072672926 0.35641646 0.37479877
v 0.11984222 0.37835297 0.36328858
v 0.050988823 0.39634484 0.4124074
v 0.055896197 0.42801416 0.42515165
v 0.08282007 0.452068 0.41887897
v 0.06121608 0.2960058 0.29956067
v 0.10127539 0.27254164 0.23249626
v 0.15663528 0.343117 0.25668055
v 0.09650332 0.16286194 0.13342115
v 0.10497001 0.1648564 0.14025895
v 0.09726992 0.15972623 0.1358446
v 0.09809752 0.16297907 0.1340794
v 0.10148278 0.16434854 0.13543916
v 0.13243067 0.42034024 0.37861067
v 0.10619536 0.17151913 0.13594937
v 0.11563802 0.17753962 0.14098276
v 0.10446977 0.16971761 0.13720207
v 0.11250791 0.16295609 0.12629706
v 0.11568853 0.17607576 0.13313475
v 0.11250791 0.16295609 0.12629706
v 0.10497001 0.1648564 0.14025895
v 0.122409895 0.17655763 0.12904303
v 0.12324454 0.45007062 0.39648658
v 0.12101889 0.16144332 0.11817857
v 0.11568853 0.17607576 0.13313475
v 0.11250791 0.16295609 0.12629706
v 0.12013994 0.17085901 0.12182915
v 0.14150377 0.19684285 0.13707511
v 0.12426709 0.22503269 0.16940817
v 0.12101889 0.16144332 0.11817857
v 0.13003178 0.17034563 0.11614162
v 0.13915594 0.17236778 0.093623504
v 0.14740294 0.1861605 0.10501568
v 0.16186054 0.40532213 0.33153445
v 0.1629295 0.295174 0.20209387
v 0.15404747 0.22359082 0.15108165
v 0.16198096 0.24661043 0.16572897
v 0.16061981 0.19681531 0.11014508
v 0.16656941 0.22843131 0.15520132
v 0.16583636 0.21294698 0.124098495
v 0.17021239 0.20769885 0.0854872
v 0.16301516 0.20419401 0.09861558
v 0.1554609 0.18550509 0.06270651
v 0.14756294 0.18598157 0.03994258
v 0.1644424 0.18950355 0.042576514
v 0.18102992 0.4048379 0.2959357
v 0.16230427 0.20374009 0.10592403
v 0.18403892 0.20894471 0.06072116
v 0.16418645 0.20768222 0.10772803
v 0.16319488 0.20701754 0.10653713
v 0.16362168 0.20504534 0.105552785
v 0.16401075 0.20539063 0.10740015
v 0.16230427 0.20374009 0.10592403
v 0.16301516 0.20419401 0.09861558
v 0.17353491 0.21516836 0.10511451
v 0.17669913 0.25197956 0.16377786
v 0.18380632 0.23524073 0.13476846
v 0.16102247 0.18202156 0.022677032
v 0.19303527 0.23358205 0.099253915
v 0.18646535 0.35420886 0.20175979
v 0.20600745 0.2908231 0.14813772
v 0.20057689 0.25880703 0.13598625
v 0.18820667 0.38640395 0.2539065
v 0.19012053 0.3908968 0.2346354
v 0.18609156 0.3743057 0.19961731
v 0.19181807 0.3762584 0.1827123
v 0.1932438 0.35761702 0.16071801
v 0.19953185 0.40881073 0.25966865
v 0.20040485 0.3610385 0.141483
v 0.2087569 0.3937528 0.22809291
v 0.20800169 0.23761523 0.077277936
v 0.21471602 0.3709 0.15958774
v 0.2055235 0.43462276 0.27067333
v 0.21694656 0.42253774 0.2505492
v 0.22439222 0.4055066 0.23358138
v 0.2355789 0.3865595 0.10262515
v 0.21584973 0.35607088 0.082510196
v 0.21660487 0.26453578 0.098776415
v 0.22098921 0.25270382 0.07847686
v 0.21450073 0.4617517 0.27126324
v 0.23813252 0.4411801 0.23426747
v 0.23637949 0.38429487 0.13100255
v 0.22715843 0.27310616 0.075156614
v 0.23641293 0.39666253 0.19386439
v 0.23230115 0.36413723 0.047009997
v 0.22841004 0.3426814 0.0184836
v 0.24508353 0.41461444 0.2076543
v 0.24674366 0.40446675 0.17750604
v 0.079489194 0.47608063 -0.32891148
v 0.07418937 0.46913454 -0.32939565
v 0.072966784 0.4633571 -0.334431
v 0.07390878 0.73917925 -0.34708583
v 0.07091895 0.74162376 -0.3445093
v 0.07572542 0.7329697 -0.3501094
v 0.079489194 0.47608063 -0.32891148
v 0.08374486 0.45789367 -0.3175093
v 0.07418937 0.46913454 -0.32939565
v 0.08240066 0.5032309 -0.33244735
v 0.09930529 0.4965962 -0.3157469
v 0.08781145 0.52822727 -0.32905895
v 0.09903427 0.46071303 -0.3082881
v 0.09003064 0.4366642 -0.30442816
v 0.10049917 0.5160766 -0.31859934
v 0.106306575 0.48505414 -0.30749887
v 0.10702753 0.5111908 -0.3173434
v 0.08018301 0.591113 -0.43237442
v 0.07557331 0.580185 -0.42601752
v 0.07406391 0.59406126 -0.43128288
v 0.08484267 0.6350572 -0.42677867
v 0.10932725 0.0055431128 0.17622529
v 0.098992996 0.030012935 0.15084131
v 0.06966018 0.020888716 0.10492396
v 0.10155715 0.008184105 0.22340657
v 0.09622186 0.058691323 0.103003554
v 0.06904379 0.008917183 0.09169929
v 0.09959267 0.021478266 0.26078767
v 0.09948355 0.0370664 0.26349998
v 0.10337541 0.036752194 0.22402644
v 0.104788475 0.033330977 0.27574694
v 0.08324177 0.32434514 -0.22046946
v 0.07401173 0.33122084 -0.24193496
v 0.1004528 0.3171757 -0.21955714
v 0.09913023 0.3184746 -0.2329861
v 0.10137937 0.31744084 -0.20759468
v 0.115514 0.31339884 -0.21464565
v 0.10633157 0.308299 -0.2044067
v 0.10879464 0.2912412 -0.20734903
v 0.0964422 0.59774727 -0.3036018
v 0.0892451 0.601686 -0.31010413
v 0.09263898 0.5931462 -0.30557156
v 0.08979124 0.6127667 -0.31026042
v 0.09316776 0.5910105 -0.30643594
v 0.09357132 0.5885794 -0.30563825
v 0.09263898 0.5931462 -0.30557156
v 0.0935927 0.5896572 -0.30585563
v 0.09357132 0.5885794 -0.30563825
v 0.0935927 0.5896572 -0.30585563
v 0.09439064 0.58948505 -0.30456972
v 0.096652426 0.5850101 -0.30522078
v 0.10800204 0.5913865 -0.3021276
v 0.09771714 0.6055729 -0.29596072
v 0.10794476 0.5760269 -0.30610102
v 0.09306013 0.1585908 0.13364176
v 0.09814138 0.16831848 0.13354343
v 0.09650332 0.16286194 0.13342115
v 0.10148278 0.16434854 0.13543916
v 0.09726992 0.15972623 0.1358446
v 0.09772895 0.16321039 0.13459523
v 0.104013644 0.17237797 0.13359196
v 0.096698485 0.17925164 0.12826832
v 0.10446977 0.16971761 0.13720207
v 0.10619536 0.17151913 0.13594937
v 0.093666345 0.1888152 0.12805656
v 0.11568853 0.17607576 0.13313475
v 0.12306185 0.19136164 0.13782553
v 0.121081315 0.20233104 0.13168426
v 0.09809752 0.16297907 0.1340794
v 0.103209145 0.007097155 0.068474494
v 0.06904379 0.008917183 0.09169929
v 0.092951246 0.014434755 0.040070415
v 0.11514539 0.0046407282 0.10778606
v 0.10932725 0.0055431128 0.17622529
v 0.12213795 0.0018708706 0.08527888
v 0.11949347 0.0056619644 0.1503574
v 0.121114895 0.00743261 0.06753131
v 0.10208338 0.014103949 0.023052165
v 0.12042361 0.018205822 0.17363663
v 0.11928999 0.02771777 0.21065474
v 0.14242546 0.0028566718 0.111894935
v 0.1496974 0.0038817227 0.09995379
v 0.1441599 0.009973645 0.12539542
v 0.14536719 0.0099619925 0.08580575
v 0.16689743 0.003338486 0.1395175
v 0.1739875 0.002307713 0.12612887
v 0.17083429 0.008890897 0.10989585
v 0.17604376 0.008217722 0.15463734
v 0.19872217 0.0055058897 0.14747825
v 0.19590028 0.0068713427 0.13230893
v 0.21271077 0.010719925 0.16549394
v 0.20713954 0.008499473 0.1737308
v 0.21990278 0.0086218715 0.15216589
v 0.2218949 0.009234846 0.18147565
v 0.21113718 0.010766178 0.18216221
v 0.22529265 0.021471828 0.17131416
v 0.23876198 0.01867786 0.16888778
v 0.24765606 0.017440438 0.1801132
v 0.09316776 0.5910105 -0.30643594
v 0.096652426 0.5850101 -0.30522078
v 0.09357132 0.5885794 -0.30563825
v 0.09316776 0.5910105 -0.30643594
v 0.09263898 0.5931462 -0.30557156
v 0.09382942 0.58515805 -0.30725038
v 0.096652426 0.5850101 -0.30522078
v 0.10052405 0.56778103 -0.3014354
v 0.10794476 0.5760269 -0.30610102
v 0.10957558 0.55364555 -0.3096745
v 0.10985949 0.5390793 -0.30345112
v 0.09772895 0.16321039 0.13459523
v 0.09650332 0.16286194 0.13342115
v 0.09726992 0.15972623 0.1358446
v 0.09814138 0.16831848 0.13354343
v 0.09809752 0.16297907 0.1340794
v 0.10148278 0.16434854 0.13543916
v 0.09948355 0.0370664 0.26349998
v 0.10819863 0.033753663 0.2437374
v 0.10337541 0.036752194 0.22402644
v 0.104788475 0.033330977 0.27574694
v 0.09959267 0.021478266 0.26078767
v 0.111949526 0.028440356 0.18739861
v 0.098992996 0.030012935 0.15084131
v 0.12383464 0.029590815 0.11711539
v 0.09622186 0.058691323 0.103003554
v 0.11607801 0.020417362 0.24884544
v 0.11928999 0.02771777 0.21065474
v 0.12042361 0.018205822 0.17363663
v 0.12192668 0.015740126 0.14431362
v 0.11949347 0.0056619644 0.1503574
v 0.12443118 0.018315762 0.22688785
v 0.11514539 0.0046407282 0.10778606
v 0.11961358 0.007773459 0.2490514
v 0.10932725 0.0055431128 0.17622529
v 0.12261638 0.009924382 0.2386791
v 0.119085155 0.4353433 -0.27972293
v 0.12727761 0.47211623 -0.27361608
v 0.1407657 0.4432022 -0.248952
v 0.13611023 0.55197465 -0.2040817
v 0.13543314 0.5601915 -0.19363102
v 0.14177336 0.5435099 -0.18672125
v 0.13777472 0.48063585 -0.25948304
v 0.13476287 0.49305442 -0.2663074
v 0.13505344 0.5205933 -0.2848885
v 0.13899799 0.49354795 -0.2757979
v 0.13151535 0.5012522 -0.28499126
v 0.14362592 0.41946268 -0.2412968
v 0.14550273 0.5504275 -0.17476839
v 0.14147095 0.5278602 -0.25534582
v 0.14484482 0.52750975 -0.21318366
v 0.13777472 0.48063585 -0.25948304
v 0.13681272 0.48428768 -0.26672727
v 0.14217107 0.494106 -0.25075766
v 0.13899799 0.49354795 -0.2757979
v 0.14263074 0.5516138 -0.2071729
v 0.13611023 0.55197465 -0.2040817
v 0.14484482 0.52750975 -0.21318366
v 0.14525726 0.49009463 -0.2373945
v 0.14981952 0.47717604 -0.23878708
v 0.14217107 0.494106 -0.25075766
v 0.14689046 0.5033068 -0.22956295
v 0.15864733 0.42743707 -0.22373472
v 0.15579006 0.5339959 -0.16764389
v 0.1519901 0.51852524 -0.19522487
v 0.14757676 0.503531 -0.21954158
v 0.1523043 0.49120578 -0.22619484
v 0.14757676 0.503531 -0.21954158
v 0.14992571 0.52517766 -0.21722858
v 0.14689046 0.5033068 -0.22956295
v 0.1514919 0.5164842 -0.22654805
v 0.14484482 0.52750975 -0.21318366
v 0.14689046 0.5033068 -0.22956295
v 0.14793234 0.52916616 -0.22957823
v 0.1514919 0.5164842 -0.22654805
v 0.15689322 0.49320605 -0.23118767
v 0.14981952 0.47717604 -0.23878708
v 0.14525726 0.49009463 -0.2373945
v 0.16415057 0.4620631 -0.22310846
v 0.16128352 0.5165251 -0.21736395
v 0.16415057 0.4620631 -0.22310846
v 0.15687625 0.50673056 -0.22767597
v 0.1683699 0.37179223 -0.19193189
v 0.16051617 0.35525715 -0.1996142
v 0.15268722 0.36867446 -0.22106563
v 0.16923156 0.4814157 -0.21783616
v 0.15687625 0.50673056 -0.22767597
v 0.16923156 0.4814157 -0.21783616
v 0.16604443 0.37997353 -0.20458367
v 0.16480601 0.40240467 -0.21812174
v 0.17293873 0.43962333 -0.2130583
v 0.17431046 0.37159958 -0.1728681
v 0.1711149 0.50363624 -0.2016479
v 0.16051617 0.35525715 -0.1996142
v 0.17431046 0.37159958 -0.1728681
v 0.17819408 0.32537377 -0.19511087
v 0.17264253 0.38662398 -0.17716146
v 0.18328997 0.40421176 -0.1381391
v 0.17618959 0.38747185 -0.15998869
v 0.17729571 0.40299165 -0.17266876
v 0.17370354 0.42512262 -0.21350296
v 0.17282487 0.43387684 -0.22440924
v 0.17293873 0.43962333 -0.2130583
v 0.17190857 0.42719784 -0.2246093
v 0.17012732 0.44459605 -0.2297559
v 0.17876445 0.44915178 -0.20574301
v 0.17282487 0.43387684 -0.22440924
v 0.17190702 0.42603958 -0.2283673
v 0.1797715 0.39765266 -0.19187744
v 0.16923156 0.4814157 -0.21783616
v 0.18202935 0.4267124 -0.13704993
v 0.17876445 0.44915178 -0.20574301
v 0.18163608 0.37724373 -0.14854088
v 0.18230791 0.37119326 -0.15790384
v 0.17370354 0.42512262 -0.21350296
v 0.17587766 0.41440785 -0.21353312
v 0.18399374 0.47422716 -0.18252012
v 0.18343313 0.37926793 -0.155605
v 0.18056625 0.4299824 -0.20466618
v 0.17587766 0.41440785 -0.21353312
v 0.17876445 0.44915178 -0.20574301
v 0.18755667 0.43482003 -0.17224985
v 0.18056625 0.4299824 -0.20466618
v 0.18520282 0.37430686 -0.14722884
v 0.19709902 0.3712299 -0.14111151
v 0.19522381 0.33459568 -0.17469151
v 0.19274691 0.5135269 -0.041360427
v 0.1846696 0.49279356 -0.06190275
v 0.1889327 0.50675017 -0.06549701
v 0.19283761 0.38499206 -0.14040224
v 0.18820667 0.38640395 0.2539065
v 0.18646535 0.35420886 0.20175979
v 0.19012053 0.3908968 0.2346354
v 0.18609156 0.3743057 0.19961731
v 0.1932438 0.35761702 0.16071801
v 0.18651591 0.45784846 -0.09921088
v 0.19108662 0.45370844 -0.12103349
v 0.19212605 0.48331493 -0.08786224
v 0.20076437 0.4361486 -0.10822363
v 0.19219796 0.36423334 -0.14871822
v 0.19122557 0.37105116 -0.14961281
v 0.1890002 0.5288559 -0.05869593
v 0.19437338 0.5020174 -0.093677975
v 0.20600745 0.2908231 0.14813772
v 0.2130068 0.3193439 0.12937096
v 0.19190899 0.4725522 -0.13773972
v 0.19870648 0.52975076 -0.035251375
v 0.19658224 0.47076714 -0.10886977
v 0.20757341 0.33239728 -0.15084814
v 0.20716383 0.29569635 -0.17794468
v 0.20040485 0.3610385 0.141483
v 0.21002105 0.3603751 -0.13116735
v 0.20160878 0.5319039 -0.011339411
v 0.21584973 0.35607088 0.082510196
v 0.2101418 0.3702376 -0.1289898
v 0.21302837 0.3936749 -0.12122876
v 0.2229109 0.33325297 0.07154246
v 0.22422902 0.26004982 0.056259625
v 0.22098921 0.25270382 0.07847686
v 0.22122237 0.2470589 0.029735759
v 0.22334366 0.38487878 -0.101788916
v 0.23016538 0.35305023 -0.10539942
v 0.22428907 0.32607523 -0.12647155
v 0.22015521 0.427928 -0.09159911
v 0.2245423 0.29741862 -0.15372324
v 0.21821985 0.2818101 -0.16817419
v 0.23129962 0.41560125 -0.05764067
v 0.22555329 0.46690068 -0.056852203
v 0.22841004 0.3426814 0.0184836
v 0.22761883 0.36054945 -0.09303824
v 0.22715843 0.27310616 0.075156614
v 0.22846688 0.27419543 -0.14789523
v 0.23480254 0.45634377 -0.036592495
v 0.23161273 0.37727487 -0.07167928
v 0.23199913 0.31581324 0.027833663
v 0.23121253 0.35223782 -0.083488844
v 0.2256577 0.2553762 -0.12065495
v 0.2184594 0.25098616 -0.14322005
v 0.22958441 0.28445542 -0.1326721
v 0.23372044 0.28602764 0.04480404
v 0.23263179 0.30359343 -0.107454866
v 0.2358675 0.36386126 0.009912219
v 0.23230115 0.36413723 0.047009997
v 0.23157929 0.25913933 -0.10530688
v 0.21974836 0.23685545 -0.094608024
v 0.23532514 0.34443146 -0.035630375
v 0.2355091 0.2644495 0.015291316
v 0.23745799 0.31577462 -0.08018555
v 0.2369912 0.32181677 -0.00897857
v 0.22733526 0.2577163 -0.04726979
v 0.23928487 0.426808 -0.007647298
v 0.23652321 0.28082466 -0.095029846
v 0.24023665 0.39125195 0.03796808
v 0.23962665 0.2914967 0.0067103924
v 0.23828544 0.37974882 -0.02857468
v 0.2355789 0.3865595 0.10262515
v 0.23114663 0.4963748 -0.023521045
v 0.23590715 0.48765564 0.019990074
v 0.2416383 0.2915955 -0.06213732
v 0.23873313 0.27597147 -0.025855597
v 0.24354757 0.30082905 -0.037838105
v 0.24436054 0.42256922 0.037011586
v 0.24290434 0.27932143 -0.010565249
v 0.23865502 0.2645928 -0.013447551
v 0.24216127 0.50630456 0.066787966
v 0.24723478 0.46874 0.053533405
v 0.25042367 0.4312988 0.07610865
v 0.24401475 0.5206397 0.10925107
v 0.2522406 0.48677653 0.097454846
v 0.25712204 0.43080032 0.1762506
v 0.24508353 0.41461444 0.2076543
v 0.24674366 0.40446675 0.17750604
v 0.25577098 0.49255434 0.14893575
v 0.24718966 0.5142415 0.16375731
v 0.25491792 0.44436866 0.10472962
v 0.2420089 0.51439494 0.20302747
v 0.2547341 0.48527646 0.1927372
v 0.25402993 0.45356375 0.20335092
v 0.23637949 0.38429487 0.13100255
v 0.25952762 0.45929927 0.13195728
v 0.26089305 0.47186184 0.17142095
v 0.09577544 0.13433567 0.06438012
v 0.09622186 0.058691323 0.103003554
v 0.11593253 0.080999434 0.08961247
v 0.11210416 0.14097095 0.060908288
v 0.117099926 0.16632763 0.0405476
v 0.12383464 0.029590815 0.11711539
v 0.11822968 0.11374837 0.067501046
v 0.11996603 0.14258698 0.047809884
v 0.123226166 0.08649823 0.073711365
v 0.12868606 0.05117452 0.0764491
v 0.13390084 0.04408914 0.10128389
v 0.14536153 0.027155817 0.123341516
v 0.13635111 0.04383099 0.08370906
v 0.14829098 0.035607547 0.10443669
v 0.1753658 0.03026694 0.13620426
v 0.17006353 0.021600753 0.14768513
v 0.18985696 0.030035675 0.15765677
v 0.21076041 0.035200566 0.15490021
v 0.20905147 0.036631793 0.16147391
v 0.20401219 0.025768697 0.17386335
v 0.21474175 0.032582283 0.16398536
v 0.21670382 0.022143632 0.17895411
v 0.21987852 0.040004432 0.16523102
v 0.21113718 0.010766178 0.18216221
v 0.2218949 0.009234846 0.18147565
v 0.22529265 0.021471828 0.17131416
v 0.22234069 0.035148054 0.168878
v 0.2244817 0.032140672 0.16926993
v 0.21474175 0.032582283 0.16398536
v 0.23045108 0.03213823 0.1638346
v 0.21076041 0.035200566 0.15490021
v 0.2244817 0.032140672 0.16926993
v 0.23415498 0.03029415 0.17687474
v 0.22806798 0.03553149 0.16849674
v 0.24318805 0.02730763 0.17205097
v 0.24765606 0.017440438 0.1801132
v 0.09970113 0.6029159 -0.35992885
v 0.113241136 0.58131844 -0.3543712
v 0.09857705 0.58344376 -0.3563065
v 0.10458566 0.55802774 -0.3396449
v 0.11717638 0.5675849 -0.35237145
v 0.10148278 0.16434854 0.13543916
v 0.10446977 0.16971761 0.13720207
v 0.104013644 0.17237797 0.13359196
v 0.11031914 0.17232153 0.1293734
v 0.11250791 0.16295609 0.12629706
v 0.11568853 0.17607576 0.13313475
v 0.12013994 0.17085901 0.12182915
v 0.13915594 0.17236778 0.093623504
v 0.12101889 0.16144332 0.11817857
v 0.12306185 0.19136164 0.13782553
v 0.122409895 0.17655763 0.12904303
v 0.12101889 0.16144332 0.11817857
v 0.122409895 0.17655763 0.12904303
v 0.12013994 0.17085901 0.12182915
v 0.13283457 0.1814965 0.11929727
v 0.121081315 0.20233104 0.13168426
v 0.13211498 0.19522172 0.12604947
v 0.13957365 0.19042873 0.11017857
v 0.14545922 0.1867818 0.09057644
v 0.15046874 0.2040798 0.10128863
v 0.1554609 0.18550509 0.06270651
v 0.14756294 0.18598157 0.03994258
v 0.15110902 0.19173342 0.05419788
v 0.16268098 0.21277437 0.07995128
v 0.16025901 0.20334485 0.058648977
v 0.104013644 0.17237797 0.13359196
v 0.10446977 0.16971761 0.13720207
v 0.10497001 0.1648564 0.14025895
v 0.11563802 0.17753962 0.14098276
v 0.104013644 0.17237797 0.13359196
v 0.10497001 0.1648564 0.14025895
v 0.10619536 0.17151913 0.13594937
v 0.1071725 0.12192848 0.030091852
v 0.11631748 0.084019005 0.048125908
v 0.10594069 0.071611285 0.04713561
v 0.10105491 0.14320976 0.01890623
v 0.10077314 0.16128471 0.010213535
v 0.11655343 0.043173045 0.044854335
v 0.10208338 0.014103949 0.023052165
v 0.104525074 0.027427256 0.017785555
v 0.12355651 0.030951798 0.041094083
v 0.117099926 0.16632763 0.0405476
v 0.11996603 0.14258698 0.047809884
v 0.12112373 0.11698061 0.05485547
v 0.124393195 0.066829205 0.06780513
v 0.11822968 0.11374837 0.067501046
v 0.12706691 0.01995945 0.065280735
v 0.121114895 0.00743261 0.06753131
v 0.123226166 0.08649823 0.073711365
v 0.12868606 0.05117452 0.0764491
v 0.14951955 0.025211781 0.089657776
v 0.14536719 0.0099619925 0.08580575
v 0.13635111 0.04383099 0.08370906
v 0.14829098 0.035607547 0.10443669
v 0.17083429 0.008890897 0.10989585
v 0.17216599 0.028050393 0.121613085
v 0.1753658 0.03026694 0.13620426
v 0.19177076 0.024049133 0.13173121
v 0.19590028 0.0068713427 0.13230893
v 0.21076041 0.035200566 0.15490021
v 0.21860972 0.020784944 0.14995326
v 0.23045108 0.03213823 0.1638346
v 0.2244817 0.032140672 0.16926993
v 0.22806798 0.03553149 0.16849674
v 0.21990278 0.0086218715 0.15216589
v 0.23876198 0.01867786 0.16888778
v 0.24318805 0.02730763 0.17205097
v 0.24765606 0.017440438 0.1801132
v 0.11607801 0.020417362 0.24884544
v 0.09959267 0.021478266 0.26078767
v 0.10155715 0.008184105 0.22340657
v 0.11961358 0.007773459 0.2490514
v 0.12261638 0.009924382 0.2386791
v 0.10932725 0.0055431128 0.17622529
v 0.12443118 0.018315762 0.22688785
v 0.11585184 0.5707768 -0.2646454
v 0.11762394 0.5635365 -0.26517135
v 0.118548065 0.56264335 -0.26605034
v 0.11712003 0.56156135 -0.27023417
v 0.11721873 0.5656116 -0.27307558
v 0.11961716 0.5737319 -0.23439415
v 0.11841195 0.5741038 -0.23519261
v 0.118895546 0.5727829 -0.23461764
v 0.118484005 0.5749943 -0.23609723
v 0.12101416 0.57326293 -0.2424988
v 0.11961716 0.5737319 -0.23439415
v 0.118895546 0.5727829 -0.23461764
v 0.11832281 0.57356584 -0.23686233
v 0.12383464 0.029590815 0.11711539
v 0.11514539 0.0046407282 0.10778606
v 0.1441599 0.009973645 0.12539542
v 0.14536153 0.027155817 0.123341516
v 0.17006353 0.021600753 0.14768513
v 0.16689743 0.003338486 0.1395175
v 0.17604376 0.008217722 0.15463734
v 0.1918998 0.018609703 0.16913895
v 0.18985696 0.030035675 0.15765677
v 0.20401219 0.025768697 0.17386335
v 0.20713954 0.008499473 0.1737308
v 0.21113718 0.010766178 0.18216221
v 0.21670382 0.022143632 0.17895411
v 0.13611023 0.55197465 -0.2040817
v 0.14263074 0.5516138 -0.2071729
v 0.13543314 0.5601915 -0.19363102
v 0.15114015 0.545715 -0.18804815
v 0.14550273 0.5504275 -0.17476839
v 0.15114003 0.53822243 -0.2060481
v 0.14992571 0.52517766 -0.21722858
v 0.14484482 0.52750975 -0.21318366
v 0.1514919 0.5164842 -0.22654805
v 0.15687625 0.50673056 -0.22767597
v 0.15696166 0.5256551 -0.19223793
v 0.15530254 0.50458884 -0.21760665
v 0.15579006 0.5339959 -0.16764389
v 0.15689322 0.49320605 -0.23118767
v 0.13534057 0.49500433 -0.27269334
v 0.13435274 0.48992598 -0.27100056
v 0.13476287 0.49305442 -0.2663074
v 0.13151535 0.5012522 -0.28499126
v 0.134673 0.4991485 -0.2720775
v 0.13777472 0.48063585 -0.25948304
v 0.13681272 0.48428768 -0.26672727
v 0.13899799 0.49354795 -0.2757979
v 0.12727761 0.47211623 -0.27361608
v 0.13681272 0.48428768 -0.26672727
v 0.13476287 0.49305442 -0.2663074
v 0.13534057 0.49500433 -0.27269334
v 0.15530254 0.50458884 -0.21760665
v 0.1523043 0.49120578 -0.22619484
v 0.14757676 0.503531 -0.21954158
v 0.15689322 0.49320605 -0.23118767
v 0.14525726 0.49009463 -0.2373945
v 0.1519901 0.51852524 -0.19522487
v 0.15696166 0.5256551 -0.19223793
v 0.15579006 0.5339959 -0.16764389
v 0.16401075 0.20539063 0.10740015
v 0.16061981 0.19681531 0.11014508
v 0.16418645 0.20768222 0.10772803
v 0.16362168 0.20504534 0.105552785
v 0.16582073 0.20494309 0.10630492
v 0.17353491 0.21516836 0.10511451
v 0.16319488 0.20701754 0.10653713
v 0.16230427 0.20374009 0.10592403
v 0.16401075 0.20539063 0.10740015
v 0.16582073 0.20494309 0.10630492
v 0.16301516 0.20419401 0.09861558
v 0.16319488 0.20701754 0.10653713
v 0.16362168 0.20504534 0.105552785
v 0.16582073 0.20494309 0.10630492
v 0.16061981 0.19681531 0.11014508
v 0.17353491 0.21516836 0.10511451
v 0.1886939 0.54682505 0.26219517
v 0.17241351 0.55772346 0.266953
v 0.16076605 0.5497501 0.29909402
v 0.18968892 0.5315786 0.28748304
v 0.19499065 0.55936277 0.23104227
v 0.21801722 0.5211358 0.24860783
v 0.17190857 0.42719784 -0.2246093
v 0.15864733 0.42743707 -0.22373472
v 0.17370354 0.42512262 -0.21350296
v 0.17282487 0.43387684 -0.22440924
v 0.16415057 0.4620631 -0.22310846
v 0.16923156 0.4814157 -0.21783616
v 0.17012732 0.44459605 -0.2297559
v 0.17190857 0.42719784 -0.2246093
v 0.17293873 0.43962333 -0.2130583
v 0.17190702 0.42603958 -0.2283673
v 0.17587766 0.41440785 -0.21353312
v 0.17431046 0.37159958 -0.1728681
v 0.19028187 0.36809254 -0.17414363
v 0.18343313 0.37926793 -0.155605
v 0.1947715 0.370265 -0.15664549
v 0.18230791 0.37119326 -0.15790384
v 0.19122557 0.37105116 -0.14961281
v 0.20209943 0.36795753 -0.15233548
v 0.19709902 0.3712299 -0.14111151
v 0.19982988 0.36581314 -0.15949644
v 0.20447011 0.36351454 -0.15506315
v 0.20859022 0.3565362 -0.16587237
v 0.22025432 0.35443175 -0.1400986
v 0.21002105 0.3603751 -0.13116735
v 0.23016538 0.35305023 -0.10539942
v 0.18343313 0.37926793 -0.155605
v 0.18230791 0.37119326 -0.15790384
v 0.18520282 0.37430686 -0.14722884
v 0.19250299 0.37649143 -0.14593668
v 0.19122557 0.37105116 -0.14961281
v 0.19219796 0.36423334 -0.14871822
v 0.19709902 0.3712299 -0.14111151
v 0.19283761 0.38499206 -0.14040224
v 0.21076041 0.035200566 0.15490021
v 0.22234069 0.035148054 0.168878
v 0.21474175 0.032582283 0.16398536
v 0.21987852 0.040004432 0.16523102
v 0.22806798 0.03553149 0.16849674
v 0.2244817 0.032140672 0.16926993
v -0.14747865 0.53525025 -0.25633025
v -0.15415302 0.5177174 -0.22670536
v -0.13983111 0.5630631 -0.23950927
v -0.15905862 0.5585467 -0.19566749
v -0.14674972 0.5824378 -0.16666763
v -0.13564543 0.5947338 -0.2055986
v -0.15687364 0.5479164 -0.21781516
v -0.13743141 0.5759529 -0.25588894
v -0.13921785 0.57856774 -0.27715927
v -0.13674794 0.56574726 -0.30440307
v -0.12226424 0.5993176 -0.30678296
v -0.12558518 0.61311436 -0.26828903
v -0.1260525 0.578848 -0.33527666
v -0.13173956 0.5512493 -0.33288425
v -0.1283131 0.56229526 -0.3587517
v -0.1225172 0.6148436 -0.23909523
v -0.11763697 0.62173635 -0.28618592
v -0.11295102 0.61928463 -0.17202555
v -0.11520239 0.63764644 -0.26141393
v -0.11536516 0.5880542 -0.34813398
v -0.106792666 0.6172193 -0.33389217
v -0.10554321 0.64559335 -0.21565531
v -0.10675765 0.63811433 -0.27108687
v -0.103919275 0.60110223 -0.36476076
v -0.09818507 0.64356345 -0.30057454
v -0.09751759 0.63873833 -0.36212766
v -0.09473373 0.6527752 -0.33278567
v -0.098228455 0.6535728 -0.27006143
v -0.096579656 0.6244209 -0.38950694
v -0.08825961 0.6690415 -0.2435266
v -0.087807104 0.667033 -0.39295727
v -0.08427681 0.68193716 -0.27041924
v -0.08335594 0.68289626 -0.30588323
v -0.0831844 0.6766811 -0.35202414
v -0.09383851 0.63950205 -0.4205224
v -0.08720227 0.6682316 -0.44421005
v -0.09054877 0.64025056 -0.44688672
v -0.08205506 0.68532604 -0.3302474
v -0.079985075 0.68847704 -0.33492142
v -0.07755411 0.6877353 -0.37350667
v -0.074596375 0.70249987 -0.3113131
v -0.0690975 0.6964326 -0.34495896
v -0.06936439 0.70742345 -0.28459525
v -0.067074075 0.7046597 -0.31484878
v -0.066635564 0.70190823 -0.35816616
v -0.066765755 0.73017335 -0.42653638
v -0.06884686 0.72158855 -0.43142074
v -0.06651622 0.72301674 -0.41346908
v -0.05798666 0.71514946 -0.37327582
v -0.06063175 0.7403461 -0.38043147
v -0.06756125 0.6983161 -0.37811387
v -0.060617108 0.7382948 -0.42828977
v -0.061546512 0.7459583 -0.41024208
v -0.055089097 0.71924204 -0.3061117
v -0.060145147 0.75310254 -0.4361108
v -0.060758375 0.7147894 -0.29615182
v -0.062398728 0.71442175 -0.29758
v -0.05779667 0.7129495 -0.2858129
v -0.059481956 0.71554565 -0.29498678
v -0.053438734 0.7627013 -0.33036423
v -0.061043248 0.7785243 -0.40501148
v -0.05881935 0.7781513 -0.43352628
v -0.058393236 0.71533275 -0.29812694
v -0.06080668 0.7083992 -0.30424625
v -0.056946736 0.72207 -0.36009985
v -0.05100538 0.8027632 -0.44151723
v -0.053353548 0.82643217 -0.39470083
v -0.05474014 0.7207382 -0.28533554
v -0.055629537 0.73412454 -0.34085888
v -0.048493 0.8238158 -0.35943335
v -0.055184558 0.71441305 -0.3478613
v -0.05262375 0.7933247 -0.33389616
v -0.05158042 0.71500134 -0.36171103
v -0.05837609 0.7039246 -0.35803163
v -0.051271286 0.74956596 -0.2982741
v -0.051695704 0.77511257 -0.3185153
v -0.040420253 0.80556154 -0.3124799
v -0.045817867 0.8531044 -0.3945027
v -0.04361774 0.7839743 -0.3089499
v -0.03981487 0.8598689 -0.3755172
v -0.032062013 0.8342782 -0.3142841
v -0.033416517 0.8383951 -0.33183712
v -0.034275755 0.85413665 -0.355681
v -0.029361762 0.7902307 -0.2862028
v -0.031140316 0.7690668 -0.2796027
v -0.032779153 0.8618419 -0.36006588
v -0.032957338 0.8598232 -0.35585308
v -0.032397807 0.8660754 -0.35953546
v -0.03195337 0.8613341 -0.35415703
v -0.027794924 0.86563194 -0.34696776
v -0.1813959 0.57620895 0.03362959
v -0.2056077 0.5454769 0.0022817785
v -0.20541225 0.5670643 0.06607845
v -0.20256166 0.5326848 -0.033244736
v -0.19190447 0.56231403 0.0026005576
v -0.17185028 0.5938495 0.10703167
v -0.2121678 0.5577551 0.18255892
v -0.1849371 0.5838537 0.1596347
v -0.1905552 0.544447 -0.041614577
v -0.1711167 0.5912954 0.055833247
v -0.16698343 0.5728897 -0.035897367
v -0.17881204 0.5584468 -0.0731614
v -0.17234743 0.57112193 -0.0043294807
v -0.14442123 0.6100457 0.22472578
v -0.15748009 0.5973937 0.18464792
v -0.15953729 0.57771564 -0.06959322
v -0.1835291 0.53696746 -0.13529466
v -0.14674972 0.5824378 -0.16666763
v -0.16906953 0.5581211 -0.17232187
v -0.17178798 0.5560484 -0.114453465
v -0.15905862 0.5585467 -0.19566749
v -0.11410819 0.62099606 0.109886914
v -0.14510252 0.5861595 -0.097969934
v -0.14359841 0.60508615 0.052299004
v -0.14347772 0.5963806 0.00015335158
v -0.12833369 0.6187011 0.16414984
v -0.13022116 0.6216409 0.20018098
v -0.10616735 0.6211142 -0.13198312
v -0.12579513 0.6032225 -0.065022245
v -0.13463889 0.5977122 -0.03287667
v -0.10418741 0.6162858 -0.00013661245
v -0.09039031 0.62354505 -0.06652344
v -0.12498173 0.6493717 0.2499033
v -0.10903145 0.6648611 0.2286214
v -0.09917803 0.6591321 0.20522541
v -0.10344915 0.62141764 -0.0940084
v -0.10096504 0.6436952 0.17887922
v -0.11295102 0.61928463 -0.17202555
v -0.081451304 0.7549303 0.25018686
v -0.07903954 0.648829 0.15486956
v -0.090973 0.70345616 0.23568766
v -0.072943255 0.69663274 0.20618175
v -0.06577799 0.630968 0.050252143
v -0.0822195 0.6345042 0.12277153
v -0.06889034 0.6318447 0.08203416
v -0.06820314 0.7420566 0.2269901
v -0.07312803 0.6698819 0.1846626
v -0.065627985 0.63200486 -0.039110564
v -0.059689283 0.64589715 -0.11312374
v -0.060299624 0.89233905 0.3158226
v -0.072863564 0.87318945 0.3067342
v -0.07318612 0.8908343 0.33679408
v -0.06969472 0.8986629 0.36078894
v -0.057588432 0.9066141 0.36283857
v -0.061242323 0.84017354 0.2604286
v -0.07873587 0.8128507 0.27878648
v -0.054779913 0.63356423 0.0019732374
v -0.06329456 0.8978214 0.38630533
v -0.053573057 0.87599397 0.2808293
v -0.05138494 0.7277468 0.20404877
v -0.055240422 0.6695742 0.16503097
v -0.049455725 0.6967356 0.18619652
v -0.04986236 0.6525996 0.13913642
v -0.054722838 0.9025583 0.4114567
v -0.000467808 0.65424645 0.12647064
v -0.024670769 0.6489807 -0.08495101
v -0.038026586 0.9116657 0.41266167
v -0.02859168 0.9108282 0.32257074
v -0.035248473 0.8711337 0.25881737
v -0.04500753 0.7878095 0.22040395
v -0.036579702 0.8925828 0.28455168
v -0.028806409 0.6817256 0.16417883
v -0.034733254 0.6367447 0.029268734
v -0.036440298 0.9155186 0.34959745
v -0.042998504 0.8414949 0.24153988
v -0.023023503 0.7225598 0.19273165
v -0.033908688 0.9184629 0.39103287
v -0.025584782 0.78036535 0.2098537
v -0.005501996 0.6423143 -0.030785153
v -0.02089018 0.92377377 0.37439322
v -0.026433416 0.8286649 0.22721201
v 0.0030635893 0.63944346 0.068628214
v -0.012214994 0.82780445 0.22714205
v -0.0071878796 0.90185213 0.28768235
v -0.0064064595 0.922277 0.35427523
v -0.015267998 0.92407215 0.40124714
v -0.0040538595 0.8829744 0.25963837
v -0.0030979672 0.69391465 0.17578642
v -0.0003174448 0.63869405 0.018571697
v -0.014379721 0.92043257 0.42047417
v 0.020677272 0.9084201 0.31300712
v -0.009925077 0.9286363 0.3794706
v -0.0022355341 0.9260045 0.36487633
v -0.0050333575 0.64906955 -0.07725568
v 0.011243079 0.8635205 0.24360466
v 0.010864657 0.7305732 0.19541578
v 0.0368433 0.65087354 -0.11172895
v 0.019197779 0.88812274 0.26981312
v 0.04138738 0.72250867 0.19858071
v 0.06578432 0.6304673 0.07498037
v 0.03839635 0.64033014 -0.057157543
v 0.018556448 0.833323 0.22824699
v 0.04497829 0.6345277 -0.0057363072
v 0.026371565 0.7871486 0.21379699
v -0.13032357 0.23048589 -0.18216646
v -0.14208752 0.25724876 -0.19244647
v -0.11924533 0.257955 -0.19001788
v -0.1526292 0.29226327 -0.2059109
v -0.1219156 0.28478155 -0.20549676
v -0.11396764 0.22174913 -0.17271484
v -0.13855636 0.21870586 -0.17217773
v -0.11443443 0.3001609 -0.21099105
v -0.12518819 0.31245452 -0.21610858
v -0.11674297 0.3104316 -0.21014218
v -0.109663434 0.31900936 -0.22866863
v -0.10539019 0.278849 -0.19389355
v -0.096474566 0.29600433 -0.1985591
v -0.1077335 0.31857267 -0.2077442
v -0.09917098 0.31935877 -0.22316933
v -0.1032093 0.23468816 -0.17622735
v -0.09762175 0.24766572 -0.17502707
v -0.0957522 0.31347328 -0.20215274
v -0.09454004 0.21775836 -0.16552313
v -0.09631079 0.2667781 -0.18519492
v -0.094996095 0.32216278 -0.21171786
v -0.09171638 0.32274216 -0.23918854
v -0.07945698 0.24473211 -0.17642184
v -0.08118601 0.32655 -0.23484068
v -0.08754974 0.22356763 -0.15970889
v -0.0866242 0.33780432 -0.25026387
v -0.058935232 0.2616161 -0.20613721
v -0.080039576 0.26892072 -0.20732611
v -0.06582683 0.2168844 -0.1496601
v -0.060528383 0.2330316 -0.17133021
v -0.07499017 0.19420883 -0.112978116
v -0.07973951 0.20564467 -0.138124
v -0.04913587 0.19443154 -0.10243389
v -0.07049354 0.34106463 -0.24980488
v -0.062837124 0.3430826 -0.2661727
v -0.06681814 0.18456039 -0.08817076
v -0.052898396 0.28178933 -0.23157312
v -0.037443485 0.21012715 -0.14013965
v -0.02636427 0.27609497 -0.23407951
v 0.009469049 0.2334201 -0.17948225
v 0.0020890785 0.20495063 -0.13037167
v -0.040293187 0.18815535 -0.065125555
v 0.0024142698 0.18944529 -0.068751685
v -0.0065895105 0.25100648 -0.20875257
v 0.0037950687 0.27581 -0.23667748
v 0.028879903 0.19994318 -0.119426966
v 0.04974343 0.26316416 -0.20927106
v 0.03794882 0.18865919 -0.082866654
v 0.05324018 0.18112275 -0.060188092
v 0.031370547 0.28530568 -0.23817709
v 0.06673985 0.20670033 -0.13671114
v 0.067601554 0.19093964 -0.10671932
v 0.07056544 0.2311281 -0.16419499
v 0.04884217 0.28319624 -0.24176261
v 0.06986682 0.2699073 -0.21214575
v 0.0786911 0.16068062 -0.028435502
v 0.096032225 0.15505287 -0.056331985
v 0.08758087 0.2665186 -0.1875346
v 0.09708601 0.21279967 -0.16316622
v 0.0939957 0.17544091 -0.10393561
v 0.094340675 0.23257503 -0.17213865
v 0.08443853 0.240814 -0.16884862
v 0.10601132 0.19448054 -0.14037737
v 0.10070285 0.26950943 -0.18965292
v 0.0990199 0.15103257 -0.028526638
v 0.10879464 0.2912412 -0.20734903
v 0.09260389 0.30140775 -0.19890763
v 0.11630959 0.16218191 -0.07342752
v 0.11141314 0.16853702 -0.10973665
v 0.10900769 0.25936568 -0.19150838
v 0.13615528 0.16278261 -0.02191905
v 0.12014973 0.27428603 -0.20348524
v 0.12676585 0.19728673 -0.15023015
v 0.12481992 0.22821635 -0.18057537
v 0.15114655 0.18068486 -0.09475382
v 0.14941697 0.2557236 -0.1893766
v 0.16483876 0.21142381 -0.14663953
v 0.09577544 0.13433567 0.06438012
v 0.117099926 0.16632763 0.0405476
v 0.103074454 0.17822036 0.064509265
v 0.13197066 0.18554243 0.056702446
v 0.14282274 0.19671437 0.091606416
v 0.13004476 0.19214681 0.10401544
v 0.12863044 0.18688235 0.07547296
v 0.16102247 0.18202156 0.022677032
v 0.13615528 0.16278261 -0.02191905
v 0.14756294 0.18598157 0.03994258
v 0.15046874 0.2040798 0.10128863
v 0.13957365 0.19042873 0.11017857
v 0.15110902 0.19173342 0.05419788
v 0.16268098 0.21277437 0.07995128
v 0.16025901 0.20334485 0.058648977
v 0.15114655 0.18068486 -0.09475382
v 0.17053536 0.18819657 -0.074962504
v 0.1644424 0.18950355 0.042576514
v 0.18737288 0.20583889 -0.006030994
v 0.16483876 0.21142381 -0.14663953
v 0.19432569 0.21224043 -0.09080817
v 0.195815 0.2381073 -0.1502856
v 0.18403892 0.20894471 0.06072116
v 0.22733526 0.2577163 -0.04726979
v 0.20666446 0.23297653 -0.120798714
v 0.21974836 0.23685545 -0.094608024
v 0.22122237 0.2470589 0.029735759
v 0.20800169 0.23761523 0.077277936
v 0.22098921 0.25270382 0.07847686
v 0.2184594 0.25098616 -0.14322005
v 0.2256577 0.2553762 -0.12065495
v 0.22811286 0.25769448 -0.004364944
v 0.2355091 0.2644495 0.015291316
v 0.22422902 0.26004982 0.056259625
v 0.23873313 0.27597147 -0.025855597
v 0.23865502 0.2645928 -0.013447551
v -0.1212279 0.42545283 0.39458776
v -0.111036204 0.46408537 0.40520942
v -0.14019126 0.44212317 0.3857317
v -0.07556233 0.52165246 0.41820443
v -0.11697794 0.5175438 0.39206904
v -0.11506529 0.40464386 0.39166462
v -0.073332675 0.4121191 0.4128334
v -0.0932199 0.5621993 0.3978721
v -0.058097858 0.6055885 0.40825653
v -0.08335178 0.61070937 0.3913806
v -0.052486807 0.47067413 0.43201685
v -0.05977675 0.6574278 0.3974052
v -0.0011052289 0.6177579 0.41718096
v -0.06473833 0.71617645 0.38168734
v -0.0328537 0.75147766 0.38863498
v -0.068625584 0.77160287 0.36434752
v 0.011351865 0.52861077 0.43117446
v -0.014576172 0.69821954 0.3987955
v -0.020871466 0.41530016 0.42791152
v -0.012701356 0.45696253 0.43474507
v -0.046124164 0.7755231 0.3819903
v -0.04669997 0.78526795 0.3825299
v -0.043953378 0.7965713 0.37956655
v -0.01146756 0.7875678 0.38588935
v -0.010394687 0.80343527 0.39292628
v 0.015626336 0.7674548 0.38696975
v 0.02419909 0.69925463 0.3967288
v 0.02730048 0.793505 0.38321197
v 0.059857644 0.48329616 0.42605877
v 0.055896197 0.42801416 0.42515165
v 0.034591436 0.7397719 0.39264303
v 0.050988823 0.39634484 0.4124074
v 0.035275497 0.7754019 0.3842938
v 0.05206654 0.7664162 0.3768614
v 0.049501024 0.7163757 0.38844
v 0.050045107 0.6816236 0.3940785
v 0.05598263 0.6384979 0.39910102
v 0.04551617 0.7800384 0.37892276
v 0.044046614 0.79071784 0.38129693
v 0.055376943 0.60379684 0.40867364
v 0.040096693 0.8051719 0.38679492
v 0.08282007 0.452068 0.41887897
v 0.04937925 0.79456365 0.38135284
v 0.07798223 0.5516077 0.40788502
v -0.12745637 0.22768888 0.17314027
v -0.095491685 0.21752942 0.1543125
v -0.1133298 0.25506538 0.19716308
v -0.10859936 0.36262774 0.36572093
v -0.11223929 0.31761527 0.30827355
v -0.043557663 0.32325834 0.3482142
v -0.050326735 0.2754832 0.2691571
v -0.11506529 0.40464386 0.39166462
v -0.073332675 0.4121191 0.4128334
v -0.0665024 0.22052285 0.14196767
v 0.0018515978 0.2324825 0.18612163
v -0.06486519 0.21131802 0.118455544
v -0.048429333 0.19793728 0.07270987
v -0.0055490555 0.3636518 0.3969177
v -0.020871466 0.41530016 0.42791152
v -0.0528447 0.19048008 0.0014017941
v -0.05331732 0.18428987 -0.046557993
v -0.04002935 0.19369751 -0.008616086
v -0.023984408 0.18972623 -0.037267886
v -0.015791345 0.20998704 0.11039493
v -0.040293187 0.18815535 -0.065125555
v -0.03398588 0.20089135 0.04235534
v -0.008462999 0.19468772 0.000301023
v 0.0024142698 0.18944529 -0.068751685
v -0.0006683236 0.20137253 0.042557828
v 0.027878366 0.19709828 0.0044368654
v 0.02028437 0.20432428 0.0689928
v 0.06121608 0.2960058 0.29956067
v 0.027169727 0.20738551 0.10679926
v 0.032088235 0.31739953 0.3441803
v 0.050988823 0.39634484 0.4124074
v 0.072672926 0.35641646 0.37479877
v 0.05324018 0.18112275 -0.060188092
v 0.040830445 0.20015544 0.08228621
v 0.03967421 0.19893292 0.04564705
v 0.04969875 0.18332219 -0.021979438
v 0.04729798 0.19191563 0.0038514542
v 0.10127539 0.27254164 0.23249626
v 0.07617183 0.20939907 0.13769355
v 0.07318186 0.17272553 0.038838577
v 0.0455851 0.18772286 0.019302208
v 0.0531464 0.18231478 0.055017807
v 0.0786911 0.16068062 -0.028435502
v 0.07533196 0.1674569 -0.0011123004
v 0.10077314 0.16128471 0.010213535
v 0.09746548 0.15814576 -0.0068743536
v 0.0990199 0.15103257 -0.028526638
v 0.13615528 0.16278261 -0.02191905
v 0.12426709 0.22503269 0.16940817
v 0.117099926 0.16632763 0.0405476
v 0.04584943 0.7255738 -0.30709165
v 0.046183374 0.731933 -0.299419
v 0.052366223 0.7233846 -0.30162203
v 0.0528006 0.7126863 -0.34051496
v 0.043738246 0.7153729 -0.34997076
v 0.047466137 0.72392726 -0.33216572
v 0.051875368 0.7105013 -0.36658007
v 0.05788296 0.7021322 -0.32088846
v 0.06475188 0.7034035 -0.31584328
v 0.06288085 0.6985019 -0.35475534
v 0.06481324 0.68626255 -0.37583083
v 0.07496953 0.68042386 -0.34930664
v 0.072437055 0.6874309 -0.3298741
v 0.07459501 0.68429863 -0.37760442
v 0.07800732 0.6816512 -0.31786883
v 0.06619598 0.6999544 -0.28532398
v 0.084218405 0.67122066 -0.27820742
v 0.08027639 0.674157 -0.25124034
v 0.085696384 0.6607326 -0.34084642
v 0.08639371 0.65654236 -0.37925738
v 0.079367824 0.67660654 -0.41817838
v 0.09214161 0.6451222 -0.30992788
v 0.08484267 0.6350572 -0.42677867
v 0.0913301 0.65572035 -0.24957356
v 0.08987455 0.6192815 -0.4015293
v 0.093608156 0.6327859 -0.36171776
v 0.09906401 0.6390595 -0.27785748
v 0.09970113 0.6029159 -0.35992885
v 0.094955705 0.61712956 -0.35374725
v 0.10065687 0.6209313 -0.333771
v 0.10070198 0.6296127 -0.29506218
v 0.116068885 0.60459083 -0.29917157
v 0.115406565 0.5912192 -0.336258
v 0.113241136 0.58131844 -0.3543712
v 0.10882196 0.63898927 -0.2622835
v 0.11723323 0.6239151 -0.24492685
v 0.11873787 0.6138314 -0.27668428
v 0.1113087 0.624552 -0.29354137
v 0.12863688 0.5825331 -0.24432902
v 0.12944365 0.57709885 -0.2977901
v 0.12529631 0.5666747 -0.33982116
v 0.12186742 0.61328495 -0.21233246
v 0.13911296 0.58016354 -0.19877844
v 0.13681118 0.5535519 -0.27764642
v 0.13065882 0.55441135 -0.30368304
v 0.148647 0.5551986 -0.2145364
v 0.13882276 0.54943293 -0.2398277
v 0.14147095 0.5278602 -0.25534582
v 0.14793234 0.52916616 -0.22957823
v 0.16427864 0.55466336 -0.16973943
v 0.1632113 0.5321923 -0.20308025
v 0.16128352 0.5165251 -0.21736395
v 0.16778362 0.53947353 -0.1750803
v 0.1711149 0.50363624 -0.2016479
v 0.17844526 0.5104775 -0.16960877
v 0.18190753 0.5301991 -0.12125602
v 0.18399374 0.47422716 -0.18252012
v 0.16923156 0.4814157 -0.21783616
v 0.18878502 0.498073 -0.13575159
v 0.1890002 0.5288559 -0.05869593
v 0.18227279 0.54560375 -0.07596547
v 0.18332224 0.54657674 -0.049089655
v 0.19190899 0.4725522 -0.13773972
v 0.19501795 0.5523571 0.025538728
v 0.19377038 0.55779135 0.0027411804
v 0.18698217 0.5673479 0.027517967
v 0.19437338 0.5020174 -0.093677975
v 0.19870648 0.52975076 -0.035251375
v 0.20160878 0.5319039 -0.011339411
v 0.19709672 0.54534256 -0.01851556
v 0.0945937 0.4560404 -0.34793156
v 0.109753296 0.45574394 -0.30626827
v 0.094921835 0.43784204 -0.31609404
v 0.09834762 0.48607966 -0.37027496
v 0.10987514 0.4772153 -0.33234495
v 0.11412907 0.5144079 -0.35263234
v 0.095438786 0.50627804 -0.4042747
v 0.10933663 0.5369626 -0.39358836
v 0.11529974 0.53837246 -0.36467582
v 0.119085155 0.4353433 -0.27972293
v 0.12727761 0.47211623 -0.27361608
v 0.123533785 0.4966964 -0.30409813
v 0.123517126 0.5368882 -0.32848716
v 0.12529631 0.5666747 -0.33982116
v 0.113241136 0.58131844 -0.3543712
v 0.11717638 0.5675849 -0.35237145
v 0.13065882 0.55441135 -0.30368304
v 0.13151535 0.5012522 -0.28499126
v 0.13505344 0.5205933 -0.2848885
v 0.13435274 0.48992598 -0.27100056
v 0.13681118 0.5535519 -0.27764642
v 0.13476287 0.49305442 -0.2663074
v 0.134673 0.4991485 -0.2720775
v 0.13681272 0.48428768 -0.26672727
v 0.14147095 0.5278602 -0.25534582
vt 0.5645587 0.30854958
vt 0.5946569 0.30347538
vt 0.5847804 0.33816135
vt 0.62549335 0.34637606
vt 0.6054866 0.28489733
vt 0.63135123 0.2787043
vt 0.5892316 0.36794984
vt 0.5590992 0.35201538
vt 0.5577635 0.3272779
vt 0.61552113 0.4090488
vt 0.6686979 0.31211782
vt 0.5755496 0.39741385
vt 0.5420472 0.37969124
vt 0.50497746 0.4336599
vt 0.47180662 0.4079548
vt 0.47361276 0.3714311
vt 0.50300837 0.39445812
vt 0.4753186 0.41516435
vt 0.47557583 0.4341815
vt 0.48780385 0.4526735
vt 0.5414816 0.42024827
vt 0.52131516 0.42287385
vt 0.524926 0.40282404
vt 0.56854665 0.44211042
vt 0.5037581 0.47069132
vt 0.46316826 0.4525503
vt 0.48177105 0.46986187
vt 0.48564962 0.48636258
vt 0.47209132 0.47931886
vt 0.53205276 0.46813405
vt 0.507326 0.34894454
vt 0.45766023 0.47139162
vt 0.5222959 0.37857914
vt 0.44740218 0.4641621
vt 0.6056977 0.44098175
vt 0.6165676 0.42516124
vt 0.5630255 0.47263002
vt 0.66845894 0.37500912
vt 0.63665515 0.41392523
vt 0.32895827 0.97849387
vt 0.34466618 0.9964721
vt 0.34862092 0.97273034
vt 0.47851261 0.33195984
vt 0.3282001 0.9688097
vt 0.32707375 0.9595154
vt 0.33561358 0.9496472
vt 0.49527466 0.32650274
vt 0.33153552 0.9925159
vt 0.5165246 0.33076864
vt 0.53062165 0.36351627
vt 0.5067008 0.31599903
vt 0.536669 0.48755682
vt 0.5253872 0.4861334
vt 0.5327108 0.3492298
vt 0.65234476 0.40854967
vt 0.5417593 0.47921085
vt 0.6334378 0.43127233
vt 0.5289014 0.3333397
vt 0.5366807 0.5012564
vt 0.3102206 0.9666326
vt 0.3134256 0.9964721
vt 0.52960217 0.30571222
vt 0.64607793 0.42945647
vt 0.31108305 0.9599929
vt 0.54645365 0.50261784
vt 0.59414095 0.48848492
vt 0.621421 0.46460086
vt 0.62226564 0.48691714
vt 0.61471784 0.4541641
vt 0.65625423 0.43536472
vt 0.297976 0.9837457
vt 0.55727345 0.4936039
vt 0.5961599 0.51386285
vt 0.5732248 0.5182216
vt 0.56539154 0.50695324
vt 0.64937955 0.45774025
vt 0.65229034 0.48825336
vt 0.6158242 0.508404
vt 0.56983876 0.48889446
vt 0.61634946 0.5262177
vt 0.644932 0.5083119
vt 0.29364413 0.96948385
vt 0.66744536 0.45350623
vt 0.3003319 0.9589305
vt 0.58048445 0.53212804
vt 0.57492197 0.53887635
vt 0.58150804 0.53550726
vt 0.54741096 0.5116297
vt 0.55449796 0.5066257
vt 0.59214604 0.5367931
vt 0.6674318 0.47713602
vt 0.5804826 0.54233485
vt 0.62857056 0.5376221
vt 0.5815679 0.53942704
vt 0.58815694 0.540994
vt 0.66721654 0.5100603
vt 0.66179204 0.53687865
vt 0.6686979 0.5243339
vt 0.28062862 0.9843884
vt 0.88614494 0.93489414
vt 0.8805765 0.931687
vt 0.8784477 0.93489414
vt 0.6622829 0.7493237
vt 0.6757537 0.74502885
vt 0.66605526 0.7623133
vt 0.94392574 0.94890517
vt 0.94285244 0.9605471
vt 0.92907906 0.9523826
vt 0.95309556 0.96632457
vt 0.91816455 0.9416271
vt 0.91637826 0.9518749
vt 0.9121496 0.95357704
vt 0.92569405 0.9384352
vt 0.9591005 0.94717497
vt 0.9714195 0.95861137
vt 0.652986 0.75447637
vt 0.94873524 0.94293547
vt 0.9746703 0.9444412
vt 0.9681948 0.93167305
vt 0.66368234 0.7803079
vt 0.6757537 0.76956487
vt 0.6577602 0.7465787
vt 0.9475599 0.9279884
vt 0.95717674 0.9310759
vt 0.9577846 0.93328005
vt 0.95920384 0.9292237
vt 0.6513791 0.7707247
vt 0.9157043 0.93340045
vt 0.9559158 0.9248054
vt 0.9577367 0.92960733
vt 0.9631528 0.9211182
vt 0.8992716 0.9855677
vt 0.89769083 0.98749197
vt 0.90153944 0.9874919
vt 0.98331934 0.91950756
vt 0.9842848 0.9427537
vt 0.9089631 0.9367134
vt 0.90503734 0.9227088
vt 0.97546715 0.9093352
vt 0.96669096 0.8957665
vt 0.9170389 0.9285627
vt 0.88871074 0.9215248
vt 0.93817806 0.48758966
vt 0.9171111 0.48656738
vt 0.926332 0.48216438
vt 0.9112269 0.92311835
vt 0.9118024 0.49101985
vt 0.97620386 0.90065396
vt 0.90657854 0.9126593
vt 0.94157124 0.47843677
vt 0.9011435 0.8957665
vt 0.8879097 0.86882615
vt 0.88037205 0.8745991
vt 0.88871074 0.8745991
vt 0.9495834 0.4626342
vt 0.9349175 0.47006482
vt 0.9417201 0.45765293
vt 0.9349884 0.44683367
vt 0.96461105 0.48294735
vt 0.92748225 0.42638743
vt 0.9356514 0.43218017
vt 0.94813186 0.44972986
vt 0.96862584 0.46120846
vt 0.91906446 0.41944867
vt 0.9288357 0.41715854
vt 0.91955364 0.41370547
vt 0.9118683 0.41893643
vt 0.94084275 0.43548745
vt 0.9118024 0.41360307
vt 0.936125 0.42676425
vt 0.95746195 0.42875385
vt 0.9632319 0.44570947
vt 0.90233654 0.9695333
vt 0.9041052 0.9695318
vt 0.9037989 0.97145605
vt 0.90089804 0.97145605
vt 0.94221836 0.42336464
vt 0.93953747 0.4209175
vt 0.9393279 0.41878164
vt 0.94782585 0.42658603
vt 0.94546425 0.4248861
vt 0.93312836 0.4035002
vt 0.98364335 0.44862312
vt 0.94443077 0.4148525
vt 0.9545759 0.42349374
vt 0.9244625 0.40765947
vt 0.92985934 0.39031434
vt 0.9363711 0.3922615
vt 0.9479453 0.39727074
vt 0.95323527 0.40967703
vt 0.9534303 0.41666245
vt 0.97076845 0.42468834
vt 0.926961 0.926234
vt 0.5919824 0.2764523
vt 0.59908664 0.27332282
vt 0.599055 0.28319436
vt 0.5924185 0.28294402
vt 0.5922807 0.26379895
vt 0.5872189 0.26996207
vt 0.5854419 0.27144563
vt 0.68024373 0.9656034
vt 0.6738294 0.956703
vt 0.6769211 0.964543
vt 0.5914395 0.25201046
vt 0.6068672 0.26490712
vt 0.6738294 0.98685056
vt 0.7957024 0.9427752
vt 0.78992945 0.9239897
vt 0.78992945 0.9490058
vt 0.60777 0.23016655
vt 0.5833436 0.20078754
vt 0.5929385 0.20089185
vt 0.46407953 0.99967927
vt 0.47998396 0.98813343
vt 0.49550995 0.99967927
vt 0.6084027 0.19308019
vt 0.5953593 0.18042076
vt 0.6049163 0.17616606
vt 0.56306744 0.20256895
vt 0.5399036 0.18379104
vt 0.5083387 0.18875706
vt 0.5199173 0.17437899
vt 0.5224903 0.19083762
vt 0.56822175 0.18305904
vt 0.58417755 0.17957819
vt 0.58952034 0.16392553
vt 0.55532473 0.17560828
vt 0.59797376 0.16265321
vt 0.5748922 0.17714894
vt 0.60840285 0.15362412
vt 0.5992232 0.15541303
vt 0.1886552 0.6536412
vt 0.20902798 0.6683505
vt 0.19963671 0.6789137
vt 0.24128889 0.64235353
vt 0.24679203 0.6631397
vt 0.22471018 0.6593757
vt 0.3159595 0.68629545
vt 0.34513944 0.65894777
vt 0.33365148 0.6767281
vt 0.17163034 0.68534034
vt 0.17199437 0.6639679
vt 0.34476447 0.6668369
vt 0.18784712 0.6877177
vt 0.269271 0.63701826
vt 0.35194066 0.65451765
vt 0.19952238 0.6905875
vt 0.2940336 0.63341886
vt 0.27705583 0.6463244
vt 0.37175074 0.6616158
vt 0.3691353 0.64296824
vt 0.27917826 0.65221167
vt 0.35176045 0.6887034
vt 0.39149785 0.6428699
vt 0.18586834 0.7016748
vt 0.26474306 0.65755683
vt 0.23360692 0.6800036
vt 0.38780603 0.6554338
vt 0.4095574 0.64984936
vt 0.40058747 0.6544479
vt 0.17455235 0.69991374
vt 0.21284452 0.69596124
vt 0.24735335 0.6749989
vt 0.39759186 0.666514
vt 0.1949117 0.70403296
vt 0.25630546 0.66914904
vt 0.31938285 0.7179666
vt 0.15533678 0.69129425
vt 0.23511541 0.68922555
vt 0.25293088 0.729301
vt 0.25374553 0.7094672
vt 0.2676525 0.7053236
vt 0.28198534 0.71233636
vt 0.15801853 0.726348
vt 0.24718425 0.68211466
vt 0.29411286 0.73623496
vt 0.3766093 0.69499254
vt 0.18809763 0.71569234
vt 0.23178384 0.70581377
vt 0.40314305 0.6854597
vt 0.19694753 0.7104797
vt 0.22482973 0.6979713
vt 0.16854386 0.7429668
vt 0.28265253 0.7506875
vt 0.3384645 0.72964793
vt 0.2152076 0.70583254
vt 0.36783567 0.71916556
vt 0.20101927 0.76243037
vt 0.21615334 0.7206866
vt 0.29975364 0.7627238
vt 0.27948308 0.7598201
vt 0.24061781 0.75499606
vt 0.32161823 0.749012
vt 0.392936 0.7121639
vt 0.35346067 0.73702806
vt 0.21732742 0.74411124
vt 0.34137216 0.749113
vt 0.13702063 0.762551
vt 0.1349869 0.74496347
vt 0.31451195 0.76654285
vt 0.2689952 0.7718314
vt 0.32959223 0.7591667
vt 0.15749079 0.7786136
vt 0.17954808 0.7784986
vt 0.3179504 0.7717156
vt 0.257364 0.79159456
vt 0.28749514 0.7827566
vt 0.31372878 0.7793641
vt 0.13398594 0.7813467
vt 0.111289285 0.7810365
vt 0.27828023 0.7856561
vt 0.30219084 0.7902128
vt 0.1467215 0.8001924
vt 0.1865471 0.79828364
vt 0.31116617 0.79128563
vt 0.29062077 0.7948575
vt 0.12061183 0.7901913
vt 0.3128483 0.7957748
vt 0.31117323 0.79552174
vt 0.31484368 0.8001924
vt 0.46920884 0.7580057
vt 0.4633403 0.7578038
vt 0.46985248 0.7480518
vt 0.46324098 0.7469532
vt 0.4548594 0.76363975
vt 0.46356097 0.767705
vt 0.4554143 0.75550723
vt 0.4443634 0.76692206
vt 0.4470341 0.79925454
vt 0.43103 0.798073
vt 0.42700815 0.81444705
vt 0.43377176 0.8352475
vt 0.80211675 0.9002566
vt 0.79927224 0.8835792
vt 0.7918537 0.9002566
vt 0.3619033 0.7469532
vt 0.37637112 0.75043386
vt 0.38034013 0.75888586
vt 0.39402184 0.771068
vt 0.39089808 0.7764196
vt 0.40770784 0.8244297
vt 0.40459105 0.7898982
vt 0.3977553 0.7914734
vt 0.419107 0.8056632
vt 0.4105509 0.80937755
vt 0.3683147 0.7619529
vt 0.38314173 0.7937029
vt 0.43104672 0.855203
vt 0.44096777 0.8504681
vt 0.35311097 0.7510667
vt 0.41497937 0.8517857
vt 0.43596202 0.87201756
vt 0.35957375 0.76221395
vt 0.4042754 0.8398793
vt 0.4296771 0.86760646
vt 0.38966832 0.8335747
vt 0.4288934 0.8733162
vt 0.3853141 0.843975
vt 0.37081757 0.83984625
vt 0.8938422 0.8380372
vt 0.90538806 0.8380372
vt 0.8996463 0.8335472
vt 0.4502707 0.9858375
vt 0.4634381 0.98857313
vt 0.45655885 0.9778704
vt 0.451444 0.9900577
vt 0.13486782 0.33724606
vt 0.13323118 0.34605515
vt 0.12652394 0.34298038
vt 0.1379957 0.3294695
vt 0.14271969 0.34190655
vt 0.43136626 0.9778705
vt 0.122987464 0.3183813
vt 0.5967914 0.5527553
vt 0.5940778 0.5620429
vt 0.57568955 0.5654265
vt 0.12116228 0.3310851
vt 0.11494302 0.33210945
vt 0.10295061 0.29717612
vt 0.10927291 0.28427827
vt 0.6328729 0.5533489
vt 0.6475305 0.5654265
vt 0.62972975 0.5436177
vt 0.11504192 0.273553
vt 0.11953005 0.28130472
vt 0.14271969 0.2575369
vt 0.10369757 0.27980065
vt 0.6685532 0.19019538
vt 0.64476806 0.2098937
vt 0.6337729 0.18896592
vt 0.65371156 0.17868102
vt 0.6671859 0.21967995
vt 0.6763022 0.21961546
vt 0.6785484 0.20586073
vt 0.6148172 0.24875736
vt 0.6714684 0.24743879
vt 0.6879575 0.22145993
vt 0.68287754 0.19146812
vt 0.6967499 0.17149377
vt 0.71790975 0.19613653
vt 0.6944219 0.23296666
vt 0.6910206 0.20854104
vt 0.7082552 0.24428225
vt 0.72510487 0.22143775
vt 0.6988948 0.2259711
vt 0.72708446 0.18017083
vt 0.65170103 0.28939867
vt 0.6968966 0.28169656
vt 0.7703768 0.18334919
vt 0.74001765 0.16966003
vt 0.7764593 0.20920676
vt 0.7580896 0.19327217
vt 0.7297156 0.25617206
vt 0.76241153 0.23683637
vt 0.67073125 0.31112015
vt 0.7316451 0.28571266
vt 0.7225594 0.31860715
vt 0.69516605 0.33250982
vt 0.75088763 0.25711262
vt 0.75355023 0.31136453
vt 0.6761849 0.37284613
vt 0.72760665 0.3435197
vt 0.7702956 0.2633692
vt 0.74763805 0.32890582
vt 0.7672316 0.2902243
vt 0.70840293 0.37233764
vt 0.72870606 0.4091276
vt 0.6968866 0.402609
vt 0.75126535 0.378043
vt 0.97854215 0.36253583
vt 0.98364335 0.35124123
vt 0.9832398 0.3644408
vt 0.76324874 0.34824312
vt 0.7587698 0.4004588
vt 0.7581165 0.4109069
vt 0.7463326 0.40435243
vt 0.7478504 0.41841412
vt 0.7234698 0.4303289
vt 0.73361164 0.43106067
vt 0.7150505 0.43444163
vt 0.73793083 0.43947685
vt 0.7328031 0.44372177
vt 0.742851 0.43214512
vt 0.75550985 0.3947422
vt 0.74879736 0.44513375
vt 0.74572355 0.45025742
vt 0.7607823 0.45317507
vt 0.7764593 0.31744313
vt 0.95375687 0.31998777
vt 0.96782964 0.3189382
vt 0.9566241 0.32653612
vt 0.7491952 0.438635
vt 0.7627344 0.44494832
vt 0.97515327 0.35384524
vt 0.96886754 0.35041422
vt 0.97286236 0.33627003
vt 0.97591966 0.37263924
vt 0.9709261 0.36488736
vt 0.94054234 0.3342868
vt 0.9639801 0.33261812
vt 0.9706512 0.32355744
vt 0.9784777 0.32848752
vt 0.9516255 0.3431244
vt 0.93946743 0.32414472
vt 0.7614764 0.38945246
vt 0.9542291 0.36644828
vt 0.98072004 0.37897593
vt 0.97972804 0.39085525
vt 0.9749372 0.3816023
vt 0.9322514 0.33263874
vt 0.7682873 0.37982976
vt 0.9642302 0.37709045
vt 0.9730686 0.3990053
vt 0.9393383 0.35821152
vt 0.9611686 0.390998
vt 0.93014014 0.31904948
vt 0.9492063 0.38058734
vt 0.9410036 0.3740152
vt 0.96693873 0.4057088
vt 0.95656496 0.4021237
vt 0.94636023 0.3939513
vt 0.9506749 0.3935814
vt 0.9268584 0.3505149
vt 0.9398298 0.38019764
vt 0.9226523 0.3742457
vt 0.9240585 0.38906467
vt 0.92029536 0.33258522
vt 0.9164342 0.34836787
vt 0.9155324 0.364713
vt 0.91603833 0.31654906
vt 0.9134743 0.37751955
vt 0.9112312 0.3882563
vt 0.9130163 0.3298062
vt 0.90192634 0.33280772
vt 0.9139572 0.39959383
vt 0.90611535 0.38001454
vt 0.9021974 0.35321915
vt 0.90860957 0.3971529
vt 0.89320076 0.3307209
vt 0.90507525 0.3690691
vt 0.9092423 0.4057088
vt 0.8984659 0.3602124
vt 0.027649777 0.90003264
vt 0.042365976 0.912531
vt 0.027327998 0.9139999
vt 0.032556955 0.92838144
vt 0.04224453 0.87384295
vt 0.06410285 0.9044125
vt 0.0297039 0.8872183
vt 0.06619193 0.9358612
vt 0.054900263 0.9445157
vt 0.052400198 0.9338409
vt 0.060187392 0.92326415
vt 0.07558597 0.87077105
vt 0.06259371 0.85230184
vt 0.040617708 0.8552593
vt 0.077153146 0.9299501
vt 0.029072858 0.84663254
vt 0.03480124 0.85142654
vt 0.022224955 0.85555595
vt 0.0251916 0.8127057
vt 0.03629213 0.8338413
vt 0.012508018 0.82932603
vt 0.019403026 0.8101815
vt 0.01675375 0.80225956
vt 0.03414567 0.80586576
vt 0.049016565 0.8209862
vt 0.09056237 0.92417437
vt 0.05094122 0.84176886
vt 0.080103375 0.8950849
vt 0.049488418 0.83027166
vt 0.10001135 0.910344
vt 0.015734658 0.78684735
vt 0.030667273 0.78448373
vt 0.06339789 0.8366475
vt 0.013802294 0.77599615
vt 0.024590261 0.772906
vt 0.09905715 0.9177895
vt 0.08962257 0.88832283
vt 0.061520237 0.81044304
vt 0.07523849 0.84968126
vt 0.05583821 0.7905133
vt 0.109223604 0.91492075
vt 0.10987677 0.92081875
vt 0.08217383 0.8458929
vt 0.047762837 0.770541
vt 0.10241583 0.90107656
vt 0.05986195 0.7981961
vt 0.05858584 0.7998282
vt 0.08552286 0.82395667
vt 0.060048793 0.8026368
vt 0.07457187 0.8040944
vt 0.085144125 0.853117
vt 0.09084282 0.83645856
vt 0.06673647 0.7798805
vt 0.7475946 0.8418858
vt 0.73220015 0.8418858
vt 0.74414015 0.85086596
vt 0.115779325 0.90776694
vt 0.084095255 0.7893431
vt 0.04574214 0.7353813
vt 0.051484887 0.73979986
vt 0.056180034 0.74752164
vt 0.8912765 0.8534317
vt 0.8816549 0.8534317
vt 0.88691425 0.8483002
vt 0.06566906 0.74515694
vt 0.053147722 0.731119
vt 0.049146622 0.7326505
vt 0.04446035 0.7227855
vt 0.049922556 0.73000586
vt 0.07549931 0.7686369
vt 0.05812035 0.7645828
vt 0.069318146 0.7582222
vt 0.09039373 0.79664963
vt 0.8806413 0.87524056
vt 0.8797306 0.8784477
vt 0.8899936 0.8784477
vt 0.064571254 0.7253491
vt 0.052592095 0.7217719
vt 0.08589251 0.7657311
vt 0.07851202 0.74986297
vt 0.10482147 0.812736
vt 0.04882611 0.71156526
vt 0.09383396 0.7737511
vt 0.104007736 0.7977585
vt 0.057823155 0.7066455
vt 0.074794166 0.7325036
vt 0.044606406 0.69872695
vt 0.10867196 0.78219205
vt 0.47434253 0.9682489
vt 0.46666223 0.9900577
vt 0.45253366 0.9682489
vt 0.07977593 0.74019647
vt 0.07743661 0.7143275
vt 0.085729495 0.7538693
vt 0.060969178 0.6928486
vt 0.89769083 0.8266122
vt 0.9034638 0.82328415
vt 0.9034638 0.8341886
vt 0.09317222 0.75474703
vt 0.089182936 0.74539924
vt 0.086243734 0.7466862
vt 0.10018453 0.76100403
vt 0.098875664 0.76505774
vt 0.08126928 0.7424075
vt 0.09050508 0.749844
vt 0.7963438 0.9451572
vt 0.7963438 0.9239897
vt 0.804041 0.9359095
vt 0.08819468 0.74019516
vt 0.09976033 0.76632077
vt 0.9010042 0.9939064
vt 0.90153944 0.9971135
vt 0.89833224 0.9971135
vt 0.08403324 0.72518075
vt 0.07650708 0.6961648
vt 0.10031545 0.7661955
vt 0.88486207 0.9496472
vt 0.88486207 0.9515715
vt 0.88550353 0.9499724
vt 0.88614494 0.9496472
vt 0.8867864 0.94994414
vt 0.88614494 0.9515715
vt 0.09833031 0.75859666
vt 0.09744323 0.7572071
vt 0.092697546 0.7519511
vt 0.88742787 0.9515715
vt 0.8880693 0.94987506
vt 0.88742787 0.9496472
vt 0.096660346 0.74376476
vt 0.09264284 0.7457039
vt 0.11577935 0.8006999
vt 0.09862776 0.7573969
vt 0.9118024 0.9804362
vt 0.9060295 0.9804362
vt 0.91065127 0.97851187
vt 0.099135205 0.75577956
vt 0.09614691 0.7449516
vt 0.09755178 0.7453204
vt 0.09782375 0.7458257
vt 0.89341646 0.95077777
vt 0.89255935 0.9515715
vt 0.89255935 0.9496472
vt 0.8944836 0.9514722
vt 0.8957665 0.9515715
vt 0.89556897 0.95023197
vt 0.8944836 0.9496472
vt 0.098658286 0.74019474
vt 0.8938422 0.95141274
vt 0.08611358 0.7162072
vt 0.07224274 0.68739134
vt 0.08422724 0.70665747
vt 0.073862374 0.67447084
vt 0.084854275 0.68286854
vt 0.09162859 0.7021461
vt 0.8938422 0.79901254
vt 0.89833224 0.7912123
vt 0.89833224 0.80596536
vt 0.094099365 0.69401664
vt 0.3233608 0.189663
vt 0.33499125 0.18902576
vt 0.32759053 0.2024399
vt 0.33668104 0.21260852
vt 0.35118666 0.19843745
vt 0.31662259 0.20232624
vt 0.30591246 0.19006848
vt 0.29676226 0.20646721
vt 0.32503816 0.21433985
vt 0.31554803 0.22021937
vt 0.3018444 0.22197825
vt 0.3300966 0.2263546
vt 0.28654647 0.22928357
vt 0.31267017 0.23753875
vt 0.27308118 0.21354812
vt 0.23293701 0.19652843
vt 0.25307125 0.1967107
vt 0.2502485 0.21782279
vt 0.29681048 0.24635321
vt 0.23349856 0.20954043
vt 0.33253103 0.2414422
vt 0.26573387 0.22900224
vt 0.21856023 0.19219434
vt 0.221595 0.200091
vt 0.2813984 0.24606305
vt 0.19913825 0.18654233
vt 0.21677652 0.1884197
vt 0.2506537 0.23093724
vt 0.20194288 0.20471513
vt 0.26366928 0.24841928
vt 0.22618148 0.22002405
vt 0.32653263 0.25525224
vt 0.33741197 0.2517352
vt 0.1909463 0.19174147
vt 0.1890559 0.18597198
vt 0.31484663 0.25811744
vt 0.2161257 0.2163611
vt 0.33441848 0.25621474
vt 0.33604994 0.2584175
vt 0.18115684 0.1933428
vt 0.33304897 0.2581088
vt 0.23306464 0.2327177
vt 0.3286933 0.26109505
vt 0.338501 0.26651698
vt 0.6929265 0.997755
vt 0.7000038 0.9954958
vt 0.7016067 0.9969095
vt 0.1793284 0.18866098
vt 0.1879126 0.20640421
vt 0.21848895 0.22403622
vt 0.2214711 0.24252641
vt 0.70068955 0.9950895
vt 0.69809973 0.9880716
vt 0.7020526 0.98364335
vt 0.17419744 0.19519353
vt 0.2481687 0.24465197
vt 0.20749943 0.21971333
vt 0.6938824 0.9864364
vt 0.29752544 0.26336896
vt 0.20928288 0.2267307
vt 0.23388773 0.24865836
vt 0.19184783 0.22231281
vt 0.17569101 0.21024859
vt 0.20019978 0.2253229
vt 0.26594475 0.2628932
vt 0.68369454 0.9895423
vt 0.68345094 0.997755
vt 0.24216199 0.25924873
vt 0.1806874 0.22423756
vt 0.1690186 0.20230585
vt 0.20528466 0.23413253
vt 0.1708864 0.21403134
vt 0.20209387 0.2432741
vt 0.18546025 0.23431611
vt 0.17433411 0.22699338
vt 0.18058921 0.24208164
vt 0.1922248 0.24841464
vt 0.20467892 0.2574954
vt 0.19237815 0.25696218
vt 0.20625173 0.26651692
vt 0.21192518 0.2649181
vt 0.31523103 0.18441308
vt 0.72463703 0.620955
vt 0.73669016 0.61610013
vt 0.72080994 0.6282874
vt 0.7088266 0.6195913
vt 0.70207214 0.6273391
vt 0.696215 0.62030053
vt 0.6984814 0.6161001
vt 0.68729955 0.61819226
vt 0.79507613 0.40546072
vt 0.76619625 0.41084027
vt 0.77130634 0.39052457
vt 0.79705095 0.40757072
vt 0.7972139 0.40937412
vt 0.79838926 0.40938926
vt 0.8003848 0.41027635
vt 0.7986032 0.40821862
vt 0.7985371 0.40687007
vt 0.79899645 0.4082119
vt 0.7998482 0.40874326
vt 0.8003634 0.40750265
vt 0.79797846 0.40065575
vt 0.801242 0.4037549
vt 0.77880406 0.37686646
vt 0.8007018 0.40732956
vt 0.7946413 0.38816154
vt 0.79473037 0.37723476
vt 0.77690065 0.35854787
vt 0.7813419 0.37134612
vt 0.76619625 0.35097975
vt 0.7882283 0.37260783
vt 0.78221637 0.36302233
vt 0.7914494 0.3693105
vt 0.77684325 0.33643365
vt 0.80596536 0.37634432
vt 0.7219371 0.9496472
vt 0.72595906 0.95413727
vt 0.74951893 0.9496472
vt 0.51307374 0.8792957
vt 0.51272196 0.8752406
vt 0.5076972 0.8789535
vt 0.5224876 0.87524056
vt 0.51463497 0.88010067
vt 0.51653665 0.88070244
vt 0.5142196 0.8811102
vt 0.51439625 0.8826797
vt 0.51668304 0.8823405
vt 0.5151823 0.882004
vt 0.523233 0.88434494
vt 0.5156735 0.88381743
vt 0.51261437 0.8825608
vt 0.51895016 0.88614494
vt 0.5372033 0.8859431
vt 0.9021809 0.938501
vt 0.9002566 0.9355356
vt 0.9002566 0.94323283
vt 0.5539986 0.71380085
vt 0.5615937 0.7071584
vt 0.5628608 0.7158161
vt 0.5474417 0.7059012
vt 0.8829378 0.820077
vt 0.8880693 0.8152624
vt 0.8829378 0.80724823
vt 0.5375744 0.7088524
vt 0.54563636 0.7224456
vt 0.5356948 0.72899294
vt 0.53095615 0.7154512
vt 0.4518152 0.9595293
vt 0.4512508 0.9490058
vt 0.45889965 0.9517675
vt 0.46278492 0.9638011
vt 0.5288647 0.7232171
vt 0.46991456 0.9554965
vt 0.4756254 0.96310973
vt 0.5306366 0.7059012
vt 0.46614823 0.96760744
vt 0.9073124 0.80596536
vt 0.91051954 0.79567724
vt 0.9073124 0.79057086
vt 0.45278972 0.96760744
vt 0.89224136 0.3913896
vt 0.88706124 0.38062847
vt 0.89597905 0.37812698
vt 0.8852187 0.39642262
vt 0.88924485 0.38585794
vt 0.90184027 0.39036888
vt 0.8862212 0.4044795
vt 0.8775242 0.4073131
vt 0.9010825 0.40874624
vt 0.8934942 0.41180444
vt 0.8951998 0.40827703
vt 0.88103336 0.4143073
vt 0.9068648 0.40550113
vt 0.911161 0.40938687
vt 0.89962053 0.43013692
vt 0.8805158 0.42444777
vt 0.86657923 0.4213513
vt 0.87370366 0.43299317
vt 0.891271 0.4446367
vt 0.911161 0.45999914
vt 0.8492124 0.43449104
vt 0.87077844 0.4457239
vt 0.8983199 0.473603
vt 0.88029367 0.46885073
vt 0.85900676 0.46773046
vt 0.90159476 0.48877603
vt 0.8827986 0.49492323
vt 0.8446174 0.44472504
vt 0.83648777 0.46014905
vt 0.82782924 0.43620062
vt 0.8469538 0.50064147
vt 0.82713276 0.4481318
vt 0.83144945 0.486072
vt 0.80275816 0.9066709
vt 0.8169447 0.9066709
vt 0.8123969 0.9143682
vt 0.8186045 0.91176337
vt 0.82328415 0.9124774
vt 0.37089762 0.80318725
vt 0.378127 0.80555224
vt 0.3700316 0.81987685
vt 0.36850545 0.7963438
vt 0.37411842 0.82651615
vt 0.36850548 0.8380372
vt 0.63956314 0.9004248
vt 0.6432177 0.9079538
vt 0.6347017 0.9079538
vt 0.651978 0.8952175
vt 0.65779346 0.89984536
vt 0.65174574 0.89851207
vt 0.64286834 0.8912765
vt 0.65597945 0.8946714
vt 0.6362876 0.89691705
vt 0.65735996 0.9069439
vt 0.89833224 0.8311994
vt 0.8938422 0.82328415
vt 0.8938422 0.83547145
vt 0.4085996 0.8550301
vt 0.39865297 0.8530853
vt 0.40245584 0.845093
vt 0.39941803 0.8643878
vt 0.41404748 0.8621479
vt 0.40559897 0.8621107
vt 0.40187183 0.86923283
vt 0.40888885 0.86937344
vt 0.39961177 0.86976475
vt 0.39897218 0.8688206
vt 0.40052143 0.8735883
vt 0.39865297 0.8739934
vt 0.90153944 0.9900577
vt 0.89769083 0.9900577
vt 0.899314 0.98813343
vt 0.40534142 0.8778596
vt 0.41194737 0.88037205
vt 0.8077321 0.9041104
vt 0.80275816 0.9060295
vt 0.8098663 0.89769083
vt 0.8146162 0.9060295
vt 0.80927783 0.90520096
vt 0.8220013 0.9022686
vt 0.9021809 0.9939064
vt 0.90474665 0.994959
vt 0.9021809 0.997755
vt 0.90474147 0.99687326
vt 0.78992945 0.87716484
vt 0.79377806 0.8648399
vt 0.79349995 0.86855143
vt 0.7934677 0.8651113
vt 0.79313594 0.8648707
vt 0.79316473 0.8650373
vt 0.78992945 0.8547146
vt 0.7928095 0.86294615
vt 0.90443265 0.9729763
vt 0.90089804 0.9733804
vt 0.90424603 0.9720975
vt 0.9046264 0.9733804
vt 0.90474665 0.97264344
vt 0.90801936 0.9759461
vt 0.90830046 0.97696924
vt 0.9118024 0.9774718
vt 0.9060295 0.9778704
vt 0.90474665 0.97530466
vt 0.9038615 0.9740218
vt 0.90089804 0.97530466
vt 0.88935214 0.95054185
vt 0.88871074 0.9496472
vt 0.88871074 0.9515715
vt 0 0
vt 0 0
vt 0 0
vt 0.90872556 0.9778704
vt 0.8675433 0.79579103
vt 0.86751556 0.7995837
vt 0.8624118 0.8006742
vt 0.8624118 0.7912123
vt 0.8672139 0.80724823
vt 0.90538806 0.9932649
vt 0.90538806 0.99903786
vt 0.9060295 0.99594045
vt 0.7918537 0.83650744
vt 0.7958946 0.845093
vt 0.79698527 0.8396862
vt 0.55021375 0.8846645
vt 0.5638491 0.8835792
vt 0.5673563 0.8934457
vt 0.79698527 0.82933944
vt 0.54567516 0.9000288
vt 0.5337737 0.89105695
vt 0.5766373 0.89439094
vt 0.5769251 0.8891519
vt 0.58261156 0.8964722
vt 0.41032875 0.8835792
vt 0.42348427 0.89042026
vt 0.41543165 0.8929688
vt 0.5342084 0.90921265
vt 0.5055823 0.90593505
vt 0.7920286 0.82713276
vt 0.6045542 0.9035527
vt 0.5914716 0.9135704
vt 0.587184 0.9059796
vt 0.5750959 0.9065151
vt 0.43145892 0.90046
vt 0.4382938 0.91171813
vt 0.40921572 0.8980157
vt 0.5590335 0.91651064
vt 0.472524 0.9191272
vt 0.4658249 0.92270404
vt 0.46144417 0.9098335
vt 0.51825124 0.9126383
vt 0.5746983 0.91332144
vt 0.42852888 0.9159088
vt 0.47170585 0.9335534
vt 0.39223862 0.9099678
vt 0.45399222 0.9313186
vt 0.46394515 0.938547
vt 0.48490027 0.91970444
vt 0.49316192 0.9331538
vt 0.5441743 0.9204885
vt 0.5301547 0.9268973
vt 0.47890803 0.9420891
vt 0.45571727 0.9407837
vt 0.4551519 0.94667184
vt 0.51014316 0.94138056
vt 0.4669348 0.95231336
vt 0.4860435 0.9528522
vt 0.47579935 0.9573445
vt 0.5217256 0.94658685
vt 0.5407359 0.93632716
vt 0.62243354 0.14693898
vt 0.62817675 0.14188361
vt 0.62987673 0.1486628
vt 0.61648923 0.13903677
vt 0.628178 0.13701332
vt 0.62308735 0.15317982
vt 0.6286747 0.13363731
vt 0.6301169 0.13316882
vt 0.62972295 0.13451976
vt 0.6308531 0.13946682
vt 0.6223241 0.13245672
vt 0.90178233 0.95862734
vt 0.90153944 0.95926875
vt 0.90538806 0.95926875
vt 0.6196144 0.15196824
vt 0.5350463 0.58747494
vt 0.52245027 0.59428465
vt 0.52287334 0.57268375
vt 0.60439116 0.14162338
vt 0.61972433 0.15683132
vt 0.52554595 0.5983136
vt 0.52321815 0.5996248
vt 0.5265672 0.600551
vt 0.523698 0.60053456
vt 0.54409194 0.6068072
vt 0.54751015 0.5950443
vt 0.54655325 0.5754661
vt 0.5457261 0.56402963
vt 0.5358497 0.5647851
vt 0.5517963 0.5721972
vt 0.5972955 0.13641626
vt 0.55080193 0.5860813
vt 0.8033996 0.81749237
vt 0.8136626 0.8130212
vt 0.8136626 0.824567
vt 0.914343 0.19638336
vt 0.9176325 0.1989041
vt 0.91161114 0.20301473
vt 0.6026417 0.13245672
vt 0.9014221 0.19224727
vt 0.89788926 0.17354965
vt 0.88037205 0.89769083
vt 0.88871074 0.89769083
vt 0.8847589 0.89320076
vt 0.5524731 0.6096857
vt 0.9130627 0.18752432
vt 0.56030303 0.5897409
vt 0.56124926 0.59890974
vt 0.91498965 0.17631412
vt 0.9194997 0.18751222
vt 0.5769724 0.13502109
vt 0.9131866 0.16163099
vt 0.57961905 0.5853389
vt 0.57084614 0.56350225
vt 0.5615792 0.57874894
vt 0.5466705 0.56350225
vt 0.9033909 0.14121068
vt 0.9061157 0.1554997
vt 0.5707181 0.6004105
vt 0.5690545 0.57913375
vt 0.87694085 0.16260123
vt 0.8800792 0.14818871
vt 0.8694644 0.17225647
vt 0.7508018 0.84765875
vt 0.75563693 0.8373958
vt 0.7649134 0.84765875
vt 0.5815363 0.5741297
vt 0.887753 0.12875247
vt 0.91043687 0.12828344
vt 0.87746364 0.10718495
vt 0.858737 0.12235224
vt 0.84235185 0.11889893
vt 0.858307 0.13246721
vt 0.8489888 0.1444965
vt 0.83483005 0.13614243
vt 0.88556063 0.115768254
vt 0.8457138 0.103812635
vt 0.84944934 0.15722638
vt 0.8590993 0.1528827
vt 0.903387 0.11771524
vt 0.8974445 0.1059162
vt 0.86892843 0.16281551
vt 0.9164711 0.11606395
vt 0.9078226 0.11118966
vt 0.8914295 0.09630746
vt 0.8527458 0.15134203
vt 0.5904426 0.5797548
vt 0.85710406 0.15645027
vt 0.91484416 0.10637623
vt 0.8975147 0.09406221
vt 0.9589147 0.51410574
vt 0.9602759 0.5012829
vt 0.9650417 0.50835836
vt 0.9194997 0.09802222
vt 0.4277047 0.63555014
vt 0.40827453 0.6449647
vt 0.41318437 0.6280035
vt 0.9348096 0.54919654
vt 0.94563246 0.5194966
vt 0.9499756 0.53284705
vt 0.43274745 0.62434596
vt 0.9020927 0.087556124
vt 0.43338946 0.6175159
vt 0.44846335 0.6279983
vt 0.44082224 0.63881767
vt 0.4408933 0.6367267
vt 0.44210395 0.6373751
vt 0.9240339 0.55576646
vt 0.9204035 0.5556379
vt 0.9219593 0.5523318
vt 0.4169856 0.61566806
vt 0.43467277 0.6064785
vt 0.44008216 0.6346694
vt 0.4457372 0.6378586
vt 0.45095655 0.63942206
vt 0.44356555 0.6422783
vt 0.44339967 0.636574
vt 0.4553916 0.62909365
vt 0.94472784 0.5051688
vt 0.4532516 0.60766315
vt 0.92585987 0.5359978
vt 0.9181584 0.547997
vt 0.91027325 0.090961516
vt 0.7713278 0.84701735
vt 0.79506093 0.84701735
vt 0.7862035 0.845093
vt 0.93870026 0.5100017
vt 0.4637344 0.64003444
vt 0.46634454 0.62493753
vt 0.45737588 0.6449647
vt 0.46670064 0.6383294
vt 0.93114513 0.5179952
vt 0.90586305 0.5275886
vt 0.9027714 0.5470268
vt 0.9315585 0.51008797
vt 0.47113535 0.6437525
vt 0.92236483 0.51787895
vt 0.8989336 0.5627171
vt 0.911169 0.5212036
vt 0.9011864 0.5024043
vt 0.8840487 0.5487328
vt 0.9195657 0.51248425
vt 0.87752837 0.51765627
vt 0.8894774 0.50773865
vt 0.87791103 0.5744067
vt 0.864936 0.5301183
vt 0.8638748 0.5550149
vt 0.86259973 0.50914896
vt 0.8691206 0.5096869
vt 0.84701735 0.5469351
vt 0.8514759 0.5137493
vt 0.86068773 0.5012829
vt 0.3446579 0.45569003
vt 0.35000357 0.46434414
vt 0.33906978 0.46236598
vt 0.2918008 0.43530774
vt 0.28561404 0.43509132
vt 0.28632125 0.4249519
vt 0.347248 0.47135204
vt 0.32832518 0.45193166
vt 0.32671037 0.46416235
vt 0.27792454 0.44410408
vt 0.29020634 0.44838864
vt 0.35760102 0.4767065
vt 0.30575964 0.451712
vt 0.30990335 0.44294506
vt 0.2036562 0.47519875
vt 0.2255527 0.45479602
vt 0.21735105 0.4717871
vt 0.27682376 0.45865035
vt 0.25096923 0.45170832
vt 0.20862745 0.48588836
vt 0.24077202 0.46683532
vt 0.22063659 0.48113322
vt 0.343073 0.47765315
vt 0.3039169 0.46800643
vt 0.34695488 0.4829638
vt 0.35412085 0.48588836
vt 0.88474095 0.8925324
vt 0.88037205 0.89255935
vt 0.88205844 0.89021766
vt 0.8857735 0.8905023
vt 0.8853514 0.88871074
vt 0.88935214 0.89018685
vt 0.9026913 0.96115893
vt 0.90153944 0.9611931
vt 0.90291375 0.9599102
vt 0.8893271 0.89255935
vt 0.90474665 0.9611931
vt 0.911161 0.97530466
vt 0.9060295 0.97530466
vt 0.91097254 0.9727389
vt 0.9073613 0.97326016
vt 0.8977288 0.93688935
vt 0.89769083 0.9355356
vt 0.8996151 0.93936527
vt 0.89769083 0.94323283
vt 0.121215045 0.22765493
vt 0.1214629 0.2254901
vt 0.12506074 0.2258476
vt 0.12095835 0.2261411
vt 0.89769083 0.99198204
vt 0.9021809 0.99198204
vt 0.90157515 0.9906992
vt 0.117723405 0.22828579
vt 0.11156778 0.22465825
vt 0.90111005 0.9759461
vt 0.90474665 0.977229
vt 0.90089804 0.977229
vt 0.12646654 0.22806251
vt 0.1273252 0.22730553
vt 0.12581971 0.22737086
vt 0.8899936 0.9496472
vt 0.8899936 0.9515715
vt 0.890635 0.9503044
vt 0.90942574 0.9445157
vt 0.9066709 0.94708145
vt 0.9130853 0.94708145
vt 0.12093935 0.23140728
vt 0.12578368 0.23432744
vt 0.10697612 0.23091435
vt 0.10587734 0.23023367
vt 0.10088836 0.2294668
vt 0.10251545 0.23307443
vt 0.107130304 0.23348194
vt 0.104736276 0.23244143
vt 0.111037776 0.24267298
vt 0.084741205 0.22581798
vt 0.09441458 0.24594557
vt 0.9593991 0.80353004
vt 0.97145325 0.8073167
vt 0.96357054 0.81490993
vt 0.07733985 0.22616887
vt 0.0739722 0.21776783
vt 0.96870005 0.8173158
vt 0.97130746 0.820077
vt 0.9718085 0.81855226
vt 0.979091 0.8172959
vt 0.9442329 0.8036733
vt 0.9530034 0.7919679
vt 0.93874276 0.7948892
vt 0.9396454 0.7890748
vt 0.08464243 0.23967981
vt 0.9734353 0.7984659
vt 0.9781102 0.802522
vt 0.98364633 0.799445
vt 0.9787111 0.8007848
vt 0.97856486 0.8008738
vt 0.9482227 0.7809871
vt 0.9433043 0.77944565
vt 0.12027109 0.2521218
vt 0.9701165 0.78528804
vt 0.10795745 0.27339506
vt 0.089596294 0.25403404
vt 0.94482493 0.76732194
vt 0.9561715 0.75818294
vt 0.93874276 0.74907035
vt 0.9842848 0.7639398
vt 0.96185195 0.739868
vt 0.08554547 0.26639736
vt 0.9387665 0.7301061
vt 0.9456879 0.71680564
vt 0.092725486 0.28236806
vt 0.96671623 0.7200149
vt 0.07857863 0.2785144
vt 0.98018587 0.7415928
vt 0.06884356 0.25337625
vt 0.057638597 0.2765782
vt 0.050293677 0.2597239
vt 0.559292 0.8784477
vt 0.5699166 0.8829378
vt 0.5551006 0.8826765
vt 0.08493173 0.29200137
vt 0.07619086 0.29807782
vt 0.03474562 0.27748108
vt 0.5346376 0.8829378
vt 0.037074048 0.26407313
vt 0.09466268 0.31249654
vt 0.090596244 0.322613
vt 0.086103536 0.32161927
vt 0.057753913 0.31331754
vt 0.08302298 0.31367767
vt 0.033267878 0.29054987
vt 0.08423569 0.33560622
vt 0.06490343 0.33099818
vt 0.062249433 0.31869256
vt 0.04224508 0.30402017
vt 0.04228675 0.3314641
vt 0.04668712 0.31532663
vt 0.79890954 0.86369467
vt 0.79890954 0.8829378
vt 0.7918537 0.87877643
vt 0.069943845 0.34864753
vt 0.78387 0.84765875
vt 0.7719692 0.85086596
vt 0.7944195 0.85086596
vt 0.0829793 0.34386158
vt 0.03934888 0.34411383
vt 0.016203541 0.33828998
vt 0.6288719 0.95349586
vt 0.63949865 0.96015644
vt 0.621783 0.9622704
vt 0.022082567 0.3100313
vt 0.05871372 0.34279203
vt 0.117750764 0.36513
vt 0.108900875 0.355469
vt 0.12218583 0.36151886
vt 0.0924508 0.35183573
vt 0.08829647 0.3583796
vt 0.029960968 0.31274915
vt 0.06388491 0.34866303
vt 0.110487945 0.36205828
vt 0.6319306 0.96447736
vt 0.651274 0.969584
vt 0.12732519 0.37041366
vt 0.058361992 0.35246706
vt 0.1069373 0.3780694
vt 0.62070423 0.9858692
vt 0.052496303 0.36237776
vt 0.0445368 0.3584702
vt 0.02678816 0.35992992
vt 0.79698527 0.82649136
vt 0.8136626 0.82649136
vt 0.8044748 0.8213599
vt 0.01827674 0.30195516
vt 0.6368012 0.98430115
vt 0.60989326 0.9714555
vt 0.6014645 0.9731108
vt 0.60701853 0.96765333
vt 0.067610905 0.3826877
vt 0.009378705 0.36469918
vt 0.65971774 0.9826904
vt 0.0035279025 0.3171094
vt 0.0064771897 0.35639977
vt 0.11377113 0.39371777
vt 0.116723366 0.38617593
vt 0.6557055 0.99239475
vt 0.034019966 0.3713696
vt 0.036659017 0.36663842
vt 0.6364514 0.99722403
vt 0.6020139 0.99967927
vt 0.10195758 0.4037845
vt 0.59221596 0.9896585
vt 0.014114032 0.3723278
vt 0.042703114 0.3803358
vt 0.026737731 0.37595296
vt 0.0042562643 0.37008572
vt 0.6533692 0.99967927
vt 0.61856854 0.99732596
vt 0.5891597 0.9983594
vt 0.76170623 0.936177
vt 0.7638031 0.9282079
vt 0.76976436 0.9343793
vt 0.7706863 0.9243428
vt 0.76916987 0.9143682
vt 0.76170623 0.9180938
vt 0.20810178 0.92883074
vt 0.21969211 0.9405495
vt 0.21156141 0.947355
vt 0.20011763 0.943628
vt 0.20576969 0.96369964
vt 0.21813115 0.98170674
vt 0.20517762 0.9738275
vt 0.19108605 0.92309093
vt 0.18682082 0.94621575
vt 0.19041614 0.9489534
vt 0.19626932 0.97008777
vt 0.19313148 0.9593329
vt 0.19444816 0.97178406
vt 0.19297895 0.9722217
vt 0.19379368 0.970678
vt 0.186826 0.96756727
vt 0.19537652 0.94761455
vt 0.19297574 0.9705943
vt 0.19129816 0.9497584
vt 0.18464807 0.9610288
vt 0.17204276 0.96997166
vt 0.17819333 0.95902836
vt 0.8944836 0.9425914
vt 0.89704937 0.9383141
vt 0.8944836 0.9355356
vt 0.1647995 0.9479075
vt 0.15937439 0.9201411
vt 0.153867 0.9678836
vt 0.15703328 0.97540075
vt 0.14720976 0.93863934
vt 0.14720975 0.98300195
vt 0.7827947 0.9573445
vt 0.779583 0.94579804
vt 0.7892287 0.95275104
vt 0.77252764 0.950455
vt 0.7610665 0.93740714
vt 0.76049036 0.9564518
vt 0.77152634 0.93644285
vt 0.74730444 0.93890315
vt 0.6836149 0.95304394
vt 0.6898233 0.93781877
vt 0.70188206 0.9531377
vt 0.71478254 0.9354825
vt 0.7496995 0.9248476
vt 0.6591284 0.9438482
vt 0.67174995 0.9546497
vt 0.65269196 0.95461947
vt 0.64376295 0.9543932
vt 0.6427936 0.9480982
vt 0.7373196 0.9268204
vt 0.7331963 0.93236685
vt 0.6354758 0.94915867
vt 0.77608544 0.9122522
vt 0.7861074 0.9105152
vt 0.8033996 0.925403
vt 0.72919935 0.94375384
vt 0.722011 0.91947824
vt 0.64613014 0.9330435
vt 0.7339818 0.9141559
vt 0.69326967 0.9122029
vt 0.63097525 0.9408603
vt 0.6015193 0.9480534
vt 0.6102704 0.9530309
vt 0.606469 0.9573445
vt 0.6055203 0.94111466
vt 0.6126475 0.94623417
vt 0.65311843 0.9138871
vt 0.5918399 0.95353323
vt 0.7697142 0.8974317
vt 0.6234741 0.92853343
vt 0.7563824 0.90934765
vt 0.7422519 0.8977438
vt 0.7483013 0.91663206
vt 0.6203228 0.9400135
vt 0.7846047 0.8932955
vt 0.59242284 0.93980044
vt 0.57992566 0.9405767
vt 0.7565378 0.8873677
vt 0.7188032 0.89398
vt 0.6024323 0.92596376
vt 0.58014244 0.9338541
vt 0.60940313 0.9231511
vt 0.5932522 0.9269635
vt 0.5846774 0.9298863
vt 0.7804519 0.8747359
vt 0.61525095 0.91839844
vt 0.57059604 0.9317165
vt 0.56863374 0.9360065
vt 0.57841265 0.9267139
vt 0.68556017 0.8880516
vt 0.5860911 0.92467004
vt 0.58238286 0.925312
vt 0.5772359 0.9285167
vt 0.5756426 0.9271836
vt 0.6066379 0.9171706
vt 0.61224884 0.9037739
vt 0.58266133 0.92267865
vt 0.62265956 0.9061491
vt 0.7402247 0.8703916
vt 0.7726115 0.8585902
vt 0.5985701 0.9104441
vt 0.6050961 0.9171615
vt 0.7192779 0.8724756
vt 0.7064276 0.8687033
vt 0.76995194 0.84765875
vt 0.62004536 0.8895558
vt 0.75022835 0.85461825
vt 0.7243604 0.8565042
vt 0.71413654 0.85422206
vt 0.85663885 0.80724823
vt 0.8617704 0.7977568
vt 0.85663885 0.7912123
vt 0.069526926 0.9780011
vt 0.06049557 0.95200413
vt 0.08050032 0.9804362
vt 0.057647686 0.9585547
vt 0.028158378 0.94135886
vt 0.052195366 0.9748315
vt 0.040511273 0.93390673
vt 0.020407733 0.9271969
vt 0.031049695 0.9685829
vt 0.02248821 0.9469299
vt 0.008469957 0.9372144
vt 0.015280036 0.9688204
vt 0.004546936 0.93357503
vt 0.007714001 0.9528067
vt 0.01786503 0.9804362
vt 0.00032071842 0.9415521
vt 0.0014471491 0.9529875
vt 0.006179065 0.9643118
vt 0.8014753 0.91757536
vt 0.8075221 0.9130853
vt 0.8128452 0.9175753
vt 0.81240124 0.9162953
vt 0.8127324 0.91576296
vt 0.8252085 0.91450214
vt 0.8778063 0.9118024
vt 0.87885636 0.90923667
vt 0.8785747 0.91095036
vt 0.88137716 0.9100096
vt 0.88742787 0.9118024
vt 0.48153833 0.02410227
vt 0.4723851 0.028620481
vt 0.47085682 0.021392167
vt 0.47080135 0.02713275
vt 0.47037363 0.028857052
vt 0.4671426 0.030468225
vt 0.46861878 0.027587652
vt 0.49422708 0.00033515692
vt 0.4833843 0.011013567
vt 0.4727486 0.0003207326
vt 0.46144864 0.02689284
vt 0.45684752 0.021499097
vt 0.45595807 0.012868583
vt 0.44422695 0.02240336
vt 0.4461547 0.0003207326
vt 0.43251038 0.014618397
vt 0.42863807 0.024148941
vt 0.4186988 0.007977068
vt 0.4098536 0.023378134
vt 0.39253047 0.02180487
vt 0.3903208 0.01539588
vt 0.37876844 0.016091168
vt 0.64703304 0.7713278
vt 0.65372777 0.78012514
vt 0.63984114 0.78050953
vt 0.6757537 0.7834979
vt 0.6597388 0.78479797
vt 0.64353794 0.78479797
vt 0.63021165 0.78337586
vt 0.7889499 0.9275012
vt 0.789288 0.9239897
vt 0.77777815 0.93009436
vt 0.7706863 0.934061
vt 0.78035206 0.9342648
vt 0.78917456 0.93341345
vt 0.789288 0.936177
vt 0.7462687 0.83788544
vt 0.718563 0.83867866
vt 0.73820233 0.8213629
vt 0.70047545 0.8245006
vt 0.7219543 0.8186959
vt 0.766872 0.83014846
vt 0.75351286 0.8076678
vt 0.72121906 0.79318595
vt 0.7014367 0.7897029
vt 0.79786026 0.8214705
vt 0.78292173 0.83210963
vt 0.79285496 0.797824
vt 0.8368565 0.82413507
vt 0.83655393 0.8158114
vt 0.8466679 0.8226273
vt 0.77403617 0.80536723
vt 0.8284916 0.81946695
vt 0.8476885 0.8092045
vt 0.85086596 0.8106809
vt 0.8222579 0.8131164
vt 0.8344819 0.80362153
vt 0.75008255 0.78694814
vt 0.80765885 0.8096669
vt 0.81285775 0.7893797
vt 0.7693435 0.78994954
vt 0.67126364 0.8036662
vt 0.69093823 0.7645001
vt 0.8485114 0.80060285
vt 0.81864303 0.78331774
vt 0.8353488 0.7926217
vt 0.73410696 0.77373064
vt 0.7651245 0.78165334
vt 0.031721577 0.6315779
vt 0.044242267 0.62443876
vt 0.043003626 0.629853
vt 0.037384234 0.6336658
vt 0.03573171 0.6327645
vt 0.048925962 0.6347829
vt 0.9060295 0.9438743
vt 0.91307074 0.9425914
vt 0.91372675 0.9438743
vt 0.7163576 0.77226526
vt 0.022452986 0.64369315
vt 0.030401802 0.64658034
vt 0.78667206 0.77888054
vt 0.80204684 0.7804424
vt 0.113930956 0.6483513
vt 0.08569591 0.65153337
vt 0.09815402 0.6393925
vt 0.74889255 0.7648275
vt 0.77242965 0.7658758
vt 0.09317476 0.6669485
vt 0.074031614 0.66571414
vt 0.076764576 0.64682436
vt 0.8150173 0.76910007
vt 0.06074646 0.65401995
vt 0.041605305 0.65870416
vt 0.027999377 0.661782
vt 0.79401946 0.76621586
vt 0.7280866 0.75599295
vt 0.11678565 0.6628557
vt 0.12519142 0.6433216
vt 0.057342965 0.66471237
vt 0.01828095 0.65507096
vt 0.04982297 0.67187095
vt 0.8262512 0.7649597
vt 0.05685829 0.66730946
vt 0.034116533 0.67190504
vt 0.8065713 0.759375
vt 0.021165753 0.6697274
vt 0.12796664 0.6563049
vt 0.1251085 0.66756976
vt 0.82542515 0.7578958
vt 0.9837424 0.07288015
vt 0.9913406 0.07327938
vt 0.9913349 0.09410113
vt 0.7630665 0.74687713
vt 0.8142597 0.7501587
vt 0.11727325 0.67190504
vt 0.7947239 0.75098085
vt 0.7483429 0.74785
vt 0.97934264 0.085760534
vt 0.97530466 0.106447875
vt 0.98299336 0.11962795
vt 0.97530466 0.06446439
vt 0.7099842 0.72899294
vt 0.7773367 0.7471652
vt 0.7325997 0.73894525
vt 0.75399554 0.7332102
vt 0.74141306 0.728993
vt 0.88037205 0.8880693
vt 0.88583773 0.88422066
vt 0.8869069 0.8865789
vt 0.88935214 0.8880693
vt 0.81870264 0.44518483
vt 0.82091016 0.4106425
vt 0.8305739 0.410367
vt 0.8346865 0.38777483
vt 0.8502245 0.37488645
vt 0.84355307 0.3783018
vt 0.8361202 0.37178558
vt 0.8502245 0.5085223
vt 0.8272281 0.49521518
vt 0.81664383 0.4734763
vt 0.827161 0.3837626
vt 0.8498708 0.5160359
vt 0.8021162 0.43905747
vt 0.836146 0.51350343
vt 0.80758744 0.4852628
vt 0.81036097 0.40349412
vt 0.8203884 0.3765818
vt 0.78345543 0.45444435
vt 0.77653843 0.4371065
vt 0.829714 0.3675068
vt 0.84664166 0.37159455
vt 0.83171403 0.36273253
vt 0.78881556 0.42891562
vt 0.8204855 0.36509883
vt 0.77390337 0.41813838
vt 0.7674792 0.42121506
vt 0.4242955 0.64758635
vt 0.43257546 0.6466055
vt 0.4318619 0.65496707
vt 0.44868505 0.6801918
vt 0.430763 0.6744279
vt 0.44493434 0.6674363
vt 0.4373341 0.6929906
vt 0.4441146 0.698499
vt 0.4247305 0.6890617
vt 0.41786328 0.6507258
vt 0.4156324 0.6430404
vt 0.41468892 0.6568376
vt 0.4339923 0.7090268
vt 0.4235033 0.711632
vt 0.41756544 0.7054753
vt 0.41468894 0.71934044
vt 0.42137045 0.7212957
vt 0.25400707 0.4704939
vt 0.24539384 0.48626387
vt 0.24699019 0.47319323
vt 0.24046871 0.50050116
vt 0.21905068 0.5089801
vt 0.2260176 0.49327695
vt 0.24029446 0.48108327
vt 0.2766331 0.48812747
vt 0.26923972 0.47551215
vt 0.25923014 0.49641973
vt 0.28827628 0.48263443
vt 0.28286073 0.47376895
vt 0.27178204 0.5089801
vt 0.2855062 0.4904809
vt 0.27683902 0.4951734
vt 0.27204677 0.5020721
vt 0.29283777 0.47748786
vt 0.29734704 0.48708576
vt 0.31205902 0.4821856
vt 0.2922989 0.49695933
vt 0.6149841 0.17637515
vt 0.6145602 0.15041697
vt 0.6215925 0.17409027
vt 0.6219302 0.19106317
vt 0.6159541 0.19604522
vt 0.61337626 0.20909339
vt 0.6109686 0.20105648
vt 0.61681026 0.20370221
vt 0.61890113 0.20180273
vt 0.6200524 0.21007055
vt 0.6272017 0.18297565
vt 0.62731683 0.18196023
vt 0.62244505 0.1976462
vt 0.8812998 0.9284798
vt 0.8867864 0.93104553
vt 0.8836503 0.9300198
vt 0.8784477 0.93104553
vt 0.6224329 0.20387512
vt 0.6283886 0.18180388
vt 0.89640796 0.9496472
vt 0.89769083 0.95114625
vt 0.89640796 0.9515715
vt 0.89748836 0.9499542
vt 0.89266557 0.8125906
vt 0.88871074 0.81943554
vt 0.8887139 0.809423
vt 0.6289288 0.18752974
vt 0.88871074 0.8078897
vt 0.6229839 0.19466835
vt 0.89281726 0.81605285
vt 0.8931138 0.81764483
vt 0.8951251 0.8177596
vt 0.6274057 0.19089174
vt 0.62821484 0.19239044
vt 0.6266911 0.20267487
vt 0.6262342 0.2036249
vt 0.6268658 0.20520186
vt 0.6268425 0.20392174
vt 0.8993065 0.9502775
vt 0.89833224 0.9514042
vt 0.89833224 0.9496472
vt 0.8996151 0.9515715
vt 0.6289288 0.20785332
vt 0.58787686 0.7178119
vt 0.5790306 0.7188449
vt 0.5734648 0.72455174
vt 0.5817844 0.728722
vt 0.5808318 0.7149421
vt 0.56403166 0.72899294
vt 0.5795915 0.71259487
vt 0.58271754 0.70688367
vt 0.57966864 0.7159267
vt 0.57933587 0.71540177
vt 0.58779186 0.7043575
vt 0.57581884 0.70771044
vt 0.58286 0.70618445
vt 0.58787686 0.7013221
vt 0.57983345 0.7053081
vt 0.5799796 0.7057925
vt 0.57228285 0.69948685
vt 0.55965364 0.72075754
vt 0.5629171 0.70742095
vt 0.046728685 0.44034636
vt 0.034827825 0.43960798
vt 0.04436693 0.43373632
vt 0.042144246 0.43310714
vt 0.047438737 0.43074268
vt 0.90153944 0.9637588
vt 0.90284956 0.96255285
vt 0.9041052 0.96375877
vt 0.03214579 0.4320246
vt 0.90239483 0.9618345
vt 0.90294456 0.9618515
vt 0.05459701 0.43113577
vt 0.058626696 0.43471313
vt 0.034981605 0.43054223
vt 0.05446263 0.42810094
vt 0.053692028 0.42848945
vt 0.017298535 0.4153595
vt 0.015073467 0.4179473
vt 0.0039833565 0.4145686
vt 0.026828166 0.42459214
vt 0.050708096 0.42536765
vt 0.07169259 0.40589046
vt 0.07429892 0.39993882
vt 0.08434894 0.41588092
vt 0.06489899 0.4183457
vt 0.0016035921 0.401833
vt 0.029787295 0.41454554
vt 0.04693449 0.4136235
vt 0.025591362 0.4149626
vt 0.05639865 0.4185571
vt 0.015551089 0.40923917
vt 0.06752051 0.40997338
vt 0.034348562 0.40501285
vt 0.05500723 0.40711433
vt 0.7045449 0.984387
vt 0.70824516 0.98915887
vt 0.70269406 0.9983964
vt 0.043942314 0.40303868
vt 0.019937713 0.39845818
vt 0.7121424 0.9971722
vt 0.7077344 0.983273
vt 0.05707169 0.40827906
vt 0.8797306 0.8835792
vt 0.890635 0.8835792
vt 0.88740325 0.8816549
vt 0.05502846 0.39819837
vt 0.058821466 0.40102255
vt 0.7116076 0.9828996
vt 0.9073124 0.99967927
vt 0.9086634 0.9990821
vt 0.911161 0.99967927
vt 0.70878226 0.9821805
vt 0.70928264 0.98211205
vt 0.7148098 0.98999405
vt 0.7180885 0.9983964
vt 0.71633124 0.9834316
vt 0.71090746 0.9810776
vt 0.71046424 0.98144186
vt 0.9083266 0.9971135
vt 0.9095893 0.99836314
vt 0.037266865 0.39586222
vt 0.01859426 0.39530683
vt 0.0051379837 0.39288008
vt 0.059524424 0.39288008
vt 0.04501104 0.43203026
vt 0.8957665 0.80660677
vt 0.8996151 0.8144371
vt 0.8957665 0.82006586
vt 0.8967138 0.8196736
vt 0.89923525 0.8207184
vt 0 0
vt 0 0
vt 0 0
vt 0.90143687 0.96440023
vt 0.90089804 0.9650417
vt 0.90474665 0.9650417
vt 0.9066709 0.9894163
vt 0.90856236 0.98836654
vt 0.911161 0.9894163
vt 0.90959805 0.98685056
vt 0.80480635 0.9233483
vt 0.80518353 0.9189806
vt 0.824567 0.9233483
vt 0.80224454 0.9214634
vt 0.8014753 0.9211583
vt 0.81858575 0.9182168
vt 0.9118024 0.9720975
vt 0.9089967 0.9701732
vt 0.9060295 0.9720975
vt 0.90474665 0.979888
vt 0.9034638 0.9778704
vt 0.9034638 0.9817191
vt 0.9002566 0.9496472
vt 0.9002566 0.9522129
vt 0.90089804 0.95141083
vt 0.88037205 0.9451572
vt 0.8835792 0.9428753
vt 0.88267016 0.94089717
vt 0.88037205 0.93810135
vt 0.886504 0.8676699
vt 0.8836053 0.8682862
vt 0.8865171 0.8669019
vt 0.88037205 0.86882615
vt 0.89255935 0.86882615
vt 0.8912765 0.9496472
vt 0.8912765 0.9515715
vt 0.8919179 0.9499247
vt 0.88284427 0.9272411
vt 0.883474 0.9246312
vt 0.88614494 0.9278384
vt 0.90153944 0.9457986
vt 0.90153944 0.9451572
vt 0.90474665 0.94565225
vt 0.8817466 0.9278384
vt 0.8784477 0.92707384
vt 0.88239443 0.9268287
vt 0.8817801 0.9253211
vt 0.7264219 0.71616423
vt 0.7290534 0.7094649
vt 0.73988533 0.71365374
vt 0.7493454 0.7113792
vt 0.74699837 0.7067541
vt 0.7156853 0.7104288
vt 0.7546504 0.7044333
vt 0.74567014 0.7007697
vt 0.72952294 0.70537394
vt 0.7188366 0.7007698
vt 0.7097498 0.70210075
vt 0.768682 0.83575577
vt 0.7715036 0.83226424
vt 0.7758178 0.8380372
vt 0.758499 0.8380372
vt 0.90474665 0.78992945
vt 0.9066709 0.79719996
vt 0.90566283 0.7967844
vt 0.90474665 0.80660677
vt 0.64507616 0.8867864
vt 0.6498109 0.8895054
vt 0.62957025 0.8919179
vt 0.658146 0.8881341
vt 0.66292495 0.8919179
vt 0.9124439 0.9695318
vt 0.91226274 0.9682489
vt 0.9060295 0.9695318
vt 0.90153944 0.94708145
vt 0.9018275 0.94644004
vt 0.9029366 0.9468887
vt 0.90474665 0.94708145
vt 0.67896086 0.974395
vt 0.6853752 0.9786295
vt 0.6805849 0.9862091
vt 0.6829134 0.97137666
vt 0.6853752 0.9573445
vt 0.88273394 0.9238666
vt 0.8778063 0.9239897
vt 0.88193357 0.92270684
vt 0.88742787 0.92398965
vt 0.8816549 0.8662604
vt 0.8912765 0.8662604
vt 0.89093107 0.8617704
vt 0.8713919 0.7912123
vt 0.8713919 0.80724823
vt 0.87588197 0.79850566
vt 0.431625 0.7631055
vt 0.41340604 0.7617811
vt 0.42969844 0.7508018
vt 0.42609793 0.7719692
vt 0.43917507 0.77047783
vt 0.43944174 0.7662386
vt 0.43840802 0.76001453
vt 0.4461802 0.7603305
vt 0.44676074 0.7508018
vt 0.9041052 0.8256367
vt 0.9073124 0.8280596
vt 0.9041052 0.83547145
vt 0.9070054 0.82264274
vt 0.9060295 0.96760744
vt 0.9130853 0.96760744
vt 0.910173 0.96696603
vt 0.8876716 0.8436012
vt 0.8829378 0.8468143
vt 0.88935214 0.84765875
vt 0.8829378 0.83932006
vt 0.5699166 0.92591405
vt 0.5678992 0.91885823
vt 0.5372033 0.92591405
vt 0.89176834 0.8599134
vt 0.89255935 0.8611289
vt 0.8907651 0.86031157
vt 0.8908385 0.8592046
vt 0.88037205 0.8611289
vt 0.9118024 0.9862091
vt 0.90839064 0.9849262
vt 0.9060295 0.9862091
vt 0.8155176 0.92430794
vt 0.81599736 0.9240762
vt 0.81712973 0.92517173
vt 0.81675047 0.9239897
vt 0.81421375 0.9246359
vt 0.8113015 0.92845
vt 0.82047343 0.92534095
vt 0.82328415 0.93104553
vt 0.81370616 0.92418903
vt 0.80677915 0.9251002
vt 0.80211675 0.93104553
vt 0.9060295 0.9618345
vt 0.9110032 0.95926875
vt 0.9100681 0.9604899
vt 0.9031169 0.9477229
vt 0.90153944 0.9490058
vt 0.9041052 0.9490058
vt 0.9118024 0.9618345
vt 0.91066617 0.960273
vt 0.90089804 0.96696603
vt 0.9041052 0.96696603
vt 0.90186316 0.9656831
vt 0.90261376 0.9496472
vt 0.90153944 0.9515715
vt 0.9034638 0.9515715
vt 0.90153944 0.95349586
vt 0.9041052 0.95349586
vt 0.90303165 0.9522129
vt 0.6862231 0.97137713
vt 0.69243103 0.9733532
vt 0.6896957 0.9789831
vt 0.6860167 0.9573445
vt 0.6860167 0.9855677
vt 0.7743419 0.9797201
vt 0.7742113 0.964668
vt 0.8046825 0.9745367
vt 0.79714936 0.9694217
vt 0.7432282 0.9618345
vt 0.40378448 0.9271969
vt 0.38495514 0.92659104
vt 0.37259358 0.92078257
vt 0.7863055 0.9618345
vt 0.759301 0.98411167
vt 0.76858884 0.9949267
vt 0.36144966 0.9271969
vt 0.70928895 0.16579634
vt 0.69544435 0.16645288
vt 0.6907283 0.15970403
vt 0.70641136 0.15873373
vt 0.7010657 0.154315
vt 0.69611853 0.14717156
vt 0.71873 0.16104585
vt 0.70578414 0.14785379
vt 0.68024373 0.1626032
vt 0.7647386 0.99827874
vt 0.32915965 0.80547625
vt 0.32424632 0.80765486
vt 0.32985356 0.7977557
vt 0.32662177 0.7924219
vt 0.75795645 0.9962975
vt 0.7651093 0.9991784
vt 0.7055954 0.14030278
vt 0.700389 0.13186741
vt 0.33949602 0.78749424
vt 0.7356245 0.9789198
vt 0.75086427 0.9945982
vt 0.33614054 0.78306484
vt 0.3348607 0.7796313
vt 0.74647415 0.9871675
vt 0.397071 0.91868997
vt 0.3822588 0.92078257
vt 0.38374078 0.91331565
vt 0.7498227 0.99887073
vt 0.7462812 0.9912475
vt 0.7477505 0.9982126
vt 0.7483816 0.9961709
vt 0.745586 0.9891729
vt 0.91372675 0.94194996
vt 0.90801316 0.9406671
vt 0.9060295 0.94194996
vt 0.74636966 0.994278
vt 0.40121874 0.9142278
vt 0.7427857 0.9927676
vt 0.74482596 0.99393624
vt 0.7456773 0.9979526
vt 0.90474665 0.95477873
vt 0.90406847 0.95413727
vt 0.90153944 0.95477873
vt 0.7457492 0.99967927
vt 0.9124439 0.9964721
vt 0.90709245 0.99583066
vt 0.9066709 0.9964721
vt 0.7437992 0.9955887
vt 0.73791355 0.9942762
vt 0.7273288 0.9851652
vt 0.7119197 0.13684505
vt 0.7120434 0.13782018
vt 0.71216977 0.13414288
vt 0.3444728 0.77325207
vt 0.725139 0.9670435
vt 0.37411845 0.9193807
vt 0.3767344 0.91589254
vt 0.37509707 0.91917557
vt 0.37156644 0.90987813
vt 0.36337397 0.92078257
vt 0.71873 0.12860811
vt 0.35348967 0.79682654
vt 0.35751164 0.7894275
vt 0.7122199 0.13125491
vt 0.36441934 0.8115106
vt 0.35347897 0.8185177
vt 0.7180885 0.97823346
vt 0.36139587 0.8296838
vt 0.3946517 0.98779714
vt 0.37988618 0.98398924
vt 0.38472846 0.97851187
vt 0.36722258 0.83033997
vt 0.36722258 0.8030185
vt 0.7217142 0.9863901
vt 0.36564726 0.7924552
vt 0.38719052 0.99284333
vt 0.403436 0.9855661
vt 0.40378448 0.9939064
vt 0.35801852 0.7737284
vt 0.3742784 0.9939064
vt 0.72706866 0.9560616
vt 0.71244895 0.9496472
vt 0.7137901 0.95365554
vt 0.7014112 0.9560616
vt 0.966709 0.20835537
vt 0.9663828 0.19799376
vt 0.97389996 0.208426
vt 0.9849028 0.20110863
vt 0.9599102 0.19238257
vt 0.97748166 0.1836608
vt 0.9795277 0.21007055
vt 0.9897392 0.18946892
vt 0.9913406 0.19444978
vt 0.9605611 0.17858028
vt 0.9599102 0.1703015
vt 0.96419215 0.1747995
vt 0.9672341 0.1793536
vt 0.9682055 0.17132431
vt 0.98051095 0.17672598
vt 0.44367793 0.9959207
vt 0.42880052 0.9964721
vt 0.44257364 0.9916062
vt 0.45205358 0.9906992
vt 0.46664527 0.9964721
vt 0.45585272 0.99595815
vt 0.032983072 0.5303448
vt 0.050216086 0.51090443
vt 0.043387756 0.52682143
vt 0.029337281 0.5377919
vt 0.013149455 0.54233485
vt 0.5876203 0.1386267
vt 0.5987813 0.14415514
vt 0.5804609 0.14873016
vt 0.56612295 0.14048338
vt 0.57294625 0.13570398
vt 0.5704601 0.14719176
vt 0.5609365 0.13245672
vt 0.5636234 0.15804064
vt 0.57177204 0.16373098
vt 0.05732579 0.52266544
vt 0.5609365 0.17286724
vt 0.067419514 0.53016835
vt 0.04663762 0.5336555
vt 0.07185677 0.51120317
vt 0.077907674 0.5297872
vt 0.07582649 0.5417866
vt 0.07900032 0.5174901
vt 0.07875758 0.54233485
vt 0.08273198 0.5292334
vt 0.08563182 0.516163
vt 0.5404658 0.96723
vt 0.54725486 0.94993097
vt 0.5333547 0.9451572
vt 0.552826 0.962707
vt 0.56011456 0.9536153
vt 0.5684417 0.95334595
vt 0.5843207 0.9627818
vt 0.56497216 0.97721225
vt 0.58967847 0.9836548
vt 0.5960412 0.96953803
vt 0.5981398 0.97661036
vt 0.54683256 0.98802483
vt 0.58349323 0.9804729
vt 0.573077 0.9891026
vt 0.5539402 0.99484086
vt 0.5666433 0.9933462
vt 0.5333547 0.9913312
vt 0.5358668 0.99967927
vt 0.3918704 0.88935214
vt 0.39159718 0.87000066
vt 0.39702886 0.87610567
vt 0.3958801 0.88485074
vt 0.39640376 0.8470301
vt 0.3921232 0.8567906
vt 0.39159718 0.845093
vt 0.39801154 0.86266434
vt 0.7436946 0.8408562
vt 0.73220015 0.8412444
vt 0.74519384 0.83867866
vt 0.7527261 0.8412444
vt 0.73604876 0.85086596
vt 0.72322 0.85086596
vt 0.7307328 0.848722
vt 0.7249381 0.84920514
vt 0.72954977 0.8460217
vt 0.72740424 0.8465508
vt 0.73224413 0.8445314
vt 0.9064404 0.93874276
vt 0.9060295 0.9400257
vt 0.91372675 0.9400257
vt 0.9130853 0.96632457
vt 0.9090676 0.9656831
vt 0.9060295 0.96632457
vt 0.72663623 0.84615976
vt 0.72720855 0.84371287
vt 0.73005503 0.8423361
vt 0.891918 0.93605816
vt 0.8922308 0.9355356
vt 0.8932849 0.9388581
vt 0.89264625 0.9403184
vt 0.8938422 0.9414
vt 0.72947 0.8413324
vt 0.7280306 0.8418014
vt 0.73000646 0.84060293
vt 0.8919179 0.94323283
vt 0.90538806 0.9522129
vt 0.9060295 0.9532118
vt 0.90538806 0.95477873
vt 0.90474665 0.9407228
vt 0.90538806 0.94039124
vt 0.9049204 0.9438743
vt 0.72549003 0.8423217
vt 0.90474665 0.9355356
vt 0.7282404 0.8424606
vt 0.911537 0.9932649
vt 0.9118024 0.99518925
vt 0.9073124 0.99518925
vt 0.90812445 0.99262345
vt 0.9124439 0.99262345
vt 0.91082203 0.99198204
vt 0.9066709 0.9922054
vt 0.90089804 0.9810776
vt 0.9028223 0.9810776
vt 0.9014827 0.9778704
vt 0.8868992 0.8572007
vt 0.8888017 0.85679877
vt 0.8912765 0.8585632
vt 0.88566077 0.85620695
vt 0.88403296 0.8540731
vt 0.8816549 0.8585631
vt 0.8659962 0.408916
vt 0.85850084 0.40116924
vt 0.86210006 0.39632142
vt 0.8567166 0.39575732
vt 0.8592183 0.39390278
vt 0.8577732 0.38437235
vt 0.8627471 0.38843763
vt 0.8634587 0.38127315
vt 0.85214883 0.36572868
vt 0.85830665 0.37139773
vt 0.85214883 0.38957894
vt 0.8559501 0.36209106
vt 0.87073684 0.37783825
vt 0.8733162 0.38383424
vt 0.8710775 0.37103522
vt 0.66653085 0.15274692
vt 0.6663356 0.13887107
vt 0.6761597 0.15809137
vt 0.67300105 0.16107577
vt 0.6560577 0.15958524
vt 0.6367806 0.16433609
vt 0.6416517 0.16179252
vt 0.6404967 0.16640079
vt 0.66262454 0.16396677
vt 0.6347017 0.16645288
vt 0.68024373 0.16645283
vt 0.59810054 0.715661
vt 0.6032713 0.7195656
vt 0.5984167 0.72487515
vt 0.58851826 0.7205899
vt 0.59022653 0.7309403
vt 0.59060735 0.71098024
vt 0.58851826 0.6930725
vt 0.59640664 0.7044393
vt 0.58874345 0.7005075
vt 0.5984957 0.7354073
vt 0.04201411 0.7518964
vt 0.026358593 0.7467285
vt 0.03763091 0.73973113
vt 0.030443672 0.7264878
vt 0.038309146 0.7283965
vt 0.037531644 0.7150589
vt 0.03559625 0.7623114
vt 0.030243069 0.70782775
vt 0.035983067 0.7025802
vt 0.014157465 0.7271724
vt 0.022176659 0.69620425
vt 0.017501842 0.7051967
vt 0.027764449 0.7674792
vt 0.017691012 0.74526864
vt 0.033396367 0.6949968
vt 0.039912175 0.6998775
vt 0.011814937 0.7535083
vt 0.009300834 0.713676
vt 0.04201411 0.70625246
vt 0.37014037 0.2227292
vt 0.37551177 0.22947377
vt 0.36625013 0.23380375
vt 0.35869327 0.22582936
vt 0.39568365 0.2255398
vt 0.39110592 0.23096085
vt 0.3857652 0.22525972
vt 0.41404748 0.23380375
vt 0.3799711 0.21720582
vt 0.39039886 0.21863139
vt 0.36929214 0.21272683
vt 0.36038986 0.21728182
vt 0.35311097 0.21879303
vt 0.37829736 0.21135342
vt 0.9002566 0.8167647
vt 0.9002566 0.80660677
vt 0.9047143 0.81506205
vt 0.90465856 0.820077
vt 0.90474665 0.8084885
vt 0.8148333 0.29503196
vt 0.8209481 0.29496348
vt 0.81851995 0.3035574
vt 0.8141224 0.2623037
vt 0.8219494 0.25739938
vt 0.82152367 0.26870787
vt 0.81117886 0.3094933
vt 0.82166743 0.3079639
vt 0.8185218 0.28445435
vt 0.80985445 0.28078383
vt 0.82242465 0.27618176
vt 0.8096986 0.307083
vt 0.8161399 0.28838813
vt 0.80444914 0.26745963
vt 0.79968244 0.29295093
vt 0.8135637 0.24232364
vt 0.8060478 0.21317178
vt 0.8380372 0.21509314
vt 0.80630535 0.25139093
vt 0.7998744 0.2577529
vt 0.8305859 0.17287701
vt 0.7955729 0.28278297
vt 0.79079115 0.27364564
vt 0.7946336 0.23876148
vt 0.7921847 0.25604838
vt 0.7943363 0.18472779
vt 0.79040104 0.26116985
vt 0.83022285 0.09877336
vt 0.8380372 0.112823606
vt 0.8226004 0.109042645
vt 0.819641 0.12255049
vt 0.815523 0.073452234
vt 0.83367056 0.08093554
vt 0.8093554 0.16046304
vt 0.8239999 0.14508086
vt 0.7792175 0.26006997
vt 0.78562355 0.27915174
vt 0.8088431 0.109279454
vt 0.8171027 0.09759402
vt 0.7787013 0.25137424
vt 0.78322077 0.2168029
vt 0.8101798 0.14272952
vt 0.8151948 0.13201094
vt 0.8127462 0.081706166
vt 0.767335 0.24167025
vt 0.82217234 0.06524402
vt 0.8086326 0.0958882
vt 0.7805019 0.19979864
vt 0.8026974 0.123435855
vt 0.79615885 0.113137424
vt 0.79242826 0.15814239
vt 0.78502727 0.12533128
vt 0.80198663 0.08598524
vt 0.78576684 0.18858773
vt 0.7874229 0.18231767
vt 0.77619874 0.2049123
vt 0.795334 0.14076114
vt 0.810111 0.055295527
vt 0.8006045 0.07075411
vt 0.79152143 0.09473699
vt 0.7946893 0.0857833
vt 0.79140854 0.14506644
vt 0.8027296 0.054679334
vt 0.7937546 0.07790965
vt 0.78078496 0.14137113
vt 0.7794269 0.14944243
vt 0.7722231 0.15428615
vt 0.78043693 0.15978432
vt 0.7774701 0.16517562
vt 0.77235544 0.102167666
vt 0.7925524 0.07307941
vt 0.79190063 0.06537092
vt 0.7627492 0.16588128
vt 0.7598482 0.14824438
vt 0.78005546 0.08359259
vt 0.7677808 0.13185358
vt 0.7887606 0.05493909
vt 0.78361386 0.075945735
vt 0.7762387 0.06336087
vt 0.7740828 0.07592857
vt 0.75564396 0.115110636
vt 0.7942151 0.028587043
vt 0.7978509 0.04703474
vt 0.775656 0.039348364
vt 0.76432395 0.071819246
vt 0.7574812 0.082176805
vt 0.7734612 0.0069571137
vt 0.7506853 0.09794271
vt 0.7433973 0.12690926
vt 0.76652694 0.060126603
vt 0.72901195 0.12341416
vt 0.7334279 0.109915495
vt 0.7564555 0.06945574
vt 0.744915 0.08523375
vt 0.75718534 0.051806867
vt 0.75099295 0.030588508
vt 0.74382 0.066830575
vt 0.7219371 0.119929254
vt 0.72309536 0.11073983
vt 0.7236677 0.09603667
vt 0.7510796 0.014969945
vt 0.7344674 0.045369565
vt 0.7349657 0.015283167
vt 0.73088247 0.035384595
vt 0.74210244 0.0003207326
vt 0.7241072 0.024549246
vt 0.8718511 0.35936236
vt 0.86254054 0.3615421
vt 0.84703034 0.3568719
vt 0.87553555 0.36201245
vt 0.8591067 0.35415363
vt 0.8233609 0.3513447
vt 0.84047705 0.3453132
vt 0.86373425 0.35302633
vt 0.8018589 0.33388007
vt 0.7822322 0.3504454
vt 0.87948436 0.35317624
vt 0.88550353 0.36209106
vt 0.8847234 0.34564602
vt 0.7857761 0.330415
vt 0.8725958 0.33753002
vt 0.83099127 0.32449448
vt 0.79568356 0.31604004
vt 0.8543831 0.32602787
vt 0.8098233 0.31433666
vt 0.8013788 0.3075093
vt 0.821989 0.3133756
vt 0.87642694 0.31633425
vt 0.84495825 0.30170912
vt 0.8880693 0.9162925
vt 0.8809175 0.9150096
vt 0.8778063 0.9162925
vt 0.88550353 0.32836688
vt 0.45654324 0.8857394
vt 0.45766518 0.87276584
vt 0.45218667 0.8725496
vt 0.44996792 0.86369467
vt 0.8326466 0.30681705
vt 0.939873 0.20624763
vt 0.9411534 0.2088229
vt 0.9389656 0.20800483
vt 0.9299082 0.2098456
vt 0.9365121 0.21755672
vt 0.93988174 0.2089284
vt 0.9486737 0.21041942
vt 0.8648362 0.3018787
vt 0.44996792 0.884486
vt 0.450138 0.89704937
vt 0.92052966 0.21843278
vt 0.9197387 0.23064983
vt 0.87638694 0.29597735
vt 0.87231743 0.29505342
vt 0.8694499 0.2920333
vt 0.95607513 0.21065927
vt 0.95800406 0.2036562
vt 0.95826715 0.20853573
vt 0.8699956 0.29938245
vt 0.92991513 0.23505807
vt 0.86431503 0.28144395
vt 0.9705106 0.21864522
vt 0.962475 0.2091822
vt 0.95533144 0.22760642
vt 0.84272605 0.29256845
vt 0.8515435 0.27535915
vt 0.9204958 0.24887103
vt 0.94041365 0.25334436
vt 0.96637255 0.24518132
vt 0.92937374 0.26641726
vt 0.86804396 0.2631334
vt 0.87936157 0.25881976
vt 0.9842848 0.21899843
vt 0.9816014 0.23864162
vt 0.97427607 0.23639739
vt 0.95939124 0.2611245
vt 0.98082215 0.24923134
vt 0.9326015 0.29079044
vt 0.9107451 0.28648293
vt 0.20429763 0.49415505
vt 0.19245861 0.49901932
vt 0.1927628 0.4856
vt 0.19793594 0.48594207
vt 0.9192012 0.29869294
vt 0.9785322 0.25433642
vt 0.9073124 0.29841137
vt 0.94728583 0.2771566
vt 0.9608154 0.26887798
vt 0.18055926 0.491336
vt 0.970957 0.26445234
vt 0.17376564 0.5033956
vt 0.9768353 0.2634827
vt 0.94953895 0.2825737
vt 0.9742749 0.26855946
vt 0.16223413 0.5030965
vt 0.18286219 0.4844216
vt 0.17652233 0.4837464
vt 0.17937222 0.48173988
vt 0.97867745 0.27124208
vt 0.97492725 0.26656926
vt 0.94157857 0.29545522
vt 0.9748728 0.27502143
vt 0.89769083 0.9932649
vt 0.900534 0.99262345
vt 0.9028223 0.9932649
vt 0.16131482 0.48947054
vt 0.981103 0.28615737
vt 0.9737663 0.2770902
vt 0.9732341 0.27639925
vt 0.9658312 0.28743172
vt 0.9706047 0.27762794
vt 0.97279674 0.2768129
vt 0.93456864 0.3018118
vt 0.15725234 0.51164794
vt 0.85599744 0.8028566
vt 0.8534317 0.78992945
vt 0.8534317 0.8085311
vt 0.9460295 0.30555165
vt 0.965706 0.30043173
vt 0.1442242 0.5114304
vt 0.93401045 0.3062861
vt 0.95269763 0.2993732
vt 0.14496927 0.49587482
vt 0.13685426 0.50541395
vt 0.9842848 0.30225956
vt 0.97777426 0.30404282
vt 0.14128807 0.49354005
vt 0.13849546 0.5128287
vt 0.13844186 0.5109889
vt 0.13566388 0.49489558
vt 0.14180596 0.4903714
vt 0.13658765 0.5119039
vt 0.13735159 0.5119216
vt 0.13823709 0.5120024
vt 0.13736892 0.51004237
vt 0.13886504 0.4855013
vt 0.14319961 0.4788326
vt 0.13566393 0.51095647
vt 0.13673766 0.5114797
vt 0.47883257 0.74053884
vt 0.4838962 0.74702954
vt 0.4795399 0.75721616
vt 0.49314222 0.7457398
vt 0.4994699 0.7538018
vt 0.5063945 0.750547
vt 0.5166774 0.75721616
vt 0.50612366 0.27941775
vt 0.51154584 0.29561788
vt 0.5058227 0.28651714
vt 0.5104335 0.30425322
vt 0.51097256 0.30522656
vt 0.51076376 0.30329263
vt 0.499114 0.28390473
vt 0.49911147 0.26779985
vt 0.5094027 0.304474
vt 0.50147355 0.31489176
vt 0.48460552 0.27009857
vt 0.48984256 0.30127466
vt 0.48706633 0.28400886
vt 0.48460555 0.32681203
vt 0.8899936 0.8489416
vt 0.89248824 0.84582293
vt 0.8899936 0.83867866
vt 0.88101345 0.90923667
vt 0.8844267 0.9057532
vt 0.88101345 0.9034638
vt 0.88742787 0.9074202
vt 0.8944836 0.83947974
vt 0.8799513 0.92206544
vt 0.8852381 0.9194997
vt 0.8867864 0.92206544
vt 0.8784477 0.92018974
vt 0.45253366 0.89769083
vt 0.4650337 0.89838237
vt 0.4582445 0.90474665
vt 0.47964546 0.898741
vt 0.47783226 0.9017796
vt 0.4866703 0.89769083
vt 0.48717126 0.9008025
vt 0.4856464 0.9002128
vt 0.48445705 0.90094537
vt 0.89057726 0.936177
vt 0.8880693 0.9425914
vt 0.8880693 0.93668216
vt 0.8912765 0.93796283
vt 0.88550353 0.9355356
vt 0.88550353 0.94323283
vt 0.88742787 0.9379916
vt 0.46320117 0.9043314
vt 0.9895464 0.5826896
vt 0.9854933 0.570026
vt 0.99518925 0.5676602
vt 0.98734593 0.6108079
vt 0.9918348 0.5994512
vt 0.9951471 0.6152396
vt 0.97807884 0.5605888
vt 0.9934227 0.5556444
vt 0.975241 0.5964104
vt 0.9783286 0.61811334
vt 0.96470517 0.57609457
vt 0.962166 0.60886246
vt 0.99137926 0.6150472
vt 0.99518925 0.6196222
vt 0.97490764 0.6225144
vt 0.95793694 0.56122917
vt 0.962246 0.61358213
vt 0.95463586 0.5778486
vt 0.95571464 0.58690053
vt 0.9482849 0.5959023
vt 0.94003856 0.5592425
vt 0.93874276 0.55195636
vt 0.9479641 0.55674446
vt 0.94271064 0.6025118
vt 0.9482735 0.56885695
vt 0.94381046 0.591371
vt 0.9525234 0.5843791
vt 0.028797423 0.5107962
vt 0.027558535 0.5183397
vt 0.018333832 0.5196008
vt 0.03533168 0.5198845
vt 0.023428738 0.4953946
vt 0.011216867 0.5091752
vt 0.00032071842 0.49695218
vt 0.041352954 0.51237977
vt 0.009818096 0.48403835
vt 0.03968077 0.50561696
vt 0.038548425 0.5005367
vt 0.047453508 0.47771287
vt 0.04396254 0.503649
vt 0.06764709 0.4906963
vt 0.024391845 0.4670422
vt 0.112368844 0.49160886
vt 0.09276474 0.49167746
vt 0.10031138 0.47792017
vt 0.43834174 0.5156373
vt 0.424033 0.5198845
vt 0.4219582 0.50296265
vt 0.12794338 0.48008078
vt 0.11922206 0.4723134
vt 0.38955995 0.48669875
vt 0.3772589 0.472252
vt 0.39036667 0.466021
vt 0.085856564 0.4802431
vt 0.1485746 0.46172082
vt 0.41632646 0.48362082
vt 0.41256994 0.50434667
vt 0.40097573 0.49464846
vt 0.0104495995 0.46456045
vt 0.43552956 0.49643445
vt 0.12727349 0.4537788
vt 0.35760522 0.45632625
vt 0.37730557 0.45533788
vt 0.07417476 0.470348
vt 0.39886236 0.47753584
vt 0.08823571 0.46159422
vt 0.4024034 0.4649527
vt 0.10369536 0.46269715
vt 0.17448695 0.43313074
vt 0.23110414 0.4499507
vt 0.21464185 0.40717852
vt 0.2629015 0.40912348
vt 0.15093634 0.41303837
vt 0.04375982 0.46431994
vt 0.40933442 0.44093543
vt 0.45222282 0.4826588
vt 0.32203484 0.40137637
vt 0.32922342 0.44493914
vt 0.17834303 0.39786088
vt 0.054923277 0.45858812
vt 0.3824855 0.43180883
vt 0.11592059 0.43533564
vt 0.3032194 0.43265212
vt 0.075067356 0.45553815
vt 0.0853976 0.43807703
vt 0.43656084 0.46197057
vt 0.093665436 0.41474319
vt 0.42220896 0.44648647
vt 0.11684293 0.4133286
vt 0.19313109 0.3760941
vt 0.2112279 0.39263344
vt 0.4376565 0.44884306
vt 0.22237228 0.37448382
vt 0.13173756 0.38848853
vt 0.38676494 0.4047681
vt 0.42758194 0.4317336
vt 0.17205715 0.37868404
vt 0.4544478 0.4419852
vt 0.44644484 0.43566138
vt 0.1512822 0.37161767
vt 0.40771013 0.41689354
vt 0.1279678 0.36460233
vt 0.46446818 0.43244272
vt 0.47353896 0.42480433
vt 0.4646523 0.43963885
vt 0.2727159 0.36244172
vt 0.14322615 0.35416484
vt 0.17004146 0.35799885
vt 0.19480564 0.35100806
vt 0.3705557 0.38581586
vt 0.43874428 0.42374587
vt 0.42269775 0.41371375
vt 0.14932168 0.3360293
vt 0.23660241 0.342838
vt 0.21801896 0.3487203
vt 0.41931653 0.38965762
vt 0.17909998 0.33044457
vt 0.16017507 0.32095218
vt 0.3082315 0.36312675
vt 0.33526453 0.3691848
vt 0.15623072 0.3051678
vt 0.14353496 0.31855422
vt 0.3820365 0.3672433
vt 0.19677785 0.3329308
vt 0.16792992 0.31226313
vt 0.1817106 0.31969404
vt 0.35035437 0.35648024
vt 0.21846694 0.3127879
vt 0.40797794 0.3644902
vt 0.3284117 0.34439105
vt 0.16976431 0.3012488
vt 0.30562946 0.34401524
vt 0.18831268 0.30901372
vt 0.2806853 0.3351648
vt 0.36083502 0.3406276
vt 0.38631833 0.3398636
vt 0.25875184 0.3002051
vt 0.3469784 0.33679533
vt 0.3048156 0.33162558
vt 0.46224672 0.2925458
vt 0.44394252 0.29106998
vt 0.4625863 0.2838142
vt 0.46928936 0.27986395
vt 0.4756236 0.2921927
vt 0.19976172 0.29370618
vt 0.2931452 0.3220113
vt 0.45152313 0.2773307
vt 0.31910998 0.3285591
vt 0.4775497 0.28022146
vt 0.43378726 0.3013742
vt 0.4031195 0.30657732
vt 0.41339332 0.2905562
vt 0.33203515 0.3256616
vt 0.3543111 0.3179242
vt 0.3600717 0.31060278
vt 0.37274635 0.3176478
vt 0.38676804 0.3070882
vt 0.30927896 0.32193816
vt 0.45839503 0.27509826
vt 0.46673787 0.27407593
vt 0.45131016 0.25699884
vt 0.23882544 0.2959888
vt 0.3641416 0.29693788
vt 0.4653989 0.267478
vt 0.47252432 0.2694472
vt 0.46995035 0.27014583
vt 0.33296087 0.31580245
vt 0.39403656 0.2908063
vt 0.27596375 0.30658996
vt 0.43475384 0.26644677
vt 0.47725338 0.26285315
vt 0.21923308 0.29019362
vt 0.3071041 0.30521488
vt 0.46365365 0.24776721
vt 0.28550354 0.29346263
vt 0.33670777 0.30249602
vt 0.4054449 0.27298605
vt 0.21303873 0.27531433
vt 0.37312284 0.28192496
vt 0.23338485 0.27618694
vt 0.3239406 0.27344197
vt 0.34627268 0.28752577
vt 0.44448146 0.23059654
vt 0.43457153 0.2314226
vt 0.22212692 0.2589051
vt 0.29543695 0.27349114
vt 0.27075773 0.27396756
vt 0.24307024 0.26220882
vt 0.8915149 0.824278
vt 0.89320076 0.8234179
vt 0.8912765 0.8220013
vt 0.8912765 0.8367543
vt 0.789288 0.9000702
vt 0.7880051 0.90153944
vt 0.78847057 0.899254
vt 0.7880051 0.87652344
vt 0.68076015 0.4037845
vt 0.69630504 0.42772835
vt 0.69485295 0.4176513
vt 0.43638736 0.30599797
vt 0.43584818 0.30436176
vt 0.43706888 0.3051988
vt 0.44797894 0.30907726
vt 0.46146065 0.30780065
vt 0.7065427 0.43072486
vt 0.38710713 0.7497191
vt 0.4007702 0.77774215
vt 0.4095574 0.7679605
vt 0.6693393 0.4126628
vt 0.4092511 0.32170606
vt 0.4017947 0.314476
vt 0.41860065 0.3097878
vt 0.39223862 0.32313538
vt 0.42401108 0.320369
vt 0.39962074 0.3255099
vt 0.4095574 0.73464817
vt 0.82102287 0.014822602
vt 0.8046825 0.028778553
vt 0.8048207 0.0048140883
vt 0.8308779 0.0003207326
vt 0.41694778 0.3265059
vt 0.40619522 0.33823657
vt 0.41476458 0.3342942
vt 0.38979843 0.7282406
vt 0.4445302 0.33875406
vt 0.66973823 0.43072486
vt 0.8255859 0.054965556
vt 0.40950248 0.34715575
vt 0.39569858 0.71159625
vt 0.46600384 0.32846946
vt 0.8360446 0.027461767
vt 0.41954982 0.34958088
vt 0.4089151 0.35518968
vt 0.40510568 0.3544547
vt 0.43225732 0.35304284
vt 0.40513238 0.7109193
vt 0.39973968 0.7014112
vt 0.84626454 0.0774194
vt 0.8426049 0.08720964
vt 0.8351481 0.09076333
vt 0.8339853 0.087073565
vt 0.85879207 0.066025674
vt 0.8664668 0.068805754
vt 0.8548294 0.0710364
vt 0.83779573 0.076313496
vt 0.86564 0.05432588
vt 0.8473474 0.065102994
vt 0.85225874 0.01563418
vt 0.4280903 0.35912883
vt 0.8561896 0.056271374
vt 0.8430166 0.0502885
vt 0.45668992 0.35758263
vt 0.4660038 0.3877486
vt 0.44847596 0.37882036
vt 0.45786804 0.37131405
vt 0.85217655 0.035574436
vt 0.43906936 0.36937898
vt 0.86946166 0.037268102
vt 0.8799358 0.058838964
vt 0.8829473 0.07255113
vt 0.8853441 0.04841441
vt 0.8973249 0.07742816
vt 0.8985301 0.085600615
vt 0.87283266 0.031074584
vt 0.35118666 0.9885913
vt 0.37261406 0.9879088
vt 0.36887655 0.9939064
vt 0.8981757 0.05535811
vt 0.35532275 0.97851187
vt 0.882086 0.019491255
vt 0.38261706 0.97851187
vt 0.9078462 0.08106351
vt 0.9075852 0.07316625
vt 0.9012423 0.024439275
vt 0.69546044 0.43136626
vt 0.6891114 0.43756378
vt 0.6763951 0.43306476
vt 0.91800576 0.09076333
vt 0.9194997 0.085091054
vt 0.6831736 0.46522254
vt 0.6957983 0.4699558
vt 0.6883971 0.4752698
vt 0.9133214 0.07386863
vt 0.7023567 0.4441799
vt 0.6934669 0.45159596
vt 0.7052525 0.45981723
vt 0.68856186 0.46269625
vt 0.67651635 0.4839887
vt 0.6777122 0.47193694
vt 0.7059696 0.47819602
vt 0.69529 0.4882964
vt 0.6870879 0.49116182
vt 0.67775863 0.5021046
vt 0.6785612 0.5074252
vt 0.692764 0.49796093
vt 0.6997811 0.49732733
vt 0.69244325 0.50995445
vt 0.70325637 0.5022209
vt 0.6845333 0.51973134
vt 0.6763951 0.5189489
vt 0.7156715 0.51045173
vt 0.71987367 0.49631435
vt 0.7029853 0.5238394
vt 0.73669016 0.49213123
vt 0.6969349 0.52511287
vt 0.67985725 0.5301504
vt 0.70352066 0.5264719
vt 0.90709424 0.9913405
vt 0.9077464 0.9900577
vt 0.9066709 0.99038535
vt 0.6809964 0.5348121
vt 0.6800108 0.53540194
vt 0.9118024 0.9913406
vt 0.68504465 0.5335987
vt 0.70101833 0.5285295
vt 0.6996441 0.53380674
vt 0.70940083 0.52933836
vt 0.882135 0.89833224
vt 0.8880693 0.9028223
vt 0.88037205 0.9028223
vt 0.8841068 0.938348
vt 0.8848435 0.93714345
vt 0.8843368 0.9400257
vt 0.6809599 0.53606784
vt 0.91262984 0.96440023
vt 0.9060295 0.9650417
vt 0.9130853 0.9650417
vt 0.8790892 0.93553567
vt 0.8827706 0.93617487
vt 0.8843177 0.93699056
vt 0.88486207 0.9355356
vt 0.6878608 0.5356806
vt 0.68243474 0.5372033
vt 0.6942395 0.5302741
vt 0.8812541 0.19150048
vt 0.865539 0.18032044
vt 0.8677939 0.17379361
vt 0.8875999 0.20017761
vt 0.8770086 0.20066392
vt 0.8801307 0.20451993
vt 0.8951251 0.20484233
vt 0.8626427 0.17431605
vt 0.86300623 0.17246348
vt 0.8624118 0.17158437
vt 0.8624475 0.17329603
vt 0.8726537 0.19328439
vt 0.87425685 0.19753397
vt 0.87362295 0.19726545
vt 0.87327397 0.1992287
vt 0.87503463 0.19719481
vt 0.8735621 0.19797146
vt 0.8624118 0.21071202
vt 0.13057894 0.7185415
vt 0.117703654 0.7219371
vt 0.118227065 0.7044663
vt 0.13816357 0.71210533
vt 0.14317966 0.71296024
vt 0.15134044 0.72149915
vt 0.14521761 0.69852036
vt 0.1336407 0.6858647
vt 0.117703676 0.6861181
vt 0.14402163 0.68067634
vt 0.15490699 0.6821411
vt 0.14788371 0.6687801
vt 0.13985646 0.65738434
vt 0.14283332 0.6475305
vt 0.12671968 0.6735813
vt 0.13848779 0.6585363
vt 0.74951893 0.94782454
vt 0.73798865 0.9490058
vt 0.74097586 0.94422686
vt 0.13689229 0.6479529
vt 0.13431324 0.6554636
vt 0.12946118 0.6511846
vt 0.7371853 0.9450462
vt 0.12379124 0.6508942
vt 0.7375451 0.94194996
vt 0.73116946 0.946561
vt 0.72578573 0.9490058
vt 0.85202956 0.69791317
vt 0.85586286 0.69076735
vt 0.8571328 0.7002636
vt 0.8535414 0.7145848
vt 0.8494358 0.78178537
vt 0.83932006 0.7821514
vt 0.83932006 0.76092744
vt 0.86425626 0.77187705
vt 0.8610995 0.71367466
vt 0.85722923 0.75470865
vt 0.86574733 0.7010063
vt 0.8475913 0.7341315
vt 0.8597847 0.7320877
vt 0.8660479 0.7428462
vt 0.87283844 0.72887456
vt 0.87603414 0.7557046
vt 0.88126296 0.7108254
vt 0.880098 0.7171099
vt 0.87303317 0.7481495
vt 0.88031983 0.7414044
vt 0.8974534 0.70483905
vt 0.9071674 0.6954488
vt 0.9068299 0.7064498
vt 0.90164435 0.6925889
vt 0.91622204 0.687941
vt 0.8955981 0.70552605
vt 0.89113003 0.70608383
vt 0.8881631 0.7214673
vt 0.8882628 0.71336037
vt 0.8942866 0.731206
vt 0.89848715 0.7138267
vt 0.9206441 0.6937949
vt 0.9115961 0.7200471
vt 0.9085741 0.7303611
vt 0.8797967 0.76034844
vt 0.892177 0.75402105
vt 0.9275549 0.71870923
vt 0.46800038 0.676089
vt 0.47448653 0.6555767
vt 0.48995516 0.65511286
vt 0.9026505 0.76797056
vt 0.93119955 0.6984217
vt 0.9308585 0.7104939
vt 0.92210424 0.72756684
vt 0.9339989 0.71171534
vt 0.88344663 0.778314
vt 0.9017126 0.7735004
vt 0.9095534 0.7505305
vt 0.92091495 0.7415392
vt 0.5061048 0.6423998
vt 0.5187802 0.6581614
vt 0.9164271 0.77195686
vt 0.928528 0.72384185
vt 0.92001677 0.7589993
vt 0.4918088 0.67197466
vt 0.52767175 0.6290942
vt 0.92850673 0.72902066
vt 0.4530435 0.681237
vt 0.4617785 0.70397425
vt 0.4504541 0.69795907
vt 0.9228898 0.77114314
vt 0.93206483 0.77779114
vt 0.9043193 0.78672224
vt 0.91794837 0.78371143
vt 0.9294127 0.7402346
vt 0.92600894 0.75188965
vt 0.92538476 0.7684281
vt 0.477252 0.6865294
vt 0.93810135 0.76265216
vt 0.44143093 0.7121378
vt 0.43988323 0.72332656
vt 0.43243736 0.7204527
vt 0.9298143 0.76066273
vt 0.5429409 0.6141104
vt 0.5736728 0.60578674
vt 0.55774945 0.642467
vt 0.937663 0.75037396
vt 0.4291882 0.743746
vt 0.41404748 0.7309532
vt 0.42740315 0.7335087
vt 0.4472665 0.7350622
vt 0.93555593 0.7321108
vt 0.51594776 0.68009263
vt 0.4840914 0.69573
vt 0.46654588 0.71974057
vt 0.4905131 0.7106704
vt 0.5054776 0.69564104
vt 0.48568892 0.72976303
vt 0.51215965 0.7185748
vt 0.59649146 0.6265272
vt 0.52530575 0.6990325
vt 0.5448988 0.67784154
vt 0.59986883 0.57184094
vt 0.6214663 0.5728691
vt 0.6352345 0.5948707
vt 0.5868403 0.6549308
vt 0.61690146 0.6038522
vt 0.54444766 0.70385337
vt 0.5622203 0.69664425
vt 0.57201236 0.67776483
vt 0.61654264 0.621303
vt 0.58092636 0.69501126
vt 0.6195783 0.6426633
vt 0.6389981 0.62090874
vt 0.6101312 0.660448
vt 0.59150803 0.6827527
vt 0.65447605 0.597771
vt 0.6101689 0.68285316
vt 0.60273623 0.6961666
vt 0.6552767 0.6325857
vt 0.6321002 0.6547237
vt 0.6273235 0.6773709
vt 0.67566997 0.6251999
vt 0.61381817 0.70446885
vt 0.6065945 0.72040385
vt 0.65188676 0.6613082
vt 0.6274863 0.69155204
vt 0.63948584 0.6734064
vt 0.67385787 0.6554101
vt 0.6856991 0.64821625
vt 0.62366074 0.7292179
vt 0.6618525 0.6755366
vt 0.6807451 0.67634493
vt 0.65105575 0.6841677
vt 0.64130604 0.690881
vt 0.64703524 0.7000078
vt 0.6449795 0.71590674
vt 0.66959393 0.68643785
vt 0.66357917 0.6988023
vt 0.6431647 0.7399303
vt 0.69062275 0.70559794
vt 0.6606613 0.7434492
vt 0.67274255 0.7202051
vt 0.6793031 0.743746
vt 0.692944 0.7290803
vt 0.7091084 0.71313685
vt 0.79377806 0.89003694
vt 0.78992945 0.8778063
vt 0.78992945 0.9002566
vt 0.4070006 0.9297469
vt 0.38559043 0.946714
vt 0.38059017 0.9324222
vt 0.80779994 0.8834952
vt 0.8008187 0.87724125
vt 0.81709576 0.87065893
vt 0.4252824 0.9317963
vt 0.41503593 0.9433494
vt 0.42527 0.9374521
vt 0.43258113 0.92912126
vt 0.82077473 0.89180976
vt 0.44501004 0.9329053
vt 0.4379491 0.93943566
vt 0.4353881 0.95154
vt 0.4493265 0.9497339
vt 0.83814573 0.903893
vt 0.8249688 0.911274
vt 0.8419351 0.92576885
vt 0.81852466 0.8648475
vt 0.8057765 0.87158734
vt 0.799551 0.8513536
vt 0.5061825 0.94973093
vt 0.5333547 0.9490058
vt 0.51625645 0.9680231
vt 0.38251007 0.97048104
vt 0.36529827 0.9510094
vt 0.40625784 0.9618367
vt 0.8171562 0.85289025
vt 0.8283319 0.8788323
vt 0.85407484 0.9098379
vt 0.44289082 0.95769584
vt 0.8586318 0.93423015
vt 0.8789176 0.9404391
vt 0.8692587 0.948026
vt 0.8458086 0.8828053
vt 0.88037205 0.9573445
vt 0.8727088 0.91937494
vt 0.444813 0.9669578
vt 0.437778 0.9614403
vt 0.42797405 0.96056736
vt 0.44287783 0.9678474
vt 0.8290688 0.8582996
vt 0.83916646 0.8730152
vt 0.43991157 0.9678787
vt 0.80186373 0.8372268
vt 0.81902236 0.8341755
vt 0.85875 0.89380777
vt 0.44445166 0.9762111
vt 0.43400538 0.977229
vt 0.42032838 0.96959203
vt 0.38431737 0.977229
vt 0.40181136 0.9754701
vt 0.504055 0.965738
vt 0.5115101 0.970467
vt 0.85041744 0.8618653
vt 0.88357717 0.60523987
vt 0.8639507 0.61148024
vt 0.87196225 0.603657
vt 0.48533955 0.9670809
vt 0.89172465 0.6533272
vt 0.87389535 0.6505822
vt 0.88160986 0.64337486
vt 0.8805549 0.5969358
vt 0.8605039 0.8800716
vt 0.5217781 0.98695666
vt 0.5106911 0.9807125
vt 0.8673942 0.62860084
vt 0.8585934 0.6356032
vt 0.84701735 0.6226866
vt 0.84982425 0.61787015
vt 0.8793918 0.6128017
vt 0.4858364 0.9836042
vt 0.8350239 0.8357006
vt 0.89720035 0.594038
vt 0.9202778 0.66613215
vt 0.91027534 0.640545
vt 0.936177 0.64969325
vt 0.5333547 0.9963094
vt 0.51916045 0.99967927
vt 0.90087116 0.6255198
vt 0.4685696 0.9886622
vt 0.8990816 0.6079577
vt 0.92751646 0.6385141
vt 0.49764645 0.99383813
vt 0.8415142 0.8259198
vt 0.9238694 0.6180415
vt 0.92855716 0.60436076
vt 0.85178363 0.84075433
vt 0.8572274 0.85444593
vt 0.936177 0.59661615
vt 0.88009053 0.58170825
vt 0.8978457 0.5807194
vt 0.8711737 0.8719318
vt 0.9227187 0.5739493
vt 0.8585972 0.84553957
vt 0.8709676 0.59256154
vt 0.8721577 0.5811761
vt 0.8734925 0.5743108
vt 0.8996577 0.57098246
vt 0.88354236 0.57443947
vt 0.9082706 0.55965364
vt 0.8661349 0.8563816
vt 0.8695869 0.8321503
vt 0.8712593 0.85262966
vt 0.86485785 0.8187941
vt 0.8599322 0.5721621
vt 0.8754112 0.8533027
vt 0.8752117 0.85319114
vt 0.87300116 0.8546827
vt 0.87520903 0.849658
vt 0.877441 0.85086054
vt 0.8712865 0.84045583
vt 0.87471735 0.8447453
vt 0.87419665 0.8428094
vt 0.90987515 0.9637588
vt 0.9124439 0.9637588
vt 0.9120256 0.96247596
vt 0.87905943 0.8459236
vt 0.87231916 0.82296
vt 0.9060295 0.96274054
vt 0.87560606 0.844324
vt 0.88037205 0.84102875
vt 0.8785126 0.8296158
vt 0.9392419 0.8331507
vt 0.92591405 0.8300215
vt 0.9438868 0.8136626
vt 0.9294234 0.8466266
vt 0.95536745 0.8522443
vt 0.9648737 0.83479625
vt 0.965831 0.81832564
vt 0.92591405 0.87153834
vt 0.9424759 0.876647
vt 0.9842848 0.8504472
vt 0.9688753 0.8596793
vt 0.95954776 0.866236
vt 0.92787117 0.88999516
vt 0.95142466 0.88160235
vt 0.80275816 0.9002566
vt 0.80275816 0.8835792
vt 0.8130212 0.89403254
vt 0.94047964 0.8906017
vt 0.9591456 0.8969579
vt 0.9668893 0.8808506
vt 0.70269406 0.9855677
vt 0.70782554 0.96808374
vt 0.70269406 0.96560204
vt 0.7053652 0.956703
vt 0.9723117 0.89223915
vt 0.9818098 0.8896876
vt 0.9535514 0.9041052
vt 0.93773997 0.8979698
vt 0.9306628 0.8898926
vt 0.81494546 0.8168698
vt 0.82072866 0.824017
vt 0.8213599 0.81718385
vt 0.81494546 0.83162284
vt 0.9036823 0.93707895
vt 0.9041052 0.93697107
vt 0.9028223 0.94323283
vt 0.9028223 0.9355356
vt 0.9016825 0.96760744
vt 0.90120614 0.9688903
vt 0.90089804 0.9684974
vt 0.9041052 0.9688903
vt 0.789288 0.8518977
vt 0.7764593 0.85150737
vt 0.7764593 0.86433613
vt 0.91065574 0.956703
vt 0.9060295 0.95862734
vt 0.9100486 0.9581584
vt 0.9124439 0.95862734
vt 0.9054144 0.95028865
vt 0.9066709 0.9515715
vt 0.9048973 0.9515715
vt 0.90474665 0.95092654
vt 0.9060295 0.94805163
vt 0.90538806 0.94708145
vt 0.9053882 0.9496472
vt 0.8982094 0.9808999
vt 0.89769083 0.9810776
vt 0.8987385 0.97851187
vt 0.9002566 0.9810776
vt 0.74002564 0.15199137
vt 0.7484329 0.15378201
vt 0.74951893 0.16645288
vt 0.7238215 0.14980876
vt 0.7405663 0.1649983
vt 0.7193714 0.1594693
vt 0.7292888 0.13788223
vt 0.7193714 0.12155229
vt 0.9328539 0.19482607
vt 0.92100126 0.20429766
vt 0.9201411 0.19339949
vt 0.927819 0.1883769
vt 0.9397117 0.18790972
vt 0.9259248 0.1722135
vt 0.9365932 0.17943305
vt 0.9336852 0.16837955
vt 0.94680333 0.16933703
vt 0.71767014 0.46472096
vt 0.7143544 0.47690827
vt 0.7265704 0.47570884
vt 0.9378158 0.092044055
vt 0.9334607 0.10778391
vt 0.9201411 0.08864069
vt 0.9481032 0.087556124
vt 0.9214437 0.11902851
vt 0.9224747 0.15637106
vt 0.52616954 0.16499865
vt 0.5554849 0.16966009
vt 0.5628608 0.15618986
vt 0.50574076 0.17286724
vt 0.5081518 0.16076523
vt 0.50064147 0.15618986
vt 0.93218553 0.16030318
vt 0.9268853 0.1437912
vt 0.9383071 0.14813626
vt 0.94411236 0.16369045
vt 0.7441904 0.46656466
vt 0.94429404 0.13123941
vt 0.7629891 0.47690827
vt 0.7103913 0.46869683
vt 0.97133213 0.16883755
vt 0.9572469 0.15804243
vt 0.39801154 0.90089804
vt 0.3812157 0.87524056
vt 0.3742784 0.90089804
vt 0.9518634 0.14329189
vt 0.9505213 0.11353636
vt 0.96393627 0.15309417
vt 0.94813544 0.09936935
vt 0.977229 0.16259217
vt 0.9750233 0.49700814
vt 0.9887121 0.49166316
vt 0.97727567 0.4819678
vt 0.96924204 0.48011547
vt 0.9656831 0.49284303
vt 0.67128056 0.9940747
vt 0.67821115 0.9919484
vt 0.6828095 0.997755
vt 0.9878206 0.5149888
vt 0.9945478 0.5056164
vt 0.6700569 0.9900577
vt 0.6638742 0.997755
vt 0.97775334 0.51369154
vt 0.9656831 0.5127458
vt 0.65843487 0.9934801
vt 0.9723606 0.5192431
vt 0.6675354 0.42642188
vt 0.66555375 0.43386436
vt 0.67062217 0.4422707
vt 0.657152 0.4117335
vt 0.66556495 0.41591978
vt 0.6689828 0.40862322
vt 0.67062217 0.39223862
vt 0.38605088 0.8051972
vt 0.3787545 0.8032997
vt 0.38212284 0.79927355
vt 0.37863463 0.7979736
vt 0.37684414 0.7963438
vt 0.37923503 0.7988589
vt 0.37934726 0.8147495
vt 0.38018087 0.7987034
vt 0.38106304 0.7966606
vt 0.38903144 0.81787753
vt 0.38355395 0.8303488
vt 0.37830016 0.83547145
vt 0.37684414 0.8275836
vt 0.49055773 0.77308553
vt 0.4800054 0.7738776
vt 0.483069 0.7679438
vt 0.4737011 0.7751764
vt 0.49590504 0.7674792
vt 0.50215155 0.7714504
vt 0.5107439 0.76846886
vt 0.52245027 0.77517635
vt 0.66292495 0.8822963
vt 0.635319 0.8867864
vt 0.63356316 0.8822963
vt 0.62957025 0.8867203
vt 0.88422066 0.8312311
vt 0.8865086 0.8220013
vt 0.88742787 0.82673347
vt 0.88742787 0.8361129
vt 0.35435864 0.94130856
vt 0.36914688 0.9477228
vt 0.35595444 0.9461987
vt 0.3473185 0.9477229
vt 0.33001924 0.9467603
vt 0.74951893 0.95733863
vt 0.74185973 0.9522129
vt 0.745093 0.9605516
vt 0.72706866 0.96055156
vt 0.117703654 0.8812678
vt 0.120995015 0.8602883
vt 0.12554856 0.86943424
vt 0.12833783 0.8531901
vt 0.12845097 0.84517443
vt 0.13659476 0.836808
vt 0.13650264 0.8701871
vt 0.12649558 0.8361129
vt 0.1259828 0.8869526
vt 0.11856114 0.91989595
vt 0.13439849 0.8970541
vt 0.13535534 0.9193447
vt 0.14643823 0.9240284
vt 0.15169981 0.92126095
vt 0.14901198 0.92887825
vt 0.14161886 0.92658204
vt 0.14060394 0.9210741
vt 0.15133323 0.92386454
vt 0.117703654 0.95477873
vt 0.87663865 0.8239256
vt 0.88742787 0.82071847
vt 0.8733162 0.8207184
vt 0.71792495 0.97145605
vt 0.7086676 0.97116417
vt 0.70846695 0.956703
vt 0.72706866 0.956703
vt 0.21712637 0.9727081
vt 0.22661978 0.97503483
vt 0.23434924 0.98807687
vt 0.24714078 0.9883752
vt 0.250503 0.9945478
vt 0.23690832 0.980766
vt 0.25647968 0.9925806
vt 0.21884784 0.9687431
vt 0.24795114 0.9746912
vt 0.256974 0.9793948
vt 0.26522937 0.9828008
vt 0.27098376 0.9855773
vt 0.22876287 0.9599102
vt 0.24606664 0.9762854
vt 0.7741617 0.84060293
vt 0.76042336 0.84060305
vt 0.77210504 0.84445155
vt 0.78094935 0.84302455
vt 0.25346142 0.9625866
vt 0.24860978 0.9676155
vt 0.2547367 0.9649469
vt 0.28255293 0.97914
vt 0.26651752 0.9704445
vt 0.25571755 0.96099657
vt 0.25984415 0.9599102
vt 0.25934628 0.9625329
vt 0.2800824 0.9699562
vt 0.2651567 0.9672148
vt 0.27003554 0.96237445
vt 0.26368126 0.965238
vt 0.9041052 0.956703
vt 0.9017104 0.95542014
vt 0.90153944 0.956703
vt 0.90387577 0.95634353
vt 0.2646795 0.96477956
vt 0.263947 0.96545386
vt 0.39865297 0.97851187
vt 0.4144614 0.97851187
vt 0.41620535 0.9847384
vt 0.41060343 0.9900577
vt 0.4033402 0.9826491
vt 0.43136626 0.9795756
vt 0.6648493 0.96452725
vt 0.6655907 0.9579859
vt 0.67099905 0.9660141
vt 0.66785634 0.97398305
vt 0.6648493 0.98202074
vt 0.6738294 0.97576445
vt 0.6714882 0.9855677
vt 0.36816755 0.99690527
vt 0.37921828 0.9945478
vt 0.35790068 0.99487233
vt 0.34284797 0.99967927
vt 0.38261706 0.99967927
vt 0.7020317 0.06385517
vt 0.698204 0.052778006
vt 0.7091277 0.0595634
vt 0.7057887 0.062680066
vt 0.7109565 0.04065466
vt 0.7097023 0.052879095
vt 0.7097352 0.06750524
vt 0.7098686 0.072158694
vt 0.7076374 0.06426269
vt 0.71323085 0.06315333
vt 0.715544 0.08114177
vt 0.71680564 0.03884262
vt 0.71680564 0.07326138
vt 0.9041052 0.79399216
vt 0.9008981 0.80596536
vt 0.90089804 0.79057086
vt 0.71602774 0.025336742
vt 0.7807535 0.454458
vt 0.7880374 0.46340215
vt 0.78224427 0.45830297
vt 0.7861548 0.4647702
vt 0.76398134 0.4578346
vt 0.78053635 0.4670508
vt 0.7850568 0.46593565
vt 0.7857294 0.46834624
vt 0.7912123 0.47419274
vt 0.45381656 0.8934107
vt 0.46615973 0.8909416
vt 0.4571902 0.8954666
vt 0.45805275 0.8907455
vt 0.4584067 0.8966277
vt 0.46911025 0.89704937
vt 0.7811589 0.47095823
vt 0.7752871 0.47647905
vt 0.78159046 0.4725852
vt 0.78640485 0.47690827
vt 0.47661987 0.89292544
vt 0.7610835 0.47134715
vt 0.48524696 0.89704937
vt 0.4796686 0.88742787
vt 0.7489291 0.46720636
vt 0.74823606 0.454458
vt 0.9539337 0.031710744
vt 0.9674826 0.02570045
vt 0.96719563 0.034526765
vt 0.9621018 0.019072235
vt 0.96625483 0.044133484
vt 0.9514255 0.046536922
vt 0.91329557 0.0003207326
vt 0.9251901 0.0139504075
vt 0.8951251 0.016732931
vt 0.94625264 0.01486969
vt 0.9731425 0.03974843
vt 0.93819517 0.025802672
vt 0.90580946 0.026791453
vt 0.977229 0.023195565
vt 0.9385572 0.0083191395
vt 0.963984 0.019031346
vt 0.96119046 0.005212486
vt 0.9488291 0.0591864
vt 0.91352975 0.040568948
vt 0.91888565 0.058108687
vt 0.9297434 0.04661852
vt 0.9742552 0.06504482
vt 0.91869164 0.067984104
vt 0.9088139 0.06844789
vt 0.9259668 0.07209861
vt 0.91349304 0.07147789
vt 0.9145929 0.06957471
vt 0.9144814 0.07280177
vt 0.93029094 0.070996344
vt 0.9424554 0.08126259
vt 0.9607524 0.079164326
vt 0.9727156 0.0834831
vt 0.5708282 0.29324675
vt 0.5772788 0.30051315
vt 0.58466965 0.30010402
vt 0.9391546 0.06829929
vt 0.55498797 0.29508966
vt 0.57861835 0.2870537
vt 0.95500493 0.09097952
vt 0.53672504 0.2817986
vt 0.56996083 0.27633935
vt 0.96311796 0.09055704
vt 0.57539654 0.27341783
vt 0.9502866 0.10038483
vt 0.967281 0.09852636
vt 0.5128287 0.27585685
vt 0.5321914 0.25186718
vt 0.51468265 0.25694466
vt 0.55415386 0.26658672
vt 0.977229 0.09123951
vt 0.5654278 0.26086104
vt 0.5622822 0.24713618
vt 0.5578617 0.25523496
vt 0.55071545 0.25059754
vt 0.5463465 0.25804818
vt 0.5724213 0.25224507
vt 0.5451947 0.24183762
vt 0.53536713 0.23470646
vt 0.5647621 0.22934377
vt 0.57753843 0.23487222
vt 0.5844057 0.22546506
vt 0.58466965 0.23162878
vt 0.9002566 0.7925584
vt 0.8994145 0.79667425
vt 0.8989737 0.78992945
vt 0.9001679 0.7959129
vt 0.8999246 0.8016633
vt 0.8989737 0.80724823
vt 0.6569577 0.8733297
vt 0.654877 0.8399807
vt 0.68895733 0.8775398
vt 0.705352 0.8668889
vt 0.7091084 0.84084487
vt 0.60576165 0.88935214
vt 0.5653858 0.8677401
vt 0.5930293 0.8188569
vt 0.8778063 0.8102543
vt 0.8713919 0.80919045
vt 0.8772771 0.8078897
vt 0.8768019 0.81040585
vt 0.874541 0.81076896
vt 0.6732792 0.81993353
vt 0.4898664 0.8861863
vt 0.4935411 0.8797418
vt 0.4903709 0.8878394
vt 0.8713919 0.8187941
vt 0.48919225 0.8793903
vt 0.4821764 0.88440794
vt 0.49005872 0.88935214
vt 0.48728698 0.87495387
vt 0.6933334 0.81701434
vt 0.9124439 0.80596536
vt 0.9053882 0.8168698
vt 0.90538806 0.8078643
vt 0.9117743 0.8119632
vt 0.49561456 0.8594799
vt 0.5206274 0.86340505
vt 0.47784987 0.8791683
vt 0.47904152 0.87123424
vt 0.46840677 0.8620298
vt 0.47728366 0.8550479
vt 0.64480805 0.8046975
vt 0.55350345 0.8244249
vt 0.50903344 0.84594584
vt 0.5219605 0.83608353
vt 0.48328102 0.8465136
vt 0.5102622 0.8372473
vt 0.4924476 0.8415809
vt 0.47266445 0.83247405
vt 0.4783132 0.8396135
vt 0.45604467 0.84339476
vt 0.44289115 0.8438824
vt 0.44695684 0.8339834
vt 0.6268185 0.78998435
vt 0.48257586 0.8421663
vt 0.46091405 0.8208509
vt 0.48366567 0.8394857
vt 0.48288095 0.8400343
vt 0.90726453 0.9841668
vt 0.9060295 0.9842848
vt 0.9072365 0.98300195
vt 0.9118024 0.9842848
vt 0.48426193 0.8318422
vt 0.5213255 0.82730496
vt 0.5028433 0.82461447
vt 0.43521488 0.834702
vt 0.48579967 0.8147051
vt 0.5698482 0.7892419
vt 0.52383584 0.79754823
vt 0.5099786 0.8090251
vt 0.60245144 0.7869948
vt 0.593969 0.7799068
vt 0.57292336 0.7822902
vt 0.56487066 0.7759805
vt 0.54915684 0.7782449
vt 0.6101986 0.77416486
vt 0.54137844 0.7655409
vt 0.5918693 0.7680511
vt 0.47608933 0.80204487
vt 0.553979 0.7593145
vt 0.62363523 0.7636302
vt 0.6108424 0.75853866
vt 0.5976225 0.7576595
vt 0.5298316 0.73141617
vt 0.51191 0.7474056
vt 0.49334505 0.7918799
vt 0.48034632 0.79052466
vt 0.6337536 0.7478796
vt 0.60820293 0.73792493
vt 0.54430634 0.73799145
vt 0.48471013 0.77795064
vt 0.5770997 0.74739313
vt 0.49707767 0.72899294
vt 0.4777555 0.7329321
vt 0.58810306 0.7399048
vt 0.5715685 0.7364589
vt 0.88742787 0.91885823
vt 0.88262546 0.91693395
vt 0.8784477 0.91885823
vt 0.9087543 0.95477873
vt 0.9060295 0.9560616
vt 0.9130853 0.9560616
vt 0.6997332 0.10076445
vt 0.7082694 0.09101319
vt 0.6980644 0.09591848
vt 0.69627964 0.11673242
vt 0.7110179 0.11563861
vt 0.696864 0.13181525
vt 0.7182382 0.09511024
vt 0.71873 0.0798589
vt 0.70802206 0.12694675
vt 0.71873 0.11017221
vt 0.7120069 0.1252706
vt 0.6603592 0.9627072
vt 0.6634057 0.95542014
vt 0.6642078 0.9641151
vt 0.6603592 0.98877484
vt 0.39123413 0.23893523
vt 0.3750166 0.25320315
vt 0.34331435 0.24688047
vt 0.41860622 0.24494904
vt 0.34929374 0.2735728
vt 0.33643362 0.23893523
vt 0.43948436 0.25526398
vt 0.44006863 0.2646106
vt 0.41690433 0.2633108
vt 0.4480436 0.26314092
vt 0.4888539 0.7668377
vt 0.47626683 0.7597259
vt 0.49820864 0.76087683
vt 0.49295253 0.7546504
vt 0.5025627 0.7666472
vt 0.5073754 0.75801116
vt 0.50896263 0.7668377
vt 0.5192431 0.7662932
vt 0.6976538 0.96887773
vt 0.7018628 0.9645433
vt 0.7012996 0.9703039
vt 0.6986756 0.95862734
vt 0.7018059 0.9715696
vt 0.90153944 0.9579859
vt 0.90474665 0.9579859
vt 0.9022608 0.9573445
vt 0.7020526 0.9730395
vt 0.70180774 0.9724466
vt 0.7011341 0.97280836
vt 0.7013238 0.975816
vt 0.6930725 0.9754501
vt 0.6930725 0.9652854
vt 0.69814605 0.98364335
vt 0.38197562 0.97613454
vt 0.3756089 0.9741061
vt 0.37866807 0.9756933
vt 0.37583405 0.9775513
vt 0.379616 0.9778704
vt 0.37795624 0.9763139
vt 0.37134635 0.97479755
vt 0.3716759 0.96774346
vt 0.37218344 0.976924
vt 0.37070903 0.9765814
vt 0.3688497 0.96247596
vt 0.3647774 0.9778704
vt 0.3548777 0.97555155
vt 0.35118666 0.968757
vt 0.37791523 0.9764407
vt 0.89083487 0.22201192
vt 0.8652598 0.2171672
vt 0.89934945 0.20652848
vt 0.87811136 0.24179399
vt 0.8441768 0.26550996
vt 0.8914344 0.23608172
vt 0.8604826 0.25974023
vt 0.8993332 0.22864133
vt 0.911161 0.2036562
vt 0.85175 0.27220488
vt 0.83483005 0.28730106
vt 0.8883538 0.25422287
vt 0.89700943 0.25239098
vt 0.8816812 0.26036674
vt 0.9026528 0.2451194
vt 0.8875563 0.27448273
vt 0.89641774 0.27182913
vt 0.90324825 0.26427865
vt 0.8851658 0.28407824
vt 0.8985419 0.2892878
vt 0.90383005 0.28245485
vt 0.89736116 0.30196935
vt 0.8911749 0.3024124
vt 0.906033 0.29871458
vt 0.8917457 0.31046087
vt 0.8881502 0.3062327
vt 0.90117127 0.31069446
vt 0.90911984 0.31252658
vt 0.911161 0.31975627
vt 0.89704937 0.9823605
vt 0.90153944 0.9823605
vt 0.8985841 0.9817191
vt 0.46043703 0.88797444
vt 0.46067593 0.88935214
vt 0.45894805 0.88479364
vt 0.46074456 0.883818
vt 0.45915997 0.8732526
vt 0.4653624 0.8766456
vt 0.46390817 0.86328095
vt 0.45894805 0.855356
vt 0.9092556 0.9524012
vt 0.9100621 0.9531398
vt 0.90767986 0.95413727
vt 0.9118024 0.9502887
vt 0.9089284 0.9521273
vt 0.9073124 0.95028865
vt 0.9842848 0.7241683
vt 0.978166 0.7123242
vt 0.97956514 0.69971794
vt 0.9816456 0.73220015
vt 0.9744473 0.7237302
vt 0.9689285 0.6777779
vt 0.9701532 0.6546306
vt 0.9602428 0.63421273
vt 0.9842848 0.6225144
vt 0.96831167 0.7167377
vt 0.96856236 0.69246167
vt 0.9591546 0.6702157
vt 0.9546515 0.65220153
vt 0.9496518 0.65671605
vt 0.9628402 0.7034233
vt 0.94644004 0.6302186
vt 0.9596179 0.71795297
vt 0.95459235 0.672602
vt 0.95921654 0.7113918
vt 0.8014753 0.9876978
vt 0.80789685 0.96758467
vt 0.82525754 0.98371243
vt 0.84693134 0.43230557
vt 0.8389277 0.433932
vt 0.8399953 0.4226089
vt 0.8190056 0.9630478
vt 0.81450784 0.95617634
vt 0.80277514 0.941156
vt 0.8090294 0.9559696
vt 0.8014753 0.95186913
vt 0.8300144 0.9968309
vt 0.83162284 0.42181778
vt 0.8217831 0.93705595
vt 0.8581436 0.4205039
vt 0.73947906 0.86433613
vt 0.735248 0.86210376
vt 0.74502885 0.85599744
vt 0.7302758 0.85599744
vt 0.74558383 0.85150737
vt 0.7475946 0.855356
vt 0.73132914 0.855356
vt 0.833587 0.95764065
vt 0.83404684 0.965175
vt 0.8249225 0.95552254
vt 0.8385382 0.9503565
vt 0.84460646 0.9925549
vt 0.83234805 0.4095574
vt 0.8510649 0.41004586
vt 0.8448642 0.9502076
vt 0.8419454 0.95789844
vt 0.8680504 0.4095574
vt 0.72835153 0.85252756
vt 0.8733162 0.41226315
vt 0.80422765 0.83162284
vt 0.81430405 0.82713276
vt 0.79698527 0.82713276
vt 0.8385048 0.936177
vt 0.8417128 0.9430364
vt 0.55532163 0.93105626
vt 0.54425913 0.933295
vt 0.54872555 0.92655545
vt 0.54668343 0.9483643
vt 0.85016257 0.94276667
vt 0.84739196 0.973496
vt 0.8439287 0.94886094
vt 0.8423286 0.69539654
vt 0.84632266 0.7054508
vt 0.8304972 0.7091084
vt 0.8550765 0.9620222
vt 0.5622194 0.92655545
vt 0.55787945 0.9434841
vt 0.8328687 0.69728494
vt 0.81655836 0.69384325
vt 0.85578084 0.9858007
vt 0.85108995 0.6876096
vt 0.8627703 0.9484889
vt 0.14029263 0.8006541
vt 0.15869479 0.8029673
vt 0.13630532 0.8219826
vt 0.8423431 0.6835012
vt 0.85214883 0.6606051
vt 0.8497776 0.67621416
vt 0.83697844 0.67498565
vt 0.85608155 0.99375594
vt 0.8707505 0.7934943
vt 0.86818475 0.8007739
vt 0.86818475 0.79057086
vt 0.7921654 0.6814274
vt 0.8010287 0.66965145
vt 0.7994432 0.6833599
vt 0.8011855 0.68804896
vt 0.8306335 0.68440187
vt 0.78094935 0.66237473
vt 0.8424731 0.65143013
vt 0.8701215 0.8085311
vt 0.17228621 0.8071542
vt 0.16640127 0.8087059
vt 0.80837 0.6824809
vt 0.81319666 0.6865471
vt 0.8002607 0.65036523
vt 0.17003196 0.80322087
vt 0.86305326 0.9909471
vt 0.8571061 0.99967927
vt 0.8615328 0.980465
vt 0.8227532 0.66158557
vt 0.81018394 0.67663383
vt 0.17329645 0.80971366
vt 0.18107918 0.81221175
vt 0.15065466 0.82780665
vt 0.846798 0.57922006
vt 0.8468305 0.5959576
vt 0.8388717 0.59157276
vt 0.18017833 0.8032831
vt 0.37229186 0.93919575
vt 0.33911854 0.939613
vt 0.3646455 0.93047243
vt 0.34366167 0.92814225
vt 0.32062992 0.9246603
vt 0.84562683 0.6241126
vt 0.8375437 0.6339282
vt 0.8392699 0.6092789
vt 0.8513003 0.63513803
vt 0.169953 0.8172383
vt 0.17160563 0.81335247
vt 0.83197457 0.58022934
vt 0.8281571 0.6040402
vt 0.29560333 0.9573445
vt 0.293454 0.9357451
vt 0.82140744 0.6329851
vt 0.842232 0.5700371
vt 0.8353606 0.6220879
vt 0.16250221 0.83757037
vt 0.13996702 0.8500512
vt 0.3114963 0.9166951
vt 0.17936291 0.8286875
vt 0.85214883 0.55965364
vt 0.28094932 0.90146023
vt 0.18366975 0.8257317
vt 0.1942842 0.8163382
vt 0.26919153 0.9106546
vt 0.24252866 0.9468205
vt 0.25146168 0.9573445
vt 0.2264793 0.94705474
vt 0.20160747 0.8283822
vt 0.19159162 0.84409976
vt 0.17383756 0.8511361
vt 0.21796846 0.8083341
vt 0.15360963 0.8586511
vt 0.14256085 0.8610872
vt 0.23095368 0.8265269
vt 0.24511163 0.7988024
vt 0.24653131 0.8892745
vt 0.19913362 0.84423625
vt 0.25488335 0.9444905
vt 0.1493752 0.8716027
vt 0.2522621 0.8117619
vt 0.21378005 0.84249693
vt 0.24350008 0.9067984
vt 0.201284 0.8519906
vt 0.15581694 0.89093196
vt 0.14348559 0.8861103
vt 0.15931702 0.8715883
vt 0.24343486 0.92818826
vt 0.17645101 0.86996883
vt 0.2478114 0.8754286
vt 0.26430565 0.8874801
vt 0.16452494 0.89406514
vt 0.1604273 0.9104767
vt 0.22125314 0.8717323
vt 0.22381604 0.9312059
vt 0.19261079 0.87286496
vt 0.22750148 0.8923152
vt 0.18869896 0.91701514
vt 0.25747654 0.8369773
vt 0.1758156 0.8862969
vt 0.26849478 0.87050503
vt 0.226595 0.9136213
vt 0.23461781 0.8553085
vt 0.2965003 0.89586437
vt 0.26895732 0.79377806
vt 0.2872125 0.81258136
vt 0.19405703 0.8920566
vt 0.20654945 0.91263527
vt 0.20801088 0.8948279
vt 0.27738473 0.8536829
vt 0.2150799 0.9149085
vt 0.21003303 0.92269975
vt 0.3147156 0.8176635
vt 0.29828402 0.8343561
vt 0.29829612 0.86192006
vt 0.33910012 0.8233114
vt 0.32399645 0.839106
vt 0.34480137 0.8954342
vt 0.35504302 0.9157183
vt 0.33806422 0.91146827
vt 0.35040742 0.8527818
vt 0.36429068 0.84498364
vt 0.31549937 0.86438143
vt 0.38389993 0.8586508
vt 0.36863783 0.87231255
vt 0.36403 0.8926642
vt 0.30940068 0.90832025
vt 0.3325984 0.8654128
vt 0.3545012 0.8718442
vt 0.9147245 0.9156993
vt 0.89255935 0.8723744
vt 0.911378 0.88062257
vt 0.9261831 0.91579366
vt 0.93810135 0.93104553
vt 0.89872485 0.84958434
vt 0.9243518 0.89983475
vt 0.9359905 0.9169186
vt 0.9223134 0.88447785
vt 0.9252507 0.8652681
vt 0.91196275 0.8562148
vt 0.9069826 0.83993894
vt 0.9227659 0.85907024
vt 0.9162502 0.8475352
vt 0.9176442 0.8250541
vt 0.9092393 0.82129276
vt 0.9180391 0.8111558
vt 0.9301538 0.80638844
vt 0.927437 0.8034466
vt 0.91783786 0.79934967
vt 0.9275057 0.7994462
vt 0.9202796 0.7923183
vt 0.93312097 0.7992619
vt 0.9142682 0.7878894
vt 0.919873 0.7849151
vt 0.9269151 0.79080117
vt 0.9317862 0.79628134
vt 0.9309158 0.7947521
vt 0.87817484 0.81174904
vt 0.8822963 0.820077
vt 0.8822963 0.80724823
vt 0.8778063 0.81823075
vt 0.93390274 0.78993714
vt 0.93524283 0.79494244
vt 0.93810135 0.78701806
vt 0.93426794 0.78159076
vt 0.4418973 0.8951251
vt 0.44874644 0.8806375
vt 0.4403464 0.8835809
vt 0.4403464 0.86497754
vt 0.45060936 0.8722094
vt 0.6885198 0.6304085
vt 0.6922255 0.62957025
vt 0.69339806 0.6319708
vt 0.6936646 0.6364758
vt 0.6881775 0.63893956
vt 0.6980458 0.6375653
vt 0.69316643 0.64405715
vt 0.6920288 0.6641493
vt 0.6866581 0.6457739
vt 0.7080025 0.6391828
vt 0.6984444 0.6419436
vt 0.8797306 0.88101345
vt 0.890635 0.88101345
vt 0.88538766 0.8790892
vt 0.70077646 0.65032804
vt 0.71488136 0.6418518
vt 0.7093042 0.64795655
vt 0.7049193 0.6576265
vt 0.70019233 0.66891015
vt 0.7123247 0.6664877
vt 0.6958063 0.6857937
vt 0.68891674 0.698204
vt 0.69626176 0.6924912
vt 0.71488136 0.68162346
vt 0.70533705 0.691601
vt 0.8951251 0.83867866
vt 0.8956856 0.8414798
vt 0.8951251 0.845093
vt 0.9041052 0.8406226
vt 0.9066709 0.9496472
vt 0.9130853 0.9496472
vt 0.9081977 0.9477229
vt 0.16231884 0.15379673
vt 0.15094142 0.17565358
vt 0.14067398 0.17572248
vt 0.1672834 0.14066744
vt 0.174055 0.13117385
vt 0.13012488 0.18910235
vt 0.10551636 0.19098759
vt 0.110472254 0.18463534
vt 0.12408229 0.19422674
vt 0.19018602 0.14455295
vt 0.18127592 0.15614969
vt 0.17083995 0.16781485
vt 0.151078 0.190867
vt 0.17441683 0.17451417
vt 0.12851892 0.20757455
vt 0.12154568 0.21181315
vt 0.16277997 0.18629634
vt 0.14733277 0.20033962
vt 0.14441085 0.21947235
vt 0.13489199 0.22212756
vt 0.14817503 0.20716298
vt 0.15570295 0.21904552
vt 0.14701433 0.2377007
vt 0.16199175 0.23468316
vt 0.17072158 0.23767078
vt 0.16581723 0.24675292
vt 0.1575924 0.2534938
vt 0.1823922 0.2573651
vt 0.17411557 0.2635312
vt 0.186302 0.26904988
vt 0.18940178 0.26540315
vt 0.19018602 0.2681265
vt 0.1681036 0.26799375
vt 0.18154345 0.27758104
vt 0.18815322 0.2778443
vt 0.18524382 0.2851187
vt 0.9817289 0.15030015
vt 0.97081465 0.15618986
vt 0.973383 0.13439792
vt 0.9882031 0.1458081
vt 0.98859674 0.1397456
vt 0.9708147 0.108082116
vt 0.9913406 0.13206995
vt 0.8778063 0.9143682
vt 0.8821063 0.91341424
vt 0.8828953 0.9138987
vt 0.8851791 0.9124439
vt 0.88742787 0.9143682
vt 0.90538806 0.9445222
vt 0.90603715 0.9455973
vt 0.9066709 0.9445157
vt 0.90538806 0.94644004
vt 0.9118024 0.9823605
vt 0.9060295 0.9823605
vt 0.906102 0.98177516
vt 0.9075843 0.9810776
vt 0.4545349 0.5044901
vt 0.44676074 0.4888525
vt 0.4673858 0.49209243
vt 0.46729535 0.50294876
vt 0.48824438 0.4992323
vt 0.48361763 0.4878127
vt 0.4936497 0.49073362
vt 0.5067477 0.49715745
vt 0.5015866 0.5044901
vt 0.51441544 0.50165015
vt 0.51581055 0.49077916
vt 0.5208656 0.49211836
vt 0.52245027 0.4993446
vt 0.72065425 0.018946469
vt 0.71716505 0.021434724
vt 0.719145 0.011179328
vt 0.706666 0.014308214
vt 0.70641214 0.0054522157
vt 0.70870024 0.025366843
vt 0.70661455 0.03527707
vt 0.7097634 0.032625556
vt 0.70553994 0.042876363
vt 0.70029026 0.047006488
vt 0.69756085 0.022743583
vt 0.69611436 0.042388618
vt 0.69435537 0.0077252984
vt 0.69435537 0.052918553
vt 0.78597945 0.8647076
vt 0.78678757 0.86773396
vt 0.78351516 0.8679272
vt 0.78722054 0.85599744
vt 0.7835151 0.86334366
vt 0.7869478 0.87588197
vt 0.7884182 0.8713968
vt 0.789288 0.8643067
vt 0.87652344 0.7912123
vt 0.8797306 0.80065477
vt 0.87652344 0.8049498
vt 0.8792375 0.8078897
vt 0.74608994 0.47997844
vt 0.75601566 0.48084962
vt 0.748063 0.4852469
vt 0.75765675 0.47754967
vt 0.7629891 0.48524696
vt 0.72889906 0.48415267
vt 0.72424436 0.4812547
vt 0.70782554 0.4836576
vt 0.88960767 0.82780993
vt 0.8889575 0.8220013
vt 0.890635 0.8289623
vt 0.8881397 0.8279613
vt 0.8880693 0.8283166
vt 0.8880693 0.8361129
vt 0.8992505 0.98300195
vt 0.90089804 0.9849262
vt 0.89908504 0.98463213
vt 0.89769083 0.9849262
vt 0.90987813 0.8042963
vt 0.91111153 0.7994936
vt 0.911903 0.8006039
vt 0.91325444 0.799964
vt 0.9143682 0.80596536
vt 0.9143682 0.7924952
vt 0.85043174 0.18461215
vt 0.85958767 0.19221902
vt 0.8518596 0.21071202
vt 0.836906 0.19574785
vt 0.8617704 0.16837716
vt 0.83226424 0.16837716
vt 0.88850117 0.80260074
vt 0.8915921 0.79506093
vt 0.8944836 0.8059653
vt 0.88614494 0.80596536
vt 0.3689399 0.88638324
vt 0.37115562 0.87524056
vt 0.37363696 0.8962889
vt 0.3712427 0.9060311
vt 0.36337397 0.89979815
vt 0.3736369 0.90650684
vt 0.3648818 0.91372675
vt 0.64239895 0.013184488
vt 0.65103847 0.008935213
vt 0.6505853 0.022545815
vt 0.65808547 0.01791042
vt 0.65459335 0.024695277
vt 0.6603794 0.022094429
vt 0.66359097 0.016453505
vt 0.665754 0.023471594
vt 0.660674 0.013376594
vt 0.6647298 0.0133731365
vt 0.66398335 0.0054522157
vt 0.6782935 0.012903929
vt 0.6766739 0.021558225
vt 0.69627964 0.024695337
vt 0.7770606 0.83740157
vt 0.7764593 0.83226424
vt 0.7825274 0.8353429
vt 0.7847724 0.83944756
vt 0.78675157 0.83591676
vt 0.789288 0.8325931
vt 0.789288 0.8416535
vt 0.78125066 0.84445155
vt 0.8841198 0.7931366
vt 0.88115835 0.803341
vt 0.88037205 0.79790866
vt 0.8867864 0.8012577
vt 0.8833285 0.80596536
vt 0.88037205 0.80537105
vt 0.12117837 0.0116629
vt 0.13854763 0.0003207326
vt 0.12999378 0.03104657
vt 0.15631966 0.025100708
vt 0.17151661 0.04361272
vt 0.14882398 0.05241108
vt 0.1438269 0.018532336
vt 0.12040064 0.038977742
vt 0.10834895 0.03956324
vt 0.092949934 0.031069577
vt 0.09012097 0.05508828
vt 0.11225845 0.06388676
vt 0.07433649 0.040239513
vt 0.07623769 0.021658719
vt 0.061136503 0.028712451
vt 0.1288128 0.06667292
vt 0.10163852 0.070655584
vt 0.16652793 0.07556224
vt 0.115344875 0.0809716
vt 0.065698326 0.04798323
vt 0.072923906 0.06901455
vt 0.14050396 0.09077054
vt 0.109063044 0.084707975
vt 0.05476481 0.05795288
vt 0.091450155 0.08899075
vt 0.055456284 0.08381045
vt 0.072338864 0.09446508
vt 0.108995676 0.096301675
vt 0.039505202 0.073545635
vt 0.12385848 0.109197974
vt 0.036239117 0.10302031
vt 0.10789823 0.11730766
vt 0.08717664 0.1169979
vt 0.060139455 0.111836016
vt 0.020647902 0.08289993
vt 0.0057062353 0.102336526
vt 0.0047318395 0.082930624
vt 0.07287879 0.1180526
vt 0.07014128 0.120266676
vt 0.04695501 0.119294226
vt 0.08336982 0.13121837
vt 0.063170105 0.12865305
vt 0.098795004 0.13663411
vt 0.08036302 0.13582283
vt 0.055199157 0.13199973
vt 0.015745232 0.14251447
vt 0.0139088705 0.13634527
vt 0.023714708 0.1395734
vt 0.047435228 0.13939857
vt 0.040659327 0.15476161
vt 0.045416318 0.12659025
vt 0.013580025 0.14861917
vt 0.023260923 0.15512097
vt 0.08427516 0.14901859
vt 0.008026725 0.15734941
vt 0.09071455 0.14525372
vt 0.090031 0.144036
vt 0.09660584 0.14759791
vt 0.09117765 0.14637303
vt 0.066834316 0.17487669
vt 0.023298101 0.17676443
vt 0.0072777052 0.17376745
vt 0.08927694 0.14647585
vt 0.086322494 0.14108229
vt 0.0540655 0.14536804
vt 0.00032071842 0.18955362
vt 0.024843821 0.2091204
vt 0.09591678 0.15201771
vt 0.06363309 0.15528846
vt 0.04504485 0.21155101
vt 0.061710298 0.1418395
vt 0.062162697 0.19431818
vt 0.05385753 0.13949716
vt 0.058734577 0.13271904
vt 0.08614952 0.16965693
vt 0.072453216 0.18415248
vt 0.07372184 0.20638579
vt 0.022755427 0.22703862
vt 0.078065015 0.1928556
vt 0.032986555 0.23407334
vt 0.07023964 0.22553527
vt 0.060013086 0.22631675
vt 0.045088567 0.2336011
vt 0.09164203 0.2017771
vt 0.097764 0.18908966
vt 0.041890115 0.23816913
vt 0.044441056 0.23733711
vt 0.04177382 0.24096024
vt 0.045291785 0.23862821
vt 0.049174745 0.24278378
vt 0.2823933 0.032215536
vt 0.26612774 0.008120239
vt 0.30043715 0.018041015
vt 0.24669142 0.0030539036
vt 0.26620618 0.021196783
vt 0.32158652 0.04462099
vt 0.3616669 0.012445927
vt 0.34955904 0.034848034
vt 0.24209687 0.013109863
vt 0.29431978 0.04329449
vt 0.24417453 0.0360083
vt 0.22475515 0.023128867
vt 0.2613169 0.033747017
vt 0.38392234 0.06274986
vt 0.36299384 0.052999973
vt 0.22565995 0.04015547
vt 0.19143853 0.008020043
vt 0.17151661 0.04361272
vt 0.17004815 0.022220075
vt 0.20193888 0.023141503
vt 0.15631966 0.025100708
vt 0.32243654 0.08477306
vt 0.20942737 0.04919815
vt 0.2915085 0.062228084
vt 0.26299438 0.057792723
vt 0.35261935 0.075837195
vt 0.37214375 0.074771166
vt 0.18868127 0.08098692
vt 0.22658066 0.066897035
vt 0.2445763 0.061686754
vt 0.26125264 0.085543334
vt 0.22452308 0.09249449
vt 0.40009066 0.084610224
vt 0.392064 0.10011399
vt 0.37851632 0.10406071
vt 0.20958844 0.083819866
vt 0.36219344 0.09863943
vt 0.16652793 0.07556224
vt 0.421665 0.14539737
vt 0.34839183 0.113232255
vt 0.4024327 0.12285471
vt 0.38539454 0.13185513
vt 0.28752384 0.113821685
vt 0.32881272 0.10753888
vt 0.30532587 0.113254964
vt 0.40718535 0.14950955
vt 0.3678843 0.12282759
vt 0.23832421 0.10996401
vt 0.19772846 0.11499292
vt 0.48501167 0.19507289
vt 0.47779858 0.18323839
vt 0.4955352 0.18737239
vt 0.5082428 0.19099396
vt 0.509434 0.19953042
vt 0.44939932 0.18291748
vt 0.45007563 0.16206306
vt 0.26033303 0.118634224
vt 0.52175575 0.19375455
vt 0.4659837 0.19550323
vt 0.39102554 0.15488929
vt 0.35589373 0.13345182
vt 0.37285438 0.14549273
vt 0.3381419 0.1316517
vt 0.5347926 0.19985491
vt 0.3262999 0.16023529
vt 0.21152794 0.1346811
vt 0.53542364 0.21125388
vt 0.4889894 0.21578538
vt 0.45449919 0.20393479
vt 0.41687813 0.17727447
vt 0.46962908 0.2077502
vt 0.35475695 0.15240282
vt 0.27439332 0.13274896
vt 0.50283587 0.21298623
vt 0.44093055 0.19333702
vt 0.37902474 0.16862017
vt 0.5239377 0.21532035
vt 0.40730965 0.18475926
vt 0.24034953 0.14827615
vt 0.51525766 0.22366905
vt 0.4297242 0.19796753
vt 0.2940424 0.15872216
vt 0.42666718 0.20503724
vt 0.4701663 0.22452366
vt 0.5041225 0.23114073
vt 0.5293891 0.22695714
vt 0.45411584 0.2220903
vt 0.35796854 0.17158306
vt 0.26698142 0.1538446
vt 0.53976905 0.22649896
vt 0.48029253 0.24278384
vt 0.5178186 0.23092544
vt 0.5096517 0.23449236
vt 0.21508802 0.14683366
vt 0.44006053 0.22608536
vt 0.37519538 0.1896388
vt 0.19545238 0.1711086
vt 0.45664686 0.23653877
vt 0.3657928 0.20471281
vt 0.2937036 0.19821519
vt 0.22482257 0.17438322
vt 0.42283446 0.22238457
vt 0.25196677 0.18068928
vt 0.3989991 0.21427184
vt 0.45413917 0.14276779
vt 0.43726805 0.13676143
vt 0.4456587 0.12516773
vt 0.41682318 0.1268748
vt 0.43085593 0.11396134
vt 0.46548745 0.13879865
vt 0.45863205 0.15303504
vt 0.42618093 0.10357463
vt 0.4165413 0.1035794
vt 0.42147234 0.09924507
vt 0.4109232 0.09106046
vt 0.44211358 0.108762264
vt 0.43735707 0.09641659
vt 0.42302108 0.091653526
vt 0.41543514 0.08470458
vt 0.46343333 0.12775421
vt 0.4612946 0.12015617
vt 0.42992157 0.087456346
vt 0.47551462 0.13115323
vt 0.4523465 0.110022366
vt 0.42308357 0.08285546
vt 0.4063824 0.07711089
vt 0.46934375 0.11234158
vt 0.41018355 0.06920898
vt 0.4764413 0.12869245
vt 0.39700472 0.06705034
vt 0.46571958 0.086781144
vt 0.45453393 0.09345132
vt 0.48988444 0.12473309
vt 0.48200175 0.109291375
vt 0.50226873 0.14960551
vt 0.49008068 0.1383937
vt 0.5166767 0.14291799
vt 0.40036204 0.054799974
vt 0.39095575 0.045281053
vt 0.5155693 0.1587556
vt 0.45603544 0.0684942
vt 0.5063087 0.11823952
vt 0.46803108 0.057519197
vt 0.50911117 0.075582325
vt 0.5272156 0.10661292
vt 0.53436583 0.15733737
vt 0.5507733 0.13728333
vt 0.4896104 0.065965235
vt 0.4800371 0.043578863
vt 0.54305065 0.10093576
vt 0.51056457 0.037535787
vt 0.5607866 0.115816414
vt 0.575742 0.12086773
vt 0.4891431 0.028031647
vt 0.5524863 0.075571656
vt 0.5649969 0.092125535
vt 0.5405142 0.05535406
vt 0.49579448 0.019580603
vt 0.51652163 0.025525868
vt 0.59990287 0.12645626
vt 0.5990284 0.10626197
vt 0.53318524 0.026804686
vt 0.5579854 0.050505698
vt 0.5797782 0.08472282
vt 0.549141 0.041897118
vt 0.542259 0.043858647
vt 0.57102126 0.0611853
vt 0.5374113 0.020154715
vt 0.6100049 0.117786884
vt 0.5326333 0.0033641458
vt 0.52258617 0.008466303
vt 0.6000045 0.09007728
vt 0.5859719 0.07649374
vt 0.5443665 0.020154178
vt 0.626812 0.102784455
vt 0.5431241 0.0068178177
vt 0.5765281 0.049111485
vt 0.5623075 0.029114127
vt 0.604991 0.06462169
vt 0.5627661 0.007682085
vt 0.591238 0.03184569
vt 0.63614136 0.1587556
vt 0.648667 0.13431114
vt 0.65888214 0.14916581
vt 0.6642605 0.13084507
vt 0.6850372 0.13863176
vt 0.6854521 0.15074337
vt 0.6715977 0.14017892
vt 0.6558119 0.10457945
vt 0.626812 0.102784455
vt 0.6610561 0.11682856
vt 0.6932812 0.13769722
vt 0.6905492 0.15034842
vt 0.6694461 0.11924338
vt 0.68995285 0.12101877
vt 0.67761505 0.11524606
vt 0.604991 0.06462169
vt 0.6192342 0.0626809
vt 0.66678756 0.1084007
vt 0.6553173 0.07682645
vt 0.591238 0.03184569
vt 0.6230309 0.040861607
vt 0.602012 0.010506213
vt 0.6831375 0.10179037
vt 0.6592096 0.029993117
vt 0.6169913 0.018799543
vt 0.6323189 0.02223438
vt 0.68745714 0.06466031
vt 0.7021471 0.09008449
vt 0.7091084 0.08099407
vt 0.61333776 0.0003207326
vt 0.62567747 0.003956318
vt 0.67744 0.04566592
vt 0.68953395 0.048733175
vt 0.70229656 0.06983566
vt 0.67493457 0.027490854
vt 0.6789137 0.036357343
vt 0.21150836 0.5113592
vt 0.1894897 0.51920336
vt 0.20274554 0.497442
vt 0.15835214 0.54339296
vt 0.15934455 0.51255184
vt 0.22372635 0.5151437
vt 0.2171895 0.5435839
vt 0.13500875 0.5289613
vt 0.11236407 0.55390984
vt 0.10791176 0.5350231
vt 0.18575259 0.55871385
vt 0.08321039 0.5526865
vt 0.10659116 0.5905847
vt 0.049747307 0.5486683
vt 0.030806558 0.5702525
vt 0.01803024 0.54361844
vt 0.15551865 0.59798706
vt 0.061035376 0.58194387
vt 0.21467355 0.5764251
vt 0.19322965 0.5823784
vt 0.017065054 0.5616921
vt 0.011827409 0.56148595
vt 0.005465441 0.56295586
vt 0.010542098 0.5840189
vt 0.000993818 0.58501714
vt 0.021894163 0.6014677
vt 0.060300797 0.60684717
vt 0.007323086 0.60878855
vt 0.18049224 0.6280914
vt 0.21092762 0.6240476
vt 0.037716813 0.61334884
vt 0.2299925 0.6195531
vt 0.016995732 0.6138825
vt 0.021356082 0.62564373
vt 0.05035878 0.62350535
vt 0.06973167 0.6237128
vt 0.09368434 0.6278603
vt 0.014147303 0.6209519
vt 0.008566449 0.6193053
vt 0.11357843 0.6269134
vt 0.00032071842 0.61630106
vt 0.19840164 0.64239895
vt 0.006029119 0.6227194
vt 0.14218463 0.6418364
vt 0.3778336 0.4839641
vt 0.39181086 0.5018298
vt 0.35973534 0.49668074
vt 0.25138435 0.5165753
vt 0.2907413 0.50839645
vt 0.2766897 0.55517286
vt 0.32525033 0.54328734
vt 0.22372635 0.5151437
vt 0.2171895 0.5435839
vt 0.39859298 0.5201797
vt 0.3795719 0.5673709
vt 0.4123806 0.5190381
vt 0.43949354 0.52425814
vt 0.24619573 0.58271366
vt 0.21467355 0.5764251
vt 0.47772783 0.51464087
vt 0.5037685 0.5094573
vt 0.48405164 0.5220961
vt 0.5011673 0.5290069
vt 0.42101556 0.54872024
vt 0.5149467 0.51609224
vt 0.45688024 0.5310218
vt 0.48201334 0.5426684
vt 0.5205362 0.5424235
vt 0.45950514 0.5517818
vt 0.48277858 0.5659179
vt 0.4467966 0.56736857
vt 0.31362307 0.6154342
vt 0.42676643 0.575401
vt 0.2852062 0.6006777
vt 0.2299925 0.6195531
vt 0.26141542 0.62982595
vt 0.5211674 0.5755274
vt 0.4416599 0.58181304
vt 0.46133527 0.5773361
vt 0.50011224 0.5785515
vt 0.48498386 0.5783967
vt 0.3547184 0.6351229
vt 0.41428933 0.6090668
vt 0.4707111 0.6036943
vt 0.47645894 0.5811799
vt 0.45885956 0.59286505
vt 0.50849134 0.60030705
vt 0.49283093 0.60053724
vt 0.48958343 0.6182994
vt 0.49887258 0.61483645
vt 0.5115026 0.6140548
vt 0.5087905 0.638895
vt 0.39920384 0.64239895
vt 0.47366798 0.63046867
vt 0.8339128 0.5199873
vt 0.83932006 0.52260643
vt 0.8330645 0.52466977
vt 0.8154749 0.50852674
vt 0.81644166 0.50130564
vt 0.82483965 0.50909066
vt 0.80574304 0.497077
vt 0.81576437 0.5208507
vt 0.8160064 0.52542657
vt 0.80147624 0.50725436
vt 0.78829813 0.5007727
vt 0.7918427 0.5160611
vt 0.80212873 0.52296597
vt 0.78430074 0.5020026
vt 0.80212176 0.53073406
vt 0.8244415 0.5393896
vt 0.8088883 0.5524446
vt 0.82027507 0.5635309
vt 0.782737 0.52646923
vt 0.7677938 0.5099217
vt 0.7661881 0.48588836
vt 0.78395045 0.5456244
vt 0.7410563 0.49371696
vt 0.80947226 0.57050365
vt 0.74058545 0.5100844
vt 0.76042324 0.5251372
vt 0.7903463 0.56288385
vt 0.74459326 0.53412205
vt 0.7544376 0.53293884
vt 0.762344 0.54203475
vt 0.7796905 0.55764323
vt 0.76294976 0.56452185
vt 0.744098 0.5507837
vt 0.73333085 0.5444489
vt 0.79380745 0.57219934
vt 0.79034805 0.5851978
vt 0.7746212 0.5732085
vt 0.77588886 0.5616297
vt 0.7673926 0.5976413
vt 0.7472806 0.5740534
vt 0.72914696 0.55678266
vt 0.7948467 0.6036641
vt 0.77975214 0.6209611
vt 0.74048173 0.59026587
vt 0.73307234 0.5772492
vt 0.7601903 0.6216835
vt 0.7498966 0.6093367
vt 0.73320055 0.607787
vt 0.74129426 0.6204181
vt 0.77256984 0.6454137
vt 0.75012934 0.63529235
vt 0.7373339 0.6319702
vt 0.7624098 0.64719176
vt 0.73447835 0.6440726
vt 0.74754465 0.65848166
vt 0.77299356 0.6766911
vt 0.72344816 0.6621302
vt 0.7173904 0.6414848
vt 0.75049436 0.67882633
vt 0.7912777 0.7074027
vt 0.7955486 0.6941809
vt 0.80453175 0.7067786
vt 0.7357033 0.684651
vt 0.8291667 0.743746
vt 0.8252599 0.7311787
vt 0.83932006 0.74023396
vt 0.7652266 0.69835293
vt 0.7976919 0.72024024
vt 0.80581903 0.7315808
vt 0.8115027 0.7243029
vt 0.6613411 0.57819295
vt 0.6748037 0.5992733
vt 0.65907633 0.59803814
vt 0.6727922 0.56031966
vt 0.67996454 0.5814841
vt 0.69571 0.56282645
vt 0.6746341 0.538828
vt 0.6966626 0.5372823
vt 0.70586914 0.55120295
vt 0.6725151 0.6180668
vt 0.69539285 0.6121218
vt 0.700215 0.591135
vt 0.71576524 0.5694326
vt 0.72914696 0.55678266
vt 0.73333085 0.5444489
vt 0.7258263 0.5492658
vt 0.73307234 0.5772492
vt 0.70904905 0.5997446
vt 0.7201746 0.5952195
vt 0.7071006 0.6094991
vt 0.74048173 0.59026587
vt 0.7102138 0.61095476
vt 0.7118796 0.6066309
vt 0.70586723 0.6134248
vt 0.73320055 0.607787
vn -0.83460516 -0.53108734 0.14622045
vn -0.98770815 0.050326746 0.14798601
vn -0.99763584 -0.065955624 -0.019302381
vn -0.92014915 0.39152735 -0.0056470307
vn -0.8919358 0.030557929 0.45112827
vn -0.8860447 0.38355118 0.26040977
vn -0.98946583 0.044984743 -0.13760002
vn -0.96416426 -0.25785717 -0.062425878
vn -0.9175968 -0.39568684 0.03805316
vn -0.9350561 0.3019805 -0.18568215
vn -0.7599825 0.6373246 0.12745194
vn -0.99178976 -0.0065404284 -0.12771171
vn -0.9673667 -0.25273645 0.01805341
vn -0.9957589 0.06351741 -0.06655687
vn -0.9940849 -0.018271575 0.10705799
vn -0.96172136 -0.21471699 0.17026033
vn -0.9910732 0.05249223 0.12254986
vn -0.90733796 -0.4177899 -0.04679071
vn -0.979227 -0.20266479 -0.006435506
vn -0.99232316 -0.03059924 -0.119826764
vn -0.9982578 -0.015715146 -0.056871407
vn -0.99363846 0.043753263 0.10377027
vn -0.9923215 -0.07475763 0.09853605
vn -0.95028657 0.1503993 -0.2726453
vn -0.94813555 0.16646172 -0.2707942
vn -0.9519878 -0.30032465 -0.0593665
vn -0.9844952 -0.06520024 -0.16284384
vn -0.77425236 -0.042146333 -0.6314721
vn -0.93828666 -0.1944294 -0.28603387
vn -0.9355971 0.18140629 -0.30290228
vn -0.9795036 0.08805727 0.18115936
vn -0.8289717 -0.48604223 -0.27671087
vn -0.9815891 0.104310475 0.16000675
vn -0.7068539 -0.67568374 -0.2093061
vn -0.7328392 0.39833543 -0.5516117
vn -0.708913 0.49174204 -0.50560075
vn -0.68310916 0.39546457 -0.6139785
vn -0.7636423 0.63930905 -0.09019077
vn -0.6708928 0.6451136 -0.36569297
vn -0.8137661 0.31620467 -0.4876467
vn -0.77425236 -0.042146333 -0.6314721
vn -0.94813555 0.16646172 -0.2707942
vn -0.89183575 -0.3103662 0.32909244
vn -0.80964893 0.3077297 -0.49977094
vn -0.78879213 -0.09191582 -0.6077487
vn -0.9355971 0.18140629 -0.30290228
vn -0.94316137 0.0019655835 0.3323293
vn -0.795974 0.17939872 -0.5781362
vn -0.9295051 0.2672533 0.25415736
vn -0.9305152 -0.31660575 0.18412563
vn -0.8824456 0.11497821 0.4561467
vn -0.7071262 0.6390805 -0.30257002
vn -0.7277151 -0.39681348 -0.55943704
vn -0.9555769 0.053566616 0.28983346
vn -0.77214944 0.60137445 -0.2052658
vn -0.7096053 0.46772406 -0.52696735
vn -0.5539201 0.5803106 -0.5970026
vn -0.9652653 0.08164751 0.2481868
vn -0.39625204 -0.11970973 -0.9103043
vn -0.73453915 0.4284399 -0.52620476
vn -0.58619606 -0.088612296 -0.80530864
vn -0.9449301 0.048798334 0.32361373
vn -0.94921225 0.24519765 -0.19716536
vn -0.14120232 -0.66010976 -0.7377784
vn -0.68052244 0.55778784 -0.4751441
vn -0.9787167 -0.19621584 0.060108427
vn -0.9939453 0.09511603 -0.05500609
vn -0.98314387 0.13572912 -0.12249806
vn -0.8901106 0.22419445 -0.396787
vn -0.81483227 0.552105 -0.17671558
vn -0.68578345 0.27123466 -0.67537606
vn -0.688631 0.46027544 -0.56029797
vn -0.97971904 0.018937964 -0.19947907
vn -0.9669692 -0.209898 -0.14461455
vn -0.94945276 -0.29756275 0.09997915
vn -0.92600894 0.36233312 -0.105934754
vn -0.91118455 0.39964283 -0.10014186
vn -0.9533274 0.19286531 -0.23231414
vn -0.95429075 0.09140744 -0.28455898
vn -0.9239774 0.18594675 -0.33419994
vn -0.9253977 0.2694626 -0.26651278
vn -0.85854125 0.17316924 -0.48261717
vn -0.7696025 0.6288009 -0.111001775
vn -0.7459151 -0.011153183 -0.6659476
vn -0.9542663 -0.050072465 -0.29473472
vn -0.7304076 -0.22855869 -0.64363474
vn -0.7890178 0.35140496 -0.5039498
vn -0.94335634 -0.27673998 -0.18301326
vn -0.97995096 0.13315547 -0.14820838
vn -0.63057995 -0.115168475 -0.7675318
vn -0.77618206 0.6239358 -0.09080494
vn -0.9204688 -0.091523886 -0.37994805
vn -0.8804052 0.2232932 -0.41836217
vn 0.10878375 0.21550082 0.9704254
vn -0.9180426 0.07784643 -0.38876435
vn -0.84901685 0.5020476 -0.16467716
vn -0.8786401 0.3455822 -0.3294913
vn -0.84853935 0.4705284 -0.24204133
vn -0.7982158 -0.16379464 -0.5796748
vn -0.9498318 -0.09273911 0.2986955
vn -0.23513274 0.68226975 -0.6922576
vn -0.9358573 0.35187957 -0.018758131
vn -0.9105173 0.24383794 0.33391818
vn -0.95919937 0.022402307 0.28184164
vn -0.83850104 0.41292447 -0.35554102
vn -0.996986 0.07593409 0.015904497
vn 0.99490327 -0.09570388 0.031753797
vn 0.64607835 -0.7346907 -0.2069113
vn -0.9925231 -0.08922357 -0.08328904
vn -0.62670726 0.12845403 -0.7685945
vn -0.95769876 -0.045025278 -0.28422838
vn 0.8451415 -0.4232523 -0.32648635
vn -0.9508821 0.29266825 0.10083931
vn -0.99662596 0.035470705 -0.07401745
vn 0.98364544 -0.17646152 -0.03609633
vn -0.83546174 0.43195736 0.33973005
vn 0.9691307 -0.19301191 -0.15340187
vn -0.98769724 0.06616058 -0.14169323
vn -0.694182 0.5169603 0.50086266
vn -0.8747547 0.42928046 0.22477207
vn -0.94809675 0.2832244 0.14455634
vn -0.910646 0.08203978 0.40496078
vn -0.9786691 0.16528535 0.12201467
vn -0.99596804 0.06691004 0.059755694
vn -0.96299267 -0.26952597 0.00093172805
vn -0.98349077 0.17389776 0.05005444
vn -0.83424664 0.3708956 0.4080061
vn -0.7115596 0.67419684 -0.19784231
vn -0.92913175 0.3098776 -0.20171769
vn -0.11880351 -0.40905127 -0.9047446
vn -0.9666937 0.10496012 0.23342387
vn -0.99596804 0.06691004 0.059755694
vn 0.91232026 -0.27353662 -0.30471215
vn -0.98349077 0.17389776 0.05005444
vn -0.9190108 0.21856259 -0.3280998
vn 0.99294573 -0.11503344 0.028742632
vn -0.846087 0.533036 0.003076705
vn -0.9637906 0.26659027 0.0061052414
vn -0.9661869 0.23731081 -0.10082899
vn -0.9832054 0.17173262 -0.061766334
vn 0.5065611 0.66966736 -0.54308516
vn -0.9654924 0.24756157 0.0808559
vn 0.8388305 -0.50954276 -0.19164962
vn -0.9051505 -0.07307549 -0.41876313
vn -0.95723593 -0.17496401 -0.23040614
vn -0.9018711 0.2919397 -0.31843325
vn 0.9573711 -0.26458448 -0.11591183
vn -0.87202233 0.12186284 -0.47405326
vn -0.999238 0.0199287 0.03355984
vn -0.87202233 0.12186284 -0.47405326
vn -0.98965883 0.09828755 0.1044746
vn -0.9818989 -0.1554727 0.10817933
vn -0.8762447 -0.35184 0.3292474
vn -0.90233535 -0.02322603 -0.43040848
vn -0.8252155 0.5183214 -0.22441553
vn -0.9832054 0.17173262 -0.061766334
vn 0.90071887 0.42939672 0.065757014
vn -0.2749531 0.9609843 0.030166604
vn 0.19760846 -0.012089706 -0.9802065
vn 0.26644507 0.9448649 -0.19036084
vn -0.6651966 0.7444323 0.057741717
vn -0.78068507 0.61992234 0.07891194
vn 0.9238056 0.19768941 -0.32787523
vn 0.9710311 -0.11650813 0.20862508
vn -0.729928 0.6592686 0.18047161
vn -0.9312111 0.303671 -0.20156817
vn 0.5563069 -0.7802216 -0.28596663
vn 0.9343692 -0.35583842 -0.01825495
vn -0.91810435 0.16292566 -0.36130264
vn 0.6287352 -0.4911648 -0.6028675
vn -0.73314506 0.6748656 0.0839928
vn -0.7783989 0.6254227 -0.054236654
vn 0.9606387 -0.19892251 -0.19391514
vn -0.9429974 0.2718274 0.19200467
vn -0.939259 0.24269375 0.2426774
vn 0.99323446 -0.06550619 -0.09588674
vn -0.84206814 0.5007622 0.20039587
vn 0.5654421 0.045999553 -0.82350427
vn -0.79867077 0.580756 0.15763077
vn -0.8983643 0.30072045 0.32016984
vn 0.22707826 -0.13311467 -0.9647362
vn -0.8216336 0.56497556 -0.07563673
vn -0.31575924 0.19947875 -0.9276337
vn -0.80535275 0.5825059 -0.10997212
vn 0.6286719 -0.7743742 0.07152831
vn 0.8923163 -0.091358885 -0.44206926
vn 0.7251532 0.055521753 -0.6863455
vn 0.3240052 0.90396965 0.27903312
vn -0.5591419 0.8133049 0.16092074
vn -0.6819919 0.7313538 0.0029490306
vn -0.9243777 0.277738 -0.26151013
vn 0.0892163 0.99457 0.05358056
vn -0.8762447 -0.35184 0.3292474
vn -0.62008625 0.58992594 -0.5171851
vn -0.6550167 -0.2867314 -0.69909817
vn -0.8218082 -0.5689252 -0.030908192
vn 0.18660825 0.14556783 0.9715901
vn -0.4203288 0.7181836 -0.5545593
vn -0.24352193 -0.9519245 0.1858408
vn 0.030613495 0.9816902 0.18800823
vn 0.28827304 0.71876025 0.63267875
vn -0.62008625 0.58992594 -0.5171851
vn -0.24352193 -0.9519245 0.1858408
vn -0.55068266 0.61696607 -0.562229
vn -0.6114321 -0.38099468 -0.69353724
vn -0.55068266 0.61696607 -0.562229
vn -0.4203288 0.7181836 -0.5545593
vn 0.45667666 0.619004 0.6389683
vn -0.24352193 -0.9519245 0.1858408
vn -0.59481317 -0.5343875 -0.60052246
vn -0.83802736 0.30766323 -0.45061457
vn -0.8153435 -0.06361384 -0.57547224
vn -0.85142666 0.3601111 0.38130382
vn -0.83802736 0.30766323 -0.45061457
vn -0.069228746 0.86334527 0.49984226
vn -0.43402642 -0.82651544 -0.35845968
vn -0.8101273 0.30536073 -0.50044835
vn -0.73415846 -0.54042155 -0.41104245
vn -0.85142666 0.3601111 0.38130382
vn -0.9171043 -0.039830822 -0.39665252
vn -0.955678 -0.24547073 0.16255362
vn -0.4666927 -0.46488184 -0.7523847
vn -0.8542981 0.21830173 0.47171926
vn -0.6124332 -0.15840188 -0.77448976
vn -0.03547579 0.616031 -0.7869227
vn 0.38996744 0.8969956 -0.20814492
vn -0.06694181 -0.2832609 -0.9567037
vn -0.6368664 0.2322485 -0.73516107
vn 0.5608588 -0.22705166 -0.7961689
vn -0.39109555 -0.7042713 -0.5924915
vn 0.17976175 0.60224175 -0.7778114
vn -0.98770815 0.050326746 0.14798601
vn -0.83460516 -0.53108734 0.14622045
vn -0.8831733 -0.41990644 0.20900615
vn -0.96416426 -0.25785717 -0.062425878
vn -0.788477 -0.60882205 0.08740564
vn -0.9175968 -0.39568684 0.03805316
vn -0.96172136 -0.21471699 0.17026033
vn -0.9940849 -0.018271575 0.10705799
vn -0.73093754 -0.67452383 0.10367197
vn -0.8334404 -0.22753732 0.50359094
vn -0.8919358 0.030557929 0.45112827
vn -0.68942374 -0.71938294 -0.084753186
vn -0.82403654 -0.35561436 0.44102407
vn -0.9673667 -0.25273645 0.01805341
vn -0.90733796 -0.4177899 -0.04679071
vn -0.50431705 -0.82779706 0.24579729
vn -0.9923215 -0.07475763 0.09853605
vn -0.9129792 -0.36347422 0.18535246
vn -0.8069148 -0.58862144 0.04912545
vn -0.979227 -0.20266479 -0.006435506
vn -0.9815891 0.104310475 0.16000675
vn -0.79703903 -0.60171473 0.051654194
vn -0.9519878 -0.30032465 -0.0593665
vn -0.4607426 -0.73324925 0.5000618
vn -0.9305152 -0.31660575 0.18412563
vn -0.61200565 -0.7533538 0.24063912
vn -0.7814056 -0.60241675 0.16278623
vn -0.7068539 -0.67568374 -0.2093061
vn -0.7807505 -0.582973 0.2248802
vn -0.7149865 -0.4233816 0.55636525
vn -0.39820105 -0.86737996 0.29847592
vn -0.51753235 -0.84552586 0.13132527
vn -0.7069342 -0.7010917 0.09335122
vn -0.21194696 -0.89033663 0.402963
vn -0.9555769 0.053566616 0.28983346
vn -0.7523291 -0.6333997 0.18112347
vn -0.7884416 -0.06730967 0.6114158
vn -0.57226145 -0.7415473 0.35017776
vn -0.77822495 -0.2791208 0.5625456
vn -0.8824456 0.11497821 0.4561467
vn -0.94316137 0.0019655835 0.3323293
vn -0.89183575 -0.3103662 0.32909244
vn -0.84285706 -0.2683814 0.4664369
vn -0.9652653 0.08164751 0.2481868
vn -0.7682112 -0.57702893 0.277289
vn -0.77258563 -0.6348232 0.010532706
vn -0.8172372 -0.5057195 0.27635336
vn -0.9449301 0.048798334 0.32361373
vn -0.7229564 -0.69089115 -0.0018417727
vn -0.3371466 -0.8919741 0.30118835
vn -0.6936614 -0.6071187 0.387609
vn -0.80475146 -0.4725443 0.35927284
vn -0.6655762 -0.48767686 0.5649598
vn -0.712149 -0.68680936 0.14538442
vn -0.8948722 -0.40594923 0.18549664
vn -0.7391181 -0.6720328 0.045567427
vn -0.7044701 -0.5975332 0.382983
vn -0.9014246 -0.28731903 0.3238541
vn -0.61690503 -0.67877775 0.39835778
vn -0.49759495 -0.5278071 0.6883451
vn -0.5412001 -0.5654942 0.6223494
vn -0.64586747 -0.72672254 0.23394346
vn -0.7013946 -0.7127223 -0.008519902
vn -0.49386096 -0.8458294 0.20167772
vn -0.80710346 -0.29727203 0.51011115
vn -0.37346542 -0.89216363 0.25410166
vn -0.7768447 -0.34234312 0.5285012
vn -0.8124619 -0.09317314 0.57552093
vn -0.6497536 -0.7360891 0.1897187
vn -0.3227359 -0.55647385 0.76562285
vn 0.06237368 -0.99207014 -0.10911646
vn -0.6622495 -0.5448916 0.5143138
vn -0.71116495 -0.59943616 0.3673155
vn 0.38862664 -0.8895434 -0.24017045
vn -0.26754487 -0.8228083 0.5014042
vn -0.4351148 -0.5433376 0.717955
vn -0.43769196 -0.8731398 0.21459882
vn -0.61895126 -0.43000504 0.6572633
vn -0.6282168 -0.19299862 0.7537209
vn 0.026864065 -0.54603773 0.83732975
vn -0.40081412 -0.6632857 0.63198113
vn -0.31417304 -0.6482494 0.6935907
vn -0.40090406 -0.77320695 0.4913522
vn 0.03534726 -0.82290274 -0.5670817
vn 0.25126553 -0.46956626 0.84638834
vn -0.40801388 -0.44762787 0.7957097
vn -0.4554871 -0.54028076 -0.7075509
vn 0.026605552 -0.7624188 0.6465367
vn 0.41110313 -0.5922275 0.69300854
vn -0.6550167 -0.2867314 -0.69909817
vn -0.1277791 -0.66869724 0.73247284
vn -0.8218082 -0.5689252 -0.030908192
vn 0.18660825 0.14556783 0.9715901
vn -0.027905812 -0.98991174 0.13891
vn -0.6114321 -0.38099468 -0.69353724
vn 0.085108355 0.3460446 0.9343499
vn 0.60610014 -0.23992518 0.75833935
vn -0.59481317 -0.5343875 -0.60052246
vn 0.43543196 -0.69282997 0.5747918
vn -0.043167345 -0.99804574 -0.045179885
vn -0.43402642 -0.82651544 -0.35845968
vn -0.21454978 -0.16890828 0.9619971
vn 0.43543196 -0.69282997 0.5747918
vn -0.043167345 -0.99804574 -0.045179885
vn -0.4320455 -0.2873032 0.85486466
vn -0.9366838 -0.00665634 0.35011312
vn -0.5783576 -0.774573 0.25600612
vn -0.9947143 0.09118068 -0.047217187
vn -0.10261746 -0.99176437 0.076636255
vn 0.63222444 -0.7745951 0.017168641
vn -0.90370625 -0.42594182 -0.04345748
vn 0.13890749 -0.9902256 0.012565862
vn -0.96988046 -0.17242584 0.17204994
vn -0.20978518 -0.97738284 -0.02670042
vn 0.18774295 -0.9509647 0.24580215
vn 0.7692961 -0.6386182 0.018717578
vn 0.16470057 -0.98546064 -0.04172521
vn -0.73415846 -0.54042155 -0.41104245
vn 0.8987533 0.06376795 0.4337928
vn 0.98358387 -0.03931606 -0.17611662
vn -0.39109555 -0.7042713 -0.5924915
vn 0.9182532 -0.36438337 0.15503517
vn 0.4001859 -0.4815693 -0.77970654
vn 0.6170127 -0.7333415 0.28549185
vn 0.0788592 -0.60986567 0.78857154
vn 0.92948574 0.36824676 -0.02122609
vn 0.25136507 -0.53492904 -0.806639
vn 0.6243757 -0.7142542 -0.3162213
vn 0.18660825 0.14556783 0.9715901
vn 0.030613495 0.9816902 0.18800823
vn -0.62008625 0.58992594 -0.5171851
vn 0.28827304 0.71876025 0.63267875
vn 0.18660825 0.14556783 0.9715901
vn -0.1277791 -0.66869724 0.73247284
vn 0.030613495 0.9816902 0.18800823
vn 0.28827304 0.71876025 0.63267875
vn -0.1277791 -0.66869724 0.73247284
vn 0.085108355 0.3460446 0.9343499
vn -0.4203288 0.7181836 -0.5545593
vn -0.62008625 0.58992594 -0.5171851
vn -0.55068266 0.61696607 -0.562229
vn 0.45667666 0.619004 0.6389683
vn 0.45667666 0.619004 0.6389683
vn -0.55068266 0.61696607 -0.562229
vn -0.24352193 -0.9519245 0.1858408
vn 0.39746407 0.5791092 0.7117969
vn 0.60610014 -0.23992518 0.75833935
vn 0.43543196 -0.69282997 0.5747918
vn 0.48612136 0.32570964 0.81092495
vn -0.069228746 0.86334527 0.49984226
vn -0.83802736 0.30766323 -0.45061457
vn 0.48612136 0.32570964 0.81092495
vn -0.4764449 0.5120542 0.71470326
vn -0.069228746 0.86334527 0.49984226
vn -0.85142666 0.3601111 0.38130382
vn -0.21454978 -0.16890828 0.9619971
vn -0.7884416 -0.06730967 0.6114158
vn -0.8860447 0.38355118 0.26040977
vn -0.8919358 0.030557929 0.45112827
vn -0.8334404 -0.22753732 0.50359094
vn -0.7879225 0.5627845 0.24990347
vn -0.81677943 0.31876466 0.48089546
vn -0.77026606 -0.11420108 0.627414
vn -0.7599825 0.6373246 0.12745194
vn -0.75446564 0.58764386 0.29232907
vn -0.5931094 -0.05958857 0.8029137
vn -0.80516064 -0.05003119 0.5909427
vn -0.84285706 -0.2683814 0.4664369
vn -0.8329768 0.0322431 0.5523676
vn -0.6879728 0.46967968 0.55325806
vn -0.8112867 0.018838951 0.5843449
vn -0.76227844 0.42441687 0.4886736
vn -0.78318256 0.17053324 0.5979494
vn -0.78622913 0.025759542 0.61739796
vn -0.8124619 -0.09317314 0.57552093
vn -0.764261 0.642809 0.05197772
vn -0.88980806 0.3958014 0.22711866
vn -0.6282168 -0.19299862 0.7537209
vn -0.7768447 -0.34234312 0.5285012
vn -0.5868171 0.042582132 0.80859905
vn -0.7544925 0.01867094 0.65604305
vn -0.8219247 0.3050404 0.48103037
vn -0.6867388 0.18888488 0.7019347
vn -0.9186017 0.3866279 -0.0817911
vn -0.81941843 0.25041905 0.5156003
vn -0.9064524 0.27076223 0.3240861
vn -0.9451241 0.32620484 0.018189186
vn -0.7391597 0.27531856 0.61468905
vn -0.7382427 0.18340096 0.6491239
vn -0.8779598 0.30069652 -0.3725161
vn -0.9053869 0.26706824 0.33007434
vn -0.6195337 0.23789626 0.748053
vn -0.8088769 0.24412234 0.53490424
vn -0.6723905 0.21195781 0.7092002
vn -0.97916657 0.1915535 0.06738058
vn -0.98934484 0.0676041 0.12894376
vn -0.9529361 0.18593298 -0.23946126
vn -0.858712 0.111217976 0.50024414
vn -0.33791122 -0.040772468 0.94029444
vn -0.9967996 -0.06297687 0.04923962
vn -0.7440312 -0.6671605 0.03625458
vn -0.57439595 0.19191626 0.7957622
vn -0.7440312 -0.6671605 0.03625458
vn -0.9967996 -0.06297687 0.04923962
vn -0.9776734 -0.17061815 0.12265466
vn -0.9962586 0.07098466 -0.049293954
vn -0.98954606 0.13419428 -0.052825328
vn -0.9466361 0.08215419 0.3116581
vn -0.8309772 0.38938156 -0.3973146
vn -0.95206773 -0.14684899 0.26833272
vn -0.7799049 0.5965367 -0.18945274
vn -0.9416836 0.32422864 0.09004316
vn -0.86465627 -0.2581304 0.4309736
vn -0.8596905 -0.40791842 0.30746508
vn -0.85200703 0.5179404 0.07630068
vn -0.93412465 0.19697472 0.29767781
vn -0.4353995 0.20095178 0.87752247
vn -0.93412465 0.19697472 0.29767781
vn -0.8596905 -0.40791842 0.30746508
vn -0.9285969 -0.25966024 0.26511186
vn -0.9013054 -0.23772311 0.3621275
vn -0.9285969 -0.25966024 0.26511186
vn -0.46959272 0.30600744 0.8281559
vn -0.9409171 0.054533225 0.33421728
vn -0.725901 0.34226066 0.5965948
vn -0.62658954 -0.3509122 0.695878
vn -0.79695135 -0.12309392 0.59136826
vn -0.90825355 -0.12330925 0.39983782
vn -0.97754294 0.05511133 0.20340234
vn -0.9013054 -0.23772311 0.3621275
vn -0.9416836 0.32422864 0.09004316
vn -0.93983626 -0.0048846244 0.34159023
vn -0.7399944 0.6096829 0.2840687
vn -0.77008307 -0.21693057 0.59992766
vn -0.9260764 -0.080898024 0.368562
vn -0.77008307 -0.21693057 0.59992766
vn -0.93995184 -0.33316302 0.0741145
vn -0.9082855 -0.030747607 0.41721946
vn -0.6416237 0.36816016 0.67288715
vn -0.6148384 -0.22942151 0.75454587
vn -0.91262597 -0.2071783 0.3524075
vn 0.52158046 -0.690636 -0.5009748
vn -0.89361906 0.023802172 0.44819465
vn -0.9593042 -0.023160905 0.2814231
vn -0.47040275 0.8294912 0.30110723
vn -0.9664778 -0.19336379 0.16891162
vn -0.86418617 0.031805884 0.5021659
vn -0.61355793 -0.73282963 0.29412138
vn -0.8855978 -0.19454989 0.42174265
vn -0.7354941 -0.18705082 0.6511993
vn -0.99923426 -0.03854816 -0.006699373
vn -0.8123615 0.06636252 0.5793659
vn -0.29743886 -0.90640503 0.2999333
vn -0.8480665 0.068774834 0.5254077
vn -0.47930667 -0.8669191 0.13680795
vn -0.4714778 0.6205676 0.6265816
vn -0.77550286 0.30112335 0.5549055
vn -0.7677883 0.17982905 0.61494935
vn -0.73691666 0.60972244 0.29187748
vn -0.6654371 0.28747597 0.6888766
vn -0.7613216 0.2543668 0.596395
vn -0.8754912 0.36382926 0.31803057
vn -0.92696357 0.25377995 0.2762866
vn -0.6160056 -0.7876634 0.011111687
vn 0.3589411 0.3208467 0.8764809
vn -0.785371 0.1615757 0.5975665
vn -0.22162016 0.30938107 0.92475283
vn 0.66495043 0.39996356 0.63076943
vn -0.59642804 0.08603088 0.7980428
vn 0.39963534 -0.74942267 0.52787995
vn 0.76068115 0.15371647 0.6306627
vn -0.77425236 -0.042146333 -0.6314721
vn -0.59787375 -0.45631558 -0.6590319
vn -0.93828666 -0.1944294 -0.28603387
vn -0.8289717 -0.48604223 -0.27671087
vn -0.58619606 -0.088612296 -0.80530864
vn -0.48472276 -0.39830893 -0.7787129
vn -0.795974 0.17939872 -0.5781362
vn -0.7107918 -0.59701866 -0.37194583
vn -0.6604886 -0.7356824 -0.15008701
vn -0.57389057 -0.6786868 -0.45829454
vn -0.5785922 -0.649584 -0.49322584
vn -0.3570196 -0.24828668 -0.9004947
vn -0.45899424 -0.08296368 -0.8845571
vn -0.68578345 0.27123466 -0.67537606
vn -0.4501476 -0.6958082 -0.5596589
vn -0.94335634 -0.27673998 -0.18301326
vn -0.85854125 0.17316924 -0.48261717
vn -0.7459151 -0.011153183 -0.6659476
vn -0.7304076 -0.22855869 -0.64363474
vn -0.8599559 -0.30397004 -0.40997323
vn -0.9669692 -0.209898 -0.14461455
vn -0.7890178 0.35140496 -0.5039498
vn -0.63057995 -0.115168475 -0.7675318
vn -0.6974056 -0.1111053 -0.70801204
vn -0.6426121 -0.23589632 -0.7289737
vn -0.36462167 -0.69439036 -0.6203814
vn -0.7982158 -0.16379464 -0.5796748
vn -0.3354851 -0.44667768 -0.8294147
vn -0.71800625 -0.23557043 -0.65496075
vn -0.35736692 -0.46529382 -0.80980897
vn -0.6881406 0.0074934554 -0.7255387
vn -0.77237165 -0.085101694 -0.629444
vn -0.6191152 -0.34597692 -0.7049797
vn -0.703412 0.17794031 -0.6881488
vn -0.89288 -0.087684944 -0.44167483
vn -0.63066643 -0.53713006 -0.560135
vn -0.08647661 -0.41360936 -0.9063383
vn -0.7256951 -0.28190345 -0.62761223
vn -0.580935 -0.40885985 -0.70380974
vn -0.7879667 -0.13682708 -0.60032225
vn -0.4017987 -0.4085225 -0.819553
vn -0.4389474 -0.81873196 -0.37013936
vn -0.59763694 -0.44208688 -0.66887164
vn -0.8469204 -0.19384119 -0.49512774
vn 0.0056024413 -0.44763 -0.89420134
vn -0.4237003 -0.14624509 -0.8939186
vn -0.9429366 0.2673373 0.19849764
vn -0.5474897 -0.44514152 -0.708593
vn -0.688664 -0.45187873 -0.5670516
vn -0.68814147 -0.35583434 -0.6323316
vn -0.26173156 -0.26799718 -0.92718613
vn -0.3372036 -0.53094685 -0.7774247
vn -0.74714655 -0.20749144 -0.6314423
vn 0.041091643 -0.11055893 -0.99301976
vn -0.35736692 -0.46529382 -0.80980897
vn 0.20192885 -0.2162791 -0.9552215
vn 0.041091643 -0.11055893 -0.99301976
vn -0.6712805 -0.276188 -0.6878246
vn -0.16906944 0.22606985 -0.9593268
vn -0.74952567 -0.14425224 -0.64606696
vn 0.96386325 0.18413186 -0.19251767
vn -0.9454236 0.10920771 -0.30699813
vn -0.74952567 -0.14425224 -0.64606696
vn -0.16906944 0.22606985 -0.9593268
vn -0.6290391 -0.20774655 -0.74910027
vn 0.13718757 -0.45485067 -0.87993777
vn 0.846597 0.3386241 0.4106181
vn -0.9329941 -0.20765227 -0.29394308
vn -0.9454236 0.10920771 -0.30699813
vn -0.5842288 -0.36575755 -0.7244985
vn -0.8492637 -0.34872538 -0.39641112
vn -0.009767412 -0.16247201 -0.98666483
vn -0.45843652 -0.48652843 -0.7437244
vn 0.93465966 -0.28508896 0.21245132
vn -0.5218027 0.059066124 -0.85101885
vn 0.13718757 -0.45485067 -0.87993777
vn -0.66834736 -0.060502008 -0.74138474
vn -0.5218027 0.059066124 -0.85101885
vn -0.72958845 -0.13225877 -0.6709757
vn -0.5846494 -0.27636626 -0.7627626
vn -0.3955489 -0.66718256 -0.6311961
vn 0.13985154 -0.2737947 -0.9515661
vn 0.05226866 -0.62186104 -0.78138137
vn -0.52285683 -0.45402277 -0.7214458
vn -0.77221495 -0.07058828 -0.631428
vn -0.72355217 -0.1425612 -0.6753877
vn -0.42237595 0.11481341 -0.8991198
vn -0.2888329 -0.32523695 -0.90044236
vn -0.2888329 -0.32523695 -0.90044236
vn -0.45843652 -0.48652843 -0.7437244
vn -0.08808881 -0.4498931 -0.8887275
vn -0.6721704 -0.2088691 -0.71032435
vn -0.77105665 -0.024430567 -0.63629776
vn -0.24867336 -0.3517711 -0.90245146
vn -0.84853363 -0.009363859 -0.5290586
vn 0.21709979 -0.93975925 0.26404577
vn -0.5846494 -0.27636626 -0.7627626
vn -0.6721704 -0.2088691 -0.71032435
vn -0.9090992 0.0058933753 -0.41653797
vn -0.8934973 -0.13146394 -0.42939478
vn 0.21709979 -0.93975925 0.26404577
vn -0.83368164 -0.124924175 -0.5379302
vn -0.8599629 -0.079590715 -0.50411224
vn -0.22680946 -0.4490435 -0.8642438
vn -0.96151817 -0.09311621 -0.25848058
vn -0.38331765 -0.44939137 -0.80691695
vn -0.22680946 -0.4490435 -0.8642438
vn -0.72355217 -0.1425612 -0.6753877
vn 0.9401936 0.28589103 -0.1852089
vn -0.700767 -0.38627538 -0.5997641
vn 0.9759403 0.110986084 0.18767683
vn -0.8934973 -0.13146394 -0.42939478
vn 0.84662473 0.016808826 0.5319248
vn -0.38331765 -0.44939137 -0.80691695
vn -0.6963896 -0.21340944 -0.68519914
vn 0.6612541 -0.73775584 -0.13586515
vn -0.8599629 -0.079590715 -0.50411224
vn 0.6612541 -0.73775584 -0.13586515
vn 0.9304427 0.034954496 0.36476645
vn 0.6612541 -0.73775584 -0.13586515
vn -0.700767 -0.38627538 -0.5997641
vn 0.9304427 0.034954496 0.36476645
vn -0.9196725 -0.17174348 -0.3531384
vn -0.7031766 -0.103718124 -0.7034097
vn 0.98913336 0.029193135 0.14409357
vn -0.7031766 -0.103718124 -0.7034097
vn 0.9213283 0.1844508 0.34224564
vn -0.9196725 -0.17174348 -0.3531384
vn -0.8653521 -0.09343406 -0.4923777
vn 0.84662473 0.016808826 0.5319248
vn -0.20164235 -0.6434783 -0.7384281
vn 0.6190685 -0.3310221 0.7121647
vn 0.9651764 0.26060998 0.022736734
vn -0.83368164 -0.124924175 -0.5379302
vn -0.7031766 -0.103718124 -0.7034097
vn 0.9651764 0.26060998 0.022736734
vn -0.83383965 -0.26732677 -0.48295742
vn -0.81349057 -0.39806738 -0.4239993
vn 0.58491445 -0.7777759 0.23008654
vn 0.91303843 -0.06912716 0.40197298
vn -0.81349057 -0.39806738 -0.4239993
vn -0.83383965 -0.26732677 -0.48295742
vn 0.91303843 -0.06912716 0.40197298
vn -0.83383965 -0.26732677 -0.48295742
vn -0.8653521 -0.09343406 -0.4923777
vn 0.8715361 0.15160201 0.46630642
vn -0.1610623 0.066518836 -0.9847
vn 0.8501245 0.05333752 0.52387357
vn -0.5025334 -0.13896589 -0.8533163
vn -0.7895462 -0.20273738 -0.57923603
vn -0.60488737 -0.15913229 -0.78024876
vn -0.7298666 0.012252721 -0.6834798
vn -0.37341827 -0.27472448 -0.88605034
vn -0.49269134 -0.34391734 -0.7993598
vn -0.60488737 -0.15913229 -0.78024876
vn -0.49269134 -0.34391734 -0.7993598
vn 0.039641112 -0.54184335 -0.8395441
vn 0.55533355 -0.3687969 -0.7453815
vn -0.7068539 -0.67568374 -0.2093061
vn -0.8289717 -0.48604223 -0.27671087
vn -0.57389057 -0.6786868 -0.45829454
vn -0.5785922 -0.649584 -0.49322584
vn -0.59787375 -0.45631558 -0.6590319
vn -0.6604886 -0.7356824 -0.15008701
vn -0.7069342 -0.7010917 0.09335122
vn -0.7229564 -0.69089115 -0.0018417727
vn -0.7107918 -0.59701866 -0.37194583
vn -0.5444988 -0.8104076 -0.21624205
vn -0.49486998 -0.835707 -0.23811236
vn -0.4501476 -0.6958082 -0.5596589
vn -0.5336523 -0.83042 -0.16005565
vn -0.32712194 -0.86842287 -0.37260288
vn -0.7013946 -0.7127223 -0.008519902
vn -0.49386096 -0.8458294 0.20167772
vn -0.7391181 -0.6720328 0.045567427
vn -0.5821447 -0.8075257 0.094919845
vn -0.39531386 -0.8508871 -0.34600294
vn -0.33798632 -0.8816191 0.3294132
vn -0.36462167 -0.69439036 -0.6203814
vn -0.45499322 -0.8872478 -0.07597739
vn -0.37346542 -0.89216363 0.25410166
vn -0.35805133 -0.88550895 0.2960964
vn -0.2805917 -0.943085 -0.17849086
vn -0.2657057 -0.96277523 0.049641553
vn 0.7724573 -0.6350314 -0.006691064
vn -0.27344975 -0.95111626 0.14353792
vn -0.3044065 -0.9292885 0.20918782
vn -0.19778377 -0.97565335 -0.0947739
vn -0.6110598 -0.75604 0.23454109
vn -0.35078114 -0.8403143 -0.41330907
vn -0.63066643 -0.53713006 -0.560135
vn -0.23341084 -0.95203185 0.19787554
vn 0.38862664 -0.8895434 -0.24017045
vn -0.13478749 -0.8626579 -0.48749733
vn -0.47320634 -0.8114568 0.3429484
vn -0.82877934 -0.45634142 0.32384768
vn 0.6270654 -0.69688386 0.34805447
vn -0.0110048605 -0.8940541 0.4478238
vn -0.5048552 -0.6043472 -0.6163486
vn -0.34561595 -0.93723476 0.04626663
vn 0.16107881 -0.94563097 0.28255203
vn -0.038908035 -0.7496471 -0.66069317
vn -0.038908035 -0.7496471 -0.66069317
vn 0.19208339 0.08805161 -0.9774205
vn -0.5048552 -0.6043472 -0.6163486
vn 0.5205133 -0.5499232 -0.65318483
vn -0.12637419 -0.9540138 0.2718219
vn -0.955678 -0.24547073 0.16255362
vn -0.4666927 -0.46488184 -0.7523847
vn -0.4389474 -0.81873196 -0.37013936
vn 0.13016497 -0.4949389 -0.8591231
vn -0.53924614 -0.64672524 0.53940713
vn -0.2683693 -0.8970815 -0.351031
vn -0.05835139 -0.9930821 0.10189702
vn -0.14603505 -0.85473907 0.49809125
vn 0.82229537 -0.5051512 0.26201648
vn -0.0068722046 -0.9258774 -0.37776166
vn -0.35279068 0.0123455115 0.93562084
vn 0.05539133 -0.98528355 -0.16170388
vn -0.045925684 -0.9885066 0.14403304
vn -0.3445811 -0.90850663 0.23638864
vn 0.18470848 -0.86972743 0.4576647
vn 0.22815281 -0.96260923 -0.14604709
vn -0.1405675 -0.5424443 -0.82824814
vn 0.787037 -0.4405285 -0.431865
vn 0.30640137 -0.94614583 0.10452846
vn -0.31570125 -0.94879526 0.010966927
vn -0.5008359 -0.3938148 -0.77076155
vn 0.27337423 -0.19145061 0.94266284
vn -0.18002419 -0.98016596 0.082861565
vn 0.18723021 -0.9422868 0.2775617
vn -0.31584424 -0.93558526 -0.15786912
vn 0.31961927 -0.81187665 0.48856914
vn -0.0037219229 -0.99912924 0.041556492
vn -0.23649459 -0.9713438 -0.023696452
vn 0.3354563 -0.9418314 -0.020557571
vn 0.7976991 -0.58472115 0.14757137
vn 0.8230689 -0.5488392 -0.1460584
vn 0.8843777 -0.425938 -0.19092631
vn -0.7807505 -0.582973 0.2248802
vn -0.78879213 -0.09191582 -0.6077487
vn -0.9355971 0.18140629 -0.30290228
vn -0.7277151 -0.39681348 -0.55943704
vn -0.14120232 -0.66010976 -0.7377784
vn -0.39625204 -0.11970973 -0.9103043
vn -0.68052244 0.55778784 -0.4751441
vn -0.7459151 -0.011153183 -0.6659476
vn -0.94335634 -0.27673998 -0.18301326
vn -0.9180426 0.07784643 -0.38876435
vn -0.97971904 0.018937964 -0.19947907
vn -0.9239774 0.18594675 -0.33419994
vn 0.9426301 -0.32978773 -0.051850714
vn 0.9787656 -0.18883236 -0.079751395
vn 0.8532545 -0.05975017 0.5180605
vn -0.9204688 -0.091523886 -0.37994805
vn -0.9717985 0.02083823 -0.23489042
vn -0.6044203 -0.7945941 0.057412975
vn 0.99472064 0.062872216 0.08110474
vn 0.8704178 0.17417303 0.46047434
vn -0.93012536 -0.007375679 -0.36716816
vn 0.93076205 -0.32154515 -0.17404221
vn -0.8746899 0.16075805 -0.45724663
vn -0.8804052 0.2232932 -0.41836217
vn 0.97328776 -0.17822728 0.14472705
vn -0.6881406 0.0074934554 -0.7255387
vn -0.703412 0.17794031 -0.6881488
vn -0.72350705 0.15279514 -0.67319477
vn 0.98002607 -0.016658146 -0.19817005
vn -0.8786401 0.3455822 -0.3294913
vn 0.13497554 0.91846764 -0.37175098
vn -0.96637684 0.033311162 -0.25496313
vn -0.96271586 0.08500442 -0.25681192
vn -0.9247512 0.32238588 -0.20224373
vn -0.89288 -0.087684944 -0.44167483
vn -0.9180426 0.07784643 -0.38876435
vn -0.63057995 -0.115168475 -0.7675318
vn -0.97971904 0.018937964 -0.19947907
vn 0.10878375 0.21550082 0.9704254
vn -0.7890178 0.35140496 -0.5039498
vn -0.7304076 -0.22855869 -0.64363474
vn -0.63057995 -0.115168475 -0.7675318
vn 0.9787656 -0.18883236 -0.079751395
vn 0.9426301 -0.32978773 -0.051850714
vn 0.8532545 -0.05975017 0.5180605
vn 0.8704178 0.17417303 0.46047434
vn -0.6044203 -0.7945941 0.057412975
vn 0.99472064 0.062872216 0.08110474
vn 0.93076205 -0.32154515 -0.17404221
vn 0.97328776 -0.17822728 0.14472705
vn -0.9204688 -0.091523886 -0.37994805
vn -0.8746899 0.16075805 -0.45724663
vn -0.6881406 0.0074934554 -0.7255387
vn 0.9787656 -0.18883236 -0.079751395
vn -0.9204688 -0.091523886 -0.37994805
vn -0.9180426 0.07784643 -0.38876435
vn 0.9768072 -0.12305028 0.17523217
vn -0.47215444 -0.14954954 -0.86873764
vn -0.021527246 0.9985955 -0.04841076
vn -0.83116853 -0.19892924 -0.5192167
vn -0.8109936 0.5044743 -0.2963023
vn 0.9768072 -0.12305028 0.17523217
vn -0.021527246 0.9985955 -0.04841076
vn 0.93478996 -0.34960458 0.06280441
vn 0.9449726 0.32367513 0.047552466
vn 0.98002607 -0.016658146 -0.19817005
vn 0.8062301 -0.38423917 0.44983694
vn 0.77405304 -0.6292475 -0.06992452
vn 0.13500609 -0.2164788 -0.96690756
vn -0.22204849 0.973693 0.051150683
vn 0.90166175 -0.41398382 0.12499406
vn -0.96637684 0.033311162 -0.25496313
vn 0.93478996 -0.34960458 0.06280441
vn 0.8062301 -0.38423917 0.44983694
vn -0.9518295 0.02754533 -0.30538803
vn -0.07234345 -0.47958028 0.8745108
vn -0.07234345 -0.47958028 0.8745108
vn 0.8062301 -0.38423917 0.44983694
vn -0.9589724 -0.03525296 0.28129905
vn -0.9548949 0.019159917 0.29632524
vn -0.8109936 0.5044743 -0.2963023
vn -0.021527246 0.9985955 -0.04841076
vn -0.47215444 -0.14954954 -0.86873764
vn 0.9449726 0.32367513 0.047552466
vn 0.9768072 -0.12305028 0.17523217
vn -0.83116853 -0.19892924 -0.5192167
vn -0.9417482 0.22359896 -0.25122467
vn 0.10276192 0.9773989 -0.1847471
vn 0.8062301 -0.38423917 0.44983694
vn -0.96637684 0.033311162 -0.25496313
vn -0.9589724 -0.03525296 0.28129905
vn -0.96271586 0.08500442 -0.25681192
vn -0.9518295 0.02754533 -0.30538803
vn -0.07234345 -0.47958028 0.8745108
vn -0.9871302 0.107341975 -0.118539594
vn -0.98750937 -0.015444276 -0.15680161
vn -0.89288 -0.087684944 -0.44167483
vn -0.92974436 -0.14267227 -0.33944085
vn -0.9695807 -0.052912507 -0.23898445
vn -0.96559536 0.1689225 -0.197714
vn -0.8469204 -0.19384119 -0.49512774
vn -0.91209996 -0.25633937 -0.3199435
vn -0.9780221 -0.0068254555 -0.20838939
vn -0.9481117 -0.1879969 -0.25640085
vn -0.89533305 -0.3379042 -0.29017138
vn 0.4709945 0.6110549 -0.63622016
vn -0.8372347 -0.10524935 -0.53661966
vn -0.8492637 -0.34872538 -0.39641112
vn -0.15625462 -0.76328254 -0.6268845
vn -0.74714655 -0.20749144 -0.6314423
vn 0.17816699 -0.19852206 -0.96376634
vn -0.5842288 -0.36575755 -0.7244985
vn -0.7675158 -0.5577044 -0.31604642
vn 0.9449726 0.32367513 0.047552466
vn 0.10276192 0.9773989 -0.1847471
vn 0.98002607 -0.016658146 -0.19817005
vn 0.13497554 0.91846764 -0.37175098
vn -0.96271586 0.08500442 -0.25681192
vn -0.37346542 -0.89216363 0.25410166
vn 0.7724573 -0.6350314 -0.006691064
vn 0.06237368 -0.99207014 -0.10911646
vn -0.35805133 -0.88550895 0.2960964
vn -0.2657057 -0.96277523 0.049641553
vn 0.38862664 -0.8895434 -0.24017045
vn -0.93155664 0.23230529 -0.27970794
vn -0.22204849 0.973693 0.051150683
vn 0.13500609 -0.2164788 -0.96690756
vn -0.8475565 0.52638674 -0.06756479
vn -0.9518295 0.02754533 -0.30538803
vn 0.90166175 -0.41398382 0.12499406
vn -0.9548949 0.019159917 0.29632524
vn -0.07234345 -0.47958028 0.8745108
vn 0.77405304 -0.6292475 -0.06992452
vn 0.93478996 -0.34960458 0.06280441
vn 0.38862664 -0.8895434 -0.24017045
vn -0.43769196 -0.8731398 0.21459882
vn -0.6497536 -0.7360891 0.1897187
vn 0.5205133 -0.5499232 -0.65318483
vn -0.43769196 -0.8731398 0.21459882
vn 0.38862664 -0.8895434 -0.24017045
vn 0.03534726 -0.82290274 -0.5670817
vn -0.2683693 -0.8970815 -0.351031
vn 0.02072003 -0.35084498 -0.9362043
vn -0.34183258 -0.31823552 -0.8842379
vn -0.5008359 -0.3938148 -0.77076155
vn 0.40385234 0.85377324 0.32859483
vn -0.4554871 -0.54028076 -0.7075509
vn -0.53125566 -0.06414851 -0.8447795
vn 0.41110313 -0.5922275 0.69300854
vn -0.53125566 -0.06414851 -0.8447795
vn 0.40385234 0.85377324 0.32859483
vn 0.52496636 -0.67000884 0.52487946
vn -0.45778438 -0.21455255 -0.8627866
vn -0.18002419 -0.98016596 0.082861565
vn -0.82877934 -0.45634142 0.32384768
vn -0.63066643 -0.53713006 -0.560135
vn -0.4389474 -0.81873196 -0.37013936
vn 0.16107881 -0.94563097 0.28255203
vn -0.5048552 -0.6043472 -0.6163486
vn -0.53924614 -0.64672524 0.53940713
vn 0.6270654 -0.69688386 0.34805447
vn -0.82877934 -0.45634142 0.32384768
vn 0.19208339 0.08805161 -0.9774205
vn -0.5048552 -0.6043472 -0.6163486
vn -0.7256951 -0.28190345 -0.62761223
vn -0.934728 0.27869803 0.22047885
vn -0.688664 -0.45187873 -0.5670516
vn 0.26315793 0.5875108 0.7652313
vn -0.9429366 0.2673373 0.19849764
vn 0.17940105 -0.39568618 0.9006929
vn -0.7879667 -0.13682708 -0.60032225
vn -0.4237003 -0.14624509 -0.8939186
vn 0.26315793 0.5875108 0.7652313
vn -0.688664 -0.45187873 -0.5670516
vn -0.6179877 -0.26147816 -0.7414313
vn -0.9429366 0.2673373 0.19849764
vn 0.17940105 -0.39568618 0.9006929
vn -0.934728 0.27869803 0.22047885
vn -0.6179877 -0.26147816 -0.7414313
vn -0.688664 -0.45187873 -0.5670516
vn -0.4237003 -0.14624509 -0.8939186
vn -0.9429366 0.2673373 0.19849764
vn -0.65546596 -0.42424366 -0.62480533
vn -0.688664 -0.45187873 -0.5670516
vn -0.6179877 -0.26147816 -0.7414313
vn -0.65546596 -0.42424366 -0.62480533
vn -0.9429366 0.2673373 0.19849764
vn 0.17940105 -0.39568618 0.9006929
vn -0.6179877 -0.26147816 -0.7414313
vn -0.9429366 0.2673373 0.19849764
vn -0.65546596 -0.42424366 -0.62480533
vn 0.6270654 -0.69688386 0.34805447
vn 0.19208339 0.08805161 -0.9774205
vn -0.4389474 -0.81873196 -0.37013936
vn -0.038908035 -0.7496471 -0.66069317
vn 0.13016497 -0.4949389 -0.8591231
vn -0.4237003 -0.14624509 -0.8939186
vn -0.688664 -0.45187873 -0.5670516
vn -0.65546596 -0.42424366 -0.62480533
vn -0.038908035 -0.7496471 -0.66069317
vn -0.4389474 -0.81873196 -0.37013936
vn -0.4017987 -0.4085225 -0.819553
vn -0.13478749 -0.8626579 -0.48749733
vn 0.16107881 -0.94563097 0.28255203
vn 0.35721102 -0.83763146 -0.41324785
vn 0.041091643 -0.11055893 -0.99301976
vn 0.30251315 -0.79379535 -0.52761227
vn -0.0068722046 -0.9258774 -0.37776166
vn 0.787037 -0.4405285 -0.431865
vn 0.041091643 -0.11055893 -0.99301976
vn 0.20192885 -0.2162791 -0.9552215
vn -0.03547579 0.616031 -0.7869227
vn -0.6124332 -0.15840188 -0.77448976
vn 0.5608588 -0.22705166 -0.7961689
vn 0.4096906 -0.81718993 -0.4054063
vn 0.22815281 -0.96260923 -0.14604709
vn 0.787037 -0.4405285 -0.431865
vn 0.27998284 -0.3770471 -0.8828619
vn 0.2518588 -0.4092712 -0.8769631
vn 0.40089887 -0.30802915 -0.8627851
vn 0.48761073 -0.56481177 -0.6657503
vn -0.06694181 -0.2832609 -0.9567037
vn 0.71283466 -0.28476217 -0.640919
vn 0.9011698 0.008188292 -0.43338898
vn 0.24411422 -0.8314781 -0.49905148
vn 0.05539133 -0.98528355 -0.16170388
vn 0.6066093 -0.505597 -0.6135119
vn -0.4666927 -0.46488184 -0.7523847
vn 0.47942755 -0.8461381 -0.23280783
vn 0.2831973 -0.55719984 -0.7805944
vn 0.99897903 -0.02495512 0.037658196
vn 0.49220046 -0.8703538 -0.014931097
vn 0.8762843 0.25408685 0.40934783
vn 0.96356344 -0.24495964 -0.10742548
vn 0.711389 -0.702586 -0.017280621
vn 0.30640137 -0.94614583 0.10452846
vn 0.57606447 -0.81736773 0.007725805
vn 0.32664925 -0.8280082 -0.45574415
vn 0.37916017 -0.8870063 -0.26354778
vn 0.5693017 -0.81930137 0.06812352
vn 0.75048566 -0.35052815 0.56026894
vn 0.18723021 -0.9422868 0.2775617
vn 0.44160247 -0.89621806 -0.042194944
vn 0.3354563 -0.9418314 -0.020557571
vn 0.57516587 -0.81470376 0.07377014
vn 0.8843777 -0.425938 -0.19092631
vn 0.12312688 -0.98711395 -0.10220491
vn 0.081381135 -0.9507778 -0.29899597
vn 0.93549633 -0.20258686 0.28949124
vn 0.979031 -0.16927533 -0.11333192
vn 0.4876282 0.8729508 0.01325429
vn 0.86405903 -0.4777035 -0.15874937
vn 0.9133084 -0.34856674 -0.21063945
vn 0.8704221 0.07486135 0.486581
vn 0.8711469 -0.49096498 0.0075133033
vn 0.6754686 -0.5536813 -0.48701042
vn -0.6679512 -0.7069836 -0.2324118
vn -0.40231448 0.83299667 -0.37981528
vn -0.4746805 -0.2566062 -0.8419214
vn 0.8711469 -0.49096498 0.0075133033
vn -0.821021 0.5292094 -0.21415386
vn 0.9133084 -0.34856674 -0.21063945
vn 0.93175644 -0.19362734 0.30714554
vn 0.98232967 -0.17938364 0.053384688
vn 0.9981441 0.027584994 0.05429047
vn 0.99484956 0.08898735 0.04853481
vn 0.9170556 -0.32316032 0.23361608
vn -0.8533236 0.33214462 -0.40189406
vn 0.99797887 -0.06318846 -0.0067375354
vn 0.8704221 0.07486135 0.486581
vn 0.93175644 -0.19362734 0.30714554
vn -0.8705098 0.46223518 -0.16897145
vn 0.9170556 -0.32316032 0.23361608
vn 0.87740237 -0.45332584 0.15703762
vn 0.82131124 -0.55674386 -0.12443514
vn -0.8657696 0.3672499 -0.33995664
vn 0.99166644 0.024959471 -0.12639116
vn -0.42738542 -0.8735573 -0.23289336
vn 0.7449082 -0.6600242 -0.09736429
vn 0.07890813 -0.4730446 0.87749773
vn -0.42738542 -0.8735573 -0.23289336
vn -0.8657696 0.3672499 -0.33995664
vn -0.8896404 0.029927285 -0.45568007
vn 0.13718757 -0.45485067 -0.87993777
vn 0.846597 0.3386241 0.4106181
vn 0.99491894 0.08260703 0.05755308
vn -0.9100706 0.16559075 -0.37993574
vn 0.9776639 0.21013804 0.0039201323
vn -0.38514277 -0.5607399 -0.73296374
vn -0.9329941 -0.20765227 -0.29394308
vn -0.7888167 0.22980897 0.5700492
vn 0.93465966 -0.28508896 0.21245132
vn 0.7449082 -0.6600242 -0.09736429
vn 0.93465966 -0.28508896 0.21245132
vn 0.8904292 -0.3339206 0.30924574
vn 0.8530694 -0.49535975 0.16398555
vn 0.13985154 -0.2737947 -0.9515661
vn -0.9329941 -0.20765227 -0.29394308
vn -0.9405442 0.23189738 -0.24819395
vn -0.42237595 0.11481341 -0.8991198
vn 0.1444898 -0.8041493 -0.57659906
vn 0.9876868 -0.14529602 0.05799849
vn -0.62074095 0.52678365 -0.5806717
vn -0.42237595 0.11481341 -0.8991198
vn 0.9876868 -0.14529602 0.05799849
vn 0.9864458 -0.11579895 0.11625558
vn -0.9405442 0.23189738 -0.24819395
vn 0.94776845 -0.2890514 0.13484913
vn 0.9545968 -0.20936778 0.21191987
vn 0.98336715 0.0064853765 0.18151316
vn -0.9279513 -0.28278005 -0.24277934
vn -0.62074095 0.52678365 -0.5806717
vn 0.8904292 -0.3339206 0.30924574
vn -0.93129456 0.3321025 0.14966074
vn 0.93874 -0.33745033 -0.06996007
vn 0.9927246 -0.10593945 0.057224642
vn 0.93874 -0.33745033 -0.06996007
vn -0.8476401 0.50991964 -0.14658877
vn 0.990742 0.10375158 -0.08755504
vn 0.41288218 -0.15869989 -0.89685154
vn 0.9978725 0.06099925 0.023013983
vn 0.9847374 0.06050622 -0.16319095
vn 0.41791445 -0.08679684 -0.9043306
vn 0.9943751 -0.054918274 -0.090565845
vn -0.9427325 0.31534714 -0.108680956
vn 0.079369605 -0.7697722 -0.63336504
vn 0.8337153 -0.5046514 -0.22415553
vn 0.96386546 -0.21496707 -0.15732946
vn 0.8451415 -0.4232523 -0.32648635
vn 0.97772944 0.009477337 0.20965517
vn 0.7345275 -0.25956404 -0.62697357
vn 0.7644258 -0.5747978 -0.29199424
vn -0.207911 0.8353562 -0.5088743
vn 0.9903054 0.10319442 0.092984594
vn -0.7429403 0.1437061 -0.6537494
vn -0.7191238 -0.5754661 -0.38948652
vn 0.9102762 -0.39685267 -0.117920704
vn -0.62670726 0.12845403 -0.7685945
vn 0.8206385 -0.5545389 -0.13798244
vn 0.9102762 -0.39685267 -0.117920704
vn 0.7644258 -0.5747978 -0.29199424
vn -0.6732841 0.0221817 -0.73905104
vn 0.9691307 -0.19301191 -0.15340187
vn 0.64607835 -0.7346907 -0.2069113
vn 0.99490327 -0.09570388 0.031753797
vn 0.9691307 -0.19301191 -0.15340187
vn 0.95054674 -0.29507726 -0.09690335
vn 0.64607835 -0.7346907 -0.2069113
vn -0.99662596 0.035470705 -0.07401745
vn -0.7115596 0.67419684 -0.19784231
vn 0.9946321 0.023243938 0.10082972
vn -0.694182 0.5169603 0.50086266
vn 0.91232026 -0.27353662 -0.30471215
vn -0.99596804 0.06691004 0.059755694
vn -0.11880351 -0.40905127 -0.9047446
vn -0.96299267 -0.26952597 0.00093172805
vn -0.98349077 0.17389776 0.05005444
vn 0.91232026 -0.27353662 -0.30471215
vn -0.9925231 -0.08922357 -0.08328904
vn 0.98364544 -0.17646152 -0.03609633
vn -0.96299267 -0.26952597 0.00093172805
vn 0.9872629 -0.15909226 0.0012813465
vn -0.9666937 0.10496012 0.23342387
vn -0.92913175 0.3098776 -0.20171769
vn -0.98349077 0.17389776 0.05005444
vn 0.9826897 -0.16886967 0.076184504
vn 0.7616699 -0.56215453 -0.3222442
vn 0.99294573 -0.11503344 0.028742632
vn 0.94824946 -0.27724838 -0.15477806
vn 0.9573711 -0.26458448 -0.11591183
vn 0.7616699 -0.56215453 -0.3222442
vn -0.9832054 0.17173262 -0.061766334
vn -0.9666937 0.10496012 0.23342387
vn -0.95723593 -0.17496401 -0.23040614
vn 0.5065611 0.66966736 -0.54308516
vn 0.97100663 -0.2250896 -0.08050325
vn -0.9190108 0.21856259 -0.3280998
vn -0.95723593 -0.17496401 -0.23040614
vn -0.9661869 0.23731081 -0.10082899
vn -0.8762447 -0.35184 0.3292474
vn 0.9685473 -0.2348172 -0.08232291
vn 0.9767154 -0.21146403 0.036194835
vn -0.90233535 -0.02322603 -0.43040848
vn -0.87202233 0.12186284 -0.47405326
vn 0.87213796 -0.34313667 -0.3487587
vn 0.8388305 -0.50954276 -0.19164962
vn 0.93900305 0.017874334 -0.34344405
vn 0.9616058 0.022532705 -0.273508
vn 0.93479717 -0.35242057 0.04420362
vn -0.24837594 0.26773834 -0.9309273
vn 0.9343692 -0.35583842 -0.01825495
vn 0.9339659 -0.34128326 -0.10598746
vn 0.19760846 -0.012089706 -0.9802065
vn 0.75697505 -0.65305763 -0.022461453
vn 0.9238056 0.19768941 -0.32787523
vn 0.6286719 -0.7743742 0.07152831
vn -0.8983643 0.30072045 0.32016984
vn -0.31575924 0.19947875 -0.9276337
vn -0.37868017 -0.6996879 -0.60583675
vn -0.9243777 0.277738 -0.26151013
vn -0.5783576 -0.774573 0.25600612
vn -0.9366838 -0.00665634 0.35011312
vn -0.93362415 0.3551663 -0.046934515
vn -0.96988046 -0.17242584 0.17204994
vn -0.21454978 -0.16890828 0.9619971
vn -0.043167345 -0.99804574 -0.045179885
vn -0.619882 0.771976 0.14071041
vn -0.9947143 0.09118068 -0.047217187
vn -0.577539 0.8098409 -0.102987215
vn -0.4764449 0.5120542 0.71470326
vn -0.8858902 0.34735602 0.30747738
vn -0.4320455 -0.2873032 0.85486466
vn -0.78377837 0.6096012 0.11864985
vn -0.90370625 -0.42594182 -0.04345748
vn -0.955678 -0.24547073 0.16255362
vn -0.9171043 -0.039830822 -0.39665252
vn -0.8542981 0.21830173 0.47171926
vn -0.11187913 0.7162771 0.6887889
vn -0.85142666 0.3601111 0.38130382
vn -0.35279068 0.0123455115 0.93562084
vn -0.35306367 0.4551881 0.8174043
vn -0.016114928 0.31599915 0.9486226
vn -0.3501841 0.93667865 0.0020417597
vn 0.71377426 0.6920525 0.1076553
vn 0.5347271 0.8404207 0.08809057
vn 0.8987533 0.06376795 0.4337928
vn 0.9133084 -0.34856674 -0.21063945
vn 0.6754686 -0.5536813 -0.48701042
vn -0.61334896 0.6837886 -0.3952672
vn 0.78045064 -0.61776173 0.096266195
vn 0.3798509 0.7469049 -0.54575306
vn 0.979031 -0.16927533 -0.11333192
vn 0.78045064 -0.61776173 0.096266195
vn -0.40231448 0.83299667 -0.37981528
vn -0.8168584 0.5548875 -0.15761426
vn -0.8718271 0.454463 -0.18270415
vn 0.9133084 -0.34856674 -0.21063945
vn 0.979031 -0.16927533 -0.11333192
vn 0.9133084 -0.34856674 -0.21063945
vn -0.8718271 0.454463 -0.18270415
vn -0.8168584 0.5548875 -0.15761426
vn -0.6679512 -0.7069836 -0.2324118
vn 0.6754686 -0.5536813 -0.48701042
vn 0.9133084 -0.34856674 -0.21063945
vn -0.8835016 0.43642908 -0.1701605
vn -0.8168584 0.5548875 -0.15761426
vn 0.3798509 0.7469049 -0.54575306
vn -0.61334896 0.6837886 -0.3952672
vn -0.40231448 0.83299667 -0.37981528
vn 0.979031 -0.16927533 -0.11333192
vn 0.3798509 0.7469049 -0.54575306
vn -0.40231448 0.83299667 -0.37981528
vn -0.8718271 0.454463 -0.18270415
vn 0.4876282 0.8729508 0.01325429
vn 0.78045064 -0.61776173 0.096266195
vn -0.8718271 0.454463 -0.18270415
vn -0.40231448 0.83299667 -0.37981528
vn -0.821021 0.5292094 -0.21415386
vn 0.6754686 -0.5536813 -0.48701042
vn -0.6679512 -0.7069836 -0.2324118
vn 0.8711469 -0.49096498 0.0075133033
vn -0.6679512 -0.7069836 -0.2324118
vn -0.821021 0.5292094 -0.21415386
vn 0.9133084 -0.34856674 -0.21063945
vn -0.821021 0.5292094 -0.21415386
vn -0.8835016 0.43642908 -0.1701605
vn -0.8835016 0.43642908 -0.1701605
vn -0.4746805 -0.2566062 -0.8419214
vn -0.8705098 0.46223518 -0.16897145
vn 0.8704221 0.07486135 0.486581
vn 0.9981441 0.027584994 0.05429047
vn -0.8533236 0.33214462 -0.40189406
vn 0.93175644 -0.19362734 0.30714554
vn 0.99797887 -0.06318846 -0.0067375354
vn -0.899032 0.38179028 -0.21442401
vn -0.662532 0.43311307 -0.61111736
vn -0.9022407 0.30180424 -0.3080194
vn -0.9924706 0.015941897 -0.12144098
vn -0.9329941 -0.20765227 -0.29394308
vn -0.99215615 0.05446963 -0.11251339
vn -0.99215615 0.05446963 -0.11251339
vn -0.92431694 0.17910706 -0.33698487
vn 0.9937502 0.111589715 0.00287443
vn -0.92431694 0.17910706 -0.33698487
vn -0.87527335 0.06630712 -0.47906154
vn -0.16906944 0.22606985 -0.9593268
vn -0.9553234 0.03256476 0.29376316
vn -0.9627228 -0.020611031 -0.2697036
vn 0.82131124 -0.55674386 -0.12443514
vn -0.42738542 -0.8735573 -0.23289336
vn -0.96662426 0.2561453 -0.0052128662
vn -0.87248087 0.29751423 -0.38763702
vn -0.7888167 0.22980897 0.5700492
vn 0.9776639 0.21013804 0.0039201323
vn -0.966502 -0.02811653 -0.25511423
vn 0.9931157 -0.02479289 0.11448338
vn -0.9228134 -0.23334071 -0.30654114
vn -0.8896404 0.029927285 -0.45568007
vn -0.9100706 0.16559075 -0.37993574
vn -0.38514277 -0.5607399 -0.73296374
vn -0.9405442 0.23189738 -0.24819395
vn -0.93129456 0.3321025 0.14966074
vn -0.96003515 0.028878791 -0.2783856
vn -0.97474897 -0.0729102 -0.21106526
vn -0.9862655 0.11428653 -0.11924366
vn -0.9279513 -0.28278005 -0.24277934
vn -0.9841096 -0.08278179 -0.15708442
vn -0.62074095 0.52678365 -0.5806717
vn -0.9915136 0.1171108 -0.056443024
vn 0.41288218 -0.15869989 -0.89685154
vn 0.1444898 -0.8041493 -0.57659906
vn 0.41791445 -0.08679684 -0.9043306
vn -0.83832246 0.21446818 -0.5012174
vn 0.079369605 -0.7697722 -0.63336504
vn -0.42237595 0.11481341 -0.8991198
vn -0.8653495 0.15517326 -0.47654128
vn -0.84853363 -0.009363859 -0.5290586
vn -0.7429403 0.1437061 -0.6537494
vn 0.93874 -0.33745033 -0.06996007
vn 0.7345275 -0.25956404 -0.62697357
vn -0.7429403 0.1437061 -0.6537494
vn -0.8904566 0.23204073 -0.39146408
vn -0.7298666 0.012252721 -0.6834798
vn -0.6732841 0.0221817 -0.73905104
vn -0.7895462 -0.20273738 -0.57923603
vn -0.6732841 0.0221817 -0.73905104
vn 0.7616699 -0.56215453 -0.3222442
vn -0.9401016 -0.1109963 -0.32231778
vn -0.8659602 0.14525202 -0.47855493
vn -0.9500918 0.16438614 -0.26514682
vn -0.7306003 -0.17828378 -0.6591192
vn -0.90233535 -0.02322603 -0.43040848
vn -0.96480346 0.14481534 -0.21950571
vn -0.96709144 0.060418032 -0.24715148
vn -0.84975046 0.05502005 -0.5243062
vn -0.9810287 -0.071938515 -0.18002105
vn -0.730485 0.33762532 -0.5936336
vn 0.75945807 -0.63847005 -0.12481764
vn -0.8659602 0.14525202 -0.47855493
vn -0.96709144 0.060418032 -0.24715148
vn -0.90149575 0.24418361 -0.35732305
vn -0.51351863 0.50431633 -0.69423604
vn -0.24837594 0.26773834 -0.9309273
vn 0.9616058 0.022532705 -0.273508
vn -0.24837594 0.26773834 -0.9309273
vn -0.82723016 0.52598864 -0.19755058
vn -0.89608985 0.27385497 -0.34932286
vn -0.8659602 0.14525202 -0.47855493
vn 0.6312012 -0.2140262 -0.7455051
vn -0.730485 0.33762532 -0.5936336
vn -0.85692513 0.03011867 -0.5145602
vn -0.6081817 0.5436333 -0.5784271
vn -0.9312111 0.303671 -0.20156817
vn -0.49384758 0.5430379 -0.679135
vn 0.6884012 0.14321445 -0.71105087
vn -0.51351863 0.50431633 -0.69423604
vn -0.882281 0.3012213 -0.36172634
vn -0.68258095 0.34047052 -0.6466553
vn -0.08628497 -0.40941396 -0.9082594
vn -0.91810435 0.16292566 -0.36130264
vn -0.8365646 0.13461486 -0.53107303
vn -0.5827062 -0.018373169 -0.8124752
vn 0.8923163 -0.091358885 -0.44206926
vn -0.73611486 -0.4858653 -0.47124282
vn -0.85751873 0.23493578 -0.45767543
vn -0.83780307 0.21378236 -0.50237745
vn -0.8909233 0.23007277 -0.39156377
vn -0.5696151 -0.75750273 -0.31894866
vn -0.79056484 0.56239223 -0.24232674
vn -0.8216336 0.56497556 -0.07563673
vn -0.9312111 0.303671 -0.20156817
vn 0.8923163 -0.091358885 -0.44206926
vn -0.5335811 -0.544796 -0.6469069
vn -0.8512807 0.07755207 -0.5189479
vn -0.7178948 0.30550858 -0.625533
vn -0.85692513 0.03011867 -0.5145602
vn -0.68258095 0.34047052 -0.6466553
vn -0.61290616 0.47176033 -0.6338677
vn -0.8192755 0.3918586 -0.41861024
vn -0.7768681 -0.075769 -0.62508804
vn -0.7789372 -0.37622234 -0.50171065
vn 0.8197109 -0.49442014 0.28917602
vn -0.9243777 0.277738 -0.26151013
vn -0.80535275 0.5825059 -0.10997212
vn -0.87046957 -0.115166724 -0.47855964
vn -0.93242973 0.17441742 -0.3164701
vn -0.32299852 -0.83054876 -0.4537187
vn -0.25026485 0.18499364 -0.9503393
vn -0.69935983 0.31227377 -0.6429471
vn -0.37868017 -0.6996879 -0.60583675
vn -0.7789372 -0.37622234 -0.50171065
vn -0.6189939 0.5824336 -0.52689445
vn 0.33591837 0.68243736 -0.6491826
vn -0.69240344 0.52260983 -0.49744996
vn -0.36825156 -0.928639 -0.044948906
vn -0.2694363 -0.54516244 -0.7938526
vn 0.6244865 0.32811737 -0.7087705
vn 0.65321654 -0.26867887 -0.7078982
vn -0.53924614 -0.64672524 0.53940713
vn 0.82229537 -0.5051512 0.26201648
vn 0.16107881 -0.94563097 0.28255203
vn 0.35721102 -0.83763146 -0.41324785
vn 0.787037 -0.4405285 -0.431865
vn -0.1405675 -0.5424443 -0.82824814
vn 0.4709945 0.6110549 -0.63622016
vn -0.8657696 0.3672499 -0.33995664
vn 0.99166644 0.024959471 -0.12639116
vn 0.9584886 0.2743811 -0.07755443
vn 0.99484956 0.08898735 0.04853481
vn 0.9981441 0.027584994 0.05429047
vn -0.662532 0.43311307 -0.61111736
vn -0.8372347 -0.10524935 -0.53661966
vn 0.9776639 0.21013804 0.0039201323
vn 0.82401764 0.30866677 -0.47509968
vn 0.9937502 0.111589715 0.00287443
vn 0.9868793 0.08903781 0.1346903
vn 0.99626935 0.07917843 0.03432471
vn -0.92431694 0.17910706 -0.33698487
vn 0.9665766 0.2550704 -0.025861064
vn -0.16906944 0.22606985 -0.9593268
vn -0.87248087 0.29751423 -0.38763702
vn -0.87527335 0.06630712 -0.47906154
vn 0.9931157 -0.02479289 0.11448338
vn 0.846597 0.3386241 0.4106181
vn 0.96386325 0.18413186 -0.19251767
vn 0.99491894 0.08260703 0.05755308
vn 0.9776639 0.21013804 0.0039201323
vn 0.82401764 0.30866677 -0.47509968
vn -0.7888167 0.22980897 0.5700492
vn 0.95366806 0.23619148 0.18636207
vn 0.17816699 -0.19852206 -0.96376634
vn -0.15625462 -0.76328254 -0.6268845
vn -0.009767412 -0.16247201 -0.98666483
vn -0.7675158 -0.5577044 -0.31604642
vn -0.5842288 -0.36575755 -0.7244985
vn -0.59763694 -0.44208688 -0.66887164
vn -0.15980488 -0.76385105 -0.6252951
vn -0.26173156 -0.26799718 -0.92718613
vn -0.3372036 -0.53094685 -0.7774247
vn -0.17231797 -0.6856248 -0.707266
vn -0.5474897 -0.44514152 -0.708593
vn 0.110067785 -0.84457415 -0.5240034
vn -0.3955489 -0.66718256 -0.6311961
vn -0.24867336 -0.3517711 -0.90245146
vn -0.22340968 -0.3751751 -0.8996287
vn -0.08808881 -0.4498931 -0.8887275
vn -0.2888329 -0.32523695 -0.90044236
vn -0.35503322 -0.64753175 -0.6742804
vn -0.17720896 -0.43908784 -0.88079447
vn -0.22680946 -0.4490435 -0.8642438
vn -0.38331765 -0.44939137 -0.80691695
vn -0.5025334 -0.13896589 -0.8533163
vn 0.039641112 -0.54184335 -0.8395441
vn -0.077000245 -0.80515605 -0.5880431
vn -0.20164235 -0.6434783 -0.7384281
vn -0.60488737 -0.15913229 -0.78024876
vn -0.20980951 -0.6179639 -0.75769424
vn -0.22396067 -0.66991514 -0.7078526
vn -0.5005026 -0.59050137 -0.63309187
vn -0.52285683 -0.45402277 -0.7214458
vn -0.037453298 -0.5032806 -0.86331105
vn -0.16191804 -0.45181483 -0.87729466
vn -0.13993628 -0.57266474 -0.807758
vn -0.05885461 -0.40443644 -0.91267043
vn 0.08418621 -0.5494648 -0.83126473
vn -0.57508385 -0.22907074 -0.78536946
vn -0.18151216 0.23556718 -0.9547573
vn -0.06875368 -0.41321057 -0.9080363
vn -0.32473683 -0.3928382 -0.86036277
vn -0.37341827 -0.27472448 -0.88605034
vn -0.03555546 -0.41627404 -0.90854377
vn -0.7306003 -0.17828378 -0.6591192
vn -0.09648482 -0.6050248 -0.790339
vn -0.0915564 -0.45249262 -0.88705575
vn -0.17861795 -0.56234115 -0.8073835
vn -0.024816696 -0.51222247 -0.85849416
vn -0.30651885 -0.44932118 -0.8391404
vn 0.34829888 -0.41976377 -0.83814454
vn -0.15225376 -0.70386624 -0.6938235
vn -0.5602537 -0.4382109 -0.7029132
vn -0.5335811 -0.544796 -0.6469069
vn 0.0025060854 -0.5657755 -0.8245555
vn -0.0064509567 -0.49403462 -0.8694183
vn -0.14904985 -0.50999624 -0.8471647
vn -0.5356456 -0.38963392 -0.749179
vn -0.23406264 -0.7019116 -0.672707
vn -0.13448897 -0.6206038 -0.7725048
vn -0.4685171 -0.60127175 -0.6472743
vn 0.070150636 -0.67253685 -0.73673135
vn 0.070366256 -0.59445804 -0.80104196
vn -0.04262403 -0.33304766 -0.9419461
vn 0.7314023 -0.6213737 -0.2809723
vn -0.24548304 -0.28482336 -0.9266141
vn 0.092451446 -0.39902562 -0.91226715
vn 0.15104598 -0.74090916 -0.6543995
vn -0.10434242 -0.9515879 -0.2891247
vn 0.43795574 -0.28043517 -0.8541375
vn -0.984839 0.056903172 -0.16387232
vn 0.17927715 -0.44092196 -0.87945867
vn 0.19605234 -0.46633396 -0.86261004
vn 0.34913182 -0.6280089 -0.6954939
vn 0.0788942 -0.44825807 -0.89041585
vn 0.064596735 -0.53596246 -0.8417669
vn 0.035837967 -0.70571387 -0.70759
vn 0.21150135 -0.55673075 -0.8033169
vn 0.36580974 -0.31066024 -0.87731034
vn 0.02701779 -0.58415157 -0.8111948
vn 0.041714363 -0.4014411 -0.9149344
vn 0.22724332 -0.60087407 -0.7663621
vn 0.24097246 -0.44541144 -0.8622882
vn 0.5533585 -0.40879494 -0.7257279
vn 0.2446236 -0.69543177 -0.67567295
vn 0.32451934 -0.52969414 -0.78365254
vn -0.68993455 0.07682628 0.7197833
vn 0.01631874 -0.1003822 0.9948151
vn -0.953145 0.029836636 -0.30103883
vn -0.08792863 -0.94838375 -0.30469134
vn -0.08649254 -0.99582213 -0.029280066
vn -0.78690434 -0.59868306 -0.14953323
vn 0.03671051 -0.9985188 0.040156264
vn 0.1827542 -0.9782017 0.09860219
vn -0.5820952 -0.777648 0.23754746
vn -0.2269137 -0.8947604 0.3845959
vn 0.08890409 -0.95524865 -0.2821278
vn 0.044532873 -0.7650819 0.64239126
vn 0.036646884 -0.93786234 0.34506693
vn -0.10831556 -0.91146445 0.396863
vn 0.2585377 -0.94777733 0.18675219
vn 0.2861895 -0.8485884 -0.4449644
vn 0.04570079 -0.9720989 0.23007648
vn 0.43001288 -0.84514904 0.317509
vn -0.7636135 -0.608832 -0.21498354
vn -0.8749253 -0.13575119 -0.46484122
vn 0.55388695 -0.82717556 0.09481503
vn 0.9584886 0.2743811 -0.07755443
vn -0.87248087 0.29751423 -0.38763702
vn 0.82401764 0.30866677 -0.47509968
vn -0.966502 -0.02811653 -0.25511423
vn 0.9931157 -0.02479289 0.11448338
vn 0.846597 0.3386241 0.4106181
vn -0.87527335 0.06630712 -0.47906154
vn 0.99626935 0.07917843 0.03432471
vn 0.9665766 0.2550704 -0.025861064
vn 0.9937502 0.111589715 0.00287443
vn -0.99215615 0.05446963 -0.11251339
vn -0.40081412 -0.6632857 0.63198113
vn 0.026605552 -0.7624188 0.6465367
vn 0.4511515 -0.5730583 0.68415385
vn -0.34183258 -0.31823552 -0.8842379
vn 0.40385234 0.85377324 0.32859483
vn 0.41110313 -0.5922275 0.69300854
vn 0.52496636 -0.67000884 0.52487946
vn 0.026864065 -0.54603773 0.83732975
vn 0.25126553 -0.46956626 0.84638834
vn 0.4275793 -0.5784097 0.6947073
vn -0.45778438 -0.21455255 -0.8627866
vn -0.18002419 -0.98016596 0.082861565
vn 0.61735183 -0.5025768 0.6052217
vn 0.31961927 -0.81187665 0.48856914
vn 0.65889525 -0.53207695 0.5317435
vn 0.8072911 -0.37348372 0.4569365
vn -0.0037219229 -0.99912924 0.041556492
vn 0.5043746 -0.83504635 0.21978132
vn 0.7976991 -0.58472115 0.14757137
vn 0.8230689 -0.5488392 -0.1460584
vn 0.8843777 -0.425938 -0.19092631
vn 0.57516587 -0.81470376 0.07377014
vn 0.82131124 -0.55674386 -0.12443514
vn -0.9553234 0.03256476 0.29376316
vn 0.07890813 -0.4730446 0.87749773
vn -0.99215615 0.05446963 -0.11251339
vn -0.96662426 0.2561453 -0.0052128662
vn -0.93129456 0.3321025 0.14966074
vn 0.8904292 -0.3339206 0.30924574
vn -0.7888167 0.22980897 0.5700492
vn 0.82401764 0.30866677 -0.47509968
vn 0.846597 0.3386241 0.4106181
vn -0.74952567 -0.14425224 -0.64606696
vn -0.9454236 0.10920771 -0.30699813
vn 0.93465966 -0.28508896 0.21245132
vn -0.5218027 0.059066124 -0.85101885
vn -0.7967587 0.5930461 0.11606839
vn -0.7776518 0.62036246 0.10202016
vn -0.6420252 0.7220254 0.2578431
vn -0.6338257 0.76698685 0.099980585
vn -0.6305021 0.7513302 0.1948591
vn -0.7611 0.63036585 0.15285842
vn -0.6956385 0.65681666 0.2909966
vn -0.4607121 0.8193619 0.34116042
vn -0.39021653 0.8957876 0.21282776
vn -0.8747547 0.42928046 0.22477207
vn -0.8142568 0.56008035 0.15263006
vn -0.77462566 0.52119917 0.3581991
vn -0.83854127 0.22935885 0.49420956
vn -0.6612681 0.26071003 0.70338804
vn -0.924959 0.35006353 0.14800802
vn -0.74282616 0.6245638 0.2411002
vn -0.910646 0.08203978 0.40496078
vn -0.67498887 0.5143488 0.5289947
vn 0.6430065 -0.4589931 -0.61308074
vn -0.83546174 0.43195736 0.33973005
vn -0.7704001 0.4512014 0.4504453
vn -0.44357014 0.7701384 0.458402
vn -0.83424664 0.3708956 0.4080061
vn -0.7659464 0.4552366 0.45396665
vn -0.661426 0.6586804 0.35868624
vn -0.40936413 0.90825576 0.08655924
vn -0.15662232 0.96361375 0.21660565
vn -0.92364436 0.30644435 0.23015863
vn -0.73610985 0.47381103 0.4833688
vn -0.8093275 0.3372523 0.4808845
vn -0.15250985 0.85503185 0.4956423
vn -0.23782036 0.73639166 0.63337886
vn 0.85813266 -0.4114659 -0.3070898
vn -0.9502756 0.31054795 -0.023156414
vn -0.874448 0.40204102 0.27148423
vn 0.9338405 -0.33683288 -0.12035556
vn -0.92846847 0.32876316 0.1728035
vn 0.96271735 0.029759051 -0.26886737
vn 0.9338405 -0.33683288 -0.12035556
vn -0.874448 0.40204102 0.27148423
vn 0.8972535 -0.2946189 -0.32884014
vn -0.21483594 0.92410904 0.31601903
vn -0.8469975 0.531397 0.014578917
vn 0.3819713 -0.924095 -0.012099007
vn -0.5001168 0.66110384 0.5593075
vn -0.6696873 0.4709265 0.5742362
vn -0.73053366 0.3153769 0.605688
vn -0.7852951 0.4189633 0.45583034
vn -0.8866619 0.2821553 0.36635926
vn -0.06821336 0.79548144 0.6021264
vn -0.04284455 0.717757 0.6949743
vn -0.3133566 0.5476653 0.775803
vn -0.6015389 0.6095302 0.51635635
vn -0.83259606 0.45455527 0.31648585
vn -0.6003694 0.50831735 0.61738974
vn -0.88841677 0.43359074 0.15071404
vn -0.80984855 0.4493084 0.3771833
vn -0.70509523 0.6773932 0.20971215
vn -0.17868571 0.5879062 0.7889472
vn 0.036016647 0.9142112 0.40363437
vn -0.55331224 0.48074368 0.68024343
vn -0.73610985 0.47381103 0.4833688
vn -0.69313174 0.51255864 0.50680566
vn 0.673143 -0.6002252 -0.43198162
vn -0.42827868 0.6391357 0.6388137
vn -0.55331224 0.48074368 0.68024343
vn 0.7231446 -0.5057988 -0.47035035
vn -0.3427069 0.80146843 0.49010244
vn 0.0263726 0.4099702 0.9117176
vn -0.55008763 -0.13039792 -0.8248636
vn -0.6003694 0.50831735 0.61738974
vn 0.2895211 0.89821494 0.3307377
vn -0.041057687 0.49857923 0.86587125
vn -0.9631798 0.17754298 -0.20189874
vn -0.6015389 0.6095302 0.51635635
vn -0.3133566 0.5476653 0.775803
vn 0.22532818 0.7636948 0.60497725
vn 0.5582233 0.5334149 0.63549614
vn 0.30313113 0.53100336 0.79129446
vn 0.40343288 0.56486595 0.71983916
vn 0.14913495 0.81099313 0.5657286
vn 0.4321439 0.57487094 0.69482017
vn 0.61897427 0.4196711 0.6638878
vn 0.30313113 0.53100336 0.79129446
vn 0.7073338 0.5317626 0.46573326
vn 0.24723339 0.9427619 0.22377598
vn 0.35188034 0.697059 0.6247312
vn 0.19937706 0.88567245 0.41932458
vn 0.46200734 0.74121 0.48698765
vn 0.47928312 0.7857417 0.39102137
vn 0.4511515 -0.5730583 0.68415385
vn -0.34183258 -0.31823552 -0.8842379
vn 0.52496636 -0.67000884 0.52487946
vn -0.53125566 -0.06414851 -0.8447795
vn -0.11187913 0.7162771 0.6887889
vn 0.6329996 0.3558806 0.6875031
vn -0.35306367 0.4551881 0.8174043
vn -0.016114928 0.31599915 0.9486226
vn -0.14603505 -0.85473907 0.49809125
vn -0.35279068 0.0123455115 0.93562084
vn 0.27337423 -0.19145061 0.94266284
vn 0.5347271 0.8404207 0.08809057
vn 0.9607078 0.27742708 0.0086486135
vn 0.71377426 0.6920525 0.1076553
vn 0.75582457 0.078542404 0.6500464
vn 0.8987533 0.06376795 0.4337928
vn 0.8762843 0.25408685 0.40934783
vn 0.9182532 -0.36438337 0.15503517
vn 0.7692961 -0.6386182 0.018717578
vn 0.99897903 -0.02495512 0.037658196
vn 0.96356344 -0.24495964 -0.10742548
vn 0.63222444 -0.7745951 0.017168641
vn 0.0788592 -0.60986567 0.78857154
vn 0.75048566 -0.35052815 0.56026894
vn 0.18470848 -0.86972743 0.4576647
vn 0.18723021 -0.9422868 0.2775617
vn 0.11192543 0.6482682 0.75314075
vn 0.711389 -0.702586 -0.017280621
vn 0.21169534 0.1486326 0.9659676
vn 0.6243757 -0.7142542 -0.3162213
vn 0.17976175 0.60224175 -0.7778114
vn -0.6368664 0.2322485 -0.73516107
vn 0.38996744 0.8969956 -0.20814492
vn 0.9011698 0.008188292 -0.43338898
vn 0.98358387 -0.03931606 -0.17611662
vn -0.03547579 0.616031 -0.7869227
vn 0.6918609 0.509409 -0.51169413
vn 0.8762843 0.25408685 0.40934783
vn 0.4001859 -0.4815693 -0.77970654
vn 0.92948574 0.36824676 -0.02122609
vn -0.39109555 -0.7042713 -0.5924915
vn 0.6170127 -0.7333415 0.28549185
vn 0.11192543 0.6482682 0.75314075
vn 0.3331443 0.5826331 -0.74131876
vn 0.25136507 -0.53492904 -0.806639
vn 0.6243757 -0.7142542 -0.3162213
vn 0.21169534 0.1486326 0.9659676
vn -0.666579 -0.5409567 -0.51287264
vn -0.76095533 -0.2883112 -0.58122593
vn -0.40618882 -0.39221826 -0.82533354
vn -0.5005026 -0.59050137 -0.63309187
vn -0.24678469 -0.69491076 -0.6754231
vn -0.4697483 -0.46844408 -0.74826247
vn 0.12846793 -0.2896886 -0.9484601
vn -0.6652645 -0.40202683 -0.62912446
vn -0.38689983 -0.6436359 -0.6603342
vn -0.69255763 -0.27343914 -0.667529
vn -0.7456241 -0.232856 -0.6243578
vn -0.36348203 -0.719077 -0.5922914
vn -0.55264497 -0.40411723 -0.72888464
vn -0.3108838 -0.6709915 -0.67314315
vn -0.4479698 -0.49594587 -0.74388224
vn -0.20980951 -0.6179639 -0.75769424
vn -0.35503322 -0.64753175 -0.6742804
vn -0.30651885 -0.44932118 -0.8391404
vn -0.13993628 -0.57266474 -0.807758
vn -0.17861795 -0.56234115 -0.8073835
vn -0.08808881 -0.4498931 -0.8887275
vn -0.45843652 -0.48652843 -0.7437244
vn 0.05226866 -0.62186104 -0.78138137
vn 0.94804275 -0.008784053 0.31802174
vn -0.24867336 -0.3517711 -0.90245146
vn -0.22680946 -0.4490435 -0.8642438
vn -0.5846494 -0.27636626 -0.7627626
vn 0.21709979 -0.93975925 0.26404577
vn 0.9759403 0.110986084 0.18767683
vn 0.9401936 0.28589103 -0.1852089
vn 0.9304427 0.034954496 0.36476645
vn 0.8491292 0.07439399 0.5229198
vn 0.98913336 0.029193135 0.14409357
vn 0.9759403 0.110986084 0.18767683
vn 0.98913336 0.029193135 0.14409357
vn -0.96151817 -0.09311621 -0.25848058
vn -0.8934973 -0.13146394 -0.42939478
vn 0.84662473 0.016808826 0.5319248
vn 0.6612541 -0.73775584 -0.13586515
vn -0.8599629 -0.079590715 -0.50411224
vn 0.8491292 0.07439399 0.5229198
vn -0.700767 -0.38627538 -0.5997641
vn 0.9304427 0.034954496 0.36476645
vn -0.83368164 -0.124924175 -0.5379302
vn 0.94804275 -0.008784053 0.31802174
vn 0.9304427 0.034954496 0.36476645
vn -0.83368164 -0.124924175 -0.5379302
vn -0.700767 -0.38627538 -0.5997641
vn -0.9090992 0.0058933753 -0.41653797
vn 0.9213283 0.1844508 0.34224564
vn -0.7031766 -0.103718124 -0.7034097
vn 0.9651764 0.26060998 0.022736734
vn 0.6190685 -0.3310221 0.7121647
vn 0.9651764 0.26060998 0.022736734
vn 0.58491445 -0.7777759 0.23008654
vn 0.91303843 -0.06912716 0.40197298
vn 0.8715361 0.15160201 0.46630642
vn 0.8501245 0.05333752 0.52387357
vn 0.8501245 0.05333752 0.52387357
vn -0.8653521 -0.09343406 -0.4923777
vn -0.81349057 -0.39806738 -0.4239993
vn 0.8715361 0.15160201 0.46630642
vn -0.1610623 0.066518836 -0.9847
vn -0.9794329 0.12377902 0.15934248
vn 0.9580218 -0.26900756 -0.09914216
vn -0.95919937 0.022402307 0.28184164
vn 0.23035792 0.21848416 -0.9482615
vn -0.9190635 0.21051855 0.333173
vn -0.80476654 0.5901847 0.06350489
vn -0.90968925 0.098676614 0.403396
vn -0.9498318 -0.09273911 0.2986955
vn -0.70549417 -0.3470067 0.61795175
vn -0.9063306 0.2733768 0.32222667
vn -0.23513274 0.68226975 -0.6922576
vn -0.9294501 0.25529003 0.26636362
vn 0.9262614 0.12499121 -0.35555157
vn -0.9358573 0.35187957 -0.018758131
vn 0.41035205 0.44901302 -0.7937245
vn -0.9101315 -0.30925974 0.2757156
vn -0.94809675 0.2832244 0.14455634
vn -0.9105173 0.24383794 0.33391818
vn -0.83850104 0.41292447 -0.35554102
vn -0.9794329 0.12377902 0.15934248
vn 0.23035792 0.21848416 -0.9482615
vn 0.9241319 -0.18739717 -0.33296037
vn 0.9580218 -0.26900756 -0.09914216
vn 0.9191461 -0.03977855 -0.3919031
vn 0.9241319 -0.18739717 -0.33296037
vn -0.70549417 -0.3470067 0.61795175
vn -0.9190635 0.21051855 0.333173
vn 0.9027899 -0.27079645 -0.33412525
vn 0.9818874 0.0014150585 -0.18946002
vn -0.9063306 0.2733768 0.32222667
vn 0.9262614 0.12499121 -0.35555157
vn -0.23513274 0.68226975 -0.6922576
vn -0.95919937 0.022402307 0.28184164
vn 0.41035205 0.44901302 -0.7937245
vn -0.9101315 -0.30925974 0.2757156
vn 0.768937 -0.30513442 -0.56180865
vn -0.83854127 0.22935885 0.49420956
vn -0.924959 0.35006353 0.14800802
vn -0.80476654 0.5901847 0.06350489
vn -0.9294501 0.25529003 0.26636362
vn 0.868659 -0.49494168 -0.02154722
vn -0.7112048 0.44298017 -0.54585373
vn 0.63868994 0.7073961 -0.30276385
vn 0.89586776 -0.41216075 0.1659653
vn 0.6430065 -0.4589931 -0.61308074
vn 0.89255214 -0.22129485 -0.3929112
vn -0.83850104 0.41292447 -0.35554102
vn -0.910646 0.08203978 0.40496078
vn -0.28748864 0.83759475 -0.46452698
vn -0.6612681 0.26071003 0.70338804
vn -0.8840851 0.4619258 -0.070838444
vn -0.83546174 0.43195736 0.33973005
vn 0.87081474 0.16459994 -0.46323708
vn -0.3271627 0.7683584 0.55008173
vn 0.89759225 -0.045493577 -0.43847284
vn 0.89586776 -0.41216075 0.1659653
vn 0.8195861 -0.27466413 -0.5028302
vn -0.7704001 0.4512014 0.4504453
vn -0.8840851 0.4619258 -0.070838444
vn 0.9809588 0.081319265 -0.17637175
vn -0.7868722 -0.24617676 0.5658879
vn -0.28748864 0.83759475 -0.46452698
vn 0.9809588 0.081319265 -0.17637175
vn -0.3271627 0.7683584 0.55008173
vn 0.14364202 -0.3322406 -0.9321927
vn 0.8793659 -0.38616723 -0.2785506
vn 0.95746624 -0.06740144 -0.28056276
vn 0.87081474 0.16459994 -0.46323708
vn -0.64081526 0.76765513 -0.00783515
vn 0.95746624 -0.06740144 -0.28056276
vn -0.45719042 0.3251694 -0.8277933
vn 0.70440876 0.4566496 0.5433962
vn -0.75558114 0.606308 0.24796714
vn 0.868659 -0.49494168 -0.02154722
vn 0.8793659 -0.38616723 -0.2785506
vn -0.77532786 -0.13849747 0.616186
vn -0.5426681 -0.6812048 0.49139735
vn -0.7699193 0.61978704 -0.15194848
vn -0.5426681 -0.6812048 0.49139735
vn -0.9156735 -0.1439261 -0.37526962
vn -0.80678767 -0.44076562 -0.39347082
vn -0.92364436 0.30644435 0.23015863
vn -0.9185068 0.12525795 -0.37504092
vn 0.9818874 0.0014150585 -0.18946002
vn 0.9847374 0.06050622 -0.16319095
vn 0.9903054 0.10319442 0.092984594
vn 0.8337153 -0.5046514 -0.22415553
vn -0.685684 0.34202805 -0.6425373
vn 0.9524526 0.29731974 -0.06659609
vn -0.9063306 0.2733768 0.32222667
vn -0.90968925 0.098676614 0.403396
vn 0.9580218 -0.26900756 -0.09914216
vn -0.70549417 -0.3470067 0.61795175
vn -0.9063306 0.2733768 0.32222667
vn 0.9580218 -0.26900756 -0.09914216
vn 0.9241319 -0.18739717 -0.33296037
vn -0.9190635 0.21051855 0.333173
vn 0.9191461 -0.03977855 -0.3919031
vn 0.9818874 0.0014150585 -0.18946002
vn 0.8337153 -0.5046514 -0.22415553
vn -0.7191238 -0.5754661 -0.38948652
vn 0.9545968 -0.20936778 0.21191987
vn -0.74806964 -0.64495766 0.15627368
vn -0.85846937 0.43785655 -0.26704314
vn 0.97772944 0.009477337 0.20965517
vn 0.9903054 0.10319442 0.092984594
vn -0.85846937 0.43785655 -0.26704314
vn -0.685684 0.34202805 -0.6425373
vn -0.7852419 -0.5023203 -0.36203519
vn -0.685684 0.34202805 -0.6425373
vn -0.85846937 0.43785655 -0.26704314
vn -0.7852419 -0.5023203 -0.36203519
vn -0.85846937 0.43785655 -0.26704314
vn -0.74806964 -0.64495766 0.15627368
vn -0.7191238 -0.5754661 -0.38948652
vn -0.685684 0.34202805 -0.6425373
vn -0.7852419 -0.5023203 -0.36203519
vn 0.9903054 0.10319442 0.092984594
vn 0.9191461 -0.03977855 -0.3919031
vn 0.9818874 0.0014150585 -0.18946002
vn -0.90968925 0.098676614 0.403396
vn 0.9580218 -0.26900756 -0.09914216
vn -0.9294501 0.25529003 0.26636362
vn 0.9818874 0.0014150585 -0.18946002
vn -0.9190635 0.21051855 0.333173
vn -0.9063306 0.2733768 0.32222667
vn 0.9524526 0.29731974 -0.06659609
vn -0.685684 0.34202805 -0.6425373
vn -0.7191238 -0.5754661 -0.38948652
vn 0.9524526 0.29731974 -0.06659609
vn -0.74806964 -0.64495766 0.15627368
vn 0.8337153 -0.5046514 -0.22415553
vn -0.85846937 0.43785655 -0.26704314
vn 0.9903054 0.10319442 0.092984594
vn -0.74806964 -0.64495766 0.15627368
vn -0.7852419 -0.5023203 -0.36203519
vn -0.9967996 -0.06297687 0.04923962
vn -0.40336776 0.37445903 0.8349101
vn -0.9962586 0.07098466 -0.049293954
vn -0.9745097 0.1993235 0.102961
vn -0.45744294 0.5479287 0.70037144
vn -0.33791122 -0.040772468 0.94029444
vn -0.9416836 0.32422864 0.09004316
vn -0.725901 0.34226066 0.5965948
vn -0.46959272 0.30600744 0.8281559
vn -0.79695135 -0.12309392 0.59136826
vn -0.62658954 -0.3509122 0.695878
vn -0.6721704 -0.2088691 -0.71032435
vn -0.22680946 -0.4490435 -0.8642438
vn 0.9401936 0.28589103 -0.1852089
vn -0.72355217 -0.1425612 -0.6753877
vn 0.9191461 -0.03977855 -0.3919031
vn 0.41035205 0.44901302 -0.7937245
vn -0.9101315 -0.30925974 0.2757156
vn -0.94809675 0.2832244 0.14455634
vn -0.8035561 0.5918995 0.06286961
vn 0.89586776 -0.41216075 0.1659653
vn 0.63868994 0.7073961 -0.30276385
vn -0.910875 0.320167 0.2603839
vn -0.3271627 0.7683584 0.55008173
vn -0.700767 -0.38627538 -0.5997641
vn 0.8491292 0.07439399 0.5229198
vn -0.83368164 -0.124924175 -0.5379302
vn -0.9196725 -0.17174348 -0.3531384
vn 0.9213283 0.1844508 0.34224564
vn 0.6190685 -0.3310221 0.7121647
vn 0.9651764 0.26060998 0.022736734
vn 0.8451415 -0.4232523 -0.32648635
vn 0.8206385 -0.5545389 -0.13798244
vn 0.7644258 -0.5747978 -0.29199424
vn -0.95769876 -0.045025278 -0.28422838
vn 0.64607835 -0.7346907 -0.2069113
vn -0.7031766 -0.103718124 -0.7034097
vn -0.83368164 -0.124924175 -0.5379302
vn 0.6190685 -0.3310221 0.7121647
vn 0.94804275 -0.008784053 0.31802174
vn -0.80476654 0.5901847 0.06350489
vn -0.9105173 0.24383794 0.33391818
vn 0.89255214 -0.22129485 -0.3929112
vn -0.9416836 0.32422864 0.09004316
vn -0.9962586 0.07098466 -0.049293954
vn -0.9745097 0.1993235 0.102961
vn -0.8840851 0.4619258 -0.070838444
vn 0.63868994 0.7073961 -0.30276385
vn -0.7112048 0.44298017 -0.54585373
vn -0.8035561 0.5918995 0.06286961
vn -0.910875 0.320167 0.2603839
vn 0.89759225 -0.045493577 -0.43847284
vn -0.75558114 0.606308 0.24796714
vn -0.9344038 0.12797417 0.3324337
vn -0.9185068 0.12525795 -0.37504092
vn 0.89255214 -0.22129485 -0.3929112
vn -0.910646 0.08203978 0.40496078
vn 0.768937 -0.30513442 -0.56180865
vn -0.9105173 0.24383794 0.33391818
vn -0.96299267 -0.26952597 0.00093172805
vn 0.9872629 -0.15909226 0.0012813465
vn -0.98349077 0.17389776 0.05005444
vn -0.92913175 0.3098776 -0.20171769
vn 0.9573711 -0.26458448 -0.11591183
vn 0.91232026 -0.27353662 -0.30471215
vn -0.9051505 -0.07307549 -0.41876313
vn -0.55264497 -0.40411723 -0.72888464
vn -0.20980951 -0.6179639 -0.75769424
vn -0.5005026 -0.59050137 -0.63309187
vn -0.32416043 0.7886543 -0.52244073
vn 0.87081474 0.16459994 -0.46323708
vn 0.9809588 0.081319265 -0.17637175
vn -0.7868722 -0.24617676 0.5658879
vn -0.28748864 0.83759475 -0.46452698
vn -0.3271627 0.7683584 0.55008173
vn -0.7868722 -0.24617676 0.5658879
vn 0.87081474 0.16459994 -0.46323708
vn 0.70440876 0.4566496 0.5433962
vn -0.45719042 0.3251694 -0.8277933
vn -0.7868722 -0.24617676 0.5658879
vn -0.32416043 0.7886543 -0.52244073
vn -0.5426681 -0.6812048 0.49139735
vn -0.9344038 0.12797417 0.3324337
vn -0.3271627 0.7683584 0.55008173
vn -0.910875 0.320167 0.2603839
vn -0.77532786 -0.13849747 0.616186
vn 0.14364202 -0.3322406 -0.9321927
vn -0.9185068 0.12525795 -0.37504092
vn -0.3271627 0.7683584 0.55008173
vn 0.87081474 0.16459994 -0.46323708
vn -0.32416043 0.7886543 -0.52244073
vn -0.45719042 0.3251694 -0.8277933
vn 0.9809588 0.081319265 -0.17637175
vn 0.87081474 0.16459994 -0.46323708
vn -0.7699193 0.61978704 -0.15194848
vn -0.45719042 0.3251694 -0.8277933
vn 0.87081474 0.16459994 -0.46323708
vn 0.95746624 -0.06740144 -0.28056276
vn 0.70440876 0.4566496 0.5433962
vn -0.7699193 0.61978704 -0.15194848
vn 0.70440876 0.4566496 0.5433962
vn -0.5426681 -0.6812048 0.49139735
vn -0.7699193 0.61978704 -0.15194848
vn 0.87081474 0.16459994 -0.46323708
vn 0.70440876 0.4566496 0.5433962
vn -0.7298666 0.012252721 -0.6834798
vn -0.06875368 -0.41321057 -0.9080363
vn -0.18151216 0.23556718 -0.9547573
vn -0.7306003 -0.17828378 -0.6591192
vn -0.37341827 -0.27472448 -0.88605034
vn -0.982847 0.1657189 -0.08092665
vn 0.9814329 0.0889139 -0.1699523
vn -0.8252155 0.5183214 -0.22441553
vn 0.90071887 0.42939672 0.065757014
vn 0.8923163 -0.091358885 -0.44206926
vn 0.8923163 -0.091358885 -0.44206926
vn 0.26644507 0.9448649 -0.19036084
vn 0.9814329 0.0889139 -0.1699523
vn -0.2749531 0.9609843 0.030166604
vn 0.9197436 -0.21539314 -0.3281425
vn -0.9502756 0.31054795 -0.023156414
vn -0.2749531 0.9609843 0.030166604
vn 0.6884012 0.14321445 -0.71105087
vn -0.49384758 0.5430379 -0.679135
vn 0.9616058 0.022532705 -0.273508
vn 0.9710311 -0.11650813 0.20862508
vn 0.5563069 -0.7802216 -0.28596663
vn 0.9339659 -0.34128326 -0.10598746
vn 0.8923163 -0.091358885 -0.44206926
vn 0.26644507 0.9448649 -0.19036084
vn -0.51351863 0.50431633 -0.69423604
vn 0.8972535 -0.2946189 -0.32884014
vn 0.8972535 -0.2946189 -0.32884014
vn -0.9502756 0.31054795 -0.023156414
vn 0.9338405 -0.33683288 -0.12035556
vn 0.85813266 -0.4114659 -0.3070898
vn 0.96271735 0.029759051 -0.26886737
vn -0.874448 0.40204102 0.27148423
vn 0.6287352 -0.4911648 -0.6028675
vn 0.9343692 -0.35583842 -0.01825495
vn 0.3819713 -0.924095 -0.012099007
vn 0.89486784 -0.19352289 -0.4021945
vn 0.9668602 -0.15115924 -0.20574804
vn 0.84402686 -0.500082 -0.19374362
vn -0.8469975 0.531397 0.014578917
vn 0.9540506 -0.10956532 -0.2788958
vn 0.5563069 -0.7802216 -0.28596663
vn 0.6287352 -0.4911648 -0.6028675
vn -0.85751873 0.23493578 -0.45767543
vn -0.48056194 0.8354565 -0.26659462
vn 0.80588853 -0.14880832 -0.57306176
vn 0.94806427 -0.14874074 -0.28115892
vn -0.94093406 0.032970004 0.33698082
vn -0.869749 0.39684796 0.29334
vn -0.13270295 0.5084377 0.850812
vn -0.869749 0.39684796 0.29334
vn 0.9540506 -0.10956532 -0.2788958
vn -0.96287674 -0.15501627 -0.22099395
vn -0.91810435 0.16292566 -0.36130264
vn 0.90891576 -0.20138595 -0.36512446
vn 0.9606387 -0.19892251 -0.19391514
vn 0.9525055 -0.20549473 -0.22473335
vn -0.95780176 0.2630353 0.11588035
vn 0.9525055 -0.20549473 -0.22473335
vn 0.94806427 -0.14874074 -0.28115892
vn -0.9325552 -0.0051285657 0.36099103
vn -0.88841677 0.43359074 0.15071404
vn 0.90891576 -0.20138595 -0.36512446
vn -0.939259 0.24269375 0.2426774
vn 0.99323446 -0.06550619 -0.09588674
vn -0.88841677 0.43359074 0.15071404
vn 0.77661717 -0.33112943 -0.5359282
vn 0.8182792 -0.5359864 -0.20769615
vn -0.84206814 0.5007622 0.20039587
vn 0.22707826 -0.13311467 -0.9647362
vn 0.673143 -0.6002252 -0.43198162
vn 0.7251532 0.055521753 -0.6863455
vn 0.8182792 -0.5359864 -0.20769615
vn 0.5654421 0.045999553 -0.82350427
vn -0.84206814 0.5007622 0.20039587
vn -0.80535275 0.5825059 -0.10997212
vn 0.6286719 -0.7743742 0.07152831
vn 0.6286719 -0.7743742 0.07152831
vn -0.80984855 0.4493084 0.3771833
vn 0.59695035 -0.7331899 -0.32570368
vn -0.8983643 0.30072045 0.32016984
vn 0.7231446 -0.5057988 -0.47035035
vn -0.88841677 0.43359074 0.15071404
vn 0.56718576 -0.29602835 -0.76854897
vn 0.77661717 -0.33112943 -0.5359282
vn 0.56718576 -0.29602835 -0.76854897
vn 0.6763225 0.29845163 -0.67343485
vn 0.7251532 0.055521753 -0.6863455
vn -0.6015389 0.6095302 0.51635635
vn -0.42827868 0.6391357 0.6388137
vn -0.6015389 0.6095302 0.51635635
vn 0.45292506 -0.8240312 -0.34034035
vn -0.1824547 -0.31928435 -0.9299289
vn -0.6015389 0.6095302 0.51635635
vn -0.9631798 0.17754298 -0.20189874
vn -0.55008763 -0.13039792 -0.8248636
vn -0.33807454 0.14811619 -0.9293908
vn -0.77008307 -0.21693057 0.59992766
vn -0.6148384 -0.22942151 0.75454587
vn -0.93995184 -0.33316302 0.0741145
vn 0.52158046 -0.690636 -0.5009748
vn -0.010326731 -0.27071998 0.96260273
vn 0.96025383 -0.12812135 -0.24798682
vn 0.94254863 -0.04530963 0.3309821
vn 0.52158046 -0.690636 -0.5009748
vn 0.121649966 -0.8971273 0.42469278
vn 0.9364214 0.020601505 -0.35027215
vn -0.6148384 -0.22942151 0.75454587
vn 0.93485016 -0.3073225 -0.17778654
vn -0.61355793 -0.73282963 0.29412138
vn 0.7424642 -0.66799146 0.05034225
vn -0.29743886 -0.90640503 0.2999333
vn 0.9931057 0.11716622 -0.0036276935
vn 0.97766364 0.024518995 -0.20874068
vn 0.8484472 0.082858965 0.522754
vn 0.7848352 -0.32385355 0.52834886
vn 0.08418621 -0.5494648 -0.83126473
vn 0.039641112 -0.54184335 -0.8395441
vn -0.49269134 -0.34391734 -0.7993598
vn 0.55533355 -0.3687969 -0.7453815
vn -0.37341827 -0.27472448 -0.88605034
vn 0.34829888 -0.41976377 -0.83814454
vn -0.9810287 -0.071938515 -0.18002105
vn -0.89608985 0.27385497 -0.34932286
vn 0.8180191 -0.5638954 0.113431446
vn 0.75945807 -0.63847005 -0.12481764
vn -0.96709144 0.060418032 -0.24715148
vn 0.6312012 -0.2140262 -0.7455051
vn -0.8659602 0.14525202 -0.47855493
vn 0.75945807 -0.63847005 -0.12481764
vn -0.6081817 0.5436333 -0.5784271
vn -0.5827062 -0.018373169 -0.8124752
vn 0.99661505 -0.07594157 0.031485815
vn -0.08628497 -0.40941396 -0.9082594
vn -0.82723016 0.52598864 -0.19755058
vn 0.8180191 -0.5638954 0.113431446
vn 0.896279 -0.37880722 0.23062761
vn 0.896279 -0.37880722 0.23062761
vn -0.79056484 0.56239223 -0.24232674
vn -0.82723016 0.52598864 -0.19755058
vn 0.8197109 -0.49442014 0.28917602
vn 0.7238737 -0.5384079 0.43142065
vn -0.93242973 0.17441742 -0.3164701
vn -0.8192755 0.3918586 -0.41861024
vn 0.36850777 -0.92882675 -0.038508203
vn 0.3197654 -0.74776006 0.58189774
vn -0.36825156 -0.928639 -0.044948906
vn -0.047411285 -0.72120553 0.6910968
vn 0.121649966 -0.8971273 0.42469278
vn -0.010326731 -0.27071998 0.96260273
vn -0.01993888 -0.9466241 0.32172233
vn 0.7424642 -0.66799146 0.05034225
vn -0.29743886 -0.90640503 0.2999333
vn -0.47930667 -0.8669191 0.13680795
vn -0.01243939 -0.9937692 0.110761
vn 0.77629614 -0.57926804 0.24862191
vn -0.6160056 -0.7876634 0.011111687
vn 0.39963534 -0.74942267 0.52787995
vn 0.05410984 -0.88676554 0.45904142
vn 0.00065785664 -0.99898934 -0.04494282
vn 0.1691618 -0.9809968 0.09502391
vn -0.45377776 -0.8866262 0.089329615
vn -0.86618143 -0.43423444 0.24732603
vn 0.10224913 -0.3264648 0.93966264
vn -0.75336665 -0.61889255 0.22228508
vn -0.86418617 0.031805884 0.5021659
vn -0.7354941 -0.18705082 0.6511993
vn 0.8484472 0.082858965 0.522754
vn -0.29743886 -0.90640503 0.2999333
vn 0.93485016 -0.3073225 -0.17778654
vn -0.8855978 -0.19454989 0.42174265
vn -0.61355793 -0.73282963 0.29412138
vn 0.7848352 -0.32385355 0.52834886
vn 0.96271735 0.029759051 -0.26886737
vn -0.9502756 0.31054795 -0.023156414
vn -0.89330494 0.37562212 0.24680817
vn -0.48056194 0.8354565 -0.26659462
vn -0.89330494 0.37562212 0.24680817
vn -0.869749 0.39684796 0.29334
vn 0.9668602 -0.15115924 -0.20574804
vn 0.80588853 -0.14880832 -0.57306176
vn -0.94093406 0.032970004 0.33698082
vn -0.13270295 0.5084377 0.850812
vn -0.48056194 0.8354565 -0.26659462
vn -0.96287674 -0.15501627 -0.22099395
vn -0.13270295 0.5084377 0.850812
vn 0.9540506 -0.10956532 -0.2788958
vn 0.9540506 -0.10956532 -0.2788958
vn 0.80588853 -0.14880832 -0.57306176
vn -0.96287674 -0.15501627 -0.22099395
vn -0.96287674 -0.15501627 -0.22099395
vn -0.97900575 0.05392837 0.1965691
vn -0.9114054 0.32152006 0.25683662
vn -0.939259 0.24269375 0.2426774
vn 0.90891576 -0.20138595 -0.36512446
vn -0.6643154 0.44845805 0.5979719
vn -0.97900575 0.05392837 0.1965691
vn -0.95780176 0.2630353 0.11588035
vn -0.9325552 -0.0051285657 0.36099103
vn -0.95780176 0.2630353 0.11588035
vn 0.90819675 0.4073739 -0.09604763
vn 0.94806427 -0.14874074 -0.28115892
vn -0.9325552 -0.0051285657 0.36099103
vn -0.9114054 0.32152006 0.25683662
vn 0.94806427 -0.14874074 -0.28115892
vn 0.99323446 -0.06550619 -0.09588674
vn -0.6643154 0.44845805 0.5979719
vn 0.90891576 -0.20138595 -0.36512446
vn -0.6643154 0.44845805 0.5979719
vn 0.90819675 0.4073739 -0.09604763
vn 0.9525055 -0.20549473 -0.22473335
vn 0.9525055 -0.20549473 -0.22473335
vn -0.9325552 -0.0051285657 0.36099103
vn -0.48056194 0.8354565 -0.26659462
vn -0.97900575 0.05392837 0.1965691
vn -0.9429974 0.2718274 0.19200467
vn 0.9606387 -0.19892251 -0.19391514
vn 0.9525055 -0.20549473 -0.22473335
vn 0.94806427 -0.14874074 -0.28115892
vn -0.9114054 0.32152006 0.25683662
vn -0.97900575 0.05392837 0.1965691
vn -0.97900575 0.05392837 0.1965691
vn 0.99323446 -0.06550619 -0.09588674
vn -0.939259 0.24269375 0.2426774
vn 0.9525055 -0.20549473 -0.22473335
vn 0.90819675 0.4073739 -0.09604763
vn -0.48056194 0.8354565 -0.26659462
vn -0.5827062 -0.018373169 -0.8124752
vn -0.08628497 -0.40941396 -0.9082594
vn -0.7768681 -0.075769 -0.62508804
vn -0.73611486 -0.4858653 -0.47124282
vn -0.1520852 -0.98806435 0.024474287
vn -0.5696151 -0.75750273 -0.31894866
vn -0.87046957 -0.115166724 -0.47855964
vn -0.2694363 -0.54516244 -0.7938526
vn -0.93242973 0.17441742 -0.3164701
vn -0.32299852 -0.83054876 -0.4537187
vn -0.8909233 0.23007277 -0.39156377
vn 0.36850777 -0.92882675 -0.038508203
vn 0.37725505 -0.80527616 -0.4573937
vn 0.7831123 -0.025344746 -0.62136364
vn -0.7495741 -0.64014584 0.1683805
vn 0.7314023 -0.6213737 -0.2809723
vn -0.5335811 -0.544796 -0.6469069
vn -0.7789372 -0.37622234 -0.50171065
vn 0.2841506 -0.79205763 0.5402806
vn 0.96813434 -0.032827795 -0.24827038
vn 0.9111598 -0.1995066 -0.36053428
vn 0.7749699 0.17493969 -0.6073037
vn 0.32393807 -0.49205786 0.808049
vn -0.64065456 -0.3593611 0.67854357
vn 0.1244523 -0.8697731 0.47750017
vn 0.65321654 -0.26867887 -0.7078982
vn 0.3240052 0.90396965 0.27903312
vn 0.7251532 0.055521753 -0.6863455
vn 0.6763225 0.29845163 -0.67343485
vn 0.53718746 0.75127167 0.38343254
vn -0.21661967 0.97068304 0.10416525
vn 0.60236317 0.49677816 0.62479603
vn -0.6819919 0.7313538 0.0029490306
vn -0.5591419 0.8133049 0.16092074
vn -0.15856355 0.91908026 0.36076182
vn -0.33807454 0.14811619 -0.9293908
vn -0.8754912 0.36382926 0.31803057
vn -0.9534004 0.26861027 0.13739093
vn -0.73691666 0.60972244 0.29187748
vn -0.9660902 0.25673762 0.02748737
vn -0.5302056 0.84067535 0.11021321
vn -0.91591877 0.38509548 -0.11311168
vn -0.92696357 0.25377995 0.2762866
vn -0.9855898 0.16744952 -0.023946237
vn -0.91453177 -0.170292 -0.36692274
vn -0.76176983 0.6091835 0.22045912
vn -0.57647824 0.57178986 -0.5837202
vn -0.9128146 0.39820173 -0.09058059
vn 0.66495043 0.39996356 0.63076943
vn 0.9084575 0.3969156 0.13100731
vn 0.81997335 0.021611528 -0.5719936
vn 0.9516781 -0.17578639 -0.25180936
vn -0.82551724 0.4909018 0.27845415
vn 0.9402865 0.33580428 0.055648204
vn 0.19408719 0.8690778 -0.45500982
vn -0.6564601 0.522432 0.5441736
vn 0.60236317 0.49677816 0.62479603
vn 0.53718746 0.75127167 0.38343254
vn -0.21661967 0.97068304 0.10416525
vn 0.20235687 0.9758363 0.08243331
vn -0.6819919 0.7313538 0.0029490306
vn -0.15856355 0.91908026 0.36076182
vn 0.0892163 0.99457 0.05358056
vn -0.66457653 0.69533765 0.2735756
vn 0.64146304 0.73887163 -0.20638278
vn -0.9348716 -0.07848803 -0.34620038
vn -0.92936164 0.3217425 0.18102138
vn -0.33807454 0.14811619 -0.9293908
vn 0.52654266 0.64801 -0.55030525
vn 0.5653221 -0.6000384 -0.5660078
vn 0.15104598 -0.74090916 -0.6543995
vn 0.43795574 -0.28043517 -0.8541375
vn 0.57170993 -0.24681483 -0.7824514
vn -0.10434242 -0.9515879 -0.2891247
vn 0.57170993 -0.24681483 -0.7824514
vn 0.43795574 -0.28043517 -0.8541375
vn -0.04262403 -0.33304766 -0.9419461
vn 0.36580974 -0.31066024 -0.87731034
vn 0.17927715 -0.44092196 -0.87945867
vn -0.14904985 -0.50999624 -0.8471647
vn 0.27777624 0.0006258181 -0.9606456
vn 0.7314023 -0.6213737 -0.2809723
vn 0.15104598 -0.74090916 -0.6543995
vn 0.5297963 -0.46251777 -0.71091014
vn -0.13448897 -0.6206038 -0.7725048
vn 0.3704602 -0.3384728 -0.8649829
vn 0.34913182 -0.6280089 -0.6954939
vn 0.21150135 -0.55673075 -0.8033169
vn 0.74687266 -0.2234679 -0.62629336
vn 0.0788942 -0.44825807 -0.89041585
vn 0.18512093 -0.4171571 -0.889781
vn -0.03555546 -0.41627404 -0.90854377
vn 0.19605234 -0.46633396 -0.86261004
vn 0.21668662 -0.53538454 -0.8163396
vn 0.092451446 -0.39902562 -0.91226715
vn 0.57598454 -0.22997259 -0.7844453
vn 0.15102075 -0.24856032 -0.9567709
vn 0.24097246 -0.44541144 -0.8622882
vn -0.40066645 -0.51655143 -0.7567305
vn 0.25478202 -0.37469465 -0.8914539
vn 0.3050183 -0.39491978 -0.86660385
vn 0.5533585 -0.40879494 -0.7257279
vn 0.064596735 -0.53596246 -0.8417669
vn 0.41339317 -0.54173374 -0.7318679
vn 0.2446236 -0.69543177 -0.67567295
vn 0.72027814 -0.3339572 -0.60800654
vn 0.22724332 -0.60087407 -0.7663621
vn 0.23598793 -0.30542415 -0.92251056
vn 0.041714363 -0.4014411 -0.9149344
vn 0.794519 -0.088210344 -0.6007982
vn 0.58052766 -0.10059978 -0.80800205
vn 0.2910933 -0.6940653 -0.6584361
vn 0.6694818 -0.34290516 -0.6589463
vn 0.6327851 -0.33347017 -0.6988424
vn 0.5192956 -0.28969005 -0.80399734
vn 0.3261169 -0.28349733 -0.90181875
vn 0.32451934 -0.52969414 -0.78365254
vn 0.714963 -0.38734245 -0.58205986
vn 0.8391782 -0.052564643 -0.54131037
vn 0.56653446 -0.5817387 -0.58362556
vn 0.28367686 -0.75826025 -0.58699983
vn 0.2956529 -0.42595124 -0.85507596
vn 0.44741413 -0.6784151 -0.5827294
vn 0.4740459 -0.549737 -0.68780065
vn 0.099588506 -0.38136265 -0.9190455
vn 0.6153352 -0.43262473 -0.65893734
vn 0.525066 -0.6270128 -0.57546556
vn 0.23281203 -0.33379292 -0.91344446
vn -0.4274159 -0.34922296 -0.83388186
vn 0.68930924 -0.15473759 -0.70774925
vn 0.4319154 -0.39298886 -0.8117936
vn 0.43397945 -0.55775946 -0.707507
vn 0.3404647 -0.40098614 -0.85046685
vn 0.38108212 -0.5382662 -0.7516954
vn 0.08297084 -0.80643916 -0.5854671
vn 0.42868325 -0.4197238 -0.8000391
vn -0.41658682 -0.3724145 -0.8293147
vn -0.09106894 -0.79673314 -0.5974301
vn 0.70975494 -0.29368922 -0.64030814
vn 0.6029519 -0.14371574 -0.78472596
vn 0.6286856 -0.40204048 -0.665671
vn 0.50804234 -0.26660302 -0.81903344
vn 0.46235308 -0.7092349 -0.53217995
vn 0.5855124 -0.38529024 -0.71325076
vn -0.50487787 -0.15086386 -0.84990495
vn -0.48328063 -0.27511898 -0.83111334
vn 0.8744572 -0.32149667 -0.36326924
vn 0.81093884 -0.17761585 -0.55752206
vn 0.5630148 -0.5012541 -0.65708345
vn 0.73744905 -0.3006104 -0.60481596
vn 0.09058905 -0.37637892 -0.92202634
vn 0.13184404 -0.49444357 -0.8591523
vn 0.11645867 -0.21195519 -0.97031564
vn 0.37864715 -0.34491903 -0.85886973
vn 0.6990406 -0.2296976 -0.67718625
vn 0.09944989 -0.5694596 -0.81598127
vn -0.21393271 -0.43089747 -0.8766756
vn 0.2516174 -0.49281436 -0.8329602
vn -0.049935885 -0.04320167 -0.99781764
vn 0.5606273 -0.25173542 -0.78887665
vn 0.45438364 -0.71300936 -0.53399736
vn 0.71499056 -0.28991812 -0.6361886
vn 0.80181825 -0.12533432 -0.5842763
vn 0.118994996 -0.27013692 -0.95544034
vn 0.6972748 -0.049057905 -0.71512324
vn 0.69514054 -0.22354661 -0.6832324
vn 0.41012648 -0.0073131644 -0.91199934
vn 0.79017735 0.0504292 -0.6108
vn 0.4566057 -0.26619294 -0.8489126
vn 0.43429855 -0.50218636 -0.74779254
vn 0.6110146 0.19261502 -0.76782846
vn -0.4592816 -0.14913727 -0.87568176
vn 0.91842824 -0.1869239 -0.34863874
vn 0.933682 -0.30474785 -0.18806005
vn 0.5510622 -0.7132625 -0.43311322
vn 0.66329485 0.058284283 -0.74608505
vn 0.66346484 -0.5840543 -0.46764836
vn 0.66451794 -0.3094307 -0.6801974
vn 0.6451999 -0.7177406 -0.26185024
vn 0.93954307 -0.20106404 -0.27718592
vn 0.3197654 -0.74776006 0.58189774
vn -0.69240344 0.52260983 -0.49744996
vn 0.33591837 0.68243736 -0.6491826
vn -0.6189939 0.5824336 -0.52689445
vn 0.36850777 -0.92882675 -0.038508203
vn -0.61290616 0.47176033 -0.6338677
vn 0.8207169 0.40549225 -0.40249196
vn 0.66730636 0.40739778 -0.6234816
vn 0.8580866 0.25880527 -0.44351688
vn -0.37868017 -0.6996879 -0.60583675
vn 0.7817018 0.4656618 -0.414851
vn -0.36825156 -0.928639 -0.044948906
vn -0.82875574 -0.5091271 0.23227903
vn -0.14942485 -0.7210297 -0.67660064
vn 0.87631804 0.3641054 -0.3154266
vn 0.8894823 0.29463193 -0.3493039
vn 0.16975875 -0.519941 -0.83716387
vn 0.9145148 0.29200754 -0.27998987
vn 0.86224335 0.31902602 -0.39339396
vn 0.75009227 0.13062976 -0.64830357
vn 0.67882067 0.39105254 -0.6215146
vn 0.9625737 0.16581288 -0.21437803
vn 0.93283767 0.15288396 -0.32625204
vn -0.21825582 0.02218205 -0.97563946
vn -0.96646047 0.24755469 -0.06834349
vn 0.4421177 0.6100555 -0.6575441
vn -0.051105086 -0.9654644 -0.25547367
vn 0.67882067 0.39105254 -0.6215146
vn 0.86224335 0.31902602 -0.39339396
vn -0.7898336 0.28368893 -0.54376787
vn 0.75009227 0.13062976 -0.64830357
vn -0.008369613 -0.11644821 -0.9931615
vn 0.4421177 0.6100555 -0.6575441
vn 0.7400334 0.13175832 -0.659538
vn 0.88712966 0.1642357 -0.43130913
vn -0.21825582 0.02218205 -0.97563946
vn 0.8653735 0.13793568 -0.4817701
vn 0.08499399 0.9956665 -0.03773919
vn 0.8410275 0.18795931 -0.5072909
vn 0.9538673 -0.022318289 -0.2993979
vn -0.8186543 0.20572756 -0.5361728
vn -0.008369613 -0.11644821 -0.9931615
vn 0.3448685 -0.118811116 -0.9311013
vn 0.58052766 -0.10059978 -0.80800205
vn -0.94418 0.3293187 -0.008563893
vn 0.9722228 -0.19615154 0.12770037
vn 0.015908154 -0.42194846 -0.90648025
vn 0.87870085 0.2939483 -0.37613726
vn -0.5983457 -0.122583576 -0.7918053
vn 0.9722228 -0.19615154 0.12770037
vn -0.5983457 -0.122583576 -0.7918053
vn 0.8784538 0.13786541 -0.45750636
vn 0.92586756 0.19538713 -0.32340863
vn 0.92586756 0.19538713 -0.32340863
vn 0.015908154 -0.42194846 -0.90648025
vn 0.88988316 0.17124997 -0.42282552
vn -0.29583645 -0.6584033 -0.6920881
vn 0.84531873 -0.09068061 -0.5265105
vn 0.794519 -0.088210344 -0.6007982
vn 0.8895606 0.12048997 -0.44064063
vn 0.8844581 0.20160596 -0.4208193
vn 0.8391782 -0.052564643 -0.54131037
vn 0.8706715 0.26828435 -0.4122556
vn 0.8844581 0.20160596 -0.4208193
vn 0.84531873 -0.09068061 -0.5265105
vn 0.24474971 -0.12075462 -0.9620374
vn 0.8706715 0.26828435 -0.4122556
vn 0.8764874 0.1535295 -0.45628786
vn -0.8579836 -0.5130653 0.025062805
vn 0.7490689 -0.02385665 -0.6620624
vn 0.5192956 -0.28969005 -0.80399734
vn 0.9962036 -0.085561894 -0.016049728
vn 0.44755012 -0.6234554 -0.64109457
vn 0.9258575 0.21571006 -0.31025335
vn -0.8579836 -0.5130653 0.025062805
vn 0.734607 -0.06440085 -0.6754296
vn 0.9258575 0.21571006 -0.31025335
vn 0.68930924 -0.15473759 -0.70774925
vn 0.85753095 0.08613999 -0.5071692
vn 0.19733578 0.06596815 -0.9781139
vn 0.92358434 0.34655866 -0.1639789
vn 0.7920188 0.21871749 -0.56997275
vn 0.80954367 -0.2199679 -0.54429144
vn -0.95565915 -0.11645092 0.27047133
vn -0.741796 -0.084117115 -0.6653292
vn -0.7700841 0.30120403 0.56235814
vn 0.8932944 0.38763747 -0.22751339
vn -0.95565915 -0.11645092 0.27047133
vn 0.94302034 0.2648828 -0.20136952
vn 0.013906312 -0.9921968 -0.12390354
vn 0.94302034 0.2648828 -0.20136952
vn 0.013906312 -0.9921968 -0.12390354
vn 0.15556668 -0.5641443 -0.8108885
vn 0.9344302 0.31086096 -0.17379779
vn 0.9344302 0.31086096 -0.17379779
vn 0.28560358 -0.33701885 -0.8971337
vn 0.8031468 0.36139375 0.47365582
vn 0.8913375 0.33874533 -0.30127895
vn 0.8913375 0.33874533 -0.30127895
vn 0.9277156 0.23294802 -0.2916831
vn 0.5043858 0.42833292 -0.7497505
vn 0.9590859 0.27832618 -0.05185359
vn 0.8031468 0.36139375 0.47365582
vn 0.28560358 -0.33701885 -0.8971337
vn 0.6393827 0.0589358 -0.7666266
vn 0.2611574 -0.530826 -0.80623853
vn -0.79294705 -0.60526425 0.069929555
vn 0.2611574 -0.530826 -0.80623853
vn 0.80954367 -0.2199679 -0.54429144
vn -0.18358369 0.45186582 -0.87299156
vn -0.010884173 0.70815766 -0.7059704
vn 0.67452 0.010249449 -0.7381854
vn -0.9881995 0.02663676 -0.15083873
vn 0.9963864 -0.05252138 -0.066750154
vn 0.6684577 0.7167788 0.19847535
vn 0.8040106 0.53816384 -0.2528766
vn 0.6684577 0.7167788 0.19847535
vn 0.8469781 0.35444543 -0.3962279
vn 0.8966045 0.4027683 -0.1840601
vn 0.8285916 0.018964397 -0.5595323
vn 0.90282035 0.36958703 -0.21981993
vn -0.6324612 0.7565126 0.16637784
vn 0.8469781 0.35444543 -0.3962279
vn 0.66290456 0.3226733 -0.67560303
vn 0.86842126 -0.43986574 -0.22882897
vn -0.035493705 0.79255545 0.60876596
vn 0.90158486 0.41577077 -0.1194966
vn -0.96627027 0.0778713 0.24547476
vn -0.010884173 0.70815766 -0.7059704
vn -0.97945434 0.06404512 -0.19122615
vn -0.2894207 0.9370429 -0.19541305
vn -0.041057687 0.49857923 0.86587125
vn 0.2895211 0.89821494 0.3307377
vn -0.6003694 0.50831735 0.61738974
vn 0.5582233 0.5334149 0.63549614
vn 0.7268788 0.44017282 0.52715755
vn 0.76108384 0.42361996 0.49122047
vn 0.7994159 0.41255403 0.43673036
vn -0.3427069 0.80146843 0.49010244
vn -0.42827868 0.6391357 0.6388137
vn 0.45292506 -0.8240312 -0.34034035
vn 0.2876499 0.7893162 0.5424366
vn -0.5790754 0.19697775 0.7911204
vn 0.2492007 -0.91374546 -0.32088658
vn 0.5890191 0.68787974 0.42412025
vn -0.55008763 -0.13039792 -0.8248636
vn 0.63966036 0.5741687 0.511043
vn 0.7073338 0.5317626 0.46573326
vn -0.6642973 -0.40350452 -0.62920046
vn 0.85219735 0.38897374 0.34994158
vn 0.7902639 0.57036173 0.2239876
vn 0.8895975 0.36947367 0.2685247
vn 0.5653221 -0.6000384 -0.5660078
vn -0.984839 0.056903172 -0.16387232
vn 0.15104598 -0.74090916 -0.6543995
vn 0.57170993 -0.24681483 -0.7824514
vn -0.984839 0.056903172 -0.16387232
vn 0.5653221 -0.6000384 -0.5660078
vn -0.24548304 -0.28482336 -0.9266141
vn 0.34913182 -0.6280089 -0.6954939
vn -0.984839 0.056903172 -0.16387232
vn -0.10434242 -0.9515879 -0.2891247
vn 0.34913182 -0.6280089 -0.6954939
vn 0.43795574 -0.28043517 -0.8541375
vn 0.7314023 -0.6213737 -0.2809723
vn 0.96813434 -0.032827795 -0.24827038
vn 0.27777624 0.0006258181 -0.9606456
vn 0.7749699 0.17493969 -0.6073037
vn -0.99684864 -0.03998001 -0.068515226
vn 0.9111598 -0.1995066 -0.36053428
vn 0.1244523 -0.8697731 0.47750017
vn 0.081897184 0.24268971 -0.96664083
vn -0.8638799 -0.15682116 0.47866338
vn -0.56878525 0.18232815 -0.80202234
vn 0.7749699 0.17493969 -0.6073037
vn 0.9111598 -0.1995066 -0.36053428
vn -0.8638799 -0.15682116 0.47866338
vn 0.1244523 -0.8697731 0.47750017
vn 0.7749699 0.17493969 -0.6073037
vn -0.8638799 -0.15682116 0.47866338
vn -0.9727471 -0.08282743 -0.21657024
vn 0.6244865 0.32811737 -0.7087705
vn 0.88671225 0.14539574 -0.4388638
vn -0.69935983 0.31227377 -0.6429471
vn 0.7831123 -0.025344746 -0.62136364
vn -0.25026485 0.18499364 -0.9503393
vn -0.2694363 -0.54516244 -0.7938526
vn 0.89078695 -0.22723502 -0.39352623
vn 0.65321654 -0.26867887 -0.7078982
vn 0.8609299 0.13362208 -0.49086136
vn 0.8603711 -0.19123961 -0.4724288
vn 0.88233346 0.11375296 -0.4566705
vn 0.82280856 -0.034220837 -0.5672874
vn 0.37725505 -0.80527616 -0.4573937
vn -0.7495741 -0.64014584 0.1683805
vn -0.50955635 -0.7968895 -0.32452962
vn 0.74687266 -0.2234679 -0.62629336
vn -0.91791683 -0.36607495 -0.15302892
vn 0.5366246 0.10530394 -0.8372246
vn 0.82763344 0.25148058 -0.50177723
vn 0.8724131 0.1861264 -0.45194286
vn -0.18749915 -0.07831776 -0.9791376
vn 0.15102075 -0.24856032 -0.9567709
vn 0.57598454 -0.22997259 -0.7844453
vn 0.28058568 -0.27410513 -0.9198576
vn -0.4801219 -0.43338987 -0.76266384
vn 0.22240189 0.7491579 -0.623939
vn -0.32836595 0.76048774 -0.56020904
vn 0.97809154 0.1599152 -0.13328193
vn -0.9128146 0.39820173 -0.09058059
vn 0.9402865 0.33580428 0.055648204
vn -0.57647824 0.57178986 -0.5837202
vn 0.8033092 0.5955511 -0.0036400054
vn -0.76176983 0.6091835 0.22045912
vn 0.9084575 0.3969156 0.13100731
vn 0.81997335 0.021611528 -0.5719936
vn 0.7757678 0.56129104 0.28833434
vn 0.9516781 -0.17578639 -0.25180936
vn 0.19408719 0.8690778 -0.45500982
vn 0.39168134 0.90168995 -0.18314204
vn 0.023514777 0.96573573 -0.25845987
vn 0.20123824 0.931688 -0.3024246
vn 0.6474812 0.73452723 0.20307092
vn 0.13997748 0.56623465 -0.81227124
vn 0.23569798 0.7954446 -0.55831385
vn 0.5207803 0.5720281 -0.63369685
vn 0.7926386 0.40363327 0.45695102
vn 0.40343288 0.56486595 0.71983916
vn 0.7140566 0.5787586 0.39390555
vn 0.13218181 0.38300794 -0.914239
vn 0.5030395 0.40975294 -0.7609558
vn 0.14913495 0.81099313 0.5657286
vn 0.19937706 0.88567245 0.41932458
vn 0.47928312 0.7857417 0.39102137
vn 0.50375104 0.7308374 -0.4605558
vn 0.27125922 0.29480907 -0.91624564
vn 0.6734935 0.67780477 0.294936
vn 0.35188034 0.697059 0.6247312
vn 0.22532818 0.7636948 0.60497725
vn 0.6013594 0.54205966 0.5869737
vn 0.7925725 0.4980536 0.3518117
vn 0.7157737 0.26304632 -0.6468961
vn 0.24723339 0.9427619 0.22377598
vn 0.4766483 0.82539594 0.30253586
vn 0.5511846 0.7749718 -0.30921564
vn 0.46200734 0.74121 0.48698765
vn 0.78825134 0.42561746 -0.44442055
vn 0.64302593 0.6590456 0.39009818
vn 0.77572316 0.35208872 -0.52372426
vn 0.4083849 0.4774106 -0.77801085
vn 0.0072693564 0.90045583 -0.43488675
vn 0.43866295 0.7600018 -0.4795541
vn 0.2831966 0.9524934 -0.112053216
vn 0.83789694 0.31041968 -0.44896364
vn 0.5524274 0.8335396 0.0059769726
vn 0.66475546 0.7012558 0.2575664
vn 0.8399115 0.5019075 0.20648836
vn 0.44131145 0.8971943 0.016927488
vn 0.2070885 0.96920335 0.13326369
vn 0.695623 0.49852553 -0.51728225
vn 0.84841734 0.5282082 -0.03441086
vn 0.55265164 0.82209766 0.13686363
vn 0.92338216 0.20881492 -0.32212064
vn 0.20508698 0.9782369 0.03149487
vn 0.9055271 0.32842234 -0.26862502
vn 0.98816574 0.12876414 -0.08335611
vn 0.7409903 0.6486094 0.17389455
vn 0.9912876 0.12513213 0.041120443
vn 0.77267617 0.62068254 0.13313413
vn 0.963134 0.1996221 -0.18034387
vn 0.7135446 0.6153197 -0.335016
vn 0.51379293 0.80852723 -0.28688076
vn 0.812879 0.58210075 -0.019656979
vn 0.5490541 0.8095468 -0.2077824
vn 0.9529138 0.2901295 -0.088205
vn 0.7123375 0.70108736 0.03243179
vn 0.7815926 0.60649574 0.14586265
vn 0.8251275 0.44211024 -0.3517146
vn 0.81704247 0.55351156 -0.16145131
vn 0.78240484 0.61737 -0.08183476
vn 0.9021991 0.40447015 -0.14980239
vn 0.7151394 0.68201786 0.15305981
vn 0.92968833 0.3332974 0.15681978
vn 0.76193535 0.55462223 -0.33443785
vn 0.8745169 0.44225332 -0.1990783
vn 0.79931694 0.54749244 -0.24767806
vn 0.40735805 0.9117941 -0.051873762
vn 0.9354271 0.34299862 0.085603915
vn 0.8999916 0.42355037 -0.10305467
vn 0.7570896 0.63673395 -0.14623663
vn 0.64056486 0.7675979 -0.021681938
vn 0.9252252 0.37914476 -0.014406152
vn 0.86508834 0.50095165 0.025876673
vn 0.95115453 0.2917026 0.10106762
vn 0.48778766 0.8725566 -0.02661123
vn 0.5881832 0.8087053 -0.0060197837
vn 0.819658 0.56775 -0.076293655
vn 0.86945903 0.49141327 0.050536938
vn 0.9067867 0.40521047 0.11637181
vn 0.57270265 0.8095976 -0.12869854
vn 0.59078735 0.8042043 -0.06500637
vn 0.8539535 0.3758701 0.35984033
vn 0.8770626 0.26575664 0.40016824
vn 0.75739187 0.6480792 -0.0796924
vn 0.6677261 0.74152416 0.06545059
vn 0.7144697 0.6633846 0.22238247
vn 0.67113394 0.7273219 0.14346439
vn 0.70517176 0.7046344 -0.078886606
vn 0.5688789 0.8187355 0.07777568
vn 0.8358569 0.5334721 -0.1294248
vn 0.6357573 0.7551524 -0.15986703
vn 0.825083 0.44432938 0.34901202
vn 0.5327451 0.82461935 -0.19022498
vn 0.671917 0.70229447 0.23518063
vn 0.5414871 0.8381246 -0.06587012
vn 0.8345733 0.5352149 -0.13050793
vn 0.91015613 0.39114633 -0.1364563
vn 0.6677782 0.7443441 0.0049078753
vn 0.78513956 0.59331375 -0.17757998
vn 0.64912194 0.7341137 -0.19929323
vn 0.84271854 0.31001082 -0.44013488
vn 0.8053787 0.21155822 -0.5537222
vn 0.8945504 -0.12621453 -0.4287767
vn 0.50176316 0.76724684 -0.39945716
vn 0.79006004 0.28034544 -0.5451711
vn 0.6553017 0.68386596 0.32079116
vn 0.68204546 0.6930557 -0.23342617
vn 0.64173234 0.25422373 -0.7235675
vn 0.728824 0.6670936 -0.15427803
vn -0.45856974 -0.8623503 0.21462941
vn 0.98359776 -0.07465934 -0.16419941
vn 0.9534095 0.19297087 -0.23188926
vn 0.62446195 0.4340823 -0.64932257
vn 0.75626147 0.601854 -0.25659376
vn 0.92999077 0.07033229 -0.3607915
vn 0.3399927 0.7010184 -0.62687975
vn 0.93330574 0.23410413 -0.27227867
vn 0.34895205 0.64503837 -0.679822
vn 0.7601517 0.60520244 -0.23643056
vn 0.53320074 0.8139642 -0.23056294
vn -0.2070043 -0.93943614 -0.27314648
vn 0.818441 0.38716447 -0.42456812
vn 0.64538115 0.76278436 0.04053564
vn 0.5505859 0.5799114 -0.60046476
vn 0.6601397 0.6824791 -0.31374818
vn 0.6146061 0.733749 -0.28960636
vn -0.6151574 -0.73520774 0.2846945
vn 0.7451736 0.587674 -0.31520718
vn 0.60349524 0.4811753 -0.6358174
vn 0.67957586 0.72769624 -0.092923835
vn 0.7117493 0.29053172 -0.63953435
vn 0.86143637 0.18383344 -0.47342652
vn 0.6462363 0.7466329 0.15785429
vn 0.7883554 0.563998 -0.24576834
vn 0.8110959 -0.22098456 -0.54156184
vn 0.82840323 0.5296278 -0.1823252
vn 0.7457506 0.597097 -0.29551867
vn 0.86944795 0.24541022 -0.42875883
vn 0.75396293 0.5849022 0.29904735
vn 0.87605625 0.24371031 -0.41608977
vn 0.8046918 0.59073067 0.059231732
vn 0.9580828 0.23785718 -0.15969147
vn 0.91656756 0.32735404 -0.22965893
vn 0.92100936 0.217978 -0.3228426
vn 0.93513644 0.18730524 -0.30072683
vn 0.8790972 0.38643798 0.27902278
vn 0.92997736 0.30589977 -0.20388095
vn 0.88729215 0.4575588 -0.057901204
vn 0.87572247 0.4817732 0.031696953
vn -0.94552714 0.24907969 0.20961343
vn -0.5790754 0.19697775 0.7911204
vn 0.2492007 -0.91374546 -0.32088658
vn 0.7073338 0.5317626 0.46573326
vn 0.2876499 0.7893162 0.5424366
vn -0.94552714 0.24907969 0.20961343
vn 0.2492007 -0.91374546 -0.32088658
vn 0.5890191 0.68787974 0.42412025
vn -0.55008763 -0.13039792 -0.8248636
vn -0.77658075 -0.49557397 -0.38900998
vn 0.45292506 -0.8240312 -0.34034035
vn -0.94552714 0.24907969 0.20961343
vn 0.2876499 0.7893162 0.5424366
vn 0.63966036 0.5741687 0.511043
vn -0.77658075 -0.49557397 -0.38900998
vn 0.5890191 0.68787974 0.42412025
vn 0.2492007 -0.91374546 -0.32088658
vn -0.37868017 -0.6996879 -0.60583675
vn -0.31575924 0.19947875 -0.9276337
vn 0.12670647 0.65457815 -0.74530053
vn -0.6642973 -0.40350452 -0.62920046
vn -0.9348716 -0.07848803 -0.34620038
vn -0.1824547 -0.31928435 -0.9299289
vn -0.9631798 0.17754298 -0.20189874
vn -0.33807454 0.14811619 -0.9293908
vn -0.8364186 -0.3334614 -0.4349797
vn -0.92936164 0.3217425 0.18102138
vn -0.8493982 -0.5230882 -0.07001018
vn -0.8856961 -0.4481831 0.121137574
vn 0.12670647 0.65457815 -0.74530053
vn 0.77967346 0.5411281 -0.31510276
vn -0.89742404 -0.19355102 -0.39644432
vn 0.52654266 0.64801 -0.55030525
vn 0.8445641 0.42183498 -0.32979813
vn -0.8548493 -0.20600036 -0.47623166
vn -0.14942485 -0.7210297 -0.67660064
vn -0.2521654 -0.22115406 -0.94207406
vn -0.3663399 -0.57055914 -0.735022
vn -0.8493982 -0.5230882 -0.07001018
vn -0.5323967 0.34778598 -0.7717504
vn 0.16975875 -0.519941 -0.83716387
vn -0.3663399 -0.57055914 -0.735022
vn -0.93697405 -0.33334392 0.10469694
vn -0.88696045 0.08301651 -0.45432305
vn -0.9911594 -0.09178915 -0.09580078
vn -0.7847968 0.24600095 -0.5688388
vn -0.94562 -0.19492513 -0.26039773
vn -0.8803286 -0.4349513 -0.18931173
vn 0.75009227 0.13062976 -0.64830357
vn -0.7898336 0.28368893 -0.54376787
vn 0.75009227 0.13062976 -0.64830357
vn -0.7847968 0.24600095 -0.5688388
vn -0.9911594 -0.09178915 -0.09580078
vn -0.955844 0.013835799 -0.2935487
vn -0.008369613 -0.11644821 -0.9931615
vn -0.8186543 0.20572756 -0.5361728
vn -0.8803286 -0.4349513 -0.18931173
vn -0.9402295 -0.24588713 -0.23560144
vn -0.9746702 -0.19012193 -0.11777813
vn -0.77279884 -0.57624614 -0.2659366
vn -0.7677517 0.50470454 -0.394754
vn -0.98502755 -0.06857838 -0.15816993
vn -0.9610642 -0.27215406 -0.04783062
vn 0.7087882 0.7010597 -0.078323625
vn 0.53995794 0.79770344 -0.26854157
vn -0.08248067 0.9958353 0.038845796
vn -0.95244724 0.23617466 -0.19252467
vn -0.98167396 -0.1903038 0.010032531
vn -0.9906014 0.12697077 -0.050864555
vn -0.93416065 -0.29707268 -0.19771613
vn -0.9111102 -0.3670242 -0.18754028
vn -0.29583645 -0.6584033 -0.6920881
vn -0.9661079 -0.24113263 -0.09214406
vn -0.9098131 -0.36838362 -0.19113782
vn 0.84531873 -0.09068061 -0.5265105
vn -0.96743476 -0.1701998 -0.18735537
vn 0.9590939 0.035481516 -0.2808556
vn -0.96743476 -0.1701998 -0.18735537
vn -0.93416065 -0.29707268 -0.19771613
vn -0.95146865 -0.30402294 -0.047722753
vn 0.9801841 0.19632559 0.02637217
vn -0.8757695 -0.14930053 -0.45906115
vn -0.8757695 -0.14930053 -0.45906115
vn -0.8782655 -0.43843105 -0.19086088
vn -0.595485 -0.78230166 -0.18276149
vn -0.8138855 -0.5409236 -0.2121134
vn -0.46442944 0.8113332 -0.35502642
vn -0.41835505 -0.1951647 -0.8870681
vn 0.8064405 0.5877179 -0.06512621
vn 0.24474971 -0.12075462 -0.9620374
vn -0.86516804 -0.41428182 -0.282586
vn 0.24474971 -0.12075462 -0.9620374
vn -0.93385077 -0.35501713 -0.043422773
vn -0.8579836 -0.5130653 0.025062805
vn -0.8166792 -0.49248505 -0.3008216
vn -0.9732897 -0.1903202 -0.12839524
vn -0.8166792 -0.49248505 -0.3008216
vn -0.9891702 -0.14270017 -0.03433667
vn -0.86516804 -0.41428182 -0.282586
vn 0.44755012 -0.6234554 -0.64109457
vn 0.9962036 -0.085561894 -0.016049728
vn -0.97996044 -0.19247618 0.05128768
vn -0.95565915 -0.11645092 0.27047133
vn -0.8701999 -0.48249286 0.099763304
vn 0.80954367 -0.2199679 -0.54429144
vn -0.79294705 -0.60526425 0.069929555
vn -0.8630182 -0.43990263 0.24836512
vn -0.5942325 -0.21474496 0.77509505
vn -0.927499 -0.3415366 0.15198135
vn -0.8383862 -0.42209247 0.34488633
vn -0.8981384 -0.42851126 0.09861793
vn 0.2611574 -0.530826 -0.80623853
vn -0.993853 -0.110704854 -0.00081130624
vn 0.74995196 -0.6506738 0.119145595
vn -0.9719174 -0.18138652 0.14991835
vn -0.73177 -0.39009315 -0.5588739
vn 0.6684577 0.7167788 0.19847535
vn 0.67452 0.010249449 -0.7381854
vn 0.8469781 0.35444543 -0.3962279
vn -0.87079257 -0.45766655 -0.17961517
vn 0.90282035 0.36958703 -0.21981993
vn -0.035493705 0.79255545 0.60876596
vn -0.87079257 -0.45766655 -0.17961517
vn 0.8285916 0.018964397 -0.5595323
vn -0.91150147 -0.3573499 -0.20363219
vn -0.91150147 -0.3573499 -0.20363219
vn -0.8835086 -0.40804622 0.23002347
vn -0.6324612 0.7565126 0.16637784
vn -0.96627027 0.0778713 0.24547476
vn -0.9719174 -0.18138652 0.14991835
vn -0.96627027 0.0778713 0.24547476
vn -0.8835086 -0.40804622 0.23002347
vn -0.8841871 -0.46698233 0.011861573
vn 0.66290456 0.3226733 -0.67560303
vn 0.8285916 0.018964397 -0.5595323
vn -0.8841871 -0.46698233 0.011861573
vn -0.2894207 0.9370429 -0.19541305
vn 0.8040106 0.53816384 -0.2528766
vn 0.66290456 0.3226733 -0.67560303
vn -0.91150147 -0.3573499 -0.20363219
vn 0.90158486 0.41577077 -0.1194966
vn -0.2894207 0.9370429 -0.19541305
vn -0.97945434 0.06404512 -0.19122615
vn 0.8040106 0.53816384 -0.2528766
vn -0.97945434 0.06404512 -0.19122615
vn -0.960572 -0.18781742 0.20500243
vn -0.64065456 -0.3593611 0.67854357
vn -0.99684864 -0.03998001 -0.068515226
vn 0.32393807 -0.49205786 0.808049
vn 0.2841506 -0.79205763 0.5402806
vn -0.82271624 -0.46444818 0.32775882
vn 0.89078695 -0.22723502 -0.39352623
vn 0.65321654 -0.26867887 -0.7078982
vn -0.8638799 -0.15682116 0.47866338
vn -0.56878525 0.18232815 -0.80202234
vn 0.1244523 -0.8697731 0.47750017
vn 0.87993526 -0.2154497 -0.42343277
vn -0.9727471 -0.08282743 -0.21657024
vn -0.991898 -0.1255995 0.01905707
vn -0.7015184 -0.60612166 0.3748178
vn 0.3704602 -0.3384728 -0.8649829
vn 0.27777624 0.0006258181 -0.9606456
vn -0.9223775 -0.3718273 -0.10470975
vn 0.74687266 -0.2234679 -0.62629336
vn 0.3197654 -0.74776006 0.58189774
vn -0.36825156 -0.928639 -0.044948906
vn -0.82875574 -0.5091271 0.23227903
vn 0.66730636 0.40739778 -0.6234816
vn 0.36850777 -0.92882675 -0.038508203
vn 0.33591837 0.68243736 -0.6491826
vn -0.7495741 -0.64014584 0.1683805
vn -0.88571566 -0.43128467 0.17175943
vn -0.051105086 -0.9654644 -0.25547367
vn -0.9265523 -0.32605827 0.18758161
vn -0.50955635 -0.7968895 -0.32452962
vn -0.91791683 -0.36607495 -0.15302892
vn -0.86420876 -0.49517 -0.08916202
vn 0.28058568 -0.27410513 -0.9198576
vn 0.9625737 0.16581288 -0.21437803
vn 0.9538673 -0.022318289 -0.2993979
vn -0.32836595 0.76048774 -0.56020904
vn 0.22240189 0.7491579 -0.623939
vn -0.94418 0.3293187 -0.008563893
vn 0.015908154 -0.42194846 -0.90648025
vn -0.5983457 -0.122583576 -0.7918053
vn -0.94418 0.3293187 -0.008563893
vn 0.87870085 0.2939483 -0.37613726
vn 0.8410275 0.18795931 -0.5072909
vn 0.9722228 -0.19615154 0.12770037
vn 0.015908154 -0.42194846 -0.90648025
vn 0.28058568 -0.27410513 -0.9198576
vn -0.22162016 0.30938107 0.92475283
vn 0.39963534 -0.74942267 0.52787995
vn 0.66398895 0.23229095 0.7107458
vn 0.3589411 0.3208467 0.8764809
vn 0.9084575 0.3969156 0.13100731
vn -0.82551724 0.4909018 0.27845415
vn 0.66495043 0.39996356 0.63076943
vn 0.7757678 0.56129104 0.28833434
vn 0.765395 0.2450387 0.5950853
vn 0.8185892 0.31141266 0.48263222
vn 0.77629614 -0.57926804 0.24862191
vn 0.76068115 0.15371647 0.6306627
vn 0.80465317 0.20031346 0.5589345
vn 0.6308009 0.24269873 0.73701257
vn 0.8339178 0.13777746 0.5344141
vn 0.6013594 0.54205966 0.5869737
vn 0.1691618 -0.9809968 0.09502391
vn 0.8627377 -0.13448396 0.48743996
vn 0.77054715 0.03263774 0.63654685
vn 0.8853725 -0.061531723 0.46079215
vn 0.9890447 -0.04721353 -0.13986225
vn 0.87194526 -0.27743974 0.40340883
vn 0.9553995 -0.0068410374 0.29523724
vn -0.9976101 -0.068934865 -0.0046975403
vn -0.733809 -0.67370147 0.08746842
vn 0.8423995 -0.188095 0.50495875
vn -0.8892306 0.012792657 0.4572803
vn 0.7935021 0.068734735 0.60467345
vn -0.86618143 -0.43423444 0.24732603
vn 0.92474496 0.024074545 0.37982515
vn 0.9536319 -0.26947135 0.13405773
vn 0.91973895 -0.14621186 0.36428338
vn 0.91359526 -0.22134928 0.34109843
vn 0.91611487 -0.16985399 0.3631572
vn 0.92221373 -0.0023619614 0.3866733
vn 0.9286471 -0.0115269665 0.37078524
vn 0.8880628 -0.06708916 0.4548006
vn 0.5623104 0.14969793 0.81326354
vn 0.16026017 0.16993318 0.97233707
vn 0.491592 0.13869739 0.85970944
vn 0.9644586 -0.13783689 0.22543435
vn 0.33243456 -0.85102046 -0.40651134
vn 0.9797541 -0.13364616 0.14906567
vn 0.6777019 -0.2117309 0.7041947
vn 0.62547755 -0.7474271 0.22389859
vn 0.6474812 0.73452723 0.20307092
vn 0.96071965 0.016787115 0.27701262
vn 0.9485835 0.06212307 0.31037098
vn 0.69769686 0.11123704 0.7077043
vn 0.34011346 0.16163938 0.92638844
vn 0.69229823 0.17521986 0.7000151
vn 0.93963516 -0.035159636 0.3403669
vn 0.5003097 -0.6495686 0.5724952
vn 0.71842563 0.3149141 0.6202368
vn 0.68326074 0.16187504 0.7120051
vn 0.44736463 0.18672638 0.8746417
vn 0.42736468 -0.16054058 0.88971126
vn 0.8880628 -0.06708916 0.4548006
vn 0.8919565 0.06342158 0.44765085
vn 0.91078544 -0.31366473 0.2684852
vn 0.921833 0.37754712 0.087647654
vn 0.96907616 0.10447297 0.22355479
vn 0.5524274 0.8335396 0.0059769726
vn 0.84841734 0.5282082 -0.03441086
vn 0.88915884 0.15140983 0.43182355
vn 0.68081206 0.34115654 0.64815676
vn 0.7949192 0.54507565 0.26645067
vn 0.77843827 0.18406387 0.60012865
vn 0.9723588 0.119042516 0.20086613
vn 0.99522746 -0.07165411 0.066241615
vn 0.9723588 0.119042516 0.20086613
vn 0.90164465 0.19935185 -0.3837913
vn 0.9508103 0.17129946 0.25810122
vn 0.3505262 0.19089414 0.91689193
vn 0.45562777 0.18943152 0.869781
vn 0.7150624 0.22846274 0.66067433
vn 0.99522746 -0.07165411 0.066241615
vn 0.9055271 0.32842234 -0.26862502
vn 0.84841734 0.5282082 -0.03441086
vn 0.96907616 0.10447297 0.22355479
vn 0.98816574 0.12876414 -0.08335611
vn 0.7660368 -0.46713755 -0.44155422
vn 0.86845845 0.22254215 0.44300666
vn 0.93648404 0.18594377 0.29735935
vn 0.9912876 0.12513213 0.041120443
vn 0.976735 0.14754613 0.15562424
vn 0.95308465 0.24554995 0.17701672
vn 0.963134 0.1996221 -0.18034387
vn 0.9529138 0.2901295 -0.088205
vn 0.71885824 0.2867846 0.6332436
vn 0.92968833 0.3332974 0.15681978
vn 0.8686905 0.24273954 0.43180358
vn 0.278843 0.069119334 0.95784605
vn 0.43910322 -0.2691906 0.85716087
vn 0.5772473 -0.04062433 0.8155582
vn 0.8210131 0.28981683 0.4918777
vn 0.55806106 0.14310028 0.81736785
vn 0.9354271 0.34299862 0.085603915
vn 0.95115453 0.2917026 0.10106762
vn 0.8770626 0.26575664 0.40016824
vn 0.7617178 0.21689427 0.61052674
vn 0.9067867 0.40521047 0.11637181
vn 0.806294 0.27915326 0.5215011
vn 0.8070095 0.04425804 0.5888777
vn 0.7720265 0.36061066 0.5233881
vn 0.8539535 0.3758701 0.35984033
vn 0.6515975 -0.31195924 0.6914493
vn 0.7512178 0.4759734 0.45729762
vn 0.825083 0.44432938 0.34901202
vn 0.85471576 -0.064958595 0.51501584
vn 0.8247529 0.15022619 0.54517406
vn 0.68059504 0.33137494 0.6534379
vn 0.75913155 -0.4382399 0.48131603
vn 0.7416828 0.5392069 0.39895174
vn 0.671917 0.70229447 0.23518063
vn 0.8627666 0.019160949 0.5052391
vn 0.69437265 0.57896435 0.42737204
vn 0.74324536 -0.045374148 0.66747844
vn 0.85984 -0.10595706 0.49944803
vn 0.7922208 -0.45145708 0.41057616
vn 0.6553017 0.68386596 0.32079116
vn 0.72964454 -0.11524904 0.6740449
vn 0.78214514 -0.23875232 0.57554
vn 0.65928257 -0.10907273 0.74394196
vn 0.8010006 0.28712913 0.52531415
vn 0.8481754 0.38391945 0.36497167
vn 0.79221565 0.44239816 0.42033106
vn 0.7241099 -0.20956227 0.65707576
vn 0.858442 0.08671001 0.50552815
vn 0.75396293 0.5849022 0.29904735
vn 0.834266 -0.16645378 0.52563614
vn 0.8790972 0.38643798 0.27902278
vn 0.88980496 0.16459544 0.42562357
vn 0.9462518 0.24448943 0.21173657
vn 0.945695 -0.056819014 0.320051
vn 0.8760642 -0.33288437 0.34885466
vn -0.77658075 -0.49557397 -0.38900998
vn 0.5890191 0.68787974 0.42412025
vn 0.2492007 -0.91374546 -0.32088658
vn 0.0892163 0.99457 0.05358056
vn 0.12670647 0.65457815 -0.74530053
vn -0.31575924 0.19947875 -0.9276337
vn 0.30313113 0.53100336 0.79129446
vn 0.2895211 0.89821494 0.3307377
vn 0.7268788 0.44017282 0.52715755
vn 0.20235687 0.9758363 0.08243331
vn 0.71135956 0.69720775 0.08870681
vn 0.8112853 0.58277136 -0.046836708
vn 0.64146304 0.73887163 -0.20638278
vn 0.61897427 0.4196711 0.6638878
vn 0.52654266 0.64801 -0.55030525
vn 0.91626173 0.37281725 -0.14653246
vn 0.7963866 0.5944483 0.11135346
vn 0.8445641 0.42183498 -0.32979813
vn 0.83428526 0.38382247 0.39578834
vn 0.4321439 0.57487094 0.69482017
vn 0.7073338 0.5317626 0.46573326
vn 0.76108384 0.42361996 0.49122047
vn 0.5582233 0.5334149 0.63549614
vn 0.40343288 0.56486595 0.71983916
vn -0.89742404 -0.19355102 -0.39644432
vn 0.77967346 0.5411281 -0.31510276
vn 0.8157696 0.53815544 -0.21191658
vn 0.8157696 0.53815544 -0.21191658
vn 0.77967346 0.5411281 -0.31510276
vn 0.7740783 0.6329881 -0.011350203
vn 0.7926386 0.40363327 0.45695102
vn 0.8155166 0.31532004 0.48528954
vn 0.8895975 0.36947367 0.2685247
vn -0.5323967 0.34778598 -0.7717504
vn 0.85219735 0.38897374 0.34994158
vn -0.3663399 -0.57055914 -0.735022
vn 0.7902639 0.57036173 0.2239876
vn 0.85226107 0.334502 0.40219328
vn -0.6642973 -0.40350452 -0.62920046
vn -0.2521654 -0.22115406 -0.94207406
vn -0.7847968 0.24600095 -0.5688388
vn 0.5136138 0.75702375 0.40387604
vn 0.6186025 0.7812149 0.08387043
vn 0.9582154 0.14377376 0.24728997
vn 0.7994159 0.41255403 0.43673036
vn 0.78221077 0.37293863 0.49906218
vn -0.9911594 -0.09178915 -0.09580078
vn 0.7140566 0.5787586 0.39390555
vn 0.7925725 0.4980536 0.3518117
vn 0.9332345 0.2923861 0.20876722
vn 0.75009227 0.13062976 -0.64830357
vn -0.8803286 -0.4349513 -0.18931173
vn 0.46386257 0.87989676 -0.1030202
vn 0.53995794 0.79770344 -0.26854157
vn -0.08248067 0.9958353 0.038845796
vn 0.9125878 0.1390455 -0.38451242
vn 0.53995794 0.79770344 -0.26854157
vn 0.80296314 0.41712365 0.42574418
vn 0.9769698 -0.087903544 0.19442989
vn 0.9960398 0.085522726 0.024301533
vn 0.9253539 0.3780005 -0.028910248
vn -0.77279884 -0.57624614 -0.2659366
vn 0.9332345 0.2923861 0.20876722
vn 0.85226107 0.334502 0.40219328
vn 0.9952563 0.08448489 0.048240427
vn 0.86175805 0.4915978 0.1253183
vn 0.7475691 0.46011844 0.47899008
vn -0.95244724 0.23617466 -0.19252467
vn 0.9597485 0.121109225 -0.25340754
vn 0.99182343 0.01618017 0.12658787
vn 0.72294575 -0.370204 -0.583351
vn 0.93877697 0.01794388 -0.34405786
vn 0.9685896 0.24275775 -0.05387849
vn 0.99068546 -0.08912017 0.102955885
vn 0.9590939 0.035481516 -0.2808556
vn 0.80667317 0.39380416 0.44067755
vn 0.97313374 0.18628636 0.1353076
vn -0.2521654 -0.22115406 -0.94207406
vn 0.9524649 0.2506674 0.17313744
vn 0.7087882 0.7010597 -0.078323625
vn 0.7087882 0.7010597 -0.078323625
vn 0.99164015 0.12105774 -0.04466304
vn 0.99351674 0.055201497 0.099384524
vn -0.93416065 -0.29707268 -0.19771613
vn 0.9921255 -0.012396704 0.12463264
vn 0.99164015 0.12105774 -0.04466304
vn 0.99803066 0.054953232 -0.030247085
vn 0.8399115 0.5019075 0.20648836
vn 0.99803066 0.054953232 -0.030247085
vn 0.9590939 0.035481516 -0.2808556
vn 0.88125515 0.3485558 0.31921494
vn 0.8324637 0.4007989 0.38257605
vn 0.9801841 0.19632559 0.02637217
vn 0.9413832 0.33545 0.035650503
vn 0.98909736 0.14551531 0.022620216
vn -0.6674201 -0.46855143 -0.5788005
vn -0.8757695 -0.14930053 -0.45906115
vn -0.08504635 -0.181781 -0.97965443
vn 0.8064405 0.5877179 -0.06512621
vn -0.41835505 -0.1951647 -0.8870681
vn 0.9257023 -0.19270769 -0.3254828
vn 0.9992352 -0.02919793 -0.026009932
vn -0.95146865 -0.30402294 -0.047722753
vn -0.8138855 -0.5409236 -0.2121134
vn 0.88022804 0.41692317 0.22665764
vn 0.95997727 0.17806336 0.2161876
vn -0.41574124 -0.812136 -0.40938294
vn 0.9290321 0.36985677 -0.010265453
vn -0.8166792 -0.49248505 -0.3008216
vn 0.87254524 0.47527787 0.11302966
vn -0.86472607 -0.5022234 0.004531067
vn -0.8555947 -0.10832066 -0.50618607
vn 0.6260396 0.3914011 0.6744476
vn 0.9341729 0.30234432 0.18949622
vn -0.92289096 -0.079760745 -0.37671015
vn 0.87956244 0.26233166 0.39692825
vn 0.9221267 0.21892071 0.31899217
vn -0.9500606 -0.1919102 -0.24607985
vn -0.9238391 -0.2058065 -0.32274604
vn 0.9221267 0.21892071 0.31899217
vn 0.94799125 0.22965577 0.22038785
vn 0.35840508 0.5989188 -0.7161299
vn 0.94799125 0.22965577 0.22038785
vn -0.9500606 -0.1919102 -0.24607985
vn 0.9574426 -0.1247913 -0.26025152
vn -0.8534697 -0.1020335 -0.51105636
vn 0.9792664 -0.13011359 -0.15526672
vn 0.3786916 -0.59869105 -0.7058057
vn 0.94569373 0.006153491 -0.3250008
vn 0.84226185 -0.4101455 -0.34982228
vn 0.96836996 -0.053696085 -0.24367262
vn 0.99012995 0.049524322 -0.13111085
vn 0.83889794 0.32533613 -0.43635616
vn 0.21685721 -0.8054101 -0.5516227
vn 0.9174636 -0.0009908052 -0.39781845
vn 0.9730416 0.20057733 -0.11383684
vn 0.8799471 0.25439295 -0.40121976
vn 0.7495576 -0.17830037 -0.6374734
vn -0.6216331 -0.64684814 -0.44176883
vn 0.95258284 -0.15378524 -0.26255682
vn -0.73177 -0.39009315 -0.5588739
vn 0.74995196 -0.6506738 0.119145595
vn 0.95258284 -0.15378524 -0.26255682
vn 0.9372425 0.27971172 -0.20817742
vn 0.998502 0.04069242 0.036575977
vn 0.74995196 -0.6506738 0.119145595
vn 0.9174636 -0.0009908052 -0.39781845
vn -0.6593577 0.17742528 -0.73059404
vn -0.6216331 -0.64684814 -0.44176883
vn -0.98583704 0.16059701 0.048310168
vn 0.8784224 0.00793262 0.47781926
vn -0.8383862 -0.42209247 0.34488633
vn 0.9963864 -0.05252138 -0.066750154
vn -0.83663434 -0.40416262 0.36972368
vn -0.6593577 0.17742528 -0.73059404
vn 0.57170993 -0.24681483 -0.7824514
vn 0.34913182 -0.6280089 -0.6954939
vn -0.24548304 -0.28482336 -0.9266141
vn 0.5297963 -0.46251777 -0.71091014
vn 0.87993526 -0.2154497 -0.42343277
vn 0.081897184 0.24268971 -0.96664083
vn 0.7749699 0.17493969 -0.6073037
vn 0.1244523 -0.8697731 0.47750017
vn -0.56878525 0.18232815 -0.80202234
vn 0.081897184 0.24268971 -0.96664083
vn 0.87993526 -0.2154497 -0.42343277
vn 0.9111598 -0.1995066 -0.36053428
vn -0.9631798 0.17754298 -0.20189874
vn 0.7073338 0.5317626 0.46573326
vn -0.94552714 0.24907969 0.20961343
vn 0.27777624 0.0006258181 -0.9606456
vn -0.9727471 -0.08282743 -0.21657024
vn 0.75787574 0.2899313 -0.5844349
vn 0.3704602 -0.3384728 -0.8649829
vn -0.991898 -0.1255995 0.01905707
vn 0.27777624 0.0006258181 -0.9606456
vn 0.75787574 0.2899313 -0.5844349
vn -0.7015184 -0.60612166 0.3748178
vn -0.991898 -0.1255995 0.01905707
vn -0.9223775 -0.3718273 -0.10470975
vn 0.27777624 0.0006258181 -0.9606456
vn -0.7015184 -0.60612166 0.3748178
vn 0.75787574 0.2899313 -0.5844349
vn 0.3704602 -0.3384728 -0.8649829
vn 0.27777624 0.0006258181 -0.9606456
vn -0.12286117 0.41548377 0.90126485
vn -0.47527784 0.7493967 -0.4609941
vn -0.52581704 -0.16972296 0.833493
vn -0.69253254 0.1207434 0.7112101
vn -0.061689477 -0.8804836 0.4700457
vn -0.3427036 -0.9380938 -0.050342377
vn -0.3716124 0.9245625 0.08419247
vn -0.34715337 0.6410766 0.68447447
vn -0.43321785 -0.5033633 -0.74762803
vn -0.52581704 -0.16972296 0.833493
vn -0.47527784 0.7493967 -0.4609941
vn -0.23960957 0.50324595 -0.8302595
vn -0.080106296 -0.34036177 -0.9368761
vn -0.3716124 0.9245625 0.08419247
vn -0.32327077 0.2882942 -0.9013226
vn -0.69081014 0.59454745 -0.41145438
vn -0.88350475 0.29583013 -0.36318576
vn -0.7913344 0.4741751 -0.3859377
vn 0.39578357 -0.776912 -0.48965618
vn -0.63475734 -0.7241246 -0.2696788
vn -0.748061 -0.31026608 -0.5866342
vn -0.939582 -0.25168443 -0.23203588
vn -0.5820952 -0.777648 0.23754746
vn 0.19526258 -0.9631279 -0.18508685
vn -0.3996677 0.25232923 0.8812467
vn -0.34715337 0.6410766 0.68447447
vn -0.99213123 0.049179286 0.11513911
vn -0.3996677 0.25232923 0.8812467
vn -0.939582 -0.25168443 -0.23203588
vn -0.34715337 0.6410766 0.68447447
vn -0.98625755 0.16437037 -0.016684249
vn -0.69081014 0.59454745 -0.41145438
vn -0.98625755 0.16437037 -0.016684249
vn -0.99213123 0.049179286 0.11513911
vn -0.92246705 -0.054644004 -0.38218912
vn -0.90079814 0.11254776 -0.4193993
vn -0.88350475 0.29583013 -0.36318576
vn -0.828752 -0.22507249 -0.51235974
vn -0.3427036 -0.9380938 -0.050342377
vn 0.36605978 0.43484944 -0.8227431
vn -0.7913344 0.4741751 -0.3859377
vn -0.77231497 0.39500502 -0.49749434
vn -0.5820952 -0.777648 0.23754746
vn -0.3996677 0.25232923 0.8812467
vn 0.044532873 -0.7650819 0.64239126
vn -0.382837 -0.16830952 -0.9083544
vn 0.44770586 -0.24575472 -0.8597465
vn 0.5461073 0.45945862 -0.70047456
vn -0.5980878 -0.4735379 -0.64657
vn 0.36605978 0.43484944 -0.8227431
vn -0.96414703 0.005077885 -0.26532012
vn -0.9976101 -0.068934865 -0.0046975403
vn -0.8892306 0.012792657 0.4572803
vn -0.86618143 -0.43423444 0.24732603
vn -0.45377776 -0.8866262 0.089329615
vn -0.953145 0.029836636 -0.30103883
vn 0.91973895 -0.14621186 0.36428338
vn -0.733809 -0.67370147 0.08746842
vn -0.953145 0.029836636 -0.30103883
vn -0.733809 -0.67370147 0.08746842
vn 0.33243456 -0.85102046 -0.40651134
vn 0.01631874 -0.1003822 0.9948151
vn -0.94479597 -0.02834557 -0.3264308
vn -0.75336665 -0.61889255 0.22228508
vn 0.62547755 -0.7474271 0.22389859
vn -0.68993455 0.07682628 0.7197833
vn -0.43321785 -0.5033633 -0.74762803
vn -0.061689477 -0.8804836 0.4700457
vn -0.52581704 -0.16972296 0.833493
vn -0.3427036 -0.9380938 -0.050342377
vn -0.080106296 -0.34036177 -0.9368761
vn -0.32327077 0.2882942 -0.9013226
vn -0.88350475 0.29583013 -0.36318576
vn -0.21825582 0.02218205 -0.97563946
vn 0.5366246 0.10530394 -0.8372246
vn -0.96646047 0.24755469 -0.06834349
vn 0.7400334 0.13175832 -0.659538
vn -0.32836595 0.76048774 -0.56020904
vn 0.08499399 0.9956665 -0.03773919
vn -0.4801219 -0.43338987 -0.76266384
vn 0.88712966 0.1642357 -0.43130913
vn 0.4421177 0.6100555 -0.6575441
vn 0.3448685 -0.118811116 -0.9311013
vn 0.58052766 -0.10059978 -0.80800205
vn 0.15102075 -0.24856032 -0.9567709
vn -0.18749915 -0.07831776 -0.9791376
vn 0.6186025 0.7812149 0.08387043
vn 0.5136138 0.75702375 0.40387604
vn -0.88696045 0.08301651 -0.45432305
vn -0.9911594 -0.09178915 -0.09580078
vn -0.7677517 0.50470454 -0.394754
vn 0.46386257 0.87989676 -0.1030202
vn -0.9906014 0.12697077 -0.050864555
vn -0.08248067 0.9958353 0.038845796
vn -0.88571566 -0.43128467 0.17175943
vn 0.9538673 -0.022318289 -0.2993979
vn -0.86420876 -0.49517 -0.08916202
vn -0.5983457 -0.122583576 -0.7918053
vn 0.8410275 0.18795931 -0.5072909
vn 0.4421177 0.6100555 -0.6575441
vn -0.32836595 0.76048774 -0.56020904
vn -0.94418 0.3293187 -0.008563893
vn 0.8423995 -0.188095 0.50495875
vn 0.87194526 -0.27743974 0.40340883
vn 0.9890447 -0.04721353 -0.13986225
vn 0.9536319 -0.26947135 0.13405773
vn 0.92474496 0.024074545 0.37982515
vn 0.3050183 -0.39491978 -0.86660385
vn 0.35225928 -0.4916503 -0.7963626
vn -0.40066645 -0.51655143 -0.7567305
vn 0.24097246 -0.44541144 -0.8622882
vn -0.417405 -0.8763728 0.24029939
vn -0.46159765 -0.8849558 0.0614883
vn -0.91383815 -0.3854198 0.12787268
vn -0.99050355 -0.101246275 0.09301567
vn -0.08792863 -0.94838375 -0.30469134
vn -0.78690434 -0.59868306 -0.14953323
vn -0.08649254 -0.99582213 -0.029280066
vn -0.5354721 -0.8408153 0.07936759
vn -0.7868133 -0.45169276 0.42059302
vn -0.14527404 -0.8353271 0.5302114
vn -0.2269137 -0.8947604 0.3845959
vn 0.08890409 -0.95524865 -0.2821278
vn -0.9662619 -0.1838872 0.18034258
vn -0.6886198 0.23135497 0.6872246
vn -0.16756555 -0.39377433 0.9038051
vn -0.60722727 -0.32378647 0.72556007
vn -0.8210518 -0.30793452 -0.48067695
vn 0.6722474 -0.58224744 -0.45724314
vn 0.20427382 -0.6395421 0.7411195
vn 0.9952563 0.08448489 0.048240427
vn 0.85226107 0.334502 0.40219328
vn 0.7475691 0.46011844 0.47899008
vn 0.35225928 -0.4916503 -0.7963626
vn 0.3050183 -0.39491978 -0.86660385
vn 0.6327851 -0.33347017 -0.6988424
vn 0.24097246 -0.44541144 -0.8622882
vn 0.9952563 0.08448489 0.048240427
vn -0.551892 -0.5357494 -0.63905233
vn 0.72294575 -0.370204 -0.583351
vn -0.7237596 -0.17349932 -0.66788477
vn 0.93877697 0.01794388 -0.34405786
vn 0.80296314 0.41712365 0.42574418
vn -0.3953911 0.25717494 -0.88177484
vn 0.7475691 0.46011844 0.47899008
vn -0.9082667 -0.16268891 -0.38546586
vn -0.08504635 -0.181781 -0.97965443
vn -0.8433627 -0.042329654 -0.53567487
vn -0.25818616 0.50368094 -0.8244061
vn -0.6674201 -0.46855143 -0.5788005
vn 0.8324637 0.4007989 0.38257605
vn -0.9082667 -0.16268891 -0.38546586
vn -0.7237596 -0.17349932 -0.66788477
vn 0.8324637 0.4007989 0.38257605
vn 0.88022804 0.41692317 0.22665764
vn -0.8555947 -0.10832066 -0.50618607
vn 0.88022804 0.41692317 0.22665764
vn -0.41574124 -0.812136 -0.40938294
vn 0.35840508 0.5989188 -0.7161299
vn -0.92289096 -0.079760745 -0.37671015
vn -0.86472607 -0.5022234 0.004531067
vn -0.89009583 -0.21543889 -0.401641
vn 0.6260396 0.3914011 0.6744476
vn -0.8534697 -0.1020335 -0.51105636
vn -0.9238391 -0.2058065 -0.32274604
vn 0.9574426 -0.1247913 -0.26025152
vn -0.9098012 -0.23462997 -0.34236035
vn -0.9098012 -0.23462997 -0.34236035
vn 0.9221267 0.21892071 0.31899217
vn -0.9238391 -0.2058065 -0.32274604
vn 0.87956244 0.26233166 0.39692825
vn -0.9500606 -0.1919102 -0.24607985
vn 0.87956244 0.26233166 0.39692825
vn 0.8880628 -0.06708916 0.4548006
vn 0.91078544 -0.31366473 0.2684852
vn 0.7660368 -0.46713755 -0.44155422
vn 0.42736468 -0.16054058 0.88971126
vn 0.5003097 -0.6495686 0.5724952
vn 0.99522746 -0.07165411 0.066241615
vn 0.921833 0.37754712 0.087647654
vn 0.93963516 -0.035159636 0.3403669
vn 0.7949192 0.54507565 0.26645067
vn 0.90164465 0.19935185 -0.3837913
vn 0.9723588 0.119042516 0.20086613
vn 0.9508103 0.17129946 0.25810122
vn 0.99522746 -0.07165411 0.066241615
vn 0.9257023 -0.19270769 -0.3254828
vn -0.595485 -0.78230166 -0.18276149
vn -0.95146865 -0.30402294 -0.047722753
vn 0.98909736 0.14551531 0.022620216
vn -0.8166792 -0.49248505 -0.3008216
vn -0.9676803 0.20244683 0.15036677
vn -0.9379292 0.024702763 0.34594595
vn 0.80634457 -0.10930906 -0.5812572
vn -0.7774773 0.0655412 0.6254865
vn 0.6960381 -0.24598624 -0.674553
vn -0.9433311 0.03983873 0.32945305
vn -0.950794 0.10640008 0.29098085
vn 0.8648592 -0.108804986 -0.49008158
vn 0.865092 -0.17161891 -0.47134155
vn -0.4274159 -0.34922296 -0.83388186
vn 0.2956529 -0.42595124 -0.85507596
vn 0.099588506 -0.38136265 -0.9190455
vn 0.7119088 -0.21747197 -0.66775125
vn 0.23281203 -0.33379292 -0.91344446
vn 0.2956529 -0.42595124 -0.85507596
vn -0.950794 0.10640008 0.29098085
vn 0.42868325 -0.4197238 -0.8000391
vn -0.9379292 0.024702763 0.34594595
vn -0.9676803 0.20244683 0.15036677
vn 0.8793856 -0.12663479 -0.45896032
vn 0.90123045 -0.0925768 -0.42333582
vn 0.6960381 -0.24598624 -0.674553
vn 0.80634457 -0.10930906 -0.5812572
vn -0.7774773 0.0655412 0.6254865
vn 0.865092 -0.17161891 -0.47134155
vn 0.8648592 -0.108804986 -0.49008158
vn 0.80634457 -0.10930906 -0.5812572
vn 0.8648592 -0.108804986 -0.49008158
vn 0.9108799 0.0350645 -0.41117907
vn 0.865092 -0.17161891 -0.47134155
vn -0.4274159 -0.34922296 -0.83388186
vn 0.7119088 -0.21747197 -0.66775125
vn 0.9108799 0.0350645 -0.41117907
vn 0.6522366 -0.20206295 -0.7305874
vn -0.4274159 -0.34922296 -0.83388186
vn 0.23281203 -0.33379292 -0.91344446
vn 0.2956529 -0.42595124 -0.85507596
vn 0.50804234 -0.26660302 -0.81903344
vn 0.734607 -0.06440085 -0.6754296
vn 0.68930924 -0.15473759 -0.70774925
vn 0.6029519 -0.14371574 -0.78472596
vn 0.42868325 -0.4197238 -0.8000391
vn -0.98602855 0.10422833 0.1299392
vn -0.98305863 -0.11514209 -0.14261146
vn -0.9987228 -0.038198616 0.03306958
vn -0.9622176 0.088267125 -0.25757736
vn -0.9493547 -0.22771765 0.21649559
vn -0.9690414 0.023470335 0.24578008
vn 0.87475556 0.42123172 -0.2395132
vn -0.99769104 -0.044289745 -0.051487587
vn -0.46442944 0.8113332 -0.35502642
vn -0.98741436 0.15793696 0.008297898
vn 0.84226185 -0.4101455 -0.34982228
vn -0.9967999 0.016363679 0.07824495
vn -0.9732897 -0.1903202 -0.12839524
vn 0.3786916 -0.59869105 -0.7058057
vn 0.83889794 0.32533613 -0.43635616
vn -0.95782286 0.10084355 -0.26908347
vn 0.94569373 0.006153491 -0.3250008
vn -0.9644376 -0.1099215 0.24036914
vn -0.9891702 -0.14270017 -0.03433667
vn -0.97996044 -0.19247618 0.05128768
vn -0.98781055 -0.05143419 0.14691792
vn 0.21685721 -0.8054101 -0.5516227
vn -0.99356264 0.0788233 0.081364304
vn -0.95565915 -0.11645092 0.27047133
vn 0.19733578 0.06596815 -0.9781139
vn 0.013906312 -0.9921968 -0.12390354
vn 0.7920188 0.21871749 -0.56997275
vn -0.7700841 0.30120403 0.56235814
vn -0.951014 -0.14952078 -0.27058446
vn -0.741796 -0.084117115 -0.6653292
vn -0.96880066 -0.20990555 0.13177611
vn -0.6216331 -0.64684814 -0.44176883
vn -0.9660603 0.2464688 0.07733457
vn 0.46235308 -0.7092349 -0.53217995
vn 0.50804234 -0.26660302 -0.81903344
vn -0.9919642 -0.0995549 0.07807594
vn 0.72168475 -0.53597695 -0.43806374
vn -0.6099008 0.17131175 -0.7737399
vn 0.15556668 -0.5641443 -0.8108885
vn -0.9809791 0.19260429 -0.024157131
vn -0.96772385 0.23170568 0.0991113
vn -0.83663434 -0.40416262 0.36972368
vn 0.14621033 -0.16179705 -0.9759325
vn 0.9963864 -0.05252138 -0.066750154
vn -0.9881995 0.02663676 -0.15083873
vn 0.22971937 -0.44596583 -0.8650685
vn -0.9114717 0.40961686 -0.037859946
vn 0.93110085 -0.1990854 -0.30564064
vn -0.98583704 0.16059701 0.048310168
vn -0.98583704 0.16059701 0.048310168
vn -0.9881995 0.02663676 -0.15083873
vn -0.98927385 0.14590877 0.0069231875
vn -0.83663434 -0.40416262 0.36972368
vn 0.9372425 0.27971172 -0.20817742
vn -0.6593577 0.17742528 -0.73059404
vn -0.18358369 0.45186582 -0.87299156
vn -0.9893436 0.11986151 -0.08265887
vn -0.73177 -0.39009315 -0.5588739
vn -0.993853 -0.110704854 -0.00081130624
vn -0.010884173 0.70815766 -0.7059704
vn -0.9719174 -0.18138652 0.14991835
vn -0.96627027 0.0778713 0.24547476
vn 0.87254524 0.47527787 0.11302966
vn -0.89009583 -0.21543889 -0.401641
vn -0.8555947 -0.10832066 -0.50618607
vn 0.9341729 0.30234432 0.18949622
vn 0.94799125 0.22965577 0.22038785
vn 0.9574426 -0.1247913 -0.26025152
vn 0.2990013 -0.6844266 0.66494995
vn 0.55062693 -0.59335035 0.5871502
vn 0.22934745 -0.5033514 0.8330889
vn 0.2615623 -0.23932889 0.93504375
vn 0.43910322 -0.2691906 0.85716087
vn 0.26264676 -0.8293587 0.49313366
vn 0.28817767 -0.77968824 0.55591357
vn 0.644069 -0.6107811 0.46056652
vn 0.4799623 -0.39085495 -0.78540987
vn -0.16756555 -0.39377433 0.9038051
vn 0.6722474 -0.58224744 -0.45724314
vn 0.5426126 -0.7861468 0.2958795
vn -0.4433818 -0.3421798 -0.8284477
vn 0.6515975 -0.31195924 0.6914493
vn 0.7025974 -0.5125331 0.49362606
vn 0.5388291 -0.5867075 0.6045143
vn 0.5366233 -0.43371195 -0.7238297
vn -0.7392682 -0.42948833 -0.5186736
vn 0.5339675 -0.16718459 -0.8288112
vn -0.7392682 -0.42948833 -0.5186736
vn -0.16756555 -0.39377433 0.9038051
vn 0.31558836 -0.82053745 0.4765735
vn 0.5772473 -0.04062433 0.8155582
vn 0.5448575 -0.7360305 0.40173295
vn 0.5339675 -0.16718459 -0.8288112
vn -0.7392682 -0.42948833 -0.5186736
vn -0.6560999 0.6113454 -0.4424813
vn 0.5627943 -0.608858 0.5590657
vn 0.20427382 -0.6395421 0.7411195
vn 0.5448575 -0.7360305 0.40173295
vn 0.6795069 -0.62426716 0.38543597
vn 0.3443608 -0.8858775 -0.31086442
vn 0.7113525 -0.6591897 0.24381667
vn 0.75913155 -0.4382399 0.48131603
vn 0.62888145 -0.47846735 0.61284345
vn 0.41486335 -0.6250499 0.6612118
vn 0.345209 -0.5593286 0.75364596
vn 0.68718517 -0.6732239 0.27303138
vn 0.5079928 -0.660285 0.55314285
vn 0.642001 -0.66128725 0.38798705
vn 0.6984076 -0.6800822 0.22296876
vn 0.74269086 -0.66482615 0.08010246
vn 0.15626974 -0.97910553 0.13012357
vn 0.3280089 -0.8643872 0.38111013
vn 0.46866715 -0.8720486 0.14100456
vn 0.7922208 -0.45145708 0.41057616
vn 0.9400867 -0.34089595 -0.0051855645
vn 0.69989544 -0.7006253 0.13881835
vn 0.6339283 -0.7362189 -0.2368893
vn 0.99816495 0.037033092 0.04790957
vn 0.53050935 -0.37952396 -0.7579719
vn -0.9392896 0.3382754 -0.05748658
vn 0.9400867 -0.34089595 -0.0051855645
vn 0.74269086 -0.66482615 0.08010246
vn 0.719851 -0.6682922 0.18761675
vn 0.67300045 -0.41076526 0.6150953
vn 0.7268563 -0.606875 0.3215317
vn 0.56813973 -0.81312793 0.12665007
vn 0.71685594 -0.6423695 0.2710701
vn 0.90115815 -0.21391451 0.37703386
vn 0.8518143 -0.2100969 0.4798663
vn 0.804143 -0.462836 0.3730105
vn 0.8196489 -0.49425957 0.28962588
vn 0.78936994 -0.58826005 0.17562805
vn 0.98344135 -0.14604245 0.10730639
vn 0.39539984 -0.8565684 0.33158633
vn 0.9609278 0.12847118 0.24517938
vn 0.70820975 -0.54524803 0.4484903
vn 0.8805822 -0.39255375 0.2654741
vn 0.34100366 -0.87211204 0.3509089
vn 0.724275 -0.655871 0.21274164
vn 0.44789183 -0.8711035 0.2014238
vn 0.78214514 -0.23875232 0.57554
vn 0.7144809 -0.3164616 0.62399447
vn 0.6717571 -0.53929985 0.50783664
vn 0.89884907 -0.43752918 0.025269572
vn 0.9488604 -0.20214118 0.24249299
vn 0.84233665 -0.419153 0.33879152
vn 0.86486775 -0.46817547 0.18115047
vn 0.7241099 -0.20956227 0.65707576
vn 0.834266 -0.16645378 0.52563614
vn 0.7963647 -0.6040416 0.030610671
vn 0.9635895 -0.1034531 0.24656194
vn 0.616491 -0.74670017 0.24975523
vn 0.9002258 -0.41032428 0.1456964
vn 0.9872788 -0.024236348 0.15714046
vn 0.8760642 -0.33288437 0.34885466
vn 0.8716299 -0.4815486 0.09150022
vn 0.7119088 -0.21747197 -0.66775125
vn 0.23281203 -0.33379292 -0.91344446
vn -0.950794 0.10640008 0.29098085
vn -0.86472607 -0.5022234 0.004531067
vn -0.8555947 -0.10832066 -0.50618607
vn -0.89009583 -0.21543889 -0.401641
vn 0.7119088 -0.21747197 -0.66775125
vn 0.6522366 -0.20206295 -0.7305874
vn 0.23281203 -0.33379292 -0.91344446
vn 0.734607 -0.06440085 -0.6754296
vn 0.619764 -0.18017499 -0.76382565
vn 0.7490689 -0.02385665 -0.6620624
vn -0.6099008 0.17131175 -0.7737399
vn 0.50804234 -0.26660302 -0.81903344
vn 0.6393827 0.0589358 -0.7666266
vn 0.14621033 -0.16179705 -0.9759325
vn -0.9881995 0.02663676 -0.15083873
vn -0.95782286 0.10084355 -0.26908347
vn -0.98305863 -0.11514209 -0.14261146
vn -0.9622176 0.088267125 -0.25757736
vn 0.83889794 0.32533613 -0.43635616
vn -0.2533119 -0.9531792 0.16517435
vn -0.7106828 0.63705575 0.29847926
vn -0.69253254 0.1207434 0.7112101
vn -0.72084606 -0.689577 0.06974665
vn -0.34715337 0.6410766 0.68447447
vn -0.3427036 -0.9380938 -0.050342377
vn -0.9451586 -0.27883354 0.17007966
vn -0.90527064 0.42283994 0.04112731
vn 0.27668306 0.95869476 -0.06596067
vn 0.90894276 -0.06528576 0.4117777
vn 0.525066 -0.6270128 -0.57546556
vn 0.28367686 -0.75826025 -0.58699983
vn -0.35745946 -0.9327392 -0.04711978
vn 0.08297084 -0.80643916 -0.5854671
vn -0.09106894 -0.79673314 -0.5974301
vn 0.13184404 -0.49444357 -0.8591523
vn -0.50487787 -0.15086386 -0.84990495
vn -0.48328063 -0.27511898 -0.83111334
vn -0.5942325 -0.21474496 0.77509505
vn -0.7700841 0.30120403 0.56235814
vn 0.9344302 0.31086096 -0.17379779
vn -0.95565915 -0.11645092 0.27047133
vn -0.61388505 -0.15451771 0.774125
vn 0.28560358 -0.33701885 -0.8971337
vn 0.9344302 0.31086096 -0.17379779
vn 0.5043858 0.42833292 -0.7497505
vn 0.28560358 -0.33701885 -0.8971337
vn 0.5043858 0.42833292 -0.7497505
vn 0.9277156 0.23294802 -0.2916831
vn -0.09300988 -0.04761589 0.99452597
vn -0.8383862 -0.42209247 0.34488633
vn -0.8630182 -0.43990263 0.24836512
vn 0.8784224 0.00793262 0.47781926
vn -0.6886198 0.23135497 0.6872246
vn -0.9662619 -0.1838872 0.18034258
vn 0.4799623 -0.39085495 -0.78540987
vn -0.4433818 -0.3421798 -0.8284477
vn 0.6722474 -0.58224744 -0.45724314
vn 0.44273105 -0.2078062 -0.87224185
vn 0.04271607 -0.07558865 -0.9962237
vn -0.8210518 -0.30793452 -0.48067695
vn 0.5366233 -0.43371195 -0.7238297
vn 0.7025974 -0.5125331 0.49362606
vn 0.08890409 -0.95524865 -0.2821278
vn 0.5339675 -0.16718459 -0.8288112
vn -0.2238269 0.029813604 -0.97417283
vn 0.2861895 -0.8485884 -0.4449644
vn 0.5426126 -0.7861468 0.2958795
vn -0.119764686 -0.98550856 -0.120121956
vn -0.3427036 -0.9380938 -0.050342377
vn -0.63475734 -0.7241246 -0.2696788
vn -0.0013851129 -0.9939508 0.109817654
vn -0.2533119 -0.9531792 0.16517435
vn -0.024201252 -0.9966298 -0.078379765
vn 0.8364158 -0.5477521 0.019395903
vn 0.2909236 -0.88164526 -0.37157112
vn 0.39578357 -0.776912 -0.48965618
vn 0.94950193 0.31314445 0.01966332
vn 0.898458 0.4358405 -0.053068545
vn -0.09742083 -0.9840502 0.14884326
vn 0.24616799 -0.92809147 -0.27936998
vn -0.54994917 -0.2594716 0.7938705
vn 0.63942826 -0.36218306 -0.67819977
vn -0.18107575 -0.9441689 0.27523926
vn 0.13875403 -0.9821908 -0.12668315
vn 0.6537484 -0.2837347 -0.7015039
vn -0.42216405 -0.67591774 0.6040801
vn 0.07022936 -0.9879699 0.13777997
vn 0.58615774 -0.41937327 -0.69321364
vn 0.18516335 -0.97152334 0.14784092
vn -0.24139199 -0.90918607 0.3392795
vn 0.506468 -0.8062452 -0.30571038
vn 0.67164546 -0.6899782 0.26985636
vn -0.3924737 -0.053584583 0.918201
vn 0.15019614 -0.32061702 0.935225
vn 0.60844326 -0.76206666 -0.22147498
vn 0.1362698 -0.524017 0.84073585
vn -0.61388505 -0.15451771 0.774125
vn -0.09300988 -0.04761589 0.99452597
vn 0.28560358 -0.33701885 -0.8971337
vn -0.61388505 -0.15451771 0.774125
vn 0.9344302 0.31086096 -0.17379779
vn 0.8031468 0.36139375 0.47365582
vn -0.09300988 -0.04761589 0.99452597
vn 0.9590859 0.27832618 -0.05185359
vn 0.8784224 0.00793262 0.47781926
vn 0.998502 0.04069242 0.036575977
vn 0.9963864 -0.05252138 -0.066750154
vn 0.44273105 -0.2078062 -0.87224185
vn 0.4799623 -0.39085495 -0.78540987
vn 0.6722474 -0.58224744 -0.45724314
vn -0.9662619 -0.1838872 0.18034258
vn 0.5426126 -0.7861468 0.2958795
vn -0.4433818 -0.3421798 -0.8284477
vn -0.90527064 0.42283994 0.04112731
vn 0.76369256 0.6143068 0.19849652
vn 0.27668306 0.95869476 -0.06596067
vn 0.90894276 -0.06528576 0.4117777
vn -0.9451586 -0.27883354 0.17007966
vn 0.5092567 0.84911346 -0.1402281
vn -0.7106828 0.63705575 0.29847926
vn 0.46462914 0.5067501 0.72617084
vn -0.34715337 0.6410766 0.68447447
vn 0.5268513 -0.20089963 0.8258735
vn 0.898458 0.4358405 -0.053068545
vn 0.94950193 0.31314445 0.01966332
vn 0.7551618 0.6323151 0.17294003
vn 0.8364158 -0.5477521 0.019395903
vn 0.9848034 0.17338018 -0.010081805
vn -0.0013851129 -0.9939508 0.109817654
vn 0.16444609 -0.63159966 0.75765383
vn -0.2533119 -0.9531792 0.16517435
vn 0.40858912 -0.9122327 -0.029773496
vn 0.81093884 -0.17761585 -0.55752206
vn 0.8794517 -0.18298633 -0.43940955
vn 0.82084626 -0.0767966 -0.5659626
vn 0.97079456 0.2063114 0.122448154
vn 0.08410351 -0.9837632 -0.15854494
vn 0.8882215 0.3766479 -0.263057
vn 0.85615903 -0.054704342 -0.5138084
vn 0.9460743 -0.20281473 -0.25260553
vn 0.9570246 -0.05902556 -0.2839365
vn 0.9601226 -0.067877494 -0.27121434
vn 0.87280583 -0.26118997 -0.41229817
vn 0.80181825 -0.12533432 -0.5842763
vn 0.05673463 -0.6805758 -0.7304778
vn 0.98141223 0.055999633 -0.18355949
vn 0.97992593 0.18841803 0.065144576
vn 0.85615903 -0.054704342 -0.5138084
vn 0.8646374 -0.48258632 -0.13968766
vn 0.98236734 -0.07419022 -0.17161053
vn 0.9601226 -0.067877494 -0.27121434
vn -0.50193334 -0.6476691 0.5732257
vn 0.97079456 0.2063114 0.122448154
vn 0.97992593 0.18841803 0.065144576
vn 0.9237448 0.15457688 -0.35043055
vn 0.7816347 -0.0090745 -0.6236705
vn 0.98236734 -0.07419022 -0.17161053
vn 0.98756486 -0.04999407 -0.14905097
vn 0.6972748 -0.049057905 -0.71512324
vn -0.11284502 0.43495864 -0.89335155
vn 0.7061872 0.5838112 -0.40057966
vn 0.83719546 0.37785047 -0.39538935
vn 0.09196614 0.78048295 -0.6183758
vn 0.83719546 0.37785047 -0.39538935
vn -0.8694929 -0.32371762 0.37308046
vn 0.98756486 -0.04999407 -0.14905097
vn 0.9140281 -0.28135604 -0.29221803
vn 0.97992593 0.18841803 0.065144576
vn 0.98756486 -0.04999407 -0.14905097
vn 0.88619995 0.19273724 -0.42130983
vn 0.9140281 -0.28135604 -0.29221803
vn 0.5668191 0.17854862 -0.80426145
vn 0.7816347 -0.0090745 -0.6236705
vn 0.9237448 0.15457688 -0.35043055
vn 0.55946267 -0.0835217 -0.8246367
vn 0.8407561 0.24230526 -0.4841666
vn 0.55946267 -0.0835217 -0.8246367
vn 0.40264383 0.15608175 -0.90195143
vn 0.9156901 -0.19827862 -0.34956717
vn 0.79017735 0.0504292 -0.6108
vn 0.71499056 -0.28991812 -0.6361886
vn 0.87309384 0.16086689 -0.4602489
vn 0.40264383 0.15608175 -0.90195143
vn 0.87309384 0.16086689 -0.4602489
vn 0.86734545 -0.32989338 -0.372669
vn 0.69514054 -0.22354661 -0.6832324
vn 0.38503835 -0.25890973 -0.8858393
vn 0.79006004 0.28034544 -0.5451711
vn 0.9229148 0.22016472 -0.3158414
vn 0.79017735 0.0504292 -0.6108
vn 0.79006004 0.28034544 -0.5451711
vn 0.6110146 0.19261502 -0.76782846
vn 0.9640922 -0.23188965 -0.12943482
vn 0.8053787 0.21155822 -0.5537222
vn 0.84271854 0.31001082 -0.44013488
vn 0.976057 -0.21674699 0.018260812
vn 0.7855365 0.3095696 -0.53581625
vn 0.9804301 -0.08523091 -0.17746106
vn 0.38503835 -0.25890973 -0.8858393
vn -0.4592816 -0.14913727 -0.87568176
vn 0.63562715 0.09395231 -0.7662579
vn 0.94776136 0.07317475 -0.31047362
vn 0.9804301 -0.08523091 -0.17746106
vn 0.9706782 0.042026334 -0.23668034
vn 0.933682 -0.30474785 -0.18806005
vn 0.87309384 0.16086689 -0.4602489
vn 0.98359776 -0.07465934 -0.16419941
vn 0.94776136 0.07317475 -0.31047362
vn 0.81390417 -0.04197622 -0.5794808
vn 0.740197 0.44433948 -0.5046492
vn 0.7855365 0.3095696 -0.53581625
vn 0.91842824 -0.1869239 -0.34863874
vn 0.9603398 0.13445032 -0.24427557
vn 0.8945504 -0.12621453 -0.4287767
vn 0.93680435 -0.0019167205 -0.34984836
vn 0.91842824 -0.1869239 -0.34863874
vn 0.94776136 0.07317475 -0.31047362
vn 0.9888941 -0.117139325 -0.0914704
vn 0.93680435 -0.0019167205 -0.34984836
vn 0.21139376 0.9762719 -0.046966527
vn -0.3488928 -0.7856146 -0.5109633
vn 0.75736403 0.3755851 -0.53416806
vn 0.92999077 0.07033229 -0.3607915
vn 0.93330574 0.23410413 -0.27227867
vn 0.9885287 -0.102043666 0.11134658
vn 0.64173234 0.25422373 -0.7235675
vn 0.8196489 -0.49425957 0.28962588
vn 0.90115815 -0.21391451 0.37703386
vn 0.78936994 -0.58826005 0.17562805
vn 0.98344135 -0.14604245 0.10730639
vn 0.9609278 0.12847118 0.24517938
vn 0.9534095 0.19297087 -0.23188926
vn 0.95462674 -0.28438565 0.08838913
vn 0.9199773 -0.2436499 0.30704477
vn 0.62446195 0.4340823 -0.64932257
vn 0.7583701 0.40269938 -0.5125505
vn -0.072163075 -0.9704706 0.23017229
vn 0.9675894 0.22423169 -0.11615037
vn 0.98424834 0.16932324 -0.05084185
vn 0.8518143 -0.2100969 0.4798663
vn 0.96111286 0.11038882 0.25313312
vn 0.9892175 0.045628794 -0.1391645
vn 0.9380076 0.18280907 -0.29448694
vn 0.997153 -0.07448685 0.0117334435
vn 0.79380006 0.36788774 -0.48429343
vn 0.66329485 0.058284283 -0.74608505
vn 0.8805822 -0.39255375 0.2654741
vn 0.75685716 0.09041746 -0.6472959
vn 0.7451736 0.587674 -0.31520718
vn 0.9488604 -0.20214118 0.24249299
vn 0.818441 0.38716447 -0.42456812
vn 0.7117493 0.29053172 -0.63953435
vn 0.97222394 0.15927517 0.1714994
vn 0.93050975 -0.33970937 0.13692777
vn 0.86486775 -0.46817547 0.18115047
vn 0.7685516 -0.63791406 0.048929293
vn 0.94056576 0.09733513 -0.32536432
vn 0.92100936 0.217978 -0.3228426
vn 0.9280535 0.19421425 -0.31780115
vn 0.86944795 0.24541022 -0.42875883
vn 0.87127584 0.27890873 -0.4038419
vn 0.66451794 -0.3094307 -0.6801974
vn 0.97153735 0.07750833 -0.22384726
vn 0.87605625 0.24371031 -0.41608977
vn 0.9872788 -0.024236348 0.15714046
vn 0.93513644 0.18730524 -0.30072683
vn 0.9635895 -0.1034531 0.24656194
vn 0.93954307 -0.20106404 -0.27718592
vn 0.98254985 0.090076566 -0.16273282
vn 0.9842351 0.040769324 -0.17210194
vn 0.97472817 0.16287938 0.15288998
vn 0.98702484 0.09574278 -0.12890016
vn 0.8679407 -0.46069604 -0.18557501
vn 0.66346484 -0.5840543 -0.46764836
vn 0.9879139 0.024188114 -0.15310462
vn 0.98258597 0.023487713 0.18431795
vn 0.97551095 0.06477643 -0.21019617
vn 0.9776892 -0.20212094 0.057192463
vn 0.9002258 -0.41032428 0.1456964
vn 0.9613944 -0.26490158 -0.074484475
vn 0.77985394 -0.6256266 -0.020473484
vn 0.998462 0.054182492 -0.011741549
vn 0.93803793 -0.3008347 0.17199801
vn 0.98006904 0.13503043 -0.14571036
vn 0.97486895 0.1810345 0.12983456
vn 0.83931214 -0.54302156 0.02612998
vn 0.99449843 0.029811747 -0.10041988
vn 0.9819285 -0.16467136 -0.09327235
vn 0.9850245 -0.17227766 -0.00686514
vn 0.98519725 0.08006586 0.1515778
vn 0.99652076 -0.022337293 -0.08029588
vn 0.89884907 -0.43752918 0.025269572
vn 0.91656756 0.32735404 -0.22965893
vn 0.9580828 0.23785718 -0.15969147
vn 0.97292054 -0.21594083 -0.08243323
vn 0.90650904 -0.40607998 -0.11550045
vn 0.9956375 0.093273304 0.002478796
vn 0.9871009 0.0014954519 -0.16009247
vn 0.9917887 -0.115737595 0.0544056
vn 0.787237 -0.61102206 -0.08312604
vn 0.92997736 0.30589977 -0.20388095
vn 0.97753793 0.082284965 -0.1940328
vn 0.9879867 -0.13810205 -0.06935492
vn 0.88729215 0.4575588 -0.057901204
vn 0.9810116 0.13791576 -0.13636522
vn 0.96887916 -0.24752751 0.0018320838
vn 0.8760642 -0.33288437 0.34885466
vn 0.8716299 -0.4815486 0.09150022
vn 0.9649376 0.26016524 -0.03477694
vn 0.87572247 0.4817732 0.031696953
vn 0.9829377 -0.16735688 -0.07632275
vn 0.8790972 0.38643798 0.27902278
vn 0.9462518 0.24448943 0.21173657
vn 0.945695 -0.056819014 0.320051
vn 0.7963647 -0.6040416 0.030610671
vn 0.98944664 -0.117725804 -0.08447439
vn 0.99691236 0.04063329 0.06719142
vn -0.3996677 0.25232923 0.8812467
vn -0.34715337 0.6410766 0.68447447
vn 0.43191212 0.46887517 0.7704596
vn 0.38872012 0.45566875 0.80078876
vn 0.67335105 -0.69662493 0.24761263
vn 0.46462914 0.5067501 0.72617084
vn 0.8628035 0.25716612 0.43524206
vn 0.97207 0.040920988 -0.23109618
vn 0.9907253 0.11907882 0.06544971
vn 0.93387413 0.2650765 -0.24002817
vn 0.5955572 0.6965474 0.40016657
vn -0.27901545 0.69003814 0.66783065
vn 0.7233585 0.6782263 -0.12946649
vn 0.40445325 0.9145041 -0.009991766
vn -0.10082875 0.9906328 0.09208824
vn -0.6177951 0.40706068 0.6727784
vn -0.43320668 0.80783397 0.39967015
vn 0.2310768 0.83970004 -0.491434
vn -0.31083068 0.8394421 0.44578168
vn -0.3199593 0.61013174 0.72482085
vn 0.09988721 0.78770834 0.60789645
vn 0.19711575 0.60580903 0.7708053
vn 0.058432486 0.99447584 0.08719761
vn -0.3924737 -0.053584583 0.918201
vn 0.67164546 -0.6899782 0.26985636
vn 0.15019614 -0.32061702 0.935225
vn -0.34493595 -0.60578567 0.7169679
vn -0.6070594 0.3989783 0.6872373
vn 0.09988721 0.78770834 0.60789645
vn 0.42119026 0.6981475 -0.578955
vn 0.2310768 0.83970004 -0.491434
vn -0.6070594 0.3989783 0.6872373
vn -0.13559967 0.39162505 0.91007835
vn 0.5731064 0.7293733 -0.3735822
vn 0.76676035 0.40181276 -0.50062466
vn 0.1362698 -0.524017 0.84073585
vn 0.8799471 0.25439295 -0.40121976
vn 0.73505944 0.25644213 -0.6276345
vn 0.7495576 -0.17830037 -0.6374734
vn 0.95258284 -0.15378524 -0.26255682
vn -0.73177 -0.39009315 -0.5588739
vn -0.4433818 -0.3421798 -0.8284477
vn 0.5366233 -0.43371195 -0.7238297
vn 0.04271607 -0.07558865 -0.9962237
vn -0.53953224 0.3691116 -0.7567441
vn -0.7392682 -0.42948833 -0.5186736
vn 0.5339675 -0.16718459 -0.8288112
vn -0.6560999 0.6113454 -0.4424813
vn 0.3443608 -0.8858775 -0.31086442
vn 0.5448575 -0.7360305 0.40173295
vn -0.2238269 0.029813604 -0.97417283
vn 0.31558836 -0.82053745 0.4765735
vn 0.5448575 -0.7360305 0.40173295
vn 0.31558836 -0.82053745 0.4765735
vn -0.6560999 0.6113454 -0.4424813
vn -0.7782707 0.43959183 -0.44839013
vn 0.2861895 -0.8485884 -0.4449644
vn -0.7636135 -0.608832 -0.21498354
vn -0.8749253 -0.13575119 -0.46484122
vn -0.85785687 0.399182 -0.32362843
vn -0.74001867 -0.12795742 -0.6603024
vn 0.15626974 -0.97910553 0.13012357
vn 0.3280089 -0.8643872 0.38111013
vn -0.18859577 -0.6526618 0.7338012
vn -0.9571207 -0.009511539 -0.2895331
vn 0.36015174 -0.8661207 0.3465915
vn 0.04271607 -0.07558865 -0.9962237
vn 0.5366233 -0.43371195 -0.7238297
vn -0.16756555 -0.39377433 0.9038051
vn 0.5388291 -0.5867075 0.6045143
vn 0.04271607 -0.07558865 -0.9962237
vn -0.16756555 -0.39377433 0.9038051
vn 0.7025974 -0.5125331 0.49362606
vn 0.44770586 -0.24575472 -0.8597465
vn 0.8450373 -0.04641594 -0.53268903
vn -0.382837 -0.16830952 -0.9083544
vn -0.5980878 -0.4735379 -0.64657
vn 0.19526258 -0.9631279 -0.18508685
vn 0.5461073 0.45945862 -0.70047456
vn 0.39578357 -0.776912 -0.48965618
vn 0.36605978 0.43484944 -0.8227431
vn 0.90678537 -0.041413702 -0.41955352
vn 0.67335105 -0.69662493 0.24761263
vn 0.97207 0.040920988 -0.23109618
vn 0.9939819 0.007300193 -0.10930097
vn 0.9421896 0.07274777 -0.32708806
vn 0.8628035 0.25716612 0.43524206
vn 0.84107596 -0.18535228 -0.508169
vn 0.2909236 -0.88164526 -0.37157112
vn 0.9907253 0.11907882 0.06544971
vn 0.93387413 0.2650765 -0.24002817
vn 0.7143648 0.30359134 -0.63048804
vn 0.63942826 -0.36218306 -0.67819977
vn 0.7233585 0.6782263 -0.12946649
vn 0.40445325 0.9145041 -0.009991766
vn 0.6537484 -0.2837347 -0.7015039
vn 0.43064606 0.8398908 -0.33034444
vn -0.10082875 0.9906328 0.09208824
vn 0.5658767 0.4517098 -0.68974036
vn 0.58615774 -0.41937327 -0.69321364
vn 0.2310768 0.83970004 -0.491434
vn 0.5983681 0.20070949 -0.77567476
vn 0.42119026 0.6981475 -0.578955
vn -0.6070594 0.3989783 0.6872373
vn 0.5731064 0.7293733 -0.3735822
vn 0.506468 -0.8062452 -0.30571038
vn 0.60844326 -0.76206666 -0.22147498
vn 0.76676035 0.40181276 -0.50062466
vn 0.1362698 -0.524017 0.84073585
vn 0.5268513 -0.20089963 0.8258735
vn -0.9451586 -0.27883354 0.17007966
vn -0.72084606 -0.689577 0.06974665
vn 0.16444609 -0.63159966 0.75765383
vn 0.40858912 -0.9122327 -0.029773496
vn -0.2533119 -0.9531792 0.16517435
vn 0.9848034 0.17338018 -0.010081805
vn 0.6684577 0.7167788 0.19847535
vn 0.8966045 0.4027683 -0.1840601
vn -0.8835086 -0.40804622 0.23002347
vn 0.8469781 0.35444543 -0.3962279
vn -0.9719174 -0.18138652 0.14991835
vn -0.8841871 -0.46698233 0.011861573
vn -0.035493705 0.79255545 0.60876596
vn 0.86842126 -0.43986574 -0.22882897
vn -0.87079257 -0.45766655 -0.17961517
vn -0.91150147 -0.3573499 -0.20363219
vn -0.8841871 -0.46698233 0.011861573
vn 0.86842126 -0.43986574 -0.22882897
vn 0.90282035 0.36958703 -0.21981993
vn 0.46462914 0.5067501 0.72617084
vn -0.0013851129 -0.9939508 0.109817654
vn -0.54994917 -0.2594716 0.7938705
vn -0.27901545 0.69003814 0.66783065
vn -0.6177951 0.40706068 0.6727784
vn -0.18107575 -0.9441689 0.27523926
vn -0.42216405 -0.67591774 0.6040801
vn -0.619988 0.100995965 0.778084
vn -0.43320668 0.80783397 0.39967015
vn -0.3199593 0.61013174 0.72482085
vn -0.24139199 -0.90918607 0.3392795
vn -0.3924737 -0.053584583 0.918201
vn 0.19711575 0.60580903 0.7708053
vn 0.97079456 0.2063114 0.122448154
vn -0.50193334 -0.6476691 0.5732257
vn 0.08410351 -0.9837632 -0.15854494
vn -0.8530289 -0.5190458 0.05415836
vn 0.05673463 -0.6805758 -0.7304778
vn -0.8998225 -0.33825007 0.27551126
vn -0.8694929 -0.32371762 0.37308046
vn 0.97992593 0.18841803 0.065144576
vn 0.9140281 -0.28135604 -0.29221803
vn 0.40264383 0.15608175 -0.90195143
vn -0.99171644 -0.09514318 0.08629161
vn -0.9456 0.20770258 -0.2504004
vn -0.11284502 0.43495864 -0.89335155
vn 0.5668191 0.17854862 -0.80426145
vn -0.8842689 -0.44410762 -0.14435028
vn 0.81262374 -0.26440522 -0.5193578
vn 0.9460743 -0.20281473 -0.25260553
vn 0.87280583 -0.26118997 -0.41229817
vn -0.55332655 -0.7053187 -0.44311997
vn 0.85615903 -0.054704342 -0.5138084
vn 0.8646374 -0.48258632 -0.13968766
vn 0.9601226 -0.067877494 -0.27121434
vn 0.8794517 -0.18298633 -0.43940955
vn 0.8646374 -0.48258632 -0.13968766
vn 0.9460743 -0.20281473 -0.25260553
vn -0.8842689 -0.44410762 -0.14435028
vn -0.9456 0.20770258 -0.2504004
vn 0.09196614 0.78048295 -0.6183758
vn 0.83719546 0.37785047 -0.39538935
vn 0.5668191 0.17854862 -0.80426145
vn 0.9237448 0.15457688 -0.35043055
vn 0.7061872 0.5838112 -0.40057966
vn -0.99171644 -0.09514318 0.08629161
vn -0.11284502 0.43495864 -0.89335155
vn -0.9392896 0.3382754 -0.05748658
vn 0.68718517 -0.6732239 0.27303138
vn 0.6339283 -0.7362189 -0.2368893
vn 0.53050935 -0.37952396 -0.7579719
vn 0.24506523 -0.2728397 -0.93032336
vn 0.719851 -0.6682922 0.18761675
vn 0.99816495 0.037033092 0.04790957
vn 0.9400867 -0.34089595 -0.0051855645
vn -0.9392896 0.3382754 -0.05748658
vn 0.24506523 -0.2728397 -0.93032336
vn 0.74269086 -0.66482615 0.08010246
vn 0.99816495 0.037033092 0.04790957
vn 0.53050935 -0.37952396 -0.7579719
vn 0.24506523 -0.2728397 -0.93032336
vn 0.68718517 -0.6732239 0.27303138
vn 0.719851 -0.6682922 0.18761675
vn 0.65166306 0.6556012 0.3814739
vn 0.7416828 0.5392069 0.39895174
vn 0.7512178 0.4759734 0.45729762
vn 0.69437265 0.57896435 0.42737204
vn 0.6553017 0.68386596 0.32079116
vn 0.79221565 0.44239816 0.42033106
vn -0.4592816 -0.14913727 -0.87568176
vn 0.6972748 -0.049057905 -0.71512324
vn 0.7855365 0.3095696 -0.53581625
vn 0.9804301 -0.08523091 -0.17746106
vn 0.55946267 -0.0835217 -0.8246367
vn 0.87309384 0.16086689 -0.4602489
vn 0.63562715 0.09395231 -0.7662579
vn -0.4592816 -0.14913727 -0.87568176
vn 0.38503835 -0.25890973 -0.8858393
vn 0.9706782 0.042026334 -0.23668034
vn 0.91842824 -0.1869239 -0.34863874
vn 0.79006004 0.28034544 -0.5451711
vn -0.45856974 -0.8623503 0.21462941
vn 0.8945504 -0.12621453 -0.4287767
vn -0.2070043 -0.93943614 -0.27314648
vn 0.740197 0.44433948 -0.5046492
vn -0.072163075 -0.9704706 0.23017229
vn 0.6601397 0.6824791 -0.31374818
vn -0.3488928 -0.7856146 -0.5109633
vn -0.6151574 -0.73520774 0.2846945
vn -0.6383626 -0.750715 0.17005938
vn 0.86143637 0.18383344 -0.47342652
vn 0.8110959 -0.22098456 -0.54156184
vn 0.75685716 0.09041746 -0.6472959
vn 0.92100936 0.217978 -0.3228426
vn 0.8945504 -0.12621453 -0.4287767
vn 0.740197 0.44433948 -0.5046492
vn 0.21139376 0.9762719 -0.046966527
vn 0.53320074 0.8139642 -0.23056294
vn -0.072163075 -0.9704706 0.23017229
vn 0.7583701 0.40269938 -0.5125505
vn -0.3488928 -0.7856146 -0.5109633
vn 0.64173234 0.25422373 -0.7235675
vn 0.2310768 0.83970004 -0.491434
vn -0.34493595 -0.60578567 0.7169679
vn 0.09988721 0.78770834 0.60789645
vn 0.058432486 0.99447584 0.08719761
vn 0.5731064 0.7293733 -0.3735822
vn -0.6070594 0.3989783 0.6872373
vn -0.9871302 0.107341975 -0.118539594
vn -0.96637684 0.033311162 -0.25496313
vn -0.9247512 0.32238588 -0.20224373
vn -0.84853935 0.4705284 -0.24204133
vn -0.74393713 0.66791093 -0.021271972
vn -0.84185654 0.5269353 -0.116691
vn -0.8786401 0.3455822 -0.3294913
vn -0.9508421 0.29508168 0.09394738
vn -0.9504988 0.29173648 -0.10696656
vn -0.96559536 0.1689225 -0.197714
vn -0.8764183 0.42911708 -0.21851654
vn -0.92432904 0.37734136 -0.05682737
vn -0.8657696 0.3672499 -0.33995664
vn -0.9780221 -0.0068254555 -0.20838939
vn 0.4709945 0.6110549 -0.63622016
vn -0.90677017 0.41940248 0.043236624
vn -0.81725895 0.51861286 -0.251254
vn -0.7776518 0.62036246 0.10202016
vn -0.83265066 0.5532177 -0.025358409
vn -0.8896404 0.029927285 -0.45568007
vn -0.92229635 0.35095397 -0.16186652
vn -0.7967587 0.5930461 0.11606839
vn -0.76737666 0.6323525 -0.106129095
vn -0.96003515 0.028878791 -0.2783856
vn -0.89496595 0.42919016 -0.12178569
vn -0.95284694 0.29397517 -0.0752415
vn -0.93639785 0.34845194 -0.041716844
vn -0.90648276 0.4205829 -0.037404228
vn -0.9862655 0.11428653 -0.11924366
vn -0.7611 0.63036585 0.15285842
vn -0.8476401 0.50991964 -0.14658877
vn -0.8142568 0.56008035 0.15263006
vn -0.9160745 0.40056255 -0.01889689
vn -0.8922949 0.44862 -0.050496545
vn -0.9915136 0.1171108 -0.056443024
vn -0.9427325 0.31534714 -0.108680956
vn 0.41288218 -0.15869989 -0.89685154
vn -0.9358573 0.35187957 -0.018758131
vn -0.23513274 0.68226975 -0.6922576
vn -0.207911 0.8353562 -0.5088743
vn -0.94809675 0.2832244 0.14455634
vn -0.846087 0.533036 0.003076705
vn -0.8747547 0.42928046 0.22477207
vn -0.28748864 0.83759475 -0.46452698
vn -0.7115596 0.67419684 -0.19784231
vn -0.92913175 0.3098776 -0.20171769
vn -0.99596804 0.06691004 0.059755694
vn -0.9786691 0.16528535 0.12201467
vn -0.8762447 -0.35184 0.3292474
vn -0.99312013 0.03118032 0.11287247
vn -0.9508821 0.29266825 0.10083931
vn -0.9051505 -0.07307549 -0.41876313
vn -0.99535924 0.09553675 -0.0115182195
vn -0.9654924 0.24756157 0.0808559
vn -0.95723593 -0.17496401 -0.23040614
vn -0.64081526 0.76765513 -0.00783515
vn 0.87081474 0.16459994 -0.46323708
vn 0.8793659 -0.38616723 -0.2785506
vn -0.77532786 -0.13849747 0.616186
vn -0.98965883 0.09828755 0.1044746
vn -0.9925231 0.117048 0.03460825
vn -0.9832054 0.17173262 -0.061766334
vn -0.7699193 0.61978704 -0.15194848
vn -0.3271627 0.7683584 0.55008173
vn -0.9818989 -0.1554727 0.10817933
vn -0.8252155 0.5183214 -0.22441553
vn -0.982847 0.1657189 -0.08092665
vn 0.14364202 -0.3322406 -0.9321927
vn -0.999238 0.0199287 0.03355984
vn -0.94124836 0.27316102 0.1985814
vn -0.9018711 0.2919397 -0.31843325
vn -0.92364436 0.30644435 0.23015863
vn -0.90233535 -0.02322603 -0.43040848
vn 0.5065611 0.66966736 -0.54308516
vn -0.9156735 -0.1439261 -0.37526962
vn -0.80678767 -0.44076562 -0.39347082
vn -0.8866619 0.2821553 0.36635926
vn -0.9502756 0.31054795 -0.023156414
vn -0.8093275 0.3372523 0.4808845
vn -0.89330494 0.37562212 0.24680817
vn -0.7852951 0.4189633 0.45583034
vn -0.83259606 0.45455527 0.31648585
vn -0.869749 0.39684796 0.29334
vn -0.73053366 0.3153769 0.605688
vn -0.73610985 0.47381103 0.4833688
vn -0.96287674 -0.15501627 -0.22099395
vn -0.9429974 0.2718274 0.19200467
vn -0.97900575 0.05392837 0.1965691
vn -0.939259 0.24269375 0.2426774
vn -0.88841677 0.43359074 0.15071404
vn -0.59037036 0.77928984 -0.210167
vn -0.77214944 0.60137445 -0.2052658
vn -0.7636423 0.63930905 -0.09019077
vn -0.94921225 0.24519765 -0.19716536
vn -0.64799464 0.72087526 -0.24584913
vn -0.54452616 0.8387431 -0.0011250061
vn -0.7599825 0.6373246 0.12745194
vn -0.5334247 0.8453962 0.027628463
vn -0.81483227 0.552105 -0.17671558
vn -0.54030055 0.83143914 -0.12955417
vn -0.6679434 0.74208665 -0.05620503
vn -0.7696025 0.6288009 -0.111001775
vn -0.61570704 0.7637937 -0.19371113
vn -0.764261 0.642809 0.05197772
vn -0.59502757 0.80330753 0.025282968
vn -0.6385347 0.7671651 -0.06108242
vn -0.91118455 0.39964283 -0.10014186
vn -0.74393713 0.66791093 -0.021271972
vn -0.84901685 0.5020476 -0.16467716
vn -0.77618206 0.6239358 -0.09080494
vn -0.84853935 0.4705284 -0.24204133
vn -0.39442176 0.9159859 -0.07349377
vn -0.6798454 0.7322698 -0.039889477
vn -0.4390082 0.89308834 -0.0983107
vn -0.54587 0.8261072 -0.13990295
vn -0.5542141 0.8268798 -0.09548039
vn -0.68393546 0.71670616 -0.13625199
vn -0.6338257 0.76698685 0.099980585
vn -0.58058596 0.8141938 0.0029018777
vn -0.5296762 0.847091 -0.043357655
vn -0.3715378 0.9273142 -0.045254823
vn -0.40936413 0.90825576 0.08655924
vn -0.9186017 0.3866279 -0.0817911
vn -0.77041465 0.45697984 -0.44455668
vn -0.7138701 0.5839555 -0.38650414
vn -0.5502348 0.8327049 0.062002063
vn -0.6215032 0.72544765 -0.29573563
vn -0.7776518 0.62036246 0.10202016
vn -0.8779598 0.30069652 -0.3725161
vn -0.46856084 0.8266342 -0.31165135
vn -0.70412844 0.35946977 -0.6123599
vn -0.6809282 0.43238008 -0.5910874
vn -0.21409649 0.97353464 -0.07995602
vn -0.24953252 0.92770356 -0.2776682
vn -0.26482946 0.9583656 -0.106774084
vn -0.72144246 0.31100318 -0.6187066
vn -0.59078103 0.6286242 -0.50577605
vn -0.27280825 0.95948523 0.0704539
vn -0.39021653 0.8957876 0.21282776
vn -0.52345 0.78827685 -0.3234496
vn -0.8309772 0.38938156 -0.3973146
vn -0.7799049 0.5965367 -0.18945274
vn -0.85200703 0.5179404 0.07630068
vn -0.49891183 0.86332005 -0.07593091
vn -0.7675339 0.32142732 -0.55459553
vn -0.9529361 0.18593298 -0.23946126
vn -0.24324445 0.96991473 0.009874298
vn -0.93412465 0.19697472 0.29767781
vn -0.64177966 0.5652698 -0.51825565
vn -0.48807803 0.32833332 -0.80868846
vn -0.43207332 0.693219 -0.5768536
vn -0.4516532 0.5276774 -0.71942055
vn -0.26316145 0.7801805 -0.5675072
vn -0.7399944 0.6096829 0.2840687
vn 0.0072693564 0.90045583 -0.43488675
vn -0.15662232 0.96361375 0.21660565
vn -0.47040275 0.8294912 0.30110723
vn -0.23856278 0.92479515 -0.29638103
vn -0.3609621 0.5780561 -0.73181796
vn -0.639742 0.28315926 -0.71452856
vn -0.36150503 0.8015413 -0.47628316
vn -0.1906523 0.68798304 -0.70023644
vn -0.11449627 0.9928999 0.032255907
vn -0.31579792 0.93051344 -0.18551649
vn -0.4822602 0.44215706 -0.7562554
vn -0.14405297 0.42168686 -0.89522564
vn -0.44385868 0.8921949 0.08353247
vn -0.13381876 0.30207893 -0.94384366
vn -0.038816947 0.9949211 0.09287258
vn -0.33965918 0.937106 -0.080398984
vn -0.27952382 0.37788913 -0.8826473
vn 0.031214457 0.9910754 -0.12959634
vn -0.022618972 0.38913134 -0.9209046
vn -0.037701663 0.9069325 -0.41958568
vn 0.023514777 0.96573573 -0.25845987
vn -0.5302056 0.84067535 0.11021321
vn -0.13697746 0.6701787 -0.7294502
vn -0.036979128 0.65447253 -0.75518095
vn 0.077262 0.9967886 0.021047141
vn -0.73691666 0.60972244 0.29187748
vn 0.20123824 0.931688 -0.3024246
vn -0.91591877 0.38509548 -0.11311168
vn 0.19408719 0.8690778 -0.45500982
vn 0.07264952 0.9871409 0.14238982
vn 0.13997748 0.56623465 -0.81227124
vn 0.0950576 0.35511175 -0.9299783
vn 0.24723339 0.9427619 0.22377598
vn 0.23569798 0.7954446 -0.55831385
vn 0.4083849 0.4774106 -0.77801085
vn 0.2831966 0.9524934 -0.112053216
vn 0.2070885 0.96920335 0.13326369
vn 0.13218181 0.38300794 -0.914239
vn 0.20508698 0.9782369 0.03149487
vn 0.27125922 0.29480907 -0.91624564
vn 0.0056024413 -0.44763 -0.89420134
vn -0.08647661 -0.41360936 -0.9063383
vn 0.27998284 -0.3770471 -0.8828619
vn -0.3570196 -0.24828668 -0.9004947
vn 0.100897506 -0.41898492 -0.90236986
vn 0.20192885 -0.2162791 -0.9552215
vn -0.35736692 -0.46529382 -0.80980897
vn 0.220253 -0.33662418 -0.91551775
vn -0.26173156 -0.26799718 -0.92718613
vn 0.50597084 -0.56896263 -0.6482862
vn -0.15980488 -0.76385105 -0.6252951
vn 0.37537795 -0.43086943 -0.8206357
vn 0.12846793 -0.2896886 -0.9484601
vn 0.4539915 -0.6364713 -0.62353516
vn 0.34485248 -0.9384768 -0.0183873
vn 0.40089887 -0.30802915 -0.8627851
vn 0.2518588 -0.4092712 -0.8769631
vn -0.40618882 -0.39221826 -0.82533354
vn 0.48761073 -0.56481177 -0.6657503
vn -0.4697483 -0.46844408 -0.74826247
vn -0.666579 -0.5409567 -0.51287264
vn 0.110067785 -0.84457415 -0.5240034
vn -0.24678469 -0.69491076 -0.6754231
vn -0.38689983 -0.6436359 -0.6603342
vn 0.2831973 -0.55719984 -0.7805944
vn -0.17231797 -0.6856248 -0.707266
vn -0.1718904 -0.78635305 -0.59338236
vn -0.5005026 -0.59050137 -0.63309187
vn 0.00057584915 -0.7482153 -0.6634557
vn -0.09862409 -0.7896721 -0.6055504
vn 0.32664925 -0.8280082 -0.45574415
vn 0.24411422 -0.8314781 -0.49905148
vn 0.081381135 -0.9507778 -0.29899597
vn -0.36348203 -0.719077 -0.5922914
vn -0.35503322 -0.64753175 -0.6742804
vn 0.37916017 -0.8870063 -0.26354778
vn -0.22396067 -0.66991514 -0.7078526
vn -0.0018851885 -0.86773264 -0.49702767
vn -0.15225376 -0.70386624 -0.6938235
vn 0.010553962 -0.82336396 -0.56741554
vn -0.003629692 -0.9211565 -0.3891754
vn 0.12312688 -0.98711395 -0.10220491
vn -0.037930753 -0.9962193 -0.07815606
vn -0.010412475 -0.80997545 -0.5863713
vn 0.070150636 -0.67253685 -0.73673135
vn -0.08781232 -0.94493884 -0.3152453
vn 0.1897121 -0.77579004 -0.6017966
vn -0.1254636 -0.95925295 -0.25316533
vn -0.37398416 -0.9207419 -0.111221135
vn 0.035837967 -0.70571387 -0.70759
vn -0.12634619 -0.83339965 -0.538035
vn -0.24498522 -0.9066645 -0.34342644
vn 0.09835443 -0.71532565 -0.6918349
vn 0.22724332 -0.60087407 -0.7663621
vn 0.56653446 -0.5817387 -0.58362556
vn -0.52013415 -0.8539349 0.015989948
vn -0.3396538 -0.9020926 -0.26620343
vn 0.43397945 -0.55775946 -0.707507
vn -0.25454065 -0.67840797 -0.6891819
vn -0.37751925 -0.8422648 -0.38479775
vn -0.360721 -0.37298825 -0.8548451
vn -0.1874748 -0.43646833 -0.8799708
vn -0.28713742 -0.7858542 -0.5477091
vn -0.41658682 -0.3724145 -0.8293147
vn 0.1087455 -0.99401194 0.010706969
vn -0.48328063 -0.27511898 -0.83111334
vn 0.3404647 -0.40098614 -0.85046685
vn 0.24133456 -0.95282483 -0.18407184
vn 0.11307987 -0.9055823 -0.40881982
vn -0.21393271 -0.43089747 -0.8766756
vn 0.45420602 -0.8907485 0.016249234
vn 0.09058905 -0.37637892 -0.92202634
vn 0.21855538 -0.80005276 -0.5587031
vn 0.09944989 -0.5694596 -0.81598127
vn 0.45206824 -0.84763867 -0.27774626
vn 0.2516174 -0.49281436 -0.8329602
vn 0.45438364 -0.71300936 -0.53399736
vn -0.3996677 0.25232923 0.8812467
vn 0.67335105 -0.69662493 0.24761263
vn 0.044532873 -0.7650819 0.64239126
vn 0.43001288 -0.84514904 0.317509
vn 0.55388695 -0.82717556 0.09481503
vn 0.04570079 -0.9720989 0.23007648
vn 0.2585377 -0.94777733 0.18675219
vn 0.56813973 -0.81312793 0.12665007
vn 0.45420602 -0.8907485 0.016249234
vn 0.3280089 -0.8643872 0.38111013
vn -0.74001867 -0.12795742 -0.6603024
vn -0.8749253 -0.13575119 -0.46484122
vn -0.18859577 -0.6526618 0.7338012
vn -0.9571207 -0.009511539 -0.2895331
vn 0.36015174 -0.8661207 0.3465915
vn 0.45206824 -0.84763867 -0.27774626
vn 0.6240687 -0.7806515 -0.033488467
vn 0.46866715 -0.8720486 0.14100456
vn 0.7330088 -0.67993724 0.019582916
vn 0.45438364 -0.71300936 -0.53399736
vn 0.6947547 -0.710355 -0.11274603
vn 0.5510622 -0.7132625 -0.43311322
vn 0.69989544 -0.7006253 0.13881835
vn 0.83931214 -0.54302156 0.02612998
vn 0.6451999 -0.7177406 -0.26185024
vn 0.77985394 -0.6256266 -0.020473484
vn 0.7685516 -0.63791406 0.048929293
vn 0.724275 -0.655871 0.21274164
vn 0.86486775 -0.46817547 0.18115047
vn 0.66346484 -0.5840543 -0.46764836
vn 0.8679407 -0.46069604 -0.18557501
vn 0.7710833 -0.6348062 -0.049514346
vn 0.93803793 -0.3008347 0.17199801
vn 0.93050975 -0.33970937 0.13692777
vn 0.90650904 -0.40607998 -0.11550045
vn 0.787237 -0.61102206 -0.08312604
vn -0.6282168 -0.19299862 0.7537209
vn -0.5868171 0.042582132 0.80859905
vn -0.7544925 0.01867094 0.65604305
vn -0.29534754 0.14949931 0.94362056
vn -0.6867388 0.18888488 0.7019347
vn -0.40801388 -0.44762787 0.7957097
vn -0.2797158 -0.45919162 0.84315014
vn -0.6195337 0.23789626 0.748053
vn -0.29723495 0.18428853 0.93685067
vn -0.6723905 0.21195781 0.7092002
vn -0.24686103 -0.01057182 0.96899325
vn -0.4353995 0.20095178 0.87752247
vn -0.008654466 0.17499083 0.984532
vn -0.57439595 0.19191626 0.7957622
vn -0.22100985 0.13614534 0.9657221
vn -0.858712 0.111217976 0.50024414
vn 0.051684167 0.13054277 0.9900946
vn -0.12459681 0.18168618 0.9754311
vn -0.059279285 -0.3589841 0.93145925
vn 0.05318918 -0.03861278 0.99783766
vn -0.6148384 -0.22942151 0.75454587
vn 0.94254863 -0.04530963 0.3309821
vn -0.010326731 -0.27071998 0.96260273
vn -0.04517532 -0.012602908 0.9988996
vn -0.047411285 -0.72120553 0.6910968
vn 0.036170524 0.1595923 0.9865201
vn 0.1371226 0.16354002 0.9769606
vn 0.10224913 -0.3264648 0.93966264
vn 0.278843 0.069119334 0.95784605
vn 0.2615623 -0.23932889 0.93504375
vn 0.16026017 0.16993318 0.97233707
vn 0.22934745 -0.5033514 0.8330889
vn 0.01631874 -0.1003822 0.9948151
vn 0.5623104 0.14969793 0.81326354
vn 0.491592 0.13869739 0.85970944
vn 0.34011346 0.16163938 0.92638844
vn 0.44736463 0.18672638 0.8746417
vn 0.62547755 -0.7474271 0.22389859
vn -0.68993455 0.07682628 0.7197833
vn 0.3505262 0.19089414 0.91689193
vn -0.75336665 -0.61889255 0.22228508
vn 0.43910322 -0.2691906 0.85716087
vn 0.8880628 -0.06708916 0.4548006
vn 0.45562777 0.18943152 0.869781
vn 0.026864065 -0.54603773 0.83732975
vn 0.4275793 -0.5784097 0.6947073
vn -0.26754487 -0.8228083 0.5014042
vn -0.31417304 -0.6482494 0.6935907
vn -0.40090406 -0.77320695 0.4913522
vn -0.13911997 -0.7778009 0.6129204
vn -0.097774535 -0.8747199 0.47466332
vn -0.40801388 -0.44762787 0.7957097
vn -0.2797158 -0.45919162 0.84315014
vn -0.0052473736 -0.9137688 0.40620065
vn -0.0036430142 -0.90745795 0.42012718
vn 0.65889525 -0.53207695 0.5317435
vn 0.5043746 -0.83504635 0.21978132
vn -0.039402265 -0.6481872 0.7604609
vn -0.059279285 -0.3589841 0.93145925
vn 0.57516587 -0.81470376 0.07377014
vn 0.44160247 -0.89621806 -0.042194944
vn 0.15872173 -0.97867525 0.13039218
vn 0.07224786 -0.99357206 0.087148465
vn 0.009406361 -0.9754789 0.21989202
vn 0.12312688 -0.98711395 -0.10220491
vn 0.113370895 -0.9868279 0.11540225
vn 0.020713361 -0.9902393 0.13782977
vn -0.037930753 -0.9962193 -0.07815606
vn 0.011148954 -0.99121636 0.1317793
vn -0.09360914 -0.98804384 0.12250193
vn -0.087227516 -0.99101985 0.101346254
vn 0.26264676 -0.8293587 0.49313366
vn -0.09645717 -0.9669357 0.23607504
vn 0.08623091 -0.7894818 0.6076864
vn 0.22934745 -0.5033514 0.8330889
vn 0.2990013 -0.6844266 0.66494995
vn -0.37398416 -0.9207419 -0.111221135
vn -0.417405 -0.8763728 0.24029939
vn -0.46159765 -0.8849558 0.0614883
vn -0.563104 -0.8209286 0.094816625
vn -0.5354721 -0.8408153 0.07936759
vn 0.28817767 -0.77968824 0.55591357
vn -0.14527404 -0.8353271 0.5302114
vn -0.5820952 -0.777648 0.23754746
vn -0.08792863 -0.94838375 -0.30469134
vn 0.03671051 -0.9985188 0.040156264
vn -0.52013415 -0.8539349 0.015989948
vn -0.51087695 -0.84888625 0.13563482
vn 0.19526258 -0.9631279 -0.18508685
vn -0.075725004 -0.96734715 0.2418786
vn 0.1087455 -0.99401194 0.010706969
vn 0.45420602 -0.8907485 0.016249234
vn 0.20427382 -0.6395421 0.7411195
vn 0.67335105 -0.69662493 0.24761263
vn 0.9685896 0.24275775 -0.05387849
vn 0.93877697 0.01794388 -0.34405786
vn -0.3953911 0.25717494 -0.88177484
vn 0.7760521 0.62712103 -0.06680052
vn 0.9253539 0.3780005 -0.028910248
vn 0.9960398 0.085522726 0.024301533
vn 0.86175805 0.4915978 0.1253183
vn 0.7946102 0.59553236 -0.118049875
vn -0.25818616 0.50368094 -0.8244061
vn 0.8064405 0.5877179 -0.06512621
vn 0.9413832 0.33545 0.035650503
vn 0.85873663 0.5121563 -0.016349606
vn 0.35840508 0.5989188 -0.7161299
vn -0.46442944 0.8113332 -0.35502642
vn 0.9290321 0.36985677 -0.010265453
vn 0.8399115 0.5019075 0.20648836
vn 0.8905251 0.45465997 -0.015790785
vn 0.7409903 0.6486094 0.17389455
vn 0.93173826 0.3611033 -0.03831683
vn 0.9619629 0.26722702 -0.056720294
vn 0.87475556 0.42123172 -0.2395132
vn 0.91711724 0.39161277 -0.074400745
vn 0.83889794 0.32533613 -0.43635616
vn 0.812879 0.58210075 -0.019656979
vn 0.99012995 0.049524322 -0.13111085
vn 0.9730416 0.20057733 -0.11383684
vn 0.81704247 0.55351156 -0.16145131
vn 0.8799471 0.25439295 -0.40121976
vn 0.96833843 0.18766461 -0.16462897
vn 0.890573 0.41066638 -0.19553214
vn 0.79931694 0.54749244 -0.24767806
vn 0.8745169 0.44225332 -0.1990783
vn 0.87456745 0.42570603 -0.23217691
vn 0.73505944 0.25644213 -0.6276345
vn 0.78240484 0.61737 -0.08183476
vn 0.9252252 0.37914476 -0.014406152
vn 0.93980336 0.3297313 -0.08970479
vn 0.76193535 0.55462223 -0.33443785
vn 0.94425553 0.31363073 -0.10008608
vn 0.9471038 0.29966262 -0.11487677
vn 0.9636252 0.10341564 -0.2464381
vn 0.86508834 0.50095165 0.025876673
vn 0.819658 0.56775 -0.076293655
vn 0.9810267 0.16380584 -0.10370243
vn 0.978052 -0.0017761835 -0.20835325
vn 0.87479144 0.3659547 -0.31751698
vn 0.95166755 0.23751442 -0.19471987
vn 0.98141223 0.055999633 -0.18355949
vn 0.88619995 0.19273724 -0.42130983
vn 0.8358569 0.5334721 -0.1294248
vn 0.8904199 0.306492 -0.33647442
vn 0.8407561 0.24230526 -0.4841666
vn 0.9186925 0.32276896 -0.22764945
vn 0.9229148 0.22016472 -0.3158414
vn 0.938586 0.26618335 -0.21955116
vn 0.91015613 0.39114633 -0.1364563
vn 0.9603398 0.13445032 -0.24427557
vn 0.87309384 0.16086689 -0.4602489
vn 0.9612924 0.21415052 -0.17336807
vn 0.9675894 0.22423169 -0.11615037
vn 0.8345733 0.5352149 -0.13050793
vn 0.78513956 0.59331375 -0.17757998
vn 0.9892175 0.045628794 -0.1391645
vn 0.7601517 0.60520244 -0.23643056
vn 0.728824 0.6670936 -0.15427803
vn 0.64912194 0.7341137 -0.19929323
vn 0.98424834 0.16932324 -0.05084185
vn 0.9380076 0.18280907 -0.29448694
vn 0.7451736 0.587674 -0.31520718
vn 0.75626147 0.601854 -0.25659376
vn 0.72168475 -0.53597695 -0.43806374
vn 0.8744572 -0.32149667 -0.36326924
vn 0.46235308 -0.7092349 -0.53217995
vn -0.9809791 0.19260429 -0.024157131
vn 0.9003708 -0.31283155 -0.3024382
vn 0.9311707 -0.24672975 -0.26841313
vn 0.22971937 -0.44596583 -0.8650685
vn 0.93110085 -0.1990854 -0.30564064
vn -0.9114717 0.40961686 -0.037859946
vn 0.81093884 -0.17761585 -0.55752206
vn 0.8794517 -0.18298633 -0.43940955
vn 0.92903227 -0.2308436 -0.28915435
vn 0.95930564 -0.13343805 -0.2488514
vn 0.9636252 0.10341564 -0.2464381
vn 0.73505944 0.25644213 -0.6276345
vn -0.73177 -0.39009315 -0.5588739
vn 0.978052 -0.0017761835 -0.20835325
vn 0.87280583 -0.26118997 -0.41229817
vn 0.9570246 -0.05902556 -0.2839365
vn 0.81262374 -0.26440522 -0.5193578
vn 0.9810267 0.16380584 -0.10370243
vn 0.9460743 -0.20281473 -0.25260553
vn -0.55332655 -0.7053187 -0.44311997
vn 0.8646374 -0.48258632 -0.13968766
vn 0.98141223 0.055999633 -0.18355949
usemtl material_0
f 1/1/1 2/2/2 3/3/3
f 4/4/4 3/3/3 2/2/2
f 2/2/2 5/5/5 6/6/6
f 4/4/4 7/7/7 3/3/3
f 2/2/2 6/6/6 4/4/4
f 7/7/7 8/8/8 3/3/3
f 1/1/1 3/3/3 9/9/9
f 10/10/10 7/7/7 4/4/4
f 11/11/11 4/4/4 6/6/6
f 7/7/7 10/10/10 12/12/12
f 8/8/8 7/7/7 12/12/12
f 9/9/9 3/3/3 8/8/8
f 12/12/12 13/13/13 8/8/8
f 14/14/14 15/15/15 16/16/16
f 16/16/16 17/17/17 14/14/14
f 18/18/18 15/15/15 14/14/14
f 18/18/18 14/14/14 19/19/19
f 20/20/20 19/19/19 14/14/14
f 21/21/21 13/13/13 12/12/12
f 14/14/14 17/17/17 22/22/22
f 21/21/21 23/23/23 13/13/13
f 21/21/21 12/12/12 24/24/24
f 25/25/25 20/20/20 14/14/14
f 21/21/21 22/22/22 23/23/23
f 14/14/14 22/22/22 21/21/21
f 14/14/14 21/21/21 24/24/24
f 20/20/20 26/26/26 19/19/19
f 22/22/22 17/17/17 23/23/23
f 27/27/27 26/26/26 20/20/20
f 25/25/25 27/27/27 20/20/20
f 28/28/28 29/29/29 27/27/27
f 10/10/10 24/24/24 12/12/12
f 30/30/30 14/14/14 24/24/24
f 14/14/14 30/30/30 25/25/25
f 16/16/16 31/31/31 17/17/17
f 27/27/27 32/32/32 26/26/26
f 29/29/29 32/32/32 27/27/27
f 27/27/27 25/25/25 28/28/28
f 23/23/23 17/17/17 33/33/33
f 33/33/33 17/17/17 31/31/31
f 32/32/32 34/34/34 26/26/26
f 35/35/35 10/10/10 36/36/36
f 10/10/10 35/35/35 24/24/24
f 37/37/37 30/30/30 24/24/24
f 38/38/38 10/10/10 4/4/4
f 36/36/36 10/10/10 39/39/39
f 40/40/40 41/41/41 42/42/42
f 43/43/43 31/31/31 16/16/16
f 44/44/44 40/40/40 42/42/42
f 45/45/45 42/42/42 46/46/46
f 47/47/47 31/31/31 43/43/43
f 40/40/40 48/48/48 41/41/41
f 47/47/47 49/49/49 31/31/31
f 33/33/33 31/31/31 50/50/50
f 44/44/44 42/42/42 45/45/45
f 49/49/49 47/47/47 51/51/51
f 4/4/4 11/11/11 38/38/38
f 52/52/52 53/53/53 30/30/30
f 50/50/50 31/31/31 54/54/54
f 10/10/10 55/55/55 39/39/39
f 55/55/55 10/10/10 38/38/38
f 37/37/37 56/56/56 30/30/30
f 57/57/57 35/35/35 36/36/36
f 52/52/52 30/30/30 56/56/56
f 57/57/57 36/36/36 39/39/39
f 24/24/24 35/35/35 37/37/37
f 54/54/54 31/31/31 58/58/58
f 49/49/49 58/58/58 31/31/31
f 52/52/52 59/59/59 53/53/53
f 60/60/60 40/40/40 44/44/44
f 40/40/40 61/61/61 48/48/48
f 49/49/49 51/51/51 62/62/62
f 62/62/62 58/58/58 49/49/49
f 57/57/57 39/39/39 55/55/55
f 63/63/63 57/57/57 55/55/55
f 44/44/44 45/45/45 64/64/64
f 64/64/64 60/60/60 44/44/44
f 59/59/59 52/52/52 65/65/65
f 66/66/66 67/67/67 68/68/68
f 66/66/66 69/69/69 67/67/67
f 70/70/70 67/67/67 63/63/63
f 65/65/65 52/52/52 56/56/56
f 71/71/71 40/40/40 60/60/60
f 40/40/40 71/71/71 61/61/61
f 72/72/72 56/56/56 37/37/37
f 66/66/66 68/68/68 73/73/73
f 67/67/67 69/69/69 63/63/63
f 72/72/72 65/65/65 56/56/56
f 73/73/73 74/74/74 66/66/66
f 74/74/74 75/75/75 66/66/66
f 69/69/69 57/57/57 63/63/63
f 57/57/57 69/69/69 35/35/35
f 67/67/67 70/70/70 76/76/76
f 69/69/69 37/37/37 35/35/35
f 77/77/77 68/68/68 67/67/67
f 73/73/73 68/68/68 78/78/78
f 77/77/77 67/67/67 76/76/76
f 79/79/79 69/69/69 66/66/66
f 69/69/69 79/79/79 37/37/37
f 80/80/80 73/73/73 78/78/78
f 68/68/68 81/81/81 78/78/78
f 82/82/82 71/71/71 60/60/60
f 70/70/70 83/83/83 76/76/76
f 77/77/77 81/81/81 68/68/68
f 81/81/81 80/80/80 78/78/78
f 79/79/79 66/66/66 75/75/75
f 84/84/84 60/60/60 64/64/64
f 73/73/73 85/85/85 74/74/74
f 86/86/86 74/74/74 85/85/85
f 87/87/87 85/85/85 73/73/73
f 82/82/82 60/60/60 84/84/84
f 88/88/88 65/65/65 89/89/89
f 90/90/90 87/87/87 73/73/73
f 91/91/91 76/76/76 83/83/83
f 77/77/77 76/76/76 91/91/91
f 86/86/86 85/85/85 92/92/92
f 79/79/79 72/72/72 37/37/37
f 75/75/75 88/88/88 89/89/89
f 93/93/93 80/80/80 81/81/81
f 94/94/94 92/92/92 87/87/87
f 72/72/72 89/89/89 65/65/65
f 74/74/74 88/88/88 75/75/75
f 95/95/95 92/92/92 94/94/94
f 95/95/95 94/94/94 90/90/90
f 75/75/75 89/89/89 79/79/79
f 89/89/89 72/72/72 79/79/79
f 96/96/96 81/81/81 77/77/77
f 97/97/97 93/93/93 81/81/81
f 98/98/98 81/81/81 96/96/96
f 98/98/98 97/97/97 81/81/81
f 99/99/99 71/71/71 82/82/82
f 100/100/100 101/101/101 102/102/102
f 103/103/103 104/104/104 105/105/105
f 106/106/106 107/107/107 108/108/108
f 109/109/109 107/107/107 106/106/106
f 110/110/110 111/111/111 112/112/112
f 110/110/110 113/113/113 111/111/111
f 108/108/108 111/111/111 113/113/113
f 106/106/106 108/108/108 113/113/113
f 109/109/109 114/114/114 115/115/115
f 103/103/103 105/105/105 116/116/116
f 114/114/114 106/106/106 117/117/117
f 114/114/114 109/109/109 106/106/106
f 115/115/115 114/114/114 118/118/118
f 114/114/114 119/119/119 118/118/118
f 120/120/120 105/105/105 121/121/121
f 122/122/122 103/103/103 116/116/116
f 123/123/123 117/117/117 106/106/106
f 123/123/123 124/124/124 125/125/125
f 125/125/125 117/117/117 123/123/123
f 125/125/125 124/124/124 119/119/119
f 124/124/124 126/126/126 119/119/119
f 105/105/105 120/120/120 127/127/127
f 113/113/113 110/110/110 128/128/128
f 124/124/124 129/129/129 130/130/130
f 126/126/126 130/130/130 129/129/129
f 126/126/126 129/129/129 131/131/131
f 132/132/132 133/133/133 134/134/134
f 119/119/119 126/126/126 131/131/131
f 116/116/116 105/105/105 127/127/127
f 119/119/119 135/135/135 118/118/118
f 115/115/115 118/118/118 136/136/136
f 128/128/128 137/137/137 138/138/138
f 113/113/113 123/123/123 106/106/106
f 118/118/118 135/135/135 136/136/136
f 119/119/119 131/131/131 139/139/139
f 131/131/131 140/140/140 139/139/139
f 119/119/119 139/139/139 135/135/135
f 113/113/113 128/128/128 141/141/141
f 138/138/138 137/137/137 142/142/142
f 143/143/143 144/144/144 145/145/145
f 146/146/146 128/128/128 138/138/138
f 143/143/143 147/147/147 144/144/144
f 140/140/140 148/148/148 139/139/139
f 146/146/146 141/141/141 128/128/128
f 149/149/149 146/146/146 138/138/138
f 143/143/143 145/145/145 150/150/150
f 142/142/142 151/151/151 138/138/138
f 152/152/152 153/153/153 154/154/154
f 155/155/155 150/150/150 156/156/156
f 149/149/149 138/138/138 151/151/151
f 157/157/157 158/158/158 155/155/155
f 143/143/143 150/150/150 159/159/159
f 160/160/160 161/161/161 158/158/158
f 150/150/150 155/155/155 159/159/159
f 155/155/155 158/158/158 162/162/162
f 162/162/162 158/158/158 161/161/161
f 163/163/163 159/159/159 155/155/155
f 160/160/160 164/164/164 165/165/165
f 163/163/163 155/155/155 162/162/162
f 166/166/166 165/165/165 164/164/164
f 166/166/166 164/164/164 167/167/167
f 162/162/162 161/161/161 168/168/168
f 166/166/166 167/167/167 169/169/169
f 161/161/161 160/160/160 165/165/165
f 170/170/170 161/161/161 165/165/165
f 168/168/168 171/171/171 162/162/162
f 162/162/162 172/172/172 163/163/163
f 173/173/173 174/174/174 175/175/175
f 173/173/173 175/175/175 176/176/176
f 161/161/161 170/170/170 177/177/177
f 168/168/168 161/161/161 177/177/177
f 178/178/178 170/170/170 179/179/179
f 179/179/179 170/170/170 165/165/165
f 168/168/168 180/180/180 171/171/171
f 181/181/181 168/168/168 177/177/177
f 162/162/162 171/171/171 172/172/172
f 165/165/165 166/166/166 182/182/182
f 178/178/178 179/179/179 177/177/177
f 177/177/177 179/179/179 171/171/171
f 177/177/177 171/171/171 181/181/181
f 181/181/181 171/171/171 180/180/180
f 172/172/172 183/183/183 163/163/163
f 184/184/184 179/179/179 165/165/165
f 171/171/171 179/179/179 184/184/184
f 171/171/171 184/184/184 185/185/185
f 182/182/182 186/186/186 187/187/187
f 188/188/188 182/182/182 187/187/187
f 165/165/165 182/182/182 184/184/184
f 183/183/183 172/172/172 171/171/171
f 189/189/189 182/182/182 188/188/188
f 190/190/190 182/182/182 189/189/189
f 184/184/184 182/182/182 190/190/190
f 184/184/184 190/190/190 191/191/191
f 185/185/185 192/192/192 171/171/171
f 192/192/192 185/185/185 191/191/191
f 192/192/192 191/191/191 190/190/190
f 192/192/192 183/183/183 171/171/171
f 85/85/85 87/87/87 92/92/92
f 193/193/193 113/113/113 141/141/141
f 194/194/194 195/195/195 196/196/196
f 196/196/196 197/197/197 194/194/194
f 198/198/198 195/195/195 194/194/194
f 199/199/199 194/194/194 200/200/200
f 201/201/201 202/202/202 203/203/203
f 195/195/195 198/198/198 204/204/204
f 204/204/204 205/205/205 195/195/195
f 198/198/198 199/199/199 200/200/200
f 203/203/203 206/206/206 201/201/201
f 198/198/198 200/200/200 204/204/204
f 207/207/207 208/208/208 209/209/209
f 204/204/204 210/210/210 205/205/205
f 204/204/204 211/211/211 210/210/210
f 210/210/210 211/211/211 212/212/212
f 213/213/213 214/214/214 215/215/215
f 210/210/210 212/212/212 216/216/216
f 216/216/216 212/212/212 217/217/217
f 217/217/217 212/212/212 211/211/211
f 218/218/218 216/216/216 217/217/217
f 211/211/211 219/219/219 220/220/220
f 220/220/220 221/221/221 222/222/222
f 219/219/219 223/223/223 220/220/220
f 211/211/211 220/220/220 224/224/224
f 211/211/211 225/225/225 217/217/217
f 224/224/224 225/225/225 211/211/211
f 225/225/225 226/226/226 217/217/217
f 224/224/224 220/220/220 227/227/227
f 217/217/217 228/228/228 218/218/218
f 220/220/220 222/222/222 227/227/227
f 227/227/227 229/229/229 224/224/224
f 226/226/226 228/228/228 217/217/217
f 228/228/228 230/230/230 218/218/218
f 231/231/231 230/230/230 228/228/228
f 232/232/232 233/233/233 234/234/234
f 235/235/235 236/236/236 237/237/237
f 238/238/238 239/239/239 240/240/240
f 232/232/232 241/241/241 242/242/242
f 243/243/243 240/240/240 239/239/239
f 232/232/232 244/244/244 241/241/241
f 244/244/244 232/232/232 234/234/234
f 236/236/236 235/235/235 245/245/245
f 237/237/237 236/236/236 233/233/233
f 246/246/246 243/243/243 239/239/239
f 244/244/244 234/234/234 247/247/247
f 248/248/248 249/249/249 245/245/245
f 250/250/250 246/246/246 251/251/251
f 248/248/248 252/252/252 249/249/249
f 247/247/247 234/234/234 233/233/233
f 250/250/250 253/253/253 246/246/246
f 254/254/254 250/250/250 251/251/251
f 255/255/255 244/244/244 247/247/247
f 245/245/245 256/256/256 236/236/236
f 253/253/253 240/240/240 243/243/243
f 243/243/243 246/246/246 253/253/253
f 233/233/233 236/236/236 257/257/257
f 245/245/245 249/249/249 256/256/256
f 254/254/254 258/258/258 250/250/250
f 256/256/256 249/249/249 252/252/252
f 259/259/259 260/260/260 254/254/254
f 244/244/244 261/261/261 241/241/241
f 254/254/254 260/260/260 258/258/258
f 244/244/244 255/255/255 261/261/261
f 262/262/262 233/233/233 257/257/257
f 247/247/247 233/233/233 262/262/262
f 236/236/236 256/256/256 263/263/263
f 253/253/253 238/238/238 240/240/240
f 258/258/258 260/260/260 264/264/264
f 255/255/255 247/247/247 265/265/265
f 263/263/263 257/257/257 236/236/236
f 266/266/266 263/263/263 256/256/256
f 253/253/253 267/267/267 238/238/238
f 241/241/241 261/261/261 268/268/268
f 269/269/269 257/257/257 263/263/263
f 269/269/269 262/262/262 257/257/257
f 270/270/270 271/271/271 272/272/272
f 270/270/270 272/272/272 273/273/273
f 265/265/265 247/247/247 262/262/262
f 274/274/274 268/268/268 261/261/261
f 264/264/264 250/250/250 258/258/258
f 266/266/266 275/275/275 263/263/263
f 238/238/238 276/276/276 273/273/273
f 250/250/250 277/277/277 253/253/253
f 255/255/255 278/278/278 261/261/261
f 263/263/263 275/275/275 269/269/269
f 278/278/278 274/274/274 261/261/261
f 279/279/279 269/269/269 275/275/275
f 250/250/250 264/264/264 280/280/280
f 280/280/280 277/277/277 250/250/250
f 281/281/281 265/265/265 262/262/262
f 282/282/282 262/262/262 269/269/269
f 283/283/283 274/274/274 278/278/278
f 273/273/273 276/276/276 284/284/284
f 281/281/281 255/255/255 265/265/265
f 271/271/271 270/270/270 279/279/279
f 253/253/253 285/285/285 267/267/267
f 267/267/267 276/276/276 238/238/238
f 262/262/262 282/282/282 286/286/286
f 269/269/269 279/279/279 282/282/282
f 253/253/253 287/287/287 285/285/285
f 286/286/286 281/281/281 262/262/262
f 287/287/287 253/253/253 277/277/277
f 270/270/270 273/273/273 284/284/284
f 278/278/278 288/288/288 283/283/283
f 289/289/289 286/286/286 279/279/279
f 286/286/286 282/282/282 279/279/279
f 278/278/278 281/281/281 286/286/286
f 270/270/270 289/289/289 279/279/279
f 288/288/288 278/278/278 289/289/289
f 286/286/286 289/289/289 278/278/278
f 290/290/290 276/276/276 267/267/267
f 270/270/270 284/284/284 291/291/291
f 291/291/291 292/292/292 270/270/270
f 267/267/267 293/293/293 290/290/290
f 294/294/294 277/277/277 280/280/280
f 287/287/287 295/295/295 285/285/285
f 293/293/293 267/267/267 285/285/285
f 287/287/287 277/277/277 294/294/294
f 290/290/290 284/284/284 276/276/276
f 288/288/288 289/289/289 296/296/296
f 289/289/289 270/270/270 296/296/296
f 284/284/284 290/290/290 291/291/291
f 270/270/270 292/292/292 296/296/296
f 285/285/285 297/297/297 293/293/293
f 298/298/298 299/299/299 274/274/274
f 295/295/295 297/297/297 285/285/285
f 298/298/298 274/274/274 283/283/283
f 293/293/293 300/300/300 290/290/290
f 301/301/301 292/292/292 291/291/291
f 297/297/297 302/302/302 293/293/293
f 303/303/303 298/298/298 283/283/283
f 293/293/293 302/302/302 300/300/300
f 292/292/292 288/288/288 296/296/296
f 288/288/288 304/304/304 283/283/283
f 305/305/305 300/300/300 302/302/302
f 283/283/283 304/304/304 303/303/303
f 288/288/288 292/292/292 306/306/306
f 301/301/301 306/306/306 292/292/292
f 307/307/307 301/301/301 291/291/291
f 290/290/290 300/300/300 308/308/308
f 291/291/291 290/290/290 307/307/307
f 309/309/309 298/298/298 303/303/303
f 298/298/298 309/309/309 310/310/310
f 311/311/311 301/301/301 307/307/307
f 312/312/312 290/290/290 308/308/308
f 309/309/309 303/303/303 313/313/313
f 304/304/304 314/314/314 303/303/303
f 290/290/290 312/312/312 307/307/307
f 312/312/312 308/308/308 315/315/315
f 304/304/304 288/288/288 314/314/314
f 307/307/307 316/316/316 311/311/311
f 309/309/309 317/317/317 310/310/310
f 312/312/312 316/316/316 307/307/307
f 301/301/301 311/311/311 306/306/306
f 303/303/303 314/314/314 313/313/313
f 318/318/318 319/319/319 315/315/315
f 314/314/314 288/288/288 306/306/306
f 312/312/312 315/315/315 319/319/319
f 319/319/319 318/318/318 320/320/320
f 317/317/317 309/309/309 313/313/313
f 281/281/281 278/278/278 255/255/255
f 321/321/321 322/322/322 323/323/323
f 324/324/324 323/323/323 322/322/322
f 322/322/322 321/321/321 325/325/325
f 321/321/321 326/326/326 325/325/325
f 322/322/322 325/325/325 327/327/327
f 328/328/328 327/327/327 325/325/325
f 325/325/325 326/326/326 329/329/329
f 328/328/328 325/325/325 330/330/330
f 325/325/325 329/329/329 330/330/330
f 330/330/330 329/329/329 331/331/331
f 331/331/331 329/329/329 332/332/332
f 333/333/333 334/334/334 335/335/335
f 336/336/336 337/337/337 338/338/338
f 338/338/338 339/339/339 340/340/340
f 331/331/331 332/332/332 341/341/341
f 339/339/339 342/342/342 340/340/340
f 342/342/342 343/343/343 340/340/340
f 344/344/344 331/331/331 345/345/345
f 346/346/346 336/336/336 338/338/338
f 345/345/345 342/342/342 344/344/344
f 347/347/347 340/340/340 343/343/343
f 343/343/343 342/342/342 345/345/345
f 338/338/338 340/340/340 346/346/346
f 348/348/348 332/332/332 349/349/349
f 345/345/345 331/331/331 341/341/341
f 340/340/340 347/347/347 346/346/346
f 345/345/345 341/341/341 343/343/343
f 332/332/332 348/348/348 341/341/341
f 347/347/347 343/343/343 341/341/341
f 350/350/350 336/336/336 346/346/346
f 341/341/341 348/348/348 351/351/351
f 352/352/352 348/348/348 349/349/349
f 346/346/346 353/353/353 350/350/350
f 346/346/346 347/347/347 353/353/353
f 341/341/341 351/351/351 354/354/354
f 351/351/351 348/348/348 355/355/355
f 341/341/341 354/354/354 356/356/356
f 348/348/348 352/352/352 355/355/355
f 352/352/352 357/357/357 355/355/355
f 356/356/356 354/354/354 358/358/358
f 358/358/358 359/359/359 356/356/356
f 360/360/360 361/361/361 362/362/362
f 363/363/363 364/364/364 365/365/365
f 363/363/363 366/366/366 364/364/364
f 367/367/367 368/368/368 369/369/369
f 370/370/370 371/371/371 367/367/367
f 366/366/366 363/363/363 372/372/372
f 373/373/373 370/370/370 367/367/367
f 374/374/374 375/375/375 376/376/376
f 377/377/377 369/369/369 378/378/378
f 367/367/367 369/369/369 373/373/373
f 373/373/373 369/369/369 377/377/377
f 378/378/378 373/373/373 377/377/377
f 379/379/379 373/373/373 378/378/378
f 379/379/379 380/380/380 373/373/373
f 375/375/375 374/374/374 381/381/381
f 375/375/375 381/381/381 382/382/382
f 374/374/374 383/383/383 381/381/381
f 380/380/380 384/384/384 385/385/385
f 386/386/386 385/385/385 384/384/384
f 380/380/380 379/379/379 387/387/387
f 384/384/384 380/380/380 387/387/387
f 388/388/388 389/389/389 390/390/390
f 391/391/391 388/388/388 390/390/390
f 392/392/392 389/389/389 393/393/393
f 389/389/389 388/388/388 394/394/394
f 389/389/389 394/394/394 393/393/393
f 395/395/395 389/389/389 396/396/396
f 397/397/397 393/393/393 394/394/394
f 396/396/396 389/389/389 392/392/392
f 392/392/392 393/393/393 396/396/396
f 398/398/398 388/388/388 399/399/399
f 388/388/388 398/398/398 394/394/394
f 399/399/399 400/400/400 398/398/398
f 401/401/401 393/393/393 397/397/397
f 402/402/402 394/394/394 398/398/398
f 393/393/393 401/401/401 396/396/396
f 394/394/394 402/402/402 397/397/397
f 400/400/400 402/402/402 398/398/398
f 403/403/403 396/396/396 401/401/401
f 402/402/402 400/400/400 404/404/404
f 397/397/397 405/405/405 401/401/401
f 400/400/400 399/399/399 406/406/406
f 404/404/404 401/401/401 405/405/405
f 404/404/404 403/403/403 401/401/401
f 396/396/396 407/407/407 395/395/395
f 408/408/408 396/396/396 403/403/403
f 409/409/409 406/406/406 410/410/410
f 400/400/400 411/411/411 404/404/404
f 406/406/406 409/409/409 400/400/400
f 396/396/396 408/408/408 407/407/407
f 411/411/411 400/400/400 412/412/412
f 409/409/409 412/412/412 400/400/400
f 403/403/403 404/404/404 413/413/413
f 403/403/403 413/413/413 408/408/408
f 413/413/413 404/404/404 414/414/414
f 404/404/404 411/411/411 414/414/414
f 415/415/415 407/407/407 408/408/408
f 416/416/416 408/408/408 413/413/413
f 408/408/408 417/417/417 418/418/418
f 416/416/416 417/417/417 408/408/408
f 414/414/414 419/419/419 413/413/413
f 419/419/419 416/416/416 413/413/413
f 408/408/408 418/418/418 415/415/415
f 417/417/417 416/416/416 420/420/420
f 415/415/415 418/418/418 421/421/421
f 417/417/417 422/422/422 418/418/418
f 419/419/419 414/414/414 423/423/423
f 416/416/416 419/419/419 423/423/423
f 417/417/417 420/420/420 424/424/424
f 425/425/425 416/416/416 423/423/423
f 422/422/422 426/426/426 418/418/418
f 426/426/426 421/421/421 418/418/418
f 425/425/425 420/420/420 416/416/416
f 424/424/424 422/422/422 417/417/417
f 426/426/426 427/427/427 428/428/428
f 426/426/426 422/422/422 429/429/429
f 426/426/426 429/429/429 427/427/427
f 426/426/426 428/428/428 421/421/421
f 430/430/430 431/431/431 432/432/432
f 424/424/424 433/433/433 422/422/422
f 434/434/434 435/435/435 436/436/436
f 436/436/436 435/435/435 437/437/437
f 422/422/422 433/433/433 429/429/429
f 427/427/427 429/429/429 436/436/436
f 424/424/424 420/420/420 433/433/433
f 428/428/428 427/427/427 438/438/438
f 427/427/427 439/439/439 438/438/438
f 440/440/440 428/428/428 438/438/438
f 438/438/438 441/441/441 442/442/442
f 438/438/438 442/442/442 440/440/440
f 439/439/439 427/427/427 443/443/443
f 439/439/439 441/441/441 438/438/438
f 436/436/436 437/437/437 427/427/427
f 437/437/437 443/443/443 427/427/427
f 434/434/434 436/436/436 444/444/444
f 445/445/445 446/446/446 441/441/441
f 442/442/442 441/441/441 446/446/446
f 447/447/447 446/446/446 445/445/445
f 420/420/420 425/425/425 448/448/448
f 449/449/449 450/450/450 451/451/451
f 445/445/445 441/441/441 452/452/452
f 445/445/445 452/452/452 453/453/453
f 439/439/439 452/452/452 441/441/441
f 454/454/454 455/455/455 456/456/456
f 436/436/436 429/429/429 444/444/444
f 432/432/432 457/457/457 430/430/430
f 458/458/458 455/455/455 454/454/454
f 439/439/439 443/443/443 452/452/452
f 420/420/420 448/448/448 433/433/433
f 459/459/459 449/449/449 451/451/451
f 455/455/455 460/460/460 456/456/456
f 461/461/461 462/462/462 456/456/456
f 455/455/455 463/463/463 460/460/460
f 459/459/459 464/464/464 449/449/449
f 444/444/444 465/465/465 434/434/434
f 460/460/460 451/451/451 461/461/461
f 465/465/465 444/444/444 429/429/429
f 460/460/460 461/461/461 456/456/456
f 455/455/455 466/466/466 463/463/463
f 458/458/458 466/466/466 455/455/455
f 467/467/467 468/468/468 469/469/469
f 467/467/467 469/469/469 457/457/457
f 432/432/432 467/467/467 457/457/457
f 451/451/451 460/460/460 463/463/463
f 464/464/464 459/459/459 470/470/470
f 429/429/429 471/471/471 465/465/465
f 463/463/463 459/459/459 451/451/451
f 458/458/458 457/457/457 472/472/472
f 469/469/469 468/468/468 473/473/473
f 457/457/457 469/469/469 472/472/472
f 472/472/472 466/466/466 458/458/458
f 474/474/474 463/463/463 466/466/466
f 473/473/473 475/475/475 469/469/469
f 470/470/470 476/476/476 464/464/464
f 472/472/472 469/469/469 475/475/475
f 477/477/477 478/478/478 466/466/466
f 474/474/474 459/459/459 463/463/463
f 473/473/473 479/479/479 480/480/480
f 475/475/475 473/473/473 480/480/480
f 477/477/477 481/481/481 478/478/478
f 466/466/466 478/478/478 474/474/474
f 477/477/477 482/482/482 481/481/481
f 483/483/483 459/459/459 474/474/474
f 459/459/459 483/483/483 470/470/470
f 482/482/482 480/480/480 481/481/481
f 472/472/472 477/477/477 466/466/466
f 472/472/472 475/475/475 477/477/477
f 477/477/477 475/475/475 482/482/482
f 475/475/475 480/480/480 482/482/482
f 484/484/484 485/485/485 478/478/478
f 486/486/486 485/485/485 484/484/484
f 470/470/470 487/487/487 476/476/476
f 485/485/485 474/474/474 478/478/478
f 483/483/483 488/488/488 470/470/470
f 485/485/485 483/483/483 474/474/474
f 488/488/488 487/487/487 470/470/470
f 483/483/483 485/485/485 489/489/489
f 483/483/483 489/489/489 488/488/488
f 487/487/487 490/490/490 476/476/476
f 491/491/491 489/489/489 485/485/485
f 485/485/485 486/486/486 492/492/492
f 487/487/487 488/488/488 493/493/493
f 487/487/487 493/493/493 490/490/490
f 488/488/488 494/494/494 493/493/493
f 492/492/492 486/486/486 495/495/495
f 491/491/491 485/485/485 492/492/492
f 491/491/491 492/492/492 496/496/496
f 489/489/489 497/497/497 488/488/488
f 497/497/497 494/494/494 488/488/488
f 498/498/498 492/492/492 495/495/495
f 497/497/497 499/499/499 494/494/494
f 500/500/500 497/497/497 489/489/489
f 489/489/489 491/491/491 500/500/500
f 495/495/495 501/501/501 498/498/498
f 492/492/492 498/498/498 496/496/496
f 500/500/500 491/491/491 496/496/496
f 500/500/500 502/502/502 497/497/497
f 499/499/499 497/497/497 502/502/502
f 500/500/500 496/496/496 502/502/502
f 405/405/405 397/397/397 402/402/402
f 405/405/405 402/402/402 404/404/404
f 503/503/503 504/504/504 505/505/505
f 505/505/505 504/504/504 506/506/506
f 503/503/503 507/507/507 508/508/508
f 508/508/508 504/504/504 503/503/503
f 507/507/507 503/503/503 509/509/509
f 510/510/510 511/511/511 512/512/512
f 504/504/504 508/508/508 513/513/513
f 513/513/513 510/510/510 512/512/512
f 508/508/508 507/507/507 514/514/514
f 515/515/515 507/507/507 516/516/516
f 513/513/513 517/517/517 510/510/510
f 518/518/518 519/519/519 520/520/520
f 507/507/507 515/515/515 514/514/514
f 521/521/521 522/522/522 523/523/523
f 524/524/524 525/525/525 521/521/521
f 513/513/513 508/508/508 517/517/517
f 522/522/522 519/519/519 518/518/518
f 522/522/522 518/518/518 523/523/523
f 526/526/526 521/521/521 525/525/525
f 527/527/527 522/522/522 521/521/521
f 508/508/508 528/528/528 517/517/517
f 527/527/527 521/521/521 526/526/526
f 519/519/519 522/522/522 529/529/529
f 530/530/530 508/508/508 514/514/514
f 527/527/527 531/531/531 522/522/522
f 528/528/528 508/508/508 532/532/532
f 532/532/532 508/508/508 530/530/530
f 529/529/529 522/522/522 531/531/531
f 533/533/533 534/534/534 525/525/525
f 534/534/534 526/526/526 525/525/525
f 516/516/516 529/529/529 515/515/515
f 529/529/529 531/531/531 535/535/535
f 527/527/527 535/535/535 531/531/531
f 536/536/536 534/534/534 533/533/533
f 515/515/515 529/529/529 535/535/535
f 536/536/536 537/537/537 534/534/534
f 532/532/532 538/538/538 528/528/528
f 539/539/539 530/530/530 514/514/514
f 527/527/527 540/540/540 535/535/535
f 527/527/527 526/526/526 540/540/540
f 535/535/535 541/541/541 515/515/515
f 542/542/542 526/526/526 534/534/534
f 538/538/538 543/543/543 544/544/544
f 541/541/541 535/535/535 545/545/545
f 542/542/542 540/540/540 526/526/526
f 546/546/546 534/534/534 537/537/537
f 532/532/532 543/543/543 538/538/538
f 532/532/532 530/530/530 547/547/547
f 530/530/530 539/539/539 547/547/547
f 548/548/548 549/549/549 542/542/542
f 534/534/534 546/546/546 542/542/542
f 550/550/550 545/545/545 535/535/535
f 540/540/540 550/550/550 535/535/535
f 551/551/551 548/548/548 552/552/552
f 515/515/515 541/541/541 553/553/553
f 552/552/552 540/540/540 551/551/551
f 514/514/514 515/515/515 553/553/553
f 542/542/542 552/552/552 548/548/548
f 554/554/554 545/545/545 550/550/550
f 555/555/555 542/542/542 546/546/546
f 553/553/553 541/541/541 545/545/545
f 556/556/556 557/557/557 558/558/558
f 550/550/550 540/540/540 552/552/552
f 543/543/543 532/532/532 559/559/559
f 555/555/555 552/552/552 542/542/542
f 555/555/555 560/560/560 552/552/552
f 561/561/561 562/562/562 563/563/563
f 564/564/564 565/565/565 566/566/566
f 567/567/567 563/563/563 562/562/562
f 568/568/568 562/562/562 569/569/569
f 570/570/570 571/571/571 561/561/561
f 572/572/572 555/555/555 573/573/573
f 567/567/567 574/574/574 563/563/563
f 575/575/575 550/550/550 552/552/552
f 560/560/560 575/575/575 552/552/552
f 568/568/568 567/567/567 562/562/562
f 576/576/576 577/577/577 578/578/578
f 579/579/579 567/567/567 568/568/568
f 580/580/580 571/571/571 570/570/570
f 572/572/572 581/581/581 555/555/555
f 582/582/582 574/574/574 567/567/567
f 581/581/581 560/560/560 555/555/555
f 575/575/575 583/583/583 550/550/550
f 580/580/580 579/579/579 568/568/568
f 580/580/580 570/570/570 584/584/584
f 585/585/585 560/560/560 581/581/581
f 584/584/584 579/579/579 580/580/580
f 582/582/582 572/572/572 574/574/574
f 586/586/586 583/583/583 575/575/575
f 582/582/582 581/581/581 572/572/572
f 585/585/585 575/575/575 560/560/560
f 579/579/579 584/584/584 587/587/587
f 567/567/567 579/579/579 588/588/588
f 589/589/589 587/587/587 584/584/584
f 590/590/590 586/586/586 575/575/575
f 591/591/591 592/592/592 593/593/593
f 594/594/594 582/582/582 567/567/567
f 587/587/587 595/595/595 579/579/579
f 596/596/596 581/581/581 582/582/582
f 588/588/588 594/594/594 567/567/567
f 588/588/588 579/579/579 595/595/595
f 597/597/597 587/587/587 589/589/589
f 598/598/598 599/599/599 600/600/600
f 601/601/601 581/581/581 596/596/596
f 602/602/602 603/603/603 594/594/594
f 581/581/581 604/604/604 605/605/605
f 606/606/606 596/596/596 582/582/582
f 601/601/601 596/596/596 607/607/607
f 607/607/607 596/596/596 603/603/603
f 605/605/605 585/585/585 581/581/581
f 607/607/607 603/603/603 602/602/602
f 608/608/608 609/609/609 610/610/610
f 594/594/594 611/611/611 602/602/602
f 612/612/612 585/585/585 605/605/605
f 601/601/601 604/604/604 581/581/581
f 613/613/613 614/614/614 615/615/615
f 616/616/616 588/588/588 595/595/595
f 617/617/617 587/587/587 597/597/597
f 612/612/612 618/618/618 585/585/585
f 619/619/619 620/620/620 621/621/621
f 622/622/622 623/623/623 624/624/624
f 625/625/625 604/604/604 601/601/601
f 625/625/625 601/601/601 626/626/626
f 627/627/627 601/601/601 607/607/607
f 604/604/604 618/618/618 605/605/605
f 628/628/628 629/629/629 630/630/630
f 602/602/602 631/631/631 632/632/632
f 631/631/631 602/602/602 611/611/611
f 633/633/633 583/583/583 586/586/586
f 604/604/604 625/625/625 634/634/634
f 635/635/635 636/636/636 637/637/637
f 638/638/638 626/626/626 601/601/601
f 632/632/632 631/631/631 639/639/639
f 617/617/617 595/595/595 587/587/587
f 640/640/640 641/641/641 632/632/632
f 640/640/640 632/632/632 639/639/639
f 642/642/642 643/643/643 644/644/644
f 645/645/645 646/646/646 647/647/647
f 648/648/648 645/645/645 647/647/647
f 649/649/649 640/640/640 631/631/631
f 649/649/649 631/631/631 611/611/611
f 650/650/650 643/643/643 642/642/642
f 641/641/641 640/640/640 649/649/649
f 595/595/595 651/651/651 616/616/616
f 652/652/652 617/617/617 597/597/597
f 651/651/651 595/595/595 653/653/653
f 595/595/595 617/617/617 653/653/653
f 617/617/617 652/652/652 654/654/654
f 654/654/654 655/655/655 617/617/617
f 617/617/617 656/656/656 653/653/653
f 657/657/657 658/658/658 659/659/659
f 655/655/655 656/656/656 617/617/617
f 660/660/660 656/656/656 655/655/655
f 661/661/661 662/662/662 663/663/663
f 664/664/664 662/662/662 665/665/665
f 664/664/664 663/663/663 662/662/662
f 666/666/666 667/667/667 661/661/661
f 663/663/663 666/666/666 661/661/661
f 668/668/668 667/667/667 666/666/666
f 669/669/669 670/670/670 666/666/666
f 670/670/670 668/668/668 666/666/666
f 668/668/668 670/670/670 671/671/671
f 672/672/672 670/670/670 669/669/669
f 668/668/668 671/671/671 673/673/673
f 672/672/672 674/674/674 670/670/670
f 675/675/675 668/668/668 673/673/673
f 676/676/676 677/677/677 678/678/678
f 678/678/678 677/677/677 675/675/675
f 673/673/673 671/671/671 679/679/679
f 670/670/670 674/674/674 671/671/671
f 676/676/676 678/678/678 680/680/680
f 674/674/674 679/679/679 671/671/671
f 674/674/674 672/672/672 681/681/681
f 682/682/682 678/678/678 675/675/675
f 673/673/673 682/682/682 675/675/675
f 683/683/683 676/676/676 684/684/684
f 680/680/680 684/684/684 676/676/676
f 685/685/685 673/673/673 679/679/679
f 684/684/684 686/686/686 687/687/687
f 688/688/688 678/678/678 682/682/682
f 682/682/682 673/673/673 685/685/685
f 684/684/684 689/689/689 686/686/686
f 688/688/688 680/680/680 678/678/678
f 690/690/690 682/682/682 685/685/685
f 684/684/684 680/680/680 691/691/691
f 674/674/674 681/681/681 692/692/692
f 693/693/693 692/692/692 681/681/681
f 694/694/694 695/695/695 686/686/686
f 674/674/674 692/692/692 696/696/696
f 684/684/684 691/691/691 697/697/697
f 679/679/679 674/674/674 696/696/696
f 690/690/690 688/688/688 682/682/682
f 693/693/693 698/698/698 692/692/692
f 689/689/689 694/694/694 686/686/686
f 699/699/699 692/692/692 698/698/698
f 694/694/694 700/700/700 695/695/695
f 697/697/697 689/689/689 684/684/684
f 699/699/699 701/701/701 692/692/692
f 680/680/680 702/702/702 691/691/691
f 703/703/703 692/692/692 701/701/701
f 704/704/704 701/701/701 699/699/699
f 688/688/688 702/702/702 680/680/680
f 705/705/705 706/706/706 707/707/707
f 700/700/700 708/708/708 695/695/695
f 689/689/689 709/709/709 694/694/694
f 691/691/691 710/710/710 697/697/697
f 711/711/711 691/691/691 702/702/702
f 703/703/703 696/696/696 692/692/692
f 710/710/710 691/691/691 711/711/711
f 712/712/712 713/713/713 714/714/714
f 700/700/700 715/715/715 708/708/708
f 702/702/702 688/688/688 716/716/716
f 688/688/688 690/690/690 716/716/716
f 694/694/694 709/709/709 700/700/700
f 705/705/705 713/713/713 706/706/706
f 717/717/717 689/689/689 697/697/697
f 710/710/710 717/717/717 697/697/697
f 718/718/718 714/714/714 713/713/713
f 679/679/679 696/696/696 719/719/719
f 705/705/705 718/718/718 713/713/713
f 720/720/720 717/717/717 710/710/710
f 702/702/702 716/716/716 721/721/721
f 719/719/719 685/685/685 679/679/679
f 689/689/689 717/717/717 722/722/722
f 711/711/711 702/702/702 721/721/721
f 709/709/709 689/689/689 722/722/722
f 700/700/700 709/709/709 723/723/723
f 700/700/700 723/723/723 715/715/715
f 722/722/722 717/717/717 724/724/724
f 725/725/725 685/685/685 719/719/719
f 725/725/725 716/716/716 690/690/690
f 690/690/690 685/685/685 725/725/725
f 726/726/726 718/718/718 705/705/705
f 726/726/726 705/705/705 727/727/727
f 728/728/728 716/716/716 725/725/725
f 729/729/729 709/709/709 722/722/722
f 723/723/723 730/730/730 715/715/715
f 724/724/724 717/717/717 731/731/731
f 723/723/723 709/709/709 729/729/729
f 723/723/723 732/732/732 730/730/730
f 716/716/716 728/728/728 721/721/721
f 722/722/722 724/724/724 733/733/733
f 734/734/734 729/729/729 722/722/722
f 732/732/732 723/723/723 729/729/729
f 729/729/729 735/735/735 732/732/732
f 729/729/729 736/736/736 735/735/735
f 737/737/737 722/722/722 733/733/733
f 734/734/734 736/736/736 729/729/729
f 734/734/734 722/722/722 737/737/737
f 733/733/733 738/738/738 737/737/737
f 737/737/737 736/736/736 734/734/734
f 739/739/739 736/736/736 737/737/737
f 740/740/740 737/737/737 738/738/738
f 739/739/739 737/737/737 740/740/740
f 740/740/740 738/738/738 741/741/741
f 661/661/661 667/667/667 742/742/742
f 743/743/743 744/744/744 745/745/745
f 745/745/745 746/746/746 743/743/743
f 746/746/746 745/745/745 747/747/747
f 746/746/746 747/747/747 748/748/748
f 748/748/748 749/749/749 746/746/746
f 748/748/748 750/750/750 749/749/749
f 751/751/751 752/752/752 753/753/753
f 754/754/754 755/755/755 751/751/751
f 756/756/756 757/757/757 755/755/755
f 758/758/758 756/756/756 754/754/754
f 758/758/758 757/757/757 756/756/756
f 759/759/759 758/758/758 751/751/751
f 759/759/759 760/760/760 758/758/758
f 761/761/761 758/758/758 760/760/760
f 761/761/761 757/757/757 758/758/758
f 762/762/762 761/761/761 759/759/759
f 763/763/763 764/764/764 751/751/751
f 764/764/764 762/762/762 759/759/759
f 764/764/764 759/759/759 751/751/751
f 762/762/762 757/757/757 761/761/761
f 765/765/765 751/751/751 753/753/753
f 764/764/764 766/766/766 762/762/762
f 757/757/757 762/762/762 766/766/766
f 767/767/767 763/763/763 751/751/751
f 751/751/751 765/765/765 767/767/767
f 768/768/768 767/767/767 765/765/765
f 769/769/769 770/770/770 765/765/765
f 771/771/771 769/769/769 765/765/765
f 765/765/765 770/770/770 768/768/768
f 772/772/772 768/768/768 770/770/770
f 773/773/773 770/770/770 769/769/769
f 774/774/774 768/768/768 772/772/772
f 775/775/775 773/773/773 769/769/769
f 775/775/775 769/769/769 771/771/771
f 776/776/776 768/768/768 774/774/774
f 758/758/758 754/754/754 751/751/751
f 777/777/777 778/778/778 779/779/779
f 780/780/780 781/781/781 782/782/782
f 783/783/783 780/780/780 784/784/784
f 785/785/785 783/783/783 784/784/784
f 786/786/786 784/784/784 780/780/780
f 780/780/780 782/782/782 787/787/787
f 787/787/787 786/786/786 780/780/780
f 788/788/788 785/785/785 786/786/786
f 789/789/789 786/786/786 787/787/787
f 789/789/789 788/788/788 786/786/786
f 790/790/790 783/783/783 785/785/785
f 790/790/790 785/785/785 788/788/788
f 791/791/791 787/787/787 782/782/782
f 791/791/791 788/788/788 787/787/787
f 790/790/790 788/788/788 791/791/791
f 792/792/792 791/791/791 782/782/782
f 790/790/790 791/791/791 793/793/793
f 790/790/790 794/794/794 783/783/783
f 795/795/795 796/796/796 797/797/797
f 798/798/798 799/799/799 800/800/800
f 801/801/801 799/799/799 798/798/798
f 802/802/802 803/803/803 804/804/804
f 805/805/805 798/798/798 806/806/806
f 798/798/798 805/805/805 801/801/801
f 805/805/805 806/806/806 807/807/807
f 807/807/807 808/808/808 805/805/805
f 809/809/809 810/810/810 811/811/811
f 812/812/812 809/809/809 811/811/811
f 808/808/808 807/807/807 813/813/813
f 812/812/812 814/814/814 815/815/815
f 816/816/816 801/801/801 805/805/805
f 817/817/817 812/812/812 815/815/815
f 818/818/818 819/819/819 820/820/820
f 817/817/817 821/821/821 812/812/812
f 821/821/821 809/809/809 812/812/812
f 822/822/822 823/823/823 824/824/824
f 825/825/825 826/826/826 822/822/822
f 827/827/827 822/822/822 824/824/824
f 828/828/828 825/825/825 822/822/822
f 827/827/827 828/828/828 822/822/822
f 828/828/828 829/829/829 825/825/825
f 830/830/830 831/831/831 832/832/832
f 831/831/831 828/828/828 832/832/832
f 829/829/829 828/828/828 833/833/833
f 834/834/834 828/828/828 827/827/827
f 832/832/832 828/828/828 834/834/834
f 835/835/835 832/832/832 834/834/834
f 836/836/836 833/833/833 831/831/831
f 836/836/836 837/837/837 833/833/833
f 833/833/833 837/837/837 838/838/838
f 837/837/837 839/839/839 838/838/838
f 839/839/839 837/837/837 836/836/836
f 840/840/840 839/839/839 836/836/836
f 841/841/841 840/840/840 836/836/836
f 842/842/842 838/838/838 839/839/839
f 843/843/843 839/839/839 840/840/840
f 841/841/841 844/844/844 840/840/840
f 843/843/843 842/842/842 839/839/839
f 845/845/845 843/843/843 840/840/840
f 845/845/845 840/840/840 844/844/844
f 846/846/846 843/843/843 845/845/845
f 847/847/847 848/848/848 844/844/844
f 843/843/843 849/849/849 842/842/842
f 848/848/848 845/845/845 844/844/844
f 849/849/849 843/843/843 846/846/846
f 850/850/850 849/849/849 846/846/846
f 846/846/846 845/845/845 848/848/848
f 849/849/849 851/851/851 842/842/842
f 852/852/852 846/846/846 848/848/848
f 853/853/853 849/849/849 850/850/850
f 854/854/854 846/846/846 852/852/852
f 854/854/854 850/850/850 846/846/846
f 831/831/831 833/833/833 828/828/828
f 855/855/855 856/856/856 857/857/857
f 858/858/858 857/857/857 856/856/856
f 856/856/856 859/859/859 858/858/858
f 860/860/860 861/861/861 862/862/862
f 860/860/860 863/863/863 861/861/861
f 861/861/861 864/864/864 862/862/862
f 864/864/864 865/865/865 862/862/862
f 866/866/866 867/867/867 868/868/868
f 869/869/869 870/870/870 871/871/871
f 869/869/869 871/871/871 867/867/867
f 869/869/869 867/867/867 872/872/872
f 873/873/873 869/869/869 872/872/872
f 873/873/873 870/870/870 869/869/869
f 872/872/872 867/867/867 866/866/866
f 866/866/866 868/868/868 874/874/874
f 872/872/872 866/866/866 874/874/874
f 871/871/871 870/870/870 875/875/875
f 876/876/876 877/877/877 878/878/878
f 879/879/879 880/880/880 881/881/881
f 880/880/880 879/879/879 882/882/882
f 883/883/883 884/884/884 879/879/879
f 884/884/884 882/882/882 879/879/879
f 885/885/885 882/882/882 884/884/884
f 886/886/886 885/885/885 884/884/884
f 885/885/885 887/887/887 888/888/888
f 882/882/882 885/885/885 888/888/888
f 889/889/889 888/888/888 887/887/887
f 883/883/883 886/886/886 884/884/884
f 889/889/889 890/890/890 888/888/888
f 891/891/891 892/892/892 893/893/893
f 894/894/894 889/889/889 885/885/885
f 894/894/894 885/885/885 886/886/886
f 889/889/889 894/894/894 890/890/890
f 886/886/886 895/895/895 894/894/894
f 896/896/896 897/897/897 898/898/898
f 899/899/899 900/900/900 896/896/896
f 899/899/899 896/896/896 901/901/901
f 898/898/898 901/901/901 896/896/896
f 902/902/902 903/903/903 904/904/904
f 904/904/904 903/903/903 905/905/905
f 906/906/906 907/907/907 908/908/908
f 907/907/907 906/906/906 909/909/909
f 910/910/910 909/909/909 906/906/906
f 910/910/910 907/907/907 911/911/911
f 907/907/907 909/909/909 911/911/911
f 910/910/910 906/906/906 912/912/912
f 913/913/913 907/907/907 910/910/910
f 914/914/914 915/915/915 916/916/916
f 917/917/917 915/915/915 914/914/914
f 918/918/918 914/914/914 916/916/916
f 919/919/919 920/920/920 921/921/921
f 922/922/922 920/920/920 919/919/919
f 923/923/923 924/924/924 925/925/925
f 926/926/926 927/927/927 928/928/928
f 929/929/929 930/930/930 931/931/931
f 922/922/922 932/932/932 920/920/920
f 933/933/933 934/934/934 935/935/935
f 933/933/933 935/935/935 936/936/936
f 937/937/937 935/935/935 934/934/934
f 938/938/938 939/939/939 940/940/940
f 941/941/941 942/942/942 943/943/943
f 944/944/944 945/945/945 946/946/946
f 947/947/947 941/941/941 943/943/943
f 948/948/948 949/949/949 944/944/944
f 950/950/950 951/951/951 952/952/952
f 953/953/953 954/954/954 955/955/955
f 956/956/956 957/957/957 949/949/949
f 958/958/958 941/941/941 947/947/947
f 956/956/956 949/949/949 948/948/948
f 959/959/959 960/960/960 961/961/961
f 948/948/948 944/944/944 946/946/946
f 946/946/946 950/950/950 962/962/962
f 950/950/950 952/952/952 962/962/962
f 955/955/955 963/963/963 964/964/964
f 953/953/953 955/955/955 965/965/965
f 946/946/946 966/966/966 948/948/948
f 967/967/967 968/968/968 969/969/969
f 963/963/963 969/969/969 964/964/964
f 964/964/964 965/965/965 955/955/955
f 964/964/964 969/969/969 968/968/968
f 957/957/957 956/956/956 970/970/970
f 962/962/962 966/966/966 946/946/946
f 960/960/960 971/971/971 961/961/961
f 965/965/965 964/964/964 972/972/972
f 973/973/973 968/968/968 967/967/967
f 965/965/965 972/972/972 974/974/974
f 964/964/964 968/968/968 975/975/975
f 962/962/962 961/961/961 971/971/971
f 975/975/975 968/968/968 976/976/976
f 975/975/975 972/972/972 964/964/964
f 968/968/968 973/973/973 976/976/976
f 962/962/962 971/971/971 966/966/966
f 967/967/967 977/977/977 973/973/973
f 977/977/977 957/957/957 978/978/978
f 966/966/966 979/979/979 948/948/948
f 956/956/956 948/948/948 979/979/979
f 970/970/970 956/956/956 980/980/980
f 981/981/981 973/973/973 977/977/977
f 977/977/977 978/978/978 981/981/981
f 982/982/982 976/976/976 983/983/983
f 957/957/957 970/970/970 984/984/984
f 985/985/985 983/983/983 976/976/976
f 976/976/976 973/973/973 985/985/985
f 979/979/979 980/980/980 956/956/956
f 984/984/984 978/978/978 957/957/957
f 981/981/981 978/978/978 986/986/986
f 980/980/980 984/984/984 970/970/970
f 973/973/973 981/981/981 985/985/985
f 987/987/987 981/981/981 986/986/986
f 987/987/987 985/985/985 981/981/981
f 984/984/984 980/980/980 988/988/988
f 989/989/989 988/988/988 980/980/980
f 986/986/986 978/978/978 984/984/984
f 990/990/990 991/991/991 992/992/992
f 993/993/993 991/991/991 990/990/990
f 993/993/993 994/994/994 991/991/991
f 990/990/990 992/992/992 995/995/995
f 996/996/996 997/997/997 998/998/998
f 999/999/999 992/992/992 991/991/991
f 1000/1000/1000 997/997/997 996/996/996
f 1001/1001/1001 1002/1002/1002 1003/1003/1003
f 1000/1000/1000 994/994/994 993/993/993
f 1000/1000/1000 996/996/996 994/994/994
f 990/990/990 995/995/995 1004/1004/1004
f 1005/1005/1005 1006/1006/1006 1007/1007/1007
f 1008/1008/1008 993/993/993 990/990/990
f 1009/1009/1009 1004/1004/1004 995/995/995
f 1010/1010/1010 1011/1011/1011 1006/1006/1006
f 1010/1010/1010 1012/1012/1012 1013/1013/1013
f 1005/1005/1005 1012/1012/1012 1010/1010/1010
f 1005/1005/1005 1010/1010/1010 1006/1006/1006
f 990/990/990 1004/1004/1004 1008/1008/1008
f 1005/1005/1005 1014/1014/1014 1012/1012/1012
f 1015/1015/1015 1014/1014/1014 1005/1005/1005
f 1015/1015/1015 1005/1005/1005 1016/1016/1016
f 1017/1017/1017 1016/1016/1016 1018/1018/1018
f 1005/1005/1005 1007/1007/1007 1018/1018/1018
f 1018/1018/1018 1016/1016/1016 1005/1005/1005
f 1019/1019/1019 1016/1016/1016 1017/1017/1017
f 1020/1020/1020 1000/1000/1000 993/993/993
f 1020/1020/1020 993/993/993 1008/1008/1008
f 1021/1021/1021 1015/1015/1015 1016/1016/1016
f 1022/1022/1022 1023/1023/1023 1024/1024/1024
f 1025/1025/1025 1026/1026/1026 1027/1027/1027
f 1028/1028/1028 1000/1000/1000 1020/1020/1020
f 1029/1029/1029 1025/1025/1025 1027/1027/1027
f 1030/1030/1030 1025/1025/1025 1029/1029/1029
f 1031/1031/1031 1032/1032/1032 1033/1033/1033
f 1034/1034/1034 1014/1014/1014 1015/1015/1015
f 1035/1035/1035 1025/1025/1025 1030/1030/1030
f 1036/1036/1036 1037/1037/1037 1015/1015/1015
f 1021/1021/1021 1036/1036/1036 1015/1015/1015
f 1037/1037/1037 1034/1034/1034 1015/1015/1015
f 1038/1038/1038 1039/1039/1039 1035/1035/1035
f 1030/1030/1030 1038/1038/1038 1035/1035/1035
f 1040/1040/1040 1028/1028/1028 1020/1020/1020
f 1041/1041/1041 1038/1038/1038 1030/1030/1030
f 1042/1042/1042 1037/1037/1037 1036/1036/1036
f 1043/1043/1043 1044/1044/1044 1045/1045/1045
f 1046/1046/1046 1041/1041/1041 1047/1047/1047
f 1048/1048/1048 1034/1034/1034 1037/1037/1037
f 1049/1049/1049 1044/1044/1044 1043/1043/1043
f 1047/1047/1047 1041/1041/1041 1030/1030/1030
f 1049/1049/1049 1036/1036/1036 1044/1044/1044
f 1049/1049/1049 1042/1042/1042 1036/1036/1036
f 1047/1047/1047 1030/1030/1030 1050/1050/1050
f 1051/1051/1051 1047/1047/1047 1050/1050/1050
f 1046/1046/1046 1047/1047/1047 1051/1051/1051
f 1052/1052/1052 1050/1050/1050 1030/1030/1030
f 1053/1053/1053 1054/1054/1054 1055/1055/1055
f 1048/1048/1048 1037/1037/1037 1042/1042/1042
f 1043/1043/1043 1056/1056/1056 1049/1049/1049
f 1057/1057/1057 1046/1046/1046 1051/1051/1051
f 1057/1057/1057 1058/1058/1058 1046/1046/1046
f 1059/1059/1059 1060/1060/1060 1061/1061/1061
f 1060/1060/1060 1062/1062/1062 1063/1063/1063
f 1061/1061/1061 1060/1060/1060 1064/1064/1064
f 1056/1056/1056 1042/1042/1042 1049/1049/1049
f 1065/1065/1065 1060/1060/1060 1059/1059/1059
f 1059/1059/1059 1061/1061/1061 1066/1066/1066
f 1064/1064/1064 1060/1060/1060 1063/1063/1063
f 1057/1057/1057 1051/1051/1051 1062/1062/1062
f 1060/1060/1060 1065/1065/1065 1062/1062/1062
f 1065/1065/1065 1057/1057/1057 1062/1062/1062
f 1050/1050/1050 1067/1067/1067 1068/1068/1068
f 1067/1067/1067 1050/1050/1050 1052/1052/1052
f 1063/1063/1063 1068/1068/1068 1067/1067/1067
f 1069/1069/1069 1058/1058/1058 1057/1057/1057
f 1057/1057/1057 1065/1065/1065 1069/1069/1069
f 1069/1069/1069 1065/1065/1065 1070/1070/1070
f 1051/1051/1051 1050/1050/1050 1071/1071/1071
f 1064/1064/1064 1063/1063/1063 1067/1067/1067
f 1069/1069/1069 1072/1072/1072 1058/1058/1058
f 1073/1073/1073 1072/1072/1072 1069/1069/1069
f 1065/1065/1065 1074/1074/1074 1070/1070/1070
f 1062/1062/1062 1051/1051/1051 1075/1075/1075
f 1073/1073/1073 1069/1069/1069 1070/1070/1070
f 1063/1063/1063 1062/1062/1062 1075/1075/1075
f 1071/1071/1071 1075/1075/1075 1051/1051/1051
f 1076/1076/1076 1042/1042/1042 1056/1056/1056
f 1074/1074/1074 1065/1065/1065 1059/1059/1059
f 1075/1075/1075 1071/1071/1071 1077/1077/1077
f 1073/1073/1073 1078/1078/1078 1072/1072/1072
f 1074/1074/1074 1079/1079/1079 1070/1070/1070
f 1080/1080/1080 1081/1081/1081 1082/1082/1082
f 1072/1072/1072 1078/1078/1078 1083/1083/1083
f 1084/1084/1084 1085/1085/1085 1086/1086/1086
f 1087/1087/1087 1088/1088/1088 1089/1089/1089
f 1090/1090/1090 1084/1084/1084 1086/1086/1086
f 1079/1079/1079 1074/1074/1074 1091/1091/1091
f 1092/1092/1092 1090/1090/1090 1086/1086/1086
f 1093/1093/1093 1090/1090/1090 1092/1092/1092
f 1088/1088/1088 1081/1081/1081 1080/1080/1080
f 1089/1089/1089 1088/1088/1088 1080/1080/1080
f 1094/1094/1094 1095/1095/1095 1096/1096/1096
f 1097/1097/1097 1098/1098/1098 1099/1099/1099
f 1100/1100/1100 1101/1101/1101 1086/1086/1086
f 1102/1102/1102 1093/1093/1093 1103/1103/1103
f 1101/1101/1101 1092/1092/1092 1086/1086/1086
f 1097/1097/1097 1099/1099/1099 1087/1087/1087
f 1103/1103/1103 1104/1104/1104 1105/1105/1105
f 1096/1096/1096 1106/1106/1106 1103/1103/1103
f 1093/1093/1093 1107/1107/1107 1103/1103/1103
f 1093/1093/1093 1092/1092/1092 1101/1101/1101
f 1088/1088/1088 1108/1108/1108 1081/1081/1081
f 1103/1103/1103 1105/1105/1105 1094/1094/1094
f 1103/1103/1103 1094/1094/1094 1096/1096/1096
f 1103/1103/1103 1107/1107/1107 1104/1104/1104
f 1093/1093/1093 1109/1109/1109 1107/1107/1107
f 1093/1093/1093 1101/1101/1101 1109/1109/1109
f 1099/1099/1099 1110/1110/1110 1087/1087/1087
f 1099/1099/1099 1111/1111/1111 1110/1110/1110
f 1112/1112/1112 1083/1083/1083 1078/1078/1078
f 1087/1087/1087 1110/1110/1110 1088/1088/1088
f 1113/1113/1113 1114/1114/1114 1115/1115/1115
f 1088/1088/1088 1116/1116/1116 1108/1108/1108
f 1117/1117/1117 1104/1104/1104 1107/1107/1107
f 1107/1107/1107 1118/1118/1118 1117/1117/1117
f 1109/1109/1109 1118/1118/1118 1107/1107/1107
f 1119/1119/1119 1104/1104/1104 1117/1117/1117
f 1117/1117/1117 1118/1118/1118 1120/1120/1120
f 1110/1110/1110 1121/1121/1121 1088/1088/1088
f 1121/1121/1121 1116/1116/1116 1088/1088/1088
f 1110/1110/1110 1111/1111/1111 1122/1122/1122
f 1123/1123/1123 1122/1122/1122 1111/1111/1111
f 1124/1124/1124 1108/1108/1108 1116/1116/1116
f 1125/1125/1125 1119/1119/1119 1117/1117/1117
f 1120/1120/1120 1125/1125/1125 1117/1117/1117
f 1110/1110/1110 1126/1126/1126 1121/1121/1121
f 1111/1111/1111 1127/1127/1127 1123/1123/1123
f 1126/1126/1126 1110/1110/1110 1122/1122/1122
f 1128/1128/1128 1122/1122/1122 1129/1129/1129
f 1130/1130/1130 1123/1123/1123 1127/1127/1127
f 1126/1126/1126 1124/1124/1124 1121/1121/1121
f 1130/1130/1130 1122/1122/1122 1123/1123/1123
f 1131/1131/1131 1124/1124/1124 1126/1126/1126
f 1128/1128/1128 1126/1126/1126 1122/1122/1122
f 1130/1130/1130 1132/1132/1132 1122/1122/1122
f 1133/1133/1133 1129/1129/1129 1122/1122/1122
f 1126/1126/1126 1128/1128/1128 1131/1131/1131
f 1122/1122/1122 1132/1132/1132 1133/1133/1133
f 1131/1131/1131 1128/1128/1128 1129/1129/1129
f 1134/1134/1134 1130/1130/1130 1127/1127/1127
f 1135/1135/1135 1132/1132/1132 1130/1130/1130
f 1136/1136/1136 1130/1130/1130 1134/1134/1134
f 1135/1135/1135 1130/1130/1130 1136/1136/1136
f 1132/1132/1132 1135/1135/1135 1137/1137/1137
f 1137/1137/1137 1138/1138/1138 1132/1132/1132
f 1139/1139/1139 1135/1135/1135 1136/1136/1136
f 1139/1139/1139 1140/1140/1140 1135/1135/1135
f 1140/1140/1140 1137/1137/1137 1135/1135/1135
f 1140/1140/1140 1141/1141/1141 1137/1137/1137
f 1142/1142/1142 1143/1143/1143 1144/1144/1144
f 1145/1145/1145 1146/1146/1146 1147/1147/1147
f 1143/1143/1143 1148/1148/1148 1144/1144/1144
f 1142/1142/1142 1144/1144/1144 1149/1149/1149
f 1150/1150/1150 1149/1149/1149 1144/1144/1144
f 1151/1151/1151 1146/1146/1146 1152/1152/1152
f 1143/1143/1143 1153/1153/1153 1148/1148/1148
f 1150/1150/1150 1154/1154/1154 1149/1149/1149
f 1149/1149/1149 1154/1154/1154 1155/1155/1155
f 1155/1155/1155 1154/1154/1154 1145/1145/1145
f 1152/1152/1152 1146/1146/1146 1145/1145/1145
f 1156/1156/1156 1157/1157/1157 1158/1158/1158
f 1145/1145/1145 1154/1154/1154 1152/1152/1152
f 1148/1148/1148 1150/1150/1150 1144/1144/1144
f 1151/1151/1151 1152/1152/1152 1159/1159/1159
f 1160/1160/1160 1151/1151/1151 1159/1159/1159
f 1156/1156/1156 1158/1158/1158 1161/1161/1161
f 1162/1162/1162 1160/1160/1160 1159/1159/1159
f 1162/1162/1162 1158/1158/1158 1160/1160/1160
f 1163/1163/1163 1161/1161/1161 1158/1158/1158
f 1164/1164/1164 1150/1150/1150 1148/1148/1148
f 1154/1154/1154 1159/1159/1159 1152/1152/1152
f 1164/1164/1164 1148/1148/1148 1153/1153/1153
f 1154/1154/1154 1150/1150/1150 1165/1165/1165
f 1158/1158/1158 1162/1162/1162 1163/1163/1163
f 1164/1164/1164 1165/1165/1165 1150/1150/1150
f 1164/1164/1164 1153/1153/1153 1166/1166/1166
f 1154/1154/1154 1165/1165/1165 1159/1159/1159
f 1166/1166/1166 1153/1153/1153 1167/1167/1167
f 1166/1166/1166 1165/1165/1165 1164/1164/1164
f 1168/1168/1168 1169/1169/1169 1170/1170/1170
f 1171/1171/1171 1170/1170/1170 1172/1172/1172
f 1168/1168/1168 1170/1170/1170 1171/1171/1171
f 1171/1171/1171 1172/1172/1172 1173/1173/1173
f 1174/1174/1174 1175/1175/1175 1176/1176/1176
f 1171/1171/1171 1173/1173/1173 1177/1177/1177
f 1176/1176/1176 1178/1178/1178 1174/1174/1174
f 1179/1179/1179 1180/1180/1180 1181/1181/1181
f 1181/1181/1181 1180/1180/1180 1182/1182/1182
f 1183/1183/1183 1184/1184/1184 1185/1185/1185
f 1185/1185/1185 1186/1186/1186 1183/1183/1183
f 1187/1187/1187 1188/1188/1188 1189/1189/1189
f 1188/1188/1188 1187/1187/1187 1190/1190/1190
f 1191/1191/1191 1192/1192/1192 1193/1193/1193
f 1194/1194/1194 1195/1195/1195 1190/1190/1190
f 1196/1196/1196 1197/1197/1197 1198/1198/1198
f 1199/1199/1199 1189/1189/1189 1200/1200/1200
f 1201/1201/1201 1189/1189/1189 1199/1199/1199
f 1202/1202/1202 1203/1203/1203 1204/1204/1204
f 1205/1205/1205 1206/1206/1206 1207/1207/1207
f 1208/1208/1208 1189/1189/1189 1201/1201/1201
f 1187/1187/1187 1189/1189/1189 1208/1208/1208
f 1199/1199/1199 1200/1200/1200 1209/1209/1209
f 1209/1209/1209 1208/1208/1208 1199/1199/1199
f 1210/1210/1210 1195/1195/1195 1194/1194/1194
f 1208/1208/1208 1194/1194/1194 1187/1187/1187
f 1211/1211/1211 1195/1195/1195 1210/1210/1210
f 1211/1211/1211 1210/1210/1210 1212/1212/1212
f 1213/1213/1213 1210/1210/1210 1214/1214/1214
f 1213/1213/1213 1212/1212/1212 1210/1210/1210
f 1215/1215/1215 1213/1213/1213 1211/1211/1211
f 1216/1216/1216 1194/1194/1194 1208/1208/1208
f 1210/1210/1210 1194/1194/1194 1216/1216/1216
f 1216/1216/1216 1215/1215/1215 1210/1210/1210
f 1213/1213/1213 1215/1215/1215 1216/1216/1216
f 1213/1213/1213 1217/1217/1217 1212/1212/1212
f 1218/1218/1218 1217/1217/1217 1213/1213/1213
f 1219/1219/1219 1220/1220/1220 1221/1221/1221
f 1222/1222/1222 1223/1223/1223 1217/1217/1217
f 1224/1224/1224 1225/1225/1225 1221/1221/1221
f 1226/1226/1226 1227/1227/1227 1225/1225/1225
f 1224/1224/1224 1226/1226/1226 1225/1225/1225
f 1221/1221/1221 1228/1228/1228 1219/1219/1219
f 1229/1229/1229 1219/1219/1219 1228/1228/1228
f 1230/1230/1230 1229/1229/1229 1228/1228/1228
f 1208/1208/1208 1209/1209/1209 1216/1216/1216
f 1231/1231/1231 1229/1229/1229 1230/1230/1230
f 1232/1232/1232 1217/1217/1217 1218/1218/1218
f 1221/1221/1221 1227/1227/1227 1226/1226/1226
f 1219/1219/1219 1233/1233/1233 1220/1220/1220
f 1233/1233/1233 1234/1234/1234 1220/1220/1220
f 1235/1235/1235 1234/1234/1234 1236/1236/1236
f 1234/1234/1234 1237/1237/1237 1236/1236/1236
f 1235/1235/1235 1236/1236/1236 1233/1233/1233
f 1233/1233/1233 1237/1237/1237 1234/1234/1234
f 1238/1238/1238 1231/1231/1231 1239/1239/1239
f 1218/1218/1218 1213/1213/1213 1216/1216/1216
f 1222/1222/1222 1217/1217/1217 1232/1232/1232
f 1220/1220/1220 1227/1227/1227 1221/1221/1221
f 1240/1240/1240 1216/1216/1216 1209/1209/1209
f 1238/1238/1238 1229/1229/1229 1231/1231/1231
f 1241/1241/1241 1235/1235/1235 1233/1233/1233
f 1233/1233/1233 1219/1219/1219 1229/1229/1229
f 1229/1229/1229 1241/1241/1241 1233/1233/1233
f 1242/1242/1242 1218/1218/1218 1216/1216/1216
f 1238/1238/1238 1241/1241/1241 1229/1229/1229
f 1242/1242/1242 1216/1216/1216 1240/1240/1240
f 1243/1243/1243 1232/1232/1232 1218/1218/1218
f 1244/1244/1244 1238/1238/1238 1239/1239/1239
f 1244/1244/1244 1241/1241/1241 1238/1238/1238
f 1242/1242/1242 1243/1243/1243 1218/1218/1218
f 1245/1245/1245 1241/1241/1241 1244/1244/1244
f 1245/1245/1245 1244/1244/1244 1246/1246/1246
f 1245/1245/1245 1247/1247/1247 1241/1241/1241
f 1245/1245/1245 1246/1246/1246 1248/1248/1248
f 1249/1249/1249 1243/1243/1243 1242/1242/1242
f 1246/1246/1246 1250/1250/1250 1248/1248/1248
f 1250/1250/1250 1251/1251/1251 1248/1248/1248
f 1252/1252/1252 1249/1249/1249 1242/1242/1242
f 1248/1248/1248 1251/1251/1251 1253/1253/1253
f 1248/1248/1248 1247/1247/1247 1245/1245/1245
f 1254/1254/1254 1249/1249/1249 1252/1252/1252
f 1255/1255/1255 1247/1247/1247 1248/1248/1248
f 1255/1255/1255 1248/1248/1248 1253/1253/1253
f 1254/1254/1254 1256/1256/1256 1249/1249/1249
f 1257/1257/1257 1256/1256/1256 1254/1254/1254
f 1257/1257/1257 1258/1258/1258 1256/1256/1256
f 1259/1259/1259 1260/1260/1260 1261/1261/1261
f 1262/1262/1262 1254/1254/1254 1252/1252/1252
f 1262/1262/1262 1263/1263/1263 1254/1254/1254
f 1263/1263/1263 1257/1257/1257 1254/1254/1254
f 1264/1264/1264 1258/1258/1258 1257/1257/1257
f 1259/1259/1259 1261/1261/1261 1265/1265/1265
f 1266/1266/1266 1258/1258/1258 1264/1264/1264
f 1263/1263/1263 1262/1262/1262 1267/1267/1267
f 1268/1268/1268 1269/1269/1269 1267/1267/1267
f 1270/1270/1270 1257/1257/1257 1263/1263/1263
f 1271/1271/1271 1263/1263/1263 1267/1267/1267
f 1272/1272/1272 1264/1264/1264 1257/1257/1257
f 1269/1269/1269 1271/1271/1271 1267/1267/1267
f 1269/1269/1269 1268/1268/1268 1273/1273/1273
f 1274/1274/1274 1271/1271/1271 1269/1269/1269
f 1275/1275/1275 1263/1263/1263 1271/1271/1271
f 1274/1274/1274 1275/1275/1275 1271/1271/1271
f 1270/1270/1270 1276/1276/1276 1257/1257/1257
f 1274/1274/1274 1269/1269/1269 1273/1273/1273
f 1275/1275/1275 1270/1270/1270 1263/1263/1263
f 1275/1275/1275 1274/1274/1274 1277/1277/1277
f 1276/1276/1276 1272/1272/1272 1257/1257/1257
f 1278/1278/1278 1276/1276/1276 1270/1270/1270
f 1279/1279/1279 1280/1280/1280 1281/1281/1281
f 1282/1282/1282 1274/1274/1274 1273/1273/1273
f 1283/1283/1283 1284/1284/1284 1285/1285/1285
f 1282/1282/1282 1273/1273/1273 1286/1286/1286
f 1277/1277/1277 1287/1287/1287 1288/1288/1288
f 1289/1289/1289 1290/1290/1290 1291/1291/1291
f 1292/1292/1292 1272/1272/1272 1276/1276/1276
f 1287/1287/1287 1274/1274/1274 1293/1293/1293
f 1277/1277/1277 1274/1274/1274 1287/1287/1287
f 1294/1294/1294 1295/1295/1295 1296/1296/1296
f 1286/1286/1286 1297/1297/1297 1298/1298/1298
f 1293/1293/1293 1274/1274/1274 1282/1282/1282
f 1286/1286/1286 1298/1298/1298 1282/1282/1282
f 1299/1299/1299 1292/1292/1292 1276/1276/1276
f 1298/1298/1298 1297/1297/1297 1295/1295/1295
f 1300/1300/1300 1293/1293/1293 1282/1282/1282
f 1301/1301/1301 1295/1295/1295 1294/1294/1294
f 1298/1298/1298 1295/1295/1295 1301/1301/1301
f 1302/1302/1302 1290/1290/1290 1303/1303/1303
f 1302/1302/1302 1291/1291/1291 1290/1290/1290
f 1299/1299/1299 1276/1276/1276 1278/1278/1278
f 1304/1304/1304 1294/1294/1294 1296/1296/1296
f 1300/1300/1300 1282/1282/1282 1305/1305/1305
f 1298/1298/1298 1301/1301/1301 1306/1306/1306
f 1307/1307/1307 1291/1291/1291 1302/1302/1302
f 1308/1308/1308 1305/1305/1305 1282/1282/1282
f 1308/1308/1308 1282/1282/1282 1298/1298/1298
f 1308/1308/1308 1309/1309/1309 1305/1305/1305
f 1310/1310/1310 1288/1288/1288 1287/1287/1287
f 1311/1311/1311 1312/1312/1312 1313/1313/1313
f 1314/1314/1314 1272/1272/1272 1292/1292/1292
f 1302/1302/1302 1303/1303/1303 1315/1315/1315
f 1316/1316/1316 1291/1291/1291 1307/1307/1307
f 1317/1317/1317 1318/1318/1318 1316/1316/1316
f 1302/1302/1302 1315/1315/1315 1307/1307/1307
f 1306/1306/1306 1319/1319/1319 1298/1298/1298
f 1298/1298/1298 1319/1319/1319 1308/1308/1308
f 1320/1320/1320 1288/1288/1288 1310/1310/1310
f 1315/1315/1315 1303/1303/1303 1321/1321/1321
f 1307/1307/1307 1317/1317/1317 1316/1316/1316
f 1314/1314/1314 1292/1292/1292 1322/1322/1322
f 1288/1288/1288 1320/1320/1320 1323/1323/1323
f 1324/1324/1324 1306/1306/1306 1325/1325/1325
f 1321/1321/1321 1326/1326/1326 1315/1315/1315
f 1319/1319/1319 1327/1327/1327 1308/1308/1308
f 1308/1308/1308 1328/1328/1328 1309/1309/1309
f 1329/1329/1329 1307/1307/1307 1315/1315/1315
f 1317/1317/1317 1307/1307/1307 1330/1330/1330
f 1331/1331/1331 1306/1306/1306 1324/1324/1324
f 1326/1326/1326 1329/1329/1329 1315/1315/1315
f 1332/1332/1332 1317/1317/1317 1330/1330/1330
f 1333/1333/1333 1320/1320/1320 1310/1310/1310
f 1331/1331/1331 1319/1319/1319 1306/1306/1306
f 1334/1334/1334 1327/1327/1327 1319/1319/1319
f 1333/1333/1333 1310/1310/1310 1327/1327/1327
f 1334/1334/1334 1335/1335/1335 1327/1327/1327
f 1335/1335/1335 1333/1333/1333 1327/1327/1327
f 1336/1336/1336 1320/1320/1320 1333/1333/1333
f 1337/1337/1337 1329/1329/1329 1326/1326/1326
f 1330/1330/1330 1307/1307/1307 1338/1338/1338
f 1330/1330/1330 1339/1339/1339 1332/1332/1332
f 1338/1338/1338 1307/1307/1307 1329/1329/1329
f 1318/1318/1318 1291/1291/1291 1316/1316/1316
f 1340/1340/1340 1341/1341/1341 1342/1342/1342
f 1343/1343/1343 1342/1342/1342 1341/1341/1341
f 1344/1344/1344 1343/1343/1343 1341/1341/1341
f 1345/1345/1345 1344/1344/1344 1341/1341/1341
f 1346/1346/1346 1347/1347/1347 1348/1348/1348
f 1346/1346/1346 1348/1348/1348 1349/1349/1349
f 1350/1350/1350 1351/1351/1351 1352/1352/1352
f 1346/1346/1346 1349/1349/1349 1353/1353/1353
f 1353/1353/1353 1349/1349/1349 1354/1354/1354
f 1349/1349/1349 1355/1355/1355 1354/1354/1354
f 1356/1356/1356 1350/1350/1350 1352/1352/1352
f 1357/1357/1357 1350/1350/1350 1356/1356/1356
f 1358/1358/1358 1352/1352/1352 1359/1359/1359
f 1356/1356/1356 1352/1352/1352 1358/1358/1358
f 1360/1360/1360 1358/1358/1358 1359/1359/1359
f 1360/1360/1360 1359/1359/1359 1361/1361/1361
f 1357/1357/1357 1360/1360/1360 1361/1361/1361
f 1348/1348/1348 1350/1350/1350 1349/1349/1349
f 1349/1349/1349 1350/1350/1350 1362/1362/1362
f 1358/1358/1358 1363/1363/1363 1356/1356/1356
f 1350/1350/1350 1357/1357/1357 1362/1362/1362
f 1362/1362/1362 1357/1357/1357 1364/1364/1364
f 1364/1364/1364 1357/1357/1357 1365/1365/1365
f 1357/1357/1357 1361/1361/1361 1365/1365/1365
f 1366/1366/1366 1367/1367/1367 1365/1365/1365
f 1368/1368/1368 1369/1369/1369 1370/1370/1370
f 1361/1361/1361 1366/1366/1366 1365/1365/1365
f 1367/1367/1367 1366/1366/1366 1371/1371/1371
f 1354/1354/1354 1367/1367/1367 1371/1371/1371
f 1353/1353/1353 1354/1354/1354 1372/1372/1372
f 1354/1354/1354 1371/1371/1371 1372/1372/1372
f 1371/1371/1371 1366/1366/1366 1373/1373/1373
f 1366/1366/1366 1374/1374/1374 1373/1373/1373
f 1375/1375/1375 1371/1371/1371 1373/1373/1373
f 1375/1375/1375 1372/1372/1372 1371/1371/1371
f 1374/1374/1374 1376/1376/1376 1373/1373/1373
f 1360/1360/1360 1357/1357/1357 1356/1356/1356
f 1377/1377/1377 1378/1378/1378 1379/1379/1379
f 1378/1378/1378 1377/1377/1377 1380/1380/1380
f 1378/1378/1378 1380/1380/1380 1381/1381/1381
f 1381/1381/1381 1380/1380/1380 1382/1382/1382
f 1381/1381/1381 1383/1383/1383 1378/1378/1378
f 1382/1382/1382 1384/1384/1384 1381/1381/1381
f 1385/1385/1385 1386/1386/1386 1387/1387/1387
f 1386/1386/1386 1388/1388/1388 1387/1387/1387
f 1389/1389/1389 1381/1381/1381 1384/1384/1384
f 1390/1390/1390 1391/1391/1391 1392/1392/1392
f 1386/1386/1386 1385/1385/1385 1391/1391/1391
f 1393/1393/1393 1394/1394/1394 1392/1392/1392
f 1392/1392/1392 1394/1394/1394 1390/1390/1390
f 1395/1395/1395 1389/1389/1389 1384/1384/1384
f 1396/1396/1396 1395/1395/1395 1384/1384/1384
f 1386/1386/1386 1391/1391/1391 1390/1390/1390
f 1393/1393/1393 1397/1397/1397 1394/1394/1394
f 1398/1398/1398 1399/1399/1399 1400/1400/1400
f 1388/1388/1388 1396/1396/1396 1401/1401/1401
f 1388/1388/1388 1402/1402/1402 1396/1396/1396
f 1403/1403/1403 1390/1390/1390 1394/1394/1394
f 1404/1404/1404 1389/1389/1389 1395/1395/1395
f 1386/1386/1386 1405/1405/1405 1388/1388/1388
f 1395/1395/1395 1396/1396/1396 1402/1402/1402
f 1406/1406/1406 1403/1403/1403 1394/1394/1394
f 1407/1407/1407 1408/1408/1408 1409/1409/1409
f 1410/1410/1410 1411/1411/1411 1408/1408/1408
f 1386/1386/1386 1390/1390/1390 1412/1412/1412
f 1413/1413/1413 1407/1407/1407 1409/1409/1409
f 1414/1414/1414 1399/1399/1399 1398/1398/1398
f 1402/1402/1402 1404/1404/1404 1395/1395/1395
f 1388/1388/1388 1405/1405/1405 1402/1402/1402
f 1410/1410/1410 1408/1408/1408 1407/1407/1407
f 1415/1415/1415 1403/1403/1403 1406/1406/1406
f 1414/1414/1414 1398/1398/1398 1416/1416/1416
f 1417/1417/1417 1416/1416/1416 1418/1418/1418
f 1415/1415/1415 1411/1411/1411 1410/1410/1410
f 1419/1419/1419 1415/1415/1415 1406/1406/1406
f 1420/1420/1420 1399/1399/1399 1414/1414/1414
f 1415/1415/1415 1419/1419/1419 1411/1411/1411
f 1421/1421/1421 1407/1407/1407 1413/1413/1413
f 1404/1404/1404 1417/1417/1417 1418/1418/1418
f 1407/1407/1407 1421/1421/1421 1410/1410/1410
f 1422/1422/1422 1421/1421/1421 1413/1413/1413
f 1405/1405/1405 1386/1386/1386 1412/1412/1412
f 1403/1403/1403 1412/1412/1412 1390/1390/1390
f 1416/1416/1416 1417/1417/1417 1423/1423/1423
f 1423/1423/1423 1414/1414/1414 1416/1416/1416
f 1402/1402/1402 1424/1424/1424 1404/1404/1404
f 1402/1402/1402 1405/1405/1405 1424/1424/1424
f 1425/1425/1425 1415/1415/1415 1410/1410/1410
f 1426/1426/1426 1421/1421/1421 1422/1422/1422
f 1415/1415/1415 1412/1412/1412 1403/1403/1403
f 1425/1425/1425 1427/1427/1427 1415/1415/1415
f 1428/1428/1428 1410/1410/1410 1421/1421/1421
f 1426/1426/1426 1429/1429/1429 1421/1421/1421
f 1430/1430/1430 1420/1420/1420 1414/1414/1414
f 1424/1424/1424 1417/1417/1417 1404/1404/1404
f 1429/1429/1429 1428/1428/1428 1421/1421/1421
f 1431/1431/1431 1415/1415/1415 1427/1427/1427
f 1422/1422/1422 1432/1432/1432 1426/1426/1426
f 1428/1428/1428 1425/1425/1425 1410/1410/1410
f 1433/1433/1433 1432/1432/1432 1422/1422/1422
f 1423/1423/1423 1430/1430/1430 1414/1414/1414
f 1434/1434/1434 1429/1429/1429 1426/1426/1426
f 1435/1435/1435 1424/1424/1424 1405/1405/1405
f 1436/1436/1436 1428/1428/1428 1429/1429/1429
f 1429/1429/1429 1437/1437/1437 1436/1436/1436
f 1438/1438/1438 1434/1434/1434 1426/1426/1426
f 1438/1438/1438 1426/1426/1426 1432/1432/1432
f 1438/1438/1438 1439/1439/1439 1434/1434/1434
f 1434/1434/1434 1437/1437/1437 1429/1429/1429
f 1440/1440/1440 1427/1427/1427 1425/1425/1425
f 1441/1441/1441 1431/1431/1431 1427/1427/1427
f 1442/1442/1442 1437/1437/1437 1434/1434/1434
f 1435/1435/1435 1405/1405/1405 1412/1412/1412
f 1443/1443/1443 1415/1415/1415 1431/1431/1431
f 1441/1441/1441 1427/1427/1427 1440/1440/1440
f 1423/1423/1423 1417/1417/1417 1444/1444/1444
f 1443/1443/1443 1412/1412/1412 1415/1415/1415
f 1441/1441/1441 1443/1443/1443 1431/1431/1431
f 1445/1445/1445 1430/1430/1430 1423/1423/1423
f 1428/1428/1428 1446/1446/1446 1425/1425/1425
f 1444/1444/1444 1417/1417/1417 1424/1424/1424
f 1446/1446/1446 1447/1447/1447 1425/1425/1425
f 1448/1448/1448 1444/1444/1444 1424/1424/1424
f 1424/1424/1424 1435/1435/1435 1449/1449/1449
f 1449/1449/1449 1448/1448/1448 1424/1424/1424
f 1450/1450/1450 1445/1445/1445 1423/1423/1423
f 1450/1450/1450 1423/1423/1423 1444/1444/1444
f 1451/1451/1451 1443/1443/1443 1441/1441/1441
f 1450/1450/1450 1444/1444/1444 1452/1452/1452
f 1453/1453/1453 1444/1444/1444 1448/1448/1448
f 1454/1454/1454 1448/1448/1448 1449/1449/1449
f 1453/1453/1453 1448/1448/1448 1454/1454/1454
f 1455/1455/1455 1456/1456/1456 1457/1457/1457
f 1458/1458/1458 1459/1459/1459 1460/1460/1460
f 1459/1459/1459 1458/1458/1458 1461/1461/1461
f 1462/1462/1462 1459/1459/1459 1461/1461/1461
f 1462/1462/1462 1461/1461/1461 1463/1463/1463
f 1462/1462/1462 1464/1464/1464 1459/1459/1459
f 1465/1465/1465 1464/1464/1464 1462/1462/1462
f 1462/1462/1462 1463/1463/1463 1466/1466/1466
f 1462/1462/1462 1466/1466/1466 1467/1467/1467
f 1467/1467/1467 1468/1468/1468 1462/1462/1462
f 1467/1467/1467 1466/1466/1466 1469/1469/1469
f 1470/1470/1470 1465/1465/1465 1462/1462/1462
f 1468/1468/1468 1470/1470/1470 1462/1462/1462
f 1467/1467/1467 1469/1469/1469 1471/1471/1471
f 1471/1471/1471 1468/1468/1468 1467/1467/1467
f 1466/1466/1466 1472/1472/1472 1469/1469/1469
f 1468/1468/1468 1473/1473/1473 1470/1470/1470
f 1473/1473/1473 1468/1468/1468 1471/1471/1471
f 1474/1474/1474 1473/1473/1473 1471/1471/1471
f 1475/1475/1475 1474/1474/1474 1471/1471/1471
f 1476/1476/1476 1477/1477/1477 1478/1478/1478
f 1477/1477/1477 1479/1479/1479 1478/1478/1478
f 1480/1480/1480 1481/1481/1481 1478/1478/1478
f 1479/1479/1479 1480/1480/1480 1478/1478/1478
f 1482/1482/1482 1483/1483/1483 1484/1484/1484
f 1484/1484/1484 1485/1485/1485 1486/1486/1486
f 1482/1482/1482 1484/1484/1484 1486/1486/1486
f 1487/1487/1487 1488/1488/1488 1489/1489/1489
f 1489/1489/1489 1488/1488/1488 1490/1490/1490
f 1491/1491/1491 1488/1488/1488 1492/1492/1492
f 1490/1490/1490 1488/1488/1488 1491/1491/1491
f 1493/1493/1493 1491/1491/1491 1492/1492/1492
f 1494/1494/1494 1495/1495/1495 1496/1496/1496
f 1495/1495/1495 1487/1487/1487 1489/1489/1489
f 1493/1493/1493 1497/1497/1497 1498/1498/1498
f 1497/1497/1497 1493/1493/1493 1492/1492/1492
f 1493/1493/1493 1498/1498/1498 1499/1499/1499
f 1499/1499/1499 1489/1489/1489 1493/1493/1493
f 1496/1496/1496 1495/1495/1495 1489/1489/1489
f 1489/1489/1489 1499/1499/1499 1496/1496/1496
f 1499/1499/1499 1498/1498/1498 1500/1500/1500
f 1501/1501/1501 1496/1496/1496 1499/1499/1499
f 1502/1502/1502 1499/1499/1499 1500/1500/1500
f 1502/1502/1502 1500/1500/1500 1503/1503/1503
f 1501/1501/1501 1499/1499/1499 1502/1502/1502
f 1501/1501/1501 1502/1502/1502 1504/1504/1504
f 1505/1505/1505 1502/1502/1502 1503/1503/1503
f 1504/1504/1504 1502/1502/1502 1505/1505/1505
f 1504/1504/1504 1505/1505/1505 1506/1506/1506
f 1507/1507/1507 1504/1504/1504 1506/1506/1506
f 1504/1504/1504 1507/1507/1507 1508/1508/1508
f 1509/1509/1509 1510/1510/1510 1511/1511/1511
f 1510/1510/1510 1512/1512/1512 1513/1513/1513
f 1511/1511/1511 1510/1510/1510 1514/1514/1514
f 1514/1514/1514 1510/1510/1510 1513/1513/1513
f 1514/1514/1514 1515/1515/1515 1511/1511/1511
f 1516/1516/1516 1517/1517/1517 1518/1518/1518
f 1518/1518/1518 1519/1519/1519 1520/1520/1520
f 1516/1516/1516 1518/1518/1518 1521/1521/1521
f 1521/1521/1521 1518/1518/1518 1520/1520/1520
f 1521/1521/1521 1520/1520/1520 1522/1522/1522
f 1523/1523/1523 1524/1524/1524 1525/1525/1525
f 1526/1526/1526 1527/1527/1527 1524/1524/1524
f 1524/1524/1524 1527/1527/1527 1525/1525/1525
f 1528/1528/1528 1523/1523/1523 1525/1525/1525
f 1528/1528/1528 1525/1525/1525 1529/1529/1529
f 1526/1526/1526 1530/1530/1530 1527/1527/1527
f 1527/1527/1527 1530/1530/1530 1525/1525/1525
f 1530/1530/1530 1526/1526/1526 1531/1531/1531
f 1532/1532/1532 1533/1533/1533 1534/1534/1534
f 1535/1535/1535 1536/1536/1536 1537/1537/1537
f 1528/1528/1528 1529/1529/1529 1538/1538/1538
f 1535/1535/1535 1539/1539/1539 1536/1536/1536
f 1540/1540/1540 1541/1541/1541 1537/1537/1537
f 1538/1538/1538 1533/1533/1533 1528/1528/1528
f 1540/1540/1540 1537/1537/1537 1536/1536/1536
f 1534/1534/1534 1533/1533/1533 1538/1538/1538
f 1539/1539/1539 1542/1542/1542 1536/1536/1536
f 1540/1540/1540 1536/1536/1536 1543/1543/1543
f 1525/1525/1525 1530/1530/1530 1544/1544/1544
f 1545/1545/1545 1532/1532/1532 1534/1534/1534
f 1544/1544/1544 1529/1529/1529 1525/1525/1525
f 1542/1542/1542 1545/1545/1545 1546/1546/1546
f 1547/1547/1547 1538/1538/1538 1529/1529/1529
f 1548/1548/1548 1549/1549/1549 1531/1531/1531
f 1542/1542/1542 1546/1546/1546 1543/1543/1543
f 1540/1540/1540 1543/1543/1543 1550/1550/1550
f 1540/1540/1540 1550/1550/1550 1541/1541/1541
f 1547/1547/1547 1529/1529/1529 1544/1544/1544
f 1543/1543/1543 1546/1546/1546 1551/1551/1551
f 1550/1550/1550 1543/1543/1543 1552/1552/1552
f 1546/1546/1546 1545/1545/1545 1534/1534/1534
f 1538/1538/1538 1547/1547/1547 1534/1534/1534
f 1544/1544/1544 1530/1530/1530 1553/1553/1553
f 1547/1547/1547 1544/1544/1544 1554/1554/1554
f 1543/1543/1543 1551/1551/1551 1552/1552/1552
f 1555/1555/1555 1556/1556/1556 1557/1557/1557
f 1557/1557/1557 1558/1558/1558 1559/1559/1559
f 1560/1560/1560 1557/1557/1557 1556/1556/1556
f 1561/1561/1561 1562/1562/1562 1563/1563/1563
f 1530/1530/1530 1531/1531/1531 1564/1564/1564
f 1559/1559/1559 1565/1565/1565 1555/1555/1555
f 1559/1559/1559 1566/1566/1566 1565/1565/1565
f 1559/1559/1559 1558/1558/1558 1566/1566/1566
f 1547/1547/1547 1567/1567/1567 1534/1534/1534
f 1534/1534/1534 1568/1568/1568 1546/1546/1546
f 1569/1569/1569 1570/1570/1570 1571/1571/1571
f 1547/1547/1547 1554/1554/1554 1567/1567/1567
f 1530/1530/1530 1564/1564/1564 1553/1553/1553
f 1534/1534/1534 1567/1567/1567 1568/1568/1568
f 1554/1554/1554 1544/1544/1544 1572/1572/1572
f 1567/1567/1567 1554/1554/1554 1573/1573/1573
f 1570/1570/1570 1569/1569/1569 1574/1574/1574
f 1575/1575/1575 1576/1576/1576 1570/1570/1570
f 1577/1577/1577 1546/1546/1546 1568/1568/1568
f 1544/1544/1544 1553/1553/1553 1572/1572/1572
f 1576/1576/1576 1575/1575/1575 1578/1578/1578
f 1566/1566/1566 1579/1579/1579 1580/1580/1580
f 1564/1564/1564 1531/1531/1531 1549/1549/1549
f 1567/1567/1567 1581/1581/1581 1568/1568/1568
f 1564/1564/1564 1582/1582/1582 1553/1553/1553
f 1577/1577/1577 1568/1568/1568 1581/1581/1581
f 1583/1583/1583 1569/1569/1569 1584/1584/1584
f 1569/1569/1569 1583/1583/1583 1574/1574/1574
f 1575/1575/1575 1570/1570/1570 1574/1574/1574
f 1566/1566/1566 1580/1580/1580 1565/1565/1565
f 1578/1578/1578 1585/1585/1585 1579/1579/1579
f 1546/1546/1546 1577/1577/1577 1551/1551/1551
f 1581/1581/1581 1567/1567/1567 1573/1573/1573
f 1565/1565/1565 1580/1580/1580 1586/1586/1586
f 1573/1573/1573 1554/1554/1554 1572/1572/1572
f 1585/1585/1585 1578/1578/1578 1575/1575/1575
f 1587/1587/1587 1579/1579/1579 1585/1585/1585
f 1564/1564/1564 1549/1549/1549 1582/1582/1582
f 1577/1577/1577 1588/1588/1588 1551/1551/1551
f 1589/1589/1589 1585/1585/1585 1575/1575/1575
f 1587/1587/1587 1585/1585/1585 1589/1589/1589
f 1590/1590/1590 1580/1580/1580 1579/1579/1579
f 1577/1577/1577 1581/1581/1581 1591/1591/1591
f 1586/1586/1586 1580/1580/1580 1592/1592/1592
f 1553/1553/1553 1582/1582/1582 1572/1572/1572
f 1593/1593/1593 1594/1594/1594 1583/1583/1583
f 1592/1592/1592 1580/1580/1580 1590/1590/1590
f 1595/1595/1595 1577/1577/1577 1591/1591/1591
f 1579/1579/1579 1587/1587/1587 1590/1590/1590
f 1596/1596/1596 1597/1597/1597 1598/1598/1598
f 1599/1599/1599 1573/1573/1573 1572/1572/1572
f 1595/1595/1595 1591/1591/1591 1600/1600/1600
f 1601/1601/1601 1583/1583/1583 1594/1594/1594
f 1583/1583/1583 1601/1601/1601 1574/1574/1574
f 1602/1602/1602 1581/1581/1581 1573/1573/1573
f 1602/1602/1602 1591/1591/1591 1581/1581/1581
f 1572/1572/1572 1603/1603/1603 1599/1599/1599
f 1596/1596/1596 1598/1598/1598 1604/1604/1604
f 1582/1582/1582 1603/1603/1603 1572/1572/1572
f 1604/1604/1604 1598/1598/1598 1605/1605/1605
f 1605/1605/1605 1598/1598/1598 1606/1606/1606
f 1607/1607/1607 1596/1596/1596 1604/1604/1604
f 1582/1582/1582 1549/1549/1549 1608/1608/1608
f 1573/1573/1573 1599/1599/1599 1609/1609/1609
f 1602/1602/1602 1573/1573/1573 1609/1609/1609
f 1600/1600/1600 1591/1591/1591 1602/1602/1602
f 1610/1610/1610 1603/1603/1603 1582/1582/1582
f 1608/1608/1608 1610/1610/1610 1582/1582/1582
f 1599/1599/1599 1603/1603/1603 1611/1611/1611
f 1611/1611/1611 1603/1603/1603 1612/1612/1612
f 1555/1555/1555 1557/1557/1557 1559/1559/1559
f 1613/1613/1613 1614/1614/1614 1615/1615/1615
f 1615/1615/1615 1614/1614/1614 1616/1616/1616
f 1617/1617/1617 1618/1618/1618 1619/1619/1619
f 1620/1620/1620 1619/1619/1619 1618/1618/1618
f 1621/1621/1621 1622/1622/1622 1623/1623/1623
f 1623/1623/1623 1622/1622/1622 1620/1620/1620
f 1624/1624/1624 1625/1625/1625 1626/1626/1626
f 1618/1618/1618 1627/1627/1627 1620/1620/1620
f 1624/1624/1624 1628/1628/1628 1625/1625/1625
f 1620/1620/1620 1627/1627/1627 1623/1623/1623
f 1618/1618/1618 1617/1617/1617 1629/1629/1629
f 1630/1630/1630 1625/1625/1625 1628/1628/1628
f 1617/1617/1617 1626/1626/1626 1629/1629/1629
f 1625/1625/1625 1630/1630/1630 1631/1631/1631
f 1631/1631/1631 1626/1626/1626 1625/1625/1625
f 1629/1629/1629 1632/1632/1632 1618/1618/1618
f 1618/1618/1618 1632/1632/1632 1627/1627/1627
f 1633/1633/1633 1627/1627/1627 1632/1632/1632
f 1634/1634/1634 1626/1626/1626 1631/1631/1631
f 1634/1634/1634 1629/1629/1629 1626/1626/1626
f 1634/1634/1634 1635/1635/1635 1629/1629/1629
f 1636/1636/1636 1637/1637/1637 1623/1623/1623
f 1636/1636/1636 1623/1623/1623 1627/1627/1627
f 1637/1637/1637 1636/1636/1636 1638/1638/1638
f 1636/1636/1636 1627/1627/1627 1633/1633/1633
f 1639/1639/1639 1629/1629/1629 1635/1635/1635
f 1633/1633/1633 1640/1640/1640 1636/1636/1636
f 1635/1635/1635 1641/1641/1641 1639/1639/1639
f 1635/1635/1635 1642/1642/1642 1641/1641/1641
f 1643/1643/1643 1644/1644/1644 1645/1645/1645
f 1646/1646/1646 1647/1647/1647 1648/1648/1648
f 1649/1649/1649 1647/1647/1647 1646/1646/1646
f 1649/1649/1649 1646/1646/1646 1650/1650/1650
f 1648/1648/1648 1647/1647/1647 1645/1645/1645
f 1647/1647/1647 1649/1649/1649 1651/1651/1651
f 1645/1645/1645 1652/1652/1652 1643/1643/1643
f 1653/1653/1653 1643/1643/1643 1652/1652/1652
f 1645/1645/1645 1647/1647/1647 1652/1652/1652
f 1654/1654/1654 1652/1652/1652 1647/1647/1647
f 1650/1650/1650 1655/1655/1655 1649/1649/1649
f 1651/1651/1651 1649/1649/1649 1656/1656/1656
f 1656/1656/1656 1649/1649/1649 1655/1655/1655
f 1656/1656/1656 1657/1657/1657 1651/1651/1651
f 1656/1656/1656 1658/1658/1658 1657/1657/1657
f 1659/1659/1659 1656/1656/1656 1655/1655/1655
f 1659/1659/1659 1658/1658/1658 1656/1656/1656
f 1660/1660/1660 1661/1661/1661 1662/1662/1662
f 1663/1663/1663 1664/1664/1664 1665/1665/1665
f 1661/1661/1661 1663/1663/1663 1665/1665/1665
f 1661/1661/1661 1665/1665/1665 1666/1666/1666
f 1662/1662/1662 1661/1661/1661 1666/1666/1666
f 1667/1667/1667 1661/1661/1661 1660/1660/1660
f 1668/1668/1668 1667/1667/1667 1660/1660/1660
f 1667/1667/1667 1669/1669/1669 1661/1661/1661
f 1663/1663/1663 1661/1661/1661 1669/1669/1669
f 1670/1670/1670 1667/1667/1667 1668/1668/1668
f 1668/1668/1668 1671/1671/1671 1670/1670/1670
f 1663/1663/1663 1669/1669/1669 1672/1672/1672
f 1673/1673/1673 1674/1674/1674 1667/1667/1667
f 1672/1672/1672 1669/1669/1669 1675/1675/1675
f 1674/1674/1674 1669/1669/1669 1667/1667/1667
f 1670/1670/1670 1671/1671/1671 1676/1676/1676
f 1674/1674/1674 1675/1675/1675 1669/1669/1669
f 1667/1667/1667 1670/1670/1670 1677/1677/1677
f 1677/1677/1677 1673/1673/1673 1667/1667/1667
f 1678/1678/1678 1677/1677/1677 1676/1676/1676
f 1677/1677/1677 1670/1670/1670 1676/1676/1676
f 1677/1677/1677 1679/1679/1679 1673/1673/1673
f 1679/1679/1679 1674/1674/1674 1673/1673/1673
f 1679/1679/1679 1675/1675/1675 1674/1674/1674
f 1680/1680/1680 1681/1681/1681 1682/1682/1682
f 1680/1680/1680 1682/1682/1682 1683/1683/1683
f 1684/1684/1684 1680/1680/1680 1683/1683/1683
f 1685/1685/1685 1686/1686/1686 1687/1687/1687
f 1687/1687/1687 1684/1684/1684 1688/1688/1688
f 1687/1687/1687 1689/1689/1689 1685/1685/1685
f 1690/1690/1690 1683/1683/1683 1691/1691/1691
f 1683/1683/1683 1692/1692/1692 1684/1684/1684
f 1684/1684/1684 1692/1692/1692 1688/1688/1688
f 1693/1693/1693 1694/1694/1694 1695/1695/1695
f 1693/1693/1693 1695/1695/1695 1696/1696/1696
f 1688/1688/1688 1697/1697/1697 1687/1687/1687
f 1687/1687/1687 1697/1697/1697 1689/1689/1689
f 1691/1691/1691 1683/1683/1683 1682/1682/1682
f 1691/1691/1691 1682/1682/1682 1698/1698/1698
f 1699/1699/1699 1700/1700/1700 1701/1701/1701
f 1702/1702/1702 1700/1700/1700 1699/1699/1699
f 1703/1703/1703 1704/1704/1704 1705/1705/1705
f 1706/1706/1706 1691/1691/1691 1698/1698/1698
f 1703/1703/1703 1705/1705/1705 1707/1707/1707
f 1708/1708/1708 1692/1692/1692 1683/1683/1683
f 1709/1709/1709 1704/1704/1704 1703/1703/1703
f 1709/1709/1709 1710/1710/1710 1704/1704/1704
f 1711/1711/1711 1709/1709/1709 1703/1703/1703
f 1683/1683/1683 1712/1712/1712 1713/1713/1713
f 1708/1708/1708 1683/1683/1683 1713/1713/1713
f 1714/1714/1714 1715/1715/1715 1697/1697/1697
f 1715/1715/1715 1716/1716/1716 1697/1697/1697
f 1689/1689/1689 1697/1697/1697 1716/1716/1716
f 1714/1714/1714 1717/1717/1717 1715/1715/1715
f 1718/1718/1718 1719/1719/1719 1720/1720/1720
f 1721/1721/1721 1719/1719/1719 1718/1718/1718
f 1722/1722/1722 1717/1717/1717 1714/1714/1714
f 1716/1716/1716 1717/1717/1717 1722/1722/1722
f 1689/1689/1689 1716/1716/1716 1722/1722/1722
f 1723/1723/1723 1724/1724/1724 1725/1725/1725
f 1726/1726/1726 1723/1723/1723 1725/1725/1725
f 1724/1724/1724 1723/1723/1723 1727/1727/1727
f 1728/1728/1728 1726/1726/1726 1725/1725/1725
f 1729/1729/1729 1723/1723/1723 1730/1730/1730
f 1723/1723/1723 1729/1729/1729 1727/1727/1727
f 1724/1724/1724 1727/1727/1727 1731/1731/1731
f 1732/1732/1732 1727/1727/1727 1729/1729/1729
f 1733/1733/1733 1730/1730/1730 1723/1723/1723
f 1729/1729/1729 1730/1730/1730 1734/1734/1734
f 1735/1735/1735 1736/1736/1736 1737/1737/1737
f 1735/1735/1735 1730/1730/1730 1736/1736/1736
f 1738/1738/1738 1730/1730/1730 1735/1735/1735
f 1734/1734/1734 1730/1730/1730 1738/1738/1738
f 1737/1737/1737 1736/1736/1736 1739/1739/1739
f 1738/1738/1738 1739/1739/1739 1734/1734/1734
f 1728/1728/1728 1725/1725/1725 1740/1740/1740
f 1734/1734/1734 1739/1739/1739 1741/1741/1741
f 1742/1742/1742 1743/1743/1743 1744/1744/1744
f 1745/1745/1745 1744/1744/1744 1743/1743/1743
f 1746/1746/1746 1742/1742/1742 1744/1744/1744
f 1747/1747/1747 1748/1748/1748 1749/1749/1749
f 1745/1745/1745 1743/1743/1743 1750/1750/1750
f 1751/1751/1751 1752/1752/1752 1748/1748/1748
f 1751/1751/1751 1748/1748/1748 1747/1747/1747
f 1753/1753/1753 1754/1754/1754 1742/1742/1742
f 1750/1750/1750 1755/1755/1755 1745/1745/1745
f 1754/1754/1754 1753/1753/1753 1756/1756/1756
f 1753/1753/1753 1746/1746/1746 1757/1757/1757
f 1742/1742/1742 1746/1746/1746 1753/1753/1753
f 1758/1758/1758 1759/1759/1759 1760/1760/1760
f 1761/1761/1761 1750/1750/1750 1743/1743/1743
f 1756/1756/1756 1746/1746/1746 1762/1762/1762
f 1763/1763/1763 1764/1764/1764 1765/1765/1765
f 1766/1766/1766 1763/1763/1763 1765/1765/1765
f 1760/1760/1760 1767/1767/1767 1758/1758/1758
f 1768/1768/1768 1755/1755/1755 1750/1750/1750
f 1762/1762/1762 1769/1769/1769 1756/1756/1756
f 1758/1758/1758 1770/1770/1770 1759/1759/1759
f 1761/1761/1761 1768/1768/1768 1750/1750/1750
f 1769/1769/1769 1771/1771/1771 1756/1756/1756
f 1768/1768/1768 1769/1769/1769 1755/1755/1755
f 1754/1754/1754 1756/1756/1756 1771/1771/1771
f 1758/1758/1758 1767/1767/1767 1772/1772/1772
f 1766/1766/1766 1773/1773/1773 1763/1763/1763
f 1758/1758/1758 1774/1774/1774 1768/1768/1768
f 1774/1774/1774 1758/1758/1758 1772/1772/1772
f 1769/1769/1769 1775/1775/1775 1771/1771/1771
f 1776/1776/1776 1777/1777/1777 1778/1778/1778
f 1779/1779/1779 1769/1769/1769 1768/1768/1768
f 1767/1767/1767 1780/1780/1780 1772/1772/1772
f 1781/1781/1781 1778/1778/1778 1777/1777/1777
f 1776/1776/1776 1782/1782/1782 1777/1777/1777
f 1783/1783/1783 1771/1771/1771 1775/1775/1775
f 1784/1784/1784 1785/1785/1785 1786/1786/1786
f 1768/1768/1768 1774/1774/1774 1779/1779/1779
f 1775/1775/1775 1787/1787/1787 1788/1788/1788
f 1769/1769/1769 1787/1787/1787 1775/1775/1775
f 1779/1779/1779 1787/1787/1787 1769/1769/1769
f 1789/1789/1789 1777/1777/1777 1782/1782/1782
f 1790/1790/1790 1791/1791/1791 1792/1792/1792
f 1793/1793/1793 1794/1794/1794 1782/1782/1782
f 1794/1794/1794 1789/1789/1789 1782/1782/1782
f 1788/1788/1788 1764/1764/1764 1763/1763/1763
f 1795/1795/1795 1796/1796/1796 1781/1781/1781
f 1777/1777/1777 1797/1797/1797 1795/1795/1795
f 1798/1798/1798 1797/1797/1797 1789/1789/1789
f 1799/1799/1799 1798/1798/1798 1789/1789/1789
f 1800/1800/1800 1801/1801/1801 1791/1791/1791
f 1801/1801/1801 1792/1792/1792 1791/1791/1791
f 1797/1797/1797 1796/1796/1796 1795/1795/1795
f 1789/1789/1789 1797/1797/1797 1777/1777/1777
f 1774/1774/1774 1802/1802/1802 1779/1779/1779
f 1780/1780/1780 1802/1802/1802 1774/1774/1774
f 1803/1803/1803 1780/1780/1780 1767/1767/1767
f 1804/1804/1804 1803/1803/1803 1767/1767/1767
f 1802/1802/1802 1787/1787/1787 1779/1779/1779
f 1787/1787/1787 1805/1805/1805 1788/1788/1788
f 1805/1805/1805 1764/1764/1764 1788/1788/1788
f 1780/1780/1780 1803/1803/1803 1802/1802/1802
f 1744/1744/1744 1745/1745/1745 1806/1806/1806
f 1807/1807/1807 1808/1808/1808 1809/1809/1809
f 1808/1808/1808 1810/1810/1810 1809/1809/1809
f 1811/1811/1811 1809/1809/1809 1810/1810/1810
f 1812/1812/1812 1813/1813/1813 1814/1814/1814
f 1815/1815/1815 1816/1816/1816 1817/1817/1817
f 1818/1818/1818 1819/1819/1819 1820/1820/1820
f 1821/1821/1821 1820/1820/1820 1819/1819/1819
f 1822/1822/1822 1823/1823/1823 1824/1824/1824
f 1825/1825/1825 1823/1823/1823 1822/1822/1822
f 1825/1825/1825 1826/1826/1826 1823/1823/1823
f 1827/1827/1827 1824/1824/1824 1823/1823/1823
f 1828/1828/1828 1829/1829/1829 1830/1830/1830
f 1831/1831/1831 1832/1832/1832 1833/1833/1833
f 1834/1834/1834 1835/1835/1835 1836/1836/1836
f 1837/1837/1837 1838/1838/1838 1839/1839/1839
f 1840/1840/1840 1837/1837/1837 1839/1839/1839
f 1841/1841/1841 1842/1842/1842 1843/1843/1843
f 1844/1844/1844 1843/1843/1843 1842/1842/1842
f 1841/1841/1841 1843/1843/1843 1845/1845/1845
f 1846/1846/1846 1847/1847/1847 1848/1848/1848
f 1849/1849/1849 1850/1850/1850 1851/1851/1851
f 1852/1852/1852 1853/1853/1853 1854/1854/1854
f 1849/1849/1849 1851/1851/1851 1855/1855/1855
f 1856/1856/1856 1857/1857/1857 1849/1849/1849
f 1856/1856/1856 1858/1858/1858 1857/1857/1857
f 1855/1855/1855 1856/1856/1856 1849/1849/1849
f 1859/1859/1859 1860/1860/1860 1861/1861/1861
f 1862/1862/1862 1860/1860/1860 1863/1863/1863
f 1861/1861/1861 1860/1860/1860 1862/1862/1862
f 1859/1859/1859 1864/1864/1864 1860/1860/1860
f 1862/1862/1862 1863/1863/1863 1865/1865/1865
f 1866/1866/1866 1863/1863/1863 1860/1860/1860
f 1866/1866/1866 1860/1860/1860 1867/1867/1867
f 1865/1865/1865 1863/1863/1863 1866/1866/1866
f 1867/1867/1867 1860/1860/1860 1864/1864/1864
f 1867/1867/1867 1864/1864/1864 1868/1868/1868
f 1864/1864/1864 1869/1869/1869 1868/1868/1868
f 1870/1870/1870 1871/1871/1871 1872/1872/1872
f 1871/1871/1871 1870/1870/1870 1873/1873/1873
f 1874/1874/1874 1875/1875/1875 1876/1876/1876
f 1876/1876/1876 1875/1875/1875 1877/1877/1877
f 1878/1878/1878 1879/1879/1879 1880/1880/1880
f 1879/1879/1879 1881/1881/1881 1882/1882/1882
f 1881/1881/1881 1879/1879/1879 1878/1878/1878
f 1883/1883/1883 1884/1884/1884 1885/1885/1885
f 1886/1886/1886 1887/1887/1887 1888/1888/1888
f 1888/1888/1888 1887/1887/1887 1889/1889/1889
f 1890/1890/1890 1891/1891/1891 1892/1892/1892
f 1893/1893/1893 1891/1891/1891 1890/1890/1890
f 1894/1894/1894 1891/1891/1891 1893/1893/1893
f 1895/1895/1895 1896/1896/1896 1897/1897/1897
f 1897/1897/1897 1898/1898/1898 1895/1895/1895
f 1899/1899/1899 1900/1900/1900 1901/1901/1901
f 1902/1902/1902 1903/1903/1903 1904/1904/1904
f 1905/1905/1905 1906/1906/1906 1907/1907/1907
f 1908/1908/1908 1906/1906/1906 1905/1905/1905
f 1909/1909/1909 1908/1908/1908 1905/1905/1905
f 1910/1910/1910 1909/1909/1909 1905/1905/1905
f 1911/1911/1911 1905/1905/1905 1907/1907/1907
f 1912/1912/1912 1909/1909/1909 1910/1910/1910
f 1912/1912/1912 1910/1910/1910 1911/1911/1911
f 1913/1913/1913 1911/1911/1911 1907/1907/1907
f 1912/1912/1912 1911/1911/1911 1913/1913/1913
f 1914/1914/1914 1915/1915/1915 1916/1916/1916
f 1914/1914/1914 1917/1917/1917 1915/1915/1915
f 1918/1918/1918 1919/1919/1919 1920/1920/1920
f 1921/1921/1921 1922/1922/1922 1923/1923/1923
f 1924/1924/1924 1922/1922/1922 1921/1921/1921
f 1925/1925/1925 1926/1926/1926 1927/1927/1927
f 1928/1928/1928 1929/1929/1929 1930/1930/1930
f 1931/1931/1931 1928/1928/1928 1930/1930/1930
f 1932/1932/1932 1931/1931/1931 1930/1930/1930
f 1933/1933/1933 1934/1934/1934 1935/1935/1935
f 1936/1936/1936 1937/1937/1937 1938/1938/1938
f 1939/1939/1939 1938/1938/1938 1937/1937/1937
f 1936/1936/1936 1938/1938/1938 1940/1940/1940
f 1940/1940/1940 1938/1938/1938 1941/1941/1941
f 1942/1942/1942 1943/1943/1943 1938/1938/1938
f 1941/1941/1941 1944/1944/1944 1940/1940/1940
f 1944/1944/1944 1941/1941/1941 1945/1945/1945
f 1941/1941/1941 1938/1938/1938 1943/1943/1943
f 1946/1946/1946 1945/1945/1945 1941/1941/1941
f 1947/1947/1947 1948/1948/1948 1949/1949/1949
f 1950/1950/1950 1951/1951/1951 1952/1952/1952
f 1953/1953/1953 1954/1954/1954 1948/1948/1948
f 1954/1954/1954 1953/1953/1953 1949/1949/1949
f 1947/1947/1947 1949/1949/1949 1953/1953/1953
f 1955/1955/1955 1956/1956/1956 1957/1957/1957
f 1958/1958/1958 1959/1959/1959 1960/1960/1960
f 1961/1961/1961 1962/1962/1962 1963/1963/1963
f 1964/1964/1964 1965/1965/1965 1966/1966/1966
f 1967/1967/1967 1965/1965/1965 1964/1964/1964
f 1964/1964/1964 1966/1966/1966 1968/1968/1968
f 1969/1969/1969 1970/1970/1970 1971/1971/1971
f 1972/1972/1972 1971/1971/1971 1970/1970/1970
f 1969/1969/1969 1973/1973/1973 1970/1970/1970
f 1974/1974/1974 1975/1975/1975 1976/1976/1976
f 1977/1977/1977 1972/1972/1972 1970/1970/1970
f 1978/1978/1978 1973/1973/1973 1969/1969/1969
f 1979/1979/1979 1978/1978/1978 1969/1969/1969
f 1980/1980/1980 1976/1976/1976 1975/1975/1975
f 1981/1981/1981 1982/1982/1982 1983/1983/1983
f 1984/1984/1984 1981/1981/1981 1983/1983/1983
f 1985/1985/1985 1983/1983/1983 1986/1986/1986
f 1987/1987/1987 1984/1984/1984 1988/1988/1988
f 1984/1984/1984 1983/1983/1983 1985/1985/1985
f 1987/1987/1987 1981/1981/1981 1984/1984/1984
f 1983/1983/1983 1982/1982/1982 1989/1989/1989
f 1990/1990/1990 1978/1978/1978 1979/1979/1979
f 1991/1991/1991 1992/1992/1992 1993/1993/1993
f 1993/1993/1993 1992/1992/1992 1994/1994/1994
f 1995/1995/1995 1978/1978/1978 1990/1990/1990
f 1995/1995/1995 1990/1990/1990 1996/1996/1996
f 1997/1997/1997 1986/1986/1986 1998/1998/1998
f 1997/1997/1997 1985/1985/1985 1986/1986/1986
f 1993/1993/1993 1994/1994/1994 1999/1999/1999
f 1978/1978/1978 2000/2000/2000 1973/1973/1973
f 1995/1995/1995 2001/2001/2001 1978/1978/1978
f 2002/2002/2002 1994/1994/1994 2003/2003/2003
f 2004/2004/2004 1978/1978/1978 2001/2001/2001
f 2005/2005/2005 2006/2006/2006 2007/2007/2007
f 2008/2008/2008 2001/2001/2001 1995/1995/1995
f 2004/2004/2004 2000/2000/2000 1978/1978/1978
f 2001/2001/2001 2009/2009/2009 2004/2004/2004
f 2010/2010/2010 2011/2011/2011 2001/2001/2001
f 2008/2008/2008 2010/2010/2010 2001/2001/2001
f 1994/1994/1994 2002/2002/2002 1999/1999/1999
f 2012/2012/2012 2000/2000/2000 2004/2004/2004
f 2013/2013/2013 2014/2014/2014 2015/2015/2015
f 2016/2016/2016 2009/2009/2009 2011/2011/2011
f 2011/2011/2011 2010/2010/2010 2016/2016/2016
f 2017/2017/2017 2005/2005/2005 2007/2007/2007
f 2000/2000/2000 2012/2012/2012 2018/2018/2018
f 2018/2018/2018 2012/2012/2012 2019/2019/2019
f 2012/2012/2012 2016/2016/2016 2019/2019/2019
f 2019/2019/2019 2010/2010/2010 2020/2020/2020
f 2019/2019/2019 2016/2016/2016 2010/2010/2010
f 2021/2021/2021 2022/2022/2022 2023/2023/2023
f 2008/2008/2008 2024/2024/2024 2010/2010/2010
f 2025/2025/2025 2026/2026/2026 2027/2027/2027
f 2028/2028/2028 2018/2018/2018 2019/2019/2019
f 2000/2000/2000 2018/2018/2018 2029/2029/2029
f 2029/2029/2029 2030/2030/2030 2000/2000/2000
f 2031/2031/2031 2032/2032/2032 1997/1997/1997
f 2031/2031/2031 1997/1997/1997 1998/1998/1998
f 1998/1998/1998 2033/2033/2033 2031/2031/2031
f 2003/2003/2003 2034/2034/2034 2002/2002/2002
f 2000/2000/2000 2035/2035/2035 1973/1973/1973
f 2036/2036/2036 2037/2037/2037 2038/2038/2038
f 2007/2007/2007 2006/2006/2006 2037/2037/2037
f 2039/2039/2039 2007/2007/2007 2037/2037/2037
f 2039/2039/2039 2037/2037/2037 2036/2036/2036
f 2040/2040/2040 2039/2039/2039 2036/2036/2036
f 2033/2033/2033 2041/2041/2041 2031/2031/2031
f 2042/2042/2042 1999/1999/1999 2043/2043/2043
f 2041/2041/2041 2033/2033/2033 2044/2044/2044
f 2002/2002/2002 2034/2034/2034 1999/1999/1999
f 2000/2000/2000 2030/2030/2030 2035/2035/2035
f 2045/2045/2045 2046/2046/2046 2042/2042/2042
f 2030/2030/2030 2047/2047/2047 2035/2035/2035
f 2034/2034/2034 2043/2043/2043 1999/1999/1999
f 2045/2045/2045 2048/2048/2048 2046/2046/2046
f 2043/2043/2043 2045/2045/2045 2042/2042/2042
f 2049/2049/2049 2050/2050/2050 2051/2051/2051
f 2048/2048/2048 2045/2045/2045 2052/2052/2052
f 2045/2045/2045 2043/2043/2043 2053/2053/2053
f 2047/2047/2047 2030/2030/2030 2054/2054/2054
f 2055/2055/2055 2043/2043/2043 2034/2034/2034
f 2055/2055/2055 2053/2053/2053 2043/2043/2043
f 2049/2049/2049 2056/2056/2056 2050/2050/2050
f 2057/2057/2057 2058/2058/2058 2049/2049/2049
f 2059/2059/2059 2055/2055/2055 2034/2034/2034
f 2056/2056/2056 2049/2049/2049 2058/2058/2058
f 2056/2056/2056 2060/2060/2060 2050/2050/2050
f 2061/2061/2061 2062/2062/2062 2063/2063/2063
f 2062/2062/2062 2064/2064/2064 2063/2063/2063
f 2065/2065/2065 2066/2066/2066 2067/2067/2067
f 2066/2066/2066 2068/2068/2068 2067/2067/2067
f 2069/2069/2069 2066/2066/2066 2065/2065/2065
f 2066/2066/2066 2070/2070/2070 2068/2068/2068
f 2067/2067/2067 2068/2068/2068 2071/2071/2071
f 2068/2068/2068 2072/2072/2072 2073/2073/2073
f 2070/2070/2070 2072/2072/2072 2068/2068/2068
f 2074/2074/2074 2075/2075/2075 2076/2076/2076
f 2069/2069/2069 2074/2074/2074 2066/2066/2066
f 2066/2066/2066 2077/2077/2077 2070/2070/2070
f 2074/2074/2074 2077/2077/2077 2066/2066/2066
f 2078/2078/2078 2076/2076/2076 2075/2075/2075
f 2077/2077/2077 2074/2074/2074 2076/2076/2076
f 2077/2077/2077 2076/2076/2076 2078/2078/2078
f 2077/2077/2077 2078/2078/2078 2070/2070/2070
f 2079/2079/2079 2072/2072/2072 2070/2070/2070
f 2070/2070/2070 2078/2078/2078 2079/2079/2079
f 2080/2080/2080 2081/2081/2081 2082/2082/2082
f 2083/2083/2083 2080/2080/2080 2082/2082/2082
f 2084/2084/2084 2085/2085/2085 2083/2083/2083
f 2085/2085/2085 2080/2080/2080 2083/2083/2083
f 2086/2086/2086 2087/2087/2087 2088/2088/2088
f 2086/2086/2086 2089/2089/2089 2090/2090/2090
f 2091/2091/2091 2092/2092/2092 2093/2093/2093
f 2088/2088/2088 2089/2089/2089 2086/2086/2086
f 2094/2094/2094 2095/2095/2095 2096/2096/2096
f 2094/2094/2094 2097/2097/2097 2095/2095/2095
f 2098/2098/2098 2094/2094/2094 2096/2096/2096
f 2096/2096/2096 2091/2091/2091 2093/2093/2093
f 2096/2096/2096 2093/2093/2093 2099/2099/2099
f 2095/2095/2095 2091/2091/2091 2096/2096/2096
f 2100/2100/2100 2088/2088/2088 2087/2087/2087
f 2101/2101/2101 2096/2096/2096 2099/2099/2099
f 2098/2098/2098 2096/2096/2096 2101/2101/2101
f 2100/2100/2100 2102/2102/2102 2103/2103/2103
f 2104/2104/2104 2100/2100/2100 2087/2087/2087
f 2100/2100/2100 2104/2104/2104 2102/2102/2102
f 2102/2102/2102 2105/2105/2105 2106/2106/2106
f 2104/2104/2104 2105/2105/2105 2102/2102/2102
f 2107/2107/2107 2105/2105/2105 2104/2104/2104
f 2108/2108/2108 2106/2106/2106 2105/2105/2105
f 2109/2109/2109 2105/2105/2105 2107/2107/2107
f 2109/2109/2109 2107/2107/2107 2110/2110/2110
f 2109/2109/2109 2108/2108/2108 2105/2105/2105
f 2111/2111/2111 2112/2112/2112 2113/2113/2113
f 2114/2114/2114 2115/2115/2115 2112/2112/2112
f 2114/2114/2114 2116/2116/2116 2115/2115/2115
f 2112/2112/2112 2111/2111/2111 2114/2114/2114
f 2117/2117/2117 2116/2116/2116 2118/2118/2118
f 2114/2114/2114 2118/2118/2118 2116/2116/2116
f 2119/2119/2119 2120/2120/2120 2117/2117/2117
f 2119/2119/2119 2121/2121/2121 2120/2120/2120
f 2114/2114/2114 2111/2111/2111 2122/2122/2122
f 2117/2117/2117 2123/2123/2123 2119/2119/2119
f 2117/2117/2117 2118/2118/2118 2123/2123/2123
f 2114/2114/2114 2122/2122/2122 2118/2118/2118
f 2118/2118/2118 2124/2124/2124 2123/2123/2123
f 2119/2119/2119 2123/2123/2123 2124/2124/2124
f 2125/2125/2125 2124/2124/2124 2118/2118/2118
f 2125/2125/2125 2126/2126/2126 2124/2124/2124
f 2125/2125/2125 2118/2118/2118 2122/2122/2122
f 2122/2122/2122 2111/2111/2111 2127/2127/2127
f 2128/2128/2128 2122/2122/2122 2127/2127/2127
f 2125/2125/2125 2122/2122/2122 2128/2128/2128
f 2129/2129/2129 2130/2130/2130 2131/2131/2131
f 2132/2132/2132 2129/2129/2129 2131/2131/2131
f 2133/2133/2133 2134/2134/2134 2135/2135/2135
f 2130/2130/2130 2134/2134/2134 2136/2136/2136
f 2131/2131/2131 2130/2130/2130 2136/2136/2136
f 2133/2133/2133 2136/2136/2136 2134/2134/2134
f 2137/2137/2137 2138/2138/2138 2139/2139/2139
f 2140/2140/2140 2137/2137/2137 2139/2139/2139
f 2141/2141/2141 2142/2142/2142 2143/2143/2143
f 2142/2142/2142 2144/2144/2144 2143/2143/2143
f 2145/2145/2145 2144/2144/2144 2146/2146/2146
f 2147/2147/2147 2145/2145/2145 2146/2146/2146
f 2145/2145/2145 2141/2141/2141 2143/2143/2143
f 2147/2147/2147 2141/2141/2141 2145/2145/2145
f 2142/2142/2142 2146/2146/2146 2144/2144/2144
f 2148/2148/2148 2149/2149/2149 2150/2150/2150
f 2151/2151/2151 2152/2152/2152 2153/2153/2153
f 2147/2147/2147 2154/2154/2154 2155/2155/2155
f 2147/2147/2147 2146/2146/2146 2154/2154/2154
f 2156/2156/2156 2147/2147/2147 2155/2155/2155
f 2157/2157/2157 2158/2158/2158 2159/2159/2159
f 2160/2160/2160 2157/2157/2157 2159/2159/2159
f 2160/2160/2160 2159/2159/2159 2161/2161/2161
f 2162/2162/2162 2163/2163/2163 2164/2164/2164
f 2165/2165/2165 2160/2160/2160 2161/2161/2161
f 2166/2166/2166 2167/2167/2167 2168/2168/2168
f 2164/2164/2164 2156/2156/2156 2162/2162/2162
f 2147/2147/2147 2156/2156/2156 2164/2164/2164
f 2169/2169/2169 2170/2170/2170 2171/2171/2171
f 2164/2164/2164 2163/2163/2163 2172/2172/2172
f 2173/2173/2173 2170/2170/2170 2169/2169/2169
f 2174/2174/2174 2163/2163/2163 2162/2162/2162
f 2175/2175/2175 2176/2176/2176 2177/2177/2177
f 2178/2178/2178 2179/2179/2179 2180/2180/2180
f 2181/2181/2181 2178/2178/2178 2180/2180/2180
f 2182/2182/2182 2183/2183/2183 2184/2184/2184
f 2185/2185/2185 2186/2186/2186 2187/2187/2187
f 2185/2185/2185 2188/2188/2188 2186/2186/2186
f 2186/2186/2186 2188/2188/2188 2189/2189/2189
f 2189/2189/2189 2188/2188/2188 2190/2190/2190
f 2191/2191/2191 2192/2192/2192 2193/2193/2193
f 2192/2192/2192 2194/2194/2194 2193/2193/2193
f 2195/2195/2195 2193/2193/2193 2194/2194/2194
f 2195/2195/2195 2194/2194/2194 2196/2196/2196
f 2196/2196/2196 2197/2197/2197 2195/2195/2195
f 2197/2197/2197 2193/2193/2193 2195/2195/2195
f 2197/2197/2197 2196/2196/2196 2198/2198/2198
f 2199/2199/2199 2200/2200/2200 2201/2201/2201
f 2196/2196/2196 2200/2200/2200 2198/2198/2198
f 2202/2202/2202 2200/2200/2200 2199/2199/2199
f 2203/2203/2203 2198/2198/2198 2200/2200/2200
f 2198/2198/2198 2203/2203/2203 2204/2204/2204
f 2202/2202/2202 2205/2205/2205 2200/2200/2200
f 2205/2205/2205 2203/2203/2203 2200/2200/2200
f 2206/2206/2206 2207/2207/2207 2208/2208/2208
f 2209/2209/2209 2206/2206/2206 2208/2208/2208
f 2210/2210/2210 2206/2206/2206 2209/2209/2209
f 2211/2211/2211 2212/2212/2212 2213/2213/2213
f 2214/2214/2214 2210/2210/2210 2209/2209/2209
f 2215/2215/2215 2211/2211/2211 2213/2213/2213
f 2213/2213/2213 2210/2210/2210 2214/2214/2214
f 2216/2216/2216 2209/2209/2209 2208/2208/2208
f 2210/2210/2210 2213/2213/2213 2212/2212/2212
f 2217/2217/2217 2218/2218/2218 2219/2219/2219
f 2217/2217/2217 2219/2219/2219 2220/2220/2220
f 2221/2221/2221 2220/2220/2220 2219/2219/2219
f 2222/2222/2222 2217/2217/2217 2220/2220/2220
f 2223/2223/2223 2224/2224/2224 2225/2225/2225
f 2224/2224/2224 2217/2217/2217 2222/2222/2222
f 2224/2224/2224 2222/2222/2222 2225/2225/2225
f 2221/2221/2221 2219/2219/2219 2226/2226/2226
f 2227/2227/2227 2228/2228/2228 2229/2229/2229
f 2229/2229/2229 2230/2230/2230 2231/2231/2231
f 2231/2231/2231 2230/2230/2230 2232/2232/2232
f 2228/2228/2228 2227/2227/2227 2233/2233/2233
f 2229/2229/2229 2228/2228/2228 2230/2230/2230
f 2232/2232/2232 2230/2230/2230 2234/2234/2234
f 2235/2235/2235 2232/2232/2232 2234/2234/2234
f 2236/2236/2236 2230/2230/2230 2228/2228/2228
f 2234/2234/2234 2230/2230/2230 2236/2236/2236
f 2237/2237/2237 2234/2234/2234 2238/2238/2238
f 2234/2234/2234 2237/2237/2237 2235/2235/2235
f 2233/2233/2233 2239/2239/2239 2228/2228/2228
f 2240/2240/2240 2236/2236/2236 2228/2228/2228
f 2238/2238/2238 2234/2234/2234 2236/2236/2236
f 2235/2235/2235 2241/2241/2241 2242/2242/2242
f 2235/2235/2235 2237/2237/2237 2241/2241/2241
f 2228/2228/2228 2243/2243/2243 2240/2240/2240
f 2238/2238/2238 2236/2236/2236 2244/2244/2244
f 2245/2245/2245 2232/2232/2232 2235/2235/2235
f 2239/2239/2239 2243/2243/2243 2228/2228/2228
f 2245/2245/2245 2235/2235/2235 2242/2242/2242
f 2246/2246/2246 2247/2247/2247 2248/2248/2248
f 2246/2246/2246 2248/2248/2248 2249/2249/2249
f 2250/2250/2250 2251/2251/2251 2252/2252/2252
f 2252/2252/2252 2247/2247/2247 2246/2246/2246
f 2250/2250/2250 2253/2253/2253 2251/2251/2251
f 2252/2252/2252 2246/2246/2246 2254/2254/2254
f 2250/2250/2250 2252/2252/2252 2254/2254/2254
f 2255/2255/2255 2250/2250/2250 2254/2254/2254
f 2254/2254/2254 2246/2246/2246 2256/2256/2256
f 2256/2256/2256 2246/2246/2246 2257/2257/2257
f 2257/2257/2257 2249/2249/2249 2258/2258/2258
f 2249/2249/2249 2257/2257/2257 2246/2246/2246
f 2255/2255/2255 2254/2254/2254 2259/2259/2259
f 2254/2254/2254 2256/2256/2256 2259/2259/2259
f 2260/2260/2260 2261/2261/2261 2262/2262/2262
f 2263/2263/2263 2260/2260/2260 2262/2262/2262
f 2262/2262/2262 2261/2261/2261 2264/2264/2264
f 2265/2265/2265 2266/2266/2266 2267/2267/2267
f 2268/2268/2268 2269/2269/2269 2270/2270/2270
f 2271/2271/2271 2267/2267/2267 2272/2272/2272
f 2273/2273/2273 2274/2274/2274 2275/2275/2275
f 2276/2276/2276 2267/2267/2267 2271/2271/2271
f 2274/2274/2274 2273/2273/2273 2277/2277/2277
f 2276/2276/2276 2265/2265/2265 2267/2267/2267
f 2274/2274/2274 2278/2278/2278 2275/2275/2275
f 2279/2279/2279 2265/2265/2265 2276/2276/2276
f 2280/2280/2280 2281/2281/2281 2282/2282/2282
f 2269/2269/2269 2268/2268/2268 2283/2283/2283
f 2278/2278/2278 2284/2284/2284 2268/2268/2268
f 2279/2279/2279 2274/2274/2274 2265/2265/2265
f 2282/2282/2282 2281/2281/2281 2285/2285/2285
f 2279/2279/2279 2286/2286/2286 2274/2274/2274
f 2286/2286/2286 2278/2278/2278 2274/2274/2274
f 2283/2283/2283 2268/2268/2268 2284/2284/2284
f 2287/2287/2287 2278/2278/2278 2286/2286/2286
f 2288/2288/2288 2281/2281/2281 2280/2280/2280
f 2289/2289/2289 2284/2284/2284 2278/2278/2278
f 2290/2290/2290 2285/2285/2285 2281/2281/2281
f 2289/2289/2289 2283/2283/2283 2284/2284/2284
f 2291/2291/2291 2289/2289/2289 2278/2278/2278
f 2289/2289/2289 2288/2288/2288 2283/2283/2283
f 2287/2287/2287 2291/2291/2291 2278/2278/2278
f 2292/2292/2292 2293/2293/2293 2294/2294/2294
f 2295/2295/2295 2294/2294/2294 2293/2293/2293
f 2292/2292/2292 2296/2296/2296 2297/2297/2297
f 2298/2298/2298 2285/2285/2285 2290/2290/2290
f 2299/2299/2299 2285/2285/2285 2298/2298/2298
f 2300/2300/2300 2291/2291/2291 2287/2287/2287
f 2301/2301/2301 2300/2300/2300 2287/2287/2287
f 2302/2302/2302 2294/2294/2294 2295/2295/2295
f 2292/2292/2292 2294/2294/2294 2303/2303/2303
f 2304/2304/2304 2291/2291/2291 2300/2300/2300
f 2305/2305/2305 2281/2281/2281 2288/2288/2288
f 2299/2299/2299 2298/2298/2298 2306/2306/2306
f 2307/2307/2307 2299/2299/2299 2306/2306/2306
f 2288/2288/2288 2304/2304/2304 2305/2305/2305
f 2303/2303/2303 2308/2308/2308 2292/2292/2292
f 2304/2304/2304 2300/2300/2300 2309/2309/2309
f 2297/2297/2297 2296/2296/2296 2310/2310/2310
f 2302/2302/2302 2311/2311/2311 2294/2294/2294
f 2308/2308/2308 2296/2296/2296 2292/2292/2292
f 2294/2294/2294 2311/2311/2311 2303/2303/2303
f 2281/2281/2281 2305/2305/2305 2290/2290/2290
f 2305/2305/2305 2312/2312/2312 2290/2290/2290
f 2309/2309/2309 2305/2305/2305 2304/2304/2304
f 2307/2307/2307 2313/2313/2313 2295/2295/2295
f 2314/2314/2314 2302/2302/2302 2295/2295/2295
f 2308/2308/2308 2303/2303/2303 2311/2311/2311
f 2315/2315/2315 2298/2298/2298 2290/2290/2290
f 2313/2313/2313 2307/2307/2307 2316/2316/2316
f 2308/2308/2308 2311/2311/2311 2317/2317/2317
f 2318/2318/2318 2290/2290/2290 2312/2312/2312
f 2319/2319/2319 2290/2290/2290 2318/2318/2318
f 2315/2315/2315 2306/2306/2306 2298/2298/2298
f 2319/2319/2319 2315/2315/2315 2290/2290/2290
f 2305/2305/2305 2320/2320/2320 2312/2312/2312
f 2306/2306/2306 2321/2321/2321 2307/2307/2307
f 2321/2321/2321 2316/2316/2316 2307/2307/2307
f 2313/2313/2313 2314/2314/2314 2295/2295/2295
f 2310/2310/2310 2296/2296/2296 2322/2322/2322
f 2315/2315/2315 2321/2321/2321 2306/2306/2306
f 2323/2323/2323 2322/2322/2322 2296/2296/2296
f 2324/2324/2324 2325/2325/2325 2311/2311/2311
f 2302/2302/2302 2324/2324/2324 2311/2311/2311
f 2326/2326/2326 2321/2321/2321 2315/2315/2315
f 2323/2323/2323 2296/2296/2296 2308/2308/2308
f 2326/2326/2326 2316/2316/2316 2321/2321/2321
f 2324/2324/2324 2302/2302/2302 2314/2314/2314
f 2323/2323/2323 2327/2327/2327 2322/2322/2322
f 2323/2323/2323 2308/2308/2308 2317/2317/2317
f 2328/2328/2328 2323/2323/2323 2317/2317/2317
f 2329/2329/2329 2316/2316/2316 2326/2326/2326
f 2316/2316/2316 2314/2314/2314 2313/2313/2313
f 2330/2330/2330 2329/2329/2329 2326/2326/2326
f 2331/2331/2331 2330/2330/2330 2332/2332/2332
f 2333/2333/2333 2331/2331/2331 2332/2332/2332
f 2316/2316/2316 2334/2334/2334 2314/2314/2314
f 2331/2331/2331 2329/2329/2329 2330/2330/2330
f 2335/2335/2335 2336/2336/2336 2323/2323/2323
f 2335/2335/2335 2323/2323/2323 2328/2328/2328
f 2337/2337/2337 2331/2331/2331 2333/2333/2333
f 2334/2334/2334 2324/2324/2324 2314/2314/2314
f 2338/2338/2338 2329/2329/2329 2331/2331/2331
f 2324/2324/2324 2339/2339/2339 2325/2325/2325
f 2340/2340/2340 2316/2316/2316 2329/2329/2329
f 2340/2340/2340 2329/2329/2329 2338/2338/2338
f 2341/2341/2341 2336/2336/2336 2342/2342/2342
f 2343/2343/2343 2341/2341/2341 2342/2342/2342
f 2342/2342/2342 2344/2344/2344 2343/2343/2343
f 2339/2339/2339 2342/2342/2342 2325/2325/2325
f 2338/2338/2338 2331/2331/2331 2337/2337/2337
f 2316/2316/2316 2340/2340/2340 2345/2345/2345
f 2334/2334/2334 2339/2339/2339 2324/2324/2324
f 2316/2316/2316 2345/2345/2345 2334/2334/2334
f 2346/2346/2346 2347/2347/2347 2348/2348/2348
f 2342/2342/2342 2339/2339/2339 2344/2344/2344
f 2338/2338/2338 2345/2345/2345 2340/2340/2340
f 2349/2349/2349 2343/2343/2343 2344/2344/2344
f 2339/2339/2339 2350/2350/2350 2344/2344/2344
f 2346/2346/2346 2348/2348/2348 2351/2351/2351
f 2350/2350/2350 2339/2339/2339 2334/2334/2334
f 2334/2334/2334 2345/2345/2345 2352/2352/2352
f 2343/2343/2343 2348/2348/2348 2341/2341/2341
f 2353/2353/2353 2345/2345/2345 2338/2338/2338
f 2349/2349/2349 2354/2354/2354 2343/2343/2343
f 2350/2350/2350 2349/2349/2349 2344/2344/2344
f 2353/2353/2353 2355/2355/2355 2345/2345/2345
f 2352/2352/2352 2350/2350/2350 2334/2334/2334
f 2355/2355/2355 2356/2356/2356 2345/2345/2345
f 2357/2357/2357 2354/2354/2354 2349/2349/2349
f 2352/2352/2352 2358/2358/2358 2350/2350/2350
f 2354/2354/2354 2357/2357/2357 2359/2359/2359
f 2345/2345/2345 2356/2356/2356 2352/2352/2352
f 2348/2348/2348 2343/2343/2343 2354/2354/2354
f 2349/2349/2349 2350/2350/2350 2357/2357/2357
f 2359/2359/2359 2348/2348/2348 2354/2354/2354
f 2348/2348/2348 2360/2360/2360 2351/2351/2351
f 2350/2350/2350 2361/2361/2361 2357/2357/2357
f 2361/2361/2361 2350/2350/2350 2358/2358/2358
f 2355/2355/2355 2362/2362/2362 2356/2356/2356
f 2359/2359/2359 2357/2357/2357 2361/2361/2361
f 2362/2362/2362 2363/2363/2363 2356/2356/2356
f 2360/2360/2360 2348/2348/2348 2359/2359/2359
f 2363/2363/2363 2364/2364/2364 2356/2356/2356
f 2360/2360/2360 2365/2365/2365 2351/2351/2351
f 2361/2361/2361 2366/2366/2366 2359/2359/2359
f 2366/2366/2366 2360/2360/2360 2359/2359/2359
f 2360/2360/2360 2367/2367/2367 2365/2365/2365
f 2368/2368/2368 2360/2360/2360 2366/2366/2366
f 2367/2367/2367 2369/2369/2369 2365/2365/2365
f 2368/2368/2368 2367/2367/2367 2360/2360/2360
f 2367/2367/2367 2368/2368/2368 2370/2370/2370
f 2371/2371/2371 2372/2372/2372 2373/2373/2373
f 2371/2371/2371 2374/2374/2374 2372/2372/2372
f 2373/2373/2373 2375/2375/2375 2371/2371/2371
f 2376/2376/2376 2377/2377/2377 2373/2373/2373
f 2373/2373/2373 2377/2377/2377 2378/2378/2378
f 2379/2379/2379 2376/2376/2376 2380/2380/2380
f 2381/2381/2381 2382/2382/2382 2374/2374/2374
f 2371/2371/2371 2381/2381/2381 2374/2374/2374
f 2383/2383/2383 2382/2382/2382 2381/2381/2381
f 2381/2381/2381 2371/2371/2371 2378/2378/2378
f 2376/2376/2376 2379/2379/2379 2377/2377/2377
f 2380/2380/2380 2384/2384/2384 2379/2379/2379
f 2378/2378/2378 2377/2377/2377 2385/2385/2385
f 2378/2378/2378 2385/2385/2385 2381/2381/2381
f 2379/2379/2379 2386/2386/2386 2377/2377/2377
f 2379/2379/2379 2384/2384/2384 2387/2387/2387
f 2386/2386/2386 2388/2388/2388 2377/2377/2377
f 2388/2388/2388 2385/2385/2385 2377/2377/2377
f 2383/2383/2383 2381/2381/2381 2385/2385/2385
f 2379/2379/2379 2387/2387/2387 2389/2389/2389
f 2379/2379/2379 2389/2389/2389 2386/2386/2386
f 2389/2389/2389 2387/2387/2387 2390/2390/2390
f 2386/2386/2386 2389/2389/2389 2391/2391/2391
f 2392/2392/2392 2385/2385/2385 2388/2388/2388
f 2386/2386/2386 2393/2393/2393 2388/2388/2388
f 2394/2394/2394 2395/2395/2395 2396/2396/2396
f 2385/2385/2385 2397/2397/2397 2383/2383/2383
f 2398/2398/2398 2399/2399/2399 2400/2400/2400
f 2399/2399/2399 2401/2401/2401 2400/2400/2400
f 2386/2386/2386 2402/2402/2402 2393/2393/2393
f 2403/2403/2403 2404/2404/2404 2405/2405/2405
f 2403/2403/2403 2405/2405/2405 2406/2406/2406
f 2406/2406/2406 2405/2405/2405 2407/2407/2407
f 2404/2404/2404 2407/2407/2407 2408/2408/2408
f 2405/2405/2405 2408/2408/2408 2407/2407/2407
f 2409/2409/2409 2404/2404/2404 2403/2403/2403
f 2392/2392/2392 2388/2388/2388 2410/2410/2410
f 2392/2392/2392 2397/2397/2397 2385/2385/2385
f 2391/2391/2391 2402/2402/2402 2386/2386/2386
f 2388/2388/2388 2393/2393/2393 2410/2410/2410
f 2398/2398/2398 2411/2411/2411 2412/2412/2412
f 2409/2409/2409 2407/2407/2407 2404/2404/2404
f 2398/2398/2398 2400/2400/2400 2411/2411/2411
f 2407/2407/2407 2413/2413/2413 2406/2406/2406
f 2414/2414/2414 2413/2413/2413 2407/2407/2407
f 2415/2415/2415 2416/2416/2416 2417/2417/2417
f 2418/2418/2418 2409/2409/2409 2419/2419/2419
f 2419/2419/2419 2420/2420/2420 2418/2418/2418
f 2416/2416/2416 2410/2410/2410 2417/2417/2417
f 2410/2410/2410 2416/2416/2416 2421/2421/2421
f 2422/2422/2422 2414/2414/2414 2407/2407/2407
f 2423/2423/2423 2417/2417/2417 2410/2410/2410
f 2424/2424/2424 2418/2418/2418 2425/2425/2425
f 2409/2409/2409 2418/2418/2418 2426/2426/2426
f 2418/2418/2418 2424/2424/2424 2426/2426/2426
f 2402/2402/2402 2427/2427/2427 2393/2393/2393
f 2428/2428/2428 2423/2423/2423 2410/2410/2410
f 2393/2393/2393 2428/2428/2428 2410/2410/2410
f 2393/2393/2393 2427/2427/2427 2428/2428/2428
f 2409/2409/2409 2426/2426/2426 2407/2407/2407
f 2426/2426/2426 2422/2422/2422 2407/2407/2407
f 2422/2422/2422 2429/2429/2429 2414/2414/2414
f 2426/2426/2426 2430/2430/2430 2422/2422/2422
f 2429/2429/2429 2422/2422/2422 2430/2430/2430
f 2426/2426/2426 2424/2424/2424 2431/2431/2431
f 2430/2430/2430 2432/2432/2432 2429/2429/2429
f 2423/2423/2423 2428/2428/2428 2433/2433/2433
f 2423/2423/2423 2433/2433/2433 2434/2434/2434
f 2431/2431/2431 2430/2430/2430 2426/2426/2426
f 2435/2435/2435 2436/2436/2436 2437/2437/2437
f 2431/2431/2431 2438/2438/2438 2430/2430/2430
f 2436/2436/2436 2431/2431/2431 2437/2437/2437
f 2436/2436/2436 2439/2439/2439 2431/2431/2431
f 2440/2440/2440 2441/2441/2441 2432/2432/2432
f 2442/2442/2442 2443/2443/2443 2444/2444/2444
f 2442/2442/2442 2444/2444/2444 2445/2445/2445
f 2440/2440/2440 2446/2446/2446 2441/2441/2441
f 2439/2439/2439 2447/2447/2447 2431/2431/2431
f 2446/2446/2446 2448/2448/2448 2441/2441/2441
f 2449/2449/2449 2432/2432/2432 2430/2430/2430
f 2430/2430/2430 2438/2438/2438 2449/2449/2449
f 2431/2431/2431 2447/2447/2447 2438/2438/2438
f 2438/2438/2438 2450/2450/2450 2449/2449/2449
f 2444/2444/2444 2443/2443/2443 2451/2451/2451
f 2447/2447/2447 2452/2452/2452 2438/2438/2438
f 2432/2432/2432 2449/2449/2449 2440/2440/2440
f 2451/2451/2451 2443/2443/2443 2453/2453/2453
f 2447/2447/2447 2454/2454/2454 2452/2452/2452
f 2452/2452/2452 2450/2450/2450 2438/2438/2438
f 2455/2455/2455 2449/2449/2449 2450/2450/2450
f 2452/2452/2452 2456/2456/2456 2450/2450/2450
f 2453/2453/2453 2457/2457/2457 2451/2451/2451
f 2458/2458/2458 2451/2451/2451 2459/2459/2459
f 2444/2444/2444 2451/2451/2451 2458/2458/2458
f 2458/2458/2458 2459/2459/2459 2460/2460/2460
f 2452/2452/2452 2461/2461/2461 2456/2456/2456
f 2449/2449/2449 2455/2455/2455 2440/2440/2440
f 2462/2462/2462 2461/2461/2461 2452/2452/2452
f 2455/2455/2455 2463/2463/2463 2440/2440/2440
f 2456/2456/2456 2461/2461/2461 2464/2464/2464
f 2465/2465/2465 2466/2466/2466 2467/2467/2467
f 2451/2451/2451 2468/2468/2468 2459/2459/2459
f 2461/2461/2461 2469/2469/2469 2464/2464/2464
f 2470/2470/2470 2471/2471/2471 2464/2464/2464
f 2470/2470/2470 2472/2472/2472 2473/2473/2473
f 2473/2473/2473 2474/2474/2474 2470/2470/2470
f 2451/2451/2451 2457/2457/2457 2468/2468/2468
f 2463/2463/2463 2475/2475/2475 2440/2440/2440
f 2469/2469/2469 2470/2470/2470 2464/2464/2464
f 2470/2470/2470 2469/2469/2469 2472/2472/2472
f 2453/2453/2453 2476/2476/2476 2457/2457/2457
f 2477/2477/2477 2478/2478/2478 2479/2479/2479
f 2463/2463/2463 2480/2480/2480 2475/2475/2475
f 2469/2469/2469 2481/2481/2481 2472/2472/2472
f 2457/2457/2457 2476/2476/2476 2482/2482/2482
f 2475/2475/2475 2480/2480/2480 2483/2483/2483
f 2480/2480/2480 2463/2463/2463 2484/2484/2484
f 2472/2472/2472 2481/2481/2481 2484/2484/2484
f 2457/2457/2457 2485/2485/2485 2468/2468/2468
f 2484/2484/2484 2481/2481/2481 2480/2480/2480
f 2457/2457/2457 2486/2486/2486 2485/2485/2485
f 2457/2457/2457 2482/2482/2482 2486/2486/2486
f 2487/2487/2487 2488/2488/2488 2469/2469/2469
f 2469/2469/2469 2488/2488/2488 2481/2481/2481
f 2485/2485/2485 2486/2486/2486 2489/2489/2489
f 2482/2482/2482 2490/2490/2490 2491/2491/2491
f 2489/2489/2489 2486/2486/2486 2492/2492/2492
f 2493/2493/2493 2489/2489/2489 2492/2492/2492
f 2490/2490/2490 2494/2494/2494 2495/2495/2495
f 2496/2496/2496 2490/2490/2490 2495/2495/2495
f 2491/2491/2491 2495/2495/2495 2497/2497/2497
f 2490/2490/2490 2496/2496/2496 2491/2491/2491
f 2491/2491/2491 2497/2497/2497 2482/2482/2482
f 2486/2486/2486 2482/2482/2482 2497/2497/2497
f 2498/2498/2498 2493/2493/2493 2492/2492/2492
f 2499/2499/2499 2493/2493/2493 2498/2498/2498
f 2495/2495/2495 2494/2494/2494 2500/2500/2500
f 2501/2501/2501 2495/2495/2495 2500/2500/2500
f 2486/2486/2486 2501/2501/2501 2500/2500/2500
f 2497/2497/2497 2495/2495/2495 2501/2501/2501
f 2497/2497/2497 2494/2494/2494 2486/2486/2486
f 2502/2502/2502 2503/2503/2503 2504/2504/2504
f 2505/2505/2505 2503/2503/2503 2502/2502/2502
f 2506/2506/2506 2503/2503/2503 2505/2505/2505
f 2506/2506/2506 2505/2505/2505 2507/2507/2507
f 2506/2506/2506 2507/2507/2507 2508/2508/2508
f 2509/2509/2509 2510/2510/2510 2511/2511/2511
f 2512/2512/2512 2511/2511/2511 2513/2513/2513
f 2514/2514/2514 2513/2513/2513 2511/2511/2511
f 2515/2515/2515 2509/2509/2509 2511/2511/2511
f 2515/2515/2515 2511/2511/2511 2512/2512/2512
f 2516/2516/2516 2509/2509/2509 2515/2515/2515
f 2517/2517/2517 2512/2512/2512 2513/2513/2513
f 2517/2517/2517 2513/2513/2513 2518/2518/2518
f 2515/2515/2515 2517/2517/2517 2518/2518/2518
f 2515/2515/2515 2519/2519/2519 2516/2516/2516
f 2520/2520/2520 2515/2515/2515 2518/2518/2518
f 2520/2520/2520 2521/2521/2521 2515/2515/2515
f 2515/2515/2515 2521/2521/2521 2519/2519/2519
f 2520/2520/2520 2518/2518/2518 2522/2522/2522
f 2523/2523/2523 2524/2524/2524 2525/2525/2525
f 2526/2526/2526 2527/2527/2527 2528/2528/2528
f 2526/2526/2526 2529/2529/2529 2527/2527/2527
f 2524/2524/2524 2530/2530/2530 2525/2525/2525
f 2531/2531/2531 2532/2532/2532 2533/2533/2533
f 2534/2534/2534 2532/2532/2532 2531/2531/2531
f 2535/2535/2535 2536/2536/2536 2537/2537/2537
f 2538/2538/2538 2539/2539/2539 2536/2536/2536
f 2540/2540/2540 2541/2541/2541 2542/2542/2542
f 2542/2542/2542 2543/2543/2543 2539/2539/2539
f 2542/2542/2542 2539/2539/2539 2538/2538/2538
f 2544/2544/2544 2545/2545/2545 2546/2546/2546
f 2547/2547/2547 2545/2545/2545 2544/2544/2544
f 2541/2541/2541 2543/2543/2543 2542/2542/2542
f 2548/2548/2548 2549/2549/2549 2550/2550/2550
f 2539/2539/2539 2551/2551/2551 2536/2536/2536
f 2551/2551/2551 2537/2537/2537 2536/2536/2536
f 2552/2552/2552 2553/2553/2553 2554/2554/2554
f 2555/2555/2555 2556/2556/2556 2557/2557/2557
f 2553/2553/2553 2558/2558/2558 2559/2559/2559
f 2554/2554/2554 2553/2553/2553 2559/2559/2559
f 2556/2556/2556 2555/2555/2555 2560/2560/2560
f 2560/2560/2560 2552/2552/2552 2556/2556/2556
f 2555/2555/2555 2561/2561/2561 2560/2560/2560
f 2552/2552/2552 2560/2560/2560 2562/2562/2562
f 2562/2562/2562 2553/2553/2553 2552/2552/2552
f 2561/2561/2561 2563/2563/2563 2560/2560/2560
f 2561/2561/2561 2555/2555/2555 2564/2564/2564
f 2565/2565/2565 2561/2561/2561 2564/2564/2564
f 2565/2565/2565 2566/2566/2566 2561/2561/2561
f 2553/2553/2553 2562/2562/2562 2558/2558/2558
f 2562/2562/2562 2567/2567/2567 2558/2558/2558
f 2566/2566/2566 2563/2563/2563 2561/2561/2561
f 2566/2566/2566 2568/2568/2568 2563/2563/2563
f 2562/2562/2562 2569/2569/2569 2567/2567/2567
f 2560/2560/2560 2570/2570/2570 2562/2562/2562
f 2560/2560/2560 2571/2571/2571 2570/2570/2570
f 2572/2572/2572 2573/2573/2573 2574/2574/2574
f 2570/2570/2570 2569/2569/2569 2562/2562/2562
f 2563/2563/2563 2568/2568/2568 2575/2575/2575
f 2560/2560/2560 2563/2563/2563 2571/2571/2571
f 2567/2567/2567 2569/2569/2569 2576/2576/2576
f 2576/2576/2576 2574/2574/2574 2567/2567/2567
f 2563/2563/2563 2575/2575/2575 2571/2571/2571
f 2571/2571/2571 2577/2577/2577 2570/2570/2570
f 2577/2577/2577 2578/2578/2578 2570/2570/2570
f 2570/2570/2570 2578/2578/2578 2569/2569/2569
f 2572/2572/2572 2574/2574/2574 2576/2576/2576
f 2575/2575/2575 2577/2577/2577 2571/2571/2571
f 2579/2579/2579 2580/2580/2580 2581/2581/2581
f 2579/2579/2579 2582/2582/2582 2580/2580/2580
f 2583/2583/2583 2584/2584/2584 2585/2585/2585
f 2583/2583/2583 2581/2581/2581 2584/2584/2584
f 2583/2583/2583 2579/2579/2579 2581/2581/2581
f 2586/2586/2586 2582/2582/2582 2579/2579/2579
f 2587/2587/2587 2583/2583/2583 2585/2585/2585
f 2588/2588/2588 2586/2586/2586 2579/2579/2579
f 2583/2583/2583 2589/2589/2589 2588/2588/2588
f 2583/2583/2583 2588/2588/2588 2579/2579/2579
f 2583/2583/2583 2590/2590/2590 2589/2589/2589
f 2590/2590/2590 2591/2591/2591 2589/2589/2589
f 2590/2590/2590 2592/2592/2592 2591/2591/2591
f 2593/2593/2593 2583/2583/2583 2587/2587/2587
f 2594/2594/2594 2595/2595/2595 2596/2596/2596
f 2597/2597/2597 2598/2598/2598 2599/2599/2599
f 2593/2593/2593 2590/2590/2590 2583/2583/2583
f 2600/2600/2600 2594/2594/2594 2601/2601/2601
f 2602/2602/2602 2603/2603/2603 2604/2604/2604
f 2601/2601/2601 2594/2594/2594 2596/2596/2596
f 2592/2592/2592 2605/2605/2605 2595/2595/2595
f 2606/2606/2606 2600/2600/2600 2601/2601/2601
f 2607/2607/2607 2608/2608/2608 2609/2609/2609
f 2608/2608/2608 2599/2599/2599 2598/2598/2598
f 2595/2595/2595 2605/2605/2605 2596/2596/2596
f 2599/2599/2599 2608/2608/2608 2607/2607/2607
f 2610/2610/2610 2593/2593/2593 2587/2587/2587
f 2611/2611/2611 2599/2599/2599 2607/2607/2607
f 2606/2606/2606 2601/2601/2601 2612/2612/2612
f 2613/2613/2613 2614/2614/2614 2603/2603/2603
f 2605/2605/2605 2592/2592/2592 2615/2615/2615
f 2604/2604/2604 2603/2603/2603 2614/2614/2614
f 2607/2607/2607 2609/2609/2609 2616/2616/2616
f 2596/2596/2596 2605/2605/2605 2617/2617/2617
f 2615/2615/2615 2592/2592/2592 2590/2590/2590
f 2607/2607/2607 2616/2616/2616 2618/2618/2618
f 2619/2619/2619 2601/2601/2601 2596/2596/2596
f 2612/2612/2612 2620/2620/2620 2606/2606/2606
f 2617/2617/2617 2605/2605/2605 2615/2615/2615
f 2621/2621/2621 2620/2620/2620 2622/2622/2622
f 2612/2612/2612 2601/2601/2601 2619/2619/2619
f 2604/2604/2604 2618/2618/2618 2616/2616/2616
f 2622/2622/2622 2623/2623/2623 2621/2621/2621
f 2617/2617/2617 2619/2619/2619 2596/2596/2596
f 2624/2624/2624 2620/2620/2620 2612/2612/2612
f 2593/2593/2593 2625/2625/2625 2590/2590/2590
f 2614/2614/2614 2626/2626/2626 2604/2604/2604
f 2627/2627/2627 2611/2611/2611 2607/2607/2607
f 2628/2628/2628 2613/2613/2613 2629/2629/2629
f 2618/2618/2618 2604/2604/2604 2626/2626/2626
f 2630/2630/2630 2620/2620/2620 2624/2624/2624
f 2625/2625/2625 2631/2631/2631 2590/2590/2590
f 2614/2614/2614 2613/2613/2613 2632/2632/2632
f 2633/2633/2633 2612/2612/2612 2619/2619/2619
f 2631/2631/2631 2615/2615/2615 2590/2590/2590
f 2614/2614/2614 2632/2632/2632 2626/2626/2626
f 2633/2633/2633 2619/2619/2619 2617/2617/2617
f 2624/2624/2624 2612/2612/2612 2633/2633/2633
f 2607/2607/2607 2618/2618/2618 2626/2626/2626
f 2629/2629/2629 2634/2634/2634 2628/2628/2628
f 2628/2628/2628 2632/2632/2632 2613/2613/2613
f 2623/2623/2623 2628/2628/2628 2634/2634/2634
f 2617/2617/2617 2615/2615/2615 2635/2635/2635
f 2633/2633/2633 2617/2617/2617 2635/2635/2635
f 2635/2635/2635 2615/2615/2615 2631/2631/2631
f 2620/2620/2620 2630/2630/2630 2622/2622/2622
f 2636/2636/2636 2633/2633/2633 2635/2635/2635
f 2627/2627/2627 2607/2607/2607 2637/2637/2637
f 2637/2637/2637 2607/2607/2607 2626/2626/2626
f 2638/2638/2638 2633/2633/2633 2636/2636/2636
f 2626/2626/2626 2639/2639/2639 2637/2637/2637
f 2624/2624/2624 2633/2633/2633 2640/2640/2640
f 2633/2633/2633 2638/2638/2638 2640/2640/2640
f 2630/2630/2630 2641/2641/2641 2622/2622/2622
f 2641/2641/2641 2642/2642/2642 2622/2622/2622
f 2637/2637/2637 2639/2639/2639 2643/2643/2643
f 2644/2644/2644 2622/2622/2622 2642/2642/2642
f 2645/2645/2645 2624/2624/2624 2640/2640/2640
f 2641/2641/2641 2644/2644/2644 2642/2642/2642
f 2622/2622/2622 2644/2644/2644 2623/2623/2623
f 2628/2628/2628 2646/2646/2646 2632/2632/2632
f 2639/2639/2639 2647/2647/2647 2643/2643/2643
f 2648/2648/2648 2630/2630/2630 2624/2624/2624
f 2641/2641/2641 2630/2630/2630 2648/2648/2648
f 2649/2649/2649 2643/2643/2643 2650/2650/2650
f 2647/2647/2647 2650/2650/2650 2643/2643/2643
f 2651/2651/2651 2624/2624/2624 2645/2645/2645
f 2639/2639/2639 2626/2626/2626 2647/2647/2647
f 2632/2632/2632 2652/2652/2652 2626/2626/2626
f 2653/2653/2653 2651/2651/2651 2645/2645/2645
f 2654/2654/2654 2655/2655/2655 2656/2656/2656
f 2624/2624/2624 2651/2651/2651 2648/2648/2648
f 2654/2654/2654 2656/2656/2656 2649/2649/2649
f 2646/2646/2646 2652/2652/2652 2632/2632/2632
f 2647/2647/2647 2626/2626/2626 2652/2652/2652
f 2623/2623/2623 2657/2657/2657 2628/2628/2628
f 2649/2649/2649 2650/2650/2650 2654/2654/2654
f 2653/2653/2653 2658/2658/2658 2651/2651/2651
f 2648/2648/2648 2651/2651/2651 2659/2659/2659
f 2660/2660/2660 2644/2644/2644 2641/2641/2641
f 2651/2651/2651 2658/2658/2658 2659/2659/2659
f 2659/2659/2659 2641/2641/2641 2648/2648/2648
f 2661/2661/2661 2646/2646/2646 2628/2628/2628
f 2647/2647/2647 2662/2662/2662 2650/2650/2650
f 2663/2663/2663 2647/2647/2647 2652/2652/2652
f 2652/2652/2652 2646/2646/2646 2663/2663/2663
f 2659/2659/2659 2660/2660/2660 2641/2641/2641
f 2663/2663/2663 2662/2662/2662 2647/2647/2647
f 2658/2658/2658 2664/2664/2664 2659/2659/2659
f 2644/2644/2644 2665/2665/2665 2623/2623/2623
f 2660/2660/2660 2666/2666/2666 2644/2644/2644
f 2623/2623/2623 2665/2665/2665 2657/2657/2657
f 2667/2667/2667 2663/2663/2663 2646/2646/2646
f 2659/2659/2659 2668/2668/2668 2660/2660/2660
f 2669/2669/2669 2659/2659/2659 2664/2664/2664
f 2659/2659/2659 2669/2669/2669 2668/2668/2668
f 2657/2657/2657 2670/2670/2670 2628/2628/2628
f 2670/2670/2670 2671/2671/2671 2628/2628/2628
f 2672/2672/2672 2669/2669/2669 2673/2673/2673
f 2661/2661/2661 2628/2628/2628 2671/2671/2671
f 2665/2665/2665 2644/2644/2644 2666/2666/2666
f 2646/2646/2646 2661/2661/2661 2674/2674/2674
f 2675/2675/2675 2666/2666/2666 2660/2660/2660
f 2675/2675/2675 2660/2660/2660 2668/2668/2668
f 2646/2646/2646 2674/2674/2674 2667/2667/2667
f 2669/2669/2669 2672/2672/2672 2676/2676/2676
f 2677/2677/2677 2675/2675/2675 2668/2668/2668
f 2671/2671/2671 2678/2678/2678 2661/2661/2661
f 2669/2669/2669 2677/2677/2677 2668/2668/2668
f 2677/2677/2677 2669/2669/2669 2676/2676/2676
f 2679/2679/2679 2666/2666/2666 2675/2675/2675
f 2674/2674/2674 2680/2680/2680 2667/2667/2667
f 2679/2679/2679 2675/2675/2675 2677/2677/2677
f 2666/2666/2666 2679/2679/2679 2665/2665/2665
f 2670/2670/2670 2681/2681/2681 2671/2671/2671
f 2672/2672/2672 2682/2682/2682 2676/2676/2676
f 2678/2678/2678 2674/2674/2674 2661/2661/2661
f 2657/2657/2657 2683/2683/2683 2670/2670/2670
f 2684/2684/2684 2677/2677/2677 2676/2676/2676
f 2684/2684/2684 2679/2679/2679 2677/2677/2677
f 2681/2681/2681 2678/2678/2678 2671/2671/2671
f 2676/2676/2676 2682/2682/2682 2684/2684/2684
f 2683/2683/2683 2657/2657/2657 2685/2685/2685
f 2683/2683/2683 2681/2681/2681 2670/2670/2670
f 2665/2665/2665 2685/2685/2685 2657/2657/2657
f 2686/2686/2686 2674/2674/2674 2678/2678/2678
f 2674/2674/2674 2687/2687/2687 2680/2680/2680
f 2687/2687/2687 2674/2674/2674 2686/2686/2686
f 2685/2685/2685 2665/2665/2665 2688/2688/2688
f 2681/2681/2681 2689/2689/2689 2678/2678/2678
f 2689/2689/2689 2686/2686/2686 2678/2678/2678
f 2685/2685/2685 2690/2690/2690 2683/2683/2683
f 2691/2691/2691 2692/2692/2692 2693/2693/2693
f 2694/2694/2694 2691/2691/2691 2693/2693/2693
f 2695/2695/2695 2691/2691/2691 2694/2694/2694
f 2696/2696/2696 2679/2679/2679 2684/2684/2684
f 2688/2688/2688 2665/2665/2665 2679/2679/2679
f 2685/2685/2685 2697/2697/2697 2690/2690/2690
f 2698/2698/2698 2693/2693/2693 2692/2692/2692
f 2681/2681/2681 2683/2683/2683 2699/2699/2699
f 2700/2700/2700 2695/2695/2695 2694/2694/2694
f 2701/2701/2701 2702/2702/2702 2703/2703/2703
f 2683/2683/2683 2690/2690/2690 2699/2699/2699
f 2689/2689/2689 2681/2681/2681 2704/2704/2704
f 2705/2705/2705 2706/2706/2706 2707/2707/2707
f 2702/2702/2702 2707/2707/2707 2708/2708/2708
f 2690/2690/2690 2697/2697/2697 2709/2709/2709
f 2710/2710/2710 2694/2694/2694 2693/2693/2693
f 2707/2707/2707 2706/2706/2706 2708/2708/2708
f 2702/2702/2702 2708/2708/2708 2703/2703/2703
f 2681/2681/2681 2699/2699/2699 2704/2704/2704
f 2694/2694/2694 2710/2710/2710 2711/2711/2711
f 2710/2710/2710 2698/2698/2698 2712/2712/2712
f 2679/2679/2679 2713/2713/2713 2688/2688/2688
f 2708/2708/2708 2706/2706/2706 2714/2714/2714
f 2715/2715/2715 2711/2711/2711 2710/2710/2710
f 2716/2716/2716 2711/2711/2711 2717/2717/2717
f 2716/2716/2716 2694/2694/2694 2711/2711/2711
f 2705/2705/2705 2718/2718/2718 2706/2706/2706
f 2708/2708/2708 2719/2719/2719 2703/2703/2703
f 2700/2700/2700 2694/2694/2694 2716/2716/2716
f 2720/2720/2720 2697/2697/2697 2685/2685/2685
f 2715/2715/2715 2716/2716/2716 2717/2717/2717
f 2714/2714/2714 2719/2719/2719 2708/2708/2708
f 2721/2721/2721 2698/2698/2698 2692/2692/2692
f 2722/2722/2722 2700/2700/2700 2716/2716/2716
f 2696/2696/2696 2723/2723/2723 2679/2679/2679
f 2709/2709/2709 2724/2724/2724 2718/2718/2718
f 2715/2715/2715 2710/2710/2710 2712/2712/2712
f 2685/2685/2685 2688/2688/2688 2720/2720/2720
f 2723/2723/2723 2713/2713/2713 2679/2679/2679
f 2697/2697/2697 2724/2724/2724 2709/2709/2709
f 2715/2715/2715 2722/2722/2722 2716/2716/2716
f 2715/2715/2715 2712/2712/2712 2725/2725/2725
f 2721/2721/2721 2692/2692/2692 2703/2703/2703
f 2715/2715/2715 2725/2725/2725 2722/2722/2722
f 2720/2720/2720 2726/2726/2726 2697/2697/2697
f 2697/2697/2697 2726/2726/2726 2724/2724/2724
f 2727/2727/2727 2706/2706/2706 2718/2718/2718
f 2727/2727/2727 2718/2718/2718 2724/2724/2724
f 2703/2703/2703 2719/2719/2719 2728/2728/2728
f 2729/2729/2729 2723/2723/2723 2696/2696/2696
f 2721/2721/2721 2703/2703/2703 2728/2728/2728
f 2730/2730/2730 2719/2719/2719 2714/2714/2714
f 2727/2727/2727 2714/2714/2714 2706/2706/2706
f 2723/2723/2723 2731/2731/2731 2713/2713/2713
f 2728/2728/2728 2719/2719/2719 2730/2730/2730
f 2727/2727/2727 2724/2724/2724 2732/2732/2732
f 2714/2714/2714 2727/2727/2727 2733/2733/2733
f 2712/2712/2712 2734/2734/2734 2725/2725/2725
f 2730/2730/2730 2714/2714/2714 2733/2733/2733
f 2734/2734/2734 2712/2712/2712 2735/2735/2735
f 2731/2731/2731 2723/2723/2723 2729/2729/2729
f 2726/2726/2726 2732/2732/2732 2724/2724/2724
f 2727/2727/2727 2732/2732/2732 2733/2733/2733
f 2688/2688/2688 2726/2726/2726 2720/2720/2720
f 2713/2713/2713 2731/2731/2731 2688/2688/2688
f 2731/2731/2731 2729/2729/2729 2736/2736/2736
f 2737/2737/2737 2732/2732/2732 2726/2726/2726
f 2738/2738/2738 2726/2726/2726 2688/2688/2688
f 2731/2731/2731 2739/2739/2739 2688/2688/2688
f 2726/2726/2726 2738/2738/2738 2737/2737/2737
f 2739/2739/2739 2731/2731/2731 2736/2736/2736
f 2739/2739/2739 2738/2738/2738 2688/2688/2688
f 2740/2740/2740 2741/2741/2741 2742/2742/2742
f 2743/2743/2743 2741/2741/2741 2740/2740/2740
f 2744/2744/2744 2745/2745/2745 2746/2746/2746
f 2747/2747/2747 2744/2744/2744 2746/2746/2746
f 2748/2748/2748 2749/2749/2749 2750/2750/2750
f 2751/2751/2751 2752/2752/2752 2753/2753/2753
f 2754/2754/2754 2751/2751/2751 2755/2755/2755
f 2751/2751/2751 2753/2753/2753 2755/2755/2755
f 2749/2749/2749 2756/2756/2756 2750/2750/2750
f 2757/2757/2757 2758/2758/2758 2759/2759/2759
f 2760/2760/2760 2749/2749/2749 2748/2748/2748
f 2761/2761/2761 2762/2762/2762 2763/2763/2763
f 2754/2754/2754 2763/2763/2763 2751/2751/2751
f 2761/2761/2761 2764/2764/2764 2762/2762/2762
f 2765/2765/2765 2761/2761/2761 2763/2763/2763
f 2754/2754/2754 2765/2765/2765 2763/2763/2763
f 2761/2761/2761 2766/2766/2766 2764/2764/2764
f 2759/2759/2759 2767/2767/2767 2757/2757/2757
f 2768/2768/2768 2769/2769/2769 2770/2770/2770
f 2771/2771/2771 2768/2768/2768 2770/2770/2770
f 2772/2772/2772 2761/2761/2761 2765/2765/2765
f 2773/2773/2773 2772/2772/2772 2774/2774/2774
f 2757/2757/2757 2767/2767/2767 2775/2775/2775
f 2765/2765/2765 2774/2774/2774 2772/2772/2772
f 2776/2776/2776 2774/2774/2774 2765/2765/2765
f 2749/2749/2749 2760/2760/2760 2777/2777/2777
f 2769/2769/2769 2768/2768/2768 2778/2778/2778
f 2754/2754/2754 2776/2776/2776 2765/2765/2765
f 2774/2774/2774 2779/2779/2779 2773/2773/2773
f 2767/2767/2767 2780/2780/2780 2775/2775/2775
f 2754/2754/2754 2781/2781/2781 2776/2776/2776
f 2768/2768/2768 2782/2782/2782 2778/2778/2778
f 2783/2783/2783 2779/2779/2779 2774/2774/2774
f 2784/2784/2784 2785/2785/2785 2779/2779/2779
f 2784/2784/2784 2779/2779/2779 2783/2783/2783
f 2786/2786/2786 2783/2783/2783 2774/2774/2774
f 2776/2776/2776 2786/2786/2786 2774/2774/2774
f 2787/2787/2787 2788/2788/2788 2780/2780/2780
f 2768/2768/2768 2771/2771/2771 2782/2782/2782
f 2789/2789/2789 2790/2790/2790 2791/2791/2791
f 2792/2792/2792 2789/2789/2789 2791/2791/2791
f 2767/2767/2767 2787/2787/2787 2780/2780/2780
f 2793/2793/2793 2794/2794/2794 2795/2795/2795
f 2796/2796/2796 2789/2789/2789 2792/2792/2792
f 2794/2794/2794 2793/2793/2793 2797/2797/2797
f 2796/2796/2796 2778/2778/2778 2798/2798/2798
f 2799/2799/2799 2782/2782/2782 2771/2771/2771
f 2800/2800/2800 2783/2783/2783 2786/2786/2786
f 2796/2796/2796 2798/2798/2798 2789/2789/2789
f 2798/2798/2798 2795/2795/2795 2789/2789/2789
f 2797/2797/2797 2793/2793/2793 2801/2801/2801
f 2798/2798/2798 2778/2778/2778 2802/2802/2802
f 2782/2782/2782 2802/2802/2802 2778/2778/2778
f 2798/2798/2798 2801/2801/2801 2795/2795/2795
f 2793/2793/2793 2795/2795/2795 2801/2801/2801
f 2803/2803/2803 2786/2786/2786 2776/2776/2776
f 2804/2804/2804 2805/2805/2805 2806/2806/2806
f 2799/2799/2799 2807/2807/2807 2782/2782/2782
f 2802/2802/2802 2801/2801/2801 2798/2798/2798
f 2803/2803/2803 2806/2806/2806 2786/2786/2786
f 2802/2802/2802 2782/2782/2782 2807/2807/2807
f 2802/2802/2802 2807/2807/2807 2801/2801/2801
f 2806/2806/2806 2805/2805/2805 2808/2808/2808
f 2809/2809/2809 2807/2807/2807 2799/2799/2799
f 2810/2810/2810 2811/2811/2811 2794/2794/2794
f 2797/2797/2797 2810/2810/2810 2794/2794/2794
f 2808/2808/2808 2800/2800/2800 2786/2786/2786
f 2806/2806/2806 2808/2808/2808 2786/2786/2786
f 2797/2797/2797 2801/2801/2801 2807/2807/2807
f 2807/2807/2807 2809/2809/2809 2797/2797/2797
f 2809/2809/2809 2810/2810/2810 2797/2797/2797
f 2812/2812/2812 2810/2810/2810 2809/2809/2809
f 2811/2811/2811 2813/2813/2813 2814/2814/2814
f 2810/2810/2810 2813/2813/2813 2811/2811/2811
f 2812/2812/2812 2813/2813/2813 2810/2810/2810
f 2809/2809/2809 2815/2815/2815 2812/2812/2812
f 2816/2816/2816 2817/2817/2817 2818/2818/2818
f 2812/2812/2812 2819/2819/2819 2813/2813/2813
f 2820/2820/2820 2817/2817/2817 2816/2816/2816
f 2812/2812/2812 2815/2815/2815 2821/2821/2821
f 2820/2820/2820 2822/2822/2822 2817/2817/2817
f 2813/2813/2813 2823/2823/2823 2814/2814/2814
f 2823/2823/2823 2813/2813/2813 2819/2819/2819
f 2819/2819/2819 2824/2824/2824 2823/2823/2823
f 2821/2821/2821 2819/2819/2819 2812/2812/2812
f 2819/2819/2819 2821/2821/2821 2825/2825/2825
f 2826/2826/2826 2827/2827/2827 2828/2828/2828
f 2829/2829/2829 2814/2814/2814 2830/2830/2830
f 2823/2823/2823 2830/2830/2830 2814/2814/2814
f 2831/2831/2831 2832/2832/2832 2833/2833/2833
f 2834/2834/2834 2830/2830/2830 2823/2823/2823
f 2834/2834/2834 2823/2823/2823 2824/2824/2824
f 2826/2826/2826 2835/2835/2835 2827/2827/2827
f 2827/2827/2827 2835/2835/2835 2836/2836/2836
f 2837/2837/2837 2838/2838/2838 2836/2836/2836
f 2837/2837/2837 2832/2832/2832 2838/2838/2838
f 2833/2833/2833 2839/2839/2839 2840/2840/2840
f 2835/2835/2835 2837/2837/2837 2836/2836/2836
f 2841/2841/2841 2833/2833/2833 2832/2832/2832
f 2837/2837/2837 2841/2841/2841 2832/2832/2832
f 2833/2833/2833 2841/2841/2841 2842/2842/2842
f 2839/2839/2839 2833/2833/2833 2843/2843/2843
f 2843/2843/2843 2844/2844/2844 2839/2839/2839
f 2833/2833/2833 2842/2842/2842 2843/2843/2843
f 2843/2843/2843 2845/2845/2845 2844/2844/2844
f 2843/2843/2843 2842/2842/2842 2846/2846/2846
f 2843/2843/2843 2846/2846/2846 2845/2845/2845
f 2842/2842/2842 2847/2847/2847 2846/2846/2846
f 2846/2846/2846 2848/2848/2848 2845/2845/2845
f 2846/2846/2846 2849/2849/2849 2848/2848/2848
f 2845/2845/2845 2848/2848/2848 2850/2850/2850
f 2845/2845/2845 2850/2850/2850 2851/2851/2851
f 2849/2849/2849 2852/2852/2852 2848/2848/2848
f 2853/2853/2853 2852/2852/2852 2849/2849/2849
f 2852/2852/2852 2854/2854/2854 2848/2848/2848
f 2853/2853/2853 2855/2855/2855 2852/2852/2852
f 2854/2854/2854 2856/2856/2856 2848/2848/2848
f 2850/2850/2850 2857/2857/2857 2851/2851/2851
f 2854/2854/2854 2858/2858/2858 2856/2856/2856
f 2859/2859/2859 2860/2860/2860 2861/2861/2861
f 2862/2862/2862 2863/2863/2863 2857/2857/2857
f 2864/2864/2864 2860/2860/2860 2859/2859/2859
f 2865/2865/2865 2862/2862/2862 2857/2857/2857
f 2856/2856/2856 2866/2866/2866 2867/2867/2867
f 2868/2868/2868 2867/2867/2867 2866/2866/2866
f 2869/2869/2869 2870/2870/2870 2871/2871/2871
f 2872/2872/2872 2873/2873/2873 2874/2874/2874
f 2875/2875/2875 2863/2863/2863 2862/2862/2862
f 2876/2876/2876 2877/2877/2877 2878/2878/2878
f 2879/2879/2879 2880/2880/2880 2881/2881/2881
f 2879/2879/2879 2881/2881/2881 2872/2872/2872
f 2881/2881/2881 2873/2873/2873 2872/2872/2872
f 2880/2880/2880 2882/2882/2882 2873/2873/2873
f 2865/2865/2865 2883/2883/2883 2884/2884/2884
f 2879/2879/2879 2882/2882/2882 2880/2880/2880
f 2850/2850/2850 2865/2865/2865 2857/2857/2857
f 2885/2885/2885 2865/2865/2865 2850/2850/2850
f 2850/2850/2850 2856/2856/2856 2885/2885/2885
f 2885/2885/2885 2856/2856/2856 2867/2867/2867
f 2885/2885/2885 2883/2883/2883 2865/2865/2865
f 2885/2885/2885 2867/2867/2867 2883/2883/2883
f 2832/2832/2832 2831/2831/2831 2838/2838/2838
f 2856/2856/2856 2850/2850/2850 2848/2848/2848
f 2886/2886/2886 2887/2887/2887 2888/2888/2888
f 2886/2886/2886 2889/2889/2889 2890/2890/2890
f 2891/2891/2891 2889/2889/2889 2892/2892/2892
f 2888/2888/2888 2893/2893/2893 2894/2894/2894
f 2888/2888/2888 2894/2894/2894 2895/2895/2895
f 2888/2888/2888 2887/2887/2887 2893/2893/2893
f 2889/2889/2889 2891/2891/2891 2890/2890/2890
f 2895/2895/2895 2894/2894/2894 2896/2896/2896
f 2886/2886/2886 2897/2897/2897 2887/2887/2887
f 2886/2886/2886 2890/2890/2890 2897/2897/2897
f 2898/2898/2898 2899/2899/2899 2897/2897/2897
f 2890/2890/2890 2900/2900/2900 2898/2898/2898
f 2890/2890/2890 2898/2898/2898 2897/2897/2897
f 2899/2899/2899 2901/2901/2901 2902/2902/2902
f 2897/2897/2897 2902/2902/2902 2900/2900/2900
f 2897/2897/2897 2899/2899/2899 2902/2902/2902
f 2898/2898/2898 2900/2900/2900 2902/2902/2902
f 2890/2890/2890 2903/2903/2903 2900/2900/2900
f 2891/2891/2891 2903/2903/2903 2890/2890/2890
f 2904/2904/2904 2905/2905/2905 2906/2906/2906
f 2906/2906/2906 2907/2907/2907 2904/2904/2904
f 2907/2907/2907 2908/2908/2908 2909/2909/2909
f 2907/2907/2907 2910/2910/2910 2908/2908/2908
f 2907/2907/2907 2906/2906/2906 2910/2910/2910
f 2910/2910/2910 2906/2906/2906 2911/2911/2911
f 2906/2906/2906 2912/2912/2912 2911/2911/2911
f 2910/2910/2910 2913/2913/2913 2914/2914/2914
f 2911/2911/2911 2913/2913/2913 2910/2910/2910
f 2913/2913/2913 2915/2915/2915 2914/2914/2914
f 2915/2915/2915 2913/2913/2913 2911/2911/2911
f 2916/2916/2916 2917/2917/2917 2915/2915/2915
f 2911/2911/2911 2912/2912/2912 2918/2918/2918
f 2911/2911/2911 2916/2916/2916 2915/2915/2915
f 2918/2918/2918 2919/2919/2919 2911/2911/2911
f 2920/2920/2920 2921/2921/2921 2922/2922/2922
f 2923/2923/2923 2917/2917/2917 2916/2916/2916
f 2924/2924/2924 2923/2923/2923 2916/2916/2916
f 2924/2924/2924 2925/2925/2925 2923/2923/2923
f 2922/2922/2922 2921/2921/2921 2926/2926/2926
f 2924/2924/2924 2927/2927/2927 2925/2925/2925
f 2928/2928/2928 2922/2922/2922 2926/2926/2926
f 2929/2929/2929 2921/2921/2921 2930/2930/2930
f 2926/2926/2926 2921/2921/2921 2929/2929/2929
f 2931/2931/2931 2932/2932/2932 2933/2933/2933
f 2931/2931/2931 2933/2933/2933 2934/2934/2934
f 2935/2935/2935 2936/2936/2936 2937/2937/2937
f 2938/2938/2938 2935/2935/2935 2937/2937/2937
f 2939/2939/2939 2934/2934/2934 2933/2933/2933
f 2940/2940/2940 2938/2938/2938 2937/2937/2937
f 2933/2933/2933 2932/2932/2932 2941/2941/2941
f 2940/2940/2940 2937/2937/2937 2942/2942/2942
f 2942/2942/2942 2934/2934/2934 2943/2943/2943
f 2943/2943/2943 2940/2940/2940 2942/2942/2942
f 2939/2939/2939 2943/2943/2943 2934/2934/2934
f 2933/2933/2933 2941/2941/2941 2939/2939/2939
f 2943/2943/2943 2944/2944/2944 2940/2940/2940
f 2941/2941/2941 2945/2945/2945 2939/2939/2939
f 2945/2945/2945 2943/2943/2943 2939/2939/2939
f 2943/2943/2943 2945/2945/2945 2944/2944/2944
f 2940/2940/2940 2944/2944/2944 2946/2946/2946
f 2947/2947/2947 2948/2948/2948 2941/2941/2941
f 2948/2948/2948 2945/2945/2945 2941/2941/2941
f 2940/2940/2940 2946/2946/2946 2938/2938/2938
f 2944/2944/2944 2945/2945/2945 2949/2949/2949
f 2945/2945/2945 2950/2950/2950 2949/2949/2949
f 2951/2951/2951 2952/2952/2952 2953/2953/2953
f 2952/2952/2952 2954/2954/2954 2955/2955/2955
f 2956/2956/2956 2957/2957/2957 2954/2954/2954
f 2958/2958/2958 2945/2945/2945 2948/2948/2948
f 2947/2947/2947 2959/2959/2959 2948/2948/2948
f 2944/2944/2944 2949/2949/2949 2946/2946/2946
f 2945/2945/2945 2960/2960/2960 2950/2950/2950
f 2948/2948/2948 2959/2959/2959 2958/2958/2958
f 2961/2961/2961 2951/2951/2951 2953/2953/2953
f 2956/2956/2956 2954/2954/2954 2952/2952/2952
f 2962/2962/2962 2952/2952/2952 2955/2955/2955
f 2958/2958/2958 2960/2960/2960 2945/2945/2945
f 2958/2958/2958 2959/2959/2959 2957/2957/2957
f 2963/2963/2963 2961/2961/2961 2953/2953/2953
f 2964/2964/2964 2961/2961/2961 2963/2963/2963
f 2958/2958/2958 2957/2957/2957 2956/2956/2956
f 2965/2965/2965 2949/2949/2949 2950/2950/2950
f 2965/2965/2965 2950/2950/2950 2966/2966/2966
f 2950/2950/2950 2960/2960/2960 2966/2966/2966
f 2958/2958/2958 2956/2956/2956 2960/2960/2960
f 2953/2953/2953 2952/2952/2952 2962/2962/2962
f 2965/2965/2965 2946/2946/2946 2949/2949/2949
f 2967/2967/2967 2953/2953/2953 2962/2962/2962
f 2963/2963/2963 2953/2953/2953 2967/2967/2967
f 2968/2968/2968 2969/2969/2969 2970/2970/2970
f 2965/2965/2965 2966/2966/2966 2971/2971/2971
f 2962/2962/2962 2972/2972/2972 2973/2973/2973
f 2967/2967/2967 2974/2974/2974 2963/2963/2963
f 2964/2964/2964 2963/2963/2963 2974/2974/2974
f 2967/2967/2967 2962/2962/2962 2973/2973/2973
f 2973/2973/2973 2972/2972/2972 2975/2975/2975
f 2946/2946/2946 2965/2965/2965 2976/2976/2976
f 2977/2977/2977 2965/2965/2965 2971/2971/2971
f 2975/2975/2975 2967/2967/2967 2973/2973/2973
f 2965/2965/2965 2977/2977/2977 2976/2976/2976
f 2978/2978/2978 2966/2966/2966 2960/2960/2960
f 2964/2964/2964 2978/2978/2978 2960/2960/2960
f 2966/2966/2966 2978/2978/2978 2971/2971/2971
f 2964/2964/2964 2974/2974/2974 2979/2979/2979
f 2980/2980/2980 2981/2981/2981 2970/2970/2970
f 2978/2978/2978 2982/2982/2982 2971/2971/2971
f 2964/2964/2964 2979/2979/2979 2978/2978/2978
f 2967/2967/2967 2983/2983/2983 2974/2974/2974
f 2982/2982/2982 2978/2978/2978 2984/2984/2984
f 2985/2985/2985 2968/2968/2968 2970/2970/2970
f 2986/2986/2986 2981/2981/2981 2980/2980/2980
f 2974/2974/2974 2983/2983/2983 2987/2987/2987
f 2979/2979/2979 2984/2984/2984 2978/2978/2978
f 2974/2974/2974 2987/2987/2987 2979/2979/2979
f 2988/2988/2988 2968/2968/2968 2989/2989/2989
f 2989/2989/2989 2990/2990/2990 2988/2988/2988
f 2991/2991/2991 2992/2992/2992 2982/2982/2982
f 2993/2993/2993 2976/2976/2976 2994/2994/2994
f 2979/2979/2979 2987/2987/2987 2995/2995/2995
f 2984/2984/2984 2979/2979/2979 2996/2996/2996
f 2984/2984/2984 2997/2997/2997 2982/2982/2982
f 2985/2985/2985 2970/2970/2970 2981/2981/2981
f 2976/2976/2976 2977/2977/2977 2994/2994/2994
f 2971/2971/2971 2982/2982/2982 2977/2977/2977
f 2968/2968/2968 2998/2998/2998 2989/2989/2989
f 2977/2977/2977 2982/2982/2982 2994/2994/2994
f 2994/2994/2994 2982/2982/2982 2992/2992/2992
f 2991/2991/2991 2999/2999/2999 2992/2992/2992
f 2996/2996/2996 2979/2979/2979 2995/2995/2995
f 3000/3000/3000 2990/2990/2990 2989/2989/2989
f 3001/3001/3001 3002/3002/3002 3000/3000/3000
f 2984/2984/2984 3003/3003/3003 2997/2997/2997
f 3001/3001/3001 3000/3000/3000 2989/2989/2989
f 3004/3004/3004 3005/3005/3005 3006/3006/3006
f 2968/2968/2968 2985/2985/2985 2998/2998/2998
f 3007/3007/3007 3003/3003/3003 2996/2996/2996
f 3008/3008/3008 3009/3009/3009 3010/3010/3010
f 3011/3011/3011 3008/3008/3008 3010/3010/3010
f 2995/2995/2995 3007/3007/3007 2996/2996/2996
f 3007/3007/3007 2995/2995/2995 3012/3012/3012
f 3003/3003/3003 2984/2984/2984 2996/2996/2996
f 3006/3006/3006 2986/2986/2986 3004/3004/3004
f 3013/3013/3013 2985/2985/2985 2981/2981/2981
f 2985/2985/2985 3013/3013/3013 2998/2998/2998
f 2998/2998/2998 3013/3013/3013 3014/3014/3014
f 2989/2989/2989 2998/2998/2998 3014/3014/3014
f 3010/3010/3010 3001/3001/3001 3011/3011/3011
f 2987/2987/2987 3012/3012/3012 2995/2995/2995
f 2989/2989/2989 3015/3015/3015 3001/3001/3001
f 3015/3015/3015 3011/3011/3011 3001/3001/3001
f 3006/3006/3006 2981/2981/2981 2986/2986/2986
f 2989/2989/2989 3014/3014/3014 3016/3016/3016
f 3017/3017/3017 3014/3014/3014 3013/3013/3013
f 2989/2989/2989 3016/3016/3016 3015/3015/3015
f 3016/3016/3016 3018/3018/3018 3015/3015/3015
f 3017/3017/3017 3016/3016/3016 3014/3014/3014
f 3016/3016/3016 3019/3019/3019 3018/3018/3018
f 3016/3016/3016 3017/3017/3017 3019/3019/3019
f 3006/3006/3006 3005/3005/3005 3020/3020/3020
f 3021/3021/3021 3017/3017/3017 3013/3013/3013
f 3021/3021/3021 3019/3019/3019 3017/3017/3017
f 2981/2981/2981 3022/3022/3022 3013/3013/3013
f 2981/2981/2981 3006/3006/3006 3022/3022/3022
f 3023/3023/3023 3024/3024/3024 3025/3025/3025
f 3020/3020/3020 3026/3026/3026 3006/3006/3006
f 3005/3005/3005 3023/3023/3023 3027/3027/3027
f 3021/3021/3021 3013/3013/3013 3022/3022/3022
f 3005/3005/3005 3027/3027/3027 3020/3020/3020
f 3028/3028/3028 3021/3021/3021 3022/3022/3022
f 3025/3025/3025 3027/3027/3027 3023/3023/3023
f 3028/3028/3028 3022/3022/3022 3029/3029/3029
f 3030/3030/3030 3022/3022/3022 3006/3006/3006
f 3027/3027/3027 3031/3031/3031 3020/3020/3020
f 3030/3030/3030 3029/3029/3029 3022/3022/3022
f 3030/3030/3030 3006/3006/3006 3026/3026/3026
f 3030/3030/3030 3032/3032/3032 3029/3029/3029
f 3033/3033/3033 3020/3020/3020 3031/3031/3031
f 3027/3027/3027 3025/3025/3025 3034/3034/3034
f 3026/3026/3026 3020/3020/3020 3035/3035/3035
f 3026/3026/3026 3036/3036/3036 3030/3030/3030
f 3034/3034/3034 3025/3025/3025 3037/3037/3037
f 3034/3034/3034 3031/3031/3031 3027/3027/3027
f 3020/3020/3020 3033/3033/3033 3035/3035/3035
f 3034/3034/3034 3033/3033/3033 3031/3031/3031
f 3026/3026/3026 3035/3035/3035 3038/3038/3038
f 3038/3038/3038 3036/3036/3036 3026/3026/3026
f 3036/3036/3036 3038/3038/3038 3039/3039/3039
f 3037/3037/3037 3040/3040/3040 3034/3034/3034
f 3034/3034/3034 3041/3041/3041 3033/3033/3033
f 3035/3035/3035 3042/3042/3042 3038/3038/3038
f 3041/3041/3041 3035/3035/3035 3033/3033/3033
f 3041/3041/3041 3042/3042/3042 3035/3035/3035
f 3040/3040/3040 3041/3041/3041 3034/3034/3034
f 3040/3040/3040 3037/3037/3037 3043/3043/3043
f 3038/3038/3038 3044/3044/3044 3039/3039/3039
f 3039/3039/3039 3044/3044/3044 3045/3045/3045
f 3040/3040/3040 3046/3046/3046 3041/3041/3041
f 3042/3042/3042 3047/3047/3047 3038/3038/3038
f 3048/3048/3048 3042/3042/3042 3041/3041/3041
f 3040/3040/3040 3043/3043/3043 3049/3049/3049
f 3050/3050/3050 3049/3049/3049 3043/3043/3043
f 3041/3041/3041 3046/3046/3046 3048/3048/3048
f 3051/3051/3051 3045/3045/3045 3044/3044/3044
f 3040/3040/3040 3049/3049/3049 3046/3046/3046
f 3052/3052/3052 3048/3048/3048 3046/3046/3046
f 3046/3046/3046 3049/3049/3049 3052/3052/3052
f 3050/3050/3050 3053/3053/3053 3049/3049/3049
f 3042/3042/3042 3048/3048/3048 3054/3054/3054
f 3042/3042/3042 3055/3055/3055 3047/3047/3047
f 3048/3048/3048 3052/3052/3052 3054/3054/3054
f 3049/3049/3049 3053/3053/3053 3052/3052/3052
f 3042/3042/3042 3054/3054/3054 3055/3055/3055
f 3055/3055/3055 3056/3056/3056 3047/3047/3047
f 3047/3047/3047 3056/3056/3056 3057/3057/3057
f 3054/3054/3054 3052/3052/3052 3058/3058/3058
f 3053/3053/3053 3058/3058/3058 3052/3052/3052
f 3054/3054/3054 3058/3058/3058 3059/3059/3059
f 3055/3055/3055 3054/3054/3054 3059/3059/3059
f 3056/3056/3056 3055/3055/3055 3059/3059/3059
f 3060/3060/3060 3051/3051/3051 3057/3057/3057
f 3058/3058/3058 3061/3061/3061 3059/3059/3059
f 3059/3059/3059 3057/3057/3057 3056/3056/3056
f 3062/3062/3062 3060/3060/3060 3057/3057/3057
f 3059/3059/3059 3063/3063/3063 3057/3057/3057
f 3061/3061/3061 3063/3063/3063 3059/3059/3059
f 3063/3063/3063 3062/3062/3062 3057/3057/3057
f 3063/3063/3063 3064/3064/3064 3062/3062/3062
f 3065/3065/3065 3061/3061/3061 3066/3066/3066
f 3065/3065/3065 3063/3063/3063 3061/3061/3061
f 3063/3063/3063 3065/3065/3065 3064/3064/3064
f 2960/2960/2960 2961/2961/2961 2964/2964/2964
f 3067/3067/3067 3068/3068/3068 3069/3069/3069
f 3070/3070/3070 3071/3071/3071 3072/3072/3072
f 3073/3073/3073 3074/3074/3074 3075/3075/3075
f 3070/3070/3070 3076/3076/3076 3077/3077/3077
f 3077/3077/3077 3076/3076/3076 3078/3078/3078
f 3077/3077/3077 3071/3071/3071 3070/3070/3070
f 3076/3076/3076 3079/3079/3079 3078/3078/3078
f 3075/3075/3075 3080/3080/3080 3073/3073/3073
f 3079/3079/3079 3081/3081/3081 3082/3082/3082
f 3078/3078/3078 3079/3079/3079 3082/3082/3082
f 3078/3078/3078 3082/3082/3082 3083/3083/3083
f 3078/3078/3078 3083/3083/3083 3077/3077/3077
f 3081/3081/3081 3084/3084/3084 3082/3082/3082
f 3085/3085/3085 3086/3086/3086 3080/3080/3080
f 3087/3087/3087 3086/3086/3086 3085/3085/3085
f 3088/3088/3088 3089/3089/3089 3090/3090/3090
f 3091/3091/3091 3092/3092/3092 3093/3093/3093
f 3071/3071/3071 3094/3094/3094 3095/3095/3095
f 3082/3082/3082 3084/3084/3084 3083/3083/3083
f 3077/3077/3077 3096/3096/3096 3071/3071/3071
f 3088/3088/3088 3090/3090/3090 3097/3097/3097
f 3098/3098/3098 3080/3080/3080 3075/3075/3075
f 3085/3085/3085 3099/3099/3099 3087/3087/3087
f 3083/3083/3083 3084/3084/3084 3100/3100/3100
f 3101/3101/3101 3102/3102/3102 3103/3103/3103
f 3104/3104/3104 3080/3080/3080 3098/3098/3098
f 3103/3103/3103 3102/3102/3102 3105/3105/3105
f 3106/3106/3106 3101/3101/3101 3099/3099/3099
f 3100/3100/3100 3107/3107/3107 3108/3108/3108
f 3100/3100/3100 3108/3108/3108 3083/3083/3083
f 3077/3077/3077 3083/3083/3083 3109/3109/3109
f 3101/3101/3101 3106/3106/3106 3102/3102/3102
f 3077/3077/3077 3109/3109/3109 3096/3096/3096
f 3085/3085/3085 3080/3080/3080 3104/3104/3104
f 3108/3108/3108 3107/3107/3107 3110/3110/3110
f 3108/3108/3108 3109/3109/3109 3083/3083/3083
f 3075/3075/3075 3111/3111/3111 3112/3112/3112
f 3075/3075/3075 3112/3112/3112 3098/3098/3098
f 3108/3108/3108 3110/3110/3110 3113/3113/3113
f 3114/3114/3114 3115/3115/3115 3097/3097/3097
f 3085/3085/3085 3104/3104/3104 3116/3116/3116
f 3110/3110/3110 3107/3107/3107 3117/3117/3117
f 3071/3071/3071 3096/3096/3096 3094/3094/3094
f 3113/3113/3113 3110/3110/3110 3117/3117/3117
f 3104/3104/3104 3098/3098/3098 3112/3112/3112
f 3099/3099/3099 3085/3085/3085 3116/3116/3116
f 3118/3118/3118 3113/3113/3113 3117/3117/3117
f 3088/3088/3088 3097/3097/3097 3111/3111/3111
f 3096/3096/3096 3109/3109/3109 3119/3119/3119
f 3120/3120/3120 3094/3094/3094 3096/3096/3096
f 3096/3096/3096 3121/3121/3121 3120/3120/3120
f 3122/3122/3122 3093/3093/3093 3123/3123/3123
f 3093/3093/3093 3122/3122/3122 3091/3091/3091
f 3096/3096/3096 3119/3119/3119 3121/3121/3121
f 3124/3124/3124 3112/3112/3112 3111/3111/3111
f 3125/3125/3125 3126/3126/3126 3127/3127/3127
f 3128/3128/3128 3091/3091/3091 3122/3122/3122
f 3129/3129/3129 3130/3130/3130 3131/3131/3131
f 3106/3106/3106 3099/3099/3099 3116/3116/3116
f 3132/3132/3132 3125/3125/3125 3127/3127/3127
f 3112/3112/3112 3133/3133/3133 3104/3104/3104
f 3134/3134/3134 3135/3135/3135 3123/3123/3123
f 3135/3135/3135 3122/3122/3122 3123/3123/3123
f 3111/3111/3111 3097/3097/3097 3115/3115/3115
f 3136/3136/3136 3137/3137/3137 3138/3138/3138
f 3139/3139/3139 3136/3136/3136 3138/3138/3138
f 3131/3131/3131 3137/3137/3137 3136/3136/3136
f 3140/3140/3140 3126/3126/3126 3125/3125/3125
f 3128/3128/3128 3122/3122/3122 3141/3141/3141
f 3136/3136/3136 3139/3139/3139 3126/3126/3126
f 3124/3124/3124 3133/3133/3133 3112/3112/3112
f 3135/3135/3135 3141/3141/3141 3122/3122/3122
f 3142/3142/3142 3111/3111/3111 3115/3115/3115
f 3140/3140/3140 3136/3136/3136 3126/3126/3126
f 3143/3143/3143 3125/3125/3125 3132/3132/3132
f 3144/3144/3144 3145/3145/3145 3146/3146/3146
f 3129/3129/3129 3145/3145/3145 3144/3144/3144
f 3134/3134/3134 3147/3147/3147 3148/3148/3148
f 3149/3149/3149 3131/3131/3131 3136/3136/3136
f 3129/3129/3129 3131/3131/3131 3149/3149/3149
f 3135/3135/3135 3134/3134/3134 3148/3148/3148
f 3150/3150/3150 3128/3128/3128 3141/3141/3141
f 3149/3149/3149 3145/3145/3145 3129/3129/3129
f 3149/3149/3149 3136/3136/3136 3140/3140/3140
f 3140/3140/3140 3125/3125/3125 3151/3151/3151
f 3143/3143/3143 3151/3151/3151 3125/3125/3125
f 3145/3145/3145 3152/3152/3152 3146/3146/3146
f 3153/3153/3153 3141/3141/3141 3135/3135/3135
f 3149/3149/3149 3140/3140/3140 3151/3151/3151
f 3135/3135/3135 3148/3148/3148 3153/3153/3153
f 3142/3142/3142 3115/3115/3115 3154/3154/3154
f 3149/3149/3149 3152/3152/3152 3145/3145/3145
f 3149/3149/3149 3155/3155/3155 3152/3152/3152
f 3151/3151/3151 3155/3155/3155 3149/3149/3149
f 3156/3156/3156 3155/3155/3155 3143/3143/3143
f 3155/3155/3155 3151/3151/3151 3143/3143/3143
f 3111/3111/3111 3142/3142/3142 3157/3157/3157
f 3124/3124/3124 3111/3111/3111 3158/3158/3158
f 3156/3156/3156 3143/3143/3143 3159/3159/3159
f 3132/3132/3132 3160/3160/3160 3143/3143/3143
f 3159/3159/3159 3143/3143/3143 3161/3161/3161
f 3158/3158/3158 3111/3111/3111 3157/3157/3157
f 3133/3133/3133 3124/3124/3124 3162/3162/3162
f 3161/3161/3161 3163/3163/3163 3159/3159/3159
f 3154/3154/3154 3157/3157/3157 3142/3142/3142
f 3143/3143/3143 3160/3160/3160 3161/3161/3161
f 3158/3158/3158 3157/3157/3157 3164/3164/3164
f 3165/3165/3165 3166/3166/3166 3160/3160/3160
f 3161/3161/3161 3160/3160/3160 3167/3167/3167
f 3168/3168/3168 3169/3169/3169 3170/3170/3170
f 3171/3171/3171 3158/3158/3158 3164/3164/3164
f 3161/3161/3161 3169/3169/3169 3168/3168/3168
f 3168/3168/3168 3163/3163/3163 3161/3161/3161
f 3168/3168/3168 3170/3170/3170 3163/3163/3163
f 3160/3160/3160 3166/3166/3166 3167/3167/3167
f 3154/3154/3154 3172/3172/3172 3157/3157/3157
f 3171/3171/3171 3164/3164/3164 3173/3173/3173
f 3172/3172/3172 3154/3154/3154 3174/3174/3174
f 3167/3167/3167 3166/3166/3166 3175/3175/3175
f 3164/3164/3164 3157/3157/3157 3172/3172/3172
f 3176/3176/3176 3171/3171/3171 3173/3173/3173
f 3176/3176/3176 3173/3173/3173 3177/3177/3177
f 3171/3171/3171 3176/3176/3176 3178/3178/3178
f 3176/3176/3176 3179/3179/3179 3180/3180/3180
f 3177/3177/3177 3179/3179/3179 3176/3176/3176
f 3164/3164/3164 3172/3172/3172 3181/3181/3181
f 3182/3182/3182 3181/3181/3181 3183/3183/3183
f 3184/3184/3184 3185/3185/3185 3186/3186/3186
f 3179/3179/3179 3181/3181/3181 3182/3182/3182
f 3187/3187/3187 3179/3179/3179 3182/3182/3182
f 3180/3180/3180 3179/3179/3179 3187/3187/3187
f 3172/3172/3172 3174/3174/3174 3188/3188/3188
f 3183/3183/3183 3181/3181/3181 3172/3172/3172
f 3189/3189/3189 3184/3184/3184 3186/3186/3186
f 3182/3182/3182 3190/3190/3190 3187/3187/3187
f 3183/3183/3183 3172/3172/3172 3191/3191/3191
f 3187/3187/3187 3183/3183/3183 3191/3191/3191
f 3192/3192/3192 3172/3172/3172 3188/3188/3188
f 3193/3193/3193 3194/3194/3194 3195/3195/3195
f 3196/3196/3196 3194/3194/3194 3193/3193/3193
f 3172/3172/3172 3192/3192/3192 3191/3191/3191
f 3196/3196/3196 3193/3193/3193 3197/3197/3197
f 3198/3198/3198 3195/3195/3195 3199/3199/3199
f 3200/3200/3200 3196/3196/3196 3197/3197/3197
f 3197/3197/3197 3193/3193/3193 3198/3198/3198
f 3198/3198/3198 3193/3193/3193 3195/3195/3195
f 3201/3201/3201 3200/3200/3200 3197/3197/3197
f 3197/3197/3197 3198/3198/3198 3202/3202/3202
f 3203/3203/3203 3197/3197/3197 3202/3202/3202
f 3197/3197/3197 3203/3203/3203 3204/3204/3204
f 3197/3197/3197 3204/3204/3204 3201/3201/3201
f 3201/3201/3201 3205/3205/3205 3200/3200/3200
f 3204/3204/3204 3206/3206/3206 3201/3201/3201
f 3207/3207/3207 3208/3208/3208 3209/3209/3209
f 3206/3206/3206 3210/3210/3210 3201/3201/3201
f 3206/3206/3206 3211/3211/3211 3210/3210/3210
f 3212/3212/3212 3211/3211/3211 3206/3206/3206
f 3213/3213/3213 3214/3214/3214 3215/3215/3215
f 3214/3214/3214 3216/3216/3216 3215/3215/3215
f 3217/3217/3217 3211/3211/3211 3212/3212/3212
f 3218/3218/3218 3217/3217/3217 3212/3212/3212
f 3211/3211/3211 3219/3219/3219 3210/3210/3210
f 3210/3210/3210 3219/3219/3219 3220/3220/3220
f 3201/3201/3201 3210/3210/3210 3221/3221/3221
f 3222/3222/3222 3223/3223/3223 3224/3224/3224
f 3225/3225/3225 3223/3223/3223 3222/3222/3222
f 3226/3226/3226 3227/3227/3227 3228/3228/3228
f 3229/3229/3229 3226/3226/3226 3228/3228/3228
f 3230/3230/3230 3231/3231/3231 3232/3232/3232
f 3230/3230/3230 3233/3233/3233 3231/3231/3231
f 3234/3234/3234 3235/3235/3235 3236/3236/3236
f 3237/3237/3237 3238/3238/3238 3239/3239/3239
f 3238/3238/3238 3240/3240/3240 3239/3239/3239
f 3241/3241/3241 3242/3242/3242 3243/3243/3243
f 3241/3241/3241 3243/3243/3243 3244/3244/3244
f 3245/3245/3245 3246/3246/3246 3247/3247/3247
f 3248/3248/3248 3249/3249/3249 3250/3250/3250
f 3248/3248/3248 3250/3250/3250 3251/3251/3251
f 3252/3252/3252 3253/3253/3253 3254/3254/3254
f 3254/3254/3254 3255/3255/3255 3252/3252/3252
f 3254/3254/3254 3256/3256/3256 3255/3255/3255
f 3255/3255/3255 3256/3256/3256 3257/3257/3257
f 3252/3252/3252 3258/3258/3258 3253/3253/3253
f 3252/3252/3252 3255/3255/3255 3258/3258/3258
f 3258/3258/3258 3255/3255/3255 3259/3259/3259
f 3260/3260/3260 3261/3261/3261 3262/3262/3262
f 3263/3263/3263 3260/3260/3260 3262/3262/3262
f 3260/3260/3260 3263/3263/3263 3264/3264/3264
f 3265/3265/3265 3263/3263/3263 3262/3262/3262
f 3266/3266/3266 3264/3264/3264 3263/3263/3263
f 3266/3266/3266 3263/3263/3263 3265/3265/3265
f 3265/3265/3265 3267/3267/3267 3266/3266/3266
f 3268/3268/3268 3266/3266/3266 3267/3267/3267
f 3269/3269/3269 3270/3270/3270 3271/3271/3271
f 3272/3272/3272 3273/3273/3273 3274/3274/3274
f 3272/3272/3272 3274/3274/3274 3275/3275/3275
f 3273/3273/3273 3276/3276/3276 3274/3274/3274
f 3265/3265/3265 3277/3277/3277 3267/3267/3267
f 3278/3278/3278 3279/3279/3279 3280/3280/3280
f 3281/3281/3281 3282/3282/3282 3283/3283/3283
f 3284/3284/3284 3285/3285/3285 3286/3286/3286
f 3267/3267/3267 3287/3287/3287 3268/3268/3268
f 3271/3271/3271 3288/3288/3288 3269/3269/3269
f 3285/3285/3285 3273/3273/3273 3289/3289/3289
f 3267/3267/3267 3284/3284/3284 3287/3287/3287
f 3286/3286/3286 3287/3287/3287 3284/3284/3284
f 3290/3290/3290 3288/3288/3288 3271/3271/3271
f 3270/3270/3270 3269/3269/3269 3291/3291/3291
f 3278/3278/3278 3282/3282/3282 3281/3281/3281
f 3292/3292/3292 3268/3268/3268 3293/3293/3293
f 3286/3286/3286 3285/3285/3285 3289/3289/3289
f 3268/3268/3268 3287/3287/3287 3293/3293/3293
f 3294/3294/3294 3295/3295/3295 3296/3296/3296
f 3278/3278/3278 3281/3281/3281 3279/3279/3279
f 3287/3287/3287 3286/3286/3286 3293/3293/3293
f 3297/3297/3297 3286/3286/3286 3289/3289/3289
f 3289/3289/3289 3273/3273/3273 3298/3298/3298
f 3293/3293/3293 3299/3299/3299 3292/3292/3292
f 3293/3293/3293 3286/3286/3286 3297/3297/3297
f 3300/3300/3300 3273/3273/3273 3272/3272/3272
f 3300/3300/3300 3298/3298/3298 3273/3273/3273
f 3300/3300/3300 3272/3272/3272 3275/3275/3275
f 3298/3298/3298 3297/3297/3297 3289/3289/3289
f 3301/3301/3301 3292/3292/3292 3299/3299/3299
f 3293/3293/3293 3297/3297/3297 3299/3299/3299
f 3302/3302/3302 3303/3303/3303 3304/3304/3304
f 3302/3302/3302 3304/3304/3304 3305/3305/3305
f 3302/3302/3302 3305/3305/3305 3306/3306/3306
f 3307/3307/3307 3308/3308/3308 3309/3309/3309
f 3310/3310/3310 3311/3311/3311 3303/3303/3303
f 3302/3302/3302 3310/3310/3310 3303/3303/3303
f 3312/3312/3312 3307/3307/3307 3313/3313/3313
f 3314/3314/3314 3310/3310/3310 3302/3302/3302
f 3315/3315/3315 3302/3302/3302 3306/3306/3306
f 3314/3314/3314 3302/3302/3302 3315/3315/3315
f 3316/3316/3316 3312/3312/3312 3313/3313/3313
f 3312/3312/3312 3308/3308/3308 3307/3307/3307
f 3314/3314/3314 3317/3317/3317 3310/3310/3310
f 3317/3317/3317 3314/3314/3314 3315/3315/3315
f 3318/3318/3318 3319/3319/3319 3320/3320/3320
f 3319/3319/3319 3318/3318/3318 3321/3321/3321
f 3322/3322/3322 3321/3321/3321 3318/3318/3318
f 3322/3322/3322 3323/3323/3323 3321/3321/3321
f 3323/3323/3323 3324/3324/3324 3321/3321/3321
f 3325/3325/3325 3326/3326/3326 3327/3327/3327
f 3328/3328/3328 3326/3326/3326 3329/3329/3329
f 3330/3330/3330 3326/3326/3326 3328/3328/3328
f 3327/3327/3327 3326/3326/3326 3330/3330/3330
f 3327/3327/3327 3328/3328/3328 3329/3329/3329
f 3326/3326/3326 3325/3325/3325 3331/3331/3331
f 3332/3332/3332 3327/3327/3327 3330/3330/3330
f 3333/3333/3333 3327/3327/3327 3329/3329/3329
f 3328/3328/3328 3327/3327/3327 3332/3332/3332
f 3325/3325/3325 3334/3334/3334 3331/3331/3331
f 3334/3334/3334 3335/3335/3335 3331/3331/3331
f 3336/3336/3336 3337/3337/3337 3335/3335/3335
f 3331/3331/3331 3335/3335/3335 3337/3337/3337
f 3338/3338/3338 3339/3339/3339 3340/3340/3340
f 3341/3341/3341 3340/3340/3340 3339/3339/3339
f 3342/3342/3342 3338/3338/3338 3340/3340/3340
f 3343/3343/3343 3338/3338/3338 3342/3342/3342
f 3344/3344/3344 3345/3345/3345 3343/3343/3343
f 3344/3344/3344 3343/3343/3343 3342/3342/3342
f 3346/3346/3346 3347/3347/3347 3348/3348/3348
f 3349/3349/3349 3348/3348/3348 3347/3347/3347
f 3350/3350/3350 3351/3351/3351 3352/3352/3352
f 3350/3350/3350 3352/3352/3352 3353/3353/3353
f 3354/3354/3354 3355/3355/3355 3356/3356/3356
f 3356/3356/3356 3357/3357/3357 3354/3354/3354
f 3357/3357/3357 3358/3358/3358 3354/3354/3354
f 3359/3359/3359 3360/3360/3360 3361/3361/3361
f 3362/3362/3362 3361/3361/3361 3360/3360/3360
f 3363/3363/3363 3364/3364/3364 3365/3365/3365
f 3366/3366/3366 3367/3367/3367 3368/3368/3368
f 3369/3369/3369 3365/3365/3365 3366/3366/3366
f 3369/3369/3369 3366/3366/3366 3368/3368/3368
f 3366/3366/3366 3365/3365/3365 3364/3364/3364
f 3364/3364/3364 3367/3367/3367 3366/3366/3366
f 3370/3370/3370 3367/3367/3367 3364/3364/3364
f 3371/3371/3371 3372/3372/3372 3363/3363/3363
f 3365/3365/3365 3371/3371/3371 3363/3363/3363
f 3365/3365/3365 3369/3369/3369 3371/3371/3371
f 3371/3371/3371 3369/3369/3369 3373/3373/3373
f 3372/3372/3372 3371/3371/3371 3373/3373/3373
f 3374/3374/3374 3372/3372/3372 3373/3373/3373
f 3375/3375/3375 3376/3376/3376 3377/3377/3377
f 3378/3378/3378 3374/3374/3374 3379/3379/3379
f 3377/3377/3377 3376/3376/3376 3380/3380/3380
f 3378/3378/3378 3372/3372/3372 3374/3374/3374
f 3378/3378/3378 3379/3379/3379 3375/3375/3375
f 3378/3378/3378 3375/3375/3375 3377/3377/3377
f 3381/3381/3381 3372/3372/3372 3378/3378/3378
f 3381/3381/3381 3378/3378/3378 3377/3377/3377
f 3382/3382/3382 3383/3383/3383 3384/3384/3384
f 3385/3385/3385 3386/3386/3386 3387/3387/3387
f 3388/3388/3388 3385/3385/3385 3387/3387/3387
f 3389/3389/3389 3390/3390/3390 3391/3391/3391
f 3392/3392/3392 3393/3393/3393 3391/3391/3391
f 3392/3392/3392 3391/3391/3391 3394/3394/3394
f 3392/3392/3392 3395/3395/3395 3393/3393/3393
f 3394/3394/3394 3391/3391/3391 3390/3390/3390
f 3390/3390/3390 3389/3389/3389 3396/3396/3396
f 3397/3397/3397 3398/3398/3398 3392/3392/3392
f 3398/3398/3398 3395/3395/3395 3392/3392/3392
f 3395/3395/3395 3398/3398/3398 3399/3399/3399
f 3400/3400/3400 3395/3395/3395 3399/3399/3399
f 3401/3401/3401 3390/3390/3390 3396/3396/3396
f 3394/3394/3394 3402/3402/3402 3392/3392/3392
f 3403/3403/3403 3404/3404/3404 3405/3405/3405
f 3401/3401/3401 3394/3394/3394 3390/3390/3390
f 3406/3406/3406 3403/3403/3403 3405/3405/3405
f 3407/3407/3407 3397/3397/3397 3408/3408/3408
f 3409/3409/3409 3398/3398/3398 3397/3397/3397
f 3407/3407/3407 3409/3409/3409 3397/3397/3397
f 3399/3399/3399 3410/3410/3410 3400/3400/3400
f 3399/3399/3399 3398/3398/3398 3411/3411/3411
f 3412/3412/3412 3409/3409/3409 3407/3407/3407
f 3412/3412/3412 3413/3413/3413 3414/3414/3414
f 3399/3399/3399 3411/3411/3411 3415/3415/3415
f 3415/3415/3415 3410/3410/3410 3399/3399/3399
f 3416/3416/3416 3417/3417/3417 3411/3411/3411
f 3418/3418/3418 3416/3416/3416 3411/3411/3411
f 3418/3418/3418 3411/3411/3411 3414/3414/3414
f 3419/3419/3419 3420/3420/3420 3421/3421/3421
f 3420/3420/3420 3419/3419/3419 3422/3422/3422
f 3423/3423/3423 3417/3417/3417 3416/3416/3416
f 3418/3418/3418 3423/3423/3423 3424/3424/3424
f 3423/3423/3423 3418/3418/3418 3414/3414/3414
f 3413/3413/3413 3423/3423/3423 3414/3414/3414
f 3417/3417/3417 3415/3415/3415 3411/3411/3411
f 3413/3413/3413 3417/3417/3417 3423/3423/3423
f 3425/3425/3425 3426/3426/3426 3427/3427/3427
f 3427/3427/3427 3428/3428/3428 3429/3429/3429
f 3429/3429/3429 3425/3425/3425 3427/3427/3427
f 3426/3426/3426 3430/3430/3430 3427/3427/3427
f 3431/3431/3431 3432/3432/3432 3433/3433/3433
f 3434/3434/3434 3431/3431/3431 3433/3433/3433
f 3434/3434/3434 3435/3435/3435 3431/3431/3431
f 3436/3436/3436 3437/3437/3437 3434/3434/3434
f 3433/3433/3433 3436/3436/3436 3434/3434/3434
f 3438/3438/3438 3439/3439/3439 3440/3440/3440
f 3441/3441/3441 3438/3438/3438 3440/3440/3440
f 3438/3438/3438 3442/3442/3442 3439/3439/3439
f 3443/3443/3443 3444/3444/3444 3445/3445/3445
f 3443/3443/3443 3445/3445/3445 3446/3446/3446
f 3444/3444/3444 3447/3447/3447 3448/3448/3448
f 3445/3445/3445 3444/3444/3444 3448/3448/3448
f 3443/3443/3443 3446/3446/3446 3449/3449/3449
f 3450/3450/3450 3443/3443/3443 3449/3449/3449
f 3449/3449/3449 3451/3451/3451 3445/3445/3445
f 3449/3449/3449 3446/3446/3446 3451/3451/3451
f 3445/3445/3445 3452/3452/3452 3449/3449/3449
f 3449/3449/3449 3453/3453/3453 3450/3450/3450
f 3452/3452/3452 3448/3448/3448 3454/3454/3454
f 3445/3445/3445 3448/3448/3448 3452/3452/3452
f 3452/3452/3452 3455/3455/3455 3449/3449/3449
f 3456/3456/3456 3457/3457/3457 3458/3458/3458
f 3448/3448/3448 3447/3447/3447 3454/3454/3454
f 3447/3447/3447 3459/3459/3459 3454/3454/3454
f 3460/3460/3460 3461/3461/3461 3462/3462/3462
f 3463/3463/3463 3462/3462/3462 3461/3461/3461
f 3464/3464/3464 3460/3460/3460 3462/3462/3462
f 3465/3465/3465 3462/3462/3462 3463/3463/3463
f 3465/3465/3465 3464/3464/3464 3462/3462/3462
f 3466/3466/3466 3465/3465/3465 3463/3463/3463
f 3461/3461/3461 3467/3467/3467 3463/3463/3463
f 3467/3467/3467 3466/3466/3466 3463/3463/3463
f 3468/3468/3468 3467/3467/3467 3461/3461/3461
f 3469/3469/3469 3470/3470/3470 3471/3471/3471
f 3470/3470/3470 3469/3469/3469 3472/3472/3472
f 3471/3471/3471 3470/3470/3470 3473/3473/3473
f 3473/3473/3473 3470/3470/3470 3474/3474/3474
f 3465/3465/3465 3475/3475/3475 3476/3476/3476
f 3477/3477/3477 3476/3476/3476 3475/3475/3475
f 3478/3478/3478 3476/3476/3476 3477/3477/3477
f 3479/3479/3479 3474/3474/3474 3470/3470/3470
f 3476/3476/3476 3480/3480/3480 3465/3465/3465
f 3465/3465/3465 3480/3480/3480 3464/3464/3464
f 3481/3481/3481 3479/3479/3479 3482/3482/3482
f 3481/3481/3481 3474/3474/3474 3479/3479/3479
f 3464/3464/3464 3483/3483/3483 3484/3484/3484
f 3480/3480/3480 3483/3483/3483 3464/3464/3464
f 3485/3485/3485 3486/3486/3486 3487/3487/3487
f 3488/3488/3488 3486/3486/3486 3485/3485/3485
f 3489/3489/3489 3490/3490/3490 3487/3487/3487
f 3491/3491/3491 3492/3492/3492 3493/3493/3493
f 3485/3485/3485 3494/3494/3494 3488/3488/3488
f 3487/3487/3487 3490/3490/3490 3485/3485/3485
f 3489/3489/3489 3487/3487/3487 3495/3495/3495
f 3495/3495/3495 3487/3487/3487 3486/3486/3486
f 3494/3494/3494 3485/3485/3485 3496/3496/3496
f 3492/3492/3492 3497/3497/3497 3493/3493/3493
f 3494/3494/3494 3496/3496/3496 3492/3492/3492
f 3486/3486/3486 3498/3498/3498 3495/3495/3495
f 3494/3494/3494 3499/3499/3499 3488/3488/3488
f 3500/3500/3500 3498/3498/3498 3486/3486/3486
f 3501/3501/3501 3498/3498/3498 3500/3500/3500
f 3490/3490/3490 3489/3489/3489 3502/3502/3502
f 3492/3492/3492 3503/3503/3503 3497/3497/3497
f 3503/3503/3503 3492/3492/3492 3496/3496/3496
f 3504/3504/3504 3503/3503/3503 3505/3505/3505
f 3503/3503/3503 3496/3496/3496 3505/3505/3505
f 3496/3496/3496 3485/3485/3485 3505/3505/3505
f 3500/3500/3500 3499/3499/3499 3501/3501/3501
f 3485/3485/3485 3490/3490/3490 3505/3505/3505
f 3499/3499/3499 3492/3492/3492 3491/3491/3491
f 3499/3499/3499 3494/3494/3494 3492/3492/3492
f 3489/3489/3489 3495/3495/3495 3506/3506/3506
f 3504/3504/3504 3507/3507/3507 3508/3508/3508
f 3505/3505/3505 3490/3490/3490 3502/3502/3502
f 3504/3504/3504 3509/3509/3509 3507/3507/3507
f 3489/3489/3489 3506/3506/3506 3502/3502/3502
f 3507/3507/3507 3510/3510/3510 3511/3511/3511
f 3508/3508/3508 3507/3507/3507 3511/3511/3511
f 3510/3510/3510 3512/3512/3512 3508/3508/3508
f 3510/3510/3510 3507/3507/3507 3512/3512/3512
f 3507/3507/3507 3509/3509/3509 3512/3512/3512
f 3513/3513/3513 3514/3514/3514 3509/3509/3509
f 3513/3513/3513 3509/3509/3509 3504/3504/3504
f 3506/3506/3506 3515/3515/3515 3502/3502/3502
f 3505/3505/3505 3502/3502/3502 3504/3504/3504
f 3515/3515/3515 3506/3506/3506 3516/3516/3516
f 3517/3517/3517 3518/3518/3518 3519/3519/3519
f 3504/3504/3504 3520/3520/3520 3513/3513/3513
f 3521/3521/3521 3518/3518/3518 3517/3517/3517
f 3504/3504/3504 3502/3502/3502 3520/3520/3520
f 3502/3502/3502 3515/3515/3515 3520/3520/3520
f 3520/3520/3520 3514/3514/3514 3513/3513/3513
f 3520/3520/3520 3515/3515/3515 3514/3514/3514
f 3517/3517/3517 3519/3519/3519 3522/3522/3522
f 3515/3515/3515 3523/3523/3523 3514/3514/3514
f 3521/3521/3521 3517/3517/3517 3524/3524/3524
f 3524/3524/3524 3517/3517/3517 3525/3525/3525
f 3525/3525/3525 3517/3517/3517 3522/3522/3522
f 3515/3515/3515 3526/3526/3526 3523/3523/3523
f 3525/3525/3525 3522/3522/3522 3527/3527/3527
f 3515/3515/3515 3516/3516/3516 3526/3526/3526
f 3528/3528/3528 3523/3523/3523 3526/3526/3526
f 3516/3516/3516 3529/3529/3529 3526/3526/3526
f 3530/3530/3530 3524/3524/3524 3531/3531/3531
f 3530/3530/3530 3531/3531/3531 3532/3532/3532
f 3524/3524/3524 3525/3525/3525 3533/3533/3533
f 3531/3531/3531 3524/3524/3524 3533/3533/3533
f 3516/3516/3516 3534/3534/3534 3529/3529/3529
f 3535/3535/3535 3525/3525/3525 3527/3527/3527
f 3533/3533/3533 3525/3525/3525 3535/3535/3535
f 3536/3536/3536 3537/3537/3537 3535/3535/3535
f 3536/3536/3536 3538/3538/3538 3537/3537/3537
f 3533/3533/3533 3539/3539/3539 3531/3531/3531
f 3536/3536/3536 3535/3535/3535 3540/3540/3540
f 3541/3541/3541 3538/3538/3538 3536/3536/3536
f 3542/3542/3542 3541/3541/3541 3543/3543/3543
f 3543/3543/3543 3536/3536/3536 3544/3544/3544
f 3541/3541/3541 3536/3536/3536 3543/3543/3543
f 3536/3536/3536 3540/3540/3540 3544/3544/3544
f 3541/3541/3541 3531/3531/3531 3539/3539/3539
f 3543/3543/3543 3544/3544/3544 3545/3545/3545
f 3541/3541/3541 3539/3539/3539 3538/3538/3538
f 3545/3545/3545 3544/3544/3544 3546/3546/3546
f 3542/3542/3542 3531/3531/3531 3541/3541/3541
f 3547/3547/3547 3548/3548/3548 3549/3549/3549
f 3550/3550/3550 3548/3548/3548 3547/3547/3547
f 3548/3548/3548 3550/3550/3550 3551/3551/3551
f 3548/3548/3548 3551/3551/3551 3552/3552/3552
f 3553/3553/3553 3554/3554/3554 3555/3555/3555
f 3555/3555/3555 3554/3554/3554 3556/3556/3556
f 3556/3556/3556 3554/3554/3554 3557/3557/3557
f 3558/3558/3558 3559/3559/3559 3560/3560/3560
f 3561/3561/3561 3562/3562/3562 3563/3563/3563
f 3564/3564/3564 3562/3562/3562 3561/3561/3561
f 3564/3564/3564 3565/3565/3565 3562/3562/3562
f 3554/3554/3554 3553/3553/3553 3558/3558/3558
f 3557/3557/3557 3554/3554/3554 3566/3566/3566
f 3567/3567/3567 3568/3568/3568 3569/3569/3569
f 3570/3570/3570 3562/3562/3562 3565/3565/3565
f 3571/3571/3571 3568/3568/3568 3567/3567/3567
f 3571/3571/3571 3567/3567/3567 3572/3572/3572
f 3567/3567/3567 3573/3573/3573 3572/3572/3572
f 3554/3554/3554 3558/3558/3558 3560/3560/3560
f 3574/3574/3574 3568/3568/3568 3571/3571/3571
f 3575/3575/3575 3557/3557/3557 3566/3566/3566
f 3576/3576/3576 3577/3577/3577 3578/3578/3578
f 3577/3577/3577 3576/3576/3576 3579/3579/3579
f 3580/3580/3580 3581/3581/3581 3568/3568/3568
f 3574/3574/3574 3580/3580/3580 3568/3568/3568
f 3574/3574/3574 3582/3582/3582 3583/3583/3583
f 3583/3583/3583 3582/3582/3582 3584/3584/3584
f 3583/3583/3583 3580/3580/3580 3574/3574/3574
f 3585/3585/3585 3580/3580/3580 3583/3583/3583
f 3586/3586/3586 3554/3554/3554 3560/3560/3560
f 3584/3584/3584 3585/3585/3585 3583/3583/3583
f 3559/3559/3559 3581/3581/3581 3587/3587/3587
f 3559/3559/3559 3587/3587/3587 3560/3560/3560
f 3566/3566/3566 3554/3554/3554 3586/3586/3586
f 3581/3581/3581 3580/3580/3580 3588/3588/3588
f 3581/3581/3581 3588/3588/3588 3589/3589/3589
f 3585/3585/3585 3590/3590/3590 3580/3580/3580
f 3589/3589/3589 3588/3588/3588 3591/3591/3591
f 3592/3592/3592 3580/3580/3580 3590/3590/3590
f 3593/3593/3593 3594/3594/3594 3585/3585/3585
f 3593/3593/3593 3585/3585/3585 3584/3584/3584
f 3595/3595/3595 3596/3596/3596 3597/3597/3597
f 3595/3595/3595 3593/3593/3593 3584/3584/3584
f 3560/3560/3560 3598/3598/3598 3586/3586/3586
f 3588/3588/3588 3580/3580/3580 3592/3592/3592
f 3594/3594/3594 3590/3590/3590 3585/3585/3585
f 3599/3599/3599 3590/3590/3590 3594/3594/3594
f 3600/3600/3600 3593/3593/3593 3595/3595/3595
f 3599/3599/3599 3601/3601/3601 3590/3590/3590
f 3601/3601/3601 3599/3599/3599 3602/3602/3602
f 3603/3603/3603 3604/3604/3604 3605/3605/3605
f 3602/3602/3602 3594/3594/3594 3601/3601/3601
f 3606/3606/3606 3603/3603/3603 3605/3605/3605
f 3581/3581/3581 3589/3589/3589 3587/3587/3587
f 3600/3600/3600 3595/3595/3595 3597/3597/3597
f 3592/3592/3592 3591/3591/3591 3588/3588/3588
f 3607/3607/3607 3601/3601/3601 3594/3594/3594
f 3594/3594/3594 3593/3593/3593 3607/3607/3607
f 3587/3587/3587 3589/3589/3589 3608/3608/3608
f 3589/3589/3589 3591/3591/3591 3608/3608/3608
f 3590/3590/3590 3607/3607/3607 3592/3592/3592
f 3592/3592/3592 3609/3609/3609 3591/3591/3591
f 3610/3610/3610 3600/3600/3600 3597/3597/3597
f 3608/3608/3608 3591/3591/3591 3609/3609/3609
f 3607/3607/3607 3609/3609/3609 3592/3592/3592
f 3611/3611/3611 3607/3607/3607 3593/3593/3593
f 3587/3587/3587 3612/3612/3612 3560/3560/3560
f 3587/3587/3587 3608/3608/3608 3613/3613/3613
f 3613/3613/3613 3612/3612/3612 3587/3587/3587
f 3611/3611/3611 3609/3609/3609 3607/3607/3607
f 3611/3611/3611 3593/3593/3593 3600/3600/3600
f 3608/3608/3608 3609/3609/3609 3614/3614/3614
f 3598/3598/3598 3560/3560/3560 3615/3615/3615
f 3612/3612/3612 3615/3615/3615 3560/3560/3560
f 3616/3616/3616 3617/3617/3617 3618/3618/3618
f 3608/3608/3608 3614/3614/3614 3613/3613/3613
f 3618/3618/3618 3617/3617/3617 3619/3619/3619
f 3598/3598/3598 3615/3615/3615 3620/3620/3620
f 3618/3618/3618 3619/3619/3619 3621/3621/3621
f 3616/3616/3616 3618/3618/3618 3622/3622/3622
f 3623/3623/3623 3611/3611/3611 3600/3600/3600
f 3620/3620/3620 3615/3615/3615 3616/3616/3616
f 3620/3620/3620 3616/3616/3616 3622/3622/3622
f 3621/3621/3621 3624/3624/3624 3618/3618/3618
f 3598/3598/3598 3620/3620/3620 3625/3625/3625
f 3614/3614/3614 3609/3609/3609 3611/3611/3611
f 3624/3624/3624 3622/3622/3622 3618/3618/3618
f 3626/3626/3626 3625/3625/3625 3620/3620/3620
f 3620/3620/3620 3622/3622/3622 3627/3627/3627
f 3628/3628/3628 3621/3621/3621 3629/3629/3629
f 3620/3620/3620 3627/3627/3627 3626/3626/3626
f 3630/3630/3630 3614/3614/3614 3611/3611/3611
f 3623/3623/3623 3630/3630/3630 3611/3611/3611
f 3624/3624/3624 3621/3621/3621 3628/3628/3628
f 3614/3614/3614 3630/3630/3630 3613/3613/3613
f 3631/3631/3631 3630/3630/3630 3623/3623/3623
f 3625/3625/3625 3626/3626/3626 3632/3632/3632
f 3633/3633/3633 3632/3632/3632 3626/3626/3626
f 3634/3634/3634 3624/3624/3624 3628/3628/3628
f 3613/3613/3613 3630/3630/3630 3635/3635/3635
f 3630/3630/3630 3631/3631/3631 3635/3635/3635
f 3636/3636/3636 3622/3622/3622 3624/3624/3624
f 3637/3637/3637 3628/3628/3628 3629/3629/3629
f 3637/3637/3637 3629/3629/3629 3638/3638/3638
f 3627/3627/3627 3633/3633/3633 3626/3626/3626
f 3622/3622/3622 3636/3636/3636 3627/3627/3627
f 3634/3634/3634 3636/3636/3636 3624/3624/3624
f 3639/3639/3639 3627/3627/3627 3636/3636/3636
f 3640/3640/3640 3636/3636/3636 3634/3634/3634
f 3636/3636/3636 3640/3640/3640 3639/3639/3639
f 3627/3627/3627 3639/3639/3639 3633/3633/3633
f 3568/3568/3568 3581/3581/3581 3573/3573/3573
f 3641/3641/3641 3642/3642/3642 3643/3643/3643
f 3644/3644/3644 3645/3645/3645 3646/3646/3646
f 3647/3647/3647 3648/3648/3648 3649/3649/3649
f 3650/3650/3650 3651/3651/3651 3647/3647/3647
f 3651/3651/3651 3648/3648/3648 3647/3647/3647
f 3651/3651/3651 3650/3650/3650 3652/3652/3652
f 3653/3653/3653 3654/3654/3654 3648/3648/3648
f 3652/3652/3652 3655/3655/3655 3651/3651/3651
f 3648/3648/3648 3656/3656/3656 3653/3653/3653
f 3656/3656/3656 3648/3648/3648 3651/3651/3651
f 3657/3657/3657 3651/3651/3651 3655/3655/3655
f 3657/3657/3657 3656/3656/3656 3651/3651/3651
f 3658/3658/3658 3659/3659/3659 3660/3660/3660
f 3661/3661/3661 3658/3658/3658 3660/3660/3660
f 3662/3662/3662 3663/3663/3663 3664/3664/3664
f 3662/3662/3662 3665/3665/3665 3663/3663/3663
f 3666/3666/3666 3664/3664/3664 3663/3663/3663
f 3662/3662/3662 3664/3664/3664 3667/3667/3667
f 3668/3668/3668 3663/3663/3663 3665/3665/3665
f 3668/3668/3668 3669/3669/3669 3663/3663/3663
f 3670/3670/3670 3663/3663/3663 3669/3669/3669
f 3671/3671/3671 3669/3669/3669 3668/3668/3668
f 3672/3672/3672 3673/3673/3673 3674/3674/3674
f 3674/3674/3674 3673/3673/3673 3675/3675/3675
f 3674/3674/3674 3676/3676/3676 3672/3672/3672
f 3677/3677/3677 3676/3676/3676 3674/3674/3674
f 3678/3678/3678 3676/3676/3676 3677/3677/3677
f 3677/3677/3677 3679/3679/3679 3678/3678/3678
f 3677/3677/3677 3674/3674/3674 3675/3675/3675
f 3680/3680/3680 3681/3681/3681 3682/3682/3682
f 3681/3681/3681 3680/3680/3680 3683/3683/3683
f 3682/3682/3682 3684/3684/3684 3680/3680/3680
f 3685/3685/3685 3686/3686/3686 3687/3687/3687
f 3684/3684/3684 3688/3688/3688 3689/3689/3689
f 3684/3684/3684 3689/3689/3689 3690/3690/3690
f 3680/3680/3680 3684/3684/3684 3690/3690/3690
f 3691/3691/3691 3690/3690/3690 3688/3688/3688
f 3691/3691/3691 3680/3680/3680 3690/3690/3690
f 3680/3680/3680 3692/3692/3692 3693/3693/3693
f 3692/3692/3692 3680/3680/3680 3691/3691/3691
f 3692/3692/3692 3691/3691/3691 3694/3694/3694
f 3695/3695/3695 3696/3696/3696 3697/3697/3697
f 3695/3695/3695 3698/3698/3698 3699/3699/3699
f 3700/3700/3700 3695/3695/3695 3697/3697/3697
f 3698/3698/3698 3695/3695/3695 3700/3700/3700
f 3698/3698/3698 3700/3700/3700 3696/3696/3696
f 3701/3701/3701 3696/3696/3696 3702/3702/3702
f 3703/3703/3703 3698/3698/3698 3696/3696/3696
f 3704/3704/3704 3703/3703/3703 3696/3696/3696
f 3701/3701/3701 3704/3704/3704 3696/3696/3696
f 3702/3702/3702 3705/3705/3705 3701/3701/3701
f 3705/3705/3705 3706/3706/3706 3701/3701/3701
f 3707/3707/3707 3706/3706/3706 3705/3705/3705
f 3708/3708/3708 3707/3707/3707 3705/3705/3705
f 3697/3697/3697 3696/3696/3696 3709/3709/3709
f 3710/3710/3710 3711/3711/3711 3712/3712/3712
f 3713/3713/3713 3714/3714/3714 3711/3711/3711
f 3711/3711/3711 3710/3710/3710 3713/3713/3713
f 3713/3713/3713 3710/3710/3710 3715/3715/3715
f 3714/3714/3714 3713/3713/3713 3716/3716/3716
f 3717/3717/3717 3710/3710/3710 3712/3712/3712
f 3715/3715/3715 3710/3710/3710 3717/3717/3717
f 3717/3717/3717 3712/3712/3712 3718/3718/3718
f 3714/3714/3714 3719/3719/3719 3720/3720/3720
f 3714/3714/3714 3716/3716/3716 3719/3719/3719
f 3721/3721/3721 3713/3713/3713 3715/3715/3715
f 3715/3715/3715 3717/3717/3717 3722/3722/3722
f 3721/3721/3721 3715/3715/3715 3722/3722/3722
f 3713/3713/3713 3721/3721/3721 3723/3723/3723
f 3724/3724/3724 3722/3722/3722 3717/3717/3717
f 3723/3723/3723 3721/3721/3721 3725/3725/3725
f 3721/3721/3721 3722/3722/3722 3726/3726/3726
f 3725/3725/3725 3721/3721/3721 3726/3726/3726
f 3724/3724/3724 3727/3727/3727 3722/3722/3722
f 3727/3727/3727 3726/3726/3726 3722/3722/3722
f 3728/3728/3728 3725/3725/3725 3729/3729/3729
f 3725/3725/3725 3726/3726/3726 3729/3729/3729
f 3730/3730/3730 3726/3726/3726 3727/3727/3727
f 3726/3726/3726 3730/3730/3730 3729/3729/3729
f 3728/3728/3728 3729/3729/3729 3731/3731/3731
f 3732/3732/3732 3728/3728/3728 3731/3731/3731
f 3729/3729/3729 3730/3730/3730 3733/3733/3733
f 3734/3734/3734 3735/3735/3735 3732/3732/3732
f 3729/3729/3729 3733/3733/3733 3731/3731/3731
f 3734/3734/3734 3732/3732/3732 3731/3731/3731
f 3736/3736/3736 3734/3734/3734 3731/3731/3731
f 3736/3736/3736 3731/3731/3731 3737/3737/3737
f 3733/3733/3733 3737/3737/3737 3731/3731/3731
f 3738/3738/3738 3736/3736/3736 3737/3737/3737
f 3739/3739/3739 3740/3740/3740 3741/3741/3741
f 3742/3742/3742 3743/3743/3743 3744/3744/3744
f 3742/3742/3742 3744/3744/3744 3745/3745/3745
f 3744/3744/3744 3746/3746/3746 3745/3745/3745
f 3745/3745/3745 3746/3746/3746 3747/3747/3747
f 3747/3747/3747 3746/3746/3746 3748/3748/3748
f 3746/3746/3746 3749/3749/3749 3748/3748/3748
f 3750/3750/3750 3751/3751/3751 3752/3752/3752
f 3753/3753/3753 3750/3750/3750 3754/3754/3754
f 3754/3754/3754 3752/3752/3752 3755/3755/3755
f 3754/3754/3754 3750/3750/3750 3752/3752/3752
f 3756/3756/3756 3757/3757/3757 3758/3758/3758
f 3759/3759/3759 3757/3757/3757 3756/3756/3756
f 3759/3759/3759 3760/3760/3760 3757/3757/3757
f 3758/3758/3758 3761/3761/3761 3762/3762/3762
f 3763/3763/3763 3764/3764/3764 3762/3762/3762
f 3765/3765/3765 3757/3757/3757 3760/3760/3760
f 3757/3757/3757 3766/3766/3766 3758/3758/3758
f 3758/3758/3758 3766/3766/3766 3761/3761/3761
f 3761/3761/3761 3767/3767/3767 3762/3762/3762
f 3767/3767/3767 3761/3761/3761 3766/3766/3766
f 3768/3768/3768 3762/3762/3762 3767/3767/3767
f 3768/3768/3768 3769/3769/3769 3763/3763/3763
f 3768/3768/3768 3763/3763/3763 3762/3762/3762
f 3765/3765/3765 3770/3770/3770 3757/3757/3757
f 3757/3757/3757 3770/3770/3770 3766/3766/3766
f 3769/3769/3769 3768/3768/3768 3767/3767/3767
f 3771/3771/3771 3763/3763/3763 3769/3769/3769
f 3765/3765/3765 3772/3772/3772 3770/3770/3770
f 3770/3770/3770 3773/3773/3773 3766/3766/3766
f 3770/3770/3770 3772/3772/3772 3774/3774/3774
f 3775/3775/3775 3776/3776/3776 3777/3777/3777
f 3778/3778/3778 3779/3779/3779 3780/3780/3780
f 3781/3781/3781 3777/3777/3777 3776/3776/3776
f 3782/3782/3782 3781/3781/3781 3776/3776/3776
f 3783/3783/3783 3784/3784/3784 3785/3785/3785
f 3786/3786/3786 3775/3775/3775 3777/3777/3777
f 3779/3779/3779 3787/3787/3787 3780/3780/3780
f 3783/3783/3783 3788/3788/3788 3784/3784/3784
f 3778/3778/3778 3780/3780/3780 3789/3789/3789
f 3790/3790/3790 3791/3791/3791 3792/3792/3792
f 3791/3791/3791 3793/3793/3793 3792/3792/3792
f 3794/3794/3794 3795/3795/3795 3796/3796/3796
f 3797/3797/3797 3798/3798/3798 3781/3781/3781
f 3799/3799/3799 3784/3784/3784 3788/3788/3788
f 3788/3788/3788 3797/3797/3797 3799/3799/3799
f 3781/3781/3781 3798/3798/3798 3777/3777/3777
f 3788/3788/3788 3800/3800/3800 3797/3797/3797
f 3801/3801/3801 3786/3786/3786 3777/3777/3777
f 3780/3780/3780 3787/3787/3787 3802/3802/3802
f 3789/3789/3789 3780/3780/3780 3803/3803/3803
f 3804/3804/3804 3805/3805/3805 3797/3797/3797
f 3800/3800/3800 3804/3804/3804 3797/3797/3797
f 3789/3789/3789 3803/3803/3803 3806/3806/3806
f 3794/3794/3794 3796/3796/3796 3807/3807/3807
f 3808/3808/3808 3789/3789/3789 3806/3806/3806
f 3809/3809/3809 3810/3810/3810 3811/3811/3811
f 3812/3812/3812 3800/3800/3800 3788/3788/3788
f 3813/3813/3813 3800/3800/3800 3812/3812/3812
f 3814/3814/3814 3815/3815/3815 3816/3816/3816
f 3803/3803/3803 3780/3780/3780 3802/3802/3802
f 3817/3817/3817 3815/3815/3815 3814/3814/3814
f 3812/3812/3812 3818/3818/3818 3813/3813/3813
f 3798/3798/3798 3801/3801/3801 3777/3777/3777
f 3819/3819/3819 3801/3801/3801 3798/3798/3798
f 3813/3813/3813 3818/3818/3818 3820/3820/3820
f 3821/3821/3821 3822/3822/3822 3823/3823/3823
f 3818/3818/3818 3824/3824/3824 3820/3820/3820
f 3825/3825/3825 3826/3826/3826 3814/3814/3814
f 3814/3814/3814 3826/3826/3826 3817/3817/3817
f 3821/3821/3821 3823/3823/3823 3827/3827/3827
f 3828/3828/3828 3827/3827/3827 3823/3823/3823
f 3829/3829/3829 3801/3801/3801 3819/3819/3819
f 3821/3821/3821 3830/3830/3830 3822/3822/3822
f 3818/3818/3818 3831/3831/3831 3824/3824/3824
f 3832/3832/3832 3833/3833/3833 3834/3834/3834
f 3835/3835/3835 3821/3821/3821 3827/3827/3827
f 3835/3835/3835 3836/3836/3836 3837/3837/3837
f 3838/3838/3838 3836/3836/3836 3835/3835/3835
f 3821/3821/3821 3835/3835/3835 3830/3830/3830
f 3829/3829/3829 3839/3839/3839 3801/3801/3801
f 3840/3840/3840 3841/3841/3841 3842/3842/3842
f 3843/3843/3843 3844/3844/3844 3845/3845/3845
f 3843/3843/3843 3845/3845/3845 3846/3846/3846
f 3847/3847/3847 3835/3835/3835 3827/3827/3827
f 3848/3848/3848 3844/3844/3844 3843/3843/3843
f 3836/3836/3836 3838/3838/3838 3849/3849/3849
f 3828/3828/3828 3847/3847/3847 3827/3827/3827
f 3841/3841/3841 3840/3840/3840 3850/3850/3850
f 3851/3851/3851 3852/3852/3852 3833/3833/3833
f 3846/3846/3846 3853/3853/3853 3854/3854/3854
f 3845/3845/3845 3853/3853/3853 3846/3846/3846
f 3847/3847/3847 3838/3838/3838 3835/3835/3835
f 3855/3855/3855 3844/3844/3844 3848/3848/3848
f 3856/3856/3856 3851/3851/3851 3833/3833/3833
f 3837/3837/3837 3830/3830/3830 3835/3835/3835
f 3839/3839/3839 3857/3857/3857 3858/3858/3858
f 3829/3829/3829 3857/3857/3857 3839/3839/3839
f 3859/3859/3859 3857/3857/3857 3829/3829/3829
f 3854/3854/3854 3860/3860/3860 3847/3847/3847
f 3860/3860/3860 3849/3849/3849 3838/3838/3838
f 3860/3860/3860 3854/3854/3854 3861/3861/3861
f 3862/3862/3862 3852/3852/3852 3851/3851/3851
f 3851/3851/3851 3863/3863/3863 3862/3862/3862
f 3834/3834/3834 3833/3833/3833 3864/3864/3864
f 3860/3860/3860 3838/3838/3838 3847/3847/3847
f 3860/3860/3860 3861/3861/3861 3844/3844/3844
f 3865/3865/3865 3866/3866/3866 3867/3867/3867
f 3868/3868/3868 3851/3851/3851 3856/3856/3856
f 3833/3833/3833 3852/3852/3852 3864/3864/3864
f 3869/3869/3869 3870/3870/3870 3871/3871/3871
f 3871/3871/3871 3870/3870/3870 3872/3872/3872
f 3870/3870/3870 3873/3873/3873 3872/3872/3872
f 3874/3874/3874 3875/3875/3875 3876/3876/3876
f 3875/3875/3875 3874/3874/3874 3849/3849/3849
f 3867/3867/3867 3866/3866/3866 3876/3876/3876
f 3866/3866/3866 3874/3874/3874 3876/3876/3876
f 3877/3877/3877 3836/3836/3836 3849/3849/3849
f 3868/3868/3868 3863/3863/3863 3851/3851/3851
f 3855/3855/3855 3860/3860/3860 3844/3844/3844
f 3849/3849/3849 3860/3860/3860 3875/3875/3875
f 3878/3878/3878 3864/3864/3864 3852/3852/3852
f 3879/3879/3879 3878/3878/3878 3852/3852/3852
f 3880/3880/3880 3865/3865/3865 3867/3867/3867
f 3881/3881/3881 3880/3880/3880 3867/3867/3867
f 3862/3862/3862 3863/3863/3863 3878/3878/3878
f 3870/3870/3870 3882/3882/3882 3883/3883/3883
f 3884/3884/3884 3875/3875/3875 3860/3860/3860
f 3855/3855/3855 3884/3884/3884 3860/3860/3860
f 3885/3885/3885 3865/3865/3865 3880/3880/3880
f 3876/3876/3876 3881/3881/3881 3867/3867/3867
f 3883/3883/3883 3873/3873/3873 3870/3870/3870
f 3876/3876/3876 3875/3875/3875 3886/3886/3886
f 3875/3875/3875 3884/3884/3884 3886/3886/3886
f 3886/3886/3886 3884/3884/3884 3881/3881/3881
f 3878/3878/3878 3887/3887/3887 3864/3864/3864
f 3876/3876/3876 3886/3886/3886 3881/3881/3881
f 3834/3834/3834 3864/3864/3864 3888/3888/3888
f 3889/3889/3889 3873/3873/3873 3883/3883/3883
f 3863/3863/3863 3890/3890/3890 3878/3878/3878
f 3891/3891/3891 3865/3865/3865 3885/3885/3885
f 3890/3890/3890 3887/3887/3887 3878/3878/3878
f 3883/3883/3883 3892/3892/3892 3889/3889/3889
f 3887/3887/3887 3888/3888/3888 3864/3864/3864
f 3893/3893/3893 3868/3868/3868 3894/3894/3894
f 3895/3895/3895 3892/3892/3892 3883/3883/3883
f 3896/3896/3896 3897/3897/3897 3898/3898/3898
f 3894/3894/3894 3899/3899/3899 3893/3893/3893
f 3890/3890/3890 3900/3900/3900 3901/3901/3901
f 3890/3890/3890 3901/3901/3901 3887/3887/3887
f 3899/3899/3899 3894/3894/3894 3902/3902/3902
f 3887/3887/3887 3903/3903/3903 3888/3888/3888
f 3903/3903/3903 3904/3904/3904 3888/3888/3888
f 3905/3905/3905 3902/3902/3902 3906/3906/3906
f 3895/3895/3895 3907/3907/3907 3892/3892/3892
f 3899/3899/3899 3908/3908/3908 3893/3893/3893
f 3882/3882/3882 3909/3909/3909 3883/3883/3883
f 3887/3887/3887 3901/3901/3901 3903/3903/3903
f 3903/3903/3903 3910/3910/3910 3904/3904/3904
f 3897/3897/3897 3896/3896/3896 3909/3909/3909
f 3905/3905/3905 3906/3906/3906 3911/3911/3911
f 3905/3905/3905 3899/3899/3899 3902/3902/3902
f 3899/3899/3899 3912/3912/3912 3908/3908/3908
f 3907/3907/3907 3895/3895/3895 3913/3913/3913
f 3900/3900/3900 3914/3914/3914 3901/3901/3901
f 3915/3915/3915 3916/3916/3916 3910/3910/3910
f 3910/3910/3910 3917/3917/3917 3915/3915/3915
f 3910/3910/3910 3903/3903/3903 3917/3917/3917
f 3918/3918/3918 3909/3909/3909 3896/3896/3896
f 3908/3908/3908 3912/3912/3912 3914/3914/3914
f 3917/3917/3917 3901/3901/3901 3919/3919/3919
f 3917/3917/3917 3903/3903/3903 3901/3901/3901
f 3883/3883/3883 3909/3909/3909 3918/3918/3918
f 3920/3920/3920 3921/3921/3921 3907/3907/3907
f 3915/3915/3915 3922/3922/3922 3923/3923/3923
f 3912/3912/3912 3924/3924/3924 3914/3914/3914
f 3918/3918/3918 3895/3895/3895 3883/3883/3883
f 3896/3896/3896 3925/3925/3925 3918/3918/3918
f 3920/3920/3920 3907/3907/3907 3924/3924/3924
f 3912/3912/3912 3899/3899/3899 3905/3905/3905
f 3926/3926/3926 3901/3901/3901 3914/3914/3914
f 3922/3922/3922 3915/3915/3915 3917/3917/3917
f 3922/3922/3922 3917/3917/3917 3919/3919/3919
f 3913/3913/3913 3927/3927/3927 3907/3907/3907
f 3924/3924/3924 3907/3907/3907 3927/3927/3927
f 3922/3922/3922 3928/3928/3928 3923/3923/3923
f 3908/3908/3908 3914/3914/3914 3900/3900/3900
f 3926/3926/3926 3919/3919/3919 3901/3901/3901
f 3918/3918/3918 3913/3913/3913 3895/3895/3895
f 3929/3929/3929 3905/3905/3905 3911/3911/3911
f 3922/3922/3922 3919/3919/3919 3930/3930/3930
f 3931/3931/3931 3921/3921/3921 3920/3920/3920
f 3932/3932/3932 3927/3927/3927 3913/3913/3913
f 3933/3933/3933 3920/3920/3920 3924/3924/3924
f 3921/3921/3921 3931/3931/3931 3934/3934/3934
f 3913/3913/3913 3918/3918/3918 3932/3932/3932
f 3925/3925/3925 3932/3932/3932 3918/3918/3918
f 3912/3912/3912 3905/3905/3905 3933/3933/3933
f 3912/3912/3912 3933/3933/3933 3924/3924/3924
f 3914/3914/3914 3924/3924/3924 3926/3926/3926
f 3930/3930/3930 3928/3928/3928 3922/3922/3922
f 3935/3935/3935 3936/3936/3936 3911/3911/3911
f 3911/3911/3911 3906/3906/3906 3935/3935/3935
f 3928/3928/3928 3937/3937/3937 3938/3938/3938
f 3926/3926/3926 3930/3930/3930 3919/3919/3919
f 3931/3931/3931 3933/3933/3933 3929/3929/3929
f 3933/3933/3933 3905/3905/3905 3929/3929/3929
f 3924/3924/3924 3927/3927/3927 3939/3939/3939
f 3937/3937/3937 3928/3928/3928 3930/3930/3930
f 3920/3920/3920 3933/3933/3933 3931/3931/3931
f 3929/3929/3929 3911/3911/3911 3936/3936/3936
f 3930/3930/3930 3926/3926/3926 3937/3937/3937
f 3940/3940/3940 3931/3931/3931 3929/3929/3929
f 3932/3932/3932 3925/3925/3925 3941/3941/3941
f 3941/3941/3941 3925/3925/3925 3942/3942/3942
f 3924/3924/3924 3939/3939/3939 3926/3926/3926
f 3939/3939/3939 3927/3927/3927 3932/3932/3932
f 3937/3937/3937 3926/3926/3926 3939/3939/3939
f 3940/3940/3940 3929/3929/3929 3936/3936/3936
f 3938/3938/3938 3941/3941/3941 3942/3942/3942
f 3939/3939/3939 3938/3938/3938 3937/3937/3937
f 3936/3936/3936 3943/3943/3943 3944/3944/3944
f 3939/3939/3939 3932/3932/3932 3941/3941/3941
f 3939/3939/3939 3941/3941/3941 3938/3938/3938
f 3945/3945/3945 3934/3934/3934 3931/3931/3931
f 3940/3940/3940 3945/3945/3945 3931/3931/3931
f 3936/3936/3936 3944/3944/3944 3940/3940/3940
f 3945/3945/3945 3940/3940/3940 3944/3944/3944
f 3943/3943/3943 3946/3946/3946 3947/3947/3947
f 3948/3948/3948 3949/3949/3949 3950/3950/3950
f 3951/3951/3951 3946/3946/3946 3952/3952/3952
f 3946/3946/3946 3951/3951/3951 3947/3947/3947
f 3953/3953/3953 3934/3934/3934 3945/3945/3945
f 3943/3943/3943 3947/3947/3947 3944/3944/3944
f 3952/3952/3952 3954/3954/3954 3955/3955/3955
f 3945/3945/3945 3944/3944/3944 3947/3947/3947
f 3949/3949/3949 3948/3948/3948 3956/3956/3956
f 3948/3948/3948 3950/3950/3950 3957/3957/3957
f 3957/3957/3957 3934/3934/3934 3948/3948/3948
f 3953/3953/3953 3945/3945/3945 3947/3947/3947
f 3952/3952/3952 3955/3955/3955 3951/3951/3951
f 3953/3953/3953 3947/3947/3947 3958/3958/3958
f 3951/3951/3951 3958/3958/3958 3947/3947/3947
f 3953/3953/3953 3958/3958/3958 3934/3934/3934
f 3955/3955/3955 3956/3956/3956 3959/3959/3959
f 3948/3948/3948 3959/3959/3959 3956/3956/3956
f 3959/3959/3959 3951/3951/3951 3955/3955/3955
f 3959/3959/3959 3958/3958/3958 3951/3951/3951
f 3958/3958/3958 3959/3959/3959 3948/3948/3948
f 3934/3934/3934 3958/3958/3958 3948/3948/3948
f 3781/3781/3781 3799/3799/3799 3797/3797/3797
f 3960/3960/3960 3961/3961/3961 3962/3962/3962
f 3963/3963/3963 3960/3960/3960 3962/3962/3962
f 3960/3960/3960 3963/3963/3963 3964/3964/3964
f 3962/3962/3962 3961/3961/3961 3965/3965/3965
f 3966/3966/3966 3963/3963/3963 3962/3962/3962
f 3967/3967/3967 3963/3963/3963 3966/3966/3966
f 3964/3964/3964 3963/3963/3963 3967/3967/3967
f 3966/3966/3966 3962/3962/3962 3968/3968/3968
f 3968/3968/3968 3962/3962/3962 3969/3969/3969
f 3970/3970/3970 3962/3962/3962 3965/3965/3965
f 3970/3970/3970 3969/3969/3969 3962/3962/3962
f 3971/3971/3971 3970/3970/3970 3965/3965/3965
f 3969/3969/3969 3970/3970/3970 3972/3972/3972
f 3973/3973/3973 3972/3972/3972 3970/3970/3970
f 3970/3970/3970 3971/3971/3971 3973/3973/3973
f 3971/3971/3971 3974/3974/3974 3973/3973/3973
f 3974/3974/3974 3971/3971/3971 3975/3975/3975
f 3974/3974/3974 3975/3975/3975 3976/3976/3976
f 3976/3976/3976 3977/3977/3977 3974/3974/3974
f 3978/3978/3978 3977/3977/3977 3976/3976/3976
f 3979/3979/3979 3978/3978/3978 3976/3976/3976
f 3979/3979/3979 3980/3980/3980 3978/3978/3978
f 3980/3980/3980 3979/3979/3979 3981/3981/3981
f 3982/3982/3982 3977/3977/3977 3978/3978/3978
f 3983/3983/3983 3984/3984/3984 3981/3981/3981
f 3985/3985/3985 3980/3980/3980 3981/3981/3981
f 3982/3982/3982 3978/3978/3978 3986/3986/3986
f 3980/3980/3980 3986/3986/3986 3978/3978/3978
f 3985/3985/3985 3987/3987/3987 3980/3980/3980
f 3985/3985/3985 3981/3981/3981 3984/3984/3984
f 3988/3988/3988 3989/3989/3989 3990/3990/3990
f 3991/3991/3991 3989/3989/3989 3988/3988/3988
f 3986/3986/3986 3987/3987/3987 3992/3992/3992
f 3982/3982/3982 3986/3986/3986 3992/3992/3992
f 3987/3987/3987 3985/3985/3985 3992/3992/3992
f 3993/3993/3993 3982/3982/3982 3992/3992/3992
f 3992/3992/3992 3994/3994/3994 3993/3993/3993
f 3985/3985/3985 3995/3995/3995 3992/3992/3992
f 3995/3995/3995 3994/3994/3994 3992/3992/3992
f 3996/3996/3996 3997/3997/3997 3998/3998/3998
f 3999/3999/3999 3998/3998/3998 4000/4000/4000
f 3997/3997/3997 4000/4000/4000 3998/3998/3998
f 4001/4001/4001 4002/4002/4002 4003/4003/4003
f 4003/4003/4003 4004/4004/4004 4001/4001/4001
f 4005/4005/4005 4001/4001/4001 4004/4004/4004
f 4004/4004/4004 4003/4003/4003 4006/4006/4006
f 4007/4007/4007 4004/4004/4004 4006/4006/4006
f 4007/4007/4007 4005/4005/4005 4004/4004/4004
f 4007/4007/4007 4008/4008/4008 4005/4005/4005
f 4008/4008/4008 4009/4009/4009 4005/4005/4005
f 4010/4010/4010 4011/4011/4011 4006/4006/4006
f 4012/4012/4012 4013/4013/4013 4014/4014/4014
f 4015/4015/4015 4007/4007/4007 4011/4011/4011
f 4015/4015/4015 4011/4011/4011 4010/4010/4010
f 4008/4008/4008 4007/4007/4007 4015/4015/4015
f 4016/4016/4016 4017/4017/4017 4010/4010/4010
f 4017/4017/4017 4015/4015/4015 4010/4010/4010
f 4018/4018/4018 4015/4015/4015 4017/4017/4017
f 4008/4008/4008 4015/4015/4015 4018/4018/4018
f 4019/4019/4019 4008/4008/4008 4018/4018/4018
f 4019/4019/4019 4018/4018/4018 4020/4020/4020
f 4021/4021/4021 4008/4008/4008 4019/4019/4019
f 4022/4022/4022 4021/4021/4021 4023/4023/4023
f 4024/4024/4024 4019/4019/4019 4020/4020/4020
f 4024/4024/4024 4021/4021/4021 4019/4019/4019
f 4023/4023/4023 4021/4021/4021 4025/4025/4025
f 4025/4025/4025 4021/4021/4021 4024/4024/4024
f 4026/4026/4026 4027/4027/4027 4028/4028/4028
f 4028/4028/4028 4027/4027/4027 4029/4029/4029
f 4030/4030/4030 4031/4031/4031 4032/4032/4032
f 4033/4033/4033 4034/4034/4034 4035/4035/4035
f 4036/4036/4036 4037/4037/4037 4033/4033/4033
f 4038/4038/4038 4035/4035/4035 4034/4034/4034
f 4039/4039/4039 4040/4040/4040 4041/4041/4041
f 4033/4033/4033 4037/4037/4037 4042/4042/4042
f 4041/4041/4041 4040/4040/4040 4038/4038/4038
f 4043/4043/4043 4034/4034/4034 4033/4033/4033
f 4044/4044/4044 4034/4034/4034 4043/4043/4043
f 4045/4045/4045 4038/4038/4038 4034/4034/4034
f 4046/4046/4046 4044/4044/4044 4043/4043/4043
f 4047/4047/4047 4048/4048/4048 4039/4039/4039
f 4049/4049/4049 4044/4044/4044 4046/4046/4046
f 4049/4049/4049 4034/4034/4034 4044/4044/4044
f 4033/4033/4033 4042/4042/4042 4043/4043/4043
f 4050/4050/4050 4038/4038/4038 4045/4045/4045
f 4034/4034/4034 4049/4049/4049 4045/4045/4045
f 4041/4041/4041 4047/4047/4047 4039/4039/4039
f 4050/4050/4050 4045/4045/4045 4049/4049/4049
f 4050/4050/4050 4041/4041/4041 4038/4038/4038
f 4041/4041/4041 4050/4050/4050 4047/4047/4047
f 4047/4047/4047 4050/4050/4050 4051/4051/4051
f 4052/4052/4052 4048/4048/4048 4047/4047/4047
f 4050/4050/4050 4053/4053/4053 4051/4051/4051
f 4052/4052/4052 4047/4047/4047 4051/4051/4051
f 4053/4053/4053 4054/4054/4054 4051/4051/4051
f 4052/4052/4052 4051/4051/4051 4055/4055/4055
f 4051/4051/4051 4054/4054/4054 4056/4056/4056
f 4057/4057/4057 4056/4056/4056 4054/4054/4054
f 4051/4051/4051 4056/4056/4056 4058/4058/4058
f 4058/4058/4058 4055/4055/4055 4051/4051/4051
f 4058/4058/4058 4056/4056/4056 4057/4057/4057
f 4059/4059/4059 4055/4055/4055 4058/4058/4058
f 4057/4057/4057 4060/4060/4060 4058/4058/4058
f 4059/4059/4059 4058/4058/4058 4061/4061/4061
f 4060/4060/4060 4061/4061/4061 4058/4058/4058
f 4062/4062/4062 4061/4061/4061 4060/4060/4060
f 4063/4063/4063 4064/4064/4064 4062/4062/4062
f 4065/4065/4065 4061/4061/4061 4066/4066/4066
f 4061/4061/4061 4062/4062/4062 4067/4067/4067
f 4062/4062/4062 4064/4064/4064 4067/4067/4067
f 4061/4061/4061 4067/4067/4067 4066/4066/4066
f 4066/4066/4066 4067/4067/4067 4068/4068/4068
f 4061/4061/4061 4065/4065/4065 4059/4059/4059
f 4069/4069/4069 4070/4070/4070 4071/4071/4071
f 4069/4069/4069 4071/4071/4071 4072/4072/4072
f 4073/4073/4073 4072/4072/4072 4071/4071/4071
f 4073/4073/4073 4071/4071/4071 4074/4074/4074
f 4074/4074/4074 4075/4075/4075 4073/4073/4073
f 4076/4076/4076 4077/4077/4077 4078/4078/4078
f 4078/4078/4078 4077/4077/4077 4079/4079/4079
f 4080/4080/4080 4078/4078/4078 4079/4079/4079
f 4081/4081/4081 4082/4082/4082 4083/4083/4083
f 4081/4081/4081 4084/4084/4084 4082/4082/4082
f 4085/4085/4085 4086/4086/4086 4087/4087/4087
f 4085/4085/4085 4087/4087/4087 4088/4088/4088
f 4089/4089/4089 4090/4090/4090 4091/4091/4091
f 4089/4089/4089 4091/4091/4091 4092/4092/4092
f 4091/4091/4091 4093/4093/4093 4092/4092/4092
f 4091/4091/4091 4094/4094/4094 4095/4095/4095
f 4095/4095/4095 4093/4093/4093 4091/4091/4091
f 4095/4095/4095 4096/4096/4096 4093/4093/4093
f 4096/4096/4096 4097/4097/4097 4093/4093/4093
f 4097/4097/4097 4096/4096/4096 4098/4098/4098
f 4099/4099/4099 4096/4096/4096 4095/4095/4095
f 4100/4100/4100 4096/4096/4096 4099/4099/4099
f 4096/4096/4096 4100/4100/4100 4098/4098/4098
f 4098/4098/4098 4100/4100/4100 4101/4101/4101
f 4102/4102/4102 4103/4103/4103 4104/4104/4104
f 4104/4104/4104 4105/4105/4105 4106/4106/4106
f 4105/4105/4105 4104/4104/4104 4103/4103/4103
f 4103/4103/4103 4107/4107/4107 4105/4105/4105
f 4103/4103/4103 4108/4108/4108 4107/4107/4107
f 4108/4108/4108 4109/4109/4109 4110/4110/4110
f 4110/4110/4110 4111/4111/4111 4108/4108/4108
f 4107/4107/4107 4108/4108/4108 4112/4112/4112
f 4113/4113/4113 4108/4108/4108 4111/4111/4111
f 4108/4108/4108 4113/4113/4113 4112/4112/4112
f 4105/4105/4105 4114/4114/4114 4106/4106/4106
f 4115/4115/4115 4113/4113/4113 4111/4111/4111
f 4107/4107/4107 4112/4112/4112 4105/4105/4105
f 4112/4112/4112 4114/4114/4114 4105/4105/4105
f 4116/4116/4116 4117/4117/4117 4118/4118/4118
f 4119/4119/4119 4116/4116/4116 4120/4120/4120
f 4120/4120/4120 4121/4121/4121 4118/4118/4118
f 4122/4122/4122 4121/4121/4121 4120/4120/4120
f 4116/4116/4116 4122/4122/4122 4120/4120/4120
f 4119/4119/4119 4123/4123/4123 4116/4116/4116
f 4123/4123/4123 4117/4117/4117 4116/4116/4116
f 4123/4123/4123 4122/4122/4122 4117/4117/4117
f 4124/4124/4124 4125/4125/4125 4126/4126/4126
f 4126/4126/4126 4125/4125/4125 4127/4127/4127
f 4128/4128/4128 4129/4129/4129 4130/4130/4130
f 4131/4131/4131 4132/4132/4132 4129/4129/4129
f 4133/4133/4133 4134/4134/4134 4128/4128/4128
f 4130/4130/4130 4133/4133/4133 4128/4128/4128
f 4133/4133/4133 4135/4135/4135 4134/4134/4134
f 4128/4128/4128 4131/4131/4131 4129/4129/4129
f 4136/4136/4136 4137/4137/4137 4138/4138/4138
f 4139/4139/4139 4137/4137/4137 4136/4136/4136
f 4138/4138/4138 4140/4140/4140 4136/4136/4136
f 4141/4141/4141 4140/4140/4140 4138/4138/4138
f 4142/4142/4142 4143/4143/4143 4144/4144/4144
f 4145/4145/4145 4142/4142/4142 4144/4144/4144
f 4146/4146/4146 4147/4147/4147 4148/4148/4148
f 4149/4149/4149 4150/4150/4150 4148/4148/4148
f 4149/4149/4149 4148/4148/4148 4147/4147/4147
f 4151/4151/4151 4150/4150/4150 4149/4149/4149
f 4152/4152/4152 4153/4153/4153 4154/4154/4154
f 4154/4154/4154 4155/4155/4155 4152/4152/4152
f 4153/4153/4153 4152/4152/4152 4156/4156/4156
f 4152/4152/4152 4155/4155/4155 4157/4157/4157
f 4157/4157/4157 4156/4156/4156 4152/4152/4152
f 4158/4158/4158 4159/4159/4159 4160/4160/4160
f 4161/4161/4161 4158/4158/4158 4160/4160/4160
f 4162/4162/4162 4163/4163/4163 4164/4164/4164
f 4164/4164/4164 4165/4165/4165 4166/4166/4166
f 4162/4162/4162 4164/4164/4164 4166/4166/4166
f 4164/4164/4164 4167/4167/4167 4165/4165/4165
f 4165/4165/4165 4167/4167/4167 4168/4168/4168
f 4169/4169/4169 4170/4170/4170 4171/4171/4171
f 4172/4172/4172 4173/4173/4173 4171/4171/4171
f 4170/4170/4170 4172/4172/4172 4171/4171/4171
f 4172/4172/4172 4174/4174/4174 4173/4173/4173
f 4175/4175/4175 4176/4176/4176 4174/4174/4174
f 4177/4177/4177 4172/4172/4172 4170/4170/4170
f 4178/4178/4178 4176/4176/4176 4175/4175/4175
f 4177/4177/4177 4178/4178/4178 4175/4175/4175
f 4179/4179/4179 4177/4177/4177 4170/4170/4170
f 4178/4178/4178 4177/4177/4177 4179/4179/4179
f 4178/4178/4178 4180/4180/4180 4176/4176/4176
f 4179/4179/4179 4180/4180/4180 4178/4178/4178
f 4180/4180/4180 4181/4181/4181 4176/4176/4176
f 4180/4180/4180 4182/4182/4182 4181/4181/4181
f 4172/4172/4172 4175/4175/4175 4174/4174/4174
f 4183/4183/4183 4184/4184/4184 4185/4185/4185
f 4183/4183/4183 4185/4185/4185 4186/4186/4186
f 4186/4186/4186 4185/4185/4185 4187/4187/4187
f 4185/4185/4185 4188/4188/4188 4187/4187/4187
f 4189/4189/4189 4190/4190/4190 4186/4186/4186
f 4187/4187/4187 4189/4189/4189 4186/4186/4186
f 4191/4191/4191 4192/4192/4192 4193/4193/4193
f 4191/4191/4191 4194/4194/4194 4195/4195/4195
f 4195/4195/4195 4196/4196/4196 4192/4192/4192
f 4195/4195/4195 4192/4192/4192 4191/4191/4191
f 4197/4197/4197 4198/4198/4198 4199/4199/4199
f 4200/4200/4200 4201/4201/4201 4202/4202/4202
f 4200/4200/4200 4202/4202/4202 4203/4203/4203
f 4197/4197/4197 4204/4204/4204 4205/4205/4205
f 4206/4206/4206 4197/4197/4197 4205/4205/4205
f 4204/4204/4204 4197/4197/4197 4199/4199/4199
f 4207/4207/4207 4206/4206/4206 4205/4205/4205
f 4205/4205/4205 4204/4204/4204 4208/4208/4208
f 4209/4209/4209 4210/4210/4210 4206/4206/4206
f 4202/4202/4202 4199/4199/4199 4203/4203/4203
f 4210/4210/4210 4209/4209/4209 4211/4211/4211
f 4207/4207/4207 4205/4205/4205 4208/4208/4208
f 4212/4212/4212 4199/4199/4199 4202/4202/4202
f 4212/4212/4212 4204/4204/4204 4199/4199/4199
f 4212/4212/4212 4208/4208/4208 4204/4204/4204
f 4206/4206/4206 4207/4207/4207 4209/4209/4209
f 4213/4213/4213 4207/4207/4207 4208/4208/4208
f 4202/4202/4202 4201/4201/4201 4214/4214/4214
f 4212/4212/4212 4202/4202/4202 4214/4214/4214
f 4215/4215/4215 4208/4208/4208 4212/4212/4212
f 4215/4215/4215 4213/4213/4213 4208/4208/4208
f 4216/4216/4216 4209/4209/4209 4217/4217/4217
f 4214/4214/4214 4218/4218/4218 4212/4212/4212
f 4207/4207/4207 4217/4217/4217 4209/4209/4209
f 4219/4219/4219 4213/4213/4213 4215/4215/4215
f 4220/4220/4220 4216/4216/4216 4217/4217/4217
f 4215/4215/4215 4212/4212/4212 4218/4218/4218
f 4221/4221/4221 4207/4207/4207 4213/4213/4213
f 4217/4217/4217 4207/4207/4207 4221/4221/4221
f 4221/4221/4221 4213/4213/4213 4219/4219/4219
f 4222/4222/4222 4217/4217/4217 4223/4223/4223
f 4218/4218/4218 4219/4219/4219 4215/4215/4215
f 4221/4221/4221 4219/4219/4219 4224/4224/4224
f 4223/4223/4223 4217/4217/4217 4221/4221/4221
f 4225/4225/4225 4220/4220/4220 4217/4217/4217
f 4217/4217/4217 4222/4222/4222 4225/4225/4225
f 4218/4218/4218 4226/4226/4226 4219/4219/4219
f 4219/4219/4219 4226/4226/4226 4224/4224/4224
f 4227/4227/4227 4225/4225/4225 4222/4222/4222
f 4228/4228/4228 4229/4229/4229 4224/4224/4224
f 4229/4229/4229 4221/4221/4221 4224/4224/4224
f 4221/4221/4221 4229/4229/4229 4223/4223/4223
f 4230/4230/4230 4222/4222/4222 4223/4223/4223
f 4227/4227/4227 4222/4222/4222 4230/4230/4230
f 4225/4225/4225 4227/4227/4227 4231/4231/4231
f 4224/4224/4224 4226/4226/4226 4228/4228/4228
f 4231/4231/4231 4232/4232/4232 4233/4233/4233
f 4231/4231/4231 4227/4227/4227 4232/4232/4232
f 4230/4230/4230 4223/4223/4223 4234/4234/4234
f 4229/4229/4229 4234/4234/4234 4223/4223/4223
f 4235/4235/4235 4230/4230/4230 4234/4234/4234
f 4227/4227/4227 4230/4230/4230 4236/4236/4236
f 4234/4234/4234 4229/4229/4229 4237/4237/4237
f 4230/4230/4230 4238/4238/4238 4236/4236/4236
f 4229/4229/4229 4228/4228/4228 4239/4239/4239
f 4237/4237/4237 4229/4229/4229 4239/4239/4239
f 4230/4230/4230 4235/4235/4235 4240/4240/4240
f 4236/4236/4236 4238/4238/4238 4241/4241/4241
f 4242/4242/4242 4243/4243/4243 4244/4244/4244
f 4238/4238/4238 4230/4230/4230 4240/4240/4240
f 4245/4245/4245 4246/4246/4246 4244/4244/4244
f 4244/4244/4244 4247/4247/4247 4245/4245/4245
f 4248/4248/4248 4242/4242/4242 4249/4249/4249
f 4244/4244/4244 4246/4246/4246 4249/4249/4249
f 4250/4250/4250 4238/4238/4238 4240/4240/4240
f 4244/4244/4244 4249/4249/4249 4242/4242/4242
f 4251/4251/4251 4248/4248/4248 4249/4249/4249
f 4252/4252/4252 4253/4253/4253 4254/4254/4254
f 4252/4252/4252 4254/4254/4254 4255/4255/4255
f 4246/4246/4246 4256/4256/4256 4257/4257/4257
f 4246/4246/4246 4257/4257/4257 4249/4249/4249
f 4249/4249/4249 4257/4257/4257 4258/4258/4258
f 4251/4251/4251 4249/4249/4249 4258/4258/4258
f 4259/4259/4259 4252/4252/4252 4255/4255/4255
f 4250/4250/4250 4240/4240/4240 4260/4260/4260
f 4246/4246/4246 4245/4245/4245 4261/4261/4261
f 4262/4262/4262 4258/4258/4258 4257/4257/4257
f 4256/4256/4256 4263/4263/4263 4257/4257/4257
f 4262/4262/4262 4257/4257/4257 4263/4263/4263
f 4259/4259/4259 4255/4255/4255 4264/4264/4264
f 4246/4246/4246 4261/4261/4261 4265/4265/4265
f 4265/4265/4265 4256/4256/4256 4246/4246/4246
f 4263/4263/4263 4256/4256/4256 4266/4266/4266
f 4259/4259/4259 4250/4250/4250 4260/4260/4260
f 4265/4265/4265 4261/4261/4261 4267/4267/4267
f 4256/4256/4256 4268/4268/4268 4266/4266/4266
f 4269/4269/4269 4270/4270/4270 4267/4267/4267
f 4250/4250/4250 4259/4259/4259 4264/4264/4264
f 4261/4261/4261 4269/4269/4269 4267/4267/4267
f 4250/4250/4250 4264/4264/4264 4271/4271/4271
f 4256/4256/4256 4272/4272/4272 4268/4268/4268
f 4256/4256/4256 4250/4250/4250 4271/4271/4271
f 4256/4256/4256 4271/4271/4271 4272/4272/4272
f 4268/4268/4268 4273/4273/4273 4266/4266/4266
f 4266/4266/4266 4274/4274/4274 4263/4263/4263
f 4275/4275/4275 4273/4273/4273 4268/4268/4268
f 4266/4266/4266 4276/4276/4276 4274/4274/4274
f 4266/4266/4266 4273/4273/4273 4277/4277/4277
f 4278/4278/4278 4266/4266/4266 4277/4277/4277
f 4266/4266/4266 4279/4279/4279 4276/4276/4276
f 4273/4273/4273 4275/4275/4275 4280/4280/4280
f 4275/4275/4275 4281/4281/4281 4280/4280/4280
f 4278/4278/4278 4279/4279/4279 4266/4266/4266
f 4282/4282/4282 4279/4279/4279 4283/4283/4283
f 4282/4282/4282 4283/4283/4283 4284/4284/4284
f 4283/4283/4283 4279/4279/4279 4285/4285/4285
f 4278/4278/4278 4286/4286/4286 4279/4279/4279
f 4279/4279/4279 4286/4286/4286 4285/4285/4285
f 4287/4287/4287 4288/4288/4288 4289/4289/4289
f 4290/4290/4290 4288/4288/4288 4291/4291/4291
f 4292/4292/4292 4289/4289/4289 4293/4293/4293
f 4293/4293/4293 4294/4294/4294 4292/4292/4292
f 4291/4291/4291 4295/4295/4295 4290/4290/4290
f 4288/4288/4288 4287/4287/4287 4291/4291/4291
f 4289/4289/4289 4296/4296/4296 4287/4287/4287
f 4295/4295/4295 4297/4297/4297 4298/4298/4298
f 4295/4295/4295 4291/4291/4291 4299/4299/4299
f 4295/4295/4295 4299/4299/4299 4297/4297/4297
f 4289/4289/4289 4292/4292/4292 4296/4296/4296
f 4287/4287/4287 4299/4299/4299 4291/4291/4291
f 4300/4300/4300 4301/4301/4301 4293/4293/4293
f 4301/4301/4301 4294/4294/4294 4293/4293/4293
f 4297/4297/4297 4302/4302/4302 4298/4298/4298
f 4303/4303/4303 4304/4304/4304 4305/4305/4305
f 4304/4304/4304 4303/4303/4303 4306/4306/4306
f 4305/4305/4305 4304/4304/4304 4307/4307/4307
f 4294/4294/4294 4308/4308/4308 4292/4292/4292
f 4309/4309/4309 4306/4306/4306 4298/4298/4298
f 4292/4292/4292 4310/4310/4310 4296/4296/4296
f 4299/4299/4299 4311/4311/4311 4297/4297/4297
f 4301/4301/4301 4312/4312/4312 4294/4294/4294
f 4308/4308/4308 4294/4294/4294 4312/4312/4312
f 4287/4287/4287 4311/4311/4311 4299/4299/4299
f 4298/4298/4298 4302/4302/4302 4309/4309/4309
f 4287/4287/4287 4296/4296/4296 4310/4310/4310
f 4304/4304/4304 4306/4306/4306 4309/4309/4309
f 4300/4300/4300 4313/4313/4313 4301/4301/4301
f 4292/4292/4292 4308/4308/4308 4310/4310/4310
f 4304/4304/4304 4309/4309/4309 4314/4314/4314
f 4315/4315/4315 4302/4302/4302 4297/4297/4297
f 4297/4297/4297 4316/4316/4316 4315/4315/4315
f 4316/4316/4316 4297/4297/4297 4311/4311/4311
f 4301/4301/4301 4313/4313/4313 4312/4312/4312
f 4311/4311/4311 4287/4287/4287 4310/4310/4310
f 4317/4317/4317 4311/4311/4311 4310/4310/4310
f 4302/4302/4302 4315/4315/4315 4309/4309/4309
f 4316/4316/4316 4311/4311/4311 4317/4317/4317
f 4316/4316/4316 4318/4318/4318 4315/4315/4315
f 4317/4317/4317 4318/4318/4318 4316/4316/4316
f 4319/4319/4319 4320/4320/4320 4300/4300/4300
f 4313/4313/4313 4300/4300/4300 4321/4321/4321
f 4309/4309/4309 4322/4322/4322 4314/4314/4314
f 4300/4300/4300 4320/4320/4320 4321/4321/4321
f 4313/4313/4313 4323/4323/4323 4312/4312/4312
f 4322/4322/4322 4309/4309/4309 4315/4315/4315
f 4324/4324/4324 4304/4304/4304 4314/4314/4314
f 4320/4320/4320 4319/4319/4319 4325/4325/4325
f 4317/4317/4317 4310/4310/4310 4308/4308/4308
f 4322/4322/4322 4315/4315/4315 4318/4318/4318
f 4313/4313/4313 4321/4321/4321 4323/4323/4323
f 4312/4312/4312 4323/4323/4323 4326/4326/4326
f 4320/4320/4320 4325/4325/4325 4327/4327/4327
f 4312/4312/4312 4326/4326/4326 4308/4308/4308
f 4328/4328/4328 4320/4320/4320 4327/4327/4327
f 4308/4308/4308 4329/4329/4329 4317/4317/4317
f 4326/4326/4326 4330/4330/4330 4308/4308/4308
f 4320/4320/4320 4328/4328/4328 4321/4321/4321
f 4331/4331/4331 4329/4329/4329 4308/4308/4308
f 4325/4325/4325 4332/4332/4332 4327/4327/4327
f 4321/4321/4321 4333/4333/4333 4323/4323/4323
f 4317/4317/4317 4334/4334/4334 4318/4318/4318
f 4321/4321/4321 4328/4328/4328 4333/4333/4333
f 4314/4314/4314 4322/4322/4322 4335/4335/4335
f 4332/4332/4332 4328/4328/4328 4327/4327/4327
f 4323/4323/4323 4333/4333/4333 4326/4326/4326
f 4308/4308/4308 4330/4330/4330 4331/4331/4331
f 4335/4335/4335 4322/4322/4322 4318/4318/4318
f 4336/4336/4336 4337/4337/4337 4338/4338/4338
f 4339/4339/4339 4340/4340/4340 4338/4338/4338
f 4337/4337/4337 4341/4341/4341 4342/4342/4342
f 4343/4343/4343 4334/4334/4334 4317/4317/4317
f 4325/4325/4325 4342/4342/4342 4341/4341/4341
f 4340/4340/4340 4336/4336/4336 4338/4338/4338
f 4340/4340/4340 4339/4339/4339 4344/4344/4344
f 4337/4337/4337 4345/4345/4345 4341/4341/4341
f 4332/4332/4332 4346/4346/4346 4328/4328/4328
f 4333/4333/4333 4347/4347/4347 4326/4326/4326
f 4333/4333/4333 4328/4328/4328 4348/4348/4348
f 4326/4326/4326 4349/4349/4349 4330/4330/4330
f 4337/4337/4337 4336/4336/4336 4345/4345/4345
f 4347/4347/4347 4349/4349/4349 4326/4326/4326
f 4333/4333/4333 4348/4348/4348 4347/4347/4347
f 4329/4329/4329 4343/4343/4343 4317/4317/4317
f 4350/4350/4350 4340/4340/4340 4344/4344/4344
f 4331/4331/4331 4330/4330/4330 4351/4351/4351
f 4349/4349/4349 4351/4351/4351 4330/4330/4330
f 4318/4318/4318 4334/4334/4334 4352/4352/4352
f 4350/4350/4350 4353/4353/4353 4340/4340/4340
f 4354/4354/4354 4336/4336/4336 4340/4340/4340
f 4328/4328/4328 4346/4346/4346 4348/4348/4348
f 4341/4341/4341 4345/4345/4345 4355/4355/4355
f 4341/4341/4341 4356/4356/4356 4325/4325/4325
f 4357/4357/4357 4345/4345/4345 4336/4336/4336
f 4332/4332/4332 4325/4325/4325 4356/4356/4356
f 4346/4346/4346 4332/4332/4332 4356/4356/4356
f 4348/4348/4348 4358/4358/4358 4347/4347/4347
f 4329/4329/4329 4359/4359/4359 4343/4343/4343
f 4340/4340/4340 4360/4360/4360 4354/4354/4354
f 4341/4341/4341 4361/4361/4361 4356/4356/4356
f 4348/4348/4348 4346/4346/4346 4362/4362/4362
f 4358/4358/4358 4349/4349/4349 4347/4347/4347
f 4353/4353/4353 4363/4363/4363 4340/4340/4340
f 4336/4336/4336 4354/4354/4354 4357/4357/4357
f 4355/4355/4355 4361/4361/4361 4341/4341/4341
f 4346/4346/4346 4356/4356/4356 4364/4364/4364
f 4343/4343/4343 4365/4365/4365 4334/4334/4334
f 4331/4331/4331 4351/4351/4351 4329/4329/4329
f 4366/4366/4366 4360/4360/4360 4340/4340/4340
f 4357/4357/4357 4355/4355/4355 4345/4345/4345
f 4356/4356/4356 4361/4361/4361 4367/4367/4367
f 4340/4340/4340 4363/4363/4363 4366/4366/4366
f 4334/4334/4334 4365/4365/4365 4352/4352/4352
f 4346/4346/4346 4364/4364/4364 4362/4362/4362
f 4329/4329/4329 4351/4351/4351 4368/4368/4368
f 4355/4355/4355 4369/4369/4369 4361/4361/4361
f 4361/4361/4361 4369/4369/4369 4367/4367/4367
f 4354/4354/4354 4370/4370/4370 4357/4357/4357
f 4329/4329/4329 4368/4368/4368 4359/4359/4359
f 4348/4348/4348 4362/4362/4362 4358/4358/4358
f 4359/4359/4359 4365/4365/4365 4343/4343/4343
f 4356/4356/4356 4367/4367/4367 4364/4364/4364
f 4366/4366/4366 4371/4371/4371 4360/4360/4360
f 4363/4363/4363 4353/4353/4353 4372/4372/4372
f 4357/4357/4357 4373/4373/4373 4355/4355/4355
f 4369/4369/4369 4355/4355/4355 4373/4373/4373
f 4371/4371/4371 4354/4354/4354 4360/4360/4360
f 4373/4373/4373 4357/4357/4357 4370/4370/4370
f 4358/4358/4358 4362/4362/4362 4374/4374/4374
f 4349/4349/4349 4358/4358/4358 4351/4351/4351
f 4369/4369/4369 4364/4364/4364 4367/4367/4367
f 4368/4368/4368 4375/4375/4375 4359/4359/4359
f 4366/4366/4366 4363/4363/4363 4372/4372/4372
f 4353/4353/4353 4376/4376/4376 4372/4372/4372
f 4354/4354/4354 4377/4377/4377 4370/4370/4370
f 4366/4366/4366 4372/4372/4372 4378/4378/4378
f 4366/4366/4366 4379/4379/4379 4371/4371/4371
f 4358/4358/4358 4374/4374/4374 4351/4351/4351
f 4380/4380/4380 4352/4352/4352 4365/4365/4365
f 4369/4369/4369 4373/4373/4373 4381/4381/4381
f 4375/4375/4375 4365/4365/4365 4359/4359/4359
f 4366/4366/4366 4378/4378/4378 4379/4379/4379
f 4371/4371/4371 4377/4377/4377 4354/4354/4354
f 4362/4362/4362 4364/4364/4364 4382/4382/4382
f 4374/4374/4374 4362/4362/4362 4382/4382/4382
f 4382/4382/4382 4364/4364/4364 4369/4369/4369
f 4380/4380/4380 4383/4383/4383 4352/4352/4352
f 4370/4370/4370 4384/4384/4384 4373/4373/4373
f 4369/4369/4369 4385/4385/4385 4382/4382/4382
f 4374/4374/4374 4382/4382/4382 4385/4385/4385
f 4368/4368/4368 4386/4386/4386 4375/4375/4375
f 4365/4365/4365 4387/4387/4387 4380/4380/4380
f 4369/4369/4369 4381/4381/4381 4388/4388/4388
f 4384/4384/4384 4370/4370/4370 4377/4377/4377
f 4373/4373/4373 4384/4384/4384 4381/4381/4381
f 4365/4365/4365 4375/4375/4375 4389/4389/4389
f 4369/4369/4369 4388/4388/4388 4390/4390/4390
f 4380/4380/4380 4387/4387/4387 4383/4383/4383
f 4385/4385/4385 4369/4369/4369 4390/4390/4390
f 4374/4374/4374 4385/4385/4385 4351/4351/4351
f 4389/4389/4389 4387/4387/4387 4365/4365/4365
f 4351/4351/4351 4386/4386/4386 4368/4368/4368
f 4375/4375/4375 4386/4386/4386 4389/4389/4389
f 4391/4391/4391 4392/4392/4392 4393/4393/4393
f 4392/4392/4392 4394/4394/4394 4395/4395/4395
f 4392/4392/4392 4395/4395/4395 4393/4393/4393
f 4396/4396/4396 4397/4397/4397 4391/4391/4391
f 4398/4398/4398 4395/4395/4395 4394/4394/4394
f 4399/4399/4399 4398/4398/4398 4394/4394/4394
f 4400/4400/4400 4399/4399/4399 4401/4401/4401
f 4395/4395/4395 4402/4402/4402 4393/4393/4393
f 4398/4398/4398 4399/4399/4399 4400/4400/4400
f 4403/4403/4403 4398/4398/4398 4400/4400/4400
f 4404/4404/4404 4403/4403/4403 4400/4400/4400
f 4400/4400/4400 4405/4405/4405 4404/4404/4404
f 4405/4405/4405 4400/4400/4400 4401/4401/4401
f 4406/4406/4406 4396/4396/4396 4391/4391/4391
f 4393/4393/4393 4406/4406/4406 4391/4391/4391
f 4402/4402/4402 4407/4407/4407 4393/4393/4393
f 4398/4398/4398 4402/4402/4402 4395/4395/4395
f 4403/4403/4403 4402/4402/4402 4398/4398/4398
f 4408/4408/4408 4403/4403/4403 4404/4404/4404
f 4406/4406/4406 4409/4409/4409 4396/4396/4396
f 4402/4402/4402 4410/4410/4410 4407/4407/4407
f 4408/4408/4408 4404/4404/4404 4411/4411/4411
f 4411/4411/4411 4404/4404/4404 4405/4405/4405
f 4412/4412/4412 4405/4405/4405 4401/4401/4401
f 4413/4413/4413 4407/4407/4407 4410/4410/4410
f 4403/4403/4403 4410/4410/4410 4402/4402/4402
f 4414/4414/4414 4411/4411/4411 4405/4405/4405
f 4414/4414/4414 4405/4405/4405 4412/4412/4412
f 4413/4413/4413 4415/4415/4415 4407/4407/4407
f 4414/4414/4414 4412/4412/4412 4416/4416/4416
f 4417/4417/4417 4413/4413/4413 4418/4418/4418
f 4413/4413/4413 4419/4419/4419 4415/4415/4415
f 4420/4420/4420 4419/4419/4419 4413/4413/4413
f 4421/4421/4421 4422/4422/4422 4423/4423/4423
f 4424/4424/4424 4416/4416/4416 4425/4425/4425
f 4414/4414/4414 4416/4416/4416 4424/4424/4424
f 4422/4422/4422 4415/4415/4415 4419/4419/4419
f 4421/4421/4421 4423/4423/4423 4426/4426/4426
f 4427/4427/4427 4417/4417/4417 4418/4418/4418
f 4423/4423/4423 4422/4422/4422 4428/4428/4428
f 4422/4422/4422 4419/4419/4419 4428/4428/4428
f 4420/4420/4420 4413/4413/4413 4417/4417/4417
f 4429/4429/4429 4417/4417/4417 4427/4427/4427
f 4420/4420/4420 4417/4417/4417 4430/4430/4430
f 4419/4419/4419 4420/4420/4420 4428/4428/4428
f 4428/4428/4428 4431/4431/4431 4423/4423/4423
f 4420/4420/4420 4430/4430/4430 4428/4428/4428
f 4432/4432/4432 4423/4423/4423 4433/4433/4433
f 4434/4434/4434 4417/4417/4417 4429/4429/4429
f 4423/4423/4423 4431/4431/4431 4433/4433/4433
f 4430/4430/4430 4417/4417/4417 4434/4434/4434
f 4434/4434/4434 4429/4429/4429 4435/4435/4435
f 4431/4431/4431 4428/4428/4428 4430/4430/4430
f 4433/4433/4433 4431/4431/4431 4436/4436/4436
f 4434/4434/4434 4435/4435/4435 4437/4437/4437
f 4437/4437/4437 4430/4430/4430 4434/4434/4434
f 4438/4438/4438 4433/4433/4433 4436/4436/4436
f 4438/4438/4438 4439/4439/4439 4433/4433/4433
f 4440/4440/4440 4437/4437/4437 4435/4435/4435
f 4436/4436/4436 4431/4431/4431 4441/4441/4441
f 4431/4431/4431 4430/4430/4430 4441/4441/4441
f 4442/4442/4442 4438/4438/4438 4436/4436/4436
f 4443/4443/4443 4441/4441/4441 4430/4430/4430
f 4437/4437/4437 4443/4443/4443 4430/4430/4430
f 4444/4444/4444 4437/4437/4437 4440/4440/4440
f 4436/4436/4436 4441/4441/4441 4442/4442/4442
f 4442/4442/4442 4439/4439/4439 4438/4438/4438
f 4445/4445/4445 4437/4437/4437 4444/4444/4444
f 4446/4446/4446 4439/4439/4439 4447/4447/4447
f 4443/4443/4443 4437/4437/4437 4448/4448/4448
f 4441/4441/4441 4443/4443/4443 4449/4449/4449
f 4450/4450/4450 4439/4439/4439 4442/4442/4442
f 4445/4445/4445 4448/4448/4448 4437/4437/4437
f 4451/4451/4451 4443/4443/4443 4452/4452/4452
f 4441/4441/4441 4450/4450/4450 4442/4442/4442
f 4449/4449/4449 4443/4443/4443 4451/4451/4451
f 4448/4448/4448 4452/4452/4452 4443/4443/4443
f 4453/4453/4453 4450/4450/4450 4441/4441/4441
f 4454/4454/4454 4452/4452/4452 4448/4448/4448
f 4449/4449/4449 4453/4453/4453 4441/4441/4441
f 4447/4447/4447 4439/4439/4439 4450/4450/4450
f 4454/4454/4454 4451/4451/4451 4452/4452/4452
f 4455/4455/4455 4446/4446/4446 4447/4447/4447
f 4456/4456/4456 4454/4454/4454 4457/4457/4457
f 4455/4455/4455 4447/4447/4447 4458/4458/4458
f 4450/4450/4450 4458/4458/4458 4447/4447/4447
f 4450/4450/4450 4453/4453/4453 4459/4459/4459
f 4460/4460/4460 4451/4451/4451 4454/4454/4454
f 4461/4461/4461 4455/4455/4455 4458/4458/4458
f 4456/4456/4456 4460/4460/4460 4454/4454/4454
f 4456/4456/4456 4462/4462/4462 4460/4460/4460
f 4459/4459/4459 4453/4453/4453 4463/4463/4463
f 4450/4450/4450 4459/4459/4459 4458/4458/4458
f 4449/4449/4449 4451/4451/4451 4464/4464/4464
f 4460/4460/4460 4464/4464/4464 4451/4451/4451
f 4458/4458/4458 4459/4459/4459 4465/4465/4465
f 4463/4463/4463 4453/4453/4453 4449/4449/4449
f 4463/4463/4463 4465/4465/4465 4459/4459/4459
f 4464/4464/4464 4463/4463/4463 4449/4449/4449
f 4462/4462/4462 4466/4466/4466 4460/4460/4460
f 4467/4467/4467 4463/4463/4463 4464/4464/4464
f 4461/4461/4461 4458/4458/4458 4465/4465/4465
f 4465/4465/4465 4463/4463/4463 4467/4467/4467
f 4468/4468/4468 4469/4469/4469 4470/4470/4470
f 4470/4470/4470 4469/4469/4469 4471/4471/4471
f 4472/4472/4472 4473/4473/4473 4474/4474/4474
f 4475/4475/4475 4469/4469/4469 4476/4476/4476
f 4477/4477/4477 4469/4469/4469 4475/4475/4475
f 4477/4477/4477 4471/4471/4471 4469/4469/4469
f 4478/4478/4478 4479/4479/4479 4472/4472/4472
f 4471/4471/4471 4472/4472/4472 4474/4474/4474
f 4480/4480/4480 4471/4471/4471 4477/4477/4477
f 4481/4481/4481 4478/4478/4478 4472/4472/4472
f 4482/4482/4482 4472/4472/4472 4471/4471/4471
f 4480/4480/4480 4482/4482/4482 4471/4471/4471
f 4482/4482/4482 4481/4481/4481 4472/4472/4472
f 4476/4476/4476 4483/4483/4483 4484/4484/4484
f 4485/4485/4485 4477/4477/4477 4475/4475/4475
f 4486/4486/4486 4476/4476/4476 4484/4484/4484
f 4475/4475/4475 4476/4476/4476 4486/4486/4486
f 4483/4483/4483 4487/4487/4487 4488/4488/4488
f 4483/4483/4483 4488/4488/4488 4484/4484/4484
f 4489/4489/4489 4488/4488/4488 4487/4487/4487
f 4484/4484/4484 4488/4488/4488 4486/4486/4486
f 4486/4486/4486 4490/4490/4490 4475/4475/4475
f 4488/4488/4488 4491/4491/4491 4486/4486/4486
f 4492/4492/4492 4488/4488/4488 4489/4489/4489
f 4492/4492/4492 4493/4493/4493 4488/4488/4488
f 4490/4490/4490 4494/4494/4494 4495/4495/4495
f 4490/4490/4490 4486/4486/4486 4494/4494/4494
f 4491/4491/4491 4488/4488/4488 4493/4493/4493
f 4495/4495/4495 4494/4494/4494 4496/4496/4496
f 4497/4497/4497 4498/4498/4498 4492/4492/4492
f 4499/4499/4499 4494/4494/4494 4486/4486/4486
f 4492/4492/4492 4498/4498/4498 4493/4493/4493
f 4491/4491/4491 4499/4499/4499 4486/4486/4486
f 4500/4500/4500 4501/4501/4501 4494/4494/4494
f 4502/4502/4502 4499/4499/4499 4491/4491/4491
f 4502/4502/4502 4503/4503/4503 4499/4499/4499
f 4503/4503/4503 4494/4494/4494 4499/4499/4499
f 4500/4500/4500 4494/4494/4494 4503/4503/4503
f 4504/4504/4504 4505/4505/4505 4506/4506/4506
f 4507/4507/4507 4508/4508/4508 4505/4505/4505
f 4509/4509/4509 4510/4510/4510 4504/4504/4504
f 4505/4505/4505 4504/4504/4504 4510/4510/4510
f 4511/4511/4511 4512/4512/4512 4513/4513/4513
f 4511/4511/4511 4508/4508/4508 4507/4507/4507
f 4511/4511/4511 4507/4507/4507 4512/4512/4512
f 4514/4514/4514 4507/4507/4507 4505/4505/4505
f 4505/4505/4505 4510/4510/4510 4514/4514/4514
f 4513/4513/4513 4512/4512/4512 4515/4515/4515
f 4512/4512/4512 4507/4507/4507 4516/4516/4516
f 4517/4517/4517 4518/4518/4518 4519/4519/4519
f 4514/4514/4514 4520/4520/4520 4507/4507/4507
f 4515/4515/4515 4521/4521/4521 4517/4517/4517
f 4510/4510/4510 4522/4522/4522 4514/4514/4514
f 4515/4515/4515 4512/4512/4512 4521/4521/4521
f 4522/4522/4522 4523/4523/4523 4514/4514/4514
f 4518/4518/4518 4524/4524/4524 4519/4519/4519
f 4518/4518/4518 4517/4517/4517 4521/4521/4521
f 4507/4507/4507 4520/4520/4520 4516/4516/4516
f 4518/4518/4518 4525/4525/4525 4524/4524/4524
f 4526/4526/4526 4525/4525/4525 4518/4518/4518
f 4514/4514/4514 4523/4523/4523 4520/4520/4520
f 4527/4527/4527 4526/4526/4526 4518/4518/4518
f 4516/4516/4516 4521/4521/4521 4512/4512/4512
f 4528/4528/4528 4526/4526/4526 4527/4527/4527
f 4527/4527/4527 4518/4518/4518 4529/4529/4529
f 4521/4521/4521 4516/4516/4516 4530/4530/4530
f 4521/4521/4521 4529/4529/4529 4518/4518/4518
f 4528/4528/4528 4527/4527/4527 4531/4531/4531
f 4527/4527/4527 4529/4529/4529 4531/4531/4531
f 4520/4520/4520 4523/4523/4523 4532/4532/4532
f 4522/4522/4522 4533/4533/4533 4523/4523/4523
f 4534/4534/4534 4521/4521/4521 4530/4530/4530
f 4535/4535/4535 4533/4533/4533 4522/4522/4522
f 4529/4529/4529 4521/4521/4521 4534/4534/4534
f 4531/4531/4531 4529/4529/4529 4536/4536/4536
f 4537/4537/4537 4529/4529/4529 4534/4534/4534
f 4534/4534/4534 4530/4530/4530 4538/4538/4538
f 4536/4536/4536 4529/4529/4529 4537/4537/4537
f 4523/4523/4523 4533/4533/4533 4532/4532/4532
f 4539/4539/4539 4516/4516/4516 4540/4540/4540
f 4541/4541/4541 4536/4536/4536 4537/4537/4537
f 4542/4542/4542 4531/4531/4531 4536/4536/4536
f 4543/4543/4543 4540/4540/4540 4516/4516/4516
f 4516/4516/4516 4520/4520/4520 4543/4543/4543
f 4516/4516/4516 4539/4539/4539 4530/4530/4530
f 4542/4542/4542 4544/4544/4544 4531/4531/4531
f 4532/4532/4532 4533/4533/4533 4545/4545/4545
f 4530/4530/4530 4539/4539/4539 4538/4538/4538
f 4546/4546/4546 4541/4541/4541 4537/4537/4537
f 4543/4543/4543 4520/4520/4520 4547/4547/4547
f 4532/4532/4532 4547/4547/4547 4520/4520/4520
f 4548/4548/4548 4549/4549/4549 4550/4550/4550
f 4551/4551/4551 4552/4552/4552 4553/4553/4553
f 4552/4552/4552 4550/4550/4550 4554/4554/4554
f 4555/4555/4555 4551/4551/4551 4556/4556/4556
f 4550/4550/4550 4549/4549/4549 4557/4557/4557
f 4552/4552/4552 4554/4554/4554 4553/4553/4553
f 4554/4554/4554 4550/4550/4550 4558/4558/4558
f 4557/4557/4557 4549/4549/4549 4559/4559/4559
f 4550/4550/4550 4557/4557/4557 4558/4558/4558
f 4551/4551/4551 4553/4553/4553 4556/4556/4556
f 4560/4560/4560 4557/4557/4557 4559/4559/4559
f 4556/4556/4556 4561/4561/4561 4562/4562/4562
f 4563/4563/4563 4564/4564/4564 4565/4565/4565
f 4561/4561/4561 4556/4556/4556 4553/4553/4553
f 4565/4565/4565 4564/4564/4564 4566/4566/4566
f 4558/4558/4558 4557/4557/4557 4567/4567/4567
f 4565/4565/4565 4560/4560/4560 4563/4563/4563
f 4566/4566/4566 4564/4564/4564 4568/4568/4568
f 4565/4565/4565 4569/4569/4569 4560/4560/4560
f 4560/4560/4560 4569/4569/4569 4567/4567/4567
f 4557/4557/4557 4560/4560/4560 4567/4567/4567
f 4570/4570/4570 4565/4565/4565 4566/4566/4566
f 4569/4569/4569 4565/4565/4565 4570/4570/4570
f 4566/4566/4566 4568/4568/4568 4571/4571/4571
f 4569/4569/4569 4572/4572/4572 4567/4567/4567
f 4572/4572/4572 4569/4569/4569 4570/4570/4570
f 4570/4570/4570 4566/4566/4566 4573/4573/4573
f 4567/4567/4567 4572/4572/4572 4574/4574/4574
f 4575/4575/4575 4553/4553/4553 4554/4554/4554
f 4573/4573/4573 4566/4566/4566 4571/4571/4571
f 4567/4567/4567 4576/4576/4576 4558/4558/4558
f 4575/4575/4575 4577/4577/4577 4553/4553/4553
f 4574/4574/4574 4576/4576/4576 4567/4567/4567
f 4573/4573/4573 4572/4572/4572 4570/4570/4570
f 4577/4577/4577 4561/4561/4561 4553/4553/4553
f 4554/4554/4554 4558/4558/4558 4575/4575/4575
f 4562/4562/4562 4561/4561/4561 4578/4578/4578
f 4561/4561/4561 4579/4579/4579 4578/4578/4578
f 4573/4573/4573 4574/4574/4574 4572/4572/4572
f 4573/4573/4573 4571/4571/4571 4580/4580/4580
f 4581/4581/4581 4576/4576/4576 4574/4574/4574
f 4582/4582/4582 4581/4581/4581 4574/4574/4574
f 4573/4573/4573 4580/4580/4580 4583/4583/4583
f 4582/4582/4582 4574/4574/4574 4573/4573/4573
f 4561/4561/4561 4577/4577/4577 4579/4579/4579
f 4584/4584/4584 4582/4582/4582 4573/4573/4573
f 4575/4575/4575 4558/4558/4558 4585/4585/4585
f 4576/4576/4576 4581/4581/4581 4586/4586/4586
f 4576/4576/4576 4586/4586/4586 4558/4558/4558
f 4584/4584/4584 4573/4573/4573 4583/4583/4583
f 4587/4587/4587 4588/4588/4588 4584/4584/4584
f 4587/4587/4587 4589/4589/4589 4588/4588/4588
f 4590/4590/4590 4583/4583/4583 4580/4580/4580
f 4584/4584/4584 4591/4591/4591 4587/4587/4587
f 4591/4591/4591 4584/4584/4584 4583/4583/4583
f 4590/4590/4590 4591/4591/4591 4583/4583/4583
f 4586/4586/4586 4585/4585/4585 4558/4558/4558
f 4577/4577/4577 4575/4575/4575 4579/4579/4579
f 4591/4591/4591 4592/4592/4592 4587/4587/4587
f 4591/4591/4591 4590/4590/4590 4593/4593/4593
f 4593/4593/4593 4592/4592/4592 4591/4591/4591
f 4593/4593/4593 4590/4590/4590 4594/4594/4594
f 4593/4593/4593 4594/4594/4594 4595/4595/4595
f 4586/4586/4586 4596/4596/4596 4585/4585/4585
f 4592/4592/4592 4593/4593/4593 4595/4595/4595
f 4595/4595/4595 4597/4597/4597 4592/4592/4592
f 4598/4598/4598 4599/4599/4599 4600/4600/4600
f 4601/4601/4601 4602/4602/4602 4603/4603/4603
f 4604/4604/4604 4602/4602/4602 4601/4601/4601
f 4598/4598/4598 4600/4600/4600 4605/4605/4605
f 4603/4603/4603 4598/4598/4598 4605/4605/4605
f 4605/4605/4605 4601/4601/4601 4603/4603/4603
f 4606/4606/4606 4605/4605/4605 4600/4600/4600
f 4604/4604/4604 4601/4601/4601 4607/4607/4607
f 4605/4605/4605 4607/4607/4607 4601/4601/4601
f 4607/4607/4607 4608/4608/4608 4604/4604/4604
f 4605/4605/4605 4609/4609/4609 4607/4607/4607
f 4606/4606/4606 4610/4610/4610 4605/4605/4605
f 4605/4605/4605 4610/4610/4610 4609/4609/4609
f 4607/4607/4607 4609/4609/4609 4611/4611/4611
f 4612/4612/4612 4613/4613/4613 4614/4614/4614
f 4612/4612/4612 4609/4609/4609 4610/4610/4610
f 4613/4613/4613 4615/4615/4615 4614/4614/4614
f 4609/4609/4609 4612/4612/4612 4616/4616/4616
f 4617/4617/4617 4611/4611/4611 4609/4609/4609
f 4611/4611/4611 4617/4617/4617 4618/4618/4618
f 4619/4619/4619 4612/4612/4612 4614/4614/4614
f 4617/4617/4617 4609/4609/4609 4616/4616/4616
f 4619/4619/4619 4616/4616/4616 4612/4612/4612
f 4617/4617/4617 4620/4620/4620 4618/4618/4618
f 4615/4615/4615 4621/4621/4621 4614/4614/4614
f 4620/4620/4620 4617/4617/4617 4622/4622/4622
f 4616/4616/4616 4623/4623/4623 4617/4617/4617
f 4623/4623/4623 4622/4622/4622 4617/4617/4617
f 4624/4624/4624 4619/4619/4619 4614/4614/4614
f 4621/4621/4621 4624/4624/4624 4614/4614/4614
f 4623/4623/4623 4616/4616/4616 4619/4619/4619
f 4625/4625/4625 4623/4623/4623 4626/4626/4626
f 4619/4619/4619 4627/4627/4627 4623/4623/4623
f 4623/4623/4623 4627/4627/4627 4626/4626/4626
f 4619/4619/4619 4624/4624/4624 4628/4628/4628
f 4627/4627/4627 4625/4625/4625 4626/4626/4626
f 4619/4619/4619 4629/4629/4629 4627/4627/4627
f 4619/4619/4619 4628/4628/4628 4629/4629/4629
f 4630/4630/4630 4625/4625/4625 4627/4627/4627
f 4630/4630/4630 4627/4627/4627 4629/4629/4629
f 4625/4625/4625 4630/4630/4630 4631/4631/4631
f 4632/4632/4632 4633/4633/4633 4634/4634/4634
f 4632/4632/4632 4634/4634/4634 4635/4635/4635
f 4634/4634/4634 4633/4633/4633 4636/4636/4636
f 4635/4635/4635 4634/4634/4634 4629/4629/4629
f 4630/4630/4630 4637/4637/4637 4638/4638/4638
f 4631/4631/4631 4630/4630/4630 4638/4638/4638
f 4636/4636/4636 4633/4633/4633 4639/4639/4639
f 4630/4630/4630 4629/4629/4629 4637/4637/4637
f 4639/4639/4639 4640/4640/4640 4636/4636/4636
f 4634/4634/4634 4637/4637/4637 4629/4629/4629
f 4637/4637/4637 4641/4641/4641 4642/4642/4642
f 4638/4638/4638 4637/4637/4637 4642/4642/4642
f 4634/4634/4634 4636/4636/4636 4637/4637/4637
f 4643/4643/4643 4636/4636/4636 4640/4640/4640
f 4643/4643/4643 4644/4644/4644 4636/4636/4636
f 4637/4637/4637 4636/4636/4636 4641/4641/4641
f 4636/4636/4636 4644/4644/4644 4641/4641/4641
f 4641/4641/4641 4644/4644/4644 4645/4645/4645
f 4644/4644/4644 4646/4646/4646 4645/4645/4645
f 4643/4643/4643 4646/4646/4646 4644/4644/4644
f 4643/4643/4643 4640/4640/4640 4647/4647/4647
f 4643/4643/4643 4648/4648/4648 4646/4646/4646
f 4646/4646/4646 4648/4648/4648 4649/4649/4649
f 4643/4643/4643 4647/4647/4647 4650/4650/4650
f 4643/4643/4643 4650/4650/4650 4648/4648/4648
f 4648/4648/4648 4651/4651/4651 4649/4649/4649
f 4648/4648/4648 4650/4650/4650 4652/4652/4652
f 4647/4647/4647 4653/4653/4653 4650/4650/4650
f 4648/4648/4648 4652/4652/4652 4651/4651/4651
f 4651/4651/4651 4654/4654/4654 4655/4655/4655
f 4650/4650/4650 4653/4653/4653 4652/4652/4652
f 4651/4651/4651 4652/4652/4652 4654/4654/4654
f 4656/4656/4656 4652/4652/4652 4653/4653/4653
f 4657/4657/4657 4658/4658/4658 4659/4659/4659
f 4652/4652/4652 4656/4656/4656 4654/4654/4654
f 4653/4653/4653 4658/4658/4658 4657/4657/4657
f 4656/4656/4656 4660/4660/4660 4654/4654/4654
f 4661/4661/4661 4662/4662/4662 4663/4663/4663
f 4664/4664/4664 4653/4653/4653 4657/4657/4657
f 4664/4664/4664 4656/4656/4656 4653/4653/4653
f 4665/4665/4665 4657/4657/4657 4659/4659/4659
f 4662/4662/4662 4661/4661/4661 4666/4666/4666
f 4665/4665/4665 4659/4659/4659 4667/4667/4667
f 4664/4664/4664 4660/4660/4660 4656/4656/4656
f 4662/4662/4662 4666/4666/4666 4667/4667/4667
f 4665/4665/4665 4667/4667/4667 4666/4666/4666
f 4668/4668/4668 4669/4669/4669 4670/4670/4670
f 4671/4671/4671 4672/4672/4672 4668/4668/4668
f 4672/4672/4672 4669/4669/4669 4668/4668/4668
f 4673/4673/4673 4672/4672/4672 4671/4671/4671
f 4671/4671/4671 4674/4674/4674 4673/4673/4673
f 4675/4675/4675 4673/4673/4673 4674/4674/4674
f 4676/4676/4676 4673/4673/4673 4675/4675/4675
f 4677/4677/4677 4669/4669/4669 4678/4678/4678
f 4679/4679/4679 4669/4669/4669 4672/4672/4672
f 4679/4679/4679 4672/4672/4672 4673/4673/4673
f 4678/4678/4678 4669/4669/4669 4679/4679/4679
f 4673/4673/4673 4676/4676/4676 4680/4680/4680
f 4679/4679/4679 4673/4673/4673 4680/4680/4680
f 4680/4680/4680 4676/4676/4676 4681/4681/4681
f 4682/4682/4682 4681/4681/4681 4683/4683/4683
f 4676/4676/4676 4683/4683/4683 4681/4681/4681
f 4681/4681/4681 4684/4684/4684 4680/4680/4680
f 4678/4678/4678 4679/4679/4679 4685/4685/4685
f 4680/4680/4680 4686/4686/4686 4679/4679/4679
f 4686/4686/4686 4680/4680/4680 4684/4684/4684
f 4678/4678/4678 4685/4685/4685 4687/4687/4687
f 4684/4684/4684 4688/4688/4688 4686/4686/4686
f 4685/4685/4685 4679/4679/4679 4686/4686/4686
f 4689/4689/4689 4687/4687/4687 4690/4690/4690
f 4685/4685/4685 4690/4690/4690 4687/4687/4687
f 4687/4687/4687 4691/4691/4691 4678/4678/4678
f 4692/4692/4692 4686/4686/4686 4688/4688/4688
